timestamp,frame_total_ms,yolo_preprocess_ms,yolo_inference_ms,yolo_nms_ms,pose_crop_ms,pose_preprocess_ms,pose_inference_ms,pose_postprocess_ms,pose_skipped,ram_mb,thermal_status,fps_1s_window,mode,device,gpu_mode
2026-04-22 16:39:24.957,193.873,137.870,25.626,24.439,0.000,0.000,0.000,0.000,true,18.199,NONE,0,sequential_yolo_pose,SM-S906U1,GPU
2026-04-22 16:39:25.044,79.056,17.468,20.442,27.993,0.831,3.657,5.943,0.366,false,21.461,NONE,0,sequential_yolo_pose,SM-S906U1,GPU
2026-04-22 16:39:25.107,58.174,18.242,20.038,0.625,0.992,7.049,5.713,2.426,false,38.406,NONE,0,sequential_yolo_pose,SM-S906U1,GPU
2026-04-22 16:39:25.158,46.295,22.000,20.472,0.275,0.000,0.000,0.000,0.000,true,26.422,NONE,0,sequential_yolo_pose,SM-S906U1,GPU
2026-04-22 16:39:25.231,60.126,22.277,21.411,0.681,0.941,5.333,5.221,0.133,false,21.844,NONE,0,sequential_yolo_pose,SM-S906U1,GPU
2026-04-22 16:39:25.294,57.032,21.000,20.840,0.531,0.875,5.376,4.996,0.270,false,38.766,NONE,5,sequential_yolo_pose,SM-S906U1,GPU
2026-04-22 16:39:25.358,59.831,21.050,21.321,0.795,1.112,5.465,4.985,0.128,false,29.723,NONE,5,sequential_yolo_pose,SM-S906U1,GPU
2026-04-22 16:39:25.424,59.870,20.890,20.937,0.701,0.900,4.974,4.985,0.192,false,20.172,NONE,5,sequential_yolo_pose,SM-S906U1,GPU
2026-04-22 16:39:25.487,58.715,21.958,22.153,0.587,0.842,5.141,4.999,0.122,false,20.227,NONE,5,sequential_yolo_pose,SM-S906U1,GPU
2026-04-22 16:39:25.549,59.425,22.070,22.273,0.594,0.893,4.698,5.967,0.136,false,20.160,NONE,5,sequential_yolo_pose,SM-S906U1,GPU
2026-04-22 16:39:25.620,66.644,23.576,23.626,0.994,2.345,7.569,5.230,0.196,false,20.160,NONE,5,sequential_yolo_pose,SM-S906U1,GPU
2026-04-22 16:39:25.686,61.460,24.174,20.547,1.306,1.025,5.636,4.844,0.141,false,20.215,NONE,5,sequential_yolo_pose,SM-S906U1,GPU
2026-04-22 16:39:25.735,45.283,22.069,20.443,0.231,0.000,0.000,0.000,0.000,true,16.875,NONE,5,sequential_yolo_pose,SM-S906U1,GPU
2026-04-22 16:39:25.799,58.892,20.481,21.332,0.650,0.815,6.641,6.039,0.151,false,33.852,NONE,5,sequential_yolo_pose,SM-S906U1,GPU
2026-04-22 16:39:25.868,61.356,23.438,21.365,0.498,0.904,5.575,5.888,0.133,false,30.090,NONE,5,sequential_yolo_pose,SM-S906U1,GPU
2026-04-22 16:39:25.937,61.126,22.392,20.570,0.646,0.957,6.528,5.821,0.179,false,29.375,NONE,5,sequential_yolo_pose,SM-S906U1,GPU
2026-04-22 16:39:25.990,45.717,22.128,20.410,0.192,0.000,0.000,0.000,0.000,true,26.266,NONE,5,sequential_yolo_pose,SM-S906U1,GPU
2026-04-22 16:39:26.046,51.508,26.912,21.078,0.226,0.000,0.000,0.000,0.000,true,18.535,NONE,5,sequential_yolo_pose,SM-S906U1,GPU
2026-04-22 16:39:26.098,47.355,23.701,20.892,0.184,0.000,0.000,0.000,0.000,true,32.117,NONE,5,sequential_yolo_pose,SM-S906U1,GPU
2026-04-22 16:39:26.170,68.294,26.441,24.295,0.451,0.989,5.052,5.748,0.144,false,21.512,NONE,5,sequential_yolo_pose,SM-S906U1,GPU
2026-04-22 16:39:26.233,58.570,20.294,21.679,0.577,0.788,5.159,7.062,0.155,false,38.363,NONE,5,sequential_yolo_pose,SM-S906U1,GPU
2026-04-22 16:39:26.307,64.687,25.216,23.278,0.701,0.860,5.300,6.114,0.128,false,20.230,NONE,15,sequential_yolo_pose,SM-S906U1,GPU
2026-04-22 16:39:26.374,62.791,24.279,21.839,0.681,1.041,5.467,6.311,0.140,false,20.246,NONE,15,sequential_yolo_pose,SM-S906U1,GPU
2026-04-22 16:39:26.425,47.094,22.338,20.744,0.634,0.000,0.000,0.000,0.000,true,16.758,NONE,15,sequential_yolo_pose,SM-S906U1,GPU
2026-04-22 16:39:26.478,43.297,19.969,20.555,0.199,0.000,0.000,0.000,0.000,true,30.504,NONE,15,sequential_yolo_pose,SM-S906U1,GPU
2026-04-22 16:39:26.538,46.257,22.573,20.728,0.230,0.000,0.000,0.000,0.000,true,13.250,NONE,15,sequential_yolo_pose,SM-S906U1,GPU
2026-04-22 16:39:26.608,65.316,25.601,23.843,0.884,1.175,5.616,4.946,0.141,false,20.172,NONE,15,sequential_yolo_pose,SM-S906U1,GPU
2026-04-22 16:39:26.662,50.414,25.160,21.589,0.519,0.000,0.000,0.000,0.000,true,16.719,NONE,15,sequential_yolo_pose,SM-S906U1,GPU
2026-04-22 16:39:26.730,59.598,21.837,20.927,0.752,0.882,6.699,5.284,0.176,false,33.789,NONE,15,sequential_yolo_pose,SM-S906U1,GPU
2026-04-22 16:39:26.794,55.399,26.352,22.842,0.327,0.000,0.000,0.000,0.000,true,16.832,NONE,15,sequential_yolo_pose,SM-S906U1,GPU
2026-04-22 16:39:26.842,43.458,19.933,20.826,0.197,0.000,0.000,0.000,0.000,true,30.547,NONE,15,sequential_yolo_pose,SM-S906U1,GPU
2026-04-22 16:39:26.906,60.245,23.139,21.011,0.858,0.925,5.713,5.128,0.150,false,21.828,NONE,15,sequential_yolo_pose,SM-S906U1,GPU
2026-04-22 16:39:26.977,66.308,23.022,21.247,0.795,1.042,8.405,8.346,0.174,false,38.836,NONE,15,sequential_yolo_pose,SM-S906U1,GPU
2026-04-22 16:39:27.048,64.710,24.814,23.046,1.005,1.003,5.762,5.451,0.172,false,20.199,NONE,15,sequential_yolo_pose,SM-S906U1,GPU
2026-04-22 16:39:27.114,61.183,24.125,20.628,0.738,1.021,6.656,4.708,0.131,false,20.184,NONE,15,sequential_yolo_pose,SM-S906U1,GPU
2026-04-22 16:39:27.180,61.229,23.380,21.014,0.752,0.891,6.386,5.539,0.153,false,20.277,NONE,15,sequential_yolo_pose,SM-S906U1,GPU
2026-04-22 16:39:27.250,65.733,26.184,21.880,1.176,1.011,6.146,5.820,0.148,false,20.230,NONE,15,sequential_yolo_pose,SM-S906U1,GPU
2026-04-22 16:39:27.315,60.270,23.912,20.853,0.507,1.012,5.599,4.979,0.154,false,20.219,NONE,17,sequential_yolo_pose,SM-S906U1,GPU
2026-04-22 16:39:27.379,60.079,22.642,21.290,0.756,1.376,5.387,4.937,0.148,false,20.242,NONE,17,sequential_yolo_pose,SM-S906U1,GPU
2026-04-22 16:39:27.444,60.834,25.191,20.776,0.558,0.966,5.260,4.820,0.118,false,20.211,NONE,17,sequential_yolo_pose,SM-S906U1,GPU
2026-04-22 16:39:27.506,57.768,20.086,21.415,0.876,1.176,5.977,5.034,0.149,false,20.242,NONE,17,sequential_yolo_pose,SM-S906U1,GPU
2026-04-22 16:39:27.562,53.033,29.145,21.032,0.212,0.000,0.000,0.000,0.000,true,16.758,NONE,17,sequential_yolo_pose,SM-S906U1,GPU
2026-04-22 16:39:27.612,43.888,20.446,20.619,0.199,0.000,0.000,0.000,0.000,true,30.566,NONE,17,sequential_yolo_pose,SM-S906U1,GPU
2026-04-22 16:39:27.671,47.511,23.124,21.212,0.280,0.000,0.000,0.000,0.000,true,13.738,NONE,17,sequential_yolo_pose,SM-S906U1,GPU
2026-04-22 16:39:27.729,53.868,25.427,25.563,0.222,0.000,0.000,0.000,0.000,true,16.879,NONE,17,sequential_yolo_pose,SM-S906U1,GPU
2026-04-22 16:39:27.792,58.514,22.513,20.468,0.537,1.079,5.186,5.306,0.134,false,33.762,NONE,17,sequential_yolo_pose,SM-S906U1,GPU
2026-04-22 16:39:27.855,58.464,21.246,20.611,0.515,0.961,5.423,5.761,0.151,false,30.067,NONE,17,sequential_yolo_pose,SM-S906U1,GPU
2026-04-22 16:39:27.920,61.759,22.980,23.967,0.493,0.965,5.036,4.936,0.161,false,20.195,NONE,17,sequential_yolo_pose,SM-S906U1,GPU
2026-04-22 16:39:27.992,65.709,25.782,23.487,0.472,2.083,5.220,4.974,0.145,false,20.145,NONE,17,sequential_yolo_pose,SM-S906U1,GPU
2026-04-22 16:39:28.049,53.062,26.607,21.614,0.555,0.000,0.000,0.000,0.000,true,16.785,NONE,17,sequential_yolo_pose,SM-S906U1,GPU
2026-04-22 16:39:28.123,69.026,25.575,22.050,0.639,0.961,9.605,5.979,0.150,false,33.824,NONE,17,sequential_yolo_pose,SM-S906U1,GPU
2026-04-22 16:39:28.210,72.532,23.912,20.734,1.147,2.207,8.130,7.036,0.166,false,20.207,NONE,17,sequential_yolo_pose,SM-S906U1,GPU
2026-04-22 16:39:28.287,73.069,25.579,23.106,0.554,2.405,9.481,8.278,0.149,false,37.121,NONE,17,sequential_yolo_pose,SM-S906U1,GPU
2026-04-22 16:39:28.351,56.107,18.762,21.255,0.618,1.026,5.847,4.901,0.167,false,29.723,NONE,16,sequential_yolo_pose,SM-S906U1,GPU
2026-04-22 16:39:28.407,51.526,26.421,21.103,0.313,0.000,0.000,0.000,0.000,true,16.852,NONE,16,sequential_yolo_pose,SM-S906U1,GPU
2026-04-22 16:39:28.479,66.781,24.234,22.446,0.346,1.074,8.223,7.111,0.152,false,33.891,NONE,16,sequential_yolo_pose,SM-S906U1,GPU
2026-04-22 16:39:28.546,61.580,20.941,20.046,0.941,1.095,9.004,4.921,0.204,false,30.215,NONE,16,sequential_yolo_pose,SM-S906U1,GPU
2026-04-22 16:39:28.614,61.951,25.789,20.524,0.572,1.005,5.503,5.091,0.167,false,20.270,NONE,16,sequential_yolo_pose,SM-S906U1,GPU
2026-04-22 16:39:28.677,58.679,19.150,21.675,0.697,1.483,5.739,5.378,0.167,false,20.262,NONE,16,sequential_yolo_pose,SM-S906U1,GPU
2026-04-22 16:39:28.733,50.964,27.232,20.541,0.238,0.000,0.000,0.000,0.000,true,16.801,NONE,16,sequential_yolo_pose,SM-S906U1,GPU
2026-04-22 16:39:28.801,63.898,23.149,21.042,0.562,0.972,7.875,5.466,0.164,false,33.934,NONE,16,sequential_yolo_pose,SM-S906U1,GPU
2026-04-22 16:39:28.877,67.276,26.671,25.184,0.618,1.054,5.835,4.521,0.135,false,20.227,NONE,16,sequential_yolo_pose,SM-S906U1,GPU
2026-04-22 16:39:28.939,58.474,20.884,21.253,0.656,0.935,5.095,6.867,0.132,false,20.160,NONE,16,sequential_yolo_pose,SM-S906U1,GPU
2026-04-22 16:39:29.012,67.910,24.433,23.211,0.673,1.543,8.699,6.058,0.174,false,20.254,NONE,16,sequential_yolo_pose,SM-S906U1,GPU
2026-04-22 16:39:29.080,63.185,23.562,21.416,0.914,1.777,6.113,5.894,0.152,false,14.363,NONE,16,sequential_yolo_pose,SM-S906U1,GPU
2026-04-22 16:39:29.145,60.175,23.644,20.277,0.758,1.034,5.501,5.549,0.178,false,21.477,NONE,16,sequential_yolo_pose,SM-S906U1,GPU
2026-04-22 16:39:29.215,65.935,24.556,20.459,0.747,0.972,10.050,5.279,0.186,false,38.391,NONE,16,sequential_yolo_pose,SM-S906U1,GPU
2026-04-22 16:39:29.283,61.947,21.204,21.050,0.680,1.120,7.482,5.523,0.147,false,28.883,NONE,16,sequential_yolo_pose,SM-S906U1,GPU
2026-04-22 16:39:29.352,60.810,22.509,23.359,0.736,0.829,5.184,4.671,0.129,false,20.246,NONE,15,sequential_yolo_pose,SM-S906U1,GPU
2026-04-22 16:39:29.418,61.562,22.594,24.241,0.786,1.039,5.286,4.625,0.148,false,20.262,NONE,15,sequential_yolo_pose,SM-S906U1,GPU
2026-04-22 16:39:29.489,67.226,27.593,22.389,1.036,1.177,6.016,5.083,0.142,false,20.254,NONE,15,sequential_yolo_pose,SM-S906U1,GPU
2026-04-22 16:39:29.556,61.922,23.297,21.911,0.823,0.993,5.559,5.847,0.184,false,20.270,NONE,15,sequential_yolo_pose,SM-S906U1,GPU
2026-04-22 16:39:29.622,61.360,23.427,21.891,0.877,1.118,5.332,5.127,0.159,false,20.219,NONE,15,sequential_yolo_pose,SM-S906U1,GPU
2026-04-22 16:39:29.689,62.638,24.198,21.871,1.055,1.023,5.336,5.112,0.158,false,20.250,NONE,15,sequential_yolo_pose,SM-S906U1,GPU
2026-04-22 16:39:29.749,55.339,18.742,21.463,0.647,0.893,5.422,4.627,0.157,false,37.195,NONE,15,sequential_yolo_pose,SM-S906U1,GPU
2026-04-22 16:39:29.815,61.454,23.555,22.748,0.528,1.062,5.228,4.825,0.151,false,21.844,NONE,15,sequential_yolo_pose,SM-S906U1,GPU
2026-04-22 16:39:29.878,59.101,23.131,20.694,0.378,0.569,3.959,6.929,0.179,false,38.696,NONE,15,sequential_yolo_pose,SM-S906U1,GPU
2026-04-22 16:39:29.943,59.977,23.049,20.408,0.594,1.177,5.346,6.061,0.142,false,28.629,NONE,15,sequential_yolo_pose,SM-S906U1,GPU
2026-04-22 16:39:30.005,57.008,21.702,21.235,0.775,0.692,4.089,4.941,0.132,false,20.219,NONE,15,sequential_yolo_pose,SM-S906U1,GPU
2026-04-22 16:39:30.064,55.127,19.153,20.215,0.687,0.981,5.572,5.287,0.116,false,37.164,NONE,15,sequential_yolo_pose,SM-S906U1,GPU
2026-04-22 16:39:30.127,58.267,20.979,21.213,0.744,1.097,5.478,5.373,0.120,false,17.145,NONE,15,sequential_yolo_pose,SM-S906U1,GPU
2026-04-22 16:39:30.189,56.341,17.550,23.580,0.774,1.051,5.757,5.146,0.125,false,20.223,NONE,15,sequential_yolo_pose,SM-S906U1,GPU
2026-04-22 16:39:30.257,64.507,22.963,22.723,1.014,1.586,7.736,5.046,0.138,false,20.262,NONE,15,sequential_yolo_pose,SM-S906U1,GPU
2026-04-22 16:39:30.328,65.803,24.991,21.881,0.726,1.451,7.688,5.368,0.121,false,20.223,NONE,15,sequential_yolo_pose,SM-S906U1,GPU
2026-04-22 16:39:30.391,58.446,22.502,21.178,0.463,1.004,5.015,5.067,0.128,false,37.262,NONE,15,sequential_yolo_pose,SM-S906U1,GPU
2026-04-22 16:39:30.450,54.774,17.746,21.588,0.474,1.038,5.546,5.017,0.105,false,21.484,NONE,15,sequential_yolo_pose,SM-S906U1,GPU
2026-04-22 16:39:30.516,62.605,20.357,20.181,0.763,1.314,11.261,5.342,0.135,false,38.430,NONE,15,sequential_yolo_pose,SM-S906U1,GPU
2026-04-22 16:39:30.586,64.346,25.194,22.007,0.496,1.137,6.591,5.200,0.145,false,29.586,NONE,15,sequential_yolo_pose,SM-S906U1,GPU
2026-04-22 16:39:30.642,50.073,23.422,23.663,0.219,0.000,0.000,0.000,0.000,true,18.125,NONE,15,sequential_yolo_pose,SM-S906U1,GPU
2026-04-22 16:39:30.705,59.014,19.796,21.711,0.528,1.094,6.458,6.315,0.181,false,35.070,NONE,15,sequential_yolo_pose,SM-S906U1,GPU
2026-04-22 16:39:30.775,65.098,25.250,23.181,0.541,1.021,6.082,5.491,0.132,false,21.957,NONE,15,sequential_yolo_pose,SM-S906U1,GPU
2026-04-22 16:39:30.854,74.691,23.741,22.459,0.562,0.997,17.931,5.377,0.141,false,38.934,NONE,15,sequential_yolo_pose,SM-S906U1,GPU
2026-04-22 16:39:30.922,59.828,24.099,21.303,0.534,0.637,4.036,4.987,0.117,false,20.191,NONE,15,sequential_yolo_pose,SM-S906U1,GPU
2026-04-22 16:39:30.982,55.494,18.771,21.119,0.584,0.931,5.545,4.873,0.130,false,37.168,NONE,15,sequential_yolo_pose,SM-S906U1,GPU
2026-04-22 16:39:31.046,60.074,25.835,20.738,0.410,0.737,3.895,4.817,0.102,false,30.082,NONE,15,sequential_yolo_pose,SM-S906U1,GPU
2026-04-22 16:39:31.125,73.621,36.712,21.806,0.549,0.935,4.327,5.237,0.140,false,21.457,NONE,15,sequential_yolo_pose,SM-S906U1,GPU
2026-04-22 16:39:31.194,63.677,27.038,21.097,0.382,0.512,3.706,5.695,0.130,false,38.340,NONE,15,sequential_yolo_pose,SM-S906U1,GPU
2026-04-22 16:39:31.257,49.185,15.848,20.437,0.496,0.719,3.966,4.715,0.118,false,29.625,NONE,15,sequential_yolo_pose,SM-S906U1,GPU
2026-04-22 16:39:31.326,63.360,24.153,21.790,0.583,1.092,6.232,5.227,0.117,false,21.961,NONE,15,sequential_yolo_pose,SM-S906U1,GPU
2026-04-22 16:39:31.391,61.307,24.299,21.941,0.579,0.915,4.881,5.131,0.160,false,38.969,NONE,15,sequential_yolo_pose,SM-S906U1,GPU
2026-04-22 16:39:31.463,64.260,24.414,22.195,0.615,1.102,6.232,5.850,0.124,false,20.246,NONE,15,sequential_yolo_pose,SM-S906U1,GPU
2026-04-22 16:39:31.531,60.273,24.387,21.251,0.716,0.742,3.904,5.432,0.113,false,20.129,NONE,15,sequential_yolo_pose,SM-S906U1,GPU
2026-04-22 16:39:31.595,60.137,17.852,20.799,0.587,0.895,6.583,7.042,0.137,false,37.074,NONE,15,sequential_yolo_pose,SM-S906U1,GPU
2026-04-22 16:39:31.658,57.317,20.859,21.062,0.551,0.682,5.393,5.072,0.136,false,17.168,NONE,15,sequential_yolo_pose,SM-S906U1,GPU
2026-04-22 16:39:31.727,64.039,22.656,22.771,1.172,1.368,6.498,5.936,0.109,false,20.254,NONE,15,sequential_yolo_pose,SM-S906U1,GPU
2026-04-22 16:39:31.794,62.515,23.367,21.321,0.934,1.137,6.608,5.539,0.188,false,37.262,NONE,15,sequential_yolo_pose,SM-S906U1,GPU
2026-04-22 16:39:31.867,66.687,25.912,21.116,0.654,1.018,7.930,5.608,0.215,false,29.703,NONE,15,sequential_yolo_pose,SM-S906U1,GPU
2026-04-22 16:39:31.942,66.556,24.498,21.675,1.373,1.307,6.972,6.260,0.133,false,20.160,NONE,15,sequential_yolo_pose,SM-S906U1,GPU
2026-04-22 16:39:31.997,49.972,22.512,24.207,0.223,0.000,0.000,0.000,0.000,true,33.836,NONE,15,sequential_yolo_pose,SM-S906U1,GPU
2026-04-22 16:39:32.050,48.504,23.860,21.122,0.333,0.000,0.000,0.000,0.000,true,18.461,NONE,15,sequential_yolo_pose,SM-S906U1,GPU
2026-04-22 16:39:32.104,49.795,22.840,23.198,0.628,0.000,0.000,0.000,0.000,true,32.137,NONE,15,sequential_yolo_pose,SM-S906U1,GPU
2026-04-22 16:39:32.160,49.737,24.606,21.308,0.354,0.000,0.000,0.000,0.000,true,17.973,NONE,15,sequential_yolo_pose,SM-S906U1,GPU
2026-04-22 16:39:32.216,51.134,18.630,21.079,0.209,0.542,3.213,4.696,0.086,false,34.981,NONE,15,sequential_yolo_pose,SM-S906U1,GPU
2026-04-22 16:39:32.283,63.490,25.096,21.491,0.907,1.468,6.550,4.686,0.107,false,21.856,NONE,15,sequential_yolo_pose,SM-S906U1,GPU
2026-04-22 16:39:32.343,56.607,20.801,20.842,0.401,0.818,4.650,5.865,0.143,false,38.801,NONE,16,sequential_yolo_pose,SM-S906U1,GPU
2026-04-22 16:39:32.411,62.729,23.074,22.557,0.747,0.920,6.667,5.143,0.149,false,29.645,NONE,16,sequential_yolo_pose,SM-S906U1,GPU
2026-04-22 16:39:32.487,70.256,23.417,21.487,1.901,1.601,9.426,5.684,0.128,false,20.215,NONE,16,sequential_yolo_pose,SM-S906U1,GPU
2026-04-22 16:39:32.552,60.779,22.503,21.811,0.931,0.903,5.160,5.857,0.105,false,20.258,NONE,16,sequential_yolo_pose,SM-S906U1,GPU
2026-04-22 16:39:32.617,61.041,22.669,20.282,0.658,0.865,8.061,5.254,0.151,false,37.235,NONE,16,sequential_yolo_pose,SM-S906U1,GPU
2026-04-22 16:39:32.688,63.696,23.322,21.668,1.740,1.075,5.117,5.393,0.127,false,20.176,NONE,16,sequential_yolo_pose,SM-S906U1,GPU
2026-04-22 16:39:32.754,61.488,20.291,20.951,0.946,1.598,8.678,5.425,0.132,false,37.059,NONE,16,sequential_yolo_pose,SM-S906U1,GPU
2026-04-22 16:39:32.820,60.122,21.855,22.184,0.783,0.944,5.898,5.293,0.131,false,30.063,NONE,16,sequential_yolo_pose,SM-S906U1,GPU
2026-04-22 16:39:32.889,60.740,21.528,21.413,1.590,1.079,6.169,5.340,0.162,false,46.914,NONE,16,sequential_yolo_pose,SM-S906U1,GPU
2026-04-22 16:39:32.957,61.589,23.983,21.549,0.830,1.077,5.310,4.977,0.101,false,21.469,NONE,16,sequential_yolo_pose,SM-S906U1,GPU
2026-04-22 16:39:33.020,58.268,19.215,21.315,0.573,0.824,7.988,5.189,0.181,false,38.446,NONE,16,sequential_yolo_pose,SM-S906U1,GPU
2026-04-22 16:39:33.092,65.321,22.868,21.356,0.826,1.497,7.772,5.869,0.144,false,29.629,NONE,16,sequential_yolo_pose,SM-S906U1,GPU
2026-04-22 16:39:33.159,61.329,22.381,21.046,1.020,1.042,5.811,4.907,0.109,false,20.113,NONE,16,sequential_yolo_pose,SM-S906U1,GPU
2026-04-22 16:39:33.225,60.105,22.492,21.037,0.570,0.862,5.594,5.441,0.159,false,37.184,NONE,16,sequential_yolo_pose,SM-S906U1,GPU
2026-04-22 16:39:33.296,64.328,24.294,22.950,0.520,0.914,5.611,5.238,0.116,false,23.160,NONE,16,sequential_yolo_pose,SM-S906U1,GPU
2026-04-22 16:39:33.361,60.743,20.580,22.581,0.699,0.978,5.837,5.380,0.143,false,40.137,NONE,15,sequential_yolo_pose,SM-S906U1,GPU
2026-04-22 16:39:33.430,63.839,25.288,21.184,0.676,1.042,6.208,5.751,0.143,false,29.742,NONE,15,sequential_yolo_pose,SM-S906U1,GPU
2026-04-22 16:39:33.497,60.585,22.638,22.256,0.853,0.710,4.126,5.490,0.120,false,20.117,NONE,15,sequential_yolo_pose,SM-S906U1,GPU
2026-04-22 16:39:33.562,58.147,22.878,20.263,0.668,0.594,4.227,5.803,0.196,false,37.188,NONE,15,sequential_yolo_pose,SM-S906U1,GPU
2026-04-22 16:39:33.628,59.892,22.548,21.616,0.538,1.033,4.854,5.204,0.114,false,21.863,NONE,15,sequential_yolo_pose,SM-S906U1,GPU
2026-04-22 16:39:33.685,51.522,17.964,20.439,0.569,0.576,3.842,4.824,0.125,false,38.809,NONE,15,sequential_yolo_pose,SM-S906U1,GPU
2026-04-22 16:39:33.755,64.383,24.812,21.381,0.590,0.721,5.028,5.633,0.143,false,29.613,NONE,15,sequential_yolo_pose,SM-S906U1,GPU
2026-04-22 16:39:33.827,61.871,23.222,21.465,1.000,1.013,5.682,5.565,0.152,false,29.613,NONE,15,sequential_yolo_pose,SM-S906U1,GPU
2026-04-22 16:39:33.897,64.832,27.054,21.506,0.999,1.006,5.393,5.628,0.128,false,29.391,NONE,15,sequential_yolo_pose,SM-S906U1,GPU
2026-04-22 16:39:33.959,57.994,20.390,21.275,1.263,0.950,5.042,5.095,0.117,false,20.191,NONE,15,sequential_yolo_pose,SM-S906U1,GPU
2026-04-22 16:39:34.024,59.056,23.789,21.510,0.604,0.718,3.631,4.663,0.124,false,37.168,NONE,15,sequential_yolo_pose,SM-S906U1,GPU
2026-04-22 16:39:34.085,56.642,21.204,21.595,0.600,0.676,3.831,5.053,0.085,false,21.844,NONE,15,sequential_yolo_pose,SM-S906U1,GPU
2026-04-22 16:39:34.143,54.646,18.467,21.338,0.504,0.715,3.927,7.140,0.129,false,38.664,NONE,15,sequential_yolo_pose,SM-S906U1,GPU
2026-04-22 16:39:34.210,61.822,20.993,22.045,1.002,1.064,5.591,5.646,0.148,false,29.805,NONE,15,sequential_yolo_pose,SM-S906U1,GPU
2026-04-22 16:39:34.280,61.636,23.544,20.754,1.058,0.884,5.515,5.678,0.121,false,20.191,NONE,15,sequential_yolo_pose,SM-S906U1,GPU
2026-04-22 16:39:34.344,59.521,22.036,20.782,0.816,1.019,5.845,5.317,0.123,false,37.231,NONE,15,sequential_yolo_pose,SM-S906U1,GPU
2026-04-22 16:39:34.413,63.504,23.148,20.927,0.893,0.683,9.108,4.881,0.134,false,28.734,NONE,16,sequential_yolo_pose,SM-S906U1,GPU
2026-04-22 16:39:34.488,66.071,26.631,22.353,1.413,1.076,5.803,4.878,0.128,false,20.223,NONE,16,sequential_yolo_pose,SM-S906U1,GPU
2026-04-22 16:39:34.552,59.077,23.978,20.818,0.883,0.651,3.862,4.790,0.117,false,20.129,NONE,16,sequential_yolo_pose,SM-S906U1,GPU
2026-04-22 16:39:34.614,57.035,21.031,20.885,0.669,1.042,4.892,5.165,0.128,false,37.074,NONE,16,sequential_yolo_pose,SM-S906U1,GPU
2026-04-22 16:39:34.678,59.130,23.397,20.917,0.658,0.987,4.863,4.831,0.110,false,17.211,NONE,16,sequential_yolo_pose,SM-S906U1,GPU
2026-04-22 16:39:34.745,63.018,22.594,23.046,1.140,1.402,6.048,5.193,0.131,false,20.223,NONE,16,sequential_yolo_pose,SM-S906U1,GPU
2026-04-22 16:39:34.811,60.811,19.187,23.469,1.353,1.150,7.104,4.907,0.131,false,20.289,NONE,16,sequential_yolo_pose,SM-S906U1,GPU
2026-04-22 16:39:34.880,64.095,19.927,23.072,1.229,2.023,7.343,6.910,0.122,false,20.262,NONE,16,sequential_yolo_pose,SM-S906U1,GPU
2026-04-22 16:39:34.950,65.261,23.353,20.981,1.358,1.111,7.772,6.951,0.118,false,20.316,NONE,16,sequential_yolo_pose,SM-S906U1,GPU
2026-04-22 16:39:35.015,60.208,23.734,22.112,0.980,0.631,4.080,4.692,0.113,false,20.223,NONE,16,sequential_yolo_pose,SM-S906U1,GPU
2026-04-22 16:39:35.076,56.535,19.266,20.719,0.985,0.999,5.573,5.550,0.148,false,37.137,NONE,16,sequential_yolo_pose,SM-S906U1,GPU
2026-04-22 16:39:35.147,65.094,27.387,20.071,0.761,1.235,6.123,5.675,0.207,false,21.793,NONE,16,sequential_yolo_pose,SM-S906U1,GPU
2026-04-22 16:39:35.226,73.044,22.981,21.671,1.353,2.457,12.863,7.121,0.131,false,38.739,NONE,16,sequential_yolo_pose,SM-S906U1,GPU
2026-04-22 16:39:35.303,70.874,26.813,24.951,0.787,1.064,5.302,6.307,0.107,false,20.254,NONE,16,sequential_yolo_pose,SM-S906U1,GPU
2026-04-22 16:39:35.371,61.892,21.356,24.163,0.816,1.169,5.704,5.701,0.140,false,20.285,NONE,16,sequential_yolo_pose,SM-S906U1,GPU
2026-04-22 16:39:35.435,58.351,20.976,21.499,0.878,0.900,5.139,5.660,0.115,false,20.215,NONE,15,sequential_yolo_pose,SM-S906U1,GPU
2026-04-22 16:39:35.505,64.657,24.223,24.158,0.747,0.974,5.324,5.853,0.119,false,20.254,NONE,15,sequential_yolo_pose,SM-S906U1,GPU
2026-04-22 16:39:35.576,66.175,25.998,22.109,0.903,1.041,6.000,6.235,0.147,false,20.133,NONE,15,sequential_yolo_pose,SM-S906U1,GPU
2026-04-22 16:39:35.640,59.046,22.800,20.900,0.945,0.658,4.526,5.080,0.114,false,20.191,NONE,15,sequential_yolo_pose,SM-S906U1,GPU
2026-04-22 16:39:35.700,55.325,17.799,20.372,0.735,0.969,5.281,5.576,0.129,false,37.106,NONE,15,sequential_yolo_pose,SM-S906U1,GPU
2026-04-22 16:39:35.782,74.943,27.045,23.750,1.353,1.963,10.756,5.412,0.236,false,21.918,NONE,15,sequential_yolo_pose,SM-S906U1,GPU
2026-04-22 16:39:35.849,59.704,22.770,21.107,0.519,0.620,4.332,5.850,0.092,false,38.832,NONE,15,sequential_yolo_pose,SM-S906U1,GPU
2026-04-22 16:39:35.913,57.733,22.507,21.735,0.536,0.721,3.502,5.372,0.167,false,29.356,NONE,15,sequential_yolo_pose,SM-S906U1,GPU
2026-04-22 16:39:35.981,61.981,21.634,20.866,1.094,1.008,8.356,5.058,0.145,false,20.254,NONE,15,sequential_yolo_pose,SM-S906U1,GPU
2026-04-22 16:39:36.053,67.632,23.177,21.441,1.002,1.236,10.570,6.624,0.118,false,37.262,NONE,15,sequential_yolo_pose,SM-S906U1,GPU
2026-04-22 16:39:36.121,62.185,24.914,21.325,0.984,1.049,5.017,5.847,0.134,false,29.735,NONE,15,sequential_yolo_pose,SM-S906U1,GPU
2026-04-22 16:39:36.184,58.669,24.528,20.750,0.610,0.692,3.490,5.011,0.124,false,21.824,NONE,15,sequential_yolo_pose,SM-S906U1,GPU
2026-04-22 16:39:36.245,56.170,17.733,21.163,0.915,1.054,5.504,6.301,0.124,false,38.770,NONE,15,sequential_yolo_pose,SM-S906U1,GPU
2026-04-22 16:39:36.311,60.243,24.764,20.650,0.466,0.660,3.950,5.499,0.122,false,29.563,NONE,15,sequential_yolo_pose,SM-S906U1,GPU
2026-04-22 16:39:36.370,55.331,18.976,20.615,0.531,1.042,4.782,5.954,0.137,false,17.199,NONE,15,sequential_yolo_pose,SM-S906U1,GPU
2026-04-22 16:39:36.439,63.143,23.187,23.427,1.105,1.009,5.135,5.668,0.151,false,20.289,NONE,15,sequential_yolo_pose,SM-S906U1,GPU
2026-04-22 16:39:36.516,71.009,24.687,21.777,0.723,3.362,8.941,7.619,0.099,false,37.172,NONE,15,sequential_yolo_pose,SM-S906U1,GPU
2026-04-22 16:39:36.586,61.653,21.298,21.129,0.758,4.434,5.053,5.552,0.130,false,20.254,NONE,15,sequential_yolo_pose,SM-S906U1,GPU
2026-04-22 16:39:36.638,47.075,20.848,22.824,0.369,0.000,0.000,0.000,0.000,true,16.859,NONE,15,sequential_yolo_pose,SM-S906U1,GPU
2026-04-22 16:39:36.691,49.084,22.048,24.010,0.275,0.000,0.000,0.000,0.000,true,30.566,NONE,15,sequential_yolo_pose,SM-S906U1,GPU
2026-04-22 16:39:36.749,53.381,28.062,21.615,0.213,0.000,0.000,0.000,0.000,true,18.102,NONE,15,sequential_yolo_pose,SM-S906U1,GPU
2026-04-22 16:39:36.819,65.251,23.346,23.858,1.788,1.302,5.934,5.340,0.119,false,35.047,NONE,15,sequential_yolo_pose,SM-S906U1,GPU
2026-04-22 16:39:36.886,62.916,24.071,21.373,0.819,1.152,6.230,5.601,0.136,false,23.129,NONE,15,sequential_yolo_pose,SM-S906U1,GPU
2026-04-22 16:39:36.952,60.650,22.429,21.294,0.902,0.968,5.070,6.288,0.156,false,40.043,NONE,15,sequential_yolo_pose,SM-S906U1,GPU
2026-04-22 16:39:37.024,64.602,23.672,20.585,0.927,1.367,6.822,5.150,0.137,false,29.707,NONE,15,sequential_yolo_pose,SM-S906U1,GPU
2026-04-22 16:39:37.095,63.629,24.709,21.757,0.715,1.461,5.204,5.587,0.159,false,29.637,NONE,15,sequential_yolo_pose,SM-S906U1,GPU
2026-04-22 16:39:37.167,64.823,24.649,21.047,0.873,1.276,6.380,5.813,0.176,false,23.070,NONE,15,sequential_yolo_pose,SM-S906U1,GPU
2026-04-22 16:39:37.233,56.119,18.622,21.290,0.936,0.825,5.011,6.220,0.104,false,39.953,NONE,15,sequential_yolo_pose,SM-S906U1,GPU
2026-04-22 16:39:37.321,69.221,25.636,21.751,5.085,1.007,4.284,5.779,0.154,false,20.223,NONE,15,sequential_yolo_pose,SM-S906U1,GPU
2026-04-22 16:39:37.374,48.788,21.506,23.042,0.784,0.000,0.000,0.000,0.000,true,16.859,NONE,15,sequential_yolo_pose,SM-S906U1,GPU
2026-04-22 16:39:37.423,43.733,19.767,20.956,0.426,0.000,0.000,0.000,0.000,true,30.535,NONE,15,sequential_yolo_pose,SM-S906U1,GPU
2026-04-22 16:39:37.486,58.757,21.238,22.869,0.607,1.140,4.565,4.929,0.125,false,21.430,NONE,15,sequential_yolo_pose,SM-S906U1,GPU
2026-04-22 16:39:37.552,60.815,23.268,20.180,0.910,1.055,6.127,5.297,0.205,false,38.375,NONE,15,sequential_yolo_pose,SM-S906U1,GPU
2026-04-22 16:39:37.625,67.121,25.466,21.683,0.673,1.185,5.910,6.222,0.177,false,29.641,NONE,15,sequential_yolo_pose,SM-S906U1,GPU
2026-04-22 16:39:37.699,65.721,26.848,21.626,0.676,0.962,4.344,5.471,0.101,false,29.641,NONE,15,sequential_yolo_pose,SM-S906U1,GPU
2026-04-22 16:39:37.781,71.198,23.523,25.463,2.804,2.677,5.709,5.460,0.142,false,20.164,NONE,15,sequential_yolo_pose,SM-S906U1,GPU
2026-04-22 16:39:37.847,62.036,22.031,21.315,1.130,3.497,4.391,4.839,0.102,false,20.129,NONE,15,sequential_yolo_pose,SM-S906U1,GPU
2026-04-22 16:39:37.908,56.941,20.419,20.705,0.728,1.278,4.992,5.795,0.123,false,20.254,NONE,15,sequential_yolo_pose,SM-S906U1,GPU
2026-04-22 16:39:37.974,60.746,21.347,22.126,1.056,1.130,5.293,5.745,0.107,false,20.285,NONE,15,sequential_yolo_pose,SM-S906U1,GPU
2026-04-22 16:39:38.039,60.146,21.237,22.423,0.869,0.949,5.121,5.801,0.128,false,37.168,NONE,15,sequential_yolo_pose,SM-S906U1,GPU
2026-04-22 16:39:38.115,68.031,22.622,23.444,1.745,1.108,10.392,4.984,0.116,false,21.922,NONE,15,sequential_yolo_pose,SM-S906U1,GPU
2026-04-22 16:39:38.181,61.487,22.715,21.111,0.943,1.022,6.891,5.194,0.134,false,38.774,NONE,15,sequential_yolo_pose,SM-S906U1,GPU
2026-04-22 16:39:38.260,71.164,31.873,20.421,0.958,1.295,6.362,6.115,0.112,false,29.656,NONE,15,sequential_yolo_pose,SM-S906U1,GPU
2026-04-22 16:39:38.326,60.683,22.474,21.554,1.062,0.986,5.558,5.587,0.125,false,20.195,NONE,15,sequential_yolo_pose,SM-S906U1,GPU
2026-04-22 16:39:38.393,61.547,23.101,21.657,1.253,1.043,4.923,5.599,0.110,false,20.133,NONE,15,sequential_yolo_pose,SM-S906U1,GPU
2026-04-22 16:39:38.454,56.995,21.757,21.220,0.761,0.901,4.389,5.014,0.123,false,37.203,NONE,15,sequential_yolo_pose,SM-S906U1,GPU
2026-04-22 16:39:38.522,62.878,24.365,22.522,0.890,1.088,5.381,5.056,0.104,false,21.883,NONE,15,sequential_yolo_pose,SM-S906U1,GPU
2026-04-22 16:39:38.582,55.275,21.374,21.446,0.606,0.670,3.416,4.564,0.107,false,38.860,NONE,15,sequential_yolo_pose,SM-S906U1,GPU
2026-04-22 16:39:38.655,67.651,25.442,21.744,0.889,1.346,8.558,5.659,0.217,false,28.590,NONE,15,sequential_yolo_pose,SM-S906U1,GPU
2026-04-22 16:39:38.729,67.769,28.413,21.308,0.801,1.024,5.361,6.163,0.136,false,21.988,NONE,15,sequential_yolo_pose,SM-S906U1,GPU
2026-04-22 16:39:38.817,81.647,24.936,21.692,1.205,1.420,7.420,20.461,0.167,false,13.348,NONE,15,sequential_yolo_pose,SM-S906U1,GPU
2026-04-22 16:39:38.879,57.066,20.145,21.064,1.040,1.000,4.984,4.979,0.131,false,20.160,NONE,15,sequential_yolo_pose,SM-S906U1,GPU
2026-04-22 16:39:38.943,59.113,19.092,21.123,1.046,0.691,3.934,9.788,0.141,false,20.227,NONE,15,sequential_yolo_pose,SM-S906U1,GPU
2026-04-22 16:39:39.008,59.840,21.260,20.862,1.327,0.969,4.741,7.174,0.116,false,37.172,NONE,15,sequential_yolo_pose,SM-S906U1,GPU
2026-04-22 16:39:39.075,61.201,20.514,23.711,0.948,1.088,4.635,6.951,0.104,false,17.121,NONE,15,sequential_yolo_pose,SM-S906U1,GPU
2026-04-22 16:39:39.143,63.022,23.376,22.024,1.405,1.011,5.643,6.059,0.138,false,20.191,NONE,15,sequential_yolo_pose,SM-S906U1,GPU
2026-04-22 16:39:39.206,57.149,21.756,20.694,0.963,0.637,3.307,5.632,0.093,false,20.219,NONE,15,sequential_yolo_pose,SM-S906U1,GPU
2026-04-22 16:39:39.268,55.638,20.202,20.598,0.943,0.896,4.248,5.467,0.184,false,37.133,NONE,15,sequential_yolo_pose,SM-S906U1,GPU
2026-04-22 16:39:39.350,73.781,26.976,25.150,1.225,4.038,7.399,5.044,0.117,false,21.922,NONE,15,sequential_yolo_pose,SM-S906U1,GPU
2026-04-22 16:39:39.418,62.332,23.835,21.674,0.997,0.801,6.037,5.609,0.123,false,38.774,NONE,15,sequential_yolo_pose,SM-S906U1,GPU
2026-04-22 16:39:39.493,66.956,23.976,21.736,1.908,1.768,7.285,6.010,0.158,false,29.719,NONE,15,sequential_yolo_pose,SM-S906U1,GPU
2026-04-22 16:39:39.564,63.860,27.756,20.923,0.705,0.887,4.618,5.268,0.164,false,23.078,NONE,15,sequential_yolo_pose,SM-S906U1,GPU
2026-04-22 16:39:39.633,62.653,23.879,22.236,0.746,1.012,4.691,6.440,0.130,false,39.930,NONE,15,sequential_yolo_pose,SM-S906U1,GPU
2026-04-22 16:39:39.707,62.709,22.812,21.161,0.628,0.936,4.907,7.823,0.155,false,29.395,NONE,15,sequential_yolo_pose,SM-S906U1,GPU
2026-04-22 16:39:39.781,66.290,25.714,21.621,1.338,1.076,5.147,5.495,0.113,false,29.609,NONE,15,sequential_yolo_pose,SM-S906U1,GPU
2026-04-22 16:39:39.848,62.929,26.053,21.676,0.922,1.130,4.670,5.116,0.116,false,17.086,NONE,15,sequential_yolo_pose,SM-S906U1,GPU
2026-04-22 16:39:39.919,65.819,24.045,23.954,0.850,3.646,4.637,4.947,0.117,false,20.164,NONE,15,sequential_yolo_pose,SM-S906U1,GPU
2026-04-22 16:39:39.978,53.463,18.647,20.859,0.822,0.629,3.663,5.628,0.111,false,20.203,NONE,15,sequential_yolo_pose,SM-S906U1,GPU
2026-04-22 16:39:40.044,61.468,20.819,21.108,0.704,0.839,5.345,9.225,0.166,false,37.086,NONE,15,sequential_yolo_pose,SM-S906U1,GPU
2026-04-22 16:39:40.114,62.857,25.307,21.416,0.792,0.983,4.105,5.706,0.103,false,21.883,NONE,15,sequential_yolo_pose,SM-S906U1,GPU
2026-04-22 16:39:40.188,69.919,24.634,21.709,2.510,1.450,10.259,5.736,0.132,false,38.828,NONE,15,sequential_yolo_pose,SM-S906U1,GPU
2026-04-22 16:39:40.269,74.625,32.554,21.633,0.861,1.263,6.655,6.035,0.159,false,29.652,NONE,15,sequential_yolo_pose,SM-S906U1,GPU
2026-04-22 16:39:40.343,66.634,27.286,21.955,0.611,0.987,4.302,7.494,0.126,false,23.047,NONE,15,sequential_yolo_pose,SM-S906U1,GPU
2026-04-22 16:39:40.414,65.257,20.673,22.528,0.699,0.870,5.582,10.657,0.131,false,39.992,NONE,15,sequential_yolo_pose,SM-S906U1,GPU
2026-04-22 16:39:40.480,60.178,21.498,19.922,0.737,1.328,6.306,5.957,0.155,false,29.422,NONE,14,sequential_yolo_pose,SM-S906U1,GPU
2026-04-22 16:39:40.549,64.048,22.679,21.399,1.446,1.016,6.591,5.125,0.095,false,14.270,NONE,14,sequential_yolo_pose,SM-S906U1,GPU
2026-04-22 16:39:40.613,59.473,21.801,21.110,1.181,0.954,5.750,5.197,0.111,false,20.164,NONE,14,sequential_yolo_pose,SM-S906U1,GPU
2026-04-22 16:39:40.676,57.810,21.423,20.307,0.700,0.906,5.919,5.096,0.292,false,37.141,NONE,14,sequential_yolo_pose,SM-S906U1,GPU
2026-04-22 16:39:40.741,60.180,22.587,21.740,0.617,0.997,4.457,5.781,0.128,false,29.672,NONE,14,sequential_yolo_pose,SM-S906U1,GPU
2026-04-22 16:39:40.802,55.932,18.008,21.353,0.886,0.939,5.023,5.458,0.113,false,20.195,NONE,14,sequential_yolo_pose,SM-S906U1,GPU
2026-04-22 16:39:40.866,58.127,21.622,20.933,0.556,0.995,4.540,5.769,0.150,false,37.141,NONE,14,sequential_yolo_pose,SM-S906U1,GPU
2026-04-22 16:39:40.951,80.408,26.132,29.027,0.660,1.754,12.402,5.846,0.142,false,23.098,NONE,14,sequential_yolo_pose,SM-S906U1,GPU
2026-04-22 16:39:41.007,49.777,24.855,21.416,0.271,0.000,0.000,0.000,0.000,true,36.649,NONE,14,sequential_yolo_pose,SM-S906U1,GPU
2026-04-22 16:39:41.067,53.581,28.875,21.077,0.343,0.000,0.000,0.000,0.000,true,13.730,NONE,14,sequential_yolo_pose,SM-S906U1,GPU
2026-04-22 16:39:41.122,49.264,20.622,21.783,0.649,0.000,0.000,0.000,0.000,true,16.672,NONE,14,sequential_yolo_pose,SM-S906U1,GPU
2026-04-22 16:39:41.176,46.695,21.999,21.370,0.432,0.000,0.000,0.000,0.000,true,30.473,NONE,14,sequential_yolo_pose,SM-S906U1,GPU
2026-04-22 16:39:41.228,47.898,22.043,22.991,0.331,0.000,0.000,0.000,0.000,true,13.266,NONE,14,sequential_yolo_pose,SM-S906U1,GPU
2026-04-22 16:39:41.290,49.868,22.263,21.328,1.965,0.000,0.000,0.000,0.000,true,16.703,NONE,14,sequential_yolo_pose,SM-S906U1,GPU
2026-04-22 16:39:41.345,48.885,23.992,21.169,0.446,0.000,0.000,0.000,0.000,true,30.473,NONE,14,sequential_yolo_pose,SM-S906U1,GPU
2026-04-22 16:39:41.406,55.818,20.245,20.848,0.833,1.160,4.461,5.013,0.106,false,16.770,NONE,14,sequential_yolo_pose,SM-S906U1,GPU
2026-04-22 16:39:41.471,60.021,19.301,23.836,0.699,1.014,4.510,7.483,0.110,false,20.332,NONE,16,sequential_yolo_pose,SM-S906U1,GPU
2026-04-22 16:39:41.534,58.217,19.761,22.206,1.122,1.197,5.025,5.023,0.108,false,20.137,NONE,16,sequential_yolo_pose,SM-S906U1,GPU
2026-04-22 16:39:41.583,44.492,20.565,20.681,0.335,0.000,0.000,0.000,0.000,true,33.781,NONE,16,sequential_yolo_pose,SM-S906U1,GPU
2026-04-22 16:39:41.647,60.099,20.855,21.538,0.471,1.774,6.801,5.114,0.122,false,21.527,NONE,16,sequential_yolo_pose,SM-S906U1,GPU
2026-04-22 16:39:41.721,69.207,23.399,21.078,0.997,1.745,8.813,5.352,0.119,false,12.578,NONE,16,sequential_yolo_pose,SM-S906U1,GPU
2026-04-22 16:39:41.788,59.818,22.788,22.666,0.494,0.957,4.735,4.714,0.117,false,20.195,NONE,16,sequential_yolo_pose,SM-S906U1,GPU
2026-04-22 16:39:41.854,60.167,23.155,21.189,0.544,1.254,5.070,5.157,0.124,false,20.164,NONE,16,sequential_yolo_pose,SM-S906U1,GPU
2026-04-22 16:39:41.919,60.121,21.977,21.471,1.385,1.104,4.611,5.211,0.109,false,20.133,NONE,16,sequential_yolo_pose,SM-S906U1,GPU
2026-04-22 16:39:41.988,63.977,22.517,21.424,0.539,2.167,7.818,5.883,0.127,false,37.203,NONE,16,sequential_yolo_pose,SM-S906U1,GPU
2026-04-22 16:39:42.053,57.850,22.185,21.484,0.709,0.772,3.643,5.341,0.088,false,20.133,NONE,16,sequential_yolo_pose,SM-S906U1,GPU
2026-04-22 16:39:42.118,61.119,22.422,20.278,1.139,1.158,7.081,5.238,0.167,false,37.110,NONE,16,sequential_yolo_pose,SM-S906U1,GPU
2026-04-22 16:39:42.182,58.596,20.562,21.692,0.601,1.090,5.382,5.512,0.119,false,21.922,NONE,16,sequential_yolo_pose,SM-S906U1,GPU
2026-04-22 16:39:42.253,65.736,23.857,21.502,0.705,0.949,9.097,5.927,0.200,false,38.805,NONE,16,sequential_yolo_pose,SM-S906U1,GPU
2026-04-22 16:39:42.317,55.893,19.946,21.033,0.574,1.093,4.798,5.456,0.114,false,29.738,NONE,16,sequential_yolo_pose,SM-S906U1,GPU
2026-04-22 16:39:42.381,59.627,17.728,23.370,0.774,0.999,8.065,5.808,0.113,false,20.223,NONE,16,sequential_yolo_pose,SM-S906U1,GPU
2026-04-22 16:39:42.448,61.531,21.905,20.815,1.068,1.656,4.798,5.625,0.118,false,20.285,NONE,16,sequential_yolo_pose,SM-S906U1,GPU
2026-04-22 16:39:42.518,64.095,22.449,21.124,2.597,4.012,4.895,4.916,0.119,false,20.258,NONE,16,sequential_yolo_pose,SM-S906U1,GPU
2026-04-22 16:39:42.586,63.052,23.184,22.758,1.743,1.061,4.290,4.870,0.126,false,20.168,NONE,16,sequential_yolo_pose,SM-S906U1,GPU
2026-04-22 16:39:42.649,59.357,20.226,21.648,1.189,0.886,6.084,5.507,0.122,false,20.250,NONE,16,sequential_yolo_pose,SM-S906U1,GPU
2026-04-22 16:39:42.716,60.613,22.727,22.352,0.847,0.826,4.799,5.418,0.114,false,37.164,NONE,16,sequential_yolo_pose,SM-S906U1,GPU
2026-04-22 16:39:42.786,64.179,22.811,22.302,1.224,1.693,6.009,5.144,0.155,false,28.758,NONE,16,sequential_yolo_pose,SM-S906U1,GPU
2026-04-22 16:39:42.855,57.287,20.925,21.751,0.876,0.818,3.585,5.385,0.108,false,20.070,NONE,16,sequential_yolo_pose,SM-S906U1,GPU
2026-04-22 16:39:42.913,54.622,18.616,20.063,1.415,0.970,5.054,5.080,0.128,false,37.078,NONE,16,sequential_yolo_pose,SM-S906U1,GPU
2026-04-22 16:39:42.984,66.557,24.877,21.486,2.264,0.965,7.737,5.610,0.154,false,17.230,NONE,16,sequential_yolo_pose,SM-S906U1,GPU
2026-04-22 16:39:43.045,57.244,21.412,20.597,1.195,1.004,3.817,5.523,0.147,false,20.254,NONE,16,sequential_yolo_pose,SM-S906U1,GPU
2026-04-22 16:39:43.110,59.537,22.468,21.093,0.461,0.644,3.357,8.211,0.081,false,37.168,NONE,16,sequential_yolo_pose,SM-S906U1,GPU
2026-04-22 16:39:43.176,62.280,21.857,23.065,0.887,1.209,5.268,6.917,0.173,false,21.879,NONE,16,sequential_yolo_pose,SM-S906U1,GPU
2026-04-22 16:39:43.240,59.463,23.776,20.656,0.630,0.682,4.762,5.077,0.131,false,38.824,NONE,16,sequential_yolo_pose,SM-S906U1,GPU
2026-04-22 16:39:43.304,58.949,23.208,20.445,0.661,0.732,3.484,6.361,0.137,false,29.555,NONE,16,sequential_yolo_pose,SM-S906U1,GPU
2026-04-22 16:39:43.364,55.176,18.395,20.839,0.819,0.900,4.444,5.429,0.275,false,46.438,NONE,16,sequential_yolo_pose,SM-S906U1,GPU
2026-04-22 16:39:43.444,72.940,21.781,20.974,1.035,1.274,6.467,13.928,0.173,false,16.672,NONE,16,sequential_yolo_pose,SM-S906U1,GPU
2026-04-22 16:39:43.510,61.449,25.702,20.728,0.930,0.873,4.303,5.047,0.110,false,20.262,NONE,15,sequential_yolo_pose,SM-S906U1,GPU
2026-04-22 16:39:43.572,57.688,20.243,20.955,1.047,1.066,5.371,5.430,0.172,false,37.270,NONE,15,sequential_yolo_pose,SM-S906U1,GPU
2026-04-22 16:39:43.643,64.448,25.557,20.988,0.668,0.777,5.132,6.280,0.136,false,30.063,NONE,15,sequential_yolo_pose,SM-S906U1,GPU
2026-04-22 16:39:43.709,60.271,21.129,22.250,1.040,0.688,3.617,7.228,0.173,false,14.266,NONE,15,sequential_yolo_pose,SM-S906U1,GPU
2026-04-22 16:39:43.770,56.716,17.084,21.260,0.719,0.645,3.708,8.521,0.103,false,14.328,NONE,15,sequential_yolo_pose,SM-S906U1,GPU
2026-04-22 16:39:43.832,56.643,20.934,21.181,0.994,0.651,3.552,5.308,0.111,false,15.473,NONE,15,sequential_yolo_pose,SM-S906U1,GPU
2026-04-22 16:39:43.898,56.924,16.938,22.035,1.113,0.994,5.276,7.590,0.129,false,32.481,NONE,15,sequential_yolo_pose,SM-S906U1,GPU
2026-04-22 16:39:43.963,56.837,21.295,21.490,0.698,0.682,3.646,5.618,0.158,false,29.613,NONE,15,sequential_yolo_pose,SM-S906U1,GPU
2026-04-22 16:39:44.025,55.805,18.307,21.063,1.197,1.195,5.246,5.030,0.121,false,16.793,NONE,15,sequential_yolo_pose,SM-S906U1,GPU
2026-04-22 16:39:44.086,56.920,21.381,20.761,1.107,0.717,3.666,5.351,0.111,false,20.164,NONE,15,sequential_yolo_pose,SM-S906U1,GPU
2026-04-22 16:39:44.148,57.879,19.380,22.125,1.178,1.296,5.245,5.210,0.142,false,37.172,NONE,15,sequential_yolo_pose,SM-S906U1,GPU
2026-04-22 16:39:44.215,61.675,23.816,24.424,0.718,0.777,3.462,4.770,0.113,false,17.168,NONE,15,sequential_yolo_pose,SM-S906U1,GPU
2026-04-22 16:39:44.281,61.534,19.580,22.601,1.493,1.119,8.117,4.918,0.115,false,20.227,NONE,15,sequential_yolo_pose,SM-S906U1,GPU
2026-04-22 16:39:44.348,62.442,23.326,20.542,0.929,0.984,6.670,6.261,0.186,false,37.235,NONE,15,sequential_yolo_pose,SM-S906U1,GPU
2026-04-22 16:39:44.420,66.214,24.933,22.967,1.258,1.179,5.465,5.723,0.162,false,17.188,NONE,15,sequential_yolo_pose,SM-S906U1,GPU
2026-04-22 16:39:44.486,62.010,23.297,21.764,1.331,1.546,5.096,5.468,0.120,false,20.223,NONE,15,sequential_yolo_pose,SM-S906U1,GPU
2026-04-22 16:39:44.550,60.278,22.367,22.326,0.955,1.065,4.939,5.109,0.109,false,20.246,NONE,16,sequential_yolo_pose,SM-S906U1,GPU
2026-04-22 16:39:44.616,62.236,23.829,22.491,1.378,1.877,4.233,4.892,0.113,false,20.227,NONE,16,sequential_yolo_pose,SM-S906U1,GPU
2026-04-22 16:39:44.677,57.813,17.954,22.854,1.241,0.944,5.120,6.135,0.108,false,20.191,NONE,16,sequential_yolo_pose,SM-S906U1,GPU
2026-04-22 16:39:44.745,63.138,22.960,22.991,1.107,1.065,5.671,5.311,0.160,false,20.164,NONE,16,sequential_yolo_pose,SM-S906U1,GPU
2026-04-22 16:39:44.819,67.746,24.153,21.986,6.909,0.972,4.334,5.577,0.128,false,20.316,NONE,16,sequential_yolo_pose,SM-S906U1,GPU
2026-04-22 16:39:44.881,58.469,17.393,20.628,1.560,1.079,9.405,4.976,0.125,false,20.227,NONE,16,sequential_yolo_pose,SM-S906U1,GPU
2026-04-22 16:39:44.947,61.089,21.248,21.271,2.069,1.156,5.726,5.335,0.139,false,37.172,NONE,16,sequential_yolo_pose,SM-S906U1,GPU
2026-04-22 16:39:45.011,59.727,21.547,22.292,1.030,1.052,4.911,5.415,0.127,false,30.082,NONE,16,sequential_yolo_pose,SM-S906U1,GPU
2026-04-22 16:39:45.073,58.438,20.258,22.557,1.377,1.033,3.972,5.367,0.105,false,20.246,NONE,16,sequential_yolo_pose,SM-S906U1,GPU
2026-04-22 16:39:45.138,60.594,20.780,21.409,0.843,1.075,4.908,7.701,0.102,false,37.191,NONE,16,sequential_yolo_pose,SM-S906U1,GPU
2026-04-22 16:39:45.208,63.073,22.374,23.370,0.877,0.761,6.053,5.897,0.119,false,20.199,NONE,16,sequential_yolo_pose,SM-S906U1,GPU
2026-04-22 16:39:45.270,58.329,19.330,21.285,1.031,0.973,5.942,6.504,0.133,false,37.238,NONE,16,sequential_yolo_pose,SM-S906U1,GPU
2026-04-22 16:39:45.342,65.387,22.491,20.552,0.555,0.706,6.929,8.703,0.182,false,30.430,NONE,16,sequential_yolo_pose,SM-S906U1,GPU
2026-04-22 16:39:45.412,63.139,23.781,20.802,1.024,1.066,6.865,5.538,0.122,false,29.356,NONE,16,sequential_yolo_pose,SM-S906U1,GPU
2026-04-22 16:39:45.475,59.688,19.110,21.514,1.108,1.085,6.449,6.518,0.083,false,20.230,NONE,16,sequential_yolo_pose,SM-S906U1,GPU
2026-04-22 16:39:45.521,42.421,16.749,22.540,0.750,0.000,0.000,0.000,0.000,true,33.844,NONE,16,sequential_yolo_pose,SM-S906U1,GPU
2026-04-22 16:39:45.583,55.987,28.578,22.653,0.487,0.000,0.000,0.000,0.000,true,18.543,NONE,15,sequential_yolo_pose,SM-S906U1,GPU
2026-04-22 16:39:45.633,45.950,21.536,21.049,0.462,0.000,0.000,0.000,0.000,true,32.094,NONE,15,sequential_yolo_pose,SM-S906U1,GPU
2026-04-22 16:39:45.691,53.199,24.665,22.109,0.452,0.000,0.000,0.000,0.000,true,18.086,NONE,15,sequential_yolo_pose,SM-S906U1,GPU
2026-04-22 16:39:45.744,48.413,24.149,20.610,0.660,0.000,0.000,0.000,0.000,true,31.731,NONE,15,sequential_yolo_pose,SM-S906U1,GPU
2026-04-22 16:39:45.799,51.082,25.281,21.127,0.604,0.000,0.000,0.000,0.000,true,13.242,NONE,15,sequential_yolo_pose,SM-S906U1,GPU
2026-04-22 16:39:45.852,47.459,22.322,20.175,0.847,0.000,0.000,0.000,0.000,true,16.687,NONE,15,sequential_yolo_pose,SM-S906U1,GPU
2026-04-22 16:39:45.902,45.345,21.009,20.926,0.467,0.000,0.000,0.000,0.000,true,30.488,NONE,15,sequential_yolo_pose,SM-S906U1,GPU
2026-04-22 16:39:45.973,65.654,22.992,27.035,0.474,0.937,4.636,5.989,0.159,false,21.926,NONE,15,sequential_yolo_pose,SM-S906U1,GPU
2026-04-22 16:39:46.046,68.157,21.643,22.337,0.669,0.964,5.960,12.348,0.143,false,38.871,NONE,15,sequential_yolo_pose,SM-S906U1,GPU
2026-04-22 16:39:46.117,62.144,22.368,21.261,0.752,1.283,6.566,5.688,0.091,false,20.160,NONE,15,sequential_yolo_pose,SM-S906U1,GPU
2026-04-22 16:39:46.178,57.059,19.003,21.262,0.794,2.361,4.968,5.215,0.112,false,20.223,NONE,15,sequential_yolo_pose,SM-S906U1,GPU
2026-04-22 16:39:46.242,59.819,22.524,21.464,1.149,1.086,4.799,5.127,0.119,false,20.164,NONE,15,sequential_yolo_pose,SM-S906U1,GPU
2026-04-22 16:39:46.308,62.058,20.507,23.547,0.974,1.071,5.630,6.516,0.125,false,20.230,NONE,15,sequential_yolo_pose,SM-S906U1,GPU
2026-04-22 16:39:46.376,63.758,22.546,22.149,0.915,1.148,5.027,8.575,0.127,false,37.176,NONE,15,sequential_yolo_pose,SM-S906U1,GPU
2026-04-22 16:39:46.440,59.916,22.814,21.599,0.420,0.705,3.561,6.846,0.143,false,30.098,NONE,15,sequential_yolo_pose,SM-S906U1,GPU
2026-04-22 16:39:46.506,61.027,21.420,21.142,3.675,0.866,3.396,5.914,0.121,false,20.164,NONE,15,sequential_yolo_pose,SM-S906U1,GPU
2026-04-22 16:39:46.565,54.670,17.373,22.143,0.670,0.954,4.344,5.625,0.140,false,37.172,NONE,17,sequential_yolo_pose,SM-S906U1,GPU
2026-04-22 16:39:46.629,56.163,22.126,20.788,0.459,0.699,3.516,4.563,0.120,false,21.805,NONE,17,sequential_yolo_pose,SM-S906U1,GPU
2026-04-22 16:39:46.702,69.230,23.448,23.204,0.741,1.112,7.539,6.554,0.166,false,38.750,NONE,17,sequential_yolo_pose,SM-S906U1,GPU
2026-04-22 16:39:46.775,62.574,26.263,20.107,0.881,0.971,5.076,4.875,0.142,false,29.676,NONE,17,sequential_yolo_pose,SM-S906U1,GPU
2026-04-22 16:39:46.843,63.233,22.594,21.645,1.113,1.027,5.197,7.509,0.114,false,20.195,NONE,17,sequential_yolo_pose,SM-S906U1,GPU
2026-04-22 16:39:46.904,57.917,21.507,21.660,0.507,0.608,4.167,6.244,0.120,false,37.141,NONE,17,sequential_yolo_pose,SM-S906U1,GPU
2026-04-22 16:39:46.969,60.332,21.652,23.982,0.669,1.009,3.191,6.007,0.147,false,21.879,NONE,17,sequential_yolo_pose,SM-S906U1,GPU
2026-04-22 16:39:47.028,53.027,16.401,20.357,0.783,0.972,5.544,6.091,0.157,false,38.856,NONE,17,sequential_yolo_pose,SM-S906U1,GPU
2026-04-22 16:39:47.112,75.805,23.611,21.155,0.499,1.136,8.736,15.231,0.140,false,29.684,NONE,17,sequential_yolo_pose,SM-S906U1,GPU
2026-04-22 16:39:47.188,70.696,23.720,21.969,1.662,1.324,9.228,6.096,0.115,false,29.422,NONE,17,sequential_yolo_pose,SM-S906U1,GPU
2026-04-22 16:39:47.263,65.131,25.824,21.781,1.219,1.116,5.000,5.797,0.126,false,20.137,NONE,17,sequential_yolo_pose,SM-S906U1,GPU
2026-04-22 16:39:47.325,56.650,20.070,20.928,0.693,0.900,4.995,5.628,0.112,false,37.176,NONE,17,sequential_yolo_pose,SM-S906U1,GPU
2026-04-22 16:39:47.395,64.187,26.400,22.279,0.650,1.138,4.872,5.215,0.128,false,21.906,NONE,17,sequential_yolo_pose,SM-S906U1,GPU
2026-04-22 16:39:47.459,59.413,22.047,20.933,0.748,1.126,4.923,6.007,0.127,false,38.852,NONE,17,sequential_yolo_pose,SM-S906U1,GPU
2026-04-22 16:39:47.527,63.021,25.901,20.597,0.949,1.261,5.629,5.880,0.131,false,29.680,NONE,17,sequential_yolo_pose,SM-S906U1,GPU
2026-04-22 16:39:47.600,67.075,25.888,22.366,1.430,1.170,6.350,5.149,0.124,false,20.141,NONE,15,sequential_yolo_pose,SM-S906U1,GPU
2026-04-22 16:39:47.674,66.068,24.799,22.763,0.667,1.061,5.372,7.518,0.164,false,37.117,NONE,15,sequential_yolo_pose,SM-S906U1,GPU
2026-04-22 16:39:47.753,74.161,40.031,21.202,0.405,0.703,3.389,4.729,0.130,false,23.094,NONE,15,sequential_yolo_pose,SM-S906U1,GPU
2026-04-22 16:39:47.815,56.711,18.525,22.135,0.997,1.167,5.328,4.888,0.115,false,40.008,NONE,15,sequential_yolo_pose,SM-S906U1,GPU
2026-04-22 16:39:47.890,65.146,26.814,21.432,1.422,1.215,4.841,5.263,0.116,false,20.137,NONE,15,sequential_yolo_pose,SM-S906U1,GPU
2026-04-22 16:39:47.957,61.753,24.738,21.011,0.895,0.968,5.200,5.253,0.154,false,37.145,NONE,15,sequential_yolo_pose,SM-S906U1,GPU
2026-04-22 16:39:48.028,64.902,24.591,21.789,0.709,0.944,4.803,5.317,0.115,false,29.551,NONE,15,sequential_yolo_pose,SM-S906U1,GPU
2026-04-22 16:39:48.099,65.827,23.901,21.395,1.028,1.329,5.340,6.348,0.087,false,20.074,NONE,15,sequential_yolo_pose,SM-S906U1,GPU
2026-04-22 16:39:48.158,54.557,17.807,21.093,0.605,1.187,5.567,5.721,0.133,false,37.207,NONE,15,sequential_yolo_pose,SM-S906U1,GPU
2026-04-22 16:39:48.224,61.787,24.626,21.357,0.729,1.100,4.931,5.213,0.136,false,21.832,NONE,15,sequential_yolo_pose,SM-S906U1,GPU
2026-04-22 16:39:48.292,62.249,22.919,21.452,1.127,1.087,5.414,6.323,0.120,false,38.840,NONE,15,sequential_yolo_pose,SM-S906U1,GPU
2026-04-22 16:39:48.358,59.205,24.561,20.699,0.634,0.750,3.510,4.880,0.129,false,29.707,NONE,15,sequential_yolo_pose,SM-S906U1,GPU
2026-04-22 16:39:48.422,59.343,20.946,22.779,0.920,1.287,5.013,4.976,0.125,false,17.160,NONE,15,sequential_yolo_pose,SM-S906U1,GPU
2026-04-22 16:39:48.488,61.700,24.628,22.378,0.828,0.658,3.636,5.309,0.130,false,20.164,NONE,15,sequential_yolo_pose,SM-S906U1,GPU
2026-04-22 16:39:48.549,55.545,17.729,22.213,0.647,1.051,5.371,4.858,0.114,false,37.172,NONE,15,sequential_yolo_pose,SM-S906U1,GPU
2026-04-22 16:39:48.619,65.035,26.425,22.040,0.668,1.120,5.924,5.116,0.148,false,17.109,NONE,14,sequential_yolo_pose,SM-S906U1,GPU
2026-04-22 16:39:48.689,63.749,25.179,21.547,0.986,0.989,5.249,5.602,0.116,false,20.102,NONE,14,sequential_yolo_pose,SM-S906U1,GPU
2026-04-22 16:39:48.762,67.913,25.518,24.629,1.131,1.085,5.638,6.108,0.141,false,14.297,NONE,14,sequential_yolo_pose,SM-S906U1,GPU
2026-04-22 16:39:48.828,60.976,21.774,21.817,1.098,1.063,4.841,6.543,0.125,false,20.207,NONE,14,sequential_yolo_pose,SM-S906U1,GPU
2026-04-22 16:39:48.889,56.551,22.965,20.894,0.528,0.651,3.445,4.834,0.107,false,37.215,NONE,14,sequential_yolo_pose,SM-S906U1,GPU
2026-04-22 16:39:48.955,62.099,23.381,22.159,0.854,1.291,5.489,5.124,0.144,false,21.891,NONE,14,sequential_yolo_pose,SM-S906U1,GPU
2026-04-22 16:39:49.023,62.416,22.172,22.509,0.863,1.079,6.308,5.358,0.183,false,38.805,NONE,14,sequential_yolo_pose,SM-S906U1,GPU
2026-04-22 16:39:49.096,65.011,25.302,21.376,0.808,1.049,5.658,6.333,0.142,false,29.676,NONE,14,sequential_yolo_pose,SM-S906U1,GPU
2026-04-22 16:39:49.164,59.787,22.724,21.992,0.513,0.754,4.020,6.057,0.168,false,21.895,NONE,14,sequential_yolo_pose,SM-S906U1,GPU
2026-04-22 16:39:49.222,53.482,18.007,22.402,0.536,0.714,3.690,5.026,0.146,false,38.778,NONE,14,sequential_yolo_pose,SM-S906U1,GPU
2026-04-22 16:39:49.286,57.922,21.626,20.296,0.649,1.143,4.807,5.277,0.139,false,29.645,NONE,14,sequential_yolo_pose,SM-S906U1,GPU
2026-04-22 16:39:49.354,62.512,24.003,21.223,0.881,1.232,5.006,5.129,0.127,false,20.137,NONE,14,sequential_yolo_pose,SM-S906U1,GPU
2026-04-22 16:39:49.417,57.325,22.372,21.409,0.472,0.708,3.899,5.001,0.134,false,37.082,NONE,14,sequential_yolo_pose,SM-S906U1,GPU
2026-04-22 16:39:49.481,57.852,22.566,22.151,0.480,0.740,3.239,5.393,0.113,false,17.113,NONE,14,sequential_yolo_pose,SM-S906U1,GPU
2026-04-22 16:39:49.545,58.178,20.891,22.182,0.881,0.665,3.502,6.517,0.125,false,14.305,NONE,14,sequential_yolo_pose,SM-S906U1,GPU
2026-04-22 16:39:49.615,64.660,23.014,21.626,1.043,1.027,8.722,5.542,0.108,false,20.230,NONE,16,sequential_yolo_pose,SM-S906U1,GPU
2026-04-22 16:39:49.684,62.661,22.676,21.600,1.001,1.580,6.788,5.423,0.135,false,37.113,NONE,16,sequential_yolo_pose,SM-S906U1,GPU
2026-04-22 16:39:49.763,72.873,32.781,22.730,0.743,1.173,5.509,5.924,0.142,false,30.133,NONE,16,sequential_yolo_pose,SM-S906U1,GPU
2026-04-22 16:39:49.832,60.252,21.355,20.958,0.806,0.694,3.654,7.158,0.122,false,20.137,NONE,16,sequential_yolo_pose,SM-S906U1,GPU
2026-04-22 16:39:49.889,49.880,17.165,21.188,0.434,0.566,3.187,4.946,0.079,false,37.113,NONE,16,sequential_yolo_pose,SM-S906U1,GPU
2026-04-22 16:39:49.957,59.438,22.874,21.535,0.575,1.096,4.419,5.255,0.106,false,21.863,NONE,16,sequential_yolo_pose,SM-S906U1,GPU
2026-04-22 16:39:50.022,57.388,22.258,21.530,0.462,0.627,3.518,5.463,0.092,false,38.778,NONE,16,sequential_yolo_pose,SM-S906U1,GPU
2026-04-22 16:39:50.087,53.053,26.062,21.948,0.409,0.000,0.000,0.000,0.000,true,16.828,NONE,16,sequential_yolo_pose,SM-S906U1,GPU
2026-04-22 16:39:50.145,52.809,25.576,23.514,0.543,0.000,0.000,0.000,0.000,true,30.535,NONE,16,sequential_yolo_pose,SM-S906U1,GPU
2026-04-22 16:39:50.216,64.434,29.255,20.779,0.460,0.695,3.430,6.044,0.078,false,15.563,NONE,16,sequential_yolo_pose,SM-S906U1,GPU
2026-04-22 16:39:50.279,58.814,22.218,20.776,0.633,1.020,4.751,6.164,0.116,false,21.469,NONE,16,sequential_yolo_pose,SM-S906U1,GPU
2026-04-22 16:39:50.332,48.215,23.662,21.284,0.470,0.000,0.000,0.000,0.000,true,35.020,NONE,16,sequential_yolo_pose,SM-S906U1,GPU
2026-04-22 16:39:50.398,60.618,22.134,20.930,0.523,0.957,4.790,6.061,0.101,false,21.930,NONE,16,sequential_yolo_pose,SM-S906U1,GPU
2026-04-22 16:39:50.464,61.044,21.352,21.187,0.669,1.245,6.125,6.645,0.083,false,38.906,NONE,16,sequential_yolo_pose,SM-S906U1,GPU
2026-04-22 16:39:50.538,63.121,23.178,23.049,0.833,1.055,5.481,6.070,0.087,false,20.258,NONE,16,sequential_yolo_pose,SM-S906U1,GPU
2026-04-22 16:39:50.603,60.616,22.259,22.024,0.629,1.248,5.107,5.925,0.104,false,20.180,NONE,15,sequential_yolo_pose,SM-S906U1,GPU
2026-04-22 16:39:50.678,69.679,24.842,23.722,0.784,1.769,8.393,6.606,0.101,false,20.195,NONE,15,sequential_yolo_pose,SM-S906U1,GPU
2026-04-22 16:39:50.747,62.815,22.401,23.028,1.005,1.023,5.546,5.732,0.112,false,20.160,NONE,15,sequential_yolo_pose,SM-S906U1,GPU
2026-04-22 16:39:50.800,47.511,23.542,20.743,0.401,0.000,0.000,0.000,0.000,true,33.867,NONE,15,sequential_yolo_pose,SM-S906U1,GPU
2026-04-22 16:39:50.866,61.021,23.476,21.226,0.498,1.129,4.756,6.429,0.095,false,21.340,NONE,15,sequential_yolo_pose,SM-S906U1,GPU
2026-04-22 16:39:50.935,60.149,22.623,22.154,0.424,1.016,5.052,5.482,0.095,false,38.481,NONE,15,sequential_yolo_pose,SM-S906U1,GPU
2026-04-22 16:39:51.011,67.511,23.952,20.337,0.831,1.582,9.070,7.678,0.144,false,28.891,NONE,15,sequential_yolo_pose,SM-S906U1,GPU
2026-04-22 16:39:51.077,59.724,24.162,20.807,0.387,0.680,3.276,4.864,0.093,false,29.641,NONE,15,sequential_yolo_pose,SM-S906U1,GPU
2026-04-22 16:39:51.146,63.435,23.993,22.751,0.870,1.126,5.321,5.112,0.087,false,20.195,NONE,15,sequential_yolo_pose,SM-S906U1,GPU
2026-04-22 16:39:51.208,55.815,21.189,20.504,0.317,0.715,3.720,6.244,0.075,false,37.141,NONE,15,sequential_yolo_pose,SM-S906U1,GPU
2026-04-22 16:39:51.273,59.532,20.957,20.566,0.585,1.098,5.618,6.202,0.180,false,30.113,NONE,15,sequential_yolo_pose,SM-S906U1,GPU
2026-04-22 16:39:51.345,64.963,26.073,21.112,0.730,1.462,6.603,5.486,0.107,false,23.051,NONE,15,sequential_yolo_pose,SM-S906U1,GPU
2026-04-22 16:39:51.412,62.340,20.310,22.862,1.217,1.247,5.277,6.971,0.283,false,40.027,NONE,15,sequential_yolo_pose,SM-S906U1,GPU
2026-04-22 16:39:51.484,63.834,23.531,20.437,1.013,1.096,7.815,5.977,0.089,false,20.313,NONE,15,sequential_yolo_pose,SM-S906U1,GPU
2026-04-22 16:39:51.553,64.412,24.623,21.943,0.968,1.342,6.380,5.550,0.108,false,37.320,NONE,15,sequential_yolo_pose,SM-S906U1,GPU
2026-04-22 16:39:51.621,62.934,24.057,22.342,0.685,1.184,5.486,5.762,0.110,false,17.063,NONE,15,sequential_yolo_pose,SM-S906U1,GPU
2026-04-22 16:39:51.687,60.699,22.982,20.680,2.363,1.008,4.559,4.954,0.095,false,20.074,NONE,15,sequential_yolo_pose,SM-S906U1,GPU
2026-04-22 16:39:51.751,59.785,22.325,21.448,0.765,1.045,5.150,5.734,0.103,false,37.113,NONE,15,sequential_yolo_pose,SM-S906U1,GPU
2026-04-22 16:39:51.822,67.241,30.134,21.495,0.868,1.296,4.728,5.578,0.078,false,23.051,NONE,15,sequential_yolo_pose,SM-S906U1,GPU
2026-04-22 16:39:51.891,63.710,26.990,21.878,0.840,1.197,4.327,5.197,0.107,false,39.965,NONE,15,sequential_yolo_pose,SM-S906U1,GPU
2026-04-22 16:39:51.959,63.123,28.699,21.143,0.571,0.700,3.412,5.037,0.099,false,29.301,NONE,15,sequential_yolo_pose,SM-S906U1,GPU
2026-04-22 16:39:52.025,59.254,23.940,20.884,0.833,0.792,3.646,5.107,0.099,false,20.070,NONE,15,sequential_yolo_pose,SM-S906U1,GPU
2026-04-22 16:39:52.097,66.344,25.442,21.949,0.753,1.520,7.269,5.686,0.129,false,37.078,NONE,15,sequential_yolo_pose,SM-S906U1,GPU
2026-04-22 16:39:52.171,66.719,25.288,23.263,0.602,1.135,5.061,5.661,0.115,false,21.953,NONE,15,sequential_yolo_pose,SM-S906U1,GPU
2026-04-22 16:39:52.249,71.379,20.947,20.652,0.352,0.622,8.648,17.108,0.065,false,38.867,NONE,15,sequential_yolo_pose,SM-S906U1,GPU
2026-04-22 16:39:52.322,66.138,28.260,22.641,0.545,0.889,4.159,4.984,0.070,false,20.211,NONE,15,sequential_yolo_pose,SM-S906U1,GPU
2026-04-22 16:39:52.386,59.191,22.643,21.810,0.680,0.940,4.536,5.347,0.058,false,20.227,NONE,15,sequential_yolo_pose,SM-S906U1,GPU
2026-04-22 16:39:52.452,61.623,23.040,21.844,2.030,0.945,4.589,5.492,0.093,false,20.164,NONE,15,sequential_yolo_pose,SM-S906U1,GPU
2026-04-22 16:39:52.521,63.114,24.583,22.735,0.995,0.983,4.684,5.178,0.068,false,20.133,NONE,15,sequential_yolo_pose,SM-S906U1,GPU
2026-04-22 16:39:52.583,58.147,22.817,21.477,0.482,0.699,3.499,5.511,0.051,false,37.141,NONE,15,sequential_yolo_pose,SM-S906U1,GPU
2026-04-22 16:39:52.648,58.034,23.489,21.262,0.534,0.714,3.163,4.825,0.069,false,29.738,NONE,15,sequential_yolo_pose,SM-S906U1,GPU
2026-04-22 16:39:52.711,58.433,22.268,21.040,0.721,1.068,4.724,5.132,0.084,false,16.781,NONE,15,sequential_yolo_pose,SM-S906U1,GPU
2026-04-22 16:39:52.779,62.460,23.554,20.798,0.837,1.167,6.631,5.250,0.086,false,20.164,NONE,15,sequential_yolo_pose,SM-S906U1,GPU
2026-04-22 16:39:52.851,66.281,26.901,22.033,1.011,1.274,5.408,6.063,0.067,false,37.235,NONE,15,sequential_yolo_pose,SM-S906U1,GPU
2026-04-22 16:39:52.920,64.551,23.918,22.825,2.735,1.598,4.604,5.144,0.070,false,17.156,NONE,15,sequential_yolo_pose,SM-S906U1,GPU
2026-04-22 16:39:52.983,57.814,22.952,21.280,0.859,0.650,3.537,4.737,0.071,false,20.164,NONE,15,sequential_yolo_pose,SM-S906U1,GPU
2026-04-22 16:39:53.043,54.966,17.830,22.080,0.556,0.650,3.439,7.320,0.064,false,37.110,LIGHT,15,sequential_yolo_pose,SM-S906U1,GPU
2026-04-22 16:39:53.110,61.834,23.969,23.722,0.589,0.993,3.845,4.977,0.077,false,21.824,LIGHT,15,sequential_yolo_pose,SM-S906U1,GPU
2026-04-22 16:39:53.172,54.391,21.044,20.651,0.391,0.683,3.410,4.903,0.072,false,38.645,LIGHT,15,sequential_yolo_pose,SM-S906U1,GPU
2026-04-22 16:39:53.240,61.122,24.084,21.180,0.418,1.948,3.315,5.660,0.040,false,29.590,LIGHT,15,sequential_yolo_pose,SM-S906U1,GPU
2026-04-22 16:39:53.305,60.198,21.160,23.942,0.391,0.704,4.687,6.055,0.055,false,16.738,LIGHT,15,sequential_yolo_pose,SM-S906U1,GPU
2026-04-22 16:39:53.377,68.274,19.784,24.270,0.439,3.291,4.548,12.490,0.239,false,20.289,LIGHT,15,sequential_yolo_pose,SM-S906U1,GPU
2026-04-22 16:39:53.447,62.892,26.485,21.077,0.703,0.998,5.077,4.957,0.071,false,37.141,LIGHT,15,sequential_yolo_pose,SM-S906U1,GPU
2026-04-22 16:39:53.515,63.284,22.010,23.015,0.938,1.528,7.448,4.829,0.070,false,16.840,LIGHT,15,sequential_yolo_pose,SM-S906U1,GPU
2026-04-22 16:39:53.586,66.371,22.346,26.885,0.888,1.063,6.654,5.740,0.082,false,20.363,LIGHT,15,sequential_yolo_pose,SM-S906U1,GPU
2026-04-22 16:39:53.656,64.760,19.398,24.978,1.010,3.028,5.841,7.073,0.049,false,20.258,LIGHT,15,sequential_yolo_pose,SM-S906U1,GPU
2026-04-22 16:39:53.717,56.574,19.736,21.288,0.791,1.187,5.492,5.206,0.093,false,37.110,LIGHT,15,sequential_yolo_pose,SM-S906U1,GPU
2026-04-22 16:39:53.781,58.230,19.518,20.767,1.079,1.164,5.663,5.264,0.068,false,29.660,LIGHT,15,sequential_yolo_pose,SM-S906U1,GPU
2026-04-22 16:39:53.848,61.256,23.991,22.464,1.135,0.714,3.731,5.042,0.066,false,20.289,LIGHT,15,sequential_yolo_pose,SM-S906U1,GPU
2026-04-22 16:39:53.906,53.634,18.474,21.383,0.782,0.651,3.820,5.226,0.065,false,37.172,LIGHT,15,sequential_yolo_pose,SM-S906U1,GPU
2026-04-22 16:39:53.974,63.094,25.388,21.253,0.971,1.118,5.202,5.820,0.061,false,17.168,LIGHT,15,sequential_yolo_pose,SM-S906U1,GPU
2026-04-22 16:39:54.042,62.578,25.438,21.219,1.146,0.949,3.985,5.129,0.079,false,20.195,LIGHT,15,sequential_yolo_pose,SM-S906U1,GPU
2026-04-22 16:39:54.102,54.533,18.278,20.730,0.798,0.951,4.562,6.112,0.136,false,37.078,LIGHT,15,sequential_yolo_pose,SM-S906U1,GPU
2026-04-22 16:39:54.176,67.029,25.262,22.052,0.983,1.232,5.709,7.653,0.068,false,21.938,LIGHT,15,sequential_yolo_pose,SM-S906U1,GPU
2026-04-22 16:39:54.253,73.058,21.597,20.887,1.941,1.456,16.681,5.466,0.069,false,39.008,LIGHT,15,sequential_yolo_pose,SM-S906U1,GPU
2026-04-22 16:39:54.328,63.478,25.501,20.906,1.328,1.205,5.121,5.165,0.088,false,20.070,LIGHT,15,sequential_yolo_pose,SM-S906U1,GPU
2026-04-22 16:39:54.401,68.439,26.034,21.171,1.393,1.300,6.870,7.308,0.109,false,37.047,LIGHT,15,sequential_yolo_pose,SM-S906U1,GPU
2026-04-22 16:39:54.473,66.397,28.243,20.463,1.025,1.115,5.508,6.066,0.074,false,23.098,LIGHT,15,sequential_yolo_pose,SM-S906U1,GPU
2026-04-22 16:39:54.541,63.052,23.229,20.582,0.993,0.755,3.537,10.254,0.088,false,40.137,LIGHT,15,sequential_yolo_pose,SM-S906U1,GPU
2026-04-22 16:39:54.594,48.518,24.427,20.923,0.790,0.000,0.000,0.000,0.000,true,26.059,LIGHT,15,sequential_yolo_pose,SM-S906U1,GPU
2026-04-22 16:39:54.657,54.110,25.534,22.768,0.573,0.000,0.000,0.000,0.000,true,39.805,LIGHT,15,sequential_yolo_pose,SM-S906U1,GPU
2026-04-22 16:39:54.730,67.377,30.676,21.237,0.533,1.098,4.078,5.114,0.127,false,21.824,LIGHT,15,sequential_yolo_pose,SM-S906U1,GPU
2026-04-22 16:39:54.797,59.754,22.672,20.973,0.729,1.044,5.193,5.474,0.063,false,38.676,LIGHT,15,sequential_yolo_pose,SM-S906U1,GPU
2026-04-22 16:39:54.869,63.138,25.056,21.523,0.910,1.135,4.901,5.592,0.116,false,29.711,LIGHT,15,sequential_yolo_pose,SM-S906U1,GPU
2026-04-22 16:39:54.943,62.883,26.148,21.158,1.134,1.061,4.867,5.035,0.070,false,29.606,LIGHT,15,sequential_yolo_pose,SM-S906U1,GPU
2026-04-22 16:39:55.012,64.761,21.871,24.489,1.370,1.333,6.311,5.015,0.075,false,20.168,LIGHT,15,sequential_yolo_pose,SM-S906U1,GPU
2026-04-22 16:39:55.079,62.654,22.572,21.819,0.906,1.362,6.623,5.869,0.080,false,37.051,LIGHT,15,sequential_yolo_pose,SM-S906U1,GPU
2026-04-22 16:39:55.152,63.530,22.307,22.111,1.059,2.284,5.546,5.403,0.072,false,20.258,LIGHT,15,sequential_yolo_pose,SM-S906U1,GPU
2026-04-22 16:39:55.217,61.056,21.822,21.113,1.383,1.669,6.546,5.010,0.082,false,37.172,LIGHT,15,sequential_yolo_pose,SM-S906U1,GPU
2026-04-22 16:39:55.283,60.977,24.890,21.792,0.577,1.148,4.518,4.756,0.095,false,30.113,LIGHT,15,sequential_yolo_pose,SM-S906U1,GPU
2026-04-22 16:39:55.344,56.540,20.261,20.335,0.860,1.137,5.366,5.243,0.065,false,47.059,LIGHT,15,sequential_yolo_pose,SM-S906U1,GPU
2026-04-22 16:39:55.408,60.672,22.609,20.664,0.573,1.358,5.569,5.849,0.085,false,16.809,LIGHT,15,sequential_yolo_pose,SM-S906U1,GPU
2026-04-22 16:39:55.475,62.409,22.107,21.190,1.130,1.196,4.885,8.089,0.053,false,20.211,LIGHT,15,sequential_yolo_pose,SM-S906U1,GPU
2026-04-22 16:39:55.536,57.701,18.296,20.955,0.800,1.299,6.575,7.093,0.071,false,37.156,LIGHT,15,sequential_yolo_pose,SM-S906U1,GPU
2026-04-22 16:39:55.609,62.505,24.164,21.934,0.995,1.238,4.882,5.666,0.066,false,20.277,LIGHT,15,sequential_yolo_pose,SM-S906U1,GPU
2026-04-22 16:39:55.674,60.099,23.101,21.316,0.642,0.996,4.998,5.656,0.073,false,20.258,LIGHT,15,sequential_yolo_pose,SM-S906U1,GPU
2026-04-22 16:39:55.743,64.406,22.420,24.049,0.673,1.538,6.122,5.953,0.084,false,20.313,LIGHT,15,sequential_yolo_pose,SM-S906U1,GPU
2026-04-22 16:39:55.853,105.436,60.526,23.217,3.095,2.203,7.161,5.228,0.071,false,20.195,LIGHT,15,sequential_yolo_pose,SM-S906U1,GPU
2026-04-22 16:39:55.919,61.276,21.991,22.430,1.025,1.203,5.167,5.191,0.090,false,20.195,LIGHT,15,sequential_yolo_pose,SM-S906U1,GPU
2026-04-22 16:39:55.988,62.553,26.338,21.048,0.609,1.048,4.809,5.248,0.074,false,37.203,LIGHT,15,sequential_yolo_pose,SM-S906U1,GPU
2026-04-22 16:39:56.069,75.474,36.459,22.912,0.629,1.081,4.655,5.974,0.082,false,30.113,LIGHT,15,sequential_yolo_pose,SM-S906U1,GPU
2026-04-22 16:39:56.147,70.988,23.872,21.891,0.456,1.372,6.507,8.700,0.296,false,14.270,LIGHT,15,sequential_yolo_pose,SM-S906U1,GPU
2026-04-22 16:39:56.216,64.333,24.140,20.860,2.987,1.232,5.711,5.104,0.067,false,20.195,LIGHT,15,sequential_yolo_pose,SM-S906U1,GPU
2026-04-22 16:39:56.283,61.150,24.720,20.612,0.490,1.001,5.636,5.127,0.105,false,37.047,LIGHT,15,sequential_yolo_pose,SM-S906U1,GPU
2026-04-22 16:39:56.355,65.131,26.211,22.296,0.849,1.271,5.231,5.244,0.078,false,21.848,LIGHT,15,sequential_yolo_pose,SM-S906U1,GPU
2026-04-22 16:39:56.422,61.438,24.027,21.466,0.785,1.040,4.834,5.281,0.084,false,38.793,LIGHT,15,sequential_yolo_pose,SM-S906U1,GPU
2026-04-22 16:39:56.486,56.022,21.574,20.763,0.565,0.724,3.307,4.855,0.084,false,29.750,LIGHT,15,sequential_yolo_pose,SM-S906U1,GPU
2026-04-22 16:39:56.553,61.502,23.924,23.176,0.917,0.755,3.607,4.971,0.079,false,20.199,LIGHT,15,sequential_yolo_pose,SM-S906U1,GPU
2026-04-22 16:39:56.613,54.637,17.995,21.262,0.664,0.963,5.207,5.111,0.070,false,37.238,LIGHT,15,sequential_yolo_pose,SM-S906U1,GPU
2026-04-22 16:39:56.679,62.050,24.424,21.571,0.758,1.087,5.528,5.137,0.088,false,21.918,LIGHT,14,sequential_yolo_pose,SM-S906U1,GPU
2026-04-22 16:39:56.747,63.075,24.843,21.168,0.559,0.725,6.256,5.578,0.114,false,38.801,LIGHT,14,sequential_yolo_pose,SM-S906U1,GPU
2026-04-22 16:39:56.822,68.103,29.354,22.671,0.876,1.246,4.796,5.152,0.076,false,29.594,LIGHT,14,sequential_yolo_pose,SM-S906U1,GPU
2026-04-22 16:39:56.891,62.951,23.695,21.009,0.592,0.715,6.594,5.474,0.075,false,20.109,LIGHT,14,sequential_yolo_pose,SM-S906U1,GPU
2026-04-22 16:39:56.954,57.652,22.785,21.048,0.776,0.646,3.405,5.462,0.087,false,37.149,LIGHT,14,sequential_yolo_pose,SM-S906U1,GPU
2026-04-22 16:39:57.017,56.740,19.854,20.964,0.844,1.221,5.270,5.654,0.075,false,17.234,LIGHT,14,sequential_yolo_pose,SM-S906U1,GPU
2026-04-22 16:39:57.088,65.311,24.927,21.988,1.583,1.279,5.749,5.231,0.068,false,20.105,LIGHT,14,sequential_yolo_pose,SM-S906U1,GPU
2026-04-22 16:39:57.153,60.021,21.363,21.412,1.918,1.090,5.079,5.513,0.081,false,37.145,LIGHT,14,sequential_yolo_pose,SM-S906U1,GPU
2026-04-22 16:39:57.218,59.539,20.857,21.509,0.878,1.308,5.611,4.950,0.074,false,29.617,LIGHT,14,sequential_yolo_pose,SM-S906U1,GPU
2026-04-22 16:39:57.286,62.409,23.888,21.127,1.233,2.053,5.333,4.941,0.075,false,20.141,LIGHT,14,sequential_yolo_pose,SM-S906U1,GPU
2026-04-22 16:39:57.356,64.038,24.639,24.282,0.972,0.917,4.786,4.890,0.059,false,20.230,LIGHT,14,sequential_yolo_pose,SM-S906U1,GPU
2026-04-22 16:39:57.414,54.037,18.232,21.023,1.002,1.009,5.040,4.703,0.055,false,20.238,LIGHT,14,sequential_yolo_pose,SM-S906U1,GPU
2026-04-22 16:39:57.481,61.845,24.683,20.890,0.693,1.130,5.176,5.798,0.076,false,20.230,LIGHT,14,sequential_yolo_pose,SM-S906U1,GPU
2026-04-22 16:39:57.544,58.710,23.444,20.739,0.829,0.730,3.736,5.449,0.071,false,20.219,LIGHT,14,sequential_yolo_pose,SM-S906U1,GPU
2026-04-22 16:39:57.608,58.830,18.426,22.061,0.734,0.961,5.002,7.781,0.091,false,37.164,LIGHT,14,sequential_yolo_pose,SM-S906U1,GPU
2026-04-22 16:39:57.673,59.028,23.580,21.985,0.573,0.759,3.632,4.899,0.071,false,17.199,LIGHT,15,sequential_yolo_pose,SM-S906U1,GPU
2026-04-22 16:39:57.734,56.227,19.404,21.717,0.670,1.172,4.878,5.063,0.071,false,20.176,LIGHT,15,sequential_yolo_pose,SM-S906U1,GPU
2026-04-22 16:39:57.803,62.918,23.719,21.835,1.108,1.199,5.353,5.407,0.095,false,20.168,LIGHT,15,sequential_yolo_pose,SM-S906U1,GPU
2026-04-22 16:39:57.876,66.604,22.122,21.877,1.102,2.121,8.666,6.796,0.079,false,37.145,LIGHT,15,sequential_yolo_pose,SM-S906U1,GPU
2026-04-22 16:39:57.943,62.197,25.802,20.760,0.666,1.080,5.042,5.115,0.078,false,21.895,LIGHT,15,sequential_yolo_pose,SM-S906U1,GPU
2026-04-22 16:39:58.003,55.391,19.048,20.946,0.508,0.711,3.553,7.140,0.066,false,38.809,LIGHT,15,sequential_yolo_pose,SM-S906U1,GPU
2026-04-22 16:39:58.071,62.957,25.898,21.129,0.634,0.836,4.352,5.773,0.127,false,29.559,LIGHT,15,sequential_yolo_pose,SM-S906U1,GPU
2026-04-22 16:39:58.142,63.894,23.478,23.647,0.847,1.123,5.202,5.550,0.071,false,16.801,LIGHT,15,sequential_yolo_pose,SM-S906U1,GPU
2026-04-22 16:39:58.200,54.688,18.285,21.553,0.956,1.003,5.084,4.775,0.059,false,20.262,LIGHT,15,sequential_yolo_pose,SM-S906U1,GPU
2026-04-22 16:39:58.276,69.809,25.322,22.666,1.120,1.976,7.605,7.153,0.089,false,20.172,LIGHT,15,sequential_yolo_pose,SM-S906U1,GPU
2026-04-22 16:39:58.339,58.090,20.342,21.546,1.355,1.061,4.797,5.068,0.060,false,20.230,LIGHT,15,sequential_yolo_pose,SM-S906U1,GPU
2026-04-22 16:39:58.403,58.843,20.607,21.639,0.922,1.113,5.265,5.423,0.084,false,37.176,LIGHT,15,sequential_yolo_pose,SM-S906U1,GPU
2026-04-22 16:39:58.474,61.816,23.761,22.797,1.054,0.856,3.645,5.463,0.079,false,20.168,LIGHT,15,sequential_yolo_pose,SM-S906U1,GPU
2026-04-22 16:39:58.531,52.710,18.314,20.011,0.664,0.606,3.717,5.784,0.310,false,37.145,LIGHT,15,sequential_yolo_pose,SM-S906U1,GPU
2026-04-22 16:39:58.598,62.054,25.305,20.826,0.803,1.164,4.838,5.521,0.064,false,21.832,LIGHT,15,sequential_yolo_pose,SM-S906U1,GPU
2026-04-22 16:39:58.675,71.859,24.698,21.060,0.486,0.694,9.115,11.718,0.075,false,38.746,LIGHT,15,sequential_yolo_pose,SM-S906U1,GPU
2026-04-22 16:39:58.742,60.488,26.525,20.517,0.578,0.784,3.415,5.754,0.086,false,29.680,LIGHT,16,sequential_yolo_pose,SM-S906U1,GPU
2026-04-22 16:39:58.810,64.045,24.119,23.662,1.006,1.191,3.701,6.408,0.059,false,20.199,LIGHT,16,sequential_yolo_pose,SM-S906U1,GPU
2026-04-22 16:39:58.870,54.824,18.518,20.741,0.648,0.990,4.875,5.793,0.075,false,37.207,LIGHT,16,sequential_yolo_pose,SM-S906U1,GPU
2026-04-22 16:39:58.936,61.716,26.899,20.616,0.430,0.807,3.712,5.727,0.080,false,23.070,LIGHT,16,sequential_yolo_pose,SM-S906U1,GPU
2026-04-22 16:39:59.001,59.337,19.611,20.917,0.565,1.080,6.854,5.822,0.069,false,39.953,LIGHT,16,sequential_yolo_pose,SM-S906U1,GPU
2026-04-22 16:39:59.055,47.116,23.060,20.652,0.261,0.000,0.000,0.000,0.000,true,25.977,LIGHT,16,sequential_yolo_pose,SM-S906U1,GPU
2026-04-22 16:39:59.117,57.164,29.766,21.231,0.253,0.000,0.000,0.000,0.000,true,13.285,LIGHT,16,sequential_yolo_pose,SM-S906U1,GPU
2026-04-22 16:39:59.172,50.709,24.225,21.650,0.979,0.000,0.000,0.000,0.000,true,16.769,LIGHT,16,sequential_yolo_pose,SM-S906U1,GPU
2026-04-22 16:39:59.248,66.790,23.921,21.454,0.490,1.401,8.094,7.320,0.085,false,33.777,LIGHT,16,sequential_yolo_pose,SM-S906U1,GPU
2026-04-22 16:39:59.315,61.393,23.370,20.564,1.175,1.168,5.433,5.534,0.071,false,30.199,LIGHT,16,sequential_yolo_pose,SM-S906U1,GPU
2026-04-22 16:39:59.377,57.099,26.613,24.308,2.333,0.000,0.000,0.000,0.000,true,16.871,LIGHT,16,sequential_yolo_pose,SM-S906U1,GPU
2026-04-22 16:39:59.446,63.592,24.886,21.263,0.759,1.276,5.558,6.230,0.058,false,33.817,LIGHT,16,sequential_yolo_pose,SM-S906U1,GPU
2026-04-22 16:39:59.514,62.342,24.728,20.654,0.645,1.083,5.652,5.805,0.091,false,30.172,LIGHT,16,sequential_yolo_pose,SM-S906U1,GPU
2026-04-22 16:39:59.580,59.058,22.159,21.277,0.780,0.732,3.620,6.454,0.088,false,20.215,LIGHT,16,sequential_yolo_pose,SM-S906U1,GPU
2026-04-22 16:39:59.646,60.243,17.786,20.962,0.713,1.028,6.608,10.193,0.110,false,37.192,LIGHT,16,sequential_yolo_pose,SM-S906U1,GPU
2026-04-22 16:39:59.721,68.859,28.600,21.778,0.927,2.601,5.661,5.203,0.089,false,21.957,LIGHT,15,sequential_yolo_pose,SM-S906U1,GPU
2026-04-22 16:39:59.794,66.997,24.832,21.145,1.470,1.869,7.456,6.275,0.087,false,38.871,LIGHT,15,sequential_yolo_pose,SM-S906U1,GPU
2026-04-22 16:39:59.866,62.344,24.167,21.520,0.521,0.735,3.815,5.809,0.077,false,29.750,LIGHT,15,sequential_yolo_pose,SM-S906U1,GPU
2026-04-22 16:39:59.939,64.288,25.573,21.425,0.792,1.399,5.986,5.699,0.096,false,29.649,LIGHT,15,sequential_yolo_pose,SM-S906U1,GPU
2026-04-22 16:40:00.011,66.953,24.795,27.010,0.993,0.781,3.888,5.202,0.156,false,20.203,LIGHT,15,sequential_yolo_pose,SM-S906U1,GPU
2026-04-22 16:40:00.073,52.680,18.283,21.904,0.490,0.746,3.472,5.162,0.046,false,37.149,LIGHT,15,sequential_yolo_pose,SM-S906U1,GPU
2026-04-22 16:40:00.133,55.789,19.690,20.954,0.780,0.814,3.973,5.738,0.038,false,17.141,LIGHT,15,sequential_yolo_pose,SM-S906U1,GPU
2026-04-22 16:40:00.210,70.267,24.822,21.714,0.535,0.725,7.363,11.232,0.374,false,34.149,LIGHT,15,sequential_yolo_pose,SM-S906U1,GPU
2026-04-22 16:40:00.276,57.579,18.253,21.846,0.703,1.274,5.694,6.948,0.050,false,30.434,LIGHT,15,sequential_yolo_pose,SM-S906U1,GPU
2026-04-22 16:40:00.350,69.494,30.110,21.900,0.586,1.399,6.207,5.537,0.039,false,21.988,LIGHT,15,sequential_yolo_pose,SM-S906U1,GPU
2026-04-22 16:40:00.417,63.226,22.717,20.146,0.523,2.962,7.158,6.427,0.047,false,38.871,LIGHT,15,sequential_yolo_pose,SM-S906U1,GPU
2026-04-22 16:40:00.485,62.561,26.187,20.932,0.555,1.099,4.597,5.434,0.052,false,29.680,LIGHT,15,sequential_yolo_pose,SM-S906U1,GPU
2026-04-22 16:40:00.557,67.637,28.270,22.041,0.821,0.771,6.025,5.029,0.042,false,20.078,LIGHT,15,sequential_yolo_pose,SM-S906U1,GPU
2026-04-22 16:40:00.619,56.988,21.669,20.961,0.671,0.677,4.082,5.517,0.029,false,37.117,LIGHT,15,sequential_yolo_pose,SM-S906U1,GPU
2026-04-22 16:40:00.680,57.011,21.256,22.707,0.518,0.815,3.430,4.943,0.034,false,17.137,LIGHT,15,sequential_yolo_pose,SM-S906U1,GPU
2026-04-22 16:40:00.746,62.008,19.342,23.879,1.114,1.035,7.605,4.853,0.036,false,20.266,LIGHT,15,sequential_yolo_pose,SM-S906U1,GPU
2026-04-22 16:40:00.809,59.483,22.984,21.549,0.702,0.672,4.384,5.961,0.045,false,37.180,LIGHT,15,sequential_yolo_pose,SM-S906U1,GPU
2026-04-22 16:40:00.877,62.919,25.321,22.069,0.820,1.150,4.534,5.441,0.044,false,17.207,LIGHT,15,sequential_yolo_pose,SM-S906U1,GPU
2026-04-22 16:40:00.946,64.802,20.704,22.996,0.927,1.093,9.583,6.419,0.026,false,20.293,LIGHT,15,sequential_yolo_pose,SM-S906U1,GPU
2026-04-22 16:40:01.009,58.386,17.993,24.034,1.642,1.135,4.656,5.117,0.028,false,20.230,LIGHT,15,sequential_yolo_pose,SM-S906U1,GPU
2026-04-22 16:40:01.076,62.979,21.712,20.761,1.161,2.064,5.225,8.473,0.043,false,37.082,LIGHT,15,sequential_yolo_pose,SM-S906U1,GPU
2026-04-22 16:40:01.137,57.372,20.054,21.630,0.636,1.212,5.114,5.821,0.040,false,21.859,LIGHT,15,sequential_yolo_pose,SM-S906U1,GPU
2026-04-22 16:40:01.204,62.396,22.359,22.510,0.780,1.148,5.102,6.950,0.036,false,38.836,LIGHT,15,sequential_yolo_pose,SM-S906U1,GPU
2026-04-22 16:40:01.272,63.601,25.865,20.337,0.710,1.239,6.031,5.813,0.062,false,29.680,LIGHT,15,sequential_yolo_pose,SM-S906U1,GPU
2026-04-22 16:40:01.343,64.301,23.713,21.678,0.873,1.789,6.248,5.972,0.070,false,20.203,LIGHT,15,sequential_yolo_pose,SM-S906U1,GPU
2026-04-22 16:40:01.410,63.067,22.240,20.519,1.565,2.231,6.794,5.410,0.022,false,20.199,LIGHT,15,sequential_yolo_pose,SM-S906U1,GPU
2026-04-22 16:40:01.474,60.463,18.578,23.289,1.286,1.141,5.509,7.000,0.042,false,20.203,LIGHT,15,sequential_yolo_pose,SM-S906U1,GPU
2026-04-22 16:40:01.540,61.648,20.928,20.955,0.910,1.157,6.581,6.757,0.033,false,37.117,LIGHT,15,sequential_yolo_pose,SM-S906U1,GPU
2026-04-22 16:40:01.610,65.600,24.847,22.644,0.865,1.244,6.103,6.266,0.055,false,30.109,LIGHT,15,sequential_yolo_pose,SM-S906U1,GPU
2026-04-22 16:40:01.685,68.367,22.945,23.013,1.535,1.419,7.957,6.147,0.040,false,20.172,LIGHT,15,sequential_yolo_pose,SM-S906U1,GPU
2026-04-22 16:40:01.754,63.506,24.687,22.043,0.780,0.947,6.670,4.930,0.040,false,37.305,LIGHT,15,sequential_yolo_pose,SM-S906U1,GPU
2026-04-22 16:40:01.825,66.016,24.889,20.961,1.376,1.672,7.364,5.890,0.034,false,29.676,LIGHT,15,sequential_yolo_pose,SM-S906U1,GPU
2026-04-22 16:40:01.896,65.157,28.029,21.783,0.950,1.095,4.489,5.212,0.040,false,21.899,LIGHT,15,sequential_yolo_pose,SM-S906U1,GPU
2026-04-22 16:40:01.962,59.555,23.469,21.384,1.063,0.665,3.839,5.405,0.058,false,38.813,LIGHT,15,sequential_yolo_pose,SM-S906U1,GPU
2026-04-22 16:40:02.033,55.653,18.334,20.655,1.473,1.173,5.075,5.334,0.038,false,20.199,LIGHT,15,sequential_yolo_pose,SM-S906U1,GPU
2026-04-22 16:40:02.095,57.989,20.660,21.083,0.742,1.234,5.527,5.455,0.045,false,37.238,LIGHT,15,sequential_yolo_pose,SM-S906U1,GPU
2026-04-22 16:40:02.149,48.781,24.319,20.915,0.358,0.000,0.000,0.000,0.000,true,26.816,LIGHT,15,sequential_yolo_pose,SM-S906U1,GPU
2026-04-22 16:40:02.213,59.934,24.628,20.544,0.598,1.081,5.036,4.898,0.028,false,43.676,LIGHT,15,sequential_yolo_pose,SM-S906U1,GPU
2026-04-22 16:40:02.290,70.169,27.500,21.359,0.651,1.028,6.644,6.129,0.040,false,30.250,LIGHT,15,sequential_yolo_pose,SM-S906U1,GPU
2026-04-22 16:40:02.357,62.926,25.108,21.544,0.629,1.208,4.715,5.356,0.066,false,29.336,LIGHT,15,sequential_yolo_pose,SM-S906U1,GPU
2026-04-22 16:40:02.425,62.137,25.357,22.496,0.798,0.689,3.789,4.672,0.038,false,20.172,LIGHT,15,sequential_yolo_pose,SM-S906U1,GPU
2026-04-22 16:40:02.485,55.308,19.580,20.250,0.682,1.039,4.636,5.547,0.034,false,37.149,LIGHT,15,sequential_yolo_pose,SM-S906U1,GPU
2026-04-22 16:40:02.557,65.409,27.944,21.061,0.658,1.156,5.122,5.483,0.041,false,21.926,LIGHT,15,sequential_yolo_pose,SM-S906U1,GPU
2026-04-22 16:40:02.615,53.727,17.605,21.339,0.679,1.003,4.909,5.169,0.056,false,38.809,LIGHT,15,sequential_yolo_pose,SM-S906U1,GPU
2026-04-22 16:40:02.681,60.652,24.447,22.380,0.712,0.750,3.324,4.852,0.038,false,29.617,LIGHT,15,sequential_yolo_pose,SM-S906U1,GPU
2026-04-22 16:40:02.750,64.827,25.738,22.621,1.039,1.330,5.279,4.886,0.028,false,21.965,LIGHT,15,sequential_yolo_pose,SM-S906U1,GPU
2026-04-22 16:40:02.820,64.309,21.837,23.538,1.465,1.841,5.923,5.497,0.055,false,39.004,LIGHT,15,sequential_yolo_pose,SM-S906U1,GPU
2026-04-22 16:40:02.890,60.942,24.968,21.196,0.927,1.300,3.540,4.871,0.041,false,20.168,LIGHT,15,sequential_yolo_pose,SM-S906U1,GPU
2026-04-22 16:40:02.950,55.907,19.627,21.173,0.780,1.103,4.842,4.970,0.030,false,37.113,LIGHT,15,sequential_yolo_pose,SM-S906U1,GPU
2026-04-22 16:40:03.016,61.790,24.078,22.007,0.773,1.046,4.936,5.468,0.040,false,17.148,LIGHT,15,sequential_yolo_pose,SM-S906U1,GPU
2026-04-22 16:40:03.080,59.769,23.996,21.945,0.641,0.639,3.989,4.624,0.038,false,20.230,LIGHT,15,sequential_yolo_pose,SM-S906U1,GPU
2026-04-22 16:40:03.140,54.717,18.994,21.600,0.521,0.688,3.543,5.723,0.032,false,37.176,LIGHT,15,sequential_yolo_pose,SM-S906U1,GPU
2026-04-22 16:40:03.209,65.108,27.099,22.188,0.640,1.218,5.565,4.867,0.044,false,21.832,LIGHT,15,sequential_yolo_pose,SM-S906U1,GPU
2026-04-22 16:40:03.270,56.612,19.131,20.228,0.601,0.986,4.632,6.648,0.086,false,38.684,LIGHT,15,sequential_yolo_pose,SM-S906U1,GPU
2026-04-22 16:40:03.344,67.308,28.301,20.683,1.202,1.450,5.888,5.684,0.046,false,29.621,LIGHT,15,sequential_yolo_pose,SM-S906U1,GPU
2026-04-22 16:40:03.410,62.092,22.677,22.703,1.316,1.139,5.060,5.148,0.038,false,20.172,LIGHT,15,sequential_yolo_pose,SM-S906U1,GPU
2026-04-22 16:40:03.476,62.921,21.987,20.535,0.527,1.200,4.912,10.446,0.027,false,37.149,LIGHT,15,sequential_yolo_pose,SM-S906U1,GPU
2026-04-22 16:40:03.532,53.421,18.409,21.226,0.388,1.212,4.557,5.195,0.028,false,21.910,LIGHT,15,sequential_yolo_pose,SM-S906U1,GPU
2026-04-22 16:40:03.586,48.622,24.166,20.744,0.474,0.000,0.000,0.000,0.000,true,35.524,LIGHT,15,sequential_yolo_pose,SM-S906U1,GPU
2026-04-22 16:40:03.649,57.746,29.674,23.815,0.495,0.000,0.000,0.000,0.000,true,18.563,LIGHT,15,sequential_yolo_pose,SM-S906U1,GPU
2026-04-22 16:40:03.712,57.566,27.593,25.892,0.537,0.000,0.000,0.000,0.000,true,32.145,LIGHT,15,sequential_yolo_pose,SM-S906U1,GPU
2026-04-22 16:40:03.781,63.765,34.229,25.256,0.528,0.000,0.000,0.000,0.000,true,18.242,LIGHT,16,sequential_yolo_pose,SM-S906U1,GPU
2026-04-22 16:40:03.862,75.371,26.342,28.537,0.933,1.501,7.105,6.823,0.037,false,35.188,LIGHT,16,sequential_yolo_pose,SM-S906U1,GPU
2026-04-22 16:40:03.950,83.271,31.705,28.773,0.702,1.506,8.407,7.498,0.069,false,21.914,LIGHT,16,sequential_yolo_pose,SM-S906U1,GPU
2026-04-22 16:40:04.032,75.527,26.978,26.333,0.834,1.494,6.702,8.777,0.048,false,38.797,LIGHT,16,sequential_yolo_pose,SM-S906U1,GPU
2026-04-22 16:40:04.129,88.865,27.665,28.536,1.693,5.721,7.969,8.546,0.054,false,29.668,LIGHT,16,sequential_yolo_pose,SM-S906U1,GPU
2026-04-22 16:40:04.220,81.464,32.068,28.550,1.120,1.394,6.227,7.352,0.041,false,21.914,LIGHT,16,sequential_yolo_pose,SM-S906U1,GPU
2026-04-22 16:40:04.295,69.761,26.116,27.344,0.627,0.787,4.120,6.596,0.041,false,38.797,LIGHT,16,sequential_yolo_pose,SM-S906U1,GPU
2026-04-22 16:40:04.369,69.610,24.228,26.514,1.011,1.446,6.142,7.193,0.056,false,29.625,LIGHT,16,sequential_yolo_pose,SM-S906U1,GPU
2026-04-22 16:40:04.457,80.702,28.114,28.055,1.492,3.488,7.121,7.062,0.044,false,20.172,LIGHT,16,sequential_yolo_pose,SM-S906U1,GPU
2026-04-22 16:40:04.538,76.233,25.425,25.904,1.309,1.331,7.004,10.517,0.048,false,20.109,LIGHT,16,sequential_yolo_pose,SM-S906U1,GPU
2026-04-22 16:40:04.622,77.638,27.401,27.720,1.073,4.288,5.957,6.703,0.056,false,20.234,LIGHT,16,sequential_yolo_pose,SM-S906U1,GPU
2026-04-22 16:40:04.701,73.360,25.885,25.967,1.288,1.737,6.419,7.346,0.057,false,20.172,LIGHT,16,sequential_yolo_pose,SM-S906U1,GPU
2026-04-22 16:40:04.788,80.774,24.406,29.245,0.734,1.324,11.856,9.433,0.042,false,37.211,LIGHT,16,sequential_yolo_pose,SM-S906U1,GPU
2026-04-22 16:40:04.871,76.705,28.438,26.412,0.893,1.696,6.806,7.949,0.037,false,29.469,LIGHT,12,sequential_yolo_pose,SM-S906U1,GPU
2026-04-22 16:40:04.950,74.096,26.034,29.598,0.998,2.799,4.164,6.191,0.060,false,20.203,LIGHT,12,sequential_yolo_pose,SM-S906U1,GPU
2026-04-22 16:40:05.031,74.614,26.230,30.621,0.680,1.300,5.162,6.493,0.056,false,20.227,LIGHT,12,sequential_yolo_pose,SM-S906U1,GPU
2026-04-22 16:40:05.149,111.345,51.829,36.343,1.278,1.817,7.038,8.264,0.046,false,20.266,LIGHT,12,sequential_yolo_pose,SM-S906U1,GPU
2026-04-22 16:40:05.228,72.438,26.737,27.303,0.693,1.347,5.693,6.574,0.049,false,20.199,LIGHT,12,sequential_yolo_pose,SM-S906U1,GPU
2026-04-22 16:40:05.307,74.427,25.092,26.268,1.245,1.342,6.845,9.200,0.032,false,20.109,LIGHT,12,sequential_yolo_pose,SM-S906U1,GPU
2026-04-22 16:40:05.392,78.044,28.771,28.394,1.272,1.384,5.880,7.113,0.049,false,20.141,LIGHT,12,sequential_yolo_pose,SM-S906U1,GPU
2026-04-22 16:40:05.465,67.605,20.870,27.441,0.740,1.302,5.928,7.816,0.070,false,37.149,LIGHT,12,sequential_yolo_pose,SM-S906U1,GPU
2026-04-22 16:40:05.547,75.787,28.165,26.865,0.687,1.374,6.894,7.414,0.040,false,17.234,LIGHT,12,sequential_yolo_pose,SM-S906U1,GPU
2026-04-22 16:40:05.627,74.799,27.905,28.106,0.910,1.448,5.808,6.412,0.048,false,20.141,LIGHT,12,sequential_yolo_pose,SM-S906U1,GPU
2026-04-22 16:40:05.706,73.828,26.570,28.254,1.069,1.161,5.275,7.169,0.042,false,20.172,LIGHT,12,sequential_yolo_pose,SM-S906U1,GPU
2026-04-22 16:40:05.783,71.711,25.944,25.923,1.315,1.265,6.004,6.801,0.059,false,20.211,LIGHT,12,sequential_yolo_pose,SM-S906U1,GPU
2026-04-22 16:40:05.863,74.398,26.893,28.136,1.179,1.298,5.744,6.607,0.047,false,20.234,LIGHT,13,sequential_yolo_pose,SM-S906U1,GPU
2026-04-22 16:40:05.943,74.554,28.189,27.962,0.865,1.180,5.314,7.138,0.054,false,20.105,LIGHT,13,sequential_yolo_pose,SM-S906U1,GPU
2026-04-22 16:40:06.024,74.849,27.769,28.773,1.070,1.041,5.277,6.303,0.051,false,20.293,LIGHT,13,sequential_yolo_pose,SM-S906U1,GPU
2026-04-22 16:40:06.101,70.492,25.175,24.986,1.552,1.403,5.644,6.856,0.035,false,20.172,LIGHT,13,sequential_yolo_pose,SM-S906U1,GPU
2026-04-22 16:40:06.179,69.164,20.482,26.481,1.588,1.914,8.525,6.832,0.043,false,37.117,LIGHT,13,sequential_yolo_pose,SM-S906U1,GPU
2026-04-22 16:40:06.264,77.521,30.719,25.865,1.051,1.449,5.745,8.468,0.057,false,28.707,LIGHT,13,sequential_yolo_pose,SM-S906U1,GPU
2026-04-22 16:40:06.349,75.499,26.947,27.678,1.308,1.335,6.151,7.772,0.039,false,20.234,LIGHT,13,sequential_yolo_pose,SM-S906U1,GPU
2026-04-22 16:40:06.426,72.854,25.094,28.037,1.429,1.388,5.432,7.370,0.055,false,20.137,LIGHT,13,sequential_yolo_pose,SM-S906U1,GPU
2026-04-22 16:40:06.503,71.436,25.330,26.655,1.253,1.169,5.515,7.184,0.041,false,20.230,LIGHT,13,sequential_yolo_pose,SM-S906U1,GPU
2026-04-22 16:40:06.581,71.404,20.394,28.098,0.671,1.608,10.863,6.639,0.044,false,20.199,LIGHT,13,sequential_yolo_pose,SM-S906U1,GPU
2026-04-22 16:40:06.647,61.315,29.417,27.916,0.243,0.000,0.000,0.000,0.000,true,16.715,LIGHT,13,sequential_yolo_pose,SM-S906U1,GPU
2026-04-22 16:40:06.711,59.049,26.823,28.264,0.436,0.000,0.000,0.000,0.000,true,30.484,LIGHT,13,sequential_yolo_pose,SM-S906U1,GPU
2026-04-22 16:40:06.796,79.131,31.302,27.754,0.498,1.224,5.391,8.109,0.052,false,21.922,LIGHT,13,sequential_yolo_pose,SM-S906U1,GPU
2026-04-22 16:40:06.873,72.036,25.969,25.867,0.788,1.378,6.014,7.483,0.051,false,38.836,LIGHT,13,sequential_yolo_pose,SM-S906U1,GPU
2026-04-22 16:40:06.965,81.080,31.743,28.603,1.231,1.222,6.069,7.509,0.041,false,20.355,LIGHT,13,sequential_yolo_pose,SM-S906U1,GPU
2026-04-22 16:40:07.051,81.412,27.787,28.486,1.964,1.980,9.171,7.497,0.045,false,37.270,LIGHT,13,sequential_yolo_pose,SM-S906U1,GPU
2026-04-22 16:40:07.134,70.763,24.439,26.023,1.014,1.523,6.141,6.975,0.044,false,20.105,LIGHT,13,sequential_yolo_pose,SM-S906U1,GPU
2026-04-22 16:40:07.224,81.672,27.434,27.356,2.364,3.736,9.766,6.378,0.030,false,20.168,LIGHT,13,sequential_yolo_pose,SM-S906U1,GPU
2026-04-22 16:40:07.299,70.215,25.865,26.985,0.947,1.239,5.337,5.903,0.031,false,20.289,LIGHT,13,sequential_yolo_pose,SM-S906U1,GPU
2026-04-22 16:40:07.383,78.527,25.593,27.915,1.583,1.297,7.910,9.118,0.032,false,20.203,LIGHT,13,sequential_yolo_pose,SM-S906U1,GPU
2026-04-22 16:40:07.463,75.384,26.404,28.864,1.222,1.276,6.300,6.865,0.047,false,20.141,LIGHT,13,sequential_yolo_pose,SM-S906U1,GPU
2026-04-22 16:40:07.547,79.169,27.485,30.494,1.106,1.305,6.408,7.156,0.045,false,20.203,LIGHT,13,sequential_yolo_pose,SM-S906U1,GPU
2026-04-22 16:40:07.623,70.637,25.700,26.780,1.111,1.341,5.054,6.302,0.037,false,20.152,LIGHT,13,sequential_yolo_pose,SM-S906U1,GPU
2026-04-22 16:40:07.706,77.404,27.095,30.033,1.197,1.166,5.792,7.696,0.039,false,20.230,LIGHT,13,sequential_yolo_pose,SM-S906U1,GPU
2026-04-22 16:40:07.783,72.269,26.709,27.182,0.907,1.447,5.755,6.112,0.038,false,20.262,LIGHT,13,sequential_yolo_pose,SM-S906U1,GPU
2026-04-22 16:40:07.839,51.910,22.198,25.996,0.321,0.000,0.000,0.000,0.000,true,16.867,LIGHT,12,sequential_yolo_pose,SM-S906U1,GPU
2026-04-22 16:40:07.900,56.380,25.408,27.168,0.300,0.000,0.000,0.000,0.000,true,30.637,LIGHT,12,sequential_yolo_pose,SM-S906U1,GPU
2026-04-22 16:40:07.994,85.890,35.357,25.574,1.969,2.067,7.710,7.379,0.045,false,21.766,LIGHT,12,sequential_yolo_pose,SM-S906U1,GPU
2026-04-22 16:40:08.061,61.191,24.751,27.504,0.386,0.000,0.000,0.000,0.000,true,35.504,LIGHT,12,sequential_yolo_pose,SM-S906U1,GPU
2026-04-22 16:40:08.134,66.997,33.285,29.099,0.369,0.000,0.000,0.000,0.000,true,18.570,LIGHT,12,sequential_yolo_pose,SM-S906U1,GPU
2026-04-22 16:40:08.204,63.117,27.142,30.794,0.463,0.000,0.000,0.000,0.000,true,32.184,LIGHT,12,sequential_yolo_pose,SM-S906U1,GPU
2026-04-22 16:40:08.282,65.651,31.071,28.734,0.392,0.000,0.000,0.000,0.000,true,18.070,LIGHT,12,sequential_yolo_pose,SM-S906U1,GPU
2026-04-22 16:40:08.381,93.394,32.793,30.144,1.074,2.406,8.982,11.590,0.091,false,35.047,LIGHT,12,sequential_yolo_pose,SM-S906U1,GPU
2026-04-22 16:40:08.459,72.602,27.683,27.328,0.580,1.300,5.159,6.130,0.042,false,17.191,LIGHT,12,sequential_yolo_pose,SM-S906U1,GPU
2026-04-22 16:40:08.523,58.071,25.995,27.169,0.994,0.000,0.000,0.000,0.000,true,16.676,LIGHT,12,sequential_yolo_pose,SM-S906U1,GPU
2026-04-22 16:40:08.612,83.162,34.410,26.807,0.710,1.309,6.144,7.748,0.046,false,33.840,LIGHT,12,sequential_yolo_pose,SM-S906U1,GPU
2026-04-22 16:40:08.688,69.989,27.759,26.539,0.652,0.811,3.905,6.251,0.050,false,30.176,LIGHT,12,sequential_yolo_pose,SM-S906U1,GPU
2026-04-22 16:40:08.774,80.073,30.362,25.963,0.938,1.507,5.806,11.154,0.032,false,21.973,LIGHT,12,sequential_yolo_pose,SM-S906U1,GPU
2026-04-22 16:40:08.852,73.833,22.838,28.472,1.005,1.596,10.104,6.563,0.030,false,38.887,LIGHT,13,sequential_yolo_pose,SM-S906U1,GPU
2026-04-22 16:40:08.933,72.243,26.975,27.045,0.595,1.279,5.152,7.010,0.043,false,20.324,LIGHT,13,sequential_yolo_pose,SM-S906U1,GPU
2026-04-22 16:40:09.021,83.093,27.448,27.459,1.218,5.485,10.020,6.899,0.062,false,20.199,LIGHT,13,sequential_yolo_pose,SM-S906U1,GPU
2026-04-22 16:40:09.100,72.353,26.314,27.065,1.396,1.131,5.386,6.581,0.038,false,20.270,LIGHT,13,sequential_yolo_pose,SM-S906U1,GPU
2026-04-22 16:40:09.174,69.872,25.279,26.891,0.643,1.191,5.017,6.757,0.062,false,20.203,LIGHT,13,sequential_yolo_pose,SM-S906U1,GPU
2026-04-22 16:40:09.256,74.559,26.334,27.989,1.245,1.205,6.090,6.718,0.063,false,20.199,LIGHT,13,sequential_yolo_pose,SM-S906U1,GPU
2026-04-22 16:40:09.345,83.736,27.166,28.740,0.917,1.408,6.425,14.527,0.032,false,20.262,LIGHT,13,sequential_yolo_pose,SM-S906U1,GPU
2026-04-22 16:40:09.423,74.102,23.630,30.641,1.284,1.199,5.396,7.529,0.131,false,20.266,LIGHT,13,sequential_yolo_pose,SM-S906U1,GPU
2026-04-22 16:40:09.496,67.242,21.406,25.383,1.482,1.405,5.626,6.908,0.042,false,20.078,LIGHT,13,sequential_yolo_pose,SM-S906U1,GPU
2026-04-22 16:40:09.579,76.173,26.793,29.098,0.603,0.878,4.388,10.176,0.043,false,37.149,LIGHT,13,sequential_yolo_pose,SM-S906U1,GPU
2026-04-22 16:40:09.665,81.767,30.745,27.990,1.030,1.635,6.367,8.874,0.049,false,30.149,LIGHT,13,sequential_yolo_pose,SM-S906U1,GPU
2026-04-22 16:40:09.748,76.893,24.043,26.977,4.421,1.809,7.611,6.782,0.046,false,20.172,LIGHT,13,sequential_yolo_pose,SM-S906U1,GPU
2026-04-22 16:40:09.826,73.016,27.008,26.483,0.881,1.563,5.312,7.512,0.042,false,37.117,LIGHT,13,sequential_yolo_pose,SM-S906U1,GPU
2026-04-22 16:40:09.905,72.054,27.273,26.506,0.975,1.319,5.825,5.843,0.046,false,22.020,LIGHT,13,sequential_yolo_pose,SM-S906U1,GPU
2026-04-22 16:40:09.995,83.547,26.950,28.262,2.080,2.654,10.395,8.863,0.032,false,38.965,LIGHT,13,sequential_yolo_pose,SM-S906U1,GPU
2026-04-22 16:40:10.086,77.003,27.332,26.996,1.264,3.413,6.092,7.035,0.046,false,20.230,LIGHT,13,sequential_yolo_pose,SM-S906U1,GPU
2026-04-22 16:40:10.166,75.432,27.282,28.999,1.066,1.250,5.275,7.145,0.062,false,20.168,LIGHT,13,sequential_yolo_pose,SM-S906U1,GPU
2026-04-22 16:40:10.244,73.611,26.229,26.587,1.223,1.477,6.588,6.213,0.064,false,20.234,LIGHT,13,sequential_yolo_pose,SM-S906U1,GPU
2026-04-22 16:40:10.322,71.630,27.452,28.507,0.384,0.829,3.772,6.751,0.045,false,37.149,LIGHT,13,sequential_yolo_pose,SM-S906U1,GPU
2026-04-22 16:40:10.394,67.325,24.009,26.113,0.565,1.179,5.985,6.433,0.046,false,29.594,LIGHT,13,sequential_yolo_pose,SM-S906U1,GPU
2026-04-22 16:40:10.483,81.197,28.768,28.613,3.900,1.334,5.964,7.148,0.052,false,20.234,LIGHT,13,sequential_yolo_pose,SM-S906U1,GPU
2026-04-22 16:40:10.569,80.445,29.597,29.939,0.767,1.509,5.736,8.177,0.112,false,37.149,LIGHT,13,sequential_yolo_pose,SM-S906U1,GPU
2026-04-22 16:40:10.645,68.470,25.074,27.167,0.697,1.356,4.981,6.021,0.045,false,21.918,LIGHT,13,sequential_yolo_pose,SM-S906U1,GPU
2026-04-22 16:40:10.724,73.115,26.400,26.237,0.769,1.618,6.462,7.683,0.032,false,38.863,LIGHT,13,sequential_yolo_pose,SM-S906U1,GPU
2026-04-22 16:40:10.813,85.151,31.630,28.899,1.036,1.672,7.512,10.886,0.058,false,29.617,LIGHT,13,sequential_yolo_pose,SM-S906U1,GPU
2026-04-22 16:40:10.892,71.963,25.060,27.484,0.994,1.401,5.511,6.463,0.065,false,20.230,LIGHT,12,sequential_yolo_pose,SM-S906U1,GPU
2026-04-22 16:40:10.973,76.272,26.432,28.155,1.431,1.268,6.197,8.354,0.045,false,20.141,LIGHT,12,sequential_yolo_pose,SM-S906U1,GPU
2026-04-22 16:40:11.051,70.750,24.681,26.747,0.821,1.303,5.953,7.246,0.037,false,37.211,LIGHT,12,sequential_yolo_pose,SM-S906U1,GPU
2026-04-22 16:40:11.143,84.234,32.426,27.891,1.468,1.814,6.959,8.547,0.463,false,29.680,LIGHT,12,sequential_yolo_pose,SM-S906U1,GPU
2026-04-22 16:40:11.222,74.134,27.652,26.503,1.304,1.329,5.803,7.246,0.047,false,20.234,LIGHT,12,sequential_yolo_pose,SM-S906U1,GPU
2026-04-22 16:40:11.305,78.628,27.700,27.745,0.950,1.422,6.274,10.277,0.035,false,37.149,LIGHT,12,sequential_yolo_pose,SM-S906U1,GPU
2026-04-22 16:40:11.390,67.196,23.623,26.127,0.711,1.123,5.461,6.200,0.042,false,20.344,LIGHT,12,sequential_yolo_pose,SM-S906U1,GPU
2026-04-22 16:40:11.457,63.155,20.067,25.893,0.745,1.431,5.407,6.642,0.055,false,20.293,LIGHT,12,sequential_yolo_pose,SM-S906U1,GPU
2026-04-22 16:40:11.530,69.317,24.327,25.288,1.213,1.249,5.915,6.803,0.051,false,20.141,LIGHT,12,sequential_yolo_pose,SM-S906U1,GPU
2026-04-22 16:40:11.605,67.823,21.011,27.498,0.947,1.357,6.182,7.779,0.049,false,20.297,LIGHT,12,sequential_yolo_pose,SM-S906U1,GPU
2026-04-22 16:40:11.686,77.098,27.413,28.594,0.966,1.546,6.775,7.847,0.051,false,20.266,LIGHT,12,sequential_yolo_pose,SM-S906U1,GPU
2026-04-22 16:40:11.766,74.232,26.485,26.885,1.348,1.509,5.439,7.862,0.041,false,20.168,LIGHT,12,sequential_yolo_pose,SM-S906U1,GPU
2026-04-22 16:40:11.851,79.255,26.126,27.685,0.918,2.455,5.727,7.348,0.050,false,20.172,LIGHT,12,sequential_yolo_pose,SM-S906U1,GPU
2026-04-22 16:40:11.925,68.702,25.287,25.992,0.838,1.219,5.401,6.050,0.036,false,37.305,LIGHT,13,sequential_yolo_pose,SM-S906U1,GPU
2026-04-22 16:40:11.997,67.532,23.833,25.748,0.625,1.453,5.133,6.585,0.053,false,21.859,LIGHT,13,sequential_yolo_pose,SM-S906U1,GPU
2026-04-22 16:40:12.074,71.758,24.412,26.966,0.585,0.734,4.004,11.024,0.050,false,38.774,LIGHT,13,sequential_yolo_pose,SM-S906U1,GPU
2026-04-22 16:40:12.153,73.762,28.300,28.266,0.619,1.689,5.645,6.435,0.051,false,29.680,LIGHT,13,sequential_yolo_pose,SM-S906U1,GPU
2026-04-22 16:40:12.232,73.777,27.590,26.741,0.802,1.178,5.827,7.144,0.055,false,46.500,LIGHT,13,sequential_yolo_pose,SM-S906U1,GPU
2026-04-22 16:40:12.313,73.918,26.752,28.778,0.806,1.260,5.421,6.533,0.066,false,16.785,LIGHT,13,sequential_yolo_pose,SM-S906U1,GPU
2026-04-22 16:40:12.391,72.154,27.089,26.349,0.885,1.151,5.380,6.883,0.045,false,20.195,LIGHT,13,sequential_yolo_pose,SM-S906U1,GPU
2026-04-22 16:40:12.466,70.630,26.243,27.339,0.781,1.232,5.068,6.058,0.040,false,20.219,LIGHT,13,sequential_yolo_pose,SM-S906U1,GPU
2026-04-22 16:40:12.540,68.541,20.137,27.599,0.966,1.501,6.144,8.501,0.049,false,20.281,LIGHT,13,sequential_yolo_pose,SM-S906U1,GPU
2026-04-22 16:40:12.601,56.249,24.157,27.904,0.427,0.000,0.000,0.000,0.000,true,33.863,LIGHT,13,sequential_yolo_pose,SM-S906U1,GPU
2026-04-22 16:40:12.674,64.448,30.330,28.247,2.110,0.000,0.000,0.000,0.000,true,18.082,LIGHT,13,sequential_yolo_pose,SM-S906U1,GPU
2026-04-22 16:40:12.753,73.693,23.120,29.830,0.812,1.522,7.372,6.638,0.047,false,35.090,LIGHT,13,sequential_yolo_pose,SM-S906U1,GPU
2026-04-22 16:40:12.825,66.503,23.393,26.474,0.510,0.873,3.889,7.349,0.046,false,21.910,LIGHT,13,sequential_yolo_pose,SM-S906U1,GPU
2026-04-22 16:40:12.887,56.615,25.693,26.507,0.710,0.000,0.000,0.000,0.000,true,35.492,LIGHT,13,sequential_yolo_pose,SM-S906U1,GPU
2026-04-22 16:40:12.974,81.048,33.895,29.023,0.606,1.169,5.440,6.250,0.038,false,17.297,LIGHT,14,sequential_yolo_pose,SM-S906U1,GPU
2026-04-22 16:40:13.050,70.922,25.621,25.961,0.962,1.209,5.936,6.729,0.050,false,20.203,LIGHT,14,sequential_yolo_pose,SM-S906U1,GPU
2026-04-22 16:40:13.127,71.633,25.997,27.452,0.518,1.492,5.299,6.818,0.049,false,20.328,LIGHT,14,sequential_yolo_pose,SM-S906U1,GPU
2026-04-22 16:40:13.209,77.071,25.645,27.003,0.627,1.370,5.085,13.293,0.033,false,20.172,LIGHT,14,sequential_yolo_pose,SM-S906U1,GPU
2026-04-22 16:40:13.284,69.702,20.606,27.503,1.333,1.623,8.346,6.562,0.085,false,20.195,LIGHT,14,sequential_yolo_pose,SM-S906U1,GPU
2026-04-22 16:40:13.355,67.216,20.494,26.462,1.475,2.739,5.988,6.455,0.048,false,15.574,LIGHT,14,sequential_yolo_pose,SM-S906U1,GPU
2026-04-22 16:40:13.436,74.928,28.830,25.850,0.671,1.285,6.271,7.870,0.067,false,21.504,LIGHT,14,sequential_yolo_pose,SM-S906U1,GPU
2026-04-22 16:40:13.524,79.731,29.122,27.807,1.163,2.209,6.907,7.951,0.037,false,38.387,LIGHT,14,sequential_yolo_pose,SM-S906U1,GPU
2026-04-22 16:40:13.610,77.017,30.084,27.803,1.265,1.286,5.503,6.368,0.047,false,20.270,LIGHT,14,sequential_yolo_pose,SM-S906U1,GPU
2026-04-22 16:40:13.690,75.634,26.376,29.615,1.167,1.279,5.981,6.635,0.052,false,20.172,LIGHT,14,sequential_yolo_pose,SM-S906U1,GPU
2026-04-22 16:40:13.770,75.720,27.211,27.109,1.081,1.367,5.667,8.399,0.032,false,20.141,LIGHT,14,sequential_yolo_pose,SM-S906U1,GPU
2026-04-22 16:40:13.857,79.681,29.812,28.376,1.441,2.226,5.906,6.985,0.045,false,20.203,LIGHT,14,sequential_yolo_pose,SM-S906U1,GPU
2026-04-22 16:40:13.931,69.328,22.608,26.559,1.169,1.914,5.553,6.978,0.039,false,20.293,LIGHT,12,sequential_yolo_pose,SM-S906U1,GPU
2026-04-22 16:40:14.014,77.281,25.169,29.039,0.699,0.910,5.053,12.337,0.039,false,37.238,LIGHT,12,sequential_yolo_pose,SM-S906U1,GPU
2026-04-22 16:40:14.090,71.700,26.752,27.258,1.320,1.473,5.344,6.416,0.031,false,30.149,LIGHT,12,sequential_yolo_pose,SM-S906U1,GPU
2026-04-22 16:40:14.170,75.247,25.184,26.124,1.326,1.924,8.404,8.016,0.089,false,47.032,LIGHT,12,sequential_yolo_pose,SM-S906U1,GPU
2026-04-22 16:40:14.257,77.834,30.505,29.277,0.940,1.243,5.034,6.351,0.050,false,16.848,LIGHT,12,sequential_yolo_pose,SM-S906U1,GPU
2026-04-22 16:40:14.336,74.119,25.701,25.939,1.381,1.417,5.747,7.194,0.046,false,20.172,LIGHT,12,sequential_yolo_pose,SM-S906U1,GPU
2026-04-22 16:40:14.418,76.566,24.822,27.831,0.843,1.393,10.585,7.092,0.046,false,37.242,LIGHT,12,sequential_yolo_pose,SM-S906U1,GPU
2026-04-22 16:40:14.507,82.531,32.357,27.432,0.814,1.346,5.492,9.823,0.072,false,30.149,LIGHT,12,sequential_yolo_pose,SM-S906U1,GPU
2026-04-22 16:40:14.591,78.199,25.160,28.674,1.785,2.743,7.822,7.264,0.050,false,20.203,LIGHT,12,sequential_yolo_pose,SM-S906U1,GPU
2026-04-22 16:40:14.665,70.049,23.805,26.742,1.236,1.330,5.504,6.666,0.058,false,20.262,LIGHT,12,sequential_yolo_pose,SM-S906U1,GPU
2026-04-22 16:40:14.748,74.620,24.164,29.520,0.794,1.373,7.241,7.716,0.057,false,37.113,LIGHT,12,sequential_yolo_pose,SM-S906U1,GPU
2026-04-22 16:40:14.830,75.666,24.519,27.409,0.772,1.535,5.300,10.282,0.043,false,30.355,LIGHT,12,sequential_yolo_pose,SM-S906U1,GPU
2026-04-22 16:40:14.920,79.924,26.886,26.671,1.303,1.758,8.160,7.481,0.035,false,20.230,LIGHT,12,sequential_yolo_pose,SM-S906U1,GPU
2026-04-22 16:40:14.989,66.094,21.206,26.268,1.119,1.056,5.914,6.068,0.042,false,20.270,LIGHT,12,sequential_yolo_pose,SM-S906U1,GPU
2026-04-22 16:40:15.064,70.351,25.244,25.981,1.290,1.339,5.483,6.475,0.049,false,20.254,LIGHT,12,sequential_yolo_pose,SM-S906U1,GPU
2026-04-22 16:40:15.149,79.356,27.598,28.152,0.835,1.593,8.402,8.612,0.032,false,37.199,LIGHT,12,sequential_yolo_pose,SM-S906U1,GPU
2026-04-22 16:40:15.225,70.687,25.571,25.782,0.905,1.761,5.793,6.767,0.053,false,29.359,LIGHT,12,sequential_yolo_pose,SM-S906U1,GPU
2026-04-22 16:40:15.306,75.732,27.435,26.731,1.282,1.358,5.881,7.847,0.034,false,20.145,LIGHT,12,sequential_yolo_pose,SM-S906U1,GPU
2026-04-22 16:40:15.380,69.047,20.795,28.802,0.912,1.721,6.342,7.451,0.044,false,20.328,LIGHT,12,sequential_yolo_pose,SM-S906U1,GPU
2026-04-22 16:40:15.450,67.039,20.310,27.745,1.319,1.378,5.904,7.087,0.049,false,20.172,LIGHT,12,sequential_yolo_pose,SM-S906U1,GPU
2026-04-22 16:40:15.537,82.165,31.742,30.321,0.689,1.476,6.756,6.972,0.057,false,20.109,LIGHT,12,sequential_yolo_pose,SM-S906U1,GPU
2026-04-22 16:40:15.623,77.176,26.646,28.367,1.319,3.301,6.333,6.402,0.040,false,20.172,LIGHT,12,sequential_yolo_pose,SM-S906U1,GPU
2026-04-22 16:40:15.702,74.498,25.728,28.785,1.197,1.346,5.363,7.301,0.066,false,20.203,LIGHT,12,sequential_yolo_pose,SM-S906U1,GPU
2026-04-22 16:40:15.785,74.803,26.110,29.773,0.832,1.370,5.842,6.388,0.053,false,20.172,LIGHT,12,sequential_yolo_pose,SM-S906U1,GPU
2026-04-22 16:40:15.866,76.304,27.585,27.794,1.179,1.338,5.804,8.087,0.033,false,20.172,LIGHT,12,sequential_yolo_pose,SM-S906U1,GPU
2026-04-22 16:40:15.938,65.941,20.872,26.195,0.721,1.275,5.319,7.900,0.042,false,20.246,LIGHT,13,sequential_yolo_pose,SM-S906U1,GPU
2026-04-22 16:40:16.022,77.221,26.199,30.466,0.982,1.402,6.584,7.280,0.059,false,20.258,LIGHT,13,sequential_yolo_pose,SM-S906U1,GPU
2026-04-22 16:40:16.104,76.971,28.075,28.633,1.099,1.178,6.564,6.803,0.084,false,20.168,LIGHT,13,sequential_yolo_pose,SM-S906U1,GPU
2026-04-22 16:40:16.185,72.530,26.056,26.952,0.889,1.723,5.531,6.643,0.056,false,20.172,LIGHT,13,sequential_yolo_pose,SM-S906U1,GPU
2026-04-22 16:40:16.267,74.334,25.985,27.903,1.001,1.791,6.547,6.558,0.054,false,20.172,LIGHT,13,sequential_yolo_pose,SM-S906U1,GPU
2026-04-22 16:40:16.344,69.342,21.680,27.503,1.211,1.211,6.401,7.010,0.037,false,20.199,LIGHT,13,sequential_yolo_pose,SM-S906U1,GPU
2026-04-22 16:40:16.416,67.903,21.244,29.819,0.616,1.594,5.331,6.258,0.045,false,20.363,LIGHT,13,sequential_yolo_pose,SM-S906U1,GPU
2026-04-22 16:40:16.491,71.646,24.665,26.153,1.091,3.373,5.618,6.564,0.049,false,20.234,LIGHT,13,sequential_yolo_pose,SM-S906U1,GPU
2026-04-22 16:40:16.573,76.385,27.776,27.330,1.279,1.333,7.205,6.605,0.071,false,20.141,LIGHT,13,sequential_yolo_pose,SM-S906U1,GPU
2026-04-22 16:40:16.654,73.685,25.395,28.445,1.054,1.315,6.715,6.290,0.055,false,20.164,LIGHT,13,sequential_yolo_pose,SM-S906U1,GPU
2026-04-22 16:40:16.734,74.914,24.908,29.764,0.798,1.332,6.125,7.841,0.044,false,20.230,LIGHT,13,sequential_yolo_pose,SM-S906U1,GPU
2026-04-22 16:40:16.826,86.373,29.436,27.354,1.421,4.130,11.978,7.026,0.045,false,20.266,LIGHT,13,sequential_yolo_pose,SM-S906U1,GPU
2026-04-22 16:40:16.911,78.206,28.501,27.069,0.661,1.431,8.016,8.275,0.053,false,20.203,LIGHT,13,sequential_yolo_pose,SM-S906U1,GPU
2026-04-22 16:40:16.989,73.350,27.726,26.614,0.773,1.352,5.919,6.754,0.065,false,20.172,LIGHT,13,sequential_yolo_pose,SM-S906U1,GPU
2026-04-22 16:40:17.052,58.263,27.481,26.691,0.340,0.000,0.000,0.000,0.000,true,16.648,LIGHT,13,sequential_yolo_pose,SM-S906U1,GPU
2026-04-22 16:40:17.116,58.676,26.407,27.310,0.416,0.000,0.000,0.000,0.000,true,30.481,LIGHT,13,sequential_yolo_pose,SM-S906U1,GPU
2026-04-22 16:40:17.187,66.503,31.813,30.069,0.463,0.000,0.000,0.000,0.000,true,18.539,LIGHT,13,sequential_yolo_pose,SM-S906U1,GPU
2026-04-22 16:40:17.257,63.918,30.157,28.541,0.640,0.000,0.000,0.000,0.000,true,32.121,LIGHT,13,sequential_yolo_pose,SM-S906U1,GPU
2026-04-22 16:40:17.326,63.789,30.170,28.973,0.537,0.000,0.000,0.000,0.000,true,18.156,LIGHT,13,sequential_yolo_pose,SM-S906U1,GPU
2026-04-22 16:40:17.408,77.633,25.582,27.227,0.855,1.190,8.293,10.254,0.036,false,35.102,LIGHT,13,sequential_yolo_pose,SM-S906U1,GPU
2026-04-22 16:40:17.497,81.527,31.802,26.982,2.272,1.220,5.446,8.571,0.043,false,21.969,LIGHT,13,sequential_yolo_pose,SM-S906U1,GPU
2026-04-22 16:40:17.580,78.529,27.311,26.978,1.105,1.629,8.520,8.710,0.048,false,38.946,LIGHT,13,sequential_yolo_pose,SM-S906U1,GPU
2026-04-22 16:40:17.672,83.005,31.384,28.310,1.379,1.288,5.522,8.190,0.056,false,20.168,LIGHT,13,sequential_yolo_pose,SM-S906U1,GPU
2026-04-22 16:40:17.757,78.004,26.742,31.279,1.402,1.299,6.342,6.294,0.039,false,20.137,LIGHT,13,sequential_yolo_pose,SM-S906U1,GPU
2026-04-22 16:40:17.840,76.941,25.351,27.079,1.411,1.266,8.000,8.869,0.022,false,20.109,LIGHT,13,sequential_yolo_pose,SM-S906U1,GPU
2026-04-22 16:40:17.910,65.471,20.784,28.273,0.859,1.174,5.112,6.300,0.032,false,20.266,LIGHT,13,sequential_yolo_pose,SM-S906U1,GPU
2026-04-22 16:40:17.980,64.656,21.103,25.918,0.823,1.214,5.180,6.314,0.047,false,20.289,LIGHT,13,sequential_yolo_pose,SM-S906U1,GPU
2026-04-22 16:40:18.057,72.150,26.112,27.691,0.805,1.227,5.722,6.375,0.055,false,20.109,LIGHT,13,sequential_yolo_pose,SM-S906U1,GPU
2026-04-22 16:40:18.141,78.587,28.294,27.275,1.280,1.388,7.200,8.310,0.090,false,20.137,LIGHT,13,sequential_yolo_pose,SM-S906U1,GPU
2026-04-22 16:40:18.220,73.534,28.982,26.200,0.640,1.685,5.476,6.337,0.044,false,20.293,LIGHT,13,sequential_yolo_pose,SM-S906U1,GPU
2026-04-22 16:40:18.294,68.322,24.614,25.236,0.750,1.312,5.588,6.828,0.045,false,20.141,LIGHT,13,sequential_yolo_pose,SM-S906U1,GPU
2026-04-22 16:40:18.377,77.308,27.441,29.065,1.168,1.318,5.406,8.330,0.042,false,20.262,LIGHT,13,sequential_yolo_pose,SM-S906U1,GPU
2026-04-22 16:40:18.458,75.437,26.689,30.766,0.682,1.248,5.531,6.457,0.058,false,20.258,LIGHT,13,sequential_yolo_pose,SM-S906U1,GPU
2026-04-22 16:40:18.548,82.838,28.971,27.846,0.873,1.722,11.691,7.367,0.031,false,20.168,LIGHT,13,sequential_yolo_pose,SM-S906U1,GPU
2026-04-22 16:40:18.625,72.588,26.628,26.956,0.677,1.849,5.244,6.842,0.048,false,20.266,LIGHT,13,sequential_yolo_pose,SM-S906U1,GPU
2026-04-22 16:40:18.701,70.250,26.809,26.927,0.906,0.895,3.961,6.499,0.044,false,20.137,LIGHT,13,sequential_yolo_pose,SM-S906U1,GPU
2026-04-22 16:40:18.779,72.696,20.374,25.962,1.120,1.438,6.042,14.589,0.039,false,37.176,LIGHT,13,sequential_yolo_pose,SM-S906U1,GPU
2026-04-22 16:40:18.854,69.928,27.485,27.734,0.394,0.897,3.678,5.683,0.050,false,17.152,LIGHT,13,sequential_yolo_pose,SM-S906U1,GPU
2026-04-22 16:40:18.933,74.858,27.276,28.103,1.256,1.468,5.843,6.517,0.039,false,20.141,LIGHT,12,sequential_yolo_pose,SM-S906U1,GPU
2026-04-22 16:40:19.013,75.562,27.552,29.330,1.162,1.230,5.806,6.345,0.041,false,20.316,LIGHT,12,sequential_yolo_pose,SM-S906U1,GPU
2026-04-22 16:40:19.090,72.590,25.872,26.465,0.777,1.285,5.384,8.982,0.031,false,37.293,LIGHT,12,sequential_yolo_pose,SM-S906U1,GPU
2026-04-22 16:40:19.178,77.620,26.397,26.497,0.817,1.877,7.682,7.420,0.062,false,30.156,LIGHT,12,sequential_yolo_pose,SM-S906U1,GPU
2026-04-22 16:40:19.257,72.941,28.410,26.505,0.743,1.228,5.071,6.585,0.057,false,21.895,LIGHT,12,sequential_yolo_pose,SM-S906U1,GPU
2026-04-22 16:40:19.334,72.867,26.210,29.396,0.589,0.812,4.180,7.551,0.048,false,38.809,LIGHT,12,sequential_yolo_pose,SM-S906U1,GPU
2026-04-22 16:40:19.423,78.430,30.599,27.610,0.755,1.582,6.705,6.804,0.061,false,29.707,LIGHT,12,sequential_yolo_pose,SM-S906U1,GPU
2026-04-22 16:40:19.500,72.515,24.883,26.529,1.476,1.185,6.886,6.927,0.042,false,20.141,LIGHT,12,sequential_yolo_pose,SM-S906U1,GPU
2026-04-22 16:40:19.581,76.130,28.319,26.812,1.383,1.504,5.791,7.186,0.042,false,20.172,LIGHT,12,sequential_yolo_pose,SM-S906U1,GPU
2026-04-22 16:40:19.661,74.840,28.177,26.798,0.844,1.419,6.245,7.150,0.064,false,37.117,LIGHT,12,sequential_yolo_pose,SM-S906U1,GPU
2026-04-22 16:40:19.753,86.054,33.429,27.510,1.451,3.279,8.235,7.509,0.045,false,21.832,LIGHT,12,sequential_yolo_pose,SM-S906U1,GPU
2026-04-22 16:40:19.834,75.614,26.149,27.404,1.057,1.449,6.216,8.910,0.068,false,38.746,LIGHT,12,sequential_yolo_pose,SM-S906U1,GPU
2026-04-22 16:40:19.928,80.596,31.253,25.945,1.211,1.917,7.944,7.311,0.057,false,29.813,LIGHT,12,sequential_yolo_pose,SM-S906U1,GPU
2026-04-22 16:40:20.020,82.404,25.942,26.942,0.672,1.613,10.735,10.270,0.058,false,29.621,LIGHT,12,sequential_yolo_pose,SM-S906U1,GPU
2026-04-22 16:40:20.102,77.019,29.444,28.380,0.647,1.491,5.372,7.365,0.051,false,21.852,LIGHT,12,sequential_yolo_pose,SM-S906U1,GPU
2026-04-22 16:40:20.184,75.986,27.711,29.123,0.715,1.361,5.431,6.832,0.045,false,38.735,LIGHT,12,sequential_yolo_pose,SM-S906U1,GPU
2026-04-22 16:40:20.273,81.737,33.538,26.326,0.712,1.404,5.398,8.364,0.048,false,20.195,LIGHT,12,sequential_yolo_pose,SM-S906U1,GPU
2026-04-22 16:40:20.352,74.060,24.310,29.209,0.996,1.428,7.443,6.706,0.061,false,20.234,LIGHT,12,sequential_yolo_pose,SM-S906U1,GPU
2026-04-22 16:40:20.427,70.652,24.834,26.588,0.959,1.152,5.727,6.954,0.069,false,20.137,LIGHT,12,sequential_yolo_pose,SM-S906U1,GPU
2026-04-22 16:40:20.510,77.640,26.398,27.893,0.862,1.228,7.036,9.933,0.035,false,20.203,LIGHT,12,sequential_yolo_pose,SM-S906U1,GPU
2026-04-22 16:40:20.587,73.122,25.118,26.966,1.380,1.243,6.902,6.849,0.040,false,20.172,LIGHT,12,sequential_yolo_pose,SM-S906U1,GPU
2026-04-22 16:40:20.666,74.101,26.689,27.496,1.286,1.197,5.761,6.961,0.048,false,20.109,LIGHT,12,sequential_yolo_pose,SM-S906U1,GPU
2026-04-22 16:40:20.748,72.497,24.778,29.598,0.715,1.957,5.528,6.183,0.064,false,20.238,LIGHT,12,sequential_yolo_pose,SM-S906U1,GPU
2026-04-22 16:40:20.827,72.533,25.342,27.836,1.001,1.230,5.719,7.264,0.038,false,20.199,LIGHT,12,sequential_yolo_pose,SM-S906U1,GPU
2026-04-22 16:40:20.912,79.339,27.012,27.972,0.874,1.328,9.797,7.496,0.032,false,20.234,LIGHT,12,sequential_yolo_pose,SM-S906U1,GPU
2026-04-22 16:40:20.989,70.722,24.890,26.373,1.941,1.086,5.224,7.034,0.031,false,20.336,LIGHT,13,sequential_yolo_pose,SM-S906U1,GPU
2026-04-22 16:40:21.065,70.893,24.027,26.861,1.296,1.405,5.702,7.012,0.049,false,20.141,LIGHT,13,sequential_yolo_pose,SM-S906U1,GPU
2026-04-22 16:40:21.152,81.117,25.927,30.435,1.166,1.459,8.304,9.688,0.050,false,37.180,LIGHT,13,sequential_yolo_pose,SM-S906U1,GPU
2026-04-22 16:40:21.234,77.194,30.649,25.453,0.760,1.681,5.566,8.117,0.026,false,29.652,LIGHT,13,sequential_yolo_pose,SM-S906U1,GPU
2026-04-22 16:40:21.314,74.540,21.010,28.195,1.256,1.313,6.199,12.744,0.046,false,20.266,LIGHT,13,sequential_yolo_pose,SM-S906U1,GPU
2026-04-22 16:40:21.395,74.223,26.728,27.232,0.853,1.438,6.134,7.545,0.032,false,37.242,LIGHT,13,sequential_yolo_pose,SM-S906U1,GPU
2026-04-22 16:40:21.483,82.796,33.114,26.996,0.817,1.729,6.865,9.066,0.042,false,30.078,LIGHT,13,sequential_yolo_pose,SM-S906U1,GPU
2026-04-22 16:40:21.573,84.274,31.876,27.021,1.256,1.539,6.278,10.953,0.033,false,20.141,LIGHT,13,sequential_yolo_pose,SM-S906U1,GPU
2026-04-22 16:40:21.656,76.346,20.561,28.798,1.191,5.033,9.752,7.371,0.043,false,37.180,LIGHT,13,sequential_yolo_pose,SM-S906U1,GPU
2026-04-22 16:40:21.741,78.224,28.977,27.335,0.574,1.101,4.680,11.440,0.034,false,21.887,LIGHT,13,sequential_yolo_pose,SM-S906U1,GPU
2026-04-22 16:40:21.810,61.162,28.431,28.267,0.511,0.000,0.000,0.000,0.000,true,35.531,LIGHT,13,sequential_yolo_pose,SM-S906U1,GPU
2026-04-22 16:40:21.894,78.047,31.137,28.069,0.443,1.255,5.434,7.222,0.039,false,21.832,LIGHT,13,sequential_yolo_pose,SM-S906U1,GPU
2026-04-22 16:40:21.981,82.344,27.607,28.489,0.842,0.872,4.596,15.728,0.042,false,38.840,LIGHT,12,sequential_yolo_pose,SM-S906U1,GPU
2026-04-22 16:40:22.067,72.584,27.293,26.939,0.624,1.443,6.204,5.891,0.052,false,20.141,LIGHT,12,sequential_yolo_pose,SM-S906U1,GPU
2026-04-22 16:40:22.153,77.726,26.533,32.017,0.704,1.344,5.625,7.143,0.057,false,20.262,LIGHT,12,sequential_yolo_pose,SM-S906U1,GPU
2026-04-22 16:40:22.232,73.707,24.963,28.209,1.128,1.142,5.338,8.025,0.053,false,20.168,LIGHT,12,sequential_yolo_pose,SM-S906U1,GPU
2026-04-22 16:40:22.315,73.319,24.769,28.995,0.702,1.342,6.877,6.377,0.056,false,37.082,LIGHT,12,sequential_yolo_pose,SM-S906U1,GPU
2026-04-22 16:40:22.397,76.026,30.117,26.450,0.707,1.418,5.871,7.312,0.037,false,29.684,LIGHT,12,sequential_yolo_pose,SM-S906U1,GPU
2026-04-22 16:40:22.478,75.295,25.722,28.085,0.918,1.285,7.957,6.693,0.022,false,20.141,LIGHT,12,sequential_yolo_pose,SM-S906U1,GPU
2026-04-22 16:40:22.553,71.886,26.417,26.915,0.845,1.188,5.836,6.366,0.031,false,20.156,LIGHT,12,sequential_yolo_pose,SM-S906U1,GPU
2026-04-22 16:40:22.630,71.592,25.707,26.481,1.201,1.394,5.200,6.856,0.056,false,20.188,LIGHT,12,sequential_yolo_pose,SM-S906U1,GPU
2026-04-22 16:40:22.718,80.152,28.905,27.895,0.692,1.337,6.715,10.580,0.056,false,37.164,LIGHT,12,sequential_yolo_pose,SM-S906U1,GPU
2026-04-22 16:40:22.796,67.720,26.276,25.198,0.363,0.784,3.788,7.304,0.028,false,20.234,LIGHT,12,sequential_yolo_pose,SM-S906U1,GPU
2026-04-22 16:40:22.866,65.846,20.621,27.409,0.579,1.295,5.592,7.539,0.023,false,20.313,LIGHT,12,sequential_yolo_pose,SM-S906U1,GPU
2026-04-22 16:40:22.938,68.499,22.093,25.858,0.870,1.296,5.732,8.309,0.036,false,20.141,LIGHT,12,sequential_yolo_pose,SM-S906U1,GPU
2026-04-22 16:40:23.021,76.796,27.322,28.593,0.773,2.718,6.028,6.695,0.047,false,20.289,LIGHT,13,sequential_yolo_pose,SM-S906U1,GPU
2026-04-22 16:40:23.097,71.997,26.217,26.152,1.258,1.200,6.514,6.275,0.046,false,20.215,LIGHT,13,sequential_yolo_pose,SM-S906U1,GPU
2026-04-22 16:40:23.172,67.804,20.437,30.188,0.846,1.356,5.376,6.531,0.049,false,20.234,LIGHT,13,sequential_yolo_pose,SM-S906U1,GPU
2026-04-22 16:40:23.249,72.078,26.041,26.519,1.302,1.894,6.351,5.867,0.037,false,20.172,LIGHT,13,sequential_yolo_pose,SM-S906U1,GPU
2026-04-22 16:40:23.323,69.480,23.711,25.901,0.931,2.386,5.837,6.318,0.045,false,20.172,LIGHT,13,sequential_yolo_pose,SM-S906U1,GPU
2026-04-22 16:40:23.404,76.571,25.901,30.492,0.802,1.973,5.529,7.652,0.050,false,20.164,LIGHT,13,sequential_yolo_pose,SM-S906U1,GPU
2026-04-22 16:40:23.483,72.443,25.939,26.673,0.935,1.916,6.202,6.597,0.051,false,20.168,LIGHT,13,sequential_yolo_pose,SM-S906U1,GPU
2026-04-22 16:40:23.557,68.918,24.581,27.002,0.661,1.316,4.906,6.191,0.054,false,20.137,LIGHT,13,sequential_yolo_pose,SM-S906U1,GPU
2026-04-22 16:40:23.639,76.912,27.733,29.719,0.854,1.644,5.543,6.821,0.047,false,20.109,LIGHT,13,sequential_yolo_pose,SM-S906U1,GPU
2026-04-22 16:40:23.722,76.686,25.343,31.021,0.852,1.436,6.972,6.882,0.045,false,20.137,LIGHT,13,sequential_yolo_pose,SM-S906U1,GPU
2026-04-22 16:40:23.812,83.937,28.576,30.914,0.811,2.279,9.796,7.172,0.047,false,20.262,LIGHT,13,sequential_yolo_pose,SM-S906U1,GPU
2026-04-22 16:40:23.897,79.719,28.724,30.793,0.926,1.335,6.040,7.742,0.049,false,20.293,LIGHT,13,sequential_yolo_pose,SM-S906U1,GPU
2026-04-22 16:40:23.984,80.448,25.287,31.431,1.191,1.401,7.893,6.443,0.032,false,20.266,LIGHT,12,sequential_yolo_pose,SM-S906U1,GPU
2026-04-22 16:40:24.062,73.250,23.573,30.038,0.855,1.307,5.503,7.658,0.036,false,20.234,LIGHT,12,sequential_yolo_pose,SM-S906U1,GPU
2026-04-22 16:40:24.148,79.650,24.659,31.167,0.729,2.243,9.898,6.659,0.051,false,20.223,LIGHT,12,sequential_yolo_pose,SM-S906U1,GPU
2026-04-22 16:40:24.223,69.380,22.809,28.598,0.629,1.322,5.239,6.835,0.047,false,20.262,LIGHT,12,sequential_yolo_pose,SM-S906U1,GPU
2026-04-22 16:40:24.314,85.005,30.805,32.422,0.789,1.447,6.016,9.208,0.052,false,20.234,LIGHT,12,sequential_yolo_pose,SM-S906U1,GPU
2026-04-22 16:40:24.394,74.867,25.747,30.165,0.731,1.403,5.735,6.943,0.046,false,20.234,LIGHT,12,sequential_yolo_pose,SM-S906U1,GPU
2026-04-22 16:40:24.481,80.950,27.418,31.099,1.020,2.070,7.317,7.400,0.041,false,20.234,LIGHT,12,sequential_yolo_pose,SM-S906U1,GPU
2026-04-22 16:40:24.563,77.170,28.037,30.509,0.903,1.269,5.325,7.036,0.046,false,20.172,LIGHT,12,sequential_yolo_pose,SM-S906U1,GPU
2026-04-22 16:40:24.651,82.632,28.256,34.126,1.019,1.398,5.796,7.908,0.047,false,20.293,LIGHT,12,sequential_yolo_pose,SM-S906U1,GPU
2026-04-22 16:40:24.735,78.843,25.565,30.891,0.777,1.439,6.976,9.236,0.070,false,20.266,LIGHT,12,sequential_yolo_pose,SM-S906U1,GPU
2026-04-22 16:40:24.825,82.968,28.016,31.275,1.259,2.784,6.924,7.526,0.050,false,20.168,LIGHT,12,sequential_yolo_pose,SM-S906U1,GPU
2026-04-22 16:40:24.901,69.027,22.235,32.125,0.463,0.855,3.708,6.625,0.029,false,20.293,LIGHT,12,sequential_yolo_pose,SM-S906U1,GPU
2026-04-22 16:40:24.977,72.403,20.280,30.507,0.857,1.422,8.870,7.568,0.044,false,20.203,LIGHT,12,sequential_yolo_pose,SM-S906U1,GPU
2026-04-22 16:40:25.056,74.022,20.560,34.164,0.719,1.878,5.481,7.111,0.050,false,20.281,LIGHT,13,sequential_yolo_pose,SM-S906U1,GPU
2026-04-22 16:40:25.136,74.535,23.689,31.715,0.774,1.375,5.895,6.800,0.048,false,20.230,LIGHT,13,sequential_yolo_pose,SM-S906U1,GPU
2026-04-22 16:40:25.223,81.154,24.401,30.999,0.778,1.906,11.562,7.255,0.053,false,20.266,LIGHT,13,sequential_yolo_pose,SM-S906U1,GPU
2026-04-22 16:40:25.311,82.260,28.390,30.870,0.816,1.785,7.332,8.597,0.050,false,20.172,LIGHT,13,sequential_yolo_pose,SM-S906U1,GPU
2026-04-22 16:40:25.392,75.876,26.773,30.439,0.732,1.621,5.281,7.063,0.043,false,20.234,LIGHT,13,sequential_yolo_pose,SM-S906U1,GPU
2026-04-22 16:40:25.479,81.231,27.842,31.304,0.892,1.656,7.154,7.831,0.052,false,20.141,LIGHT,13,sequential_yolo_pose,SM-S906U1,GPU
2026-04-22 16:40:25.555,71.099,21.326,29.765,1.205,1.405,5.916,7.146,0.050,false,20.164,LIGHT,13,sequential_yolo_pose,SM-S906U1,GPU
2026-04-22 16:40:25.652,90.661,27.876,31.942,1.212,1.888,9.995,13.202,0.034,false,37.110,LIGHT,13,sequential_yolo_pose,SM-S906U1,GPU
2026-04-22 16:40:25.741,82.561,28.016,31.659,0.915,1.505,7.076,8.523,0.064,false,29.399,LIGHT,13,sequential_yolo_pose,SM-S906U1,GPU
2026-04-22 16:40:25.823,72.857,26.523,28.090,0.583,1.211,5.361,6.790,0.050,false,20.234,LIGHT,13,sequential_yolo_pose,SM-S906U1,GPU
2026-04-22 16:40:25.902,73.647,24.576,30.027,0.596,1.256,5.506,7.627,0.051,false,20.340,LIGHT,13,sequential_yolo_pose,SM-S906U1,GPU
2026-04-22 16:40:25.994,85.923,23.802,31.134,0.552,6.349,11.975,7.786,0.050,false,20.297,LIGHT,13,sequential_yolo_pose,SM-S906U1,GPU
2026-04-22 16:40:26.063,61.314,26.404,30.691,0.289,0.000,0.000,0.000,0.000,true,16.746,LIGHT,11,sequential_yolo_pose,SM-S906U1,GPU
2026-04-22 16:40:26.138,69.544,28.094,31.935,0.459,0.000,0.000,0.000,0.000,true,30.484,LIGHT,11,sequential_yolo_pose,SM-S906U1,GPU
2026-04-22 16:40:26.218,70.934,34.888,31.318,0.410,0.000,0.000,0.000,0.000,true,18.578,LIGHT,11,sequential_yolo_pose,SM-S906U1,GPU
2026-04-22 16:40:26.294,68.940,32.333,31.551,0.670,0.000,0.000,0.000,0.000,true,32.160,LIGHT,11,sequential_yolo_pose,SM-S906U1,GPU
2026-04-22 16:40:26.387,85.594,32.502,32.017,0.466,1.922,7.369,6.925,0.022,false,21.516,LIGHT,11,sequential_yolo_pose,SM-S906U1,GPU
2026-04-22 16:40:26.464,72.351,20.790,30.000,0.703,1.254,6.911,9.608,0.051,false,38.399,LIGHT,11,sequential_yolo_pose,SM-S906U1,GPU
2026-04-22 16:40:26.559,85.220,25.986,31.489,1.074,2.337,9.056,8.563,0.044,false,29.711,LIGHT,11,sequential_yolo_pose,SM-S906U1,GPU
2026-04-22 16:40:26.641,77.649,27.004,31.127,0.612,1.279,6.737,7.034,0.035,false,29.391,LIGHT,11,sequential_yolo_pose,SM-S906U1,GPU
2026-04-22 16:40:26.724,77.386,25.669,30.633,0.932,1.644,6.628,7.805,0.085,false,46.274,LIGHT,11,sequential_yolo_pose,SM-S906U1,GPU
2026-04-22 16:40:26.821,89.983,28.621,41.045,0.625,2.533,5.531,7.172,0.046,false,16.840,LIGHT,11,sequential_yolo_pose,SM-S906U1,GPU
2026-04-22 16:40:26.905,78.884,28.226,30.914,0.902,1.440,5.898,7.066,0.046,false,20.203,LIGHT,11,sequential_yolo_pose,SM-S906U1,GPU
2026-04-22 16:40:26.989,77.817,24.577,32.375,0.869,2.064,7.078,6.689,0.048,false,20.234,LIGHT,11,sequential_yolo_pose,SM-S906U1,GPU
2026-04-22 16:40:27.073,78.644,28.481,30.896,0.874,1.424,5.535,7.185,0.041,false,20.172,LIGHT,13,sequential_yolo_pose,SM-S906U1,GPU
2026-04-22 16:40:27.152,74.748,21.246,33.106,0.790,1.301,8.015,7.283,0.041,false,20.230,LIGHT,13,sequential_yolo_pose,SM-S906U1,GPU
2026-04-22 16:40:27.229,72.164,24.505,29.264,0.681,1.495,5.476,6.884,0.051,false,20.137,LIGHT,13,sequential_yolo_pose,SM-S906U1,GPU
2026-04-22 16:40:27.313,76.680,23.012,31.738,0.667,1.375,8.609,7.640,0.044,false,20.262,LIGHT,13,sequential_yolo_pose,SM-S906U1,GPU
2026-04-22 16:40:27.394,75.708,23.679,31.869,0.771,1.641,6.274,7.362,0.058,false,20.168,LIGHT,13,sequential_yolo_pose,SM-S906U1,GPU
2026-04-22 16:40:27.480,79.455,29.183,31.756,0.744,1.449,4.362,6.519,0.070,false,20.230,LIGHT,13,sequential_yolo_pose,SM-S906U1,GPU
2026-04-22 16:40:27.562,76.601,27.029,30.594,0.741,1.317,5.727,6.998,0.044,false,20.199,LIGHT,13,sequential_yolo_pose,SM-S906U1,GPU
2026-04-22 16:40:27.650,81.137,23.995,37.931,0.714,1.385,5.745,7.809,0.042,false,20.352,LIGHT,13,sequential_yolo_pose,SM-S906U1,GPU
2026-04-22 16:40:27.726,71.600,23.459,30.153,0.766,1.316,5.488,6.862,0.054,false,20.172,LIGHT,13,sequential_yolo_pose,SM-S906U1,GPU
2026-04-22 16:40:27.813,80.068,28.626,29.995,0.767,2.499,6.832,6.934,0.044,false,20.199,LIGHT,13,sequential_yolo_pose,SM-S906U1,GPU
2026-04-22 16:40:27.895,77.052,27.477,30.518,0.530,1.280,5.463,7.657,0.057,false,20.262,LIGHT,13,sequential_yolo_pose,SM-S906U1,GPU
2026-04-22 16:40:27.974,71.970,24.509,29.708,0.659,1.365,5.170,7.108,0.062,false,20.137,LIGHT,13,sequential_yolo_pose,SM-S906U1,GPU
2026-04-22 16:40:28.057,77.046,26.274,32.389,0.699,1.490,5.432,6.629,0.046,false,20.297,LIGHT,12,sequential_yolo_pose,SM-S906U1,GPU
2026-04-22 16:40:28.143,80.807,28.571,30.467,0.694,1.466,6.182,9.367,0.045,false,20.266,LIGHT,12,sequential_yolo_pose,SM-S906U1,GPU
2026-04-22 16:40:28.227,77.342,27.790,30.682,0.640,1.368,6.065,6.789,0.047,false,20.199,LIGHT,12,sequential_yolo_pose,SM-S906U1,GPU
2026-04-22 16:40:28.311,78.831,29.692,28.993,0.807,2.406,5.291,7.320,0.039,false,20.168,LIGHT,12,sequential_yolo_pose,SM-S906U1,GPU
2026-04-22 16:40:28.383,66.040,20.270,29.175,0.560,1.147,5.096,7.045,0.040,false,20.332,LIGHT,12,sequential_yolo_pose,SM-S906U1,GPU
2026-04-22 16:40:28.461,74.170,26.353,29.477,0.588,1.271,5.542,6.933,0.050,false,20.145,LIGHT,12,sequential_yolo_pose,SM-S906U1,GPU
2026-04-22 16:40:28.544,77.759,26.934,32.092,0.585,1.289,5.639,6.801,0.050,false,20.262,LIGHT,12,sequential_yolo_pose,SM-S906U1,GPU
2026-04-22 16:40:28.621,73.117,20.886,31.424,1.173,1.878,6.699,7.321,0.041,false,20.234,LIGHT,12,sequential_yolo_pose,SM-S906U1,GPU
2026-04-22 16:40:28.706,80.393,26.460,33.325,1.124,2.386,5.637,6.837,0.026,false,20.234,LIGHT,12,sequential_yolo_pose,SM-S906U1,GPU
2026-04-22 16:40:28.779,67.777,22.247,30.899,0.447,0.925,3.889,6.712,0.038,false,37.149,LIGHT,12,sequential_yolo_pose,SM-S906U1,GPU
2026-04-22 16:40:28.855,73.241,20.184,32.508,0.784,2.345,7.962,6.548,0.033,false,17.176,LIGHT,12,sequential_yolo_pose,SM-S906U1,GPU
2026-04-22 16:40:28.927,68.638,21.119,30.519,0.696,1.260,5.218,6.839,0.053,false,20.141,LIGHT,12,sequential_yolo_pose,SM-S906U1,GPU
2026-04-22 16:40:29.012,79.599,25.955,30.388,0.753,1.627,9.043,7.119,0.055,false,20.109,LIGHT,12,sequential_yolo_pose,SM-S906U1,GPU
2026-04-22 16:40:29.089,72.056,20.269,31.457,0.744,1.607,6.793,8.278,0.037,false,37.336,LIGHT,13,sequential_yolo_pose,SM-S906U1,GPU
2026-04-22 16:40:29.179,84.198,30.074,32.262,0.450,1.664,5.903,9.730,0.033,false,15.609,LIGHT,13,sequential_yolo_pose,SM-S906U1,GPU
2026-04-22 16:40:29.260,76.535,26.344,31.823,0.599,1.370,5.228,7.189,0.060,false,21.375,LIGHT,13,sequential_yolo_pose,SM-S906U1,GPU
2026-04-22 16:40:29.351,85.479,24.650,32.308,0.848,2.841,12.071,8.981,0.033,false,38.383,LIGHT,13,sequential_yolo_pose,SM-S906U1,GPU
2026-04-22 16:40:29.447,89.369,27.769,31.544,0.619,1.079,6.381,17.765,0.048,false,29.703,LIGHT,13,sequential_yolo_pose,SM-S906U1,GPU
2026-04-22 16:40:29.534,81.446,29.570,31.257,0.803,1.404,5.725,8.138,0.038,false,20.270,LIGHT,13,sequential_yolo_pose,SM-S906U1,GPU
2026-04-22 16:40:29.627,87.128,30.345,33.124,1.748,2.685,6.513,7.216,0.049,false,20.234,LIGHT,13,sequential_yolo_pose,SM-S906U1,GPU
2026-04-22 16:40:29.711,76.392,22.561,30.273,0.766,1.311,9.191,8.251,0.047,false,20.230,LIGHT,13,sequential_yolo_pose,SM-S906U1,GPU
2026-04-22 16:40:29.793,77.103,25.048,31.326,0.809,1.424,6.515,8.046,0.043,false,20.262,LIGHT,13,sequential_yolo_pose,SM-S906U1,GPU
2026-04-22 16:40:29.880,81.456,25.800,32.228,0.784,2.392,6.920,6.623,0.059,false,20.203,LIGHT,13,sequential_yolo_pose,SM-S906U1,GPU
2026-04-22 16:40:29.962,76.279,26.235,31.051,0.670,1.363,5.618,7.154,0.056,false,20.234,LIGHT,13,sequential_yolo_pose,SM-S906U1,GPU
2026-04-22 16:40:30.056,88.416,31.861,30.322,3.092,1.685,8.479,7.371,0.046,false,20.262,LIGHT,11,sequential_yolo_pose,SM-S906U1,GPU
2026-04-22 16:40:30.138,77.621,25.767,30.670,0.776,1.199,7.479,7.703,0.048,false,20.230,LIGHT,11,sequential_yolo_pose,SM-S906U1,GPU
2026-04-22 16:40:30.215,70.531,20.286,31.321,1.190,2.351,5.495,6.799,0.048,false,20.230,LIGHT,11,sequential_yolo_pose,SM-S906U1,GPU
2026-04-22 16:40:30.299,79.545,27.223,33.087,0.705,1.297,5.514,7.917,0.045,false,20.297,LIGHT,11,sequential_yolo_pose,SM-S906U1,GPU
2026-04-22 16:40:30.384,79.468,26.677,31.215,0.879,1.605,6.636,7.185,0.036,false,20.227,LIGHT,11,sequential_yolo_pose,SM-S906U1,GPU
2026-04-22 16:40:30.463,73.464,24.234,31.383,0.695,1.206,4.992,6.717,0.059,false,20.199,LIGHT,11,sequential_yolo_pose,SM-S906U1,GPU
2026-04-22 16:40:30.554,86.460,25.642,31.640,1.084,2.884,12.668,8.311,0.048,false,20.203,LIGHT,11,sequential_yolo_pose,SM-S906U1,GPU
2026-04-22 16:40:30.621,61.367,26.540,30.369,0.547,0.000,0.000,0.000,0.000,true,16.746,LIGHT,11,sequential_yolo_pose,SM-S906U1,GPU
2026-04-22 16:40:30.693,66.017,28.535,31.514,0.477,0.000,0.000,0.000,0.000,true,30.516,LIGHT,11,sequential_yolo_pose,SM-S906U1,GPU
2026-04-22 16:40:30.767,66.687,29.036,31.995,0.423,0.000,0.000,0.000,0.000,true,13.789,LIGHT,11,sequential_yolo_pose,SM-S906U1,GPU
2026-04-22 16:40:30.859,81.393,28.613,32.208,0.530,1.432,5.754,7.533,0.045,false,20.258,LIGHT,11,sequential_yolo_pose,SM-S906U1,GPU
2026-04-22 16:40:30.934,69.497,20.668,30.762,1.148,1.443,5.289,6.942,0.045,false,20.266,LIGHT,11,sequential_yolo_pose,SM-S906U1,GPU
2026-04-22 16:40:31.016,75.483,25.968,29.747,0.585,1.179,6.355,7.572,0.063,false,20.258,LIGHT,11,sequential_yolo_pose,SM-S906U1,GPU
2026-04-22 16:40:31.101,79.018,29.333,29.956,0.632,1.372,6.321,7.058,0.045,false,20.297,LIGHT,13,sequential_yolo_pose,SM-S906U1,GPU
2026-04-22 16:40:31.193,86.582,26.494,33.080,1.413,5.058,8.799,7.387,0.048,false,20.266,LIGHT,13,sequential_yolo_pose,SM-S906U1,GPU
2026-04-22 16:40:31.283,84.207,25.415,31.728,0.612,1.384,10.299,7.813,0.046,false,20.234,LIGHT,13,sequential_yolo_pose,SM-S906U1,GPU
2026-04-22 16:40:31.367,78.577,28.361,31.979,0.517,1.230,4.993,7.166,0.043,false,20.227,LIGHT,13,sequential_yolo_pose,SM-S906U1,GPU
2026-04-22 16:40:31.450,74.188,24.736,30.321,0.718,1.355,5.482,6.945,0.056,false,20.215,LIGHT,13,sequential_yolo_pose,SM-S906U1,GPU
2026-04-22 16:40:31.540,84.246,32.470,29.472,0.874,2.005,6.870,8.408,0.048,false,20.141,LIGHT,13,sequential_yolo_pose,SM-S906U1,GPU
2026-04-22 16:40:31.627,81.575,27.851,31.127,0.798,2.475,6.249,8.682,0.048,false,20.266,LIGHT,13,sequential_yolo_pose,SM-S906U1,GPU
2026-04-22 16:40:31.710,77.574,25.164,30.786,0.702,1.320,7.270,8.024,0.043,false,20.234,LIGHT,13,sequential_yolo_pose,SM-S906U1,GPU
2026-04-22 16:40:31.791,75.761,25.552,30.916,0.597,1.431,6.285,6.984,0.049,false,20.266,LIGHT,13,sequential_yolo_pose,SM-S906U1,GPU
2026-04-22 16:40:31.878,81.724,29.482,29.601,0.663,2.051,8.040,7.856,0.052,false,20.266,LIGHT,13,sequential_yolo_pose,SM-S906U1,GPU
2026-04-22 16:40:31.961,78.053,27.952,29.859,0.841,1.840,6.211,7.381,0.051,false,20.234,LIGHT,13,sequential_yolo_pose,SM-S906U1,GPU
2026-04-22 16:40:32.056,86.630,29.112,33.319,0.933,2.489,9.001,7.011,0.052,false,20.191,LIGHT,13,sequential_yolo_pose,SM-S906U1,GPU
2026-04-22 16:40:32.139,76.863,27.613,29.454,0.644,1.782,5.445,7.593,0.043,false,20.254,LIGHT,12,sequential_yolo_pose,SM-S906U1,GPU
2026-04-22 16:40:32.219,75.876,25.445,31.457,0.524,1.396,5.879,7.350,0.058,false,20.152,LIGHT,12,sequential_yolo_pose,SM-S906U1,GPU
2026-04-22 16:40:32.305,79.897,26.179,31.319,0.623,2.141,6.542,9.052,0.048,false,20.273,LIGHT,12,sequential_yolo_pose,SM-S906U1,GPU
2026-04-22 16:40:32.388,77.342,24.775,30.886,1.255,1.296,6.566,7.814,0.046,false,20.215,LIGHT,12,sequential_yolo_pose,SM-S906U1,GPU
2026-04-22 16:40:32.470,76.775,20.885,30.594,0.875,1.556,10.355,9.228,0.047,false,37.192,LIGHT,12,sequential_yolo_pose,SM-S906U1,GPU
2026-04-22 16:40:32.559,80.943,26.328,32.276,1.035,1.510,8.130,7.423,0.063,false,28.688,LIGHT,12,sequential_yolo_pose,SM-S906U1,GPU
2026-04-22 16:40:32.662,97.043,40.621,32.447,0.672,1.639,5.434,8.276,0.056,false,21.945,LIGHT,12,sequential_yolo_pose,SM-S906U1,GPU
2026-04-22 16:40:32.752,85.371,28.868,31.858,1.000,2.022,9.151,7.960,0.055,false,38.828,LIGHT,12,sequential_yolo_pose,SM-S906U1,GPU
2026-04-22 16:40:32.850,86.131,27.718,31.984,0.582,1.316,9.154,11.257,0.049,false,20.184,LIGHT,12,sequential_yolo_pose,SM-S906U1,GPU
2026-04-22 16:40:32.936,80.109,28.762,31.009,0.796,2.218,5.035,7.669,0.097,false,20.309,LIGHT,12,sequential_yolo_pose,SM-S906U1,GPU
2026-04-22 16:40:33.024,83.247,27.041,34.908,0.713,2.015,5.869,6.888,0.057,false,20.215,LIGHT,12,sequential_yolo_pose,SM-S906U1,GPU
2026-04-22 16:40:33.106,78.009,24.740,33.977,0.511,1.394,5.793,7.402,0.044,false,20.402,MODERATE,11,sequential_yolo_pose,SM-S906U1,GPU
2026-04-22 16:40:33.191,78.306,26.609,29.719,0.785,2.197,8.013,7.008,0.052,false,20.227,MODERATE,11,sequential_yolo_pose,SM-S906U1,GPU
2026-04-22 16:40:33.282,86.186,30.614,31.422,0.517,3.652,7.672,6.894,0.049,false,20.246,MODERATE,11,sequential_yolo_pose,SM-S906U1,GPU
2026-04-22 16:40:33.358,72.469,23.731,29.691,0.554,1.651,6.001,6.795,0.051,false,20.184,MODERATE,11,sequential_yolo_pose,SM-S906U1,GPU
2026-04-22 16:40:33.444,81.052,25.982,30.740,0.917,1.679,9.592,7.837,0.057,false,20.246,MODERATE,11,sequential_yolo_pose,SM-S906U1,GPU
2026-04-22 16:40:33.523,73.453,27.811,29.775,0.438,0.796,3.644,7.140,0.031,false,20.215,MODERATE,11,sequential_yolo_pose,SM-S906U1,GPU
2026-04-22 16:40:33.596,70.124,20.995,30.762,0.630,1.304,5.767,7.550,0.046,false,20.246,MODERATE,11,sequential_yolo_pose,SM-S906U1,GPU
2026-04-22 16:40:33.680,79.031,25.251,32.064,0.707,1.330,6.485,7.502,0.047,false,20.277,MODERATE,11,sequential_yolo_pose,SM-S906U1,GPU
2026-04-22 16:40:33.762,78.858,25.438,33.191,0.746,1.692,6.846,6.947,0.045,false,20.246,MODERATE,11,sequential_yolo_pose,SM-S906U1,GPU
2026-04-22 16:40:33.840,72.958,25.267,32.167,0.385,0.851,3.769,6.531,0.042,false,20.293,MODERATE,11,sequential_yolo_pose,SM-S906U1,GPU
2026-04-22 16:40:33.921,76.726,26.323,30.128,1.246,1.414,6.533,6.471,0.050,false,20.215,MODERATE,11,sequential_yolo_pose,SM-S906U1,GPU
2026-04-22 16:40:34.001,75.652,23.776,31.526,0.780,1.400,6.072,7.823,0.053,false,37.129,MODERATE,11,sequential_yolo_pose,SM-S906U1,GPU
2026-04-22 16:40:34.085,76.027,21.021,31.107,0.986,1.954,9.402,8.163,0.050,false,17.262,MODERATE,11,sequential_yolo_pose,SM-S906U1,GPU
2026-04-22 16:40:34.169,79.095,27.938,30.791,0.674,1.905,5.691,7.692,0.061,false,20.277,MODERATE,12,sequential_yolo_pose,SM-S906U1,GPU
2026-04-22 16:40:34.253,78.739,26.509,31.038,0.679,1.422,7.137,6.780,0.041,false,20.215,MODERATE,12,sequential_yolo_pose,SM-S906U1,GPU
2026-04-22 16:40:34.338,81.650,25.680,32.238,0.655,1.509,7.934,9.174,0.051,false,20.246,MODERATE,12,sequential_yolo_pose,SM-S906U1,GPU
2026-04-22 16:40:34.424,79.806,26.282,31.358,0.959,1.620,7.571,7.619,0.052,false,20.215,MODERATE,12,sequential_yolo_pose,SM-S906U1,GPU
2026-04-22 16:40:34.513,83.778,29.549,29.995,0.562,1.474,8.757,8.078,0.045,false,20.215,MODERATE,12,sequential_yolo_pose,SM-S906U1,GPU
2026-04-22 16:40:34.592,74.834,23.684,30.562,0.626,1.660,6.874,6.975,0.046,false,20.207,MODERATE,12,sequential_yolo_pose,SM-S906U1,GPU
2026-04-22 16:40:34.679,80.330,30.916,28.648,0.735,1.501,6.299,7.778,0.043,false,20.215,MODERATE,12,sequential_yolo_pose,SM-S906U1,GPU
2026-04-22 16:40:34.760,74.522,25.895,29.632,0.720,1.297,5.758,6.923,0.047,false,20.184,MODERATE,12,sequential_yolo_pose,SM-S906U1,GPU
2026-04-22 16:40:34.847,81.153,26.333,31.793,0.755,1.264,7.132,9.451,0.045,false,20.246,MODERATE,12,sequential_yolo_pose,SM-S906U1,GPU
2026-04-22 16:40:34.925,74.463,26.163,29.995,0.685,1.278,5.479,6.774,0.036,false,20.152,MODERATE,12,sequential_yolo_pose,SM-S906U1,GPU
2026-04-22 16:40:35.002,72.687,23.056,30.359,0.772,1.380,5.516,8.323,0.051,false,20.367,MODERATE,12,sequential_yolo_pose,SM-S906U1,GPU
2026-04-22 16:40:35.067,61.147,26.008,31.265,0.241,0.000,0.000,0.000,0.000,true,16.758,MODERATE,12,sequential_yolo_pose,SM-S906U1,GPU
2026-04-22 16:40:35.145,70.613,20.923,29.825,0.660,1.301,5.922,8.837,0.054,false,33.953,MODERATE,13,sequential_yolo_pose,SM-S906U1,GPU
2026-04-22 16:40:35.212,59.141,25.226,29.086,0.450,0.000,0.000,0.000,0.000,true,26.934,MODERATE,13,sequential_yolo_pose,SM-S906U1,GPU
2026-04-22 16:40:35.277,60.621,25.487,31.041,0.400,0.000,0.000,0.000,0.000,true,13.863,MODERATE,13,sequential_yolo_pose,SM-S906U1,GPU
2026-04-22 16:40:35.357,76.355,27.240,30.787,0.486,1.470,5.457,6.694,0.047,false,20.234,MODERATE,13,sequential_yolo_pose,SM-S906U1,GPU
2026-04-22 16:40:35.439,77.043,25.837,32.398,0.605,1.244,5.627,7.183,0.075,false,20.211,MODERATE,13,sequential_yolo_pose,SM-S906U1,GPU
2026-04-22 16:40:35.521,76.784,24.668,31.996,0.676,1.779,6.277,7.106,0.048,false,20.215,MODERATE,13,sequential_yolo_pose,SM-S906U1,GPU
2026-04-22 16:40:35.604,78.412,25.318,32.198,0.626,1.454,6.167,8.502,0.049,false,20.246,MODERATE,13,sequential_yolo_pose,SM-S906U1,GPU
2026-04-22 16:40:35.682,70.274,21.772,30.633,0.693,1.425,6.013,6.563,0.046,false,20.281,MODERATE,13,sequential_yolo_pose,SM-S906U1,GPU
2026-04-22 16:40:35.764,77.400,26.780,31.573,0.729,1.563,5.585,7.262,0.057,false,20.238,MODERATE,13,sequential_yolo_pose,SM-S906U1,GPU
2026-04-22 16:40:35.852,82.118,25.887,32.527,0.868,2.013,7.675,8.962,0.080,false,20.277,MODERATE,13,sequential_yolo_pose,SM-S906U1,GPU
2026-04-22 16:40:35.941,83.785,29.117,29.976,0.640,2.341,7.931,9.481,0.043,false,20.215,MODERATE,13,sequential_yolo_pose,SM-S906U1,GPU
2026-04-22 16:40:36.024,78.530,26.279,32.013,0.470,1.391,6.838,6.956,0.058,false,20.242,MODERATE,13,sequential_yolo_pose,SM-S906U1,GPU
2026-04-22 16:40:36.105,75.615,25.637,30.654,0.657,1.042,6.279,7.259,0.029,false,20.277,MODERATE,12,sequential_yolo_pose,SM-S906U1,GPU
2026-04-22 16:40:36.187,77.285,22.729,35.375,0.608,1.171,6.516,7.238,0.042,false,20.309,MODERATE,12,sequential_yolo_pose,SM-S906U1,GPU
2026-04-22 16:40:36.254,63.077,17.965,30.896,0.384,0.674,3.164,6.540,0.046,false,20.242,MODERATE,12,sequential_yolo_pose,SM-S906U1,GPU
2026-04-22 16:40:36.327,68.842,21.303,32.176,0.490,0.968,4.021,6.167,0.096,false,20.203,MODERATE,12,sequential_yolo_pose,SM-S906U1,GPU
2026-04-22 16:40:36.403,72.700,23.484,31.751,0.466,1.032,4.186,8.691,0.035,false,20.309,MODERATE,12,sequential_yolo_pose,SM-S906U1,GPU
2026-04-22 16:40:36.477,70.034,22.542,32.207,0.516,1.272,4.190,6.052,0.033,false,20.215,MODERATE,12,sequential_yolo_pose,SM-S906U1,GPU
2026-04-22 16:40:36.556,75.666,23.335,35.746,0.906,1.189,4.413,6.474,0.042,false,20.273,MODERATE,12,sequential_yolo_pose,SM-S906U1,GPU
2026-04-22 16:40:36.634,73.784,25.275,30.517,0.660,1.107,4.973,7.822,0.031,false,37.188,MODERATE,12,sequential_yolo_pose,SM-S906U1,GPU
2026-04-22 16:40:36.725,81.105,26.777,32.870,0.841,1.698,6.795,8.015,0.038,false,29.727,MODERATE,12,sequential_yolo_pose,SM-S906U1,GPU
2026-04-22 16:40:36.801,71.927,24.272,29.789,0.559,1.853,4.388,7.181,0.036,false,20.246,MODERATE,12,sequential_yolo_pose,SM-S906U1,GPU
2026-04-22 16:40:36.887,76.314,24.147,30.018,0.665,1.574,8.026,8.524,0.054,false,20.277,MODERATE,12,sequential_yolo_pose,SM-S906U1,GPU
2026-04-22 16:40:36.966,75.391,26.725,32.168,0.517,1.177,4.002,7.311,0.046,false,20.215,MODERATE,12,sequential_yolo_pose,SM-S906U1,GPU
2026-04-22 16:40:37.048,76.694,26.428,31.444,0.763,1.102,5.722,7.311,0.037,false,20.184,MODERATE,12,sequential_yolo_pose,SM-S906U1,GPU
2026-04-22 16:40:37.124,72.599,22.678,33.940,0.542,1.289,4.087,6.906,0.034,false,20.371,MODERATE,13,sequential_yolo_pose,SM-S906U1,GPU
2026-04-22 16:40:37.201,73.514,24.108,32.224,0.759,1.058,5.216,6.794,0.039,false,20.215,MODERATE,13,sequential_yolo_pose,SM-S906U1,GPU
2026-04-22 16:40:37.283,77.104,24.566,32.229,0.771,4.104,4.347,7.317,0.036,false,20.246,MODERATE,13,sequential_yolo_pose,SM-S906U1,GPU
2026-04-22 16:40:37.362,73.930,23.643,32.620,0.695,1.115,4.616,7.487,0.029,false,20.152,MODERATE,13,sequential_yolo_pose,SM-S906U1,GPU
2026-04-22 16:40:37.439,72.437,23.167,29.728,0.508,1.308,6.282,8.001,0.061,false,20.215,MODERATE,13,sequential_yolo_pose,SM-S906U1,GPU
2026-04-22 16:40:37.518,73.824,22.419,31.817,0.584,1.473,6.477,7.487,0.054,false,20.215,MODERATE,13,sequential_yolo_pose,SM-S906U1,GPU
2026-04-22 16:40:37.591,68.512,21.486,30.656,0.553,1.152,4.381,6.815,0.054,false,20.273,MODERATE,13,sequential_yolo_pose,SM-S906U1,GPU
2026-04-22 16:40:37.667,71.854,24.148,30.841,0.539,1.170,4.651,7.190,0.036,false,20.246,MODERATE,13,sequential_yolo_pose,SM-S906U1,GPU
2026-04-22 16:40:37.738,67.369,20.603,31.029,0.418,0.664,3.353,7.802,0.048,false,20.277,MODERATE,13,sequential_yolo_pose,SM-S906U1,GPU
2026-04-22 16:40:37.818,73.497,22.329,32.163,0.686,1.918,6.010,7.020,0.047,false,20.184,MODERATE,13,sequential_yolo_pose,SM-S906U1,GPU
2026-04-22 16:40:37.896,72.724,23.696,30.222,1.056,1.441,5.780,7.047,0.056,false,20.250,MODERATE,13,sequential_yolo_pose,SM-S906U1,GPU
2026-04-22 16:40:37.974,71.785,22.849,30.413,0.729,0.986,5.461,7.740,0.026,false,20.246,MODERATE,13,sequential_yolo_pose,SM-S906U1,GPU
2026-04-22 16:40:38.052,73.232,22.375,30.659,1.383,1.448,6.239,7.118,0.029,false,20.184,MODERATE,13,sequential_yolo_pose,SM-S906U1,GPU
2026-04-22 16:40:38.133,76.061,27.069,31.429,0.698,1.134,4.429,8.077,0.024,false,20.402,MODERATE,13,sequential_yolo_pose,SM-S906U1,GPU
2026-04-22 16:40:38.212,74.219,22.691,30.903,0.835,2.332,6.915,7.129,0.032,false,20.242,MODERATE,13,sequential_yolo_pose,SM-S906U1,GPU
2026-04-22 16:40:38.290,73.019,22.420,32.576,0.715,1.114,5.407,7.516,0.042,false,20.246,MODERATE,13,sequential_yolo_pose,SM-S906U1,GPU
2026-04-22 16:40:38.379,82.520,27.371,31.800,0.682,1.406,5.981,10.936,0.161,false,20.277,MODERATE,13,sequential_yolo_pose,SM-S906U1,GPU
2026-04-22 16:40:38.461,74.381,25.538,29.985,0.790,1.340,5.985,7.065,0.052,false,20.215,MODERATE,13,sequential_yolo_pose,SM-S906U1,GPU
2026-04-22 16:40:38.556,90.298,31.745,29.088,1.630,2.830,11.580,8.925,0.057,false,20.246,MODERATE,13,sequential_yolo_pose,SM-S906U1,GPU
2026-04-22 16:40:38.645,82.858,27.597,30.374,0.819,2.104,7.550,10.354,0.031,false,20.277,MODERATE,13,sequential_yolo_pose,SM-S906U1,GPU
2026-04-22 16:40:38.726,77.364,25.157,32.955,0.665,1.541,7.175,7.025,0.044,false,20.293,MODERATE,13,sequential_yolo_pose,SM-S906U1,GPU
2026-04-22 16:40:38.817,84.567,27.554,30.899,0.929,1.355,10.171,9.352,0.050,false,20.246,MODERATE,13,sequential_yolo_pose,SM-S906U1,GPU
2026-04-22 16:40:38.900,77.614,27.282,30.321,1.050,1.287,5.756,7.500,0.032,false,20.121,MODERATE,13,sequential_yolo_pose,SM-S906U1,GPU
2026-04-22 16:40:38.988,81.230,27.973,34.615,0.627,1.379,5.437,6.876,0.059,false,20.242,MODERATE,13,sequential_yolo_pose,SM-S906U1,GPU
2026-04-22 16:40:39.067,74.836,25.058,29.703,0.887,1.215,6.632,7.187,0.039,false,20.152,MODERATE,13,sequential_yolo_pose,SM-S906U1,GPU
2026-04-22 16:40:39.146,71.410,22.785,33.135,0.917,0.853,3.696,6.502,0.051,false,20.379,MODERATE,12,sequential_yolo_pose,SM-S906U1,GPU
2026-04-22 16:40:39.224,72.704,20.614,32.945,0.952,1.245,5.964,7.538,0.045,false,20.363,MODERATE,12,sequential_yolo_pose,SM-S906U1,GPU
2026-04-22 16:40:39.317,88.360,29.790,34.848,1.426,1.550,9.481,7.251,0.053,false,20.184,MODERATE,12,sequential_yolo_pose,SM-S906U1,GPU
2026-04-22 16:40:39.401,79.190,28.124,30.813,1.063,1.320,5.878,7.205,0.030,false,20.250,MODERATE,12,sequential_yolo_pose,SM-S906U1,GPU
2026-04-22 16:40:39.487,79.025,26.986,30.425,1.241,2.103,6.560,6.937,0.064,false,20.152,MODERATE,12,sequential_yolo_pose,SM-S906U1,GPU
2026-04-22 16:40:39.567,75.876,22.906,30.418,0.837,1.575,6.790,9.232,0.053,false,37.192,MODERATE,12,sequential_yolo_pose,SM-S906U1,GPU
2026-04-22 16:40:39.661,82.724,26.615,30.806,0.880,1.404,6.611,8.432,0.057,false,30.235,MODERATE,12,sequential_yolo_pose,SM-S906U1,GPU
2026-04-22 16:40:39.759,92.008,26.385,33.057,1.080,2.945,10.725,9.008,0.052,false,29.445,MODERATE,12,sequential_yolo_pose,SM-S906U1,GPU
2026-04-22 16:40:39.843,78.742,23.337,30.024,1.189,1.335,7.235,7.723,0.041,false,20.156,MODERATE,12,sequential_yolo_pose,SM-S906U1,GPU
2026-04-22 16:40:39.921,73.337,24.301,30.249,0.644,1.409,5.587,7.418,0.042,false,37.164,MODERATE,12,sequential_yolo_pose,SM-S906U1,GPU
2026-04-22 16:40:40.012,79.336,29.302,31.563,0.874,1.673,5.367,6.157,0.034,false,20.336,MODERATE,12,sequential_yolo_pose,SM-S906U1,GPU
2026-04-22 16:40:40.092,76.199,24.995,31.607,0.769,2.068,5.431,7.348,0.055,false,20.246,MODERATE,12,sequential_yolo_pose,SM-S906U1,GPU
2026-04-22 16:40:40.176,79.465,26.367,31.147,0.667,1.292,5.473,10.308,0.036,false,20.262,MODERATE,12,sequential_yolo_pose,SM-S906U1,GPU
2026-04-22 16:40:40.249,69.745,20.738,30.475,0.630,3.031,5.321,6.705,0.051,false,20.242,MODERATE,12,sequential_yolo_pose,SM-S906U1,GPU
2026-04-22 16:40:40.334,79.525,27.743,30.505,0.673,1.393,7.445,7.349,0.060,false,20.184,MODERATE,12,sequential_yolo_pose,SM-S906U1,GPU
2026-04-22 16:40:40.422,79.771,24.502,32.143,0.803,1.259,10.048,6.814,0.048,false,20.184,MODERATE,12,sequential_yolo_pose,SM-S906U1,GPU
2026-04-22 16:40:40.507,80.453,26.292,30.629,0.867,2.246,5.567,10.674,0.052,false,20.152,MODERATE,12,sequential_yolo_pose,SM-S906U1,GPU
2026-04-22 16:40:40.590,78.626,28.249,29.693,0.692,1.791,6.211,6.915,0.063,false,20.184,MODERATE,12,sequential_yolo_pose,SM-S906U1,GPU
2026-04-22 16:40:40.689,93.828,32.363,30.139,1.127,2.710,13.520,8.910,0.050,false,20.246,MODERATE,12,sequential_yolo_pose,SM-S906U1,GPU
2026-04-22 16:40:40.774,80.100,28.347,31.157,0.735,1.956,5.318,8.462,0.044,false,20.156,MODERATE,12,sequential_yolo_pose,SM-S906U1,GPU
2026-04-22 16:40:40.857,76.828,27.584,29.482,0.919,2.102,5.852,6.832,0.040,false,20.152,MODERATE,12,sequential_yolo_pose,SM-S906U1,GPU
2026-04-22 16:40:40.936,74.379,25.644,29.319,0.935,1.256,5.502,7.663,0.055,false,20.184,MODERATE,12,sequential_yolo_pose,SM-S906U1,GPU
2026-04-22 16:40:41.021,78.667,28.205,31.018,0.564,1.412,6.405,6.763,0.044,false,20.184,MODERATE,12,sequential_yolo_pose,SM-S906U1,GPU
2026-04-22 16:40:41.108,82.353,26.397,32.278,0.944,1.471,8.498,7.506,0.044,false,20.215,MODERATE,12,sequential_yolo_pose,SM-S906U1,GPU
2026-04-22 16:40:41.189,75.457,28.231,30.541,0.527,1.172,4.900,6.120,0.041,false,20.371,MODERATE,12,sequential_yolo_pose,SM-S906U1,GPU
2026-04-22 16:40:41.270,76.552,26.863,29.646,0.988,1.367,5.626,7.811,0.065,false,20.156,MODERATE,12,sequential_yolo_pose,SM-S906U1,GPU
2026-04-22 16:40:41.351,71.573,20.710,32.966,0.580,1.380,5.879,6.883,0.053,false,20.309,MODERATE,12,sequential_yolo_pose,SM-S906U1,GPU
2026-04-22 16:40:41.435,79.475,27.555,30.455,0.660,1.321,6.304,8.709,0.066,false,20.215,MODERATE,12,sequential_yolo_pose,SM-S906U1,GPU
2026-04-22 16:40:41.517,77.708,25.976,31.620,0.462,1.311,5.009,6.759,0.046,false,20.215,MODERATE,12,sequential_yolo_pose,SM-S906U1,GPU
2026-04-22 16:40:41.591,68.812,21.342,30.279,0.586,1.256,5.102,7.198,0.051,false,20.215,MODERATE,12,sequential_yolo_pose,SM-S906U1,GPU
2026-04-22 16:40:41.674,78.550,25.790,30.346,0.758,1.994,5.878,9.668,0.061,false,20.152,MODERATE,12,sequential_yolo_pose,SM-S906U1,GPU
2026-04-22 16:40:41.758,77.628,28.162,30.422,0.855,1.441,5.750,6.986,0.044,false,20.215,MODERATE,12,sequential_yolo_pose,SM-S906U1,GPU
2026-04-22 16:40:41.841,78.055,26.147,30.342,0.612,1.312,7.186,8.394,0.052,false,20.207,MODERATE,12,sequential_yolo_pose,SM-S906U1,GPU
2026-04-22 16:40:41.929,81.277,28.676,31.043,0.860,1.706,7.325,7.120,0.060,false,20.246,MODERATE,12,sequential_yolo_pose,SM-S906U1,GPU
2026-04-22 16:40:42.023,87.918,27.287,31.529,0.558,1.741,12.670,9.068,0.050,false,20.246,MODERATE,12,sequential_yolo_pose,SM-S906U1,GPU
2026-04-22 16:40:42.104,76.083,26.132,29.387,0.749,1.538,5.671,8.217,0.072,false,20.125,MODERATE,12,sequential_yolo_pose,SM-S906U1,GPU
2026-04-22 16:40:42.198,87.154,21.947,32.470,3.509,9.229,8.919,7.851,0.051,false,20.309,MODERATE,12,sequential_yolo_pose,SM-S906U1,GPU
2026-04-22 16:40:42.282,77.266,28.025,29.849,0.557,1.355,5.287,7.434,0.048,false,20.309,MODERATE,12,sequential_yolo_pose,SM-S906U1,GPU
2026-04-22 16:40:42.366,79.245,27.500,31.081,0.567,1.243,6.847,8.173,0.060,false,20.215,MODERATE,12,sequential_yolo_pose,SM-S906U1,GPU
2026-04-22 16:40:42.452,79.871,26.177,32.026,1.285,1.477,6.496,7.169,0.056,false,20.246,MODERATE,12,sequential_yolo_pose,SM-S906U1,GPU
2026-04-22 16:40:42.536,79.141,27.464,30.877,0.659,1.411,5.853,8.205,0.057,false,37.192,MODERATE,12,sequential_yolo_pose,SM-S906U1,GPU
2026-04-22 16:40:42.622,75.459,25.985,29.497,0.566,1.493,7.128,7.238,0.072,false,28.629,MODERATE,12,sequential_yolo_pose,SM-S906U1,GPU
2026-04-22 16:40:42.706,78.913,26.323,30.248,0.777,1.466,7.312,8.558,0.055,false,45.512,MODERATE,12,sequential_yolo_pose,SM-S906U1,GPU
2026-04-22 16:40:42.789,76.507,27.857,30.068,0.528,1.495,5.272,6.996,0.054,false,16.730,MODERATE,12,sequential_yolo_pose,SM-S906U1,GPU
2026-04-22 16:40:42.866,72.416,21.760,30.586,0.734,1.294,5.059,9.021,0.042,false,20.328,MODERATE,12,sequential_yolo_pose,SM-S906U1,GPU
2026-04-22 16:40:42.951,78.783,22.754,31.169,0.879,1.475,8.743,8.420,0.049,false,20.277,MODERATE,12,sequential_yolo_pose,SM-S906U1,GPU
2026-04-22 16:40:43.039,82.898,27.514,31.290,0.926,1.410,5.800,11.674,0.110,false,20.309,MODERATE,12,sequential_yolo_pose,SM-S906U1,GPU
2026-04-22 16:40:43.124,78.220,24.157,31.785,0.926,3.212,6.824,6.829,0.057,false,20.184,MODERATE,12,sequential_yolo_pose,SM-S906U1,GPU
2026-04-22 16:40:43.200,71.379,23.257,30.597,0.697,1.439,4.870,6.315,0.027,false,20.422,MODERATE,12,sequential_yolo_pose,SM-S906U1,GPU
2026-04-22 16:40:43.279,74.926,23.788,29.367,0.618,1.459,8.452,7.397,0.050,false,20.215,MODERATE,12,sequential_yolo_pose,SM-S906U1,GPU
2026-04-22 16:40:43.355,70.691,20.226,31.806,0.822,2.585,5.214,6.690,0.046,false,20.211,MODERATE,12,sequential_yolo_pose,SM-S906U1,GPU
2026-04-22 16:40:43.447,85.558,29.718,29.721,0.969,2.339,10.600,7.809,0.054,false,20.215,MODERATE,12,sequential_yolo_pose,SM-S906U1,GPU
2026-04-22 16:40:43.533,79.973,27.037,32.062,0.755,1.268,5.590,8.897,0.041,false,20.246,MODERATE,12,sequential_yolo_pose,SM-S906U1,GPU
2026-04-22 16:40:43.622,82.936,25.926,36.001,1.585,1.205,5.018,6.896,0.039,false,20.289,MODERATE,12,sequential_yolo_pose,SM-S906U1,GPU
2026-04-22 16:40:43.721,93.712,32.882,37.117,1.504,1.421,8.693,7.936,0.047,false,20.246,MODERATE,12,sequential_yolo_pose,SM-S906U1,GPU
2026-04-22 16:40:43.829,101.098,26.624,38.068,1.349,5.932,14.423,8.977,0.054,false,20.246,MODERATE,12,sequential_yolo_pose,SM-S906U1,GPU
2026-04-22 16:40:43.932,93.807,26.238,41.818,0.829,1.668,6.313,9.517,0.050,false,20.246,MODERATE,12,sequential_yolo_pose,SM-S906U1,GPU
2026-04-22 16:40:44.031,92.612,27.999,41.345,1.060,1.423,5.090,8.384,0.049,false,20.215,MODERATE,12,sequential_yolo_pose,SM-S906U1,GPU
2026-04-22 16:40:44.127,88.186,28.610,39.730,0.990,1.718,5.180,7.717,0.087,false,20.184,MODERATE,12,sequential_yolo_pose,SM-S906U1,GPU
2026-04-22 16:40:44.213,81.422,23.858,37.707,0.693,1.415,5.512,8.577,0.043,false,20.496,MODERATE,11,sequential_yolo_pose,SM-S906U1,GPU
2026-04-22 16:40:44.313,93.244,31.779,37.295,0.741,1.989,8.258,8.978,0.068,false,20.246,MODERATE,11,sequential_yolo_pose,SM-S906U1,GPU
2026-04-22 16:40:44.407,88.519,26.661,38.180,0.772,2.391,6.843,9.361,0.060,false,20.332,MODERATE,11,sequential_yolo_pose,SM-S906U1,GPU
2026-04-22 16:40:44.502,89.004,26.805,38.965,0.901,1.768,7.150,9.018,0.051,false,20.277,MODERATE,11,sequential_yolo_pose,SM-S906U1,GPU
2026-04-22 16:40:44.594,83.533,26.600,37.849,0.890,1.190,4.991,7.691,0.046,false,20.246,MODERATE,11,sequential_yolo_pose,SM-S906U1,GPU
2026-04-22 16:40:44.689,89.644,29.214,40.455,1.630,1.238,5.578,7.730,0.041,false,20.391,MODERATE,11,sequential_yolo_pose,SM-S906U1,GPU
2026-04-22 16:40:44.780,86.396,23.135,38.475,1.150,2.203,7.590,9.669,0.084,false,20.188,MODERATE,11,sequential_yolo_pose,SM-S906U1,GPU
2026-04-22 16:40:44.882,94.835,28.730,38.093,1.038,1.731,9.661,11.278,0.052,false,20.246,MODERATE,11,sequential_yolo_pose,SM-S906U1,GPU
2026-04-22 16:40:44.969,81.233,23.436,36.988,0.731,1.407,5.854,8.673,0.055,false,20.273,MODERATE,11,sequential_yolo_pose,SM-S906U1,GPU
2026-04-22 16:40:45.062,87.467,26.692,39.172,0.822,1.507,6.319,8.177,0.051,false,20.313,MODERATE,11,sequential_yolo_pose,SM-S906U1,GPU
2026-04-22 16:40:45.159,89.245,21.445,43.911,1.544,1.774,8.497,7.802,0.045,false,20.340,MODERATE,11,sequential_yolo_pose,SM-S906U1,GPU
2026-04-22 16:40:45.257,92.977,27.630,40.862,2.178,1.602,6.263,9.412,0.062,false,20.367,MODERATE,11,sequential_yolo_pose,SM-S906U1,GPU
2026-04-22 16:40:45.352,90.747,29.397,38.944,1.148,1.482,7.329,7.948,0.047,false,20.215,MODERATE,11,sequential_yolo_pose,SM-S906U1,GPU
2026-04-22 16:40:45.453,95.649,26.713,39.416,0.999,2.444,11.523,9.939,0.062,false,20.246,MODERATE,11,sequential_yolo_pose,SM-S906U1,GPU
2026-04-22 16:40:45.557,98.598,32.558,37.192,1.253,2.398,11.754,9.085,0.053,false,20.215,MODERATE,11,sequential_yolo_pose,SM-S906U1,GPU
2026-04-22 16:40:45.658,96.100,25.883,37.804,0.900,2.817,14.356,9.708,0.051,false,20.371,MODERATE,11,sequential_yolo_pose,SM-S906U1,GPU
2026-04-22 16:40:45.755,89.644,26.597,38.844,1.894,1.355,7.113,8.956,0.064,false,20.246,MODERATE,11,sequential_yolo_pose,SM-S906U1,GPU
2026-04-22 16:40:45.857,97.583,25.707,40.454,1.269,3.503,11.783,10.387,0.055,false,20.215,MODERATE,11,sequential_yolo_pose,SM-S906U1,GPU
2026-04-22 16:40:45.960,97.208,30.942,37.146,2.368,4.019,9.849,7.760,0.063,false,20.246,MODERATE,11,sequential_yolo_pose,SM-S906U1,GPU
2026-04-22 16:40:46.058,90.800,28.537,37.250,1.234,2.393,8.340,8.424,0.047,false,20.277,MODERATE,11,sequential_yolo_pose,SM-S906U1,GPU
2026-04-22 16:40:46.158,95.321,27.282,38.735,0.968,5.104,9.617,9.317,0.064,false,20.246,MODERATE,11,sequential_yolo_pose,SM-S906U1,GPU
2026-04-22 16:40:46.253,87.642,26.062,38.363,0.614,1.222,6.159,8.647,0.051,false,20.434,MODERATE,10,sequential_yolo_pose,SM-S906U1,GPU
2026-04-22 16:40:46.342,83.522,25.216,37.646,1.068,1.418,5.518,8.460,0.041,false,20.344,MODERATE,10,sequential_yolo_pose,SM-S906U1,GPU
2026-04-22 16:40:46.448,101.593,30.991,40.243,1.254,2.155,8.243,14.501,0.045,false,20.340,MODERATE,10,sequential_yolo_pose,SM-S906U1,GPU
2026-04-22 16:40:46.534,81.481,26.826,37.595,0.488,0.805,3.594,7.789,0.052,false,20.262,MODERATE,10,sequential_yolo_pose,SM-S906U1,GPU
2026-04-22 16:40:46.624,84.034,26.644,37.247,0.601,1.233,6.832,6.858,0.046,false,20.316,MODERATE,10,sequential_yolo_pose,SM-S906U1,GPU
2026-04-22 16:40:46.721,91.668,23.200,37.502,0.976,2.317,11.724,11.928,0.046,false,20.309,MODERATE,10,sequential_yolo_pose,SM-S906U1,GPU
2026-04-22 16:40:46.829,101.737,28.823,38.674,1.286,7.904,11.590,8.991,0.046,false,20.246,MODERATE,10,sequential_yolo_pose,SM-S906U1,GPU
2026-04-22 16:40:46.930,94.511,26.731,37.364,1.826,2.941,8.159,11.372,0.041,false,20.309,MODERATE,10,sequential_yolo_pose,SM-S906U1,GPU
2026-04-22 16:40:47.029,88.117,28.002,38.977,0.769,1.402,6.719,8.048,0.055,false,20.246,MODERATE,10,sequential_yolo_pose,SM-S906U1,GPU
2026-04-22 16:40:47.128,91.797,28.755,37.896,1.189,2.484,8.168,9.072,0.053,false,20.277,MODERATE,10,sequential_yolo_pose,SM-S906U1,GPU
2026-04-22 16:40:47.217,84.462,28.107,37.412,0.474,0.947,3.864,7.522,0.048,false,20.184,MODERATE,10,sequential_yolo_pose,SM-S906U1,GPU
2026-04-22 16:40:47.301,80.631,24.850,36.965,0.612,1.386,4.999,7.783,0.045,false,20.359,MODERATE,10,sequential_yolo_pose,SM-S906U1,GPU
2026-04-22 16:40:47.396,91.155,26.063,39.332,1.066,4.353,7.673,8.795,0.046,false,20.309,MODERATE,10,sequential_yolo_pose,SM-S906U1,GPU
2026-04-22 16:40:47.488,84.014,23.476,39.403,0.675,1.442,6.131,8.539,0.050,false,20.215,MODERATE,10,sequential_yolo_pose,SM-S906U1,GPU
2026-04-22 16:40:47.584,91.407,23.727,38.543,0.915,2.017,7.429,14.668,0.057,false,20.336,MODERATE,10,sequential_yolo_pose,SM-S906U1,GPU
2026-04-22 16:40:47.674,84.454,23.071,39.273,0.703,1.650,7.117,8.276,0.075,false,20.262,MODERATE,10,sequential_yolo_pose,SM-S906U1,GPU
2026-04-22 16:40:47.769,87.077,21.676,44.047,0.658,1.685,6.166,9.261,0.052,false,20.277,MODERATE,10,sequential_yolo_pose,SM-S906U1,GPU
2026-04-22 16:40:47.865,87.420,25.574,39.954,0.735,1.687,6.871,8.165,0.048,false,20.215,MODERATE,10,sequential_yolo_pose,SM-S906U1,GPU
2026-04-22 16:40:47.960,91.157,28.851,40.199,0.741,1.415,6.517,9.272,0.057,false,20.309,MODERATE,10,sequential_yolo_pose,SM-S906U1,GPU
2026-04-22 16:40:48.061,96.068,27.170,40.285,0.896,2.517,10.989,9.749,0.072,false,20.246,MODERATE,10,sequential_yolo_pose,SM-S906U1,GPU
2026-04-22 16:40:48.161,90.560,26.766,35.978,1.240,2.225,8.417,7.790,0.043,false,20.309,MODERATE,10,sequential_yolo_pose,SM-S906U1,GPU
2026-04-22 16:40:48.253,87.782,24.570,37.361,1.110,1.913,10.086,8.737,0.051,false,20.309,MODERATE,11,sequential_yolo_pose,SM-S906U1,GPU
2026-04-22 16:40:48.347,88.173,26.445,37.185,0.577,1.599,9.741,8.673,0.050,false,20.309,MODERATE,11,sequential_yolo_pose,SM-S906U1,GPU
2026-04-22 16:40:48.438,87.246,27.574,36.972,0.972,1.788,6.706,8.990,0.039,false,20.246,MODERATE,11,sequential_yolo_pose,SM-S906U1,GPU
2026-04-22 16:40:48.527,81.411,20.906,39.590,1.271,1.628,6.293,8.023,0.032,false,20.309,MODERATE,11,sequential_yolo_pose,SM-S906U1,GPU
2026-04-22 16:40:48.623,91.099,29.445,37.888,1.113,1.366,5.338,8.170,0.051,false,20.184,MODERATE,11,sequential_yolo_pose,SM-S906U1,GPU
2026-04-22 16:40:48.715,87.073,24.576,37.699,0.862,2.034,9.010,8.182,0.061,false,20.332,MODERATE,11,sequential_yolo_pose,SM-S906U1,GPU
2026-04-22 16:40:48.807,86.251,26.307,38.061,0.641,1.540,5.771,8.733,0.046,false,20.215,MODERATE,11,sequential_yolo_pose,SM-S906U1,GPU
2026-04-22 16:40:48.903,89.790,26.093,39.717,0.782,2.131,6.924,9.692,0.069,false,20.246,MODERATE,11,sequential_yolo_pose,SM-S906U1,GPU
2026-04-22 16:40:48.997,83.679,26.466,37.268,0.550,1.263,5.030,8.770,0.043,false,20.379,MODERATE,11,sequential_yolo_pose,SM-S906U1,GPU
2026-04-22 16:40:49.083,82.579,28.092,37.267,0.520,1.110,4.320,7.209,0.055,false,20.184,MODERATE,11,sequential_yolo_pose,SM-S906U1,GPU
2026-04-22 16:40:49.180,92.137,27.987,37.591,0.944,1.732,6.961,12.659,0.037,false,20.277,MODERATE,11,sequential_yolo_pose,SM-S906U1,GPU
2026-04-22 16:40:49.270,85.393,26.491,37.333,1.043,1.461,5.500,9.282,0.041,false,20.340,MODERATE,11,sequential_yolo_pose,SM-S906U1,GPU
2026-04-22 16:40:49.360,85.810,26.164,38.394,0.724,1.662,6.462,7.939,0.056,false,20.305,MODERATE,11,sequential_yolo_pose,SM-S906U1,GPU
2026-04-22 16:40:49.460,94.601,30.140,39.752,0.630,1.649,6.479,9.032,0.047,false,20.277,MODERATE,11,sequential_yolo_pose,SM-S906U1,GPU
2026-04-22 16:40:49.564,99.767,31.471,41.108,1.062,3.024,8.040,9.697,0.049,false,20.309,MODERATE,11,sequential_yolo_pose,SM-S906U1,GPU
2026-04-22 16:40:49.658,79.931,20.958,38.545,0.912,1.667,6.239,8.075,0.047,false,20.277,MODERATE,11,sequential_yolo_pose,SM-S906U1,GPU
2026-04-22 16:40:49.754,91.265,29.358,38.963,1.022,1.400,8.253,8.054,0.055,false,20.184,MODERATE,11,sequential_yolo_pose,SM-S906U1,GPU
2026-04-22 16:40:49.846,87.910,30.053,38.219,0.756,1.371,5.635,7.617,0.056,false,20.246,MODERATE,11,sequential_yolo_pose,SM-S906U1,GPU
2026-04-22 16:40:49.941,90.400,27.908,38.593,0.825,1.998,7.667,9.202,0.056,false,20.246,MODERATE,11,sequential_yolo_pose,SM-S906U1,GPU
2026-04-22 16:40:50.028,81.806,24.829,36.575,0.638,1.492,6.003,8.358,0.057,false,20.309,MODERATE,11,sequential_yolo_pose,SM-S906U1,GPU
2026-04-22 16:40:50.124,89.668,25.387,40.512,1.261,2.944,5.066,8.438,0.052,false,20.219,MODERATE,11,sequential_yolo_pose,SM-S906U1,GPU
2026-04-22 16:40:50.228,99.153,29.712,37.420,1.466,3.471,13.309,9.043,0.039,false,20.246,MODERATE,11,sequential_yolo_pose,SM-S906U1,GPU
2026-04-22 16:40:50.329,96.040,27.515,38.481,1.241,2.478,9.479,9.011,0.069,false,20.340,MODERATE,11,sequential_yolo_pose,SM-S906U1,GPU
2026-04-22 16:40:50.427,87.666,28.191,37.874,0.756,1.762,6.143,8.356,0.044,false,20.215,MODERATE,11,sequential_yolo_pose,SM-S906U1,GPU
2026-04-22 16:40:50.529,96.794,28.602,39.509,1.515,5.470,6.151,9.620,0.033,false,20.215,MODERATE,11,sequential_yolo_pose,SM-S906U1,GPU
2026-04-22 16:40:50.619,82.564,24.817,36.430,0.664,1.204,7.580,7.500,0.066,false,20.277,MODERATE,11,sequential_yolo_pose,SM-S906U1,GPU
2026-04-22 16:40:50.708,84.452,26.245,36.338,0.753,1.583,7.006,8.586,0.051,false,20.246,MODERATE,11,sequential_yolo_pose,SM-S906U1,GPU
2026-04-22 16:40:50.794,81.119,23.512,38.603,0.735,1.274,4.955,7.718,0.058,false,20.340,MODERATE,11,sequential_yolo_pose,SM-S906U1,GPU
2026-04-22 16:40:50.891,91.575,20.117,37.733,0.946,2.603,15.726,8.471,0.035,false,20.250,MODERATE,11,sequential_yolo_pose,SM-S906U1,GPU
2026-04-22 16:40:50.985,88.774,27.466,40.172,1.517,1.330,5.323,8.398,0.043,false,20.277,MODERATE,11,sequential_yolo_pose,SM-S906U1,GPU
2026-04-22 16:40:51.075,85.467,26.300,39.128,0.653,1.397,5.531,8.424,0.042,false,20.246,MODERATE,11,sequential_yolo_pose,SM-S906U1,GPU
2026-04-22 16:40:51.167,87.467,27.296,37.068,0.869,1.673,6.634,9.660,0.039,false,20.277,MODERATE,11,sequential_yolo_pose,SM-S906U1,GPU
2026-04-22 16:40:51.262,89.071,27.801,40.401,0.903,1.791,5.774,8.329,0.051,false,20.246,MODERATE,10,sequential_yolo_pose,SM-S906U1,GPU
2026-04-22 16:40:51.353,86.425,25.922,38.343,0.655,2.287,5.697,7.547,0.035,false,20.313,MODERATE,10,sequential_yolo_pose,SM-S906U1,GPU
2026-04-22 16:40:51.454,96.815,26.100,38.369,1.671,2.715,12.567,11.327,0.036,false,20.309,MODERATE,10,sequential_yolo_pose,SM-S906U1,GPU
2026-04-22 16:40:51.543,84.848,24.218,38.143,0.877,1.766,6.943,8.730,0.079,false,20.246,MODERATE,10,sequential_yolo_pose,SM-S906U1,GPU
2026-04-22 16:40:51.639,90.822,27.638,37.341,1.012,2.248,8.469,9.028,0.053,false,20.316,MODERATE,10,sequential_yolo_pose,SM-S906U1,GPU
2026-04-22 16:40:51.736,90.002,28.506,38.838,0.640,1.606,6.404,9.772,0.066,false,20.277,MODERATE,10,sequential_yolo_pose,SM-S906U1,GPU
2026-04-22 16:40:51.841,93.959,29.277,36.699,0.875,1.940,8.764,12.046,0.057,false,20.309,MODERATE,10,sequential_yolo_pose,SM-S906U1,GPU
2026-04-22 16:40:51.933,86.376,26.265,38.507,0.717,1.207,6.461,9.229,0.051,false,20.340,MODERATE,10,sequential_yolo_pose,SM-S906U1,GPU
2026-04-22 16:40:52.025,86.778,24.773,40.158,0.838,1.468,5.785,7.834,0.034,false,20.219,MODERATE,10,sequential_yolo_pose,SM-S906U1,GPU
2026-04-22 16:40:52.121,91.950,33.049,38.680,0.817,1.540,5.610,7.865,0.038,false,20.246,MODERATE,10,sequential_yolo_pose,SM-S906U1,GPU
2026-04-22 16:40:52.221,96.203,26.879,38.133,1.505,3.105,13.778,8.636,0.056,false,20.309,MODERATE,10,sequential_yolo_pose,SM-S906U1,GPU
2026-04-22 16:40:52.314,87.633,28.857,38.449,1.022,1.425,5.718,7.813,0.032,false,20.340,MODERATE,11,sequential_yolo_pose,SM-S906U1,GPU
2026-04-22 16:40:52.408,89.956,25.290,38.873,0.915,2.286,8.039,10.382,0.049,false,20.309,MODERATE,11,sequential_yolo_pose,SM-S906U1,GPU
2026-04-22 16:40:52.498,83.181,25.685,38.180,0.663,1.356,5.024,8.170,0.045,false,20.246,MODERATE,11,sequential_yolo_pose,SM-S906U1,GPU
2026-04-22 16:40:52.592,87.849,28.634,39.647,0.681,1.532,5.755,7.717,0.051,false,20.215,MODERATE,11,sequential_yolo_pose,SM-S906U1,GPU
2026-04-22 16:40:52.680,81.863,25.194,36.943,0.663,1.430,5.086,8.158,0.037,false,20.309,MODERATE,11,sequential_yolo_pose,SM-S906U1,GPU
2026-04-22 16:40:52.768,83.019,26.188,37.357,0.686,1.155,5.317,8.385,0.038,false,20.367,MODERATE,11,sequential_yolo_pose,SM-S906U1,GPU
2026-04-22 16:40:52.861,88.033,26.572,40.182,0.812,2.280,5.509,8.710,0.036,false,20.215,MODERATE,11,sequential_yolo_pose,SM-S906U1,GPU
2026-04-22 16:40:52.957,89.134,25.715,41.339,0.608,1.443,7.366,8.573,0.052,false,20.277,MODERATE,11,sequential_yolo_pose,SM-S906U1,GPU
2026-04-22 16:40:53.036,73.834,29.740,38.381,0.744,0.000,0.000,0.000,0.000,true,16.789,MODERATE,11,sequential_yolo_pose,SM-S906U1,GPU
2026-04-22 16:40:53.126,81.464,33.850,40.903,0.574,0.000,0.000,0.000,0.000,true,30.496,MODERATE,11,sequential_yolo_pose,SM-S906U1,GPU
2026-04-22 16:40:53.225,93.047,31.706,39.990,0.755,1.398,5.721,8.294,0.052,false,17.207,MODERATE,11,sequential_yolo_pose,SM-S906U1,GPU
2026-04-22 16:40:53.316,86.028,27.965,37.466,0.685,1.530,5.370,8.481,0.071,false,20.367,MODERATE,11,sequential_yolo_pose,SM-S906U1,GPU
2026-04-22 16:40:53.410,89.501,28.200,36.964,0.693,1.619,9.581,8.276,0.064,false,20.313,MODERATE,11,sequential_yolo_pose,SM-S906U1,GPU
2026-04-22 16:40:53.504,87.849,26.966,37.491,0.728,1.487,7.550,9.281,0.054,false,20.270,MODERATE,11,sequential_yolo_pose,SM-S906U1,GPU
2026-04-22 16:40:53.590,80.367,20.892,37.693,0.950,1.503,5.395,8.429,0.048,false,20.289,MODERATE,11,sequential_yolo_pose,SM-S906U1,GPU
2026-04-22 16:40:53.692,97.736,33.292,41.010,1.379,4.279,5.063,8.155,0.032,false,20.277,MODERATE,11,sequential_yolo_pose,SM-S906U1,GPU
2026-04-22 16:40:53.793,96.242,26.026,37.680,1.418,3.115,15.502,8.059,0.046,false,20.246,MODERATE,11,sequential_yolo_pose,SM-S906U1,GPU
2026-04-22 16:40:53.901,102.228,28.661,37.470,1.198,3.773,12.341,10.439,0.050,false,20.340,MODERATE,11,sequential_yolo_pose,SM-S906U1,GPU
2026-04-22 16:40:53.996,88.221,28.381,38.082,0.857,2.152,5.599,8.601,0.059,false,20.246,MODERATE,11,sequential_yolo_pose,SM-S906U1,GPU
2026-04-22 16:40:54.090,88.306,25.786,40.385,0.862,2.266,4.960,9.536,0.044,false,20.402,MODERATE,11,sequential_yolo_pose,SM-S906U1,GPU
2026-04-22 16:40:54.192,97.062,29.688,37.931,1.338,2.490,11.619,9.387,0.056,false,20.277,MODERATE,11,sequential_yolo_pose,SM-S906U1,GPU
2026-04-22 16:40:54.291,92.915,26.970,36.991,0.707,3.235,10.339,10.610,0.049,false,20.313,MODERATE,10,sequential_yolo_pose,SM-S906U1,GPU
2026-04-22 16:40:54.391,94.807,28.924,37.160,0.794,2.174,10.799,9.591,0.051,false,20.305,MODERATE,10,sequential_yolo_pose,SM-S906U1,GPU
2026-04-22 16:40:54.489,93.480,26.763,37.407,1.071,5.269,8.899,7.711,0.040,false,20.215,MODERATE,10,sequential_yolo_pose,SM-S906U1,GPU
2026-04-22 16:40:54.590,93.823,30.072,38.697,2.129,4.408,5.269,8.243,0.052,false,20.184,MODERATE,10,sequential_yolo_pose,SM-S906U1,GPU
2026-04-22 16:40:54.684,89.492,26.535,38.633,0.825,1.988,7.804,9.222,0.049,false,20.184,MODERATE,10,sequential_yolo_pose,SM-S906U1,GPU
2026-04-22 16:40:54.783,93.289,29.108,37.861,0.875,2.312,10.064,8.640,0.061,false,20.215,MODERATE,10,sequential_yolo_pose,SM-S906U1,GPU
2026-04-22 16:40:54.875,86.741,25.473,37.376,0.668,1.540,5.583,12.160,0.051,false,20.301,MODERATE,10,sequential_yolo_pose,SM-S906U1,GPU
2026-04-22 16:40:54.966,84.677,26.016,38.125,0.701,1.762,6.231,7.878,0.045,false,20.246,MODERATE,10,sequential_yolo_pose,SM-S906U1,GPU
2026-04-22 16:40:55.064,90.974,28.644,40.484,0.797,1.670,6.616,8.141,0.061,false,20.184,MODERATE,10,sequential_yolo_pose,SM-S906U1,GPU
2026-04-22 16:40:55.169,97.032,27.025,41.684,1.070,2.267,7.577,9.421,0.242,false,20.215,MODERATE,10,sequential_yolo_pose,SM-S906U1,GPU
2026-04-22 16:40:55.261,84.400,26.145,38.574,0.572,1.311,5.418,7.919,0.059,false,20.313,MODERATE,10,sequential_yolo_pose,SM-S906U1,GPU
2026-04-22 16:40:55.352,85.478,25.238,37.220,0.854,2.890,7.566,7.467,0.044,false,20.219,MODERATE,11,sequential_yolo_pose,SM-S906U1,GPU
2026-04-22 16:40:55.452,91.689,26.155,37.526,1.093,2.257,11.043,9.348,0.055,false,20.277,MODERATE,11,sequential_yolo_pose,SM-S906U1,GPU
2026-04-22 16:40:55.555,96.527,26.487,38.256,1.079,2.192,13.353,10.904,0.060,false,20.320,MODERATE,11,sequential_yolo_pose,SM-S906U1,GPU
2026-04-22 16:40:55.659,99.365,29.017,39.510,1.676,4.276,11.788,8.879,0.066,false,20.430,MODERATE,11,sequential_yolo_pose,SM-S906U1,GPU
2026-04-22 16:40:55.760,94.898,24.500,38.672,0.907,5.315,8.900,9.036,0.065,false,20.246,MODERATE,11,sequential_yolo_pose,SM-S906U1,GPU
2026-04-22 16:40:55.856,89.489,26.764,37.324,0.500,0.940,3.699,8.022,0.043,false,20.184,MODERATE,11,sequential_yolo_pose,SM-S906U1,GPU
2026-04-22 16:40:55.952,91.353,23.759,39.978,1.041,1.758,9.239,11.400,0.033,false,20.301,MODERATE,11,sequential_yolo_pose,SM-S906U1,GPU
2026-04-22 16:40:56.050,92.141,28.839,38.613,0.810,1.551,8.470,9.826,0.040,false,20.355,MODERATE,11,sequential_yolo_pose,SM-S906U1,GPU
2026-04-22 16:40:56.148,92.385,28.123,37.205,0.621,1.503,12.903,8.049,0.051,false,20.398,MODERATE,11,sequential_yolo_pose,SM-S906U1,GPU
2026-04-22 16:40:56.236,81.940,25.278,36.995,0.525,1.032,4.440,8.469,0.028,false,20.215,MODERATE,11,sequential_yolo_pose,SM-S906U1,GPU
2026-04-22 16:40:56.321,79.868,20.005,39.745,1.560,2.110,5.533,7.425,0.045,false,20.445,MODERATE,10,sequential_yolo_pose,SM-S906U1,GPU
2026-04-22 16:40:56.410,84.434,23.532,41.914,0.469,1.062,4.314,9.740,0.051,false,20.313,MODERATE,10,sequential_yolo_pose,SM-S906U1,GPU
2026-04-22 16:40:56.498,84.717,21.626,44.729,0.661,1.314,5.474,7.748,0.045,false,20.277,MODERATE,10,sequential_yolo_pose,SM-S906U1,GPU
2026-04-22 16:40:56.594,90.909,26.084,46.203,0.605,1.162,4.148,8.968,0.034,false,20.309,MODERATE,10,sequential_yolo_pose,SM-S906U1,GPU
2026-04-22 16:40:56.686,87.188,25.638,42.078,0.615,1.133,5.215,9.153,0.026,false,20.246,MODERATE,10,sequential_yolo_pose,SM-S906U1,GPU
2026-04-22 16:40:56.772,81.465,22.207,38.973,0.934,1.377,5.478,9.009,0.032,false,20.328,MODERATE,10,sequential_yolo_pose,SM-S906U1,GPU
2026-04-22 16:40:56.864,84.284,23.247,38.739,0.738,1.597,7.061,8.990,0.044,false,20.215,MODERATE,10,sequential_yolo_pose,SM-S906U1,GPU
2026-04-22 16:40:56.951,79.221,18.114,38.934,0.791,1.820,8.235,8.435,0.047,false,20.215,MODERATE,10,sequential_yolo_pose,SM-S906U1,GPU
2026-04-22 16:40:57.041,85.510,23.738,39.311,0.612,1.615,6.398,8.676,0.022,false,20.340,MODERATE,10,sequential_yolo_pose,SM-S906U1,GPU
2026-04-22 16:40:57.128,81.862,22.413,40.761,0.604,1.149,4.561,9.297,0.026,false,20.277,MODERATE,10,sequential_yolo_pose,SM-S906U1,GPU
2026-04-22 16:40:57.222,89.644,25.823,38.903,2.450,2.913,5.911,8.355,0.030,false,20.215,MODERATE,10,sequential_yolo_pose,SM-S906U1,GPU
2026-04-22 16:40:57.309,82.864,23.013,36.381,0.686,1.376,5.561,12.291,0.059,false,20.332,MODERATE,10,sequential_yolo_pose,SM-S906U1,GPU
2026-04-22 16:40:57.400,84.804,25.279,39.532,0.745,1.465,5.803,8.211,0.043,false,14.379,MODERATE,12,sequential_yolo_pose,SM-S906U1,GPU
2026-04-22 16:40:57.493,86.728,24.982,40.334,0.823,1.661,6.503,8.185,0.044,false,21.426,MODERATE,12,sequential_yolo_pose,SM-S906U1,GPU
2026-04-22 16:40:57.591,92.254,28.627,39.307,0.942,1.752,8.684,8.852,0.033,false,38.402,MODERATE,12,sequential_yolo_pose,SM-S906U1,GPU
2026-04-22 16:40:57.663,57.384,17.935,36.594,0.314,0.000,0.000,0.000,0.000,true,16.844,MODERATE,12,sequential_yolo_pose,SM-S906U1,GPU
2026-04-22 16:40:57.757,88.252,24.155,40.338,0.721,1.884,8.003,9.236,0.043,false,33.891,MODERATE,12,sequential_yolo_pose,SM-S906U1,GPU
2026-04-22 16:40:57.844,78.457,28.410,41.982,0.683,0.000,0.000,0.000,0.000,true,16.883,MODERATE,12,sequential_yolo_pose,SM-S906U1,GPU
2026-04-22 16:40:57.945,95.085,28.238,39.683,0.723,1.623,9.039,11.145,0.042,false,33.891,MODERATE,12,sequential_yolo_pose,SM-S906U1,GPU
2026-04-22 16:40:58.036,86.735,24.613,37.937,0.743,1.267,5.295,10.863,0.056,false,30.203,MODERATE,12,sequential_yolo_pose,SM-S906U1,GPU
2026-04-22 16:40:58.122,76.000,19.913,36.146,0.670,1.396,5.593,8.499,0.033,false,20.246,MODERATE,12,sequential_yolo_pose,SM-S906U1,GPU
2026-04-22 16:40:58.227,100.114,32.024,40.434,1.000,5.154,8.345,8.689,0.048,false,20.219,MODERATE,12,sequential_yolo_pose,SM-S906U1,GPU
2026-04-22 16:40:58.330,97.130,29.098,40.586,1.017,1.970,7.828,9.873,0.043,false,20.309,MODERATE,12,sequential_yolo_pose,SM-S906U1,GPU
2026-04-22 16:40:58.411,75.689,20.737,36.458,0.627,1.307,5.296,8.206,0.091,false,20.344,MODERATE,11,sequential_yolo_pose,SM-S906U1,GPU
2026-04-22 16:40:58.502,84.531,24.223,37.441,0.826,1.613,6.881,8.471,0.049,false,20.309,MODERATE,11,sequential_yolo_pose,SM-S906U1,GPU
2026-04-22 16:40:58.595,81.423,24.801,37.570,0.850,1.483,5.097,7.610,0.032,false,20.246,MODERATE,11,sequential_yolo_pose,SM-S906U1,GPU
2026-04-22 16:40:58.694,93.678,29.974,37.412,1.342,3.716,8.878,8.104,0.041,false,20.246,MODERATE,11,sequential_yolo_pose,SM-S906U1,GPU
2026-04-22 16:40:58.790,89.648,26.952,38.561,0.846,4.194,5.370,7.936,0.054,false,20.215,MODERATE,11,sequential_yolo_pose,SM-S906U1,GPU
2026-04-22 16:40:58.889,94.403,27.091,37.901,1.103,5.277,10.240,7.932,0.053,false,20.367,MODERATE,11,sequential_yolo_pose,SM-S906U1,GPU
2026-04-22 16:40:58.984,89.443,25.480,38.716,1.400,2.902,8.770,7.793,0.047,false,20.367,MODERATE,11,sequential_yolo_pose,SM-S906U1,GPU
2026-04-22 16:40:59.085,94.970,27.341,37.303,1.387,2.316,9.353,12.935,0.053,false,20.277,MODERATE,11,sequential_yolo_pose,SM-S906U1,GPU
2026-04-22 16:40:59.175,84.216,26.152,38.283,0.652,1.573,5.069,8.430,0.049,false,20.309,MODERATE,11,sequential_yolo_pose,SM-S906U1,GPU
2026-04-22 16:40:59.269,89.143,28.785,41.271,0.587,1.359,5.049,7.997,0.039,false,20.246,MODERATE,11,sequential_yolo_pose,SM-S906U1,GPU
2026-04-22 16:40:59.359,85.905,27.573,38.734,0.786,1.444,4.996,8.402,0.053,false,20.246,MODERATE,10,sequential_yolo_pose,SM-S906U1,GPU
2026-04-22 16:40:59.454,89.758,25.948,39.430,0.621,3.019,6.971,9.720,0.062,false,20.328,MODERATE,10,sequential_yolo_pose,SM-S906U1,GPU
2026-04-22 16:40:59.544,84.722,21.875,38.781,1.059,2.206,9.097,8.622,0.050,false,20.215,MODERATE,10,sequential_yolo_pose,SM-S906U1,GPU
2026-04-22 16:40:59.639,89.497,25.773,37.134,0.933,1.864,8.008,11.447,0.036,false,20.340,MODERATE,10,sequential_yolo_pose,SM-S906U1,GPU
2026-04-22 16:40:59.727,81.688,21.303,38.400,1.073,1.428,7.006,8.931,0.032,false,20.215,MODERATE,10,sequential_yolo_pose,SM-S906U1,GPU
2026-04-22 16:40:59.819,88.300,23.802,40.222,0.881,1.969,8.730,9.004,0.090,false,20.309,MODERATE,10,sequential_yolo_pose,SM-S906U1,GPU
2026-04-22 16:40:59.915,89.691,27.723,39.385,0.908,2.625,5.790,8.838,0.058,false,20.277,MODERATE,10,sequential_yolo_pose,SM-S906U1,GPU
2026-04-22 16:41:00.007,87.022,26.155,39.657,0.879,1.648,6.107,8.460,0.034,false,20.277,MODERATE,10,sequential_yolo_pose,SM-S906U1,GPU
2026-04-22 16:41:00.103,90.406,26.084,42.462,0.582,1.648,5.982,9.268,0.092,false,20.309,MODERATE,10,sequential_yolo_pose,SM-S906U1,GPU
2026-04-22 16:41:00.196,85.153,26.961,37.312,0.773,1.659,6.166,8.122,0.052,false,20.246,MODERATE,10,sequential_yolo_pose,SM-S906U1,GPU
2026-04-22 16:41:00.287,83.686,27.942,38.685,0.384,0.791,3.681,7.802,0.053,false,20.215,MODERATE,10,sequential_yolo_pose,SM-S906U1,GPU
2026-04-22 16:41:00.381,90.143,23.866,40.482,0.730,1.466,6.843,12.942,0.051,false,20.277,MODERATE,11,sequential_yolo_pose,SM-S906U1,GPU
2026-04-22 16:41:00.472,86.052,24.954,39.064,0.747,1.666,6.500,9.092,0.094,false,20.309,MODERATE,11,sequential_yolo_pose,SM-S906U1,GPU
2026-04-22 16:41:00.563,85.839,26.483,38.442,0.688,1.226,5.088,7.573,0.033,false,20.246,MODERATE,11,sequential_yolo_pose,SM-S906U1,GPU
2026-04-22 16:41:00.656,87.618,21.853,39.013,0.822,3.865,9.198,9.209,0.052,false,20.340,MODERATE,11,sequential_yolo_pose,SM-S906U1,GPU
2026-04-22 16:41:00.760,96.628,26.888,37.605,1.012,2.379,12.661,11.586,0.051,false,20.215,MODERATE,11,sequential_yolo_pose,SM-S906U1,GPU
2026-04-22 16:41:00.859,93.253,26.105,39.093,1.030,1.996,11.743,8.846,0.058,false,20.316,MODERATE,11,sequential_yolo_pose,SM-S906U1,GPU
2026-04-22 16:41:00.952,86.199,25.429,37.691,0.771,2.291,6.844,8.958,0.052,false,20.305,MODERATE,11,sequential_yolo_pose,SM-S906U1,GPU
2026-04-22 16:41:01.054,96.883,30.618,45.562,0.573,1.262,7.539,7.352,0.043,false,20.184,MODERATE,11,sequential_yolo_pose,SM-S906U1,GPU
2026-04-22 16:41:01.141,83.251,26.874,37.636,0.611,1.333,4.878,8.071,0.050,false,20.246,MODERATE,11,sequential_yolo_pose,SM-S906U1,GPU
2026-04-22 16:41:01.231,85.993,27.577,37.718,0.665,1.622,6.227,8.326,0.037,false,20.277,MODERATE,11,sequential_yolo_pose,SM-S906U1,GPU
2026-04-22 16:41:01.332,94.045,35.575,37.286,0.761,1.585,5.511,7.994,0.038,false,20.246,MODERATE,11,sequential_yolo_pose,SM-S906U1,GPU
2026-04-22 16:41:01.422,81.226,25.522,37.189,0.424,0.889,3.720,8.378,0.060,false,20.246,MODERATE,11,sequential_yolo_pose,SM-S906U1,GPU
2026-04-22 16:41:01.520,93.309,24.817,39.142,1.305,3.078,10.529,10.108,0.044,false,20.309,MODERATE,11,sequential_yolo_pose,SM-S906U1,GPU
2026-04-22 16:41:01.618,91.693,26.705,38.287,0.860,2.383,9.601,9.350,0.066,false,20.309,MODERATE,11,sequential_yolo_pose,SM-S906U1,GPU
2026-04-22 16:41:01.719,96.680,29.635,38.309,0.617,2.503,11.203,9.644,0.056,false,20.246,MODERATE,11,sequential_yolo_pose,SM-S906U1,GPU
2026-04-22 16:41:01.813,88.168,28.981,37.355,0.585,1.445,7.737,7.935,0.032,false,20.215,MODERATE,11,sequential_yolo_pose,SM-S906U1,GPU
2026-04-22 16:41:01.908,91.032,21.656,41.186,0.698,1.622,8.714,13.727,0.053,false,20.305,MODERATE,11,sequential_yolo_pose,SM-S906U1,GPU
2026-04-22 16:41:01.994,80.847,24.332,37.521,0.568,1.298,4.846,7.650,0.051,false,20.277,MODERATE,11,sequential_yolo_pose,SM-S906U1,GPU
2026-04-22 16:41:02.090,90.566,29.116,38.691,0.551,2.698,7.632,7.839,0.042,false,20.246,MODERATE,11,sequential_yolo_pose,SM-S906U1,GPU
2026-04-22 16:41:02.166,71.328,28.033,38.396,0.943,0.000,0.000,0.000,0.000,true,16.883,MODERATE,11,sequential_yolo_pose,SM-S906U1,GPU
2026-04-22 16:41:02.263,82.734,36.067,40.227,0.755,0.000,0.000,0.000,0.000,true,30.559,MODERATE,11,sequential_yolo_pose,SM-S906U1,GPU
2026-04-22 16:41:02.386,105.600,33.861,38.463,0.716,2.370,11.827,13.695,0.051,false,21.961,MODERATE,10,sequential_yolo_pose,SM-S906U1,GPU
2026-04-22 16:41:02.479,86.827,23.884,37.802,0.631,1.438,7.988,10.611,0.149,false,38.938,MODERATE,10,sequential_yolo_pose,SM-S906U1,GPU
2026-04-22 16:41:02.585,98.553,29.183,38.029,0.640,1.354,10.372,14.945,0.059,false,29.777,MODERATE,10,sequential_yolo_pose,SM-S906U1,GPU
2026-04-22 16:41:02.678,88.569,29.198,37.932,0.545,1.335,8.145,7.456,0.048,false,20.344,MODERATE,10,sequential_yolo_pose,SM-S906U1,GPU
2026-04-22 16:41:02.768,85.276,27.082,37.685,0.869,1.428,5.334,8.986,0.048,false,20.246,MODERATE,10,sequential_yolo_pose,SM-S906U1,GPU
2026-04-22 16:41:02.857,83.352,23.182,40.254,0.970,1.373,6.050,7.804,0.052,false,20.301,MODERATE,10,sequential_yolo_pose,SM-S906U1,GPU
2026-04-22 16:41:02.955,91.216,22.271,39.522,1.387,3.724,8.353,9.156,0.049,false,20.246,MODERATE,10,sequential_yolo_pose,SM-S906U1,GPU
2026-04-22 16:41:03.048,88.162,28.351,39.680,0.704,1.430,5.810,8.219,0.037,false,20.215,MODERATE,10,sequential_yolo_pose,SM-S906U1,GPU
2026-04-22 16:41:03.147,93.053,29.373,38.333,0.939,1.849,10.595,7.993,0.033,false,20.340,MODERATE,10,sequential_yolo_pose,SM-S906U1,GPU
2026-04-22 16:41:03.236,82.244,26.094,37.913,0.615,1.291,4.982,7.553,0.045,false,20.301,MODERATE,10,sequential_yolo_pose,SM-S906U1,GPU
2026-04-22 16:41:03.323,81.522,21.510,40.491,0.606,1.442,5.124,8.779,0.050,false,20.246,MODERATE,10,sequential_yolo_pose,SM-S906U1,GPU
2026-04-22 16:41:03.413,85.458,25.860,38.294,0.527,1.713,7.937,7.493,0.043,false,20.344,MODERATE,11,sequential_yolo_pose,SM-S906U1,GPU
2026-04-22 16:41:03.506,87.466,26.903,36.376,0.614,1.388,8.182,9.782,0.060,false,20.305,MODERATE,11,sequential_yolo_pose,SM-S906U1,GPU
2026-04-22 16:41:03.602,89.293,29.198,38.588,0.904,1.728,6.756,7.986,0.032,false,20.309,MODERATE,11,sequential_yolo_pose,SM-S906U1,GPU
2026-04-22 16:41:03.697,90.492,30.165,39.487,0.560,1.357,5.308,9.605,0.067,false,20.152,MODERATE,11,sequential_yolo_pose,SM-S906U1,GPU
2026-04-22 16:41:03.815,110.390,28.144,51.239,0.743,1.821,9.744,13.798,0.055,false,20.309,MODERATE,11,sequential_yolo_pose,SM-S906U1,GPU
2026-04-22 16:41:03.930,109.953,27.104,51.737,1.057,2.050,13.533,9.445,0.046,false,20.367,MODERATE,11,sequential_yolo_pose,SM-S906U1,GPU
2026-04-22 16:41:04.033,96.840,25.758,47.460,0.546,1.269,5.250,10.012,0.051,false,20.246,MODERATE,11,sequential_yolo_pose,SM-S906U1,GPU
2026-04-22 16:41:04.143,103.615,21.827,50.473,1.505,3.191,10.642,10.912,0.105,false,20.371,MODERATE,11,sequential_yolo_pose,SM-S906U1,GPU
2026-04-22 16:41:04.262,112.929,30.293,50.743,2.236,4.168,9.483,11.025,0.051,false,20.398,MODERATE,11,sequential_yolo_pose,SM-S906U1,GPU
2026-04-22 16:41:04.373,100.842,26.053,46.648,0.969,1.866,7.625,13.002,0.036,false,20.246,MODERATE,11,sequential_yolo_pose,SM-S906U1,GPU
2026-04-22 16:41:04.483,103.075,29.929,46.909,0.728,1.636,9.559,9.912,0.031,false,20.309,MODERATE,10,sequential_yolo_pose,SM-S906U1,GPU
2026-04-22 16:41:04.603,114.699,28.912,48.819,1.175,9.605,11.014,10.552,0.067,false,20.371,MODERATE,10,sequential_yolo_pose,SM-S906U1,GPU
2026-04-22 16:41:04.721,109.187,30.260,49.009,1.124,2.756,11.167,10.527,0.049,false,20.402,MODERATE,10,sequential_yolo_pose,SM-S906U1,GPU
2026-04-22 16:41:04.831,104.388,30.899,49.558,0.851,1.730,6.536,10.725,0.065,false,20.371,MODERATE,10,sequential_yolo_pose,SM-S906U1,GPU
2026-04-22 16:41:04.937,98.775,20.755,48.443,0.718,1.526,5.561,11.393,0.036,false,20.215,MODERATE,10,sequential_yolo_pose,SM-S906U1,GPU
2026-04-22 16:41:05.061,114.884,25.258,52.186,1.542,2.875,14.767,12.998,0.039,false,20.340,MODERATE,10,sequential_yolo_pose,SM-S906U1,GPU
2026-04-22 16:41:05.179,110.433,26.914,48.162,1.595,2.973,11.514,12.208,0.048,false,20.309,MODERATE,10,sequential_yolo_pose,SM-S906U1,GPU
2026-04-22 16:41:05.291,105.056,27.965,47.240,1.159,3.154,11.366,9.979,0.053,false,20.277,MODERATE,10,sequential_yolo_pose,SM-S906U1,GPU
2026-04-22 16:41:05.407,110.263,25.976,47.487,1.576,6.833,10.669,13.303,0.050,false,20.332,MODERATE,8,sequential_yolo_pose,SM-S906U1,GPU
2026-04-22 16:41:05.532,119.457,24.793,51.362,1.227,9.133,17.656,10.915,0.052,false,20.406,MODERATE,8,sequential_yolo_pose,SM-S906U1,GPU
2026-04-22 16:41:05.645,106.163,26.572,47.536,1.013,2.046,8.532,15.845,0.064,false,20.277,MODERATE,8,sequential_yolo_pose,SM-S906U1,GPU
2026-04-22 16:41:05.758,107.176,30.902,49.649,1.267,2.577,8.137,9.268,0.032,false,20.277,MODERATE,8,sequential_yolo_pose,SM-S906U1,GPU
2026-04-22 16:41:05.874,111.456,33.769,49.562,0.985,1.797,8.926,11.824,0.036,false,20.246,MODERATE,8,sequential_yolo_pose,SM-S906U1,GPU
2026-04-22 16:41:05.985,104.862,23.793,48.176,1.245,3.114,9.015,14.266,0.052,false,20.277,MODERATE,8,sequential_yolo_pose,SM-S906U1,GPU
2026-04-22 16:41:06.096,104.394,23.727,52.161,1.638,2.915,8.575,10.717,0.035,false,20.340,MODERATE,8,sequential_yolo_pose,SM-S906U1,GPU
2026-04-22 16:41:06.206,100.808,27.676,49.132,0.761,1.612,6.632,10.510,0.066,false,20.215,MODERATE,8,sequential_yolo_pose,SM-S906U1,GPU
2026-04-22 16:41:06.316,103.685,27.079,49.448,1.044,2.256,9.467,9.911,0.052,false,20.309,MODERATE,8,sequential_yolo_pose,SM-S906U1,GPU
2026-04-22 16:41:06.432,111.149,24.793,49.298,0.895,2.552,16.753,11.206,0.045,false,20.402,MODERATE,9,sequential_yolo_pose,SM-S906U1,GPU
2026-04-22 16:41:06.537,100.376,25.854,50.535,0.751,1.946,7.178,9.999,0.059,false,20.340,MODERATE,9,sequential_yolo_pose,SM-S906U1,GPU
2026-04-22 16:41:06.628,82.349,26.747,50.489,0.550,0.000,0.000,0.000,0.000,true,16.945,MODERATE,9,sequential_yolo_pose,SM-S906U1,GPU
2026-04-22 16:41:06.727,82.243,28.570,48.029,0.564,0.000,0.000,0.000,0.000,true,30.590,MODERATE,9,sequential_yolo_pose,SM-S906U1,GPU
2026-04-22 16:41:06.818,84.048,27.352,50.812,0.833,0.000,0.000,0.000,0.000,true,13.879,MODERATE,9,sequential_yolo_pose,SM-S906U1,GPU
2026-04-22 16:41:06.919,92.263,36.954,49.746,0.492,0.000,0.000,0.000,0.000,true,16.879,MODERATE,9,sequential_yolo_pose,SM-S906U1,GPU
2026-04-22 16:41:07.033,108.699,29.663,52.319,0.740,1.742,8.571,11.236,0.045,false,33.887,MODERATE,9,sequential_yolo_pose,SM-S906U1,GPU
2026-04-22 16:41:07.161,110.286,28.390,49.232,1.369,4.398,12.320,10.515,0.059,false,20.383,MODERATE,9,sequential_yolo_pose,SM-S906U1,GPU
2026-04-22 16:41:07.275,109.255,28.230,49.203,1.192,2.933,12.533,10.692,0.051,false,20.344,MODERATE,9,sequential_yolo_pose,SM-S906U1,GPU
2026-04-22 16:41:07.389,108.155,26.688,49.506,1.246,3.234,11.334,11.878,0.079,false,20.313,MODERATE,9,sequential_yolo_pose,SM-S906U1,GPU
2026-04-22 16:41:07.494,99.533,26.876,50.493,0.634,1.404,5.429,9.328,0.048,false,20.359,MODERATE,10,sequential_yolo_pose,SM-S906U1,GPU
2026-04-22 16:41:07.612,112.649,26.926,52.895,1.288,3.120,11.464,12.547,0.039,false,20.344,MODERATE,10,sequential_yolo_pose,SM-S906U1,GPU
2026-04-22 16:41:07.723,105.804,25.424,48.273,0.686,2.805,15.138,9.609,0.047,false,20.309,MODERATE,10,sequential_yolo_pose,SM-S906U1,GPU
2026-04-22 16:41:07.832,103.018,28.887,48.490,0.747,1.896,8.380,10.091,0.045,false,20.309,MODERATE,10,sequential_yolo_pose,SM-S906U1,GPU
2026-04-22 16:41:07.953,113.667,26.941,51.320,1.164,3.251,10.452,15.546,0.056,false,20.277,MODERATE,10,sequential_yolo_pose,SM-S906U1,GPU
2026-04-22 16:41:08.064,106.349,25.151,47.853,1.465,2.807,14.190,10.540,0.053,false,20.246,MODERATE,10,sequential_yolo_pose,SM-S906U1,GPU
2026-04-22 16:41:08.192,113.453,28.177,49.231,1.088,3.060,17.028,10.274,0.058,false,20.336,MODERATE,10,sequential_yolo_pose,SM-S906U1,GPU
2026-04-22 16:41:08.304,105.487,24.258,50.317,0.924,2.509,8.489,11.277,0.066,false,20.301,MODERATE,10,sequential_yolo_pose,SM-S906U1,GPU
2026-04-22 16:41:08.424,109.717,29.314,48.277,0.839,1.828,15.635,9.646,0.054,false,20.371,MODERATE,10,sequential_yolo_pose,SM-S906U1,GPU
2026-04-22 16:41:08.545,114.419,30.061,52.234,0.719,2.555,8.192,16.186,0.053,false,20.375,MODERATE,9,sequential_yolo_pose,SM-S906U1,GPU
2026-04-22 16:41:08.658,106.480,26.234,49.076,1.406,3.144,12.707,9.800,0.047,false,14.441,MODERATE,9,sequential_yolo_pose,SM-S906U1,GPU
2026-04-22 16:41:08.766,103.091,25.459,51.186,1.252,2.230,7.646,10.742,0.048,false,21.586,MODERATE,9,sequential_yolo_pose,SM-S906U1,GPU
2026-04-22 16:41:08.912,134.194,28.812,46.690,1.107,2.397,23.243,26.531,0.101,false,13.531,MODERATE,9,sequential_yolo_pose,SM-S906U1,GPU
2026-04-22 16:41:09.032,114.590,24.769,50.793,1.407,5.929,16.850,10.668,0.045,false,20.363,MODERATE,9,sequential_yolo_pose,SM-S906U1,GPU
2026-04-22 16:41:09.149,111.199,28.484,51.731,1.121,2.536,11.908,11.122,0.069,false,20.344,MODERATE,9,sequential_yolo_pose,SM-S906U1,GPU
2026-04-22 16:41:09.264,107.472,29.606,49.932,1.220,5.010,7.478,10.022,0.053,false,20.277,MODERATE,9,sequential_yolo_pose,SM-S906U1,GPU
2026-04-22 16:41:09.385,112.398,28.509,49.714,0.719,1.420,14.675,11.778,0.036,false,20.309,MODERATE,9,sequential_yolo_pose,SM-S906U1,GPU
2026-04-22 16:41:09.496,106.253,25.336,50.866,1.346,2.546,11.902,10.246,0.037,false,20.465,MODERATE,8,sequential_yolo_pose,SM-S906U1,GPU
2026-04-22 16:41:09.615,112.481,27.493,51.431,1.299,2.231,8.615,15.985,0.049,false,20.313,MODERATE,8,sequential_yolo_pose,SM-S906U1,GPU
2026-04-22 16:41:09.729,108.235,25.899,49.716,1.379,3.074,12.587,11.233,0.056,false,20.332,MODERATE,8,sequential_yolo_pose,SM-S906U1,GPU
2026-04-22 16:41:09.850,113.956,27.949,52.696,0.941,3.057,14.682,9.633,0.039,false,20.309,MODERATE,8,sequential_yolo_pose,SM-S906U1,GPU
2026-04-22 16:41:09.954,96.906,21.626,48.876,1.042,1.856,8.581,11.443,0.044,false,20.336,MODERATE,8,sequential_yolo_pose,SM-S906U1,GPU
2026-04-22 16:41:10.076,115.478,32.950,48.358,1.040,2.373,8.341,16.141,0.040,false,20.309,MODERATE,8,sequential_yolo_pose,SM-S906U1,GPU
2026-04-22 16:41:10.191,107.336,27.431,48.125,1.552,6.874,8.096,10.767,0.050,false,20.340,MODERATE,8,sequential_yolo_pose,SM-S906U1,GPU
2026-04-22 16:41:10.302,105.128,31.573,47.298,0.960,2.080,6.402,11.386,0.062,false,20.246,MODERATE,8,sequential_yolo_pose,SM-S906U1,GPU
2026-04-22 16:41:10.413,105.359,29.873,50.307,0.678,1.587,6.198,12.449,0.048,false,20.340,MODERATE,8,sequential_yolo_pose,SM-S906U1,GPU
2026-04-22 16:41:10.522,105.229,26.028,48.966,1.229,2.649,12.355,10.005,0.039,false,20.492,MODERATE,9,sequential_yolo_pose,SM-S906U1,GPU
2026-04-22 16:41:10.634,107.352,30.630,49.174,0.958,2.412,9.668,10.129,0.060,false,20.250,MODERATE,9,sequential_yolo_pose,SM-S906U1,GPU
2026-04-22 16:41:10.748,104.217,27.905,49.200,0.770,2.139,9.243,9.924,0.062,false,20.309,MODERATE,9,sequential_yolo_pose,SM-S906U1,GPU
2026-04-22 16:41:10.862,108.425,28.197,51.501,1.862,3.437,8.930,10.157,0.051,false,20.332,MODERATE,9,sequential_yolo_pose,SM-S906U1,GPU
2026-04-22 16:41:10.976,108.983,26.929,47.806,1.463,3.510,10.821,14.152,0.034,false,20.277,MODERATE,9,sequential_yolo_pose,SM-S906U1,GPU
2026-04-22 16:41:11.090,107.367,25.888,49.888,1.184,2.465,11.622,11.646,0.052,false,20.363,MODERATE,9,sequential_yolo_pose,SM-S906U1,GPU
2026-04-22 16:41:11.176,80.073,23.633,50.414,0.849,0.000,0.000,0.000,0.000,true,16.887,MODERATE,9,sequential_yolo_pose,SM-S906U1,GPU
2026-04-22 16:41:11.267,80.170,26.867,48.174,0.861,0.000,0.000,0.000,0.000,true,30.500,MODERATE,9,sequential_yolo_pose,SM-S906U1,GPU
2026-04-22 16:41:11.365,90.068,31.831,50.548,1.019,0.000,0.000,0.000,0.000,true,18.508,MODERATE,9,sequential_yolo_pose,SM-S906U1,GPU
2026-04-22 16:41:11.496,120.230,35.877,50.713,1.129,2.487,14.869,10.692,0.049,false,35.547,MODERATE,9,sequential_yolo_pose,SM-S906U1,GPU
2026-04-22 16:41:11.616,113.449,33.181,47.140,1.377,2.401,11.398,13.611,0.063,false,22.004,MODERATE,9,sequential_yolo_pose,SM-S906U1,GPU
2026-04-22 16:41:11.725,102.946,21.552,48.873,0.967,3.651,12.974,10.773,0.054,false,38.949,MODERATE,9,sequential_yolo_pose,SM-S906U1,GPU
2026-04-22 16:41:11.838,96.990,26.780,46.030,0.550,1.812,5.495,12.091,0.065,false,20.242,MODERATE,9,sequential_yolo_pose,SM-S906U1,GPU
2026-04-22 16:41:11.953,108.443,29.049,49.948,0.618,1.649,9.421,12.880,0.049,false,20.344,MODERATE,9,sequential_yolo_pose,SM-S906U1,GPU
2026-04-22 16:41:12.060,102.644,24.558,49.614,1.292,3.077,10.143,9.686,0.051,false,20.309,MODERATE,9,sequential_yolo_pose,SM-S906U1,GPU
2026-04-22 16:41:12.169,104.438,25.078,51.926,0.954,1.874,9.436,9.923,0.957,false,20.277,MODERATE,9,sequential_yolo_pose,SM-S906U1,GPU
2026-04-22 16:41:12.281,101.923,27.577,48.541,0.724,1.866,8.750,10.584,0.046,false,20.309,MODERATE,9,sequential_yolo_pose,SM-S906U1,GPU
2026-04-22 16:41:12.397,110.423,26.137,49.844,0.732,7.762,11.693,10.068,0.051,false,20.371,MODERATE,9,sequential_yolo_pose,SM-S906U1,GPU
2026-04-22 16:41:12.501,95.364,27.857,45.708,0.541,1.480,5.699,10.159,0.043,false,20.340,MODERATE,9,sequential_yolo_pose,SM-S906U1,GPU
2026-04-22 16:41:12.620,111.818,26.206,49.436,0.956,3.181,13.513,12.417,0.082,false,20.281,MODERATE,9,sequential_yolo_pose,SM-S906U1,GPU
2026-04-22 16:41:12.729,102.658,27.532,49.664,0.980,1.778,7.894,10.455,0.059,false,20.301,MODERATE,9,sequential_yolo_pose,SM-S906U1,GPU
2026-04-22 16:41:12.834,100.342,28.341,47.355,0.934,1.406,5.460,11.128,0.062,false,20.277,MODERATE,9,sequential_yolo_pose,SM-S906U1,GPU
2026-04-22 16:41:12.941,101.024,28.293,48.516,0.506,1.293,5.060,13.036,0.050,false,20.246,MODERATE,9,sequential_yolo_pose,SM-S906U1,GPU
2026-04-22 16:41:13.049,103.577,25.803,49.371,0.947,2.573,11.000,9.807,0.051,false,20.309,MODERATE,9,sequential_yolo_pose,SM-S906U1,GPU
2026-04-22 16:41:13.154,100.737,26.236,48.502,0.677,2.353,8.582,9.623,0.055,false,20.215,MODERATE,9,sequential_yolo_pose,SM-S906U1,GPU
2026-04-22 16:41:13.267,107.883,27.721,50.489,0.814,3.247,8.432,12.580,0.060,false,20.313,MODERATE,9,sequential_yolo_pose,SM-S906U1,GPU
2026-04-22 16:41:13.387,112.991,29.357,49.452,0.887,3.413,11.214,11.298,0.036,false,20.309,MODERATE,9,sequential_yolo_pose,SM-S906U1,GPU
2026-04-22 16:41:13.499,107.061,27.175,47.878,0.745,6.335,7.571,11.564,1.429,false,20.371,MODERATE,9,sequential_yolo_pose,SM-S906U1,GPU
2026-04-22 16:41:13.605,99.271,25.560,49.137,0.546,1.623,6.462,11.307,0.048,false,20.246,MODERATE,9,sequential_yolo_pose,SM-S906U1,GPU
2026-04-22 16:41:13.712,101.411,21.898,52.241,0.467,1.679,5.072,11.084,0.054,false,20.309,MODERATE,9,sequential_yolo_pose,SM-S906U1,GPU
2026-04-22 16:41:13.824,107.703,26.141,49.462,1.006,3.239,12.014,11.518,0.057,false,20.371,MODERATE,9,sequential_yolo_pose,SM-S906U1,GPU
2026-04-22 16:41:13.934,105.205,24.979,49.024,1.549,2.391,10.115,12.109,0.054,false,20.313,MODERATE,9,sequential_yolo_pose,SM-S906U1,GPU
2026-04-22 16:41:14.042,100.687,23.417,49.482,0.827,2.155,8.583,11.848,0.069,false,20.246,MODERATE,9,sequential_yolo_pose,SM-S906U1,GPU
2026-04-22 16:41:14.154,107.715,27.965,49.262,1.015,3.011,11.525,10.275,0.068,false,20.309,MODERATE,9,sequential_yolo_pose,SM-S906U1,GPU
2026-04-22 16:41:14.274,112.346,28.287,48.493,1.219,2.912,12.055,14.825,0.056,false,20.277,MODERATE,9,sequential_yolo_pose,SM-S906U1,GPU
2026-04-22 16:41:14.387,105.692,27.949,50.719,0.866,1.858,9.250,10.811,0.035,false,20.309,MODERATE,9,sequential_yolo_pose,SM-S906U1,GPU
2026-04-22 16:41:14.500,107.628,26.752,50.380,1.223,2.807,9.445,11.391,0.047,false,20.371,MODERATE,9,sequential_yolo_pose,SM-S906U1,GPU
2026-04-22 16:41:14.614,102.809,28.021,46.730,0.538,2.057,6.844,14.244,0.052,false,20.277,MODERATE,9,sequential_yolo_pose,SM-S906U1,GPU
2026-04-22 16:41:14.733,114.240,27.700,48.172,1.090,6.838,15.105,11.115,0.055,false,20.340,MODERATE,9,sequential_yolo_pose,SM-S906U1,GPU
2026-04-22 16:41:14.833,94.951,21.090,51.168,1.035,1.615,5.315,11.466,0.049,false,20.309,MODERATE,9,sequential_yolo_pose,SM-S906U1,GPU
2026-04-22 16:41:14.938,99.588,25.003,52.857,0.573,1.391,5.461,10.078,0.089,false,20.215,MODERATE,9,sequential_yolo_pose,SM-S906U1,GPU
2026-04-22 16:41:15.053,108.903,28.241,50.772,1.073,2.857,10.179,10.417,0.063,false,20.340,MODERATE,9,sequential_yolo_pose,SM-S906U1,GPU
2026-04-22 16:41:15.159,101.505,26.736,48.841,0.681,1.969,8.369,10.464,0.095,false,20.246,MODERATE,9,sequential_yolo_pose,SM-S906U1,GPU
2026-04-22 16:41:15.272,107.856,25.706,49.144,0.997,2.284,9.023,13.480,0.057,false,20.309,MODERATE,9,sequential_yolo_pose,SM-S906U1,GPU
2026-04-22 16:41:15.386,107.121,26.041,49.513,0.620,2.626,10.041,14.153,0.040,false,20.340,MODERATE,9,sequential_yolo_pose,SM-S906U1,GPU
2026-04-22 16:41:15.498,104.960,27.274,49.967,1.226,2.754,9.472,9.585,0.048,false,20.340,MODERATE,9,sequential_yolo_pose,SM-S906U1,GPU
2026-04-22 16:41:15.604,98.771,25.448,49.670,0.561,1.358,5.368,12.357,0.047,false,20.344,MODERATE,9,sequential_yolo_pose,SM-S906U1,GPU
2026-04-22 16:41:15.690,75.944,22.106,50.206,0.442,0.000,0.000,0.000,0.000,true,16.945,MODERATE,9,sequential_yolo_pose,SM-S906U1,GPU
2026-04-22 16:41:15.785,91.426,34.887,51.673,0.533,0.000,0.000,0.000,0.000,true,30.527,MODERATE,9,sequential_yolo_pose,SM-S906U1,GPU
2026-04-22 16:41:15.900,109.942,32.859,51.265,0.816,2.558,8.089,9.977,0.050,false,17.195,MODERATE,9,sequential_yolo_pose,SM-S906U1,GPU
2026-04-22 16:41:16.010,105.822,27.885,51.609,0.956,1.880,6.578,9.620,0.052,false,20.309,MODERATE,9,sequential_yolo_pose,SM-S906U1,GPU
2026-04-22 16:41:16.128,111.221,27.237,48.146,1.278,4.673,14.698,10.969,0.053,false,20.340,MODERATE,9,sequential_yolo_pose,SM-S906U1,GPU
2026-04-22 16:41:16.236,103.704,26.519,49.056,0.706,2.217,7.582,11.207,0.061,false,20.281,MODERATE,9,sequential_yolo_pose,SM-S906U1,GPU
2026-04-22 16:41:16.352,109.971,27.266,48.229,1.426,3.098,10.996,12.258,0.052,false,20.277,MODERATE,9,sequential_yolo_pose,SM-S906U1,GPU
2026-04-22 16:41:16.462,105.784,25.640,48.186,1.358,2.911,11.720,11.651,0.051,false,20.363,MODERATE,9,sequential_yolo_pose,SM-S906U1,GPU
2026-04-22 16:41:16.564,96.900,25.303,49.342,0.604,1.496,5.477,10.218,0.045,false,20.250,MODERATE,10,sequential_yolo_pose,SM-S906U1,GPU
2026-04-22 16:41:16.670,98.556,21.577,50.266,0.967,2.172,7.260,12.487,0.063,false,20.277,MODERATE,10,sequential_yolo_pose,SM-S906U1,GPU
2026-04-22 16:41:16.786,108.599,21.199,51.105,0.900,2.858,13.850,15.551,0.051,false,20.434,MODERATE,10,sequential_yolo_pose,SM-S906U1,GPU
2026-04-22 16:41:16.894,103.454,27.507,50.130,0.942,2.841,8.321,9.409,0.042,false,20.215,MODERATE,10,sequential_yolo_pose,SM-S906U1,GPU
2026-04-22 16:41:17.008,109.226,25.840,54.198,0.909,2.083,6.632,14.549,0.666,false,20.367,MODERATE,10,sequential_yolo_pose,SM-S906U1,GPU
2026-04-22 16:41:17.120,107.388,26.167,52.286,1.105,4.324,7.569,11.610,0.046,false,20.277,MODERATE,10,sequential_yolo_pose,SM-S906U1,GPU
2026-04-22 16:41:17.225,100.005,25.752,47.790,0.900,2.042,9.534,9.487,0.057,false,20.363,MODERATE,10,sequential_yolo_pose,SM-S906U1,GPU
2026-04-22 16:41:17.330,99.952,29.435,47.409,0.710,1.308,5.573,10.214,0.042,false,20.184,MODERATE,10,sequential_yolo_pose,SM-S906U1,GPU
2026-04-22 16:41:17.436,102.097,24.964,52.301,0.786,1.895,7.293,10.291,0.068,false,20.367,MODERATE,10,sequential_yolo_pose,SM-S906U1,GPU
2026-04-22 16:41:17.540,97.972,25.074,51.362,0.558,1.433,5.386,10.044,0.050,false,20.402,MODERATE,9,sequential_yolo_pose,SM-S906U1,GPU
2026-04-22 16:41:17.643,99.126,28.842,48.112,0.665,1.280,5.125,10.691,0.035,false,20.309,MODERATE,9,sequential_yolo_pose,SM-S906U1,GPU
2026-04-22 16:41:17.757,108.997,27.630,49.385,1.321,2.648,12.005,11.880,0.049,false,20.309,MODERATE,9,sequential_yolo_pose,SM-S906U1,GPU
2026-04-22 16:41:17.879,117.257,34.070,46.034,1.631,2.510,10.582,17.859,0.062,false,20.309,MODERATE,9,sequential_yolo_pose,SM-S906U1,GPU
2026-04-22 16:41:17.989,103.754,26.150,47.656,1.086,2.376,11.334,10.909,0.049,false,20.340,MODERATE,9,sequential_yolo_pose,SM-S906U1,GPU
2026-04-22 16:41:18.094,100.173,30.288,49.071,0.592,1.406,4.909,9.382,0.056,false,20.215,MODERATE,9,sequential_yolo_pose,SM-S906U1,GPU
2026-04-22 16:41:18.214,113.699,25.943,51.407,1.173,2.460,9.025,17.614,0.047,false,20.402,MODERATE,9,sequential_yolo_pose,SM-S906U1,GPU
2026-04-22 16:41:18.324,105.174,26.148,49.094,1.553,2.869,9.706,11.479,0.035,false,20.281,MODERATE,9,sequential_yolo_pose,SM-S906U1,GPU
2026-04-22 16:41:18.434,104.835,27.805,48.924,1.024,2.505,7.565,10.134,0.046,false,20.246,MODERATE,9,sequential_yolo_pose,SM-S906U1,GPU
2026-04-22 16:41:18.547,101.702,28.325,48.803,0.581,1.442,5.858,12.446,0.057,false,20.465,MODERATE,9,sequential_yolo_pose,SM-S906U1,GPU
2026-04-22 16:41:18.655,103.075,27.743,49.550,1.134,2.180,7.509,10.893,0.050,false,20.277,MODERATE,9,sequential_yolo_pose,SM-S906U1,GPU
2026-04-22 16:41:18.764,101.701,29.406,47.921,1.253,2.073,7.118,9.642,0.056,false,20.215,MODERATE,9,sequential_yolo_pose,SM-S906U1,GPU
2026-04-22 16:41:18.866,97.405,27.153,49.484,0.502,1.247,5.008,9.514,0.045,false,20.340,MODERATE,9,sequential_yolo_pose,SM-S906U1,GPU
2026-04-22 16:41:18.970,99.370,24.437,52.276,0.630,1.465,5.030,9.555,0.043,false,20.246,MODERATE,9,sequential_yolo_pose,SM-S906U1,GPU
2026-04-22 16:41:19.093,115.596,26.536,50.552,1.427,2.684,19.858,9.927,0.036,false,20.340,MODERATE,9,sequential_yolo_pose,SM-S906U1,GPU
2026-04-22 16:41:19.201,103.022,30.012,50.669,0.882,1.373,5.081,10.539,0.041,false,20.246,MODERATE,9,sequential_yolo_pose,SM-S906U1,GPU
2026-04-22 16:41:19.318,110.079,29.475,49.683,0.725,1.447,8.142,16.320,0.045,false,20.340,MODERATE,9,sequential_yolo_pose,SM-S906U1,GPU
2026-04-22 16:41:19.433,109.564,30.085,50.943,1.218,4.993,8.074,10.227,0.037,false,20.309,MODERATE,9,sequential_yolo_pose,SM-S906U1,GPU
2026-04-22 16:41:19.542,100.811,25.419,52.394,0.497,1.405,5.835,11.174,0.050,false,20.434,MODERATE,9,sequential_yolo_pose,SM-S906U1,GPU
2026-04-22 16:41:19.649,103.394,27.211,48.584,0.701,1.675,7.044,14.402,0.026,false,20.309,MODERATE,9,sequential_yolo_pose,SM-S906U1,GPU
2026-04-22 16:41:19.760,107.144,25.403,49.843,1.537,2.875,11.862,11.351,0.040,false,20.301,MODERATE,9,sequential_yolo_pose,SM-S906U1,GPU
2026-04-22 16:41:19.874,108.932,26.698,47.791,1.227,2.701,8.447,15.370,0.056,false,20.313,MODERATE,9,sequential_yolo_pose,SM-S906U1,GPU
2026-04-22 16:41:19.987,107.105,27.967,49.209,0.730,1.485,13.965,9.528,0.041,false,20.340,MODERATE,9,sequential_yolo_pose,SM-S906U1,GPU
2026-04-22 16:41:20.076,84.097,29.424,49.848,1.064,0.000,0.000,0.000,0.000,true,16.789,MODERATE,9,sequential_yolo_pose,SM-S906U1,GPU
2026-04-22 16:41:20.181,95.864,36.831,52.254,1.072,0.000,0.000,0.000,0.000,true,30.527,MODERATE,9,sequential_yolo_pose,SM-S906U1,GPU
2026-04-22 16:41:20.293,105.245,44.527,53.466,0.898,0.000,0.000,0.000,0.000,true,18.602,MODERATE,9,sequential_yolo_pose,SM-S906U1,GPU
2026-04-22 16:41:20.396,91.465,30.949,51.506,0.674,0.000,0.000,0.000,0.000,true,32.153,MODERATE,9,sequential_yolo_pose,SM-S906U1,GPU
2026-04-22 16:41:20.530,124.740,34.260,49.054,1.019,7.479,13.174,11.091,0.032,false,21.664,MODERATE,9,sequential_yolo_pose,SM-S906U1,GPU
2026-04-22 16:41:20.642,107.086,27.200,49.116,0.960,1.536,6.386,12.558,0.100,false,38.641,MODERATE,9,sequential_yolo_pose,SM-S906U1,GPU
2026-04-22 16:41:20.754,103.845,28.649,49.610,0.628,1.520,9.430,9.377,0.256,false,20.359,MODERATE,9,sequential_yolo_pose,SM-S906U1,GPU
2026-04-22 16:41:20.869,108.025,32.283,47.988,0.678,1.870,6.993,13.828,0.046,false,20.340,MODERATE,9,sequential_yolo_pose,SM-S906U1,GPU
2026-04-22 16:41:20.989,114.835,26.422,50.197,0.711,2.135,18.642,10.039,0.054,false,20.340,MODERATE,9,sequential_yolo_pose,SM-S906U1,GPU
2026-04-22 16:41:21.106,112.035,25.566,49.907,6.499,3.019,8.065,14.635,0.044,false,20.375,MODERATE,9,sequential_yolo_pose,SM-S906U1,GPU
2026-04-22 16:41:21.217,106.027,29.502,50.668,0.658,1.476,9.086,10.280,0.056,false,20.309,MODERATE,9,sequential_yolo_pose,SM-S906U1,GPU
2026-04-22 16:41:21.333,108.893,26.643,50.319,0.901,5.802,10.544,10.558,0.053,false,20.340,MODERATE,9,sequential_yolo_pose,SM-S906U1,GPU
2026-04-22 16:41:21.450,107.382,25.570,50.697,0.991,3.365,11.411,11.142,0.069,false,20.340,MODERATE,9,sequential_yolo_pose,SM-S906U1,GPU
2026-04-22 16:41:21.567,109.396,31.643,48.747,0.939,3.261,9.841,10.686,0.045,false,20.383,MODERATE,9,sequential_yolo_pose,SM-S906U1,GPU
2026-04-22 16:41:21.691,111.275,29.290,48.610,1.122,2.879,15.414,9.969,0.051,false,20.309,MODERATE,9,sequential_yolo_pose,SM-S906U1,GPU
2026-04-22 16:41:21.801,105.599,30.284,49.783,0.731,1.363,5.786,13.511,0.028,false,20.309,MODERATE,9,sequential_yolo_pose,SM-S906U1,GPU
2026-04-22 16:41:21.907,100.905,21.841,50.516,0.928,2.175,9.434,12.234,0.062,false,20.398,MODERATE,9,sequential_yolo_pose,SM-S906U1,GPU
2026-04-22 16:41:22.027,113.186,28.284,50.756,0.622,2.881,15.840,10.248,0.052,false,20.340,MODERATE,9,sequential_yolo_pose,SM-S906U1,GPU
2026-04-22 16:41:22.137,105.792,27.150,51.949,0.818,2.202,9.376,10.072,0.066,false,20.309,MODERATE,9,sequential_yolo_pose,SM-S906U1,GPU
2026-04-22 16:41:22.247,102.376,25.413,48.171,0.985,2.732,7.741,10.252,0.059,false,20.371,MODERATE,9,sequential_yolo_pose,SM-S906U1,GPU
2026-04-22 16:41:22.360,107.121,29.511,49.322,1.090,2.118,10.508,10.072,0.053,false,20.277,MODERATE,9,sequential_yolo_pose,SM-S906U1,GPU
2026-04-22 16:41:22.472,106.380,27.565,50.709,0.863,2.065,8.001,12.425,0.051,false,20.340,MODERATE,9,sequential_yolo_pose,SM-S906U1,GPU
2026-04-22 16:41:22.579,97.875,27.722,48.110,0.508,1.607,6.284,9.804,0.045,false,20.496,MODERATE,9,sequential_yolo_pose,SM-S906U1,GPU
2026-04-22 16:41:22.696,112.373,27.861,48.742,1.379,3.048,17.552,9.970,0.048,false,20.371,MODERATE,9,sequential_yolo_pose,SM-S906U1,GPU
2026-04-22 16:41:22.806,105.512,29.003,49.190,0.951,2.036,7.735,12.550,0.046,false,20.340,MODERATE,9,sequential_yolo_pose,SM-S906U1,GPU
2026-04-22 16:41:22.919,104.903,26.389,48.593,0.609,2.051,11.248,12.187,0.045,false,20.277,MODERATE,9,sequential_yolo_pose,SM-S906U1,GPU
2026-04-22 16:41:23.031,106.800,27.761,48.848,1.103,2.811,11.559,10.222,0.050,false,20.336,MODERATE,9,sequential_yolo_pose,SM-S906U1,GPU
2026-04-22 16:41:23.150,105.412,28.626,47.258,0.786,2.530,8.483,13.055,0.057,false,20.340,MODERATE,9,sequential_yolo_pose,SM-S906U1,GPU
2026-04-22 16:41:23.250,94.143,20.845,48.488,0.489,1.745,9.074,10.348,0.044,false,20.309,MODERATE,9,sequential_yolo_pose,SM-S906U1,GPU
2026-04-22 16:41:23.365,110.723,24.133,51.532,0.803,3.007,15.641,11.382,0.035,false,20.313,MODERATE,9,sequential_yolo_pose,SM-S906U1,GPU
2026-04-22 16:41:23.474,99.361,22.893,47.691,0.812,2.067,7.461,13.905,0.058,false,20.340,MODERATE,9,sequential_yolo_pose,SM-S906U1,GPU
2026-04-22 16:41:23.586,106.326,27.535,47.849,0.578,1.531,10.879,13.775,0.044,false,14.598,MODERATE,9,sequential_yolo_pose,SM-S906U1,GPU
2026-04-22 16:41:23.700,108.780,31.942,48.865,0.718,2.652,6.253,12.677,0.048,false,21.598,MODERATE,9,sequential_yolo_pose,SM-S906U1,GPU
2026-04-22 16:41:23.827,115.546,26.078,52.932,1.357,2.837,12.727,15.069,0.035,false,38.605,MODERATE,9,sequential_yolo_pose,SM-S906U1,GPU
2026-04-22 16:41:23.949,113.613,27.395,57.821,0.870,2.568,9.079,11.619,0.049,false,20.277,MODERATE,9,sequential_yolo_pose,SM-S906U1,GPU
2026-04-22 16:41:24.063,108.742,27.035,53.670,1.126,2.815,9.468,10.374,0.047,false,20.309,MODERATE,9,sequential_yolo_pose,SM-S906U1,GPU
2026-04-22 16:41:24.181,107.202,22.608,54.926,0.471,1.348,11.320,11.039,0.047,false,20.246,MODERATE,9,sequential_yolo_pose,SM-S906U1,GPU
2026-04-22 16:41:24.301,115.100,29.248,52.051,1.363,3.458,11.285,13.461,0.051,false,20.277,MODERATE,9,sequential_yolo_pose,SM-S906U1,GPU
2026-04-22 16:41:24.419,112.157,23.720,54.510,1.077,2.368,10.537,14.475,0.101,false,20.309,MODERATE,9,sequential_yolo_pose,SM-S906U1,GPU
2026-04-22 16:41:24.533,108.518,22.747,52.064,1.441,3.099,10.882,11.847,0.058,false,20.309,MODERATE,9,sequential_yolo_pose,SM-S906U1,GPU
2026-04-22 16:41:24.632,90.817,27.184,54.950,0.601,0.000,0.000,0.000,0.000,true,16.980,MODERATE,9,sequential_yolo_pose,SM-S906U1,GPU
2026-04-22 16:41:24.741,96.848,31.135,57.984,1.006,0.000,0.000,0.000,0.000,true,30.563,MODERATE,9,sequential_yolo_pose,SM-S906U1,GPU
2026-04-22 16:41:24.839,90.898,29.842,54.535,0.897,0.000,0.000,0.000,0.000,true,13.484,MODERATE,9,sequential_yolo_pose,SM-S906U1,GPU
2026-04-22 16:41:24.965,116.858,32.736,53.658,1.073,2.855,9.533,10.482,0.071,false,20.363,MODERATE,9,sequential_yolo_pose,SM-S906U1,GPU
2026-04-22 16:41:25.059,85.214,26.564,53.453,0.496,0.000,0.000,0.000,0.000,true,16.945,MODERATE,9,sequential_yolo_pose,SM-S906U1,GPU
2026-04-22 16:41:25.203,136.785,36.720,56.224,0.870,3.367,18.202,12.405,0.083,false,34.016,MODERATE,9,sequential_yolo_pose,SM-S906U1,GPU
2026-04-22 16:41:25.320,108.295,25.548,52.600,0.531,1.814,11.572,11.684,0.034,false,20.367,MODERATE,9,sequential_yolo_pose,SM-S906U1,GPU
2026-04-22 16:41:25.438,113.366,27.655,52.155,0.793,2.939,10.807,11.510,0.032,false,20.309,MODERATE,9,sequential_yolo_pose,SM-S906U1,GPU
2026-04-22 16:41:25.561,114.996,26.038,55.050,0.944,5.458,12.896,10.335,0.071,false,20.371,MODERATE,9,sequential_yolo_pose,SM-S906U1,GPU
2026-04-22 16:41:25.675,109.036,27.269,55.374,0.620,1.386,5.338,11.970,0.053,false,20.313,MODERATE,9,sequential_yolo_pose,SM-S906U1,GPU
2026-04-22 16:41:25.789,108.597,26.570,52.795,0.966,3.259,10.329,10.371,0.052,false,20.309,MODERATE,9,sequential_yolo_pose,SM-S906U1,GPU
2026-04-22 16:41:25.908,113.812,26.139,55.759,1.138,2.414,9.081,14.847,0.065,false,20.309,MODERATE,9,sequential_yolo_pose,SM-S906U1,GPU
2026-04-22 16:41:26.027,112.831,28.852,51.627,0.821,5.503,10.268,11.181,0.053,false,20.340,MODERATE,9,sequential_yolo_pose,SM-S906U1,GPU
2026-04-22 16:41:26.142,109.584,28.179,54.802,0.726,1.767,7.408,12.167,0.074,false,20.285,MODERATE,9,sequential_yolo_pose,SM-S906U1,GPU
2026-04-22 16:41:26.264,115.056,25.674,54.850,1.278,4.917,13.073,10.820,0.058,false,20.340,MODERATE,9,sequential_yolo_pose,SM-S906U1,GPU
2026-04-22 16:41:26.380,108.469,26.987,54.957,0.708,1.747,6.587,11.798,0.053,false,20.246,MODERATE,9,sequential_yolo_pose,SM-S906U1,GPU
2026-04-22 16:41:26.492,106.986,26.481,53.864,1.235,1.927,7.789,11.434,0.059,false,20.363,MODERATE,9,sequential_yolo_pose,SM-S906U1,GPU
2026-04-22 16:41:26.601,104.082,27.373,51.436,0.567,1.372,5.188,10.246,0.050,false,20.371,MODERATE,8,sequential_yolo_pose,SM-S906U1,GPU
2026-04-22 16:41:26.718,111.268,25.523,55.423,1.181,2.870,10.718,10.595,0.047,false,20.313,MODERATE,8,sequential_yolo_pose,SM-S906U1,GPU
2026-04-22 16:41:26.834,110.493,31.410,54.400,1.349,1.480,5.319,11.075,0.049,false,20.250,MODERATE,8,sequential_yolo_pose,SM-S906U1,GPU
2026-04-22 16:41:26.955,115.995,23.864,55.375,0.613,1.661,13.909,13.950,0.064,false,20.395,MODERATE,8,sequential_yolo_pose,SM-S906U1,GPU
2026-04-22 16:41:27.072,113.426,30.613,55.096,1.289,3.050,6.970,12.169,0.052,false,20.250,MODERATE,8,sequential_yolo_pose,SM-S906U1,GPU
2026-04-22 16:41:27.181,102.425,21.490,55.032,0.600,1.563,6.514,14.047,0.054,false,20.309,MODERATE,8,sequential_yolo_pose,SM-S906U1,GPU
2026-04-22 16:41:27.298,112.105,25.256,54.937,1.339,3.046,12.696,10.589,0.126,false,20.332,MODERATE,8,sequential_yolo_pose,SM-S906U1,GPU
2026-04-22 16:41:27.424,111.492,26.546,53.545,1.424,6.012,9.508,10.207,0.052,false,20.402,MODERATE,8,sequential_yolo_pose,SM-S906U1,GPU
2026-04-22 16:41:27.540,109.025,24.897,53.672,1.266,3.318,10.043,11.711,0.052,false,20.371,MODERATE,8,sequential_yolo_pose,SM-S906U1,GPU
2026-04-22 16:41:27.666,121.584,32.638,53.329,1.344,5.653,9.589,13.765,0.049,false,20.344,MODERATE,9,sequential_yolo_pose,SM-S906U1,GPU
2026-04-22 16:41:27.792,119.846,28.159,54.308,0.602,1.614,8.367,22.918,0.058,false,20.340,MODERATE,9,sequential_yolo_pose,SM-S906U1,GPU
2026-04-22 16:41:27.913,113.858,32.811,54.226,0.635,1.564,5.827,14.538,0.046,false,20.309,MODERATE,9,sequential_yolo_pose,SM-S906U1,GPU
2026-04-22 16:41:28.030,113.190,28.497,54.035,1.141,2.818,12.024,10.564,0.058,false,20.340,MODERATE,9,sequential_yolo_pose,SM-S906U1,GPU
2026-04-22 16:41:28.144,109.701,26.781,52.090,0.626,1.466,5.218,18.617,0.033,false,20.309,MODERATE,9,sequential_yolo_pose,SM-S906U1,GPU
2026-04-22 16:41:28.263,111.742,26.562,52.899,1.255,2.466,10.959,12.323,0.054,false,20.340,MODERATE,9,sequential_yolo_pose,SM-S906U1,GPU
2026-04-22 16:41:28.385,117.085,26.887,51.376,1.027,2.434,9.927,17.089,0.054,false,20.309,MODERATE,9,sequential_yolo_pose,SM-S906U1,GPU
2026-04-22 16:41:28.498,108.714,25.118,55.295,1.203,3.061,8.707,10.860,0.056,false,20.332,MODERATE,9,sequential_yolo_pose,SM-S906U1,GPU
2026-04-22 16:41:28.612,108.318,27.688,52.534,0.701,1.379,7.386,14.179,0.048,false,20.340,MODERATE,8,sequential_yolo_pose,SM-S906U1,GPU
2026-04-22 16:41:28.724,108.525,23.723,52.111,0.795,3.159,14.626,10.148,0.047,false,20.434,MODERATE,8,sequential_yolo_pose,SM-S906U1,GPU
2026-04-22 16:41:28.839,109.947,28.322,53.116,1.030,2.203,8.343,12.836,0.052,false,20.246,MODERATE,8,sequential_yolo_pose,SM-S906U1,GPU
2026-04-22 16:41:28.956,111.130,29.284,54.401,1.156,2.427,8.964,10.483,0.047,false,20.395,MODERATE,8,sequential_yolo_pose,SM-S906U1,GPU
2026-04-22 16:41:29.073,111.360,25.127,54.378,0.923,2.507,9.373,14.107,0.065,false,20.313,MODERATE,8,sequential_yolo_pose,SM-S906U1,GPU
2026-04-22 16:41:29.164,84.931,27.377,52.708,0.632,0.000,0.000,0.000,0.000,true,16.988,MODERATE,8,sequential_yolo_pose,SM-S906U1,GPU
2026-04-22 16:41:29.293,123.502,35.518,55.681,1.267,2.798,10.394,11.915,0.051,false,33.973,MODERATE,8,sequential_yolo_pose,SM-S906U1,GPU
2026-04-22 16:41:29.408,105.109,24.563,53.066,0.662,1.860,7.070,13.643,0.063,false,20.305,MODERATE,8,sequential_yolo_pose,SM-S906U1,GPU
2026-04-22 16:41:29.530,114.481,26.727,55.477,1.408,2.998,11.427,11.772,0.055,false,20.340,MODERATE,8,sequential_yolo_pose,SM-S906U1,GPU
2026-04-22 16:41:29.646,110.755,29.717,50.574,0.605,1.569,7.809,14.442,0.048,false,20.465,MODERATE,9,sequential_yolo_pose,SM-S906U1,GPU
2026-04-22 16:41:29.763,109.594,21.168,55.190,1.174,4.152,12.777,11.986,0.064,false,20.344,MODERATE,9,sequential_yolo_pose,SM-S906U1,GPU
2026-04-22 16:41:29.888,115.891,29.944,52.408,0.947,2.037,11.268,10.221,0.054,false,20.309,MODERATE,9,sequential_yolo_pose,SM-S906U1,GPU
2026-04-22 16:41:30.005,111.315,27.153,54.503,1.294,3.285,9.781,10.975,0.070,false,20.363,MODERATE,9,sequential_yolo_pose,SM-S906U1,GPU
2026-04-22 16:41:30.128,115.316,27.275,54.487,1.396,11.609,5.498,10.453,0.052,false,20.344,MODERATE,9,sequential_yolo_pose,SM-S906U1,GPU
2026-04-22 16:41:30.249,116.319,25.238,54.710,0.643,1.617,8.530,19.349,0.053,false,20.313,MODERATE,9,sequential_yolo_pose,SM-S906U1,GPU
2026-04-22 16:41:30.367,112.193,27.727,54.346,1.132,3.581,9.728,11.334,0.051,false,20.277,MODERATE,9,sequential_yolo_pose,SM-S906U1,GPU
2026-04-22 16:41:30.483,106.895,22.355,52.269,0.841,2.009,8.254,16.363,0.076,false,20.277,MODERATE,9,sequential_yolo_pose,SM-S906U1,GPU
2026-04-22 16:41:30.604,115.835,27.893,54.673,1.248,4.949,10.681,11.764,0.076,false,20.309,MODERATE,9,sequential_yolo_pose,SM-S906U1,GPU
2026-04-22 16:41:30.727,117.492,25.002,59.578,0.981,3.453,9.793,14.183,0.048,false,20.426,MODERATE,8,sequential_yolo_pose,SM-S906U1,GPU
2026-04-22 16:41:30.831,99.903,22.205,53.186,1.172,2.216,6.270,11.313,0.070,false,20.395,MODERATE,8,sequential_yolo_pose,SM-S906U1,GPU
2026-04-22 16:41:30.943,104.224,28.040,53.342,0.392,0.872,4.428,12.247,0.061,false,20.246,MODERATE,8,sequential_yolo_pose,SM-S906U1,GPU
2026-04-22 16:41:31.059,109.897,24.273,58.829,0.757,2.590,9.766,10.299,0.043,false,20.340,MODERATE,8,sequential_yolo_pose,SM-S906U1,GPU
2026-04-22 16:41:31.180,117.405,22.392,57.237,0.763,1.921,6.177,25.001,0.032,false,20.406,MODERATE,8,sequential_yolo_pose,SM-S906U1,GPU
2026-04-22 16:41:31.290,106.773,22.541,57.154,0.793,3.501,7.951,11.219,0.033,false,20.375,MODERATE,8,sequential_yolo_pose,SM-S906U1,GPU
2026-04-22 16:41:31.400,105.743,23.165,59.957,0.732,1.563,5.449,11.453,0.035,false,20.367,MODERATE,8,sequential_yolo_pose,SM-S906U1,GPU
2026-04-22 16:41:31.513,107.610,22.650,58.286,0.930,2.598,6.724,11.873,0.030,false,20.340,MODERATE,8,sequential_yolo_pose,SM-S906U1,GPU
2026-04-22 16:41:31.628,111.468,22.606,63.782,0.635,1.795,8.293,11.048,0.044,false,20.402,MODERATE,9,sequential_yolo_pose,SM-S906U1,GPU
2026-04-22 16:41:31.744,111.589,22.762,61.191,0.656,1.875,6.502,13.502,0.044,false,20.281,MODERATE,9,sequential_yolo_pose,SM-S906U1,GPU
2026-04-22 16:41:31.865,116.736,23.330,60.234,0.816,1.792,14.818,12.284,0.061,false,20.363,MODERATE,9,sequential_yolo_pose,SM-S906U1,GPU
2026-04-22 16:41:31.998,121.729,32.910,57.755,1.320,4.121,9.002,12.168,0.036,false,20.309,MODERATE,9,sequential_yolo_pose,SM-S906U1,GPU
2026-04-22 16:41:32.108,98.585,23.395,52.150,0.624,1.680,5.937,10.322,0.061,false,20.281,MODERATE,9,sequential_yolo_pose,SM-S906U1,GPU
2026-04-22 16:41:32.231,118.871,29.265,56.022,1.181,3.030,13.311,11.547,0.043,false,20.367,MODERATE,9,sequential_yolo_pose,SM-S906U1,GPU
2026-04-22 16:41:32.346,110.536,28.990,52.479,0.767,2.036,8.525,10.449,0.059,false,20.246,MODERATE,9,sequential_yolo_pose,SM-S906U1,GPU
2026-04-22 16:41:32.466,114.520,28.065,56.501,1.404,7.771,5.784,10.537,0.046,false,20.309,MODERATE,9,sequential_yolo_pose,SM-S906U1,GPU
2026-04-22 16:41:32.571,101.517,25.583,53.873,0.619,1.466,5.192,10.674,0.065,false,20.371,MODERATE,9,sequential_yolo_pose,SM-S906U1,GPU
2026-04-22 16:41:32.689,108.691,28.208,53.307,0.736,1.493,9.270,11.403,0.062,false,20.387,MODERATE,9,sequential_yolo_pose,SM-S906U1,GPU
2026-04-22 16:41:32.804,111.084,25.654,54.351,1.257,2.733,8.931,13.804,0.053,false,20.309,MODERATE,9,sequential_yolo_pose,SM-S906U1,GPU
2026-04-22 16:41:32.928,115.829,27.024,54.074,1.515,2.855,12.895,12.930,0.044,false,20.340,MODERATE,9,sequential_yolo_pose,SM-S906U1,GPU
2026-04-22 16:41:33.054,121.176,26.416,56.871,0.983,2.083,17.730,12.879,0.056,false,20.344,MODERATE,9,sequential_yolo_pose,SM-S906U1,GPU
2026-04-22 16:41:33.170,112.300,25.522,55.369,1.100,2.428,9.253,12.326,0.096,false,20.246,MODERATE,9,sequential_yolo_pose,SM-S906U1,GPU
2026-04-22 16:41:33.288,108.734,28.234,52.439,1.266,2.392,9.669,10.286,0.052,false,20.398,MODERATE,9,sequential_yolo_pose,SM-S906U1,GPU
2026-04-22 16:41:33.406,113.691,28.158,55.084,1.216,2.549,9.457,13.019,0.077,false,20.277,MODERATE,9,sequential_yolo_pose,SM-S906U1,GPU
2026-04-22 16:41:33.527,114.869,27.621,56.381,0.937,4.114,11.261,10.560,0.048,false,20.402,MODERATE,9,sequential_yolo_pose,SM-S906U1,GPU
2026-04-22 16:41:33.640,109.557,28.566,53.870,0.538,1.713,8.313,12.280,0.061,false,20.344,MODERATE,8,sequential_yolo_pose,SM-S906U1,GPU
2026-04-22 16:41:33.733,87.880,29.119,53.767,0.510,0.000,0.000,0.000,0.000,true,16.945,MODERATE,8,sequential_yolo_pose,SM-S906U1,GPU
2026-04-22 16:41:33.836,91.666,27.958,57.664,0.897,0.000,0.000,0.000,0.000,true,30.496,MODERATE,8,sequential_yolo_pose,SM-S906U1,GPU
2026-04-22 16:41:33.946,93.848,28.797,58.463,0.768,0.000,0.000,0.000,0.000,true,13.488,MODERATE,8,sequential_yolo_pose,SM-S906U1,GPU
2026-04-22 16:41:34.080,126.330,37.068,56.576,0.945,2.482,9.395,13.715,0.064,false,20.359,MODERATE,8,sequential_yolo_pose,SM-S906U1,GPU
2026-04-22 16:41:34.203,118.694,25.758,56.879,0.888,2.987,15.074,12.763,0.035,false,20.371,MODERATE,8,sequential_yolo_pose,SM-S906U1,GPU
2026-04-22 16:41:34.324,111.442,28.806,51.878,0.720,2.536,11.222,11.786,0.034,false,20.277,MODERATE,8,sequential_yolo_pose,SM-S906U1,GPU
2026-04-22 16:41:34.450,120.738,29.508,53.592,0.849,2.609,10.388,19.489,0.060,false,20.340,MODERATE,8,sequential_yolo_pose,SM-S906U1,GPU
2026-04-22 16:41:34.565,110.646,28.474,55.509,0.798,2.370,8.555,10.764,0.042,false,20.301,MODERATE,8,sequential_yolo_pose,SM-S906U1,GPU
2026-04-22 16:41:34.677,104.726,28.088,54.270,0.667,1.397,5.401,9.713,0.054,false,20.434,MODERATE,9,sequential_yolo_pose,SM-S906U1,GPU
2026-04-22 16:41:34.791,110.119,26.201,52.895,0.977,2.479,11.591,11.865,0.052,false,20.309,MODERATE,9,sequential_yolo_pose,SM-S906U1,GPU
2026-04-22 16:41:34.908,112.377,28.195,52.146,0.998,2.635,9.591,12.218,0.115,false,20.277,MODERATE,9,sequential_yolo_pose,SM-S906U1,GPU
2026-04-22 16:41:35.022,106.546,22.309,54.008,1.112,4.026,9.095,12.783,0.055,false,20.340,MODERATE,9,sequential_yolo_pose,SM-S906U1,GPU
2026-04-22 16:41:35.139,111.479,29.024,54.206,1.328,2.952,5.412,13.922,0.054,false,20.309,MODERATE,9,sequential_yolo_pose,SM-S906U1,GPU
2026-04-22 16:41:35.256,110.284,25.497,54.771,0.912,2.928,10.583,11.302,0.048,false,20.309,MODERATE,9,sequential_yolo_pose,SM-S906U1,GPU
2026-04-22 16:41:35.367,104.996,29.788,52.732,0.610,1.479,5.371,10.579,0.041,false,20.246,MODERATE,9,sequential_yolo_pose,SM-S906U1,GPU
2026-04-22 16:41:35.482,109.999,26.025,57.975,0.744,1.734,9.159,10.558,0.051,false,20.340,MODERATE,9,sequential_yolo_pose,SM-S906U1,GPU
2026-04-22 16:41:35.601,114.914,25.967,54.368,1.285,3.048,15.281,10.940,0.050,false,20.371,MODERATE,9,sequential_yolo_pose,SM-S906U1,GPU
2026-04-22 16:41:35.725,115.735,28.261,55.070,0.967,2.873,10.136,12.821,0.064,false,20.313,MODERATE,9,sequential_yolo_pose,SM-S906U1,GPU
2026-04-22 16:41:35.843,113.230,31.525,54.734,0.601,1.540,8.183,12.486,0.046,false,20.309,MODERATE,9,sequential_yolo_pose,SM-S906U1,GPU
2026-04-22 16:41:35.959,110.786,22.900,56.192,0.781,2.250,10.842,14.288,0.048,false,20.352,MODERATE,9,sequential_yolo_pose,SM-S906U1,GPU
2026-04-22 16:41:36.074,108.495,27.189,53.242,0.966,2.447,8.966,11.200,0.072,false,20.246,MODERATE,9,sequential_yolo_pose,SM-S906U1,GPU
2026-04-22 16:41:36.190,108.654,21.330,56.556,1.523,2.850,11.060,12.288,0.051,false,20.309,MODERATE,9,sequential_yolo_pose,SM-S906U1,GPU
2026-04-22 16:41:36.304,108.734,27.718,53.012,1.409,3.693,6.408,10.923,0.121,false,20.277,MODERATE,9,sequential_yolo_pose,SM-S906U1,GPU
2026-04-22 16:41:36.423,113.934,22.327,54.915,1.109,2.657,15.215,14.446,0.054,false,20.363,MODERATE,9,sequential_yolo_pose,SM-S906U1,GPU
2026-04-22 16:41:36.544,116.132,30.344,52.383,1.104,2.448,9.479,16.324,0.047,false,20.344,MODERATE,9,sequential_yolo_pose,SM-S906U1,GPU
2026-04-22 16:41:36.661,111.078,24.786,52.871,1.141,3.540,12.708,11.829,0.047,false,20.371,MODERATE,8,sequential_yolo_pose,SM-S906U1,GPU
2026-04-22 16:41:36.784,117.217,28.365,56.059,0.770,2.221,14.315,10.137,0.049,false,20.313,MODERATE,8,sequential_yolo_pose,SM-S906U1,GPU
2026-04-22 16:41:36.903,112.870,29.599,53.099,1.083,3.367,9.403,12.225,0.061,false,20.309,MODERATE,8,sequential_yolo_pose,SM-S906U1,GPU
2026-04-22 16:41:37.025,114.539,27.050,55.612,1.214,2.843,11.201,12.058,0.053,false,20.277,MODERATE,8,sequential_yolo_pose,SM-S906U1,GPU
2026-04-22 16:41:37.150,116.939,29.085,51.744,1.096,2.314,12.083,10.705,0.080,false,20.309,MODERATE,8,sequential_yolo_pose,SM-S906U1,GPU
2026-04-22 16:41:37.268,109.945,29.244,53.376,0.900,2.456,8.919,10.859,0.055,false,20.293,MODERATE,8,sequential_yolo_pose,SM-S906U1,GPU
2026-04-22 16:41:37.390,112.500,25.495,56.460,1.090,2.813,10.438,10.251,0.075,false,20.277,MODERATE,8,sequential_yolo_pose,SM-S906U1,GPU
2026-04-22 16:41:37.508,112.248,29.747,53.066,1.094,2.841,8.573,11.376,0.046,false,20.277,MODERATE,8,sequential_yolo_pose,SM-S906U1,GPU
2026-04-22 16:41:37.631,113.938,28.816,52.770,1.121,2.907,12.276,11.486,0.060,false,20.309,MODERATE,8,sequential_yolo_pose,SM-S906U1,GPU
2026-04-22 16:41:37.746,107.215,24.547,52.579,0.615,1.623,5.953,16.282,0.061,false,20.313,MODERATE,9,sequential_yolo_pose,SM-S906U1,GPU
2026-04-22 16:41:37.855,101.256,41.630,53.129,0.440,0.000,0.000,0.000,0.000,true,16.883,MODERATE,9,sequential_yolo_pose,SM-S906U1,GPU
2026-04-22 16:41:37.953,92.058,32.051,53.704,0.646,0.000,0.000,0.000,0.000,true,30.527,MODERATE,9,sequential_yolo_pose,SM-S906U1,GPU
2026-04-22 16:41:38.051,90.008,30.080,53.679,0.232,0.000,0.000,0.000,0.000,true,18.617,MODERATE,9,sequential_yolo_pose,SM-S906U1,GPU
2026-04-22 16:41:38.144,87.868,28.644,54.431,0.574,0.000,0.000,0.000,0.000,true,32.168,MODERATE,9,sequential_yolo_pose,SM-S906U1,GPU
2026-04-22 16:41:38.271,120.494,34.855,55.407,0.758,2.121,8.344,12.230,0.077,false,21.481,MODERATE,9,sequential_yolo_pose,SM-S906U1,GPU
2026-04-22 16:41:38.384,104.458,20.819,57.007,1.050,1.916,9.091,11.144,0.052,false,38.364,MODERATE,9,sequential_yolo_pose,SM-S906U1,GPU
2026-04-22 16:41:38.500,105.019,26.400,54.374,0.538,1.670,5.604,11.658,0.051,false,20.301,MODERATE,9,sequential_yolo_pose,SM-S906U1,GPU
2026-04-22 16:41:38.617,113.316,27.198,54.588,1.049,2.754,11.706,10.488,0.055,false,20.340,MODERATE,9,sequential_yolo_pose,SM-S906U1,GPU
2026-04-22 16:41:38.727,104.472,26.325,53.805,0.986,1.545,5.429,12.096,0.047,false,20.434,MODERATE,9,sequential_yolo_pose,SM-S906U1,GPU
2026-04-22 16:41:38.848,117.465,26.930,54.551,0.530,1.793,7.861,21.750,0.042,false,20.406,MODERATE,9,sequential_yolo_pose,SM-S906U1,GPU
2026-04-22 16:41:38.964,111.192,24.190,54.334,1.060,2.954,13.017,11.432,0.056,false,20.309,MODERATE,9,sequential_yolo_pose,SM-S906U1,GPU
2026-04-22 16:41:39.087,118.461,30.732,53.892,1.004,2.946,11.583,13.514,0.062,false,20.340,MODERATE,9,sequential_yolo_pose,SM-S906U1,GPU
2026-04-22 16:41:39.198,107.300,26.389,53.501,0.870,4.497,6.504,11.174,0.068,false,20.398,MODERATE,9,sequential_yolo_pose,SM-S906U1,GPU
2026-04-22 16:41:39.315,111.468,23.761,55.306,0.932,2.375,9.382,15.287,0.053,false,20.313,MODERATE,9,sequential_yolo_pose,SM-S906U1,GPU
2026-04-22 16:41:39.434,114.278,29.212,53.067,1.189,2.902,11.430,12.301,0.047,false,20.309,MODERATE,9,sequential_yolo_pose,SM-S906U1,GPU
2026-04-22 16:41:39.569,127.228,29.297,52.801,0.854,2.796,11.647,24.569,0.309,false,20.340,MODERATE,9,sequential_yolo_pose,SM-S906U1,GPU
2026-04-22 16:41:39.693,114.126,23.070,56.547,0.602,2.516,16.294,11.164,0.049,false,20.309,MODERATE,8,sequential_yolo_pose,SM-S906U1,GPU
2026-04-22 16:41:39.806,106.850,30.139,53.237,0.587,1.440,6.296,10.956,0.078,false,20.246,MODERATE,8,sequential_yolo_pose,SM-S906U1,GPU
2026-04-22 16:41:39.926,114.095,29.628,54.160,1.387,2.904,10.696,10.414,0.050,false,20.246,MODERATE,8,sequential_yolo_pose,SM-S906U1,GPU
2026-04-22 16:41:40.043,110.620,27.344,53.019,1.083,2.557,9.194,10.831,0.076,false,20.246,MODERATE,8,sequential_yolo_pose,SM-S906U1,GPU
2026-04-22 16:41:40.165,115.770,28.204,54.007,1.290,3.174,12.140,12.531,0.054,false,20.309,MODERATE,8,sequential_yolo_pose,SM-S906U1,GPU
2026-04-22 16:41:40.288,116.766,27.586,52.693,1.114,3.402,11.125,14.221,0.317,false,20.340,MODERATE,8,sequential_yolo_pose,SM-S906U1,GPU
2026-04-22 16:41:40.411,115.829,28.901,53.787,0.871,2.324,9.608,15.585,0.090,false,20.309,MODERATE,8,sequential_yolo_pose,SM-S906U1,GPU
2026-04-22 16:41:40.531,114.732,25.674,52.642,1.289,8.546,11.684,10.595,0.055,false,20.340,MODERATE,8,sequential_yolo_pose,SM-S906U1,GPU
2026-04-22 16:41:40.650,113.919,27.803,54.549,0.640,2.895,11.240,12.298,0.049,false,20.375,MODERATE,8,sequential_yolo_pose,SM-S906U1,GPU
2026-04-22 16:41:40.767,111.148,25.280,54.887,1.162,2.890,7.888,12.510,0.052,false,20.406,MODERATE,9,sequential_yolo_pose,SM-S906U1,GPU
2026-04-22 16:41:40.888,110.609,27.241,52.839,0.666,2.286,11.118,12.045,0.050,false,20.309,MODERATE,9,sequential_yolo_pose,SM-S906U1,GPU
2026-04-22 16:41:41.001,107.100,28.261,56.607,0.857,1.469,5.198,10.406,0.041,false,20.309,MODERATE,9,sequential_yolo_pose,SM-S906U1,GPU
2026-04-22 16:41:41.093,86.709,26.983,55.863,0.213,0.000,0.000,0.000,0.000,true,16.914,MODERATE,9,sequential_yolo_pose,SM-S906U1,GPU
2026-04-22 16:41:41.185,87.618,30.871,52.897,0.286,0.000,0.000,0.000,0.000,true,30.527,MODERATE,9,sequential_yolo_pose,SM-S906U1,GPU
2026-04-22 16:41:41.340,150.807,25.449,52.395,26.032,6.519,17.836,15.254,0.109,false,16.848,MODERATE,9,sequential_yolo_pose,SM-S906U1,GPU
2026-04-22 16:41:41.520,166.972,73.053,55.754,0.549,1.375,7.381,20.797,0.044,false,20.309,MODERATE,9,sequential_yolo_pose,SM-S906U1,GPU
2026-04-22 16:41:41.643,114.212,32.669,54.915,0.982,1.369,8.369,10.524,0.052,false,20.152,MODERATE,9,sequential_yolo_pose,SM-S906U1,GPU
2026-04-22 16:41:41.791,134.512,48.295,52.998,0.489,1.205,9.806,10.154,0.052,false,37.379,MODERATE,8,sequential_yolo_pose,SM-S906U1,GPU
2026-04-22 16:41:41.975,148.474,66.376,54.179,0.503,1.372,10.610,9.197,0.049,false,21.883,MODERATE,8,sequential_yolo_pose,SM-S906U1,GPU
2026-04-22 16:41:42.090,108.766,28.647,54.371,0.454,0.792,4.708,16.063,0.032,false,38.860,MODERATE,8,sequential_yolo_pose,SM-S906U1,GPU
2026-04-22 16:41:42.249,153.872,50.134,52.909,3.054,5.679,24.600,12.428,0.037,false,29.692,MODERATE,8,sequential_yolo_pose,SM-S906U1,GPU
2026-04-22 16:41:42.382,128.039,29.840,63.343,0.404,1.148,13.299,11.641,0.042,false,46.512,MODERATE,8,sequential_yolo_pose,SM-S906U1,GPU
2026-04-22 16:41:42.531,141.804,60.041,53.967,0.369,0.847,7.851,13.528,0.029,false,35.660,MODERATE,8,sequential_yolo_pose,SM-S906U1,GPU
2026-04-22 16:41:42.693,153.288,42.793,54.274,2.822,4.656,15.808,25.443,0.064,false,13.437,MODERATE,8,sequential_yolo_pose,SM-S906U1,GPU
2026-04-22 16:41:42.813,108.005,29.071,53.578,0.416,1.458,5.262,14.002,0.046,false,20.363,MODERATE,7,sequential_yolo_pose,SM-S906U1,GPU
2026-04-22 16:41:42.937,119.375,29.019,50.667,1.405,1.704,9.982,23.197,0.045,false,20.406,MODERATE,7,sequential_yolo_pose,SM-S906U1,GPU
2026-04-22 16:41:43.059,116.068,31.993,54.935,0.540,1.201,9.406,12.687,0.050,false,37.321,MODERATE,7,sequential_yolo_pose,SM-S906U1,GPU
2026-04-22 16:41:43.200,135.326,56.757,51.260,0.533,1.563,5.053,14.234,0.110,false,23.055,MODERATE,7,sequential_yolo_pose,SM-S906U1,GPU
2026-04-22 16:41:43.325,110.782,37.229,51.278,0.515,1.552,5.278,9.696,0.048,false,21.586,MODERATE,7,sequential_yolo_pose,SM-S906U1,GPU
2026-04-22 16:41:43.440,108.896,31.459,52.909,0.682,1.256,5.430,12.684,0.035,false,38.438,MODERATE,7,sequential_yolo_pose,SM-S906U1,GPU
2026-04-22 16:41:43.552,105.651,30.104,53.100,0.534,1.592,5.076,10.365,0.041,false,29.731,MODERATE,7,sequential_yolo_pose,SM-S906U1,GPU
2026-04-22 16:41:43.658,102.321,28.283,53.986,0.638,1.354,4.807,9.350,0.032,false,20.250,MODERATE,7,sequential_yolo_pose,SM-S906U1,GPU
2026-04-22 16:41:43.772,109.108,29.153,53.233,0.548,1.515,8.054,11.402,0.056,false,20.309,MODERATE,8,sequential_yolo_pose,SM-S906U1,GPU
2026-04-22 16:41:43.894,116.423,27.949,54.479,1.226,3.435,13.668,11.294,0.061,false,20.344,MODERATE,8,sequential_yolo_pose,SM-S906U1,GPU
2026-04-22 16:41:44.008,107.994,28.112,51.396,0.846,2.093,8.353,12.380,0.050,false,20.277,MODERATE,8,sequential_yolo_pose,SM-S906U1,GPU
2026-04-22 16:41:44.128,114.421,27.930,53.522,1.266,4.177,10.380,12.482,0.063,false,20.340,MODERATE,8,sequential_yolo_pose,SM-S906U1,GPU
2026-04-22 16:41:44.239,102.860,21.139,53.779,1.010,2.505,9.047,11.853,0.098,false,20.277,MODERATE,8,sequential_yolo_pose,SM-S906U1,GPU
2026-04-22 16:41:44.364,118.067,29.484,56.400,1.329,5.316,10.846,10.418,0.050,false,20.340,MODERATE,8,sequential_yolo_pose,SM-S906U1,GPU
2026-04-22 16:41:44.492,122.729,29.752,56.722,0.535,1.380,18.047,11.658,0.046,false,20.340,MODERATE,8,sequential_yolo_pose,SM-S906U1,GPU
2026-04-22 16:41:44.610,113.251,30.559,51.291,0.938,2.326,8.723,14.882,0.065,false,20.340,MODERATE,8,sequential_yolo_pose,SM-S906U1,GPU
2026-04-22 16:41:44.731,114.991,29.593,54.876,2.590,2.383,9.496,11.133,0.055,false,20.391,MODERATE,8,sequential_yolo_pose,SM-S906U1,GPU
2026-04-22 16:41:44.850,113.414,26.404,52.444,1.033,2.445,9.557,14.837,0.048,false,20.344,MODERATE,9,sequential_yolo_pose,SM-S906U1,GPU
2026-04-22 16:41:44.967,113.094,25.963,56.196,1.112,3.592,10.792,10.990,0.102,false,20.398,MODERATE,9,sequential_yolo_pose,SM-S906U1,GPU
2026-04-22 16:41:45.091,117.442,27.588,56.785,1.305,2.746,10.725,11.548,0.049,false,20.281,MODERATE,9,sequential_yolo_pose,SM-S906U1,GPU
2026-04-22 16:41:45.200,103.676,29.181,52.157,0.977,1.833,5.208,10.103,0.049,false,20.246,MODERATE,9,sequential_yolo_pose,SM-S906U1,GPU
2026-04-22 16:41:45.326,120.389,32.970,56.219,1.246,6.691,7.532,11.280,0.053,false,20.309,MODERATE,9,sequential_yolo_pose,SM-S906U1,GPU
2026-04-22 16:41:45.439,107.935,24.392,53.202,0.928,2.480,9.966,11.319,0.104,false,20.281,MODERATE,9,sequential_yolo_pose,SM-S906U1,GPU
2026-04-22 16:41:45.554,109.230,26.953,55.150,0.848,1.818,8.894,10.607,0.069,false,20.246,MODERATE,9,sequential_yolo_pose,SM-S906U1,GPU
2026-04-22 16:41:45.677,115.813,32.603,55.554,0.704,1.775,6.596,12.598,0.058,false,20.402,MODERATE,9,sequential_yolo_pose,SM-S906U1,GPU
2026-04-22 16:41:45.799,116.247,28.340,58.478,1.170,6.321,5.611,12.096,0.044,false,20.344,MODERATE,8,sequential_yolo_pose,SM-S906U1,GPU
2026-04-22 16:41:45.914,109.784,29.860,51.508,1.191,2.152,7.916,12.878,0.032,false,20.309,MODERATE,8,sequential_yolo_pose,SM-S906U1,GPU
2026-04-22 16:41:46.030,110.470,27.614,52.419,1.471,2.814,9.877,12.018,0.047,false,20.309,MODERATE,8,sequential_yolo_pose,SM-S906U1,GPU
2026-04-22 16:41:46.118,82.914,24.923,53.598,0.429,0.000,0.000,0.000,0.000,true,16.914,MODERATE,8,sequential_yolo_pose,SM-S906U1,GPU
2026-04-22 16:41:46.218,95.725,34.920,55.077,0.388,0.000,0.000,0.000,0.000,true,30.559,MODERATE,8,sequential_yolo_pose,SM-S906U1,GPU
2026-04-22 16:41:46.366,142.373,50.834,52.785,2.207,3.433,12.039,12.454,0.048,false,21.996,MODERATE,8,sequential_yolo_pose,SM-S906U1,GPU
2026-04-22 16:41:46.482,108.184,27.023,53.952,1.001,2.278,6.643,10.406,0.038,false,38.973,MODERATE,8,sequential_yolo_pose,SM-S906U1,GPU
2026-04-22 16:41:46.605,112.807,27.198,53.480,1.101,3.008,11.355,12.402,0.077,false,20.336,MODERATE,8,sequential_yolo_pose,SM-S906U1,GPU
2026-04-22 16:41:46.720,108.802,24.620,52.643,1.272,2.970,11.596,11.516,0.071,false,20.316,MODERATE,8,sequential_yolo_pose,SM-S906U1,GPU
2026-04-22 16:41:46.829,104.521,26.601,55.325,0.614,1.529,5.304,10.870,0.048,false,20.492,MODERATE,9,sequential_yolo_pose,SM-S906U1,GPU
2026-04-22 16:41:46.942,107.909,26.419,53.257,0.569,1.390,5.536,13.770,0.064,false,20.246,MODERATE,9,sequential_yolo_pose,SM-S906U1,GPU
2026-04-22 16:41:47.058,111.266,27.825,55.225,1.462,2.029,9.967,10.020,0.048,false,20.246,MODERATE,9,sequential_yolo_pose,SM-S906U1,GPU
2026-04-22 16:41:47.180,117.452,31.700,53.687,1.174,2.615,9.776,13.814,0.064,false,20.277,MODERATE,9,sequential_yolo_pose,SM-S906U1,GPU
2026-04-22 16:41:47.292,104.337,25.379,56.841,0.632,2.367,5.089,10.002,0.051,false,20.336,MODERATE,9,sequential_yolo_pose,SM-S906U1,GPU
2026-04-22 16:41:47.407,108.729,30.449,53.337,0.510,2.577,6.386,10.898,0.063,false,20.277,MODERATE,9,sequential_yolo_pose,SM-S906U1,GPU
2026-04-22 16:41:47.529,116.209,26.588,56.377,1.062,4.925,12.155,11.091,0.048,false,20.309,MODERATE,9,sequential_yolo_pose,SM-S906U1,GPU
2026-04-22 16:41:47.645,110.739,26.684,54.053,0.691,3.261,8.427,13.381,0.074,false,20.281,MODERATE,9,sequential_yolo_pose,SM-S906U1,GPU
2026-04-22 16:41:47.762,112.064,27.211,55.961,0.930,2.968,8.068,12.547,0.050,false,20.289,MODERATE,9,sequential_yolo_pose,SM-S906U1,GPU
2026-04-22 16:41:47.870,100.547,21.276,54.601,0.830,4.092,5.515,10.948,0.060,false,20.367,MODERATE,9,sequential_yolo_pose,SM-S906U1,GPU
2026-04-22 16:41:47.973,97.004,20.727,53.364,0.723,1.901,7.224,10.134,0.045,false,20.246,MODERATE,9,sequential_yolo_pose,SM-S906U1,GPU
2026-04-22 16:41:48.093,113.929,28.724,54.500,1.086,2.799,11.274,11.613,0.052,false,20.309,MODERATE,9,sequential_yolo_pose,SM-S906U1,GPU
2026-04-22 16:41:48.200,103.248,29.049,53.373,0.636,1.242,4.809,10.228,0.052,false,20.309,MODERATE,9,sequential_yolo_pose,SM-S906U1,GPU
2026-04-22 16:41:48.327,120.274,30.513,56.959,0.756,2.641,13.799,11.377,0.052,false,20.309,MODERATE,9,sequential_yolo_pose,SM-S906U1,GPU
2026-04-22 16:41:48.439,106.474,26.961,55.741,0.598,1.482,5.751,10.522,0.054,false,20.313,MODERATE,9,sequential_yolo_pose,SM-S906U1,GPU
2026-04-22 16:41:48.564,118.610,25.960,53.024,1.050,2.874,17.880,12.004,0.054,false,20.340,MODERATE,9,sequential_yolo_pose,SM-S906U1,GPU
2026-04-22 16:41:48.681,113.292,27.957,54.316,0.809,2.676,11.442,12.204,0.046,false,20.344,MODERATE,9,sequential_yolo_pose,SM-S906U1,GPU
2026-04-22 16:41:48.795,109.006,25.396,53.797,1.162,2.862,10.890,10.783,0.055,false,20.246,MODERATE,9,sequential_yolo_pose,SM-S906U1,GPU
2026-04-22 16:41:48.922,120.429,25.697,55.952,0.622,2.082,9.520,21.424,0.038,false,20.375,MODERATE,9,sequential_yolo_pose,SM-S906U1,GPU
2026-04-22 16:41:49.041,114.731,30.562,54.259,1.184,2.748,8.038,13.716,0.061,false,20.309,MODERATE,9,sequential_yolo_pose,SM-S906U1,GPU
2026-04-22 16:41:49.167,119.139,32.847,52.657,0.979,3.414,8.244,12.982,0.045,false,20.371,MODERATE,9,sequential_yolo_pose,SM-S906U1,GPU
2026-04-22 16:41:49.275,102.841,24.417,54.408,0.590,1.366,6.315,11.702,0.054,false,20.309,MODERATE,9,sequential_yolo_pose,SM-S906U1,GPU
2026-04-22 16:41:49.389,109.792,26.413,52.922,1.657,2.802,11.779,10.152,0.052,false,20.363,MODERATE,9,sequential_yolo_pose,SM-S906U1,GPU
2026-04-22 16:41:49.505,110.760,25.083,54.851,1.201,2.766,8.020,11.410,1.233,false,20.309,MODERATE,9,sequential_yolo_pose,SM-S906U1,GPU
2026-04-22 16:41:49.638,123.375,27.078,56.345,0.949,3.029,17.725,13.637,0.072,false,20.371,MODERATE,9,sequential_yolo_pose,SM-S906U1,GPU
2026-04-22 16:41:49.765,119.666,26.121,55.449,1.018,3.031,17.369,12.167,0.040,false,20.340,MODERATE,9,sequential_yolo_pose,SM-S906U1,GPU
2026-04-22 16:41:49.874,101.989,22.260,54.801,0.609,1.397,5.185,12.828,0.064,false,20.465,MODERATE,8,sequential_yolo_pose,SM-S906U1,GPU
2026-04-22 16:41:49.979,99.937,22.435,54.478,0.562,1.594,5.804,10.912,0.051,false,20.215,MODERATE,8,sequential_yolo_pose,SM-S906U1,GPU
2026-04-22 16:41:50.102,118.365,27.146,54.224,1.236,10.487,10.059,10.982,0.062,false,20.332,MODERATE,8,sequential_yolo_pose,SM-S906U1,GPU
2026-04-22 16:41:50.223,116.239,27.657,52.606,1.274,3.759,12.831,13.364,0.052,false,20.340,MODERATE,8,sequential_yolo_pose,SM-S906U1,GPU
2026-04-22 16:41:50.340,111.727,28.131,54.716,0.891,2.430,5.399,15.066,0.053,false,20.309,MODERATE,8,sequential_yolo_pose,SM-S906U1,GPU
2026-04-22 16:41:50.455,110.303,27.313,53.982,0.574,2.191,9.515,12.470,0.044,false,20.309,MODERATE,8,sequential_yolo_pose,SM-S906U1,GPU
2026-04-22 16:41:50.572,112.870,28.233,52.514,0.894,3.862,10.504,12.429,0.046,false,20.277,MODERATE,8,sequential_yolo_pose,SM-S906U1,GPU
2026-04-22 16:41:50.695,114.874,29.081,52.987,1.080,2.401,12.457,12.239,0.067,false,20.340,MODERATE,8,sequential_yolo_pose,SM-S906U1,GPU
2026-04-22 16:41:50.815,113.631,27.261,55.535,0.880,2.329,8.293,13.656,0.068,false,20.281,MODERATE,8,sequential_yolo_pose,SM-S906U1,GPU
2026-04-22 16:41:50.941,120.661,28.689,55.945,1.150,5.922,8.795,15.789,0.066,false,20.309,MODERATE,9,sequential_yolo_pose,SM-S906U1,GPU
2026-04-22 16:41:51.059,109.652,24.456,54.060,1.049,3.969,10.301,11.314,0.053,false,20.309,MODERATE,9,sequential_yolo_pose,SM-S906U1,GPU
2026-04-22 16:41:51.174,108.177,29.357,52.041,1.058,2.285,8.508,10.008,0.051,false,20.309,MODERATE,9,sequential_yolo_pose,SM-S906U1,GPU
2026-04-22 16:41:51.290,111.055,21.823,55.496,0.555,1.901,11.509,16.505,0.031,false,20.375,MODERATE,9,sequential_yolo_pose,SM-S906U1,GPU
2026-04-22 16:41:51.407,111.636,28.812,53.924,0.985,2.523,8.561,12.386,0.054,false,20.344,MODERATE,9,sequential_yolo_pose,SM-S906U1,GPU
2026-04-22 16:41:51.530,115.323,28.423,53.900,1.113,2.824,12.956,11.947,0.048,false,20.309,MODERATE,9,sequential_yolo_pose,SM-S906U1,GPU
2026-04-22 16:41:51.655,116.675,25.780,58.157,0.909,2.430,11.272,13.573,0.049,false,20.316,MODERATE,9,sequential_yolo_pose,SM-S906U1,GPU
2026-04-22 16:41:51.764,105.136,27.450,53.814,0.749,1.597,6.876,10.443,0.051,false,20.250,MODERATE,9,sequential_yolo_pose,SM-S906U1,GPU
2026-04-22 16:41:51.882,111.290,29.153,56.813,0.497,1.256,9.395,9.899,0.043,false,20.465,MODERATE,8,sequential_yolo_pose,SM-S906U1,GPU
2026-04-22 16:41:51.996,109.290,25.104,53.162,0.980,2.748,12.497,10.653,0.043,false,20.371,MODERATE,8,sequential_yolo_pose,SM-S906U1,GPU
2026-04-22 16:41:52.105,102.361,26.183,52.235,0.540,1.394,5.154,12.762,0.043,false,20.277,MODERATE,8,sequential_yolo_pose,SM-S906U1,GPU
2026-04-22 16:41:52.223,112.242,26.958,56.044,0.794,3.242,9.042,11.572,0.073,false,20.277,MODERATE,8,sequential_yolo_pose,SM-S906U1,GPU
2026-04-22 16:41:52.343,113.187,28.006,53.681,1.071,3.788,7.648,12.335,0.053,false,20.309,MODERATE,8,sequential_yolo_pose,SM-S906U1,GPU
2026-04-22 16:41:52.463,112.827,26.563,56.864,0.973,4.821,8.838,10.174,0.059,false,20.344,MODERATE,8,sequential_yolo_pose,SM-S906U1,GPU
2026-04-22 16:41:52.580,108.863,27.813,52.491,0.672,1.592,7.777,13.749,0.065,false,20.309,MODERATE,8,sequential_yolo_pose,SM-S906U1,GPU
2026-04-22 16:41:52.704,118.873,29.238,53.898,3.096,4.696,9.353,13.535,0.063,false,20.402,MODERATE,8,sequential_yolo_pose,SM-S906U1,GPU
2026-04-22 16:41:52.817,106.767,24.182,54.834,0.759,2.132,8.433,12.153,0.052,false,20.313,MODERATE,8,sequential_yolo_pose,SM-S906U1,GPU
2026-04-22 16:41:52.929,105.702,27.541,54.833,0.553,1.887,5.452,11.256,0.038,false,20.313,MODERATE,9,sequential_yolo_pose,SM-S906U1,GPU
2026-04-22 16:41:53.046,112.520,21.868,55.211,0.696,2.347,11.458,11.213,0.055,false,20.246,MODERATE,9,sequential_yolo_pose,SM-S906U1,GPU
2026-04-22 16:41:53.155,100.743,26.782,53.379,0.552,1.372,5.149,9.182,0.051,false,20.332,MODERATE,9,sequential_yolo_pose,SM-S906U1,GPU
2026-04-22 16:41:53.265,104.490,28.706,53.385,1.039,1.445,5.445,10.579,0.051,false,20.277,MODERATE,9,sequential_yolo_pose,SM-S906U1,GPU
2026-04-22 16:41:53.388,115.871,27.488,53.301,0.669,1.584,17.920,10.437,0.051,false,20.309,MODERATE,9,sequential_yolo_pose,SM-S906U1,GPU
2026-04-22 16:41:53.501,107.314,26.725,51.469,0.914,2.839,9.736,11.374,0.049,false,20.309,MODERATE,9,sequential_yolo_pose,SM-S906U1,GPU
2026-04-22 16:41:53.621,113.183,24.803,53.651,1.013,2.428,12.665,12.507,0.049,false,20.277,MODERATE,9,sequential_yolo_pose,SM-S906U1,GPU
2026-04-22 16:41:53.737,109.864,27.101,53.495,1.140,2.757,9.677,11.479,0.056,false,20.344,MODERATE,9,sequential_yolo_pose,SM-S906U1,GPU
2026-04-22 16:41:53.862,114.066,28.871,54.062,1.502,2.768,11.178,11.599,0.033,false,20.340,MODERATE,8,sequential_yolo_pose,SM-S906U1,GPU
2026-04-22 16:41:53.980,111.615,25.934,53.003,1.129,4.322,7.973,12.737,0.047,false,20.344,MODERATE,8,sequential_yolo_pose,SM-S906U1,GPU
2026-04-22 16:41:54.093,108.017,24.979,54.336,1.248,2.875,9.912,10.291,0.075,false,20.309,MODERATE,8,sequential_yolo_pose,SM-S906U1,GPU
2026-04-22 16:41:54.218,118.830,30.762,54.372,1.222,2.607,13.439,11.975,0.053,false,20.277,MODERATE,8,sequential_yolo_pose,SM-S906U1,GPU
2026-04-22 16:41:54.336,113.847,27.605,53.634,1.483,2.891,9.093,13.356,0.034,false,20.332,MODERATE,8,sequential_yolo_pose,SM-S906U1,GPU
2026-04-22 16:41:54.452,109.829,22.500,55.506,1.145,2.481,11.030,12.897,0.052,false,20.277,MODERATE,8,sequential_yolo_pose,SM-S906U1,GPU
2026-04-22 16:41:54.568,110.443,26.721,53.203,1.165,2.151,9.468,12.814,0.058,false,20.367,MODERATE,8,sequential_yolo_pose,SM-S906U1,GPU
2026-04-22 16:41:54.686,110.419,27.470,52.334,0.966,2.038,8.981,11.953,0.074,false,20.371,MODERATE,8,sequential_yolo_pose,SM-S906U1,GPU
2026-04-22 16:41:54.804,112.271,24.090,55.095,1.296,2.903,9.871,14.033,0.070,false,20.340,MODERATE,8,sequential_yolo_pose,SM-S906U1,GPU
2026-04-22 16:41:54.915,104.563,27.927,53.092,0.699,1.636,5.910,10.491,0.042,false,20.531,MODERATE,9,sequential_yolo_pose,SM-S906U1,GPU
2026-04-22 16:41:55.026,106.598,27.920,52.135,0.854,1.737,9.201,10.827,0.062,false,20.215,MODERATE,9,sequential_yolo_pose,SM-S906U1,GPU
2026-04-22 16:41:55.149,117.960,29.430,57.157,1.103,2.536,8.332,12.136,0.078,false,20.277,MODERATE,9,sequential_yolo_pose,SM-S906U1,GPU
2026-04-22 16:41:55.260,105.514,25.535,52.672,1.911,1.980,6.026,10.095,0.051,false,20.277,MODERATE,9,sequential_yolo_pose,SM-S906U1,GPU
2026-04-22 16:41:55.367,101.583,23.153,53.512,0.731,1.399,5.240,10.389,0.044,false,20.309,MODERATE,9,sequential_yolo_pose,SM-S906U1,GPU
2026-04-22 16:41:55.487,113.447,27.832,54.053,1.384,3.375,10.082,11.419,0.058,false,20.309,MODERATE,9,sequential_yolo_pose,SM-S906U1,GPU
2026-04-22 16:41:55.600,107.645,24.102,54.312,1.333,2.825,7.854,12.908,0.054,false,20.340,MODERATE,9,sequential_yolo_pose,SM-S906U1,GPU
2026-04-22 16:41:55.721,111.366,25.956,53.752,0.551,2.650,12.662,11.350,0.054,false,20.340,MODERATE,9,sequential_yolo_pose,SM-S906U1,GPU
2026-04-22 16:41:55.839,113.285,27.067,52.022,1.094,2.886,10.685,14.822,0.060,false,20.277,MODERATE,9,sequential_yolo_pose,SM-S906U1,GPU
2026-04-22 16:41:55.948,102.458,25.508,52.827,0.694,1.557,6.791,10.961,0.066,false,20.461,MODERATE,9,sequential_yolo_pose,SM-S906U1,GPU
2026-04-22 16:41:56.064,111.040,27.416,53.546,1.080,3.262,10.326,10.321,0.052,false,20.277,MODERATE,9,sequential_yolo_pose,SM-S906U1,GPU
2026-04-22 16:41:56.176,105.772,28.186,53.251,0.575,1.201,7.682,10.651,0.064,false,20.246,MODERATE,9,sequential_yolo_pose,SM-S906U1,GPU
2026-04-22 16:41:56.301,118.125,29.137,56.572,1.352,3.077,11.527,11.447,0.044,false,20.309,MODERATE,9,sequential_yolo_pose,SM-S906U1,GPU
2026-04-22 16:41:56.389,81.280,20.915,53.758,0.492,0.000,0.000,0.000,0.000,true,16.914,MODERATE,9,sequential_yolo_pose,SM-S906U1,GPU
2026-04-22 16:41:56.518,120.908,35.266,54.500,0.799,1.847,10.597,12.815,0.047,false,33.891,MODERATE,9,sequential_yolo_pose,SM-S906U1,GPU
2026-04-22 16:41:56.640,111.500,25.483,53.158,1.079,2.507,9.255,15.172,0.062,false,20.371,MODERATE,9,sequential_yolo_pose,SM-S906U1,GPU
2026-04-22 16:41:56.757,107.405,23.747,53.088,0.830,2.116,10.773,12.156,0.049,false,20.246,MODERATE,9,sequential_yolo_pose,SM-S906U1,GPU
2026-04-22 16:41:56.875,113.445,26.572,55.078,1.158,2.197,8.699,15.184,0.083,false,20.367,MODERATE,9,sequential_yolo_pose,SM-S906U1,GPU
2026-04-22 16:41:56.993,112.195,25.268,53.970,1.056,5.467,11.035,11.042,0.064,false,20.398,MODERATE,9,sequential_yolo_pose,SM-S906U1,GPU
2026-04-22 16:41:57.109,111.408,22.121,53.895,0.906,2.537,9.944,12.122,0.055,false,20.309,MODERATE,9,sequential_yolo_pose,SM-S906U1,GPU
2026-04-22 16:41:57.224,108.529,22.686,52.107,0.782,2.087,12.374,13.299,0.044,false,20.367,MODERATE,9,sequential_yolo_pose,SM-S906U1,GPU
2026-04-22 16:41:57.339,107.690,27.634,55.465,0.503,1.478,5.280,12.726,0.045,false,20.309,MODERATE,9,sequential_yolo_pose,SM-S906U1,GPU
2026-04-22 16:41:57.448,103.146,26.457,55.313,0.556,1.382,5.256,9.893,0.041,false,20.277,MODERATE,9,sequential_yolo_pose,SM-S906U1,GPU
2026-04-22 16:41:57.561,108.191,27.684,53.010,0.816,1.552,11.199,10.104,0.059,false,20.309,MODERATE,9,sequential_yolo_pose,SM-S906U1,GPU
2026-04-22 16:41:57.682,116.029,26.374,57.592,0.746,2.024,9.511,15.513,0.056,false,20.313,MODERATE,9,sequential_yolo_pose,SM-S906U1,GPU
2026-04-22 16:41:57.791,105.802,28.487,54.275,0.435,1.873,6.627,10.005,0.050,false,20.344,MODERATE,9,sequential_yolo_pose,SM-S906U1,GPU
2026-04-22 16:41:57.904,108.242,29.614,51.162,0.892,2.316,8.025,11.642,0.071,false,20.277,MODERATE,9,sequential_yolo_pose,SM-S906U1,GPU
2026-04-22 16:41:58.054,144.727,65.510,53.938,0.485,2.249,8.183,10.389,0.029,false,20.438,MODERATE,9,sequential_yolo_pose,SM-S906U1,GPU
2026-04-22 16:41:58.158,100.640,20.360,54.583,0.553,2.051,6.628,13.693,0.044,false,20.332,MODERATE,9,sequential_yolo_pose,SM-S906U1,GPU
2026-04-22 16:41:58.274,110.053,25.113,55.209,0.874,2.566,8.285,13.891,0.055,false,20.309,MODERATE,9,sequential_yolo_pose,SM-S906U1,GPU
2026-04-22 16:41:58.393,114.263,23.876,58.640,0.875,3.003,11.170,12.501,0.048,false,20.340,MODERATE,9,sequential_yolo_pose,SM-S906U1,GPU
2026-04-22 16:41:58.506,107.208,29.004,52.734,0.630,1.392,5.234,11.522,0.050,false,20.309,MODERATE,9,sequential_yolo_pose,SM-S906U1,GPU
2026-04-22 16:41:58.626,114.290,25.432,54.271,1.391,3.109,11.051,14.875,0.053,false,20.277,MODERATE,9,sequential_yolo_pose,SM-S906U1,GPU
2026-04-22 16:41:58.741,110.734,29.548,51.485,0.984,2.197,8.474,11.903,0.047,false,20.340,MODERATE,9,sequential_yolo_pose,SM-S906U1,GPU
2026-04-22 16:41:58.859,113.388,24.933,55.474,1.264,2.824,11.976,11.544,0.046,false,20.309,MODERATE,9,sequential_yolo_pose,SM-S906U1,GPU
2026-04-22 16:41:58.967,103.392,26.846,52.768,0.512,1.255,5.497,11.233,0.047,false,20.434,MODERATE,8,sequential_yolo_pose,SM-S906U1,GPU
2026-04-22 16:41:59.099,126.614,26.428,55.786,1.361,3.104,15.129,19.332,0.048,false,20.344,MODERATE,8,sequential_yolo_pose,SM-S906U1,GPU
2026-04-22 16:41:59.224,112.673,29.728,52.839,0.585,2.504,10.809,11.405,0.048,false,20.309,MODERATE,8,sequential_yolo_pose,SM-S906U1,GPU
2026-04-22 16:41:59.338,108.768,27.000,53.161,1.011,2.068,8.385,12.368,0.058,false,20.246,MODERATE,8,sequential_yolo_pose,SM-S906U1,GPU
2026-04-22 16:41:59.455,109.235,25.954,55.202,1.172,1.958,8.084,12.510,0.055,false,20.328,MODERATE,8,sequential_yolo_pose,SM-S906U1,GPU
2026-04-22 16:41:59.581,119.912,26.214,59.965,1.203,3.043,9.545,15.570,0.045,false,20.359,MODERATE,8,sequential_yolo_pose,SM-S906U1,GPU
2026-04-22 16:41:59.703,116.510,25.442,54.131,1.250,5.132,12.810,12.216,0.047,false,20.383,MODERATE,8,sequential_yolo_pose,SM-S906U1,GPU
2026-04-22 16:41:59.821,109.128,26.194,55.909,1.168,2.795,7.960,10.566,0.068,false,20.297,MODERATE,8,sequential_yolo_pose,SM-S906U1,GPU
2026-04-22 16:41:59.939,112.913,28.745,54.375,1.223,2.845,9.566,11.810,0.051,false,20.328,MODERATE,8,sequential_yolo_pose,SM-S906U1,GPU
2026-04-22 16:42:00.058,113.543,27.602,53.902,0.559,2.869,10.860,13.191,0.052,false,20.328,MODERATE,8,sequential_yolo_pose,SM-S906U1,GPU
2026-04-22 16:42:00.171,105.535,24.965,53.546,1.005,2.493,5.845,10.636,0.046,false,20.266,MODERATE,8,sequential_yolo_pose,SM-S906U1,GPU
2026-04-22 16:42:00.293,116.128,26.633,55.727,0.981,5.093,10.740,11.582,0.053,false,20.328,MODERATE,8,sequential_yolo_pose,SM-S906U1,GPU
2026-04-22 16:42:00.410,112.559,26.980,52.878,1.050,2.811,9.713,11.912,0.058,false,20.297,MODERATE,8,sequential_yolo_pose,SM-S906U1,GPU
2026-04-22 16:42:00.526,111.616,28.131,52.700,1.403,2.711,10.311,11.763,0.074,false,20.297,MODERATE,8,sequential_yolo_pose,SM-S906U1,GPU
2026-04-22 16:42:00.652,119.673,28.659,53.380,1.069,2.894,11.443,15.708,0.070,false,20.359,MODERATE,8,sequential_yolo_pose,SM-S906U1,GPU
2026-04-22 16:42:00.780,121.243,31.035,55.175,1.287,3.036,11.406,14.904,0.059,false,20.297,MODERATE,8,sequential_yolo_pose,SM-S906U1,GPU
2026-04-22 16:42:00.893,108.225,27.874,52.444,1.185,2.787,9.673,9.973,0.043,false,20.359,MODERATE,8,sequential_yolo_pose,SM-S906U1,GPU
2026-04-22 16:42:01.009,111.594,28.538,54.403,0.829,1.775,7.460,14.294,0.065,false,20.363,MODERATE,9,sequential_yolo_pose,SM-S906U1,GPU
2026-04-22 16:42:01.122,107.080,27.821,53.766,1.028,1.854,7.482,10.657,0.038,false,20.297,MODERATE,9,sequential_yolo_pose,SM-S906U1,GPU
2026-04-22 16:42:01.239,111.554,29.265,53.451,1.094,2.213,8.997,12.247,0.032,false,20.328,MODERATE,9,sequential_yolo_pose,SM-S906U1,GPU
2026-04-22 16:42:01.356,111.242,26.824,57.731,1.007,2.304,8.347,10.613,0.059,false,20.266,MODERATE,9,sequential_yolo_pose,SM-S906U1,GPU
2026-04-22 16:42:01.451,89.278,30.411,52.380,0.731,0.000,0.000,0.000,0.000,true,16.937,MODERATE,9,sequential_yolo_pose,SM-S906U1,GPU
2026-04-22 16:42:01.556,97.138,36.302,54.051,0.948,0.000,0.000,0.000,0.000,true,30.582,MODERATE,9,sequential_yolo_pose,SM-S906U1,GPU
2026-04-22 16:42:01.684,122.242,39.116,51.165,1.010,2.580,11.358,10.664,0.080,false,17.231,MODERATE,9,sequential_yolo_pose,SM-S906U1,GPU
2026-04-22 16:42:01.802,112.029,29.295,56.850,1.201,3.228,5.572,10.064,0.057,false,20.301,MODERATE,9,sequential_yolo_pose,SM-S906U1,GPU
2026-04-22 16:42:01.925,114.050,28.483,54.448,1.564,2.133,13.158,10.281,0.050,false,20.328,MODERATE,9,sequential_yolo_pose,SM-S906U1,GPU
2026-04-22 16:42:02.038,107.880,27.614,53.354,1.092,2.050,8.448,11.167,0.052,false,20.270,MODERATE,9,sequential_yolo_pose,SM-S906U1,GPU
2026-04-22 16:42:02.158,112.497,26.518,53.371,1.216,3.011,12.391,11.254,0.052,false,20.328,MODERATE,9,sequential_yolo_pose,SM-S906U1,GPU
2026-04-22 16:42:02.278,114.585,26.278,54.399,1.181,2.884,10.123,14.983,0.085,false,20.363,MODERATE,9,sequential_yolo_pose,SM-S906U1,GPU
2026-04-22 16:42:02.401,119.120,32.058,61.027,1.084,2.870,6.267,11.591,0.063,false,20.328,MODERATE,9,sequential_yolo_pose,SM-S906U1,GPU
2026-04-22 16:42:02.514,106.456,27.356,53.331,0.736,1.365,5.673,13.678,0.066,false,20.328,MODERATE,9,sequential_yolo_pose,SM-S906U1,GPU
2026-04-22 16:42:02.616,97.083,24.613,52.231,0.508,1.515,4.947,9.517,0.046,false,20.359,MODERATE,9,sequential_yolo_pose,SM-S906U1,GPU
2026-04-22 16:42:02.732,111.887,29.782,52.851,1.039,3.203,11.014,10.151,0.055,false,20.328,MODERATE,9,sequential_yolo_pose,SM-S906U1,GPU
2026-04-22 16:42:02.855,111.706,26.358,50.217,0.574,2.103,9.464,15.276,0.044,false,20.359,MODERATE,9,sequential_yolo_pose,SM-S906U1,GPU
2026-04-22 16:42:02.974,114.554,26.913,57.063,0.703,2.519,9.225,13.880,0.038,false,20.414,MODERATE,8,sequential_yolo_pose,SM-S906U1,GPU
2026-04-22 16:42:03.078,96.652,20.811,52.530,0.357,1.399,5.399,12.885,0.030,false,20.426,MODERATE,8,sequential_yolo_pose,SM-S906U1,GPU
2026-04-22 16:42:03.196,114.579,28.751,52.501,0.696,2.792,16.226,10.237,0.039,false,20.453,MODERATE,8,sequential_yolo_pose,SM-S906U1,GPU
2026-04-22 16:42:03.312,108.782,28.398,54.249,0.563,1.428,7.173,12.573,0.046,false,20.266,MODERATE,8,sequential_yolo_pose,SM-S906U1,GPU
2026-04-22 16:42:03.425,108.733,25.955,54.516,1.000,2.432,9.673,11.014,0.047,false,20.328,MODERATE,8,sequential_yolo_pose,SM-S906U1,GPU
2026-04-22 16:42:03.538,108.421,24.663,53.318,0.940,2.472,9.204,12.380,0.221,false,20.363,MODERATE,8,sequential_yolo_pose,SM-S906U1,GPU
2026-04-22 16:42:03.664,114.558,27.909,53.402,1.243,2.825,14.003,10.617,0.053,false,20.391,MODERATE,8,sequential_yolo_pose,SM-S906U1,GPU
2026-04-22 16:42:03.777,106.765,24.606,52.526,0.885,2.236,9.800,12.436,0.052,false,20.391,MODERATE,8,sequential_yolo_pose,SM-S906U1,GPU
2026-04-22 16:42:03.901,116.565,24.394,55.627,0.931,2.110,15.588,13.968,0.051,false,20.410,MODERATE,8,sequential_yolo_pose,SM-S906U1,GPU
2026-04-22 16:42:04.010,104.262,24.956,54.617,0.495,1.427,5.880,11.527,0.052,false,20.422,MODERATE,9,sequential_yolo_pose,SM-S906U1,GPU
2026-04-22 16:42:04.127,112.048,26.716,56.675,2.663,4.258,7.139,10.673,0.056,false,20.270,MODERATE,9,sequential_yolo_pose,SM-S906U1,GPU
2026-04-22 16:42:04.248,114.776,27.219,54.548,0.971,1.709,8.464,17.559,0.051,false,20.391,MODERATE,9,sequential_yolo_pose,SM-S906U1,GPU
2026-04-22 16:42:04.367,114.722,27.436,57.657,1.154,2.363,10.514,11.455,0.044,false,20.434,MODERATE,9,sequential_yolo_pose,SM-S906U1,GPU
2026-04-22 16:42:04.492,110.831,28.197,52.597,1.440,3.881,10.519,9.844,0.039,false,20.359,MODERATE,9,sequential_yolo_pose,SM-S906U1,GPU
2026-04-22 16:42:04.620,122.201,31.653,57.333,1.213,2.876,13.279,11.375,0.048,false,20.332,MODERATE,9,sequential_yolo_pose,SM-S906U1,GPU
2026-04-22 16:42:04.733,107.613,24.828,53.608,1.173,3.666,7.721,12.098,0.053,false,20.328,MODERATE,9,sequential_yolo_pose,SM-S906U1,GPU
2026-04-22 16:42:04.866,120.355,26.816,57.157,1.242,2.704,16.687,11.489,0.051,false,20.391,MODERATE,9,sequential_yolo_pose,SM-S906U1,GPU
2026-04-22 16:42:04.988,116.723,30.389,54.874,1.151,3.036,10.902,11.917,0.063,false,20.359,MODERATE,8,sequential_yolo_pose,SM-S906U1,GPU
2026-04-22 16:42:05.100,106.883,27.381,52.585,1.250,2.414,8.236,10.745,0.055,false,20.301,MODERATE,8,sequential_yolo_pose,SM-S906U1,GPU
2026-04-22 16:42:05.216,106.758,22.417,54.905,1.249,2.608,9.470,12.708,0.040,false,20.266,MODERATE,8,sequential_yolo_pose,SM-S906U1,GPU
2026-04-22 16:42:05.333,110.019,28.133,57.578,0.885,1.492,7.124,10.554,0.051,false,20.328,MODERATE,8,sequential_yolo_pose,SM-S906U1,GPU
2026-04-22 16:42:05.456,115.567,25.776,56.986,1.159,6.513,7.438,12.809,0.049,false,20.297,MODERATE,8,sequential_yolo_pose,SM-S906U1,GPU
2026-04-22 16:42:05.574,112.519,28.502,55.169,1.208,2.650,9.279,11.256,0.052,false,20.266,MODERATE,8,sequential_yolo_pose,SM-S906U1,GPU
2026-04-22 16:42:05.696,113.033,26.108,52.968,1.063,2.758,13.528,12.201,0.057,false,20.391,MODERATE,8,sequential_yolo_pose,SM-S906U1,GPU
2026-04-22 16:42:05.818,117.088,25.700,55.445,1.067,2.757,17.110,10.425,0.060,false,20.406,MODERATE,8,sequential_yolo_pose,SM-S906U1,GPU
2026-04-22 16:42:05.933,109.959,25.271,56.620,1.099,2.979,8.910,10.608,0.046,false,20.266,MODERATE,8,sequential_yolo_pose,SM-S906U1,GPU
2026-04-22 16:42:06.054,113.342,25.075,56.285,0.763,1.955,9.878,14.871,0.053,false,20.379,MODERATE,9,sequential_yolo_pose,SM-S906U1,GPU
2026-04-22 16:42:06.168,109.167,28.204,52.056,0.907,2.261,9.435,11.310,0.050,false,20.297,MODERATE,9,sequential_yolo_pose,SM-S906U1,GPU
2026-04-22 16:42:06.283,107.398,25.066,54.427,0.919,2.642,8.723,9.905,0.031,false,20.266,MODERATE,9,sequential_yolo_pose,SM-S906U1,GPU
2026-04-22 16:42:06.401,113.388,29.063,53.157,1.872,2.555,9.453,13.055,0.060,false,20.359,MODERATE,9,sequential_yolo_pose,SM-S906U1,GPU
2026-04-22 16:42:06.496,89.404,28.903,55.521,0.418,0.000,0.000,0.000,0.000,true,16.934,MODERATE,9,sequential_yolo_pose,SM-S906U1,GPU
2026-04-22 16:42:06.600,88.900,27.030,56.931,0.574,0.000,0.000,0.000,0.000,true,30.547,MODERATE,9,sequential_yolo_pose,SM-S906U1,GPU
2026-04-22 16:42:06.734,126.159,38.367,54.872,0.899,4.012,9.817,10.187,0.033,false,21.984,MODERATE,9,sequential_yolo_pose,SM-S906U1,GPU
2026-04-22 16:42:06.859,119.216,24.982,58.743,0.971,1.315,15.789,13.355,0.050,false,38.867,MODERATE,9,sequential_yolo_pose,SM-S906U1,GPU
2026-04-22 16:42:06.993,125.272,28.642,56.298,1.018,3.170,17.414,12.722,0.052,false,29.836,MODERATE,9,sequential_yolo_pose,SM-S906U1,GPU
2026-04-22 16:42:07.110,112.156,28.658,54.266,1.096,2.784,10.392,10.575,0.036,false,28.770,MODERATE,9,sequential_yolo_pose,SM-S906U1,GPU
2026-04-22 16:42:07.223,109.235,28.054,53.155,0.739,3.672,8.822,10.342,0.052,false,20.332,MODERATE,9,sequential_yolo_pose,SM-S906U1,GPU
2026-04-22 16:42:07.346,118.209,33.513,53.429,0.971,2.261,8.441,15.263,0.052,false,20.328,MODERATE,9,sequential_yolo_pose,SM-S906U1,GPU
2026-04-22 16:42:07.472,118.750,28.539,54.313,1.093,3.999,10.693,15.087,0.057,false,20.422,MODERATE,9,sequential_yolo_pose,SM-S906U1,GPU
2026-04-22 16:42:07.588,107.931,23.953,54.965,0.922,2.408,10.809,10.495,0.050,false,20.270,MODERATE,9,sequential_yolo_pose,SM-S906U1,GPU
2026-04-22 16:42:07.704,111.397,29.794,51.673,1.150,2.462,9.914,11.661,0.053,false,20.297,MODERATE,9,sequential_yolo_pose,SM-S906U1,GPU
2026-04-22 16:42:07.836,122.789,28.577,58.231,0.904,6.301,10.425,12.455,0.051,false,20.359,MODERATE,9,sequential_yolo_pose,SM-S906U1,GPU
2026-04-22 16:42:07.954,111.769,28.722,56.609,0.916,1.838,8.536,10.631,0.054,false,20.266,MODERATE,9,sequential_yolo_pose,SM-S906U1,GPU
2026-04-22 16:42:08.071,112.414,28.962,55.967,0.714,1.554,7.436,10.895,0.061,false,20.422,MODERATE,8,sequential_yolo_pose,SM-S906U1,GPU
2026-04-22 16:42:08.188,109.664,25.657,55.361,1.134,3.658,9.368,10.349,0.065,false,20.332,MODERATE,8,sequential_yolo_pose,SM-S906U1,GPU
2026-04-22 16:42:08.300,105.887,25.540,56.721,0.721,1.995,6.625,10.092,0.050,false,20.289,MODERATE,8,sequential_yolo_pose,SM-S906U1,GPU
2026-04-22 16:42:08.419,112.764,23.018,54.631,0.874,2.590,8.978,18.619,0.041,false,20.383,MODERATE,8,sequential_yolo_pose,SM-S906U1,GPU
2026-04-22 16:42:08.548,124.444,27.544,51.613,1.066,7.550,15.751,16.739,0.056,false,20.387,MODERATE,8,sequential_yolo_pose,SM-S906U1,GPU
2026-04-22 16:42:08.667,115.183,27.068,53.134,1.072,2.760,13.535,13.573,0.053,false,20.328,MODERATE,8,sequential_yolo_pose,SM-S906U1,GPU
2026-04-22 16:42:08.798,121.782,30.094,55.434,0.696,2.161,15.093,13.811,0.235,false,20.391,MODERATE,8,sequential_yolo_pose,SM-S906U1,GPU
2026-04-22 16:42:08.920,114.097,27.162,53.112,0.769,1.995,15.400,11.719,0.073,false,20.328,MODERATE,8,sequential_yolo_pose,SM-S906U1,GPU
2026-04-22 16:42:09.041,114.680,31.281,55.160,0.952,2.729,8.929,11.266,0.049,false,20.297,MODERATE,8,sequential_yolo_pose,SM-S906U1,GPU
2026-04-22 16:42:09.158,109.366,27.860,53.875,0.435,2.731,10.119,10.042,0.049,false,20.297,MODERATE,8,sequential_yolo_pose,SM-S906U1,GPU
2026-04-22 16:42:09.267,104.346,29.193,54.117,0.399,1.222,5.158,9.846,0.040,false,20.266,MODERATE,8,sequential_yolo_pose,SM-S906U1,GPU
2026-04-22 16:42:09.390,117.410,29.263,54.994,1.034,2.496,10.887,14.623,0.051,false,20.359,MODERATE,8,sequential_yolo_pose,SM-S906U1,GPU
2026-04-22 16:42:09.502,107.939,27.664,54.214,0.818,2.094,7.076,11.742,0.071,false,20.391,MODERATE,8,sequential_yolo_pose,SM-S906U1,GPU
2026-04-22 16:42:09.609,98.218,21.292,54.481,0.556,1.515,5.487,11.671,0.052,false,20.266,MODERATE,8,sequential_yolo_pose,SM-S906U1,GPU
2026-04-22 16:42:09.728,115.097,26.607,57.008,1.161,2.884,10.575,12.396,0.064,false,20.328,MODERATE,8,sequential_yolo_pose,SM-S906U1,GPU
2026-04-22 16:42:09.851,112.718,22.727,54.339,1.160,2.953,11.413,14.699,0.062,false,20.359,MODERATE,8,sequential_yolo_pose,SM-S906U1,GPU
2026-04-22 16:42:09.966,109.726,26.802,52.925,1.072,2.706,8.999,12.874,0.044,false,20.328,MODERATE,8,sequential_yolo_pose,SM-S906U1,GPU
2026-04-22 16:42:10.080,104.388,27.959,52.882,0.663,1.661,5.681,11.046,0.049,false,20.453,MODERATE,9,sequential_yolo_pose,SM-S906U1,GPU
2026-04-22 16:42:10.194,110.991,25.394,51.433,1.060,4.172,11.311,13.160,0.046,false,14.496,MODERATE,9,sequential_yolo_pose,SM-S906U1,GPU
2026-04-22 16:42:10.297,98.759,23.298,51.605,0.615,1.685,6.400,11.042,0.064,false,21.566,MODERATE,9,sequential_yolo_pose,SM-S906U1,GPU
2026-04-22 16:42:10.409,108.079,26.203,53.826,0.850,2.239,9.035,11.059,0.035,false,38.480,MODERATE,9,sequential_yolo_pose,SM-S906U1,GPU
2026-04-22 16:42:10.527,111.294,25.541,55.414,1.236,2.827,11.321,10.338,0.058,false,14.488,MODERATE,9,sequential_yolo_pose,SM-S906U1,GPU
2026-04-22 16:42:10.651,118.303,32.066,53.830,0.969,2.332,10.280,11.824,0.078,false,21.566,MODERATE,9,sequential_yolo_pose,SM-S906U1,GPU
2026-04-22 16:42:10.765,109.838,28.299,56.749,0.969,1.970,7.048,10.568,0.063,false,38.481,MODERATE,9,sequential_yolo_pose,SM-S906U1,GPU
2026-04-22 16:42:10.889,118.185,29.991,54.966,0.899,2.049,13.811,11.289,0.068,false,29.024,MODERATE,9,sequential_yolo_pose,SM-S906U1,GPU
2026-04-22 16:42:11.011,114.869,32.157,53.906,0.606,1.516,8.158,14.194,0.055,false,17.266,MODERATE,9,sequential_yolo_pose,SM-S906U1,GPU
2026-04-22 16:42:11.131,115.763,28.887,54.698,1.315,2.909,11.071,12.421,0.046,false,20.332,MODERATE,9,sequential_yolo_pose,SM-S906U1,GPU
2026-04-22 16:42:11.252,112.665,30.732,52.362,0.504,1.475,10.959,9.898,0.045,false,20.297,MODERATE,9,sequential_yolo_pose,SM-S906U1,GPU
2026-04-22 16:42:11.368,112.368,30.539,54.266,0.655,2.411,7.518,12.799,0.038,false,20.328,MODERATE,9,sequential_yolo_pose,SM-S906U1,GPU
2026-04-22 16:42:11.482,107.413,26.003,53.882,0.730,1.680,7.040,9.989,0.059,false,20.297,MODERATE,9,sequential_yolo_pose,SM-S906U1,GPU
2026-04-22 16:42:11.593,105.256,22.939,53.822,0.860,2.245,11.108,11.305,0.056,false,20.328,MODERATE,9,sequential_yolo_pose,SM-S906U1,GPU
2026-04-22 16:42:11.686,88.629,27.258,54.530,0.245,0.000,0.000,0.000,0.000,true,16.937,MODERATE,9,sequential_yolo_pose,SM-S906U1,GPU
2026-04-22 16:42:11.795,101.826,36.278,59.536,0.474,0.000,0.000,0.000,0.000,true,30.582,MODERATE,9,sequential_yolo_pose,SM-S906U1,GPU
2026-04-22 16:42:11.924,120.461,30.834,55.610,1.091,2.657,9.621,15.048,0.058,false,21.953,MODERATE,9,sequential_yolo_pose,SM-S906U1,GPU
2026-04-22 16:42:12.038,108.062,28.547,55.174,0.578,1.421,5.715,12.418,0.032,false,39.000,MODERATE,9,sequential_yolo_pose,SM-S906U1,GPU
2026-04-22 16:42:12.161,114.631,25.941,55.046,1.128,3.291,11.196,13.860,0.051,false,20.367,MODERATE,9,sequential_yolo_pose,SM-S906U1,GPU
2026-04-22 16:42:12.285,118.834,29.539,57.071,0.821,2.923,11.824,12.198,0.050,false,20.328,MODERATE,9,sequential_yolo_pose,SM-S906U1,GPU
2026-04-22 16:42:12.398,107.965,27.459,53.521,1.097,2.569,8.770,10.405,0.050,false,20.266,MODERATE,9,sequential_yolo_pose,SM-S906U1,GPU
2026-04-22 16:42:12.527,117.210,27.697,53.975,1.229,4.184,15.010,10.489,0.059,false,20.328,MODERATE,9,sequential_yolo_pose,SM-S906U1,GPU
2026-04-22 16:42:12.652,119.051,29.331,56.157,1.139,2.820,11.310,11.917,0.047,false,20.297,MODERATE,9,sequential_yolo_pose,SM-S906U1,GPU
2026-04-22 16:42:12.771,114.748,29.354,54.564,0.883,2.616,8.890,14.125,0.070,false,20.328,MODERATE,9,sequential_yolo_pose,SM-S906U1,GPU
2026-04-22 16:42:12.869,86.181,26.354,55.180,0.358,0.000,0.000,0.000,0.000,true,17.031,MODERATE,9,sequential_yolo_pose,SM-S906U1,GPU
2026-04-22 16:42:12.982,103.653,17.857,57.452,0.481,2.477,8.221,10.688,0.032,false,33.945,MODERATE,9,sequential_yolo_pose,SM-S906U1,GPU
2026-04-22 16:42:13.087,99.598,18.100,52.144,0.562,1.623,6.556,16.106,0.028,false,28.938,MODERATE,8,sequential_yolo_pose,SM-S906U1,GPU
2026-04-22 16:42:13.197,106.445,21.635,62.585,0.643,1.680,6.368,10.097,0.040,false,20.301,MODERATE,8,sequential_yolo_pose,SM-S906U1,GPU
2026-04-22 16:42:13.312,110.767,25.560,58.834,0.673,1.521,6.677,12.200,0.041,false,20.328,MODERATE,8,sequential_yolo_pose,SM-S906U1,GPU
2026-04-22 16:42:13.414,97.012,21.051,53.234,0.649,1.762,6.855,10.067,0.039,false,20.328,MODERATE,8,sequential_yolo_pose,SM-S906U1,GPU
2026-04-22 16:42:13.524,106.727,24.356,56.207,0.699,4.394,6.453,11.157,0.043,false,20.391,MODERATE,8,sequential_yolo_pose,SM-S906U1,GPU
2026-04-22 16:42:13.629,101.934,23.704,54.323,0.635,1.667,7.467,10.954,0.044,false,20.328,MODERATE,8,sequential_yolo_pose,SM-S906U1,GPU
2026-04-22 16:42:13.735,101.602,22.076,53.569,0.612,1.637,6.467,11.572,0.048,false,20.356,MODERATE,8,sequential_yolo_pose,SM-S906U1,GPU
2026-04-22 16:42:13.847,105.193,23.275,55.499,0.688,1.714,6.529,11.287,0.043,false,20.266,MODERATE,8,sequential_yolo_pose,SM-S906U1,GPU
2026-04-22 16:42:13.961,110.357,27.870,58.260,0.591,1.711,6.625,11.397,0.042,false,20.383,MODERATE,8,sequential_yolo_pose,SM-S906U1,GPU
2026-04-22 16:42:14.083,116.760,25.370,61.483,0.688,1.885,7.970,14.236,0.046,false,20.391,MODERATE,9,sequential_yolo_pose,SM-S906U1,GPU
2026-04-22 16:42:14.190,103.462,21.202,58.980,0.694,1.630,6.603,11.173,0.042,false,20.391,MODERATE,9,sequential_yolo_pose,SM-S906U1,GPU
2026-04-22 16:42:14.306,110.421,27.598,58.173,0.574,1.758,6.333,11.328,0.049,false,20.328,MODERATE,9,sequential_yolo_pose,SM-S906U1,GPU
2026-04-22 16:42:14.396,81.769,23.839,54.316,0.294,0.000,0.000,0.000,0.000,true,16.934,MODERATE,9,sequential_yolo_pose,SM-S906U1,GPU
2026-04-22 16:42:14.523,118.643,26.839,58.239,0.639,1.595,10.163,16.156,0.037,false,33.973,MODERATE,9,sequential_yolo_pose,SM-S906U1,GPU
2026-04-22 16:42:14.639,111.931,28.388,56.693,0.620,1.525,6.061,12.285,0.038,false,30.262,MODERATE,9,sequential_yolo_pose,SM-S906U1,GPU
2026-04-22 16:42:14.759,109.946,26.487,55.009,0.786,2.726,9.962,11.424,0.062,false,20.391,MODERATE,9,sequential_yolo_pose,SM-S906U1,GPU
2026-04-22 16:42:14.894,126.808,34.900,53.666,0.649,4.908,14.745,11.671,0.049,false,20.359,MODERATE,9,sequential_yolo_pose,SM-S906U1,GPU
2026-04-22 16:42:15.006,107.396,26.275,52.755,1.009,2.431,7.407,11.927,0.053,false,20.297,MODERATE,9,sequential_yolo_pose,SM-S906U1,GPU
2026-04-22 16:42:15.125,113.533,27.297,58.462,0.628,2.706,8.650,11.625,0.060,false,20.359,MODERATE,9,sequential_yolo_pose,SM-S906U1,GPU
2026-04-22 16:42:15.231,101.758,23.489,54.504,0.982,1.703,5.206,10.025,0.058,false,20.238,MODERATE,9,sequential_yolo_pose,SM-S906U1,GPU
2026-04-22 16:42:15.350,113.073,23.880,55.930,0.804,2.040,10.614,11.507,0.051,false,20.301,MODERATE,9,sequential_yolo_pose,SM-S906U1,GPU
2026-04-22 16:42:15.466,111.630,29.130,54.321,1.024,2.479,9.581,10.332,0.047,false,20.352,MODERATE,9,sequential_yolo_pose,SM-S906U1,GPU
2026-04-22 16:42:15.590,117.105,25.768,56.066,0.964,2.393,14.043,11.479,0.078,false,20.332,MODERATE,9,sequential_yolo_pose,SM-S906U1,GPU
2026-04-22 16:42:15.710,114.653,31.369,53.272,0.917,2.440,8.740,13.074,0.058,false,20.301,MODERATE,9,sequential_yolo_pose,SM-S906U1,GPU
2026-04-22 16:42:15.821,102.772,25.482,54.306,0.583,2.179,6.688,9.310,0.048,false,20.328,MODERATE,9,sequential_yolo_pose,SM-S906U1,GPU
2026-04-22 16:42:15.932,107.345,25.086,56.171,1.205,2.453,7.631,10.649,0.049,false,20.352,MODERATE,9,sequential_yolo_pose,SM-S906U1,GPU
2026-04-22 16:42:16.052,110.767,25.426,52.436,1.047,2.365,11.233,13.173,0.054,false,20.297,MODERATE,9,sequential_yolo_pose,SM-S906U1,GPU
2026-04-22 16:42:16.164,106.708,27.464,53.412,1.147,2.572,6.853,10.966,0.064,false,20.512,MODERATE,9,sequential_yolo_pose,SM-S906U1,GPU
2026-04-22 16:42:16.280,111.681,29.708,52.907,1.148,2.181,8.352,11.376,0.515,false,20.359,MODERATE,9,sequential_yolo_pose,SM-S906U1,GPU
2026-04-22 16:42:16.400,115.616,28.026,54.922,1.175,2.439,11.228,13.874,0.047,false,20.328,MODERATE,9,sequential_yolo_pose,SM-S906U1,GPU
2026-04-22 16:42:16.525,114.766,26.981,55.630,1.278,7.264,8.973,10.254,0.055,false,20.328,MODERATE,9,sequential_yolo_pose,SM-S906U1,GPU
2026-04-22 16:42:16.641,110.202,26.309,55.440,1.235,2.550,9.419,11.045,0.034,false,20.270,MODERATE,9,sequential_yolo_pose,SM-S906U1,GPU
2026-04-22 16:42:16.732,84.622,24.318,55.501,0.592,0.000,0.000,0.000,0.000,true,16.996,MODERATE,9,sequential_yolo_pose,SM-S906U1,GPU
2026-04-22 16:42:16.833,94.754,30.590,57.598,0.827,0.000,0.000,0.000,0.000,true,30.609,MODERATE,9,sequential_yolo_pose,SM-S906U1,GPU
2026-04-22 16:42:16.964,118.209,32.266,52.976,1.021,3.029,13.400,10.413,0.057,false,21.563,MODERATE,9,sequential_yolo_pose,SM-S906U1,GPU
2026-04-22 16:42:17.080,110.005,26.395,53.418,1.072,2.714,7.462,11.509,0.033,false,38.516,MODERATE,9,sequential_yolo_pose,SM-S906U1,GPU
2026-04-22 16:42:17.200,110.497,27.656,52.958,1.050,2.863,9.252,12.227,0.067,false,20.320,MODERATE,9,sequential_yolo_pose,SM-S906U1,GPU
2026-04-22 16:42:17.321,109.266,24.997,55.488,0.553,2.980,11.689,10.280,0.052,false,20.328,MODERATE,9,sequential_yolo_pose,SM-S906U1,GPU
2026-04-22 16:42:17.436,110.003,26.835,54.613,1.048,2.893,9.207,11.248,0.067,false,20.387,MODERATE,9,sequential_yolo_pose,SM-S906U1,GPU
2026-04-22 16:42:17.565,121.665,26.428,56.751,1.029,2.484,8.558,21.937,0.060,false,20.414,MODERATE,9,sequential_yolo_pose,SM-S906U1,GPU
2026-04-22 16:42:17.682,111.463,30.026,53.533,0.525,1.511,6.446,14.719,0.060,false,20.297,MODERATE,9,sequential_yolo_pose,SM-S906U1,GPU
2026-04-22 16:42:17.801,114.145,24.412,55.080,1.229,2.959,14.200,11.538,0.055,false,20.359,MODERATE,9,sequential_yolo_pose,SM-S906U1,GPU
2026-04-22 16:42:17.917,107.648,21.783,57.051,1.010,2.541,9.300,12.527,0.043,false,20.457,MODERATE,9,sequential_yolo_pose,SM-S906U1,GPU
2026-04-22 16:42:18.032,108.717,26.742,52.495,1.134,5.118,6.004,12.795,0.052,false,20.328,MODERATE,9,sequential_yolo_pose,SM-S906U1,GPU
2026-04-22 16:42:18.156,114.618,29.186,56.120,0.513,3.447,7.698,9.934,0.042,false,20.484,MODERATE,8,sequential_yolo_pose,SM-S906U1,GPU
2026-04-22 16:42:18.282,121.896,36.952,53.869,0.734,2.868,11.056,12.347,0.050,false,20.332,MODERATE,8,sequential_yolo_pose,SM-S906U1,GPU
2026-04-22 16:42:18.402,114.881,25.331,57.083,0.979,5.418,9.807,10.993,0.057,false,20.297,MODERATE,8,sequential_yolo_pose,SM-S906U1,GPU
2026-04-22 16:42:18.512,104.830,25.830,53.036,0.464,1.352,4.819,15.126,0.050,false,20.332,MODERATE,8,sequential_yolo_pose,SM-S906U1,GPU
2026-04-22 16:42:18.623,106.868,29.510,54.971,0.596,1.495,6.187,9.892,0.063,false,20.234,MODERATE,8,sequential_yolo_pose,SM-S906U1,GPU
2026-04-22 16:42:18.735,106.150,25.551,57.563,0.790,2.190,5.583,10.521,0.051,false,20.297,MODERATE,8,sequential_yolo_pose,SM-S906U1,GPU
2026-04-22 16:42:18.840,97.000,20.984,54.441,0.485,1.431,5.545,11.116,0.067,false,20.391,MODERATE,8,sequential_yolo_pose,SM-S906U1,GPU
2026-04-22 16:42:18.957,107.995,24.915,55.587,0.812,2.225,8.033,12.284,0.040,false,20.328,MODERATE,8,sequential_yolo_pose,SM-S906U1,GPU
2026-04-22 16:42:19.074,111.663,27.072,53.771,1.120,2.880,7.209,15.216,0.065,false,20.371,MODERATE,8,sequential_yolo_pose,SM-S906U1,GPU
2026-04-22 16:42:19.192,111.920,27.893,53.940,0.827,2.492,11.624,10.977,0.047,false,20.457,MODERATE,9,sequential_yolo_pose,SM-S906U1,GPU
2026-04-22 16:42:19.313,116.011,30.039,55.265,0.708,1.795,7.436,15.158,0.047,false,20.363,MODERATE,9,sequential_yolo_pose,SM-S906U1,GPU
2026-04-22 16:42:19.423,106.875,25.713,53.187,0.707,2.661,10.618,9.956,0.061,false,20.359,MODERATE,9,sequential_yolo_pose,SM-S906U1,GPU
2026-04-22 16:42:19.546,116.207,27.751,55.033,0.908,2.693,11.244,13.457,0.048,false,20.328,MODERATE,9,sequential_yolo_pose,SM-S906U1,GPU
2026-04-22 16:42:19.663,113.273,28.207,56.228,1.212,6.326,6.386,10.396,0.085,false,20.266,MODERATE,9,sequential_yolo_pose,SM-S906U1,GPU
2026-04-22 16:42:19.785,115.136,22.365,55.551,1.227,2.963,11.815,15.868,0.617,false,20.414,MODERATE,9,sequential_yolo_pose,SM-S906U1,GPU
2026-04-22 16:42:19.900,110.321,27.952,53.231,1.207,2.872,9.867,10.780,0.062,false,20.297,MODERATE,9,sequential_yolo_pose,SM-S906U1,GPU
2026-04-22 16:42:20.021,113.977,26.152,54.398,0.813,2.232,11.384,12.855,0.045,false,20.297,MODERATE,9,sequential_yolo_pose,SM-S906U1,GPU
2026-04-22 16:42:20.134,108.694,27.546,55.479,0.741,2.246,7.212,11.233,0.044,false,20.359,MODERATE,8,sequential_yolo_pose,SM-S906U1,GPU
2026-04-22 16:42:20.254,113.078,26.323,54.931,0.872,3.078,11.658,12.549,0.058,false,20.301,MODERATE,8,sequential_yolo_pose,SM-S906U1,GPU
2026-04-22 16:42:20.368,109.594,28.553,53.694,0.763,2.373,8.133,11.677,0.057,false,20.297,MODERATE,8,sequential_yolo_pose,SM-S906U1,GPU
2026-04-22 16:42:20.493,109.234,27.012,54.864,0.933,2.795,7.921,10.091,0.052,false,20.328,MODERATE,8,sequential_yolo_pose,SM-S906U1,GPU
2026-04-22 16:42:20.612,112.465,27.859,55.862,0.718,1.728,8.489,13.903,0.038,false,20.371,MODERATE,8,sequential_yolo_pose,SM-S906U1,GPU
2026-04-22 16:42:20.726,109.320,24.270,54.629,1.593,3.150,9.021,12.424,0.044,false,20.359,MODERATE,8,sequential_yolo_pose,SM-S906U1,GPU
2026-04-22 16:42:20.854,123.835,28.409,55.319,0.888,2.536,9.674,22.649,0.047,false,20.391,MODERATE,8,sequential_yolo_pose,SM-S906U1,GPU
2026-04-22 16:42:20.973,114.366,27.744,54.082,3.411,2.727,9.790,12.542,0.053,false,20.328,MODERATE,8,sequential_yolo_pose,SM-S906U1,GPU
2026-04-22 16:42:21.095,115.079,24.554,56.353,1.140,5.751,11.505,10.548,0.056,false,20.328,MODERATE,8,sequential_yolo_pose,SM-S906U1,GPU
2026-04-22 16:42:21.214,112.919,29.120,53.702,0.697,1.809,6.802,15.482,0.050,false,20.383,MODERATE,9,sequential_yolo_pose,SM-S906U1,GPU
2026-04-22 16:42:21.336,117.443,27.157,54.802,1.111,3.108,15.457,11.470,0.068,false,20.391,MODERATE,9,sequential_yolo_pose,SM-S906U1,GPU
2026-04-22 16:42:21.472,131.231,26.924,58.114,0.969,4.008,18.499,14.788,0.066,false,20.391,MODERATE,9,sequential_yolo_pose,SM-S906U1,GPU
2026-04-22 16:42:21.579,100.315,23.612,54.640,0.547,1.471,6.098,9.992,0.072,false,20.297,MODERATE,9,sequential_yolo_pose,SM-S906U1,GPU
2026-04-22 16:42:21.695,109.913,26.127,54.758,1.092,2.950,8.927,11.711,0.060,false,20.359,MODERATE,9,sequential_yolo_pose,SM-S906U1,GPU
2026-04-22 16:42:21.785,84.762,24.975,50.353,0.805,0.000,0.000,0.000,0.000,true,16.902,MODERATE,9,sequential_yolo_pose,SM-S906U1,GPU
2026-04-22 16:42:21.886,94.101,33.493,54.913,0.498,0.000,0.000,0.000,0.000,true,30.609,MODERATE,9,sequential_yolo_pose,SM-S906U1,GPU
2026-04-22 16:42:21.991,98.904,36.951,55.378,0.354,0.000,0.000,0.000,0.000,true,18.652,MODERATE,9,sequential_yolo_pose,SM-S906U1,GPU
2026-04-22 16:42:22.131,134.081,36.309,59.136,0.944,3.726,14.304,11.947,0.037,false,35.535,MODERATE,9,sequential_yolo_pose,SM-S906U1,GPU
2026-04-22 16:42:22.262,123.027,30.286,54.556,0.835,3.078,12.109,15.924,0.052,false,22.035,MODERATE,9,sequential_yolo_pose,SM-S906U1,GPU
2026-04-22 16:42:22.383,115.681,26.223,52.495,1.269,3.887,9.118,13.300,0.034,false,38.980,MODERATE,9,sequential_yolo_pose,SM-S906U1,GPU
2026-04-22 16:42:22.498,105.015,27.569,54.700,0.588,2.169,5.460,10.528,0.057,false,20.336,MODERATE,9,sequential_yolo_pose,SM-S906U1,GPU
2026-04-22 16:42:22.619,113.193,29.355,55.483,0.849,2.844,9.486,9.985,0.051,false,20.266,MODERATE,9,sequential_yolo_pose,SM-S906U1,GPU
2026-04-22 16:42:22.735,111.203,26.930,54.909,1.824,3.114,7.411,12.191,0.050,false,20.391,MODERATE,9,sequential_yolo_pose,SM-S906U1,GPU
2026-04-22 16:42:22.862,121.725,28.961,55.381,0.783,2.161,15.796,14.544,0.060,false,20.391,MODERATE,9,sequential_yolo_pose,SM-S906U1,GPU
2026-04-22 16:42:22.967,100.162,24.963,53.414,0.538,1.519,5.195,10.310,0.041,false,20.266,MODERATE,9,sequential_yolo_pose,SM-S906U1,GPU
2026-04-22 16:42:23.100,127.487,27.397,56.313,0.986,3.024,21.101,14.187,0.054,false,20.391,MODERATE,9,sequential_yolo_pose,SM-S906U1,GPU
2026-04-22 16:42:23.218,110.811,25.000,58.306,0.372,1.685,8.860,10.313,0.036,false,20.426,MODERATE,8,sequential_yolo_pose,SM-S906U1,GPU
2026-04-22 16:42:23.309,86.315,27.593,53.988,0.522,0.000,0.000,0.000,0.000,true,16.937,MODERATE,8,sequential_yolo_pose,SM-S906U1,GPU
2026-04-22 16:42:23.413,94.501,31.570,56.059,0.431,0.000,0.000,0.000,0.000,true,30.551,MODERATE,8,sequential_yolo_pose,SM-S906U1,GPU
2026-04-22 16:42:23.526,106.517,45.168,54.861,0.431,0.000,0.000,0.000,0.000,true,18.531,MODERATE,8,sequential_yolo_pose,SM-S906U1,GPU
2026-04-22 16:42:23.665,131.024,37.248,56.272,0.936,2.891,11.990,11.992,0.059,false,35.477,MODERATE,8,sequential_yolo_pose,SM-S906U1,GPU
2026-04-22 16:42:23.797,123.147,32.782,55.418,1.194,4.517,12.769,10.614,0.076,false,21.984,MODERATE,8,sequential_yolo_pose,SM-S906U1,GPU
2026-04-22 16:42:23.924,118.940,33.700,53.903,0.979,3.000,8.312,10.250,0.034,false,38.898,MODERATE,8,sequential_yolo_pose,SM-S906U1,GPU
2026-04-22 16:42:24.059,126.037,30.597,55.244,1.258,3.068,19.368,11.471,0.072,false,20.391,MODERATE,8,sequential_yolo_pose,SM-S906U1,GPU
2026-04-22 16:42:24.174,108.271,26.343,55.203,0.861,1.469,5.928,11.927,0.060,false,20.328,MODERATE,8,sequential_yolo_pose,SM-S906U1,GPU
2026-04-22 16:42:24.297,117.466,21.367,57.798,1.354,3.355,18.065,12.184,0.056,false,20.410,MODERATE,8,sequential_yolo_pose,SM-S906U1,GPU
2026-04-22 16:42:24.412,108.288,21.594,55.783,0.975,2.489,9.689,14.507,0.053,false,20.328,MODERATE,8,sequential_yolo_pose,SM-S906U1,GPU
2026-04-22 16:42:24.525,108.057,27.493,53.820,1.226,2.889,8.243,10.099,0.050,false,20.297,MODERATE,8,sequential_yolo_pose,SM-S906U1,GPU
2026-04-22 16:42:24.646,116.379,27.493,54.224,0.923,3.044,9.599,16.459,0.050,false,20.359,MODERATE,8,sequential_yolo_pose,SM-S906U1,GPU
2026-04-22 16:42:24.767,115.930,29.314,52.644,1.261,3.946,11.804,12.600,0.059,false,20.297,MODERATE,8,sequential_yolo_pose,SM-S906U1,GPU
2026-04-22 16:42:24.876,103.602,24.724,53.698,0.648,1.370,5.627,13.214,0.061,false,20.359,MODERATE,8,sequential_yolo_pose,SM-S906U1,GPU
2026-04-22 16:42:24.998,115.605,25.318,54.042,1.280,3.143,15.525,11.944,0.051,false,14.461,MODERATE,8,sequential_yolo_pose,SM-S906U1,GPU
2026-04-22 16:42:25.125,117.532,28.224,55.115,1.050,2.634,14.277,10.702,0.059,false,21.535,MODERATE,8,sequential_yolo_pose,SM-S906U1,GPU
2026-04-22 16:42:25.240,107.633,28.375,54.616,0.968,1.950,6.646,9.995,0.032,false,38.637,MODERATE,9,sequential_yolo_pose,SM-S906U1,GPU
2026-04-22 16:42:25.364,112.545,23.894,56.115,1.109,4.128,11.070,11.996,0.051,false,20.438,MODERATE,9,sequential_yolo_pose,SM-S906U1,GPU
2026-04-22 16:42:25.483,110.254,29.941,52.649,0.817,1.869,7.607,13.018,0.059,false,20.328,MODERATE,9,sequential_yolo_pose,SM-S906U1,GPU
2026-04-22 16:42:25.601,113.400,26.988,55.214,1.350,2.780,10.395,12.466,0.065,false,20.328,MODERATE,9,sequential_yolo_pose,SM-S906U1,GPU
2026-04-22 16:42:25.727,115.212,27.621,53.210,1.367,2.907,13.505,12.359,0.042,false,20.328,MODERATE,9,sequential_yolo_pose,SM-S906U1,GPU
2026-04-22 16:42:25.844,111.455,26.347,53.336,1.211,2.863,10.314,13.222,0.049,false,20.297,MODERATE,9,sequential_yolo_pose,SM-S906U1,GPU
2026-04-22 16:42:25.966,115.902,27.061,55.048,1.238,2.837,13.368,12.079,0.050,false,20.328,MODERATE,9,sequential_yolo_pose,SM-S906U1,GPU
2026-04-22 16:42:26.072,96.991,21.106,54.212,0.648,1.455,5.414,11.009,0.063,false,20.301,MODERATE,9,sequential_yolo_pose,SM-S906U1,GPU
2026-04-22 16:42:26.196,116.583,28.061,55.486,1.326,2.716,12.162,12.679,0.056,false,20.359,MODERATE,8,sequential_yolo_pose,SM-S906U1,GPU
2026-04-22 16:42:26.313,112.943,28.686,53.834,0.652,2.683,9.855,12.890,0.057,false,20.371,MODERATE,8,sequential_yolo_pose,SM-S906U1,GPU
2026-04-22 16:42:26.431,112.798,29.001,52.822,0.945,2.694,12.585,10.524,0.046,false,20.332,MODERATE,8,sequential_yolo_pose,SM-S906U1,GPU
2026-04-22 16:42:26.563,125.398,32.185,55.335,1.316,3.114,15.567,11.761,0.056,false,20.391,MODERATE,8,sequential_yolo_pose,SM-S906U1,GPU
2026-04-22 16:42:26.685,116.677,29.377,53.620,0.827,2.788,13.154,11.998,0.056,false,20.297,MODERATE,8,sequential_yolo_pose,SM-S906U1,GPU
2026-04-22 16:42:26.801,110.976,25.610,55.224,2.021,3.078,9.443,11.392,0.048,false,20.297,MODERATE,8,sequential_yolo_pose,SM-S906U1,GPU
2026-04-22 16:42:26.897,85.572,24.816,55.160,0.511,0.000,0.000,0.000,0.000,true,17.027,MODERATE,8,sequential_yolo_pose,SM-S906U1,GPU
2026-04-22 16:42:27.001,89.546,29.493,55.283,0.568,0.000,0.000,0.000,0.000,true,30.578,MODERATE,8,sequential_yolo_pose,SM-S906U1,GPU
2026-04-22 16:42:27.108,99.332,38.492,53.324,0.629,0.000,0.000,0.000,0.000,true,18.582,MODERATE,8,sequential_yolo_pose,SM-S906U1,GPU
2026-04-22 16:42:27.230,111.408,28.516,53.658,0.905,2.774,10.666,10.278,0.036,false,35.559,MODERATE,9,sequential_yolo_pose,SM-S906U1,GPU
2026-04-22 16:42:27.345,109.597,26.366,52.235,0.852,2.476,8.372,14.899,0.056,false,21.996,MODERATE,9,sequential_yolo_pose,SM-S906U1,GPU
2026-04-22 16:42:27.479,125.957,27.656,55.817,1.279,6.895,9.318,20.548,0.034,false,39.004,MODERATE,9,sequential_yolo_pose,SM-S906U1,GPU
2026-04-22 16:42:27.598,110.577,28.057,54.691,0.859,2.816,9.380,10.778,0.052,false,20.356,MODERATE,9,sequential_yolo_pose,SM-S906U1,GPU
2026-04-22 16:42:27.721,116.335,27.652,56.160,0.678,3.125,11.261,13.081,0.037,false,20.328,MODERATE,9,sequential_yolo_pose,SM-S906U1,GPU
2026-04-22 16:42:27.841,115.011,28.096,54.554,0.818,2.617,8.744,14.996,0.051,false,20.328,MODERATE,9,sequential_yolo_pose,SM-S906U1,GPU
2026-04-22 16:42:27.958,109.772,22.671,52.645,0.940,3.606,13.569,13.292,0.048,false,20.359,MODERATE,9,sequential_yolo_pose,SM-S906U1,GPU
2026-04-22 16:42:28.065,102.827,26.347,52.454,1.015,1.646,5.349,10.208,0.058,false,20.297,MODERATE,9,sequential_yolo_pose,SM-S906U1,GPU
2026-04-22 16:42:28.185,111.332,24.959,56.410,0.514,2.625,11.967,11.368,0.062,false,20.297,MODERATE,9,sequential_yolo_pose,SM-S906U1,GPU
2026-04-22 16:42:28.306,115.385,27.133,56.778,0.768,3.097,10.282,12.754,0.043,false,20.348,MODERATE,9,sequential_yolo_pose,SM-S906U1,GPU
2026-04-22 16:42:28.419,104.516,23.438,53.281,0.525,1.997,9.872,10.704,0.048,false,20.352,MODERATE,9,sequential_yolo_pose,SM-S906U1,GPU
2026-04-22 16:42:28.533,108.605,31.435,54.502,0.364,1.529,5.214,10.712,0.031,false,20.238,MODERATE,9,sequential_yolo_pose,SM-S906U1,GPU
2026-04-22 16:42:28.640,101.693,22.887,53.986,0.516,2.134,7.145,11.554,0.035,false,20.387,MODERATE,9,sequential_yolo_pose,SM-S906U1,GPU
2026-04-22 16:42:28.770,124.520,23.035,53.812,0.620,2.290,11.101,24.121,0.041,false,20.422,MODERATE,9,sequential_yolo_pose,SM-S906U1,GPU
2026-04-22 16:42:28.889,113.892,23.419,56.813,0.542,4.525,11.167,10.386,0.047,false,20.359,MODERATE,9,sequential_yolo_pose,SM-S906U1,GPU
2026-04-22 16:42:29.010,115.022,30.340,52.452,0.940,3.077,10.523,13.335,0.057,false,20.328,MODERATE,9,sequential_yolo_pose,SM-S906U1,GPU
2026-04-22 16:42:29.133,118.220,25.975,55.324,1.111,3.952,14.686,11.695,0.047,false,20.359,MODERATE,9,sequential_yolo_pose,SM-S906U1,GPU
2026-04-22 16:42:29.260,118.001,28.425,55.042,0.941,2.733,16.268,10.236,0.056,false,20.359,MODERATE,8,sequential_yolo_pose,SM-S906U1,GPU
2026-04-22 16:42:29.375,107.990,28.150,51.844,0.764,1.970,8.104,12.596,0.075,false,20.328,MODERATE,8,sequential_yolo_pose,SM-S906U1,GPU
2026-04-22 16:42:29.504,121.428,26.358,55.676,1.046,2.752,13.506,15.435,0.047,false,20.359,MODERATE,8,sequential_yolo_pose,SM-S906U1,GPU
2026-04-22 16:42:29.616,105.611,25.028,54.819,0.482,1.491,8.748,10.781,0.062,false,20.266,MODERATE,8,sequential_yolo_pose,SM-S906U1,GPU
2026-04-22 16:42:29.735,113.850,27.142,56.944,0.647,2.318,10.263,12.175,0.034,false,20.266,MODERATE,8,sequential_yolo_pose,SM-S906U1,GPU
2026-04-22 16:42:29.856,112.652,27.293,57.929,0.724,1.968,8.252,10.866,0.056,false,20.297,MODERATE,8,sequential_yolo_pose,SM-S906U1,GPU
2026-04-22 16:42:29.974,112.405,32.702,53.083,0.571,1.901,7.433,11.169,0.033,false,20.328,MODERATE,8,sequential_yolo_pose,SM-S906U1,GPU
2026-04-22 16:42:30.061,81.275,22.690,54.384,0.243,0.000,0.000,0.000,0.000,true,16.902,MODERATE,8,sequential_yolo_pose,SM-S906U1,GPU
2026-04-22 16:42:30.164,96.248,33.195,55.780,0.584,0.000,0.000,0.000,0.000,true,30.547,MODERATE,8,sequential_yolo_pose,SM-S906U1,GPU
2026-04-22 16:42:30.268,94.161,33.891,52.513,0.218,0.000,0.000,0.000,0.000,true,18.684,MODERATE,9,sequential_yolo_pose,SM-S906U1,GPU
2026-04-22 16:42:30.369,89.261,30.289,54.011,0.764,0.000,0.000,0.000,0.000,true,32.266,MODERATE,9,sequential_yolo_pose,SM-S906U1,GPU
2026-04-22 16:42:30.481,101.903,42.544,52.345,0.566,0.000,0.000,0.000,0.000,true,18.242,MODERATE,9,sequential_yolo_pose,SM-S906U1,GPU
2026-04-22 16:42:30.571,85.469,27.085,54.052,0.519,0.000,0.000,0.000,0.000,true,31.762,MODERATE,9,sequential_yolo_pose,SM-S906U1,GPU
2026-04-22 16:42:30.677,95.601,35.261,52.010,0.940,0.000,0.000,0.000,0.000,true,13.414,MODERATE,9,sequential_yolo_pose,SM-S906U1,GPU
2026-04-22 16:42:30.774,89.452,27.635,55.487,1.024,0.000,0.000,0.000,0.000,true,16.926,MODERATE,9,sequential_yolo_pose,SM-S906U1,GPU
2026-04-22 16:42:30.872,86.551,27.901,53.454,1.070,0.000,0.000,0.000,0.000,true,30.539,MODERATE,9,sequential_yolo_pose,SM-S906U1,GPU
2026-04-22 16:42:30.970,88.209,27.754,55.237,0.668,0.000,0.000,0.000,0.000,true,13.473,MODERATE,9,sequential_yolo_pose,SM-S906U1,GPU
2026-04-22 16:42:31.072,94.233,31.661,53.700,0.629,0.000,0.000,0.000,0.000,true,16.961,MODERATE,9,sequential_yolo_pose,SM-S906U1,GPU
2026-04-22 16:42:31.171,91.778,28.113,53.811,0.603,0.000,0.000,0.000,0.000,true,30.543,MODERATE,9,sequential_yolo_pose,SM-S906U1,GPU
2026-04-22 16:42:31.293,112.546,32.268,53.676,0.717,2.186,5.238,11.204,0.053,false,21.598,MODERATE,10,sequential_yolo_pose,SM-S906U1,GPU
2026-04-22 16:42:31.436,135.703,29.507,58.964,1.184,5.133,20.493,10.920,0.077,false,12.730,MODERATE,10,sequential_yolo_pose,SM-S906U1,GPU
2026-04-22 16:42:31.557,117.494,26.850,57.348,0.871,2.244,11.775,14.419,0.060,false,20.359,MODERATE,10,sequential_yolo_pose,SM-S906U1,GPU
2026-04-22 16:42:31.667,105.761,26.544,55.301,0.836,1.346,5.232,10.789,0.064,false,20.301,MODERATE,10,sequential_yolo_pose,SM-S906U1,GPU
2026-04-22 16:42:31.788,115.932,26.989,56.765,0.947,2.871,11.737,12.422,0.060,false,20.328,MODERATE,10,sequential_yolo_pose,SM-S906U1,GPU
2026-04-22 16:42:31.900,107.312,26.628,53.322,1.016,2.428,8.746,10.828,0.051,false,20.328,MODERATE,10,sequential_yolo_pose,SM-S906U1,GPU
2026-04-22 16:42:31.991,84.318,26.663,53.236,0.379,0.000,0.000,0.000,0.000,true,16.902,MODERATE,10,sequential_yolo_pose,SM-S906U1,GPU
2026-04-22 16:42:32.098,100.018,37.549,54.530,0.557,0.000,0.000,0.000,0.000,true,30.547,MODERATE,10,sequential_yolo_pose,SM-S906U1,GPU
2026-04-22 16:42:32.228,117.801,25.067,52.717,0.785,2.770,12.424,11.580,0.035,false,16.813,MODERATE,10,sequential_yolo_pose,SM-S906U1,GPU
2026-04-22 16:42:32.347,113.453,30.010,57.240,0.478,1.368,5.194,11.529,0.051,false,20.328,MODERATE,9,sequential_yolo_pose,SM-S906U1,GPU
2026-04-22 16:42:32.465,112.735,25.847,57.489,1.194,4.478,8.057,11.290,0.048,false,20.328,MODERATE,9,sequential_yolo_pose,SM-S906U1,GPU
2026-04-22 16:42:32.568,97.773,21.121,55.026,0.433,1.342,5.356,11.613,0.055,false,20.359,MODERATE,9,sequential_yolo_pose,SM-S906U1,GPU
2026-04-22 16:42:32.690,117.957,26.552,53.723,1.005,2.947,16.119,12.995,0.064,false,20.328,MODERATE,9,sequential_yolo_pose,SM-S906U1,GPU
2026-04-22 16:42:32.806,110.269,29.564,54.034,0.595,2.047,9.171,10.694,0.034,false,20.332,MODERATE,9,sequential_yolo_pose,SM-S906U1,GPU
2026-04-22 16:42:32.930,115.082,26.220,52.961,1.068,2.999,14.696,12.637,0.049,false,14.523,MODERATE,9,sequential_yolo_pose,SM-S906U1,GPU
2026-04-22 16:42:33.043,108.397,25.741,52.854,0.829,2.423,9.405,10.927,0.050,false,21.500,MODERATE,9,sequential_yolo_pose,SM-S906U1,GPU
2026-04-22 16:42:33.157,105.825,28.618,52.065,1.194,1.547,7.849,10.232,0.032,false,38.414,MODERATE,9,sequential_yolo_pose,SM-S906U1,GPU
2026-04-22 16:42:33.282,111.322,24.127,58.202,0.459,1.926,5.816,11.359,0.050,false,20.387,MODERATE,8,sequential_yolo_pose,SM-S906U1,GPU
2026-04-22 16:42:33.401,115.065,28.576,55.074,0.839,4.381,9.818,12.212,0.121,false,20.359,MODERATE,8,sequential_yolo_pose,SM-S906U1,GPU
2026-04-22 16:42:33.522,109.601,27.025,54.215,0.559,2.290,8.206,12.726,0.041,false,20.328,MODERATE,8,sequential_yolo_pose,SM-S906U1,GPU
2026-04-22 16:42:33.641,112.713,31.026,54.336,0.413,1.483,5.730,14.585,0.044,false,20.359,MODERATE,8,sequential_yolo_pose,SM-S906U1,GPU
2026-04-22 16:42:33.758,112.323,25.963,54.297,0.883,2.956,10.168,13.842,0.032,false,20.359,MODERATE,8,sequential_yolo_pose,SM-S906U1,GPU
2026-04-22 16:42:33.872,109.428,26.646,53.868,1.139,2.607,7.343,13.085,0.070,false,20.395,MODERATE,8,sequential_yolo_pose,SM-S906U1,GPU
2026-04-22 16:42:33.995,116.364,24.440,55.938,0.974,3.234,16.413,10.694,0.056,false,20.391,MODERATE,8,sequential_yolo_pose,SM-S906U1,GPU
2026-04-22 16:42:34.114,113.899,28.580,53.214,0.800,2.433,11.310,13.170,0.055,false,20.391,MODERATE,8,sequential_yolo_pose,SM-S906U1,GPU
2026-04-22 16:42:34.233,114.824,24.314,52.958,2.088,2.961,12.669,15.660,0.048,false,20.414,MODERATE,8,sequential_yolo_pose,SM-S906U1,GPU
2026-04-22 16:42:34.354,116.005,28.896,58.070,0.777,2.490,9.537,11.241,0.235,false,20.332,MODERATE,9,sequential_yolo_pose,SM-S906U1,GPU
2026-04-22 16:42:34.476,117.291,29.823,53.548,1.101,2.460,9.657,16.229,0.052,false,20.328,MODERATE,9,sequential_yolo_pose,SM-S906U1,GPU
2026-04-22 16:42:34.595,113.188,25.288,55.586,0.792,3.602,13.029,10.739,0.054,false,14.492,MODERATE,9,sequential_yolo_pose,SM-S906U1,GPU
2026-04-22 16:42:34.717,116.416,27.764,57.254,0.794,2.886,9.418,11.792,0.050,false,21.504,MODERATE,9,sequential_yolo_pose,SM-S906U1,GPU
2026-04-22 16:42:34.834,111.648,22.843,53.254,1.068,3.067,15.019,11.054,0.036,false,38.512,MODERATE,9,sequential_yolo_pose,SM-S906U1,GPU
2026-04-22 16:42:34.960,112.028,25.213,54.426,0.951,2.279,14.906,10.599,0.061,false,20.414,MODERATE,9,sequential_yolo_pose,SM-S906U1,GPU
2026-04-22 16:42:35.084,119.365,31.777,57.677,1.111,2.515,9.525,11.973,0.054,false,20.328,MODERATE,9,sequential_yolo_pose,SM-S906U1,GPU
2026-04-22 16:42:35.204,114.508,27.077,53.492,1.445,3.298,10.019,13.479,0.047,false,20.328,MODERATE,9,sequential_yolo_pose,SM-S906U1,GPU
2026-04-22 16:42:35.329,115.590,27.619,53.731,0.989,3.243,14.344,9.752,0.048,false,20.477,MODERATE,8,sequential_yolo_pose,SM-S906U1,GPU
2026-04-22 16:42:35.448,114.524,29.641,53.738,0.986,2.184,11.157,12.669,0.048,false,20.363,MODERATE,8,sequential_yolo_pose,SM-S906U1,GPU
2026-04-22 16:42:35.563,110.389,22.201,55.072,0.747,6.453,10.679,10.329,0.052,false,20.344,MODERATE,8,sequential_yolo_pose,SM-S906U1,GPU
2026-04-22 16:42:35.682,114.360,25.399,58.172,0.787,1.999,8.245,15.474,0.145,false,20.328,MODERATE,8,sequential_yolo_pose,SM-S906U1,GPU
2026-04-22 16:42:35.803,116.530,28.869,55.074,1.479,5.534,10.224,11.014,0.055,false,20.328,MODERATE,8,sequential_yolo_pose,SM-S906U1,GPU
2026-04-22 16:42:35.929,113.665,27.607,52.711,1.444,2.768,13.535,11.302,0.050,false,20.328,MODERATE,8,sequential_yolo_pose,SM-S906U1,GPU
2026-04-22 16:42:36.048,111.511,31.147,53.436,0.618,1.981,9.607,10.565,0.050,false,20.266,MODERATE,8,sequential_yolo_pose,SM-S906U1,GPU
2026-04-22 16:42:36.168,115.355,26.845,53.449,1.257,3.195,15.318,11.100,0.072,false,20.391,MODERATE,8,sequential_yolo_pose,SM-S906U1,GPU
2026-04-22 16:42:36.284,109.135,26.311,55.044,1.283,2.941,8.957,10.473,0.064,false,20.328,MODERATE,8,sequential_yolo_pose,SM-S906U1,GPU
2026-04-22 16:42:36.398,109.332,25.390,58.491,1.198,2.984,6.942,10.154,0.054,false,20.328,MODERATE,9,sequential_yolo_pose,SM-S906U1,GPU
2026-04-22 16:42:36.506,102.253,22.630,53.407,0.770,1.840,7.377,12.792,0.059,false,20.332,MODERATE,9,sequential_yolo_pose,SM-S906U1,GPU
2026-04-22 16:42:36.624,108.302,24.448,55.988,0.880,2.154,8.825,11.285,0.182,false,20.297,MODERATE,9,sequential_yolo_pose,SM-S906U1,GPU
2026-04-22 16:42:36.750,119.994,29.855,54.148,0.757,2.405,12.346,11.378,0.075,false,20.328,MODERATE,9,sequential_yolo_pose,SM-S906U1,GPU
2026-04-22 16:42:36.865,108.734,26.914,54.204,1.106,2.392,8.620,11.425,0.050,false,20.391,MODERATE,9,sequential_yolo_pose,SM-S906U1,GPU
2026-04-22 16:42:36.994,124.937,30.614,58.531,1.203,2.756,16.734,10.765,0.066,false,20.359,MODERATE,9,sequential_yolo_pose,SM-S906U1,GPU
2026-04-22 16:42:37.118,116.864,28.129,53.164,0.935,2.956,13.201,11.283,0.056,false,20.328,MODERATE,9,sequential_yolo_pose,SM-S906U1,GPU
2026-04-22 16:42:37.206,83.591,24.924,54.210,0.499,0.000,0.000,0.000,0.000,true,16.844,MODERATE,9,sequential_yolo_pose,SM-S906U1,GPU
2026-04-22 16:42:37.329,109.289,27.945,53.264,0.708,2.578,9.463,11.222,0.031,false,33.945,MODERATE,8,sequential_yolo_pose,SM-S906U1,GPU
2026-04-22 16:42:37.449,111.632,21.476,53.557,0.818,1.966,11.374,13.906,0.083,false,30.348,MODERATE,8,sequential_yolo_pose,SM-S906U1,GPU
2026-04-22 16:42:37.569,109.203,24.502,54.497,1.205,4.973,7.308,12.009,0.049,false,20.359,MODERATE,8,sequential_yolo_pose,SM-S906U1,GPU
2026-04-22 16:42:37.685,111.655,24.954,55.606,0.653,1.860,13.589,10.846,0.054,false,20.359,MODERATE,8,sequential_yolo_pose,SM-S906U1,GPU
2026-04-22 16:42:37.805,116.027,28.518,57.262,1.264,2.713,9.939,11.953,0.056,false,20.356,MODERATE,8,sequential_yolo_pose,SM-S906U1,GPU
2026-04-22 16:42:37.919,108.297,21.242,55.669,0.791,2.413,9.853,15.046,0.049,false,20.328,MODERATE,8,sequential_yolo_pose,SM-S906U1,GPU
2026-04-22 16:42:38.037,112.808,26.667,53.397,1.008,3.346,9.235,13.382,0.047,false,20.395,MODERATE,8,sequential_yolo_pose,SM-S906U1,GPU
2026-04-22 16:42:38.154,106.399,22.984,54.287,1.021,2.784,11.377,9.714,0.048,false,20.332,MODERATE,8,sequential_yolo_pose,SM-S906U1,GPU
2026-04-22 16:42:38.266,105.008,28.076,54.785,0.604,1.526,5.231,10.511,0.130,false,20.270,MODERATE,8,sequential_yolo_pose,SM-S906U1,GPU
2026-04-22 16:42:38.381,109.420,28.075,55.668,0.704,1.961,8.219,10.162,0.060,false,20.418,MODERATE,9,sequential_yolo_pose,SM-S906U1,GPU
2026-04-22 16:42:38.497,111.354,27.399,55.462,0.766,3.339,9.712,10.614,0.034,false,20.391,MODERATE,9,sequential_yolo_pose,SM-S906U1,GPU
2026-04-22 16:42:38.629,118.390,25.870,53.250,0.974,2.781,17.703,12.690,0.052,false,20.391,MODERATE,9,sequential_yolo_pose,SM-S906U1,GPU
2026-04-22 16:42:38.752,118.724,31.104,58.527,0.567,1.812,11.821,10.479,0.045,false,20.328,MODERATE,9,sequential_yolo_pose,SM-S906U1,GPU
2026-04-22 16:42:38.862,106.213,27.195,55.831,0.582,1.863,5.406,11.140,0.056,false,20.387,MODERATE,9,sequential_yolo_pose,SM-S906U1,GPU
2026-04-22 16:42:38.977,109.967,29.734,53.715,0.463,1.417,7.046,12.913,0.051,false,20.359,MODERATE,9,sequential_yolo_pose,SM-S906U1,GPU
2026-04-22 16:42:39.091,108.650,26.171,53.672,0.811,1.881,9.914,12.250,0.067,false,20.297,MODERATE,9,sequential_yolo_pose,SM-S906U1,GPU
2026-04-22 16:42:39.207,111.919,30.867,52.468,0.619,1.475,8.890,11.387,0.061,false,20.266,MODERATE,9,sequential_yolo_pose,SM-S906U1,GPU
2026-04-22 16:42:39.327,112.985,26.262,52.825,1.063,2.250,12.662,11.580,0.047,false,20.422,MODERATE,8,sequential_yolo_pose,SM-S906U1,GPU
2026-04-22 16:42:39.442,111.025,26.811,55.948,0.832,2.384,9.204,11.771,0.063,false,20.270,MODERATE,8,sequential_yolo_pose,SM-S906U1,GPU
2026-04-22 16:42:39.564,111.109,27.466,53.111,1.326,2.894,11.218,10.640,0.055,false,20.359,MODERATE,8,sequential_yolo_pose,SM-S906U1,GPU
2026-04-22 16:42:39.688,115.405,29.260,52.723,1.165,2.779,11.603,11.902,0.069,false,20.297,MODERATE,8,sequential_yolo_pose,SM-S906U1,GPU
2026-04-22 16:42:39.802,108.494,31.225,53.614,0.907,1.576,5.198,11.161,0.048,false,20.238,MODERATE,8,sequential_yolo_pose,SM-S906U1,GPU
2026-04-22 16:42:39.918,105.681,21.763,53.729,0.886,2.489,12.667,10.644,0.294,false,20.328,MODERATE,8,sequential_yolo_pose,SM-S906U1,GPU
2026-04-22 16:42:40.039,117.133,26.585,54.707,1.147,5.968,8.811,11.769,1.928,false,20.359,MODERATE,8,sequential_yolo_pose,SM-S906U1,GPU
2026-04-22 16:42:40.163,115.893,28.933,55.155,1.220,3.114,11.159,11.830,0.065,false,20.332,MODERATE,8,sequential_yolo_pose,SM-S906U1,GPU
2026-04-22 16:42:40.283,114.228,27.724,52.024,1.020,3.427,11.471,12.306,0.049,false,20.359,MODERATE,8,sequential_yolo_pose,SM-S906U1,GPU
2026-04-22 16:42:40.400,112.865,28.055,53.781,1.181,6.228,7.191,12.078,0.053,false,20.387,MODERATE,9,sequential_yolo_pose,SM-S906U1,GPU
2026-04-22 16:42:40.522,111.144,26.717,53.815,0.522,2.712,11.554,11.534,0.066,false,20.328,MODERATE,9,sequential_yolo_pose,SM-S906U1,GPU
2026-04-22 16:42:40.638,111.013,27.529,54.977,0.870,2.474,8.938,11.868,0.054,false,20.363,MODERATE,9,sequential_yolo_pose,SM-S906U1,GPU
2026-04-22 16:42:40.761,115.278,28.528,54.816,0.948,2.818,11.204,12.558,0.048,false,20.395,MODERATE,9,sequential_yolo_pose,SM-S906U1,GPU
2026-04-22 16:42:40.876,111.927,27.648,55.105,1.004,2.407,8.865,12.029,0.067,false,20.332,MODERATE,9,sequential_yolo_pose,SM-S906U1,GPU
2026-04-22 16:42:40.996,113.024,26.679,54.644,1.334,2.964,10.382,12.603,0.046,false,20.359,MODERATE,9,sequential_yolo_pose,SM-S906U1,GPU
2026-04-22 16:42:41.115,112.961,31.294,51.610,1.190,2.758,8.938,10.692,0.067,false,20.328,MODERATE,9,sequential_yolo_pose,SM-S906U1,GPU
2026-04-22 16:42:41.233,111.887,26.019,54.664,1.240,3.235,9.397,12.449,0.040,false,20.359,MODERATE,9,sequential_yolo_pose,SM-S906U1,GPU
2026-04-22 16:42:41.343,104.779,25.802,51.126,0.549,1.532,8.385,13.232,0.063,false,20.332,MODERATE,8,sequential_yolo_pose,SM-S906U1,GPU
2026-04-22 16:42:41.460,112.094,28.168,54.300,1.105,2.717,9.995,10.762,0.047,false,20.355,MODERATE,8,sequential_yolo_pose,SM-S906U1,GPU
2026-04-22 16:42:41.571,106.806,26.953,53.740,0.974,2.329,5.517,12.553,0.063,false,20.363,MODERATE,8,sequential_yolo_pose,SM-S906U1,GPU
2026-04-22 16:42:41.692,113.771,27.420,53.716,0.884,3.119,14.349,10.226,0.062,false,20.328,MODERATE,8,sequential_yolo_pose,SM-S906U1,GPU
2026-04-22 16:42:41.805,108.485,25.665,56.070,0.639,1.877,6.895,12.190,0.057,false,20.297,MODERATE,8,sequential_yolo_pose,SM-S906U1,GPU
2026-04-22 16:42:41.927,118.580,25.808,55.648,0.970,2.558,16.703,11.596,0.051,false,20.328,MODERATE,8,sequential_yolo_pose,SM-S906U1,GPU
2026-04-22 16:42:42.048,115.510,29.211,52.612,1.169,2.840,9.415,16.017,0.048,false,20.363,MODERATE,8,sequential_yolo_pose,SM-S906U1,GPU
2026-04-22 16:42:42.173,119.925,26.179,57.203,1.430,5.541,12.197,13.299,0.037,false,20.328,MODERATE,8,sequential_yolo_pose,SM-S906U1,GPU
2026-04-22 16:42:42.265,85.607,26.027,54.838,0.394,0.000,0.000,0.000,0.000,true,16.871,MODERATE,8,sequential_yolo_pose,SM-S906U1,GPU
2026-04-22 16:42:42.375,97.702,30.781,55.200,0.682,0.000,0.000,0.000,0.000,true,30.672,MODERATE,9,sequential_yolo_pose,SM-S906U1,GPU
2026-04-22 16:42:42.472,89.075,29.353,54.313,0.505,0.000,0.000,0.000,0.000,true,13.863,MODERATE,9,sequential_yolo_pose,SM-S906U1,GPU
2026-04-22 16:42:42.569,88.443,28.085,54.178,1.135,0.000,0.000,0.000,0.000,true,16.930,MODERATE,9,sequential_yolo_pose,SM-S906U1,GPU
2026-04-22 16:42:42.685,102.837,36.510,54.989,0.570,0.000,0.000,0.000,0.000,true,30.512,MODERATE,9,sequential_yolo_pose,SM-S906U1,GPU
2026-04-22 16:42:42.802,111.140,34.642,51.642,0.845,1.888,7.744,10.356,0.046,false,21.516,MODERATE,9,sequential_yolo_pose,SM-S906U1,GPU
2026-04-22 16:42:42.931,120.211,28.600,53.982,1.495,2.860,14.791,13.436,0.075,false,13.422,MODERATE,9,sequential_yolo_pose,SM-S906U1,GPU
2026-04-22 16:42:43.055,118.094,28.162,56.351,1.192,3.165,10.741,13.743,0.058,false,20.359,MODERATE,9,sequential_yolo_pose,SM-S906U1,GPU
2026-04-22 16:42:43.166,105.000,28.107,53.280,1.015,2.013,6.037,11.497,0.032,false,20.297,MODERATE,9,sequential_yolo_pose,SM-S906U1,GPU
2026-04-22 16:42:43.280,107.844,26.044,55.913,0.537,1.439,7.146,11.787,0.059,false,20.297,MODERATE,9,sequential_yolo_pose,SM-S906U1,GPU
2026-04-22 16:42:43.390,104.684,25.808,53.268,0.523,4.723,5.367,11.090,0.061,false,20.484,MODERATE,9,sequential_yolo_pose,SM-S906U1,GPU
2026-04-22 16:42:43.506,111.921,26.929,55.200,0.924,2.288,8.848,13.296,0.061,false,20.332,MODERATE,9,sequential_yolo_pose,SM-S906U1,GPU
2026-04-22 16:42:43.627,111.494,27.463,54.872,1.080,2.254,11.418,10.127,0.111,false,20.359,MODERATE,9,sequential_yolo_pose,SM-S906U1,GPU
2026-04-22 16:42:43.743,110.416,29.970,54.838,0.623,1.543,6.219,12.898,0.067,false,20.363,MODERATE,9,sequential_yolo_pose,SM-S906U1,GPU
2026-04-22 16:42:43.857,108.257,25.609,54.646,0.834,2.123,8.793,11.671,0.048,false,20.328,MODERATE,9,sequential_yolo_pose,SM-S906U1,GPU
2026-04-22 16:42:43.983,119.560,28.387,52.305,1.060,2.805,10.835,14.819,0.057,false,20.359,MODERATE,9,sequential_yolo_pose,SM-S906U1,GPU
2026-04-22 16:42:44.100,110.944,25.708,54.039,1.257,3.562,11.185,10.566,0.044,false,20.359,MODERATE,9,sequential_yolo_pose,SM-S906U1,GPU
2026-04-22 16:42:44.224,116.836,27.480,54.517,1.182,5.151,12.980,10.036,0.053,false,20.328,MODERATE,9,sequential_yolo_pose,SM-S906U1,GPU
2026-04-22 16:42:44.349,119.173,32.201,51.653,1.036,2.911,12.281,14.272,0.061,false,20.328,MODERATE,8,sequential_yolo_pose,SM-S906U1,GPU
2026-04-22 16:42:44.467,112.762,25.733,57.452,1.305,6.568,5.733,11.643,0.046,false,20.332,MODERATE,8,sequential_yolo_pose,SM-S906U1,GPU
2026-04-22 16:42:44.584,110.623,21.432,55.757,0.816,2.462,15.703,11.451,0.048,false,20.359,MODERATE,8,sequential_yolo_pose,SM-S906U1,GPU
2026-04-22 16:42:44.706,115.844,28.473,55.507,1.250,2.959,10.233,12.605,0.057,false,20.297,MODERATE,8,sequential_yolo_pose,SM-S906U1,GPU
2026-04-22 16:42:44.827,115.616,27.532,55.128,1.200,2.815,11.016,12.865,0.059,false,20.359,MODERATE,8,sequential_yolo_pose,SM-S906U1,GPU
2026-04-22 16:42:44.947,113.735,31.895,51.764,0.861,2.107,8.840,13.423,0.052,false,20.328,MODERATE,8,sequential_yolo_pose,SM-S906U1,GPU
2026-04-22 16:42:45.063,111.208,25.168,55.227,1.049,2.892,11.764,10.433,0.049,false,20.387,MODERATE,8,sequential_yolo_pose,SM-S906U1,GPU
2026-04-22 16:42:45.189,115.410,29.323,55.420,1.074,2.389,11.893,10.839,0.056,false,20.328,MODERATE,8,sequential_yolo_pose,SM-S906U1,GPU
2026-04-22 16:42:45.327,132.195,36.291,60.148,1.121,2.876,11.595,13.860,0.048,false,20.359,MODERATE,8,sequential_yolo_pose,SM-S906U1,GPU
2026-04-22 16:42:45.440,107.149,27.740,54.011,0.639,1.714,5.364,10.787,0.052,false,20.387,MODERATE,9,sequential_yolo_pose,SM-S906U1,GPU
2026-04-22 16:42:45.559,114.345,26.880,53.596,0.887,2.583,13.088,13.256,0.049,false,20.328,MODERATE,9,sequential_yolo_pose,SM-S906U1,GPU
2026-04-22 16:42:45.675,110.961,29.039,52.817,0.973,2.367,9.534,11.116,0.071,false,20.297,MODERATE,9,sequential_yolo_pose,SM-S906U1,GPU
2026-04-22 16:42:45.797,116.088,20.432,53.508,1.350,3.049,13.816,10.643,0.046,false,20.328,MODERATE,9,sequential_yolo_pose,SM-S906U1,GPU
2026-04-22 16:42:45.913,108.827,23.258,57.196,1.063,2.434,9.014,12.633,0.045,false,20.418,MODERATE,9,sequential_yolo_pose,SM-S906U1,GPU
2026-04-22 16:42:46.034,116.514,28.161,53.980,1.118,4.058,12.558,12.171,0.051,false,20.422,MODERATE,9,sequential_yolo_pose,SM-S906U1,GPU
2026-04-22 16:42:46.159,114.236,27.670,55.185,1.268,2.848,10.466,12.145,0.048,false,20.328,MODERATE,9,sequential_yolo_pose,SM-S906U1,GPU
2026-04-22 16:42:46.274,110.611,27.584,53.595,0.905,2.095,7.621,13.123,0.058,false,20.266,MODERATE,9,sequential_yolo_pose,SM-S906U1,GPU
2026-04-22 16:42:46.390,110.129,24.484,54.065,0.615,4.014,11.448,10.028,0.047,false,20.481,MODERATE,8,sequential_yolo_pose,SM-S906U1,GPU
2026-04-22 16:42:46.501,105.950,26.877,54.340,0.515,1.452,5.343,13.346,0.046,false,20.363,MODERATE,8,sequential_yolo_pose,SM-S906U1,GPU
2026-04-22 16:42:46.617,111.891,27.264,57.499,0.722,2.316,9.855,10.162,0.052,false,20.418,MODERATE,8,sequential_yolo_pose,SM-S906U1,GPU
2026-04-22 16:42:46.734,111.747,27.564,53.730,0.828,3.009,9.014,13.400,0.053,false,20.359,MODERATE,8,sequential_yolo_pose,SM-S906U1,GPU
2026-04-22 16:42:46.851,111.072,26.241,54.257,0.835,2.279,10.092,13.073,0.054,false,20.297,MODERATE,8,sequential_yolo_pose,SM-S906U1,GPU
2026-04-22 16:42:46.974,118.007,29.212,54.822,1.120,3.005,11.185,12.879,0.064,false,20.352,MODERATE,8,sequential_yolo_pose,SM-S906U1,GPU
2026-04-22 16:42:47.086,105.884,23.971,54.710,0.854,2.320,9.213,10.819,0.055,false,20.359,MODERATE,8,sequential_yolo_pose,SM-S906U1,GPU
2026-04-22 16:42:47.207,115.300,29.576,55.182,0.750,2.620,9.750,13.259,0.065,false,20.363,MODERATE,8,sequential_yolo_pose,SM-S906U1,GPU
2026-04-22 16:42:47.328,114.892,27.009,54.718,1.166,3.826,12.447,11.490,0.051,false,20.328,MODERATE,8,sequential_yolo_pose,SM-S906U1,GPU
2026-04-22 16:42:47.448,113.381,24.540,54.316,0.660,1.759,10.746,14.433,0.071,false,20.359,MODERATE,9,sequential_yolo_pose,SM-S906U1,GPU
2026-04-22 16:42:47.568,113.734,28.313,55.458,1.583,4.115,7.596,11.075,0.068,false,20.391,MODERATE,9,sequential_yolo_pose,SM-S906U1,GPU
2026-04-22 16:42:47.696,116.087,27.043,53.154,1.088,2.861,16.352,11.245,0.051,false,20.391,MODERATE,9,sequential_yolo_pose,SM-S906U1,GPU
2026-04-22 16:42:47.809,108.270,24.426,54.297,0.705,1.436,5.442,16.253,0.038,false,20.297,MODERATE,9,sequential_yolo_pose,SM-S906U1,GPU
2026-04-22 16:42:47.931,116.211,29.190,55.754,1.095,2.514,11.920,11.775,0.053,false,20.328,MODERATE,9,sequential_yolo_pose,SM-S906U1,GPU
2026-04-22 16:42:48.051,112.109,28.938,51.782,1.067,2.430,9.959,12.980,0.052,false,20.359,MODERATE,9,sequential_yolo_pose,SM-S906U1,GPU
2026-04-22 16:42:48.167,111.178,26.949,52.419,1.291,2.437,9.599,10.728,0.045,false,20.328,MODERATE,9,sequential_yolo_pose,SM-S906U1,GPU
2026-04-22 16:42:48.287,114.844,29.217,53.358,1.174,2.500,9.079,14.487,0.052,false,20.328,MODERATE,9,sequential_yolo_pose,SM-S906U1,GPU
2026-04-22 16:42:48.404,111.817,27.945,56.755,1.366,1.969,5.379,12.469,0.050,false,20.418,MODERATE,8,sequential_yolo_pose,SM-S906U1,GPU
2026-04-22 16:42:48.507,96.575,22.028,52.437,0.639,1.343,5.368,11.413,0.067,false,20.363,MODERATE,8,sequential_yolo_pose,SM-S906U1,GPU
2026-04-22 16:42:48.635,119.152,29.942,53.704,1.299,3.152,14.984,11.379,0.046,false,20.359,MODERATE,8,sequential_yolo_pose,SM-S906U1,GPU
2026-04-22 16:42:48.756,110.076,28.975,53.563,0.660,1.541,9.222,11.901,0.052,false,20.328,MODERATE,8,sequential_yolo_pose,SM-S906U1,GPU
2026-04-22 16:42:48.865,104.681,28.734,54.513,0.563,1.302,5.248,10.050,0.048,false,20.387,MODERATE,8,sequential_yolo_pose,SM-S906U1,GPU
2026-04-22 16:42:48.985,110.831,26.250,52.731,0.570,1.360,7.468,19.322,0.050,false,20.297,MODERATE,8,sequential_yolo_pose,SM-S906U1,GPU
2026-04-22 16:42:49.099,109.347,30.095,54.636,0.933,2.025,6.446,10.992,0.031,false,20.352,MODERATE,8,sequential_yolo_pose,SM-S906U1,GPU
2026-04-22 16:42:49.217,110.729,28.419,52.754,0.742,1.889,7.314,13.233,0.067,false,20.328,MODERATE,8,sequential_yolo_pose,SM-S906U1,GPU
2026-04-22 16:42:49.330,108.534,25.012,56.014,1.371,5.140,5.753,10.705,0.046,false,20.297,MODERATE,8,sequential_yolo_pose,SM-S906U1,GPU
2026-04-22 16:42:49.440,105.469,30.766,53.922,0.599,1.261,4.962,9.948,0.062,false,20.328,MODERATE,9,sequential_yolo_pose,SM-S906U1,GPU
2026-04-22 16:42:49.552,106.772,25.836,54.778,0.738,2.030,8.960,10.212,0.053,false,20.328,MODERATE,9,sequential_yolo_pose,SM-S906U1,GPU
2026-04-22 16:42:49.662,105.069,26.012,54.261,0.995,2.213,7.162,10.267,0.050,false,20.297,MODERATE,9,sequential_yolo_pose,SM-S906U1,GPU
2026-04-22 16:42:49.787,120.099,27.385,56.784,1.062,2.796,12.239,15.433,0.057,false,20.328,MODERATE,9,sequential_yolo_pose,SM-S906U1,GPU
2026-04-22 16:42:49.901,108.122,27.243,53.174,1.009,2.450,7.476,11.218,0.050,false,20.328,MODERATE,9,sequential_yolo_pose,SM-S906U1,GPU
2026-04-22 16:42:50.023,112.316,27.440,53.788,0.902,2.613,11.514,11.623,0.068,false,20.359,MODERATE,9,sequential_yolo_pose,SM-S906U1,GPU
2026-04-22 16:42:50.148,119.600,28.505,55.823,0.699,2.541,9.592,17.837,0.043,false,20.383,MODERATE,9,sequential_yolo_pose,SM-S906U1,GPU
2026-04-22 16:42:50.268,115.512,29.340,53.768,0.913,2.844,12.072,12.227,0.065,false,20.359,MODERATE,9,sequential_yolo_pose,SM-S906U1,GPU
2026-04-22 16:42:50.384,104.360,22.042,53.649,0.993,2.418,10.531,11.098,0.057,false,20.328,MODERATE,9,sequential_yolo_pose,SM-S906U1,GPU
2026-04-22 16:42:50.498,109.450,29.549,52.951,1.365,3.397,6.763,11.151,0.060,false,20.297,MODERATE,9,sequential_yolo_pose,SM-S906U1,GPU
2026-04-22 16:42:50.618,113.819,24.113,55.622,0.553,1.602,11.236,16.315,0.045,false,20.391,MODERATE,9,sequential_yolo_pose,SM-S906U1,GPU
2026-04-22 16:42:50.733,110.872,26.131,53.994,0.767,3.430,9.156,10.781,0.048,false,20.391,MODERATE,9,sequential_yolo_pose,SM-S906U1,GPU
2026-04-22 16:42:50.853,114.234,30.049,53.558,0.929,2.430,12.042,10.696,0.050,false,20.297,MODERATE,9,sequential_yolo_pose,SM-S906U1,GPU
2026-04-22 16:42:50.972,114.505,28.625,52.309,0.914,2.961,11.891,13.345,0.066,false,20.328,MODERATE,9,sequential_yolo_pose,SM-S906U1,GPU
2026-04-22 16:42:51.094,109.324,27.406,52.502,0.753,1.758,11.842,10.916,0.051,false,20.328,MODERATE,9,sequential_yolo_pose,SM-S906U1,GPU
2026-04-22 16:42:51.214,115.643,28.179,54.078,0.656,2.484,10.153,14.700,0.044,false,20.359,MODERATE,9,sequential_yolo_pose,SM-S906U1,GPU
2026-04-22 16:42:51.326,106.546,26.368,53.523,0.824,2.893,8.870,9.989,0.035,false,20.387,MODERATE,9,sequential_yolo_pose,SM-S906U1,GPU
2026-04-22 16:42:51.442,107.211,29.025,55.821,0.530,1.437,5.389,11.079,0.054,false,20.453,MODERATE,8,sequential_yolo_pose,SM-S906U1,GPU
2026-04-22 16:42:51.553,106.340,23.280,55.962,0.593,2.685,9.243,11.262,0.031,false,20.332,MODERATE,8,sequential_yolo_pose,SM-S906U1,GPU
2026-04-22 16:42:51.665,108.334,25.988,56.042,1.233,5.219,5.227,10.284,0.033,false,20.266,MODERATE,8,sequential_yolo_pose,SM-S906U1,GPU
2026-04-22 16:42:51.784,109.074,22.860,54.804,0.430,1.387,10.870,14.505,0.035,false,20.328,MODERATE,8,sequential_yolo_pose,SM-S906U1,GPU
2026-04-22 16:42:51.900,110.138,26.509,54.245,0.619,2.456,10.165,11.859,0.032,false,20.359,MODERATE,8,sequential_yolo_pose,SM-S906U1,GPU
2026-04-22 16:42:52.017,109.696,29.123,52.290,0.666,2.560,9.447,11.045,0.042,false,20.266,MODERATE,8,sequential_yolo_pose,SM-S906U1,GPU
2026-04-22 16:42:52.132,109.929,24.880,54.092,1.461,3.900,10.369,11.116,0.051,false,20.383,MODERATE,8,sequential_yolo_pose,SM-S906U1,GPU
2026-04-22 16:42:52.262,121.525,27.831,62.568,1.339,2.675,11.983,11.714,0.046,false,20.332,MODERATE,8,sequential_yolo_pose,SM-S906U1,GPU
2026-04-22 16:42:52.378,109.415,28.180,51.120,0.962,2.583,9.489,11.935,0.073,false,20.328,MODERATE,8,sequential_yolo_pose,SM-S906U1,GPU
2026-04-22 16:42:52.494,108.924,26.814,54.089,0.825,2.348,8.634,11.466,0.070,false,20.398,MODERATE,9,sequential_yolo_pose,SM-S906U1,GPU
2026-04-22 16:42:52.617,116.196,28.251,54.149,0.906,2.486,13.338,12.843,0.050,false,20.328,MODERATE,9,sequential_yolo_pose,SM-S906U1,GPU
2026-04-22 16:42:52.733,109.851,27.389,54.358,1.096,4.063,7.782,10.918,0.079,false,20.297,MODERATE,9,sequential_yolo_pose,SM-S906U1,GPU
2026-04-22 16:42:52.850,111.293,27.456,56.089,0.594,1.414,6.191,15.387,0.040,false,20.328,MODERATE,9,sequential_yolo_pose,SM-S906U1,GPU
2026-04-22 16:42:52.965,111.943,27.962,53.673,3.618,2.514,8.926,10.904,0.053,false,20.266,MODERATE,9,sequential_yolo_pose,SM-S906U1,GPU
2026-04-22 16:42:53.086,114.749,25.268,55.671,0.982,2.465,9.860,15.648,0.042,false,20.449,MODERATE,9,sequential_yolo_pose,SM-S906U1,GPU
2026-04-22 16:42:53.188,97.511,21.293,53.622,0.699,1.484,6.980,9.466,0.046,false,20.297,MODERATE,9,sequential_yolo_pose,SM-S906U1,GPU
2026-04-22 16:42:53.299,106.108,30.005,52.080,2.455,1.699,6.192,9.928,0.062,false,20.266,MODERATE,9,sequential_yolo_pose,SM-S906U1,GPU
2026-04-22 16:42:53.412,107.490,22.356,55.178,0.768,1.711,7.470,16.662,0.045,false,20.363,MODERATE,9,sequential_yolo_pose,SM-S906U1,GPU
2026-04-22 16:42:53.530,112.785,28.515,53.649,0.780,2.307,12.295,10.993,0.045,false,20.359,MODERATE,9,sequential_yolo_pose,SM-S906U1,GPU
2026-04-22 16:42:53.644,106.587,27.462,52.009,0.609,1.371,5.680,11.748,0.052,false,20.328,MODERATE,9,sequential_yolo_pose,SM-S906U1,GPU
2026-04-22 16:42:53.765,114.681,26.543,55.680,1.110,3.011,13.008,10.533,0.048,false,20.391,MODERATE,9,sequential_yolo_pose,SM-S906U1,GPU
2026-04-22 16:42:53.893,121.592,26.532,54.143,1.500,3.142,18.418,11.104,0.051,false,20.363,MODERATE,9,sequential_yolo_pose,SM-S906U1,GPU
2026-04-22 16:42:54.009,110.333,27.944,53.477,0.864,2.400,9.361,12.108,0.059,false,20.363,MODERATE,9,sequential_yolo_pose,SM-S906U1,GPU
2026-04-22 16:42:54.127,108.402,22.941,55.055,1.013,4.833,7.744,12.616,0.049,false,14.492,MODERATE,9,sequential_yolo_pose,SM-S906U1,GPU
2026-04-22 16:42:54.252,118.834,32.797,52.346,1.270,2.899,10.875,13.928,0.058,false,21.535,MODERATE,9,sequential_yolo_pose,SM-S906U1,GPU
2026-04-22 16:42:54.370,111.978,26.598,54.449,1.087,2.585,9.647,10.626,1.149,false,38.574,MODERATE,9,sequential_yolo_pose,SM-S906U1,GPU
2026-04-22 16:42:54.481,102.388,27.134,52.971,0.710,1.355,5.173,10.485,0.046,false,20.543,MODERATE,8,sequential_yolo_pose,SM-S906U1,GPU
2026-04-22 16:42:54.589,103.332,24.574,52.770,0.727,7.082,5.165,9.761,0.031,false,20.395,MODERATE,8,sequential_yolo_pose,SM-S906U1,GPU
2026-04-22 16:42:54.700,104.297,25.553,55.150,0.469,1.494,6.871,11.416,0.050,false,20.422,MODERATE,8,sequential_yolo_pose,SM-S906U1,GPU
2026-04-22 16:42:54.817,110.821,23.182,60.016,0.514,1.622,6.120,13.713,0.042,false,20.359,MODERATE,8,sequential_yolo_pose,SM-S906U1,GPU
2026-04-22 16:42:54.926,103.170,22.328,56.373,0.584,1.612,7.934,10.870,0.040,false,20.391,MODERATE,8,sequential_yolo_pose,SM-S906U1,GPU
2026-04-22 16:42:55.034,104.102,28.517,53.769,0.472,1.363,5.344,10.381,0.058,false,20.234,MODERATE,8,sequential_yolo_pose,SM-S906U1,GPU
2026-04-22 16:42:55.149,108.335,25.659,54.935,0.641,1.688,8.786,11.440,0.048,false,20.328,MODERATE,8,sequential_yolo_pose,SM-S906U1,GPU
2026-04-22 16:42:55.257,103.676,23.608,55.315,0.478,1.770,6.330,10.676,0.026,false,14.398,MODERATE,8,sequential_yolo_pose,SM-S906U1,GPU
2026-04-22 16:42:55.371,109.849,26.368,58.739,0.511,1.763,6.478,12.656,0.040,false,21.567,MODERATE,8,sequential_yolo_pose,SM-S906U1,GPU
2026-04-22 16:42:55.483,107.833,23.590,54.312,0.447,1.289,10.419,14.172,0.056,false,13.461,MODERATE,9,sequential_yolo_pose,SM-S906U1,GPU
2026-04-22 16:42:55.594,105.914,22.687,53.795,0.641,4.553,9.646,11.104,0.054,false,20.481,MODERATE,9,sequential_yolo_pose,SM-S906U1,GPU
2026-04-22 16:42:55.701,101.594,24.788,52.873,0.735,2.109,7.157,10.237,0.040,false,20.332,MODERATE,9,sequential_yolo_pose,SM-S906U1,GPU
2026-04-22 16:42:55.809,103.112,23.353,56.678,0.622,1.782,6.436,10.542,0.044,false,20.297,MODERATE,9,sequential_yolo_pose,SM-S906U1,GPU
2026-04-22 16:42:55.923,109.220,24.684,60.030,0.563,2.735,6.866,10.781,0.051,false,20.266,MODERATE,9,sequential_yolo_pose,SM-S906U1,GPU
2026-04-22 16:42:56.038,109.756,25.408,60.022,0.643,1.877,6.067,11.719,0.038,false,20.391,MODERATE,9,sequential_yolo_pose,SM-S906U1,GPU
2026-04-22 16:42:56.150,107.575,24.144,58.327,0.605,1.682,6.407,12.374,0.040,false,20.391,MODERATE,9,sequential_yolo_pose,SM-S906U1,GPU
2026-04-22 16:42:56.261,106.709,24.687,58.829,0.513,3.056,6.596,9.722,0.026,false,20.328,MODERATE,9,sequential_yolo_pose,SM-S906U1,GPU
2026-04-22 16:42:56.374,107.456,25.970,56.846,0.628,1.805,6.436,12.055,0.054,false,20.270,MODERATE,9,sequential_yolo_pose,SM-S906U1,GPU
2026-04-22 16:42:56.488,109.268,23.558,58.070,0.594,1.638,8.681,13.270,0.040,false,20.481,MODERATE,9,sequential_yolo_pose,SM-S906U1,GPU
2026-04-22 16:42:56.597,105.131,22.838,59.712,0.605,1.745,6.191,10.643,0.066,false,20.391,MODERATE,9,sequential_yolo_pose,SM-S906U1,GPU
2026-04-22 16:42:56.720,115.805,24.652,56.766,0.806,2.603,8.430,18.608,0.057,false,20.332,MODERATE,9,sequential_yolo_pose,SM-S906U1,GPU
2026-04-22 16:42:56.834,109.824,25.770,54.079,1.161,3.071,7.423,12.848,0.051,false,20.359,MODERATE,9,sequential_yolo_pose,SM-S906U1,GPU
2026-04-22 16:42:56.958,111.398,26.612,52.727,1.223,2.916,12.048,11.704,0.046,false,20.391,MODERATE,9,sequential_yolo_pose,SM-S906U1,GPU
2026-04-22 16:42:57.080,118.223,34.008,53.843,0.604,2.400,10.618,12.157,0.052,false,20.328,MODERATE,9,sequential_yolo_pose,SM-S906U1,GPU
2026-04-22 16:42:57.199,113.783,27.262,55.882,1.441,3.049,9.953,10.883,0.052,false,20.328,MODERATE,9,sequential_yolo_pose,SM-S906U1,GPU
2026-04-22 16:42:57.313,108.852,27.300,55.906,0.580,1.576,7.661,11.422,0.059,false,20.297,MODERATE,9,sequential_yolo_pose,SM-S906U1,GPU
2026-04-22 16:42:57.434,115.383,29.883,53.881,1.302,2.919,10.743,11.853,0.050,false,20.328,MODERATE,9,sequential_yolo_pose,SM-S906U1,GPU
2026-04-22 16:42:57.562,121.135,29.186,54.447,0.884,2.678,16.272,11.158,0.046,false,20.328,MODERATE,9,sequential_yolo_pose,SM-S906U1,GPU
2026-04-22 16:42:57.677,110.268,28.725,54.499,0.549,1.713,5.303,14.841,0.053,false,20.363,MODERATE,9,sequential_yolo_pose,SM-S906U1,GPU
2026-04-22 16:42:57.800,118.203,25.238,55.696,1.187,3.888,16.279,11.374,0.061,false,20.391,MODERATE,9,sequential_yolo_pose,SM-S906U1,GPU
2026-04-22 16:42:57.918,114.259,28.891,56.972,0.979,2.352,9.486,10.927,0.062,false,20.332,MODERATE,9,sequential_yolo_pose,SM-S906U1,GPU
2026-04-22 16:42:58.034,111.687,25.257,55.639,1.182,4.372,10.058,10.479,0.058,false,20.301,MODERATE,9,sequential_yolo_pose,SM-S906U1,GPU
2026-04-22 16:42:58.165,115.209,25.318,53.632,1.228,5.910,13.459,11.485,0.047,false,20.328,MODERATE,9,sequential_yolo_pose,SM-S906U1,GPU
2026-04-22 16:42:58.279,107.876,24.034,54.675,1.211,2.179,8.271,12.882,0.054,false,20.332,MODERATE,9,sequential_yolo_pose,SM-S906U1,GPU
2026-04-22 16:42:58.398,114.266,26.806,54.752,1.234,3.147,13.928,10.169,0.050,false,20.328,MODERATE,9,sequential_yolo_pose,SM-S906U1,GPU
2026-04-22 16:42:58.514,110.399,27.028,55.891,0.627,1.419,5.930,15.072,0.054,false,20.520,MODERATE,8,sequential_yolo_pose,SM-S906U1,GPU
2026-04-22 16:42:58.630,112.303,25.994,53.291,1.198,2.901,10.038,15.084,0.051,false,20.332,MODERATE,8,sequential_yolo_pose,SM-S906U1,GPU
2026-04-22 16:42:58.750,113.757,27.183,57.672,0.778,2.388,9.111,11.749,0.077,false,20.270,MODERATE,8,sequential_yolo_pose,SM-S906U1,GPU
2026-04-22 16:42:58.866,110.473,27.168,54.610,1.027,4.610,7.253,11.568,0.062,false,20.289,MODERATE,8,sequential_yolo_pose,SM-S906U1,GPU
2026-04-22 16:42:58.981,110.211,30.392,52.773,0.523,2.048,8.613,11.294,0.047,false,20.266,MODERATE,8,sequential_yolo_pose,SM-S906U1,GPU
2026-04-22 16:42:59.101,114.177,27.449,55.335,1.276,2.875,11.960,11.225,0.042,false,20.395,MODERATE,8,sequential_yolo_pose,SM-S906U1,GPU
2026-04-22 16:42:59.210,103.478,24.610,57.826,0.358,1.355,4.878,10.047,0.036,false,20.266,MODERATE,8,sequential_yolo_pose,SM-S906U1,GPU
2026-04-22 16:42:59.334,119.398,27.461,56.537,1.206,3.298,13.685,12.755,0.058,false,20.328,MODERATE,8,sequential_yolo_pose,SM-S906U1,GPU
2026-04-22 16:42:59.447,105.919,28.161,56.666,0.537,1.389,5.063,9.880,0.056,false,20.266,MODERATE,8,sequential_yolo_pose,SM-S906U1,GPU
2026-04-22 16:42:59.563,110.878,30.778,54.228,0.788,3.046,7.530,9.923,0.046,false,20.395,MODERATE,9,sequential_yolo_pose,SM-S906U1,GPU
2026-04-22 16:42:59.677,109.102,26.584,58.442,0.451,1.450,6.583,11.189,0.053,false,20.359,MODERATE,9,sequential_yolo_pose,SM-S906U1,GPU
2026-04-22 16:42:59.790,108.710,26.758,52.462,1.093,5.631,7.253,11.308,0.049,false,20.359,MODERATE,9,sequential_yolo_pose,SM-S906U1,GPU
2026-04-22 16:42:59.907,110.467,28.939,52.819,0.862,2.668,8.382,12.426,0.057,false,20.297,MODERATE,9,sequential_yolo_pose,SM-S906U1,GPU
2026-04-22 16:43:00.030,113.665,29.481,53.940,1.009,3.204,8.745,12.410,0.048,false,20.359,MODERATE,9,sequential_yolo_pose,SM-S906U1,GPU
2026-04-22 16:43:00.157,120.328,30.761,56.613,0.820,3.301,11.577,12.564,0.046,false,20.328,MODERATE,9,sequential_yolo_pose,SM-S906U1,GPU
2026-04-22 16:43:00.272,109.503,28.897,52.793,1.011,2.475,8.431,11.608,0.057,false,20.266,MODERATE,9,sequential_yolo_pose,SM-S906U1,GPU
2026-04-22 16:43:00.393,112.629,26.764,55.000,0.475,4.099,10.851,10.496,0.052,false,20.359,MODERATE,9,sequential_yolo_pose,SM-S906U1,GPU
2026-04-22 16:43:00.507,108.605,29.553,52.857,0.511,1.736,6.688,12.275,0.049,false,20.359,MODERATE,8,sequential_yolo_pose,SM-S906U1,GPU
2026-04-22 16:43:00.628,113.537,28.426,52.373,1.098,4.901,9.586,12.917,0.050,false,20.395,MODERATE,8,sequential_yolo_pose,SM-S906U1,GPU
2026-04-22 16:43:00.743,108.186,24.754,56.205,0.643,1.829,7.265,11.236,0.043,false,20.328,MODERATE,8,sequential_yolo_pose,SM-S906U1,GPU
2026-04-22 16:43:00.861,112.703,29.231,52.023,1.057,5.790,9.400,11.027,0.067,false,14.492,MODERATE,8,sequential_yolo_pose,SM-S906U1,GPU
2026-04-22 16:43:00.990,123.904,30.769,53.492,1.104,2.735,14.982,12.708,0.075,false,21.547,MODERATE,8,sequential_yolo_pose,SM-S906U1,GPU
2026-04-22 16:43:01.102,107.424,24.006,57.969,0.910,2.319,7.084,10.836,0.035,false,38.461,MODERATE,8,sequential_yolo_pose,SM-S906U1,GPU
2026-04-22 16:43:01.218,107.293,27.450,54.412,0.525,1.480,6.720,12.874,0.048,false,20.379,MODERATE,8,sequential_yolo_pose,SM-S906U1,GPU
2026-04-22 16:43:01.335,110.505,29.148,55.260,0.884,2.160,6.925,12.218,0.039,false,20.328,MODERATE,8,sequential_yolo_pose,SM-S906U1,GPU
2026-04-22 16:43:01.449,107.587,22.416,54.274,0.836,2.112,9.065,15.790,0.053,false,20.352,MODERATE,8,sequential_yolo_pose,SM-S906U1,GPU
2026-04-22 16:43:01.568,113.528,28.150,56.734,1.155,2.449,9.158,11.304,0.054,false,20.438,MODERATE,9,sequential_yolo_pose,SM-S906U1,GPU
2026-04-22 16:43:01.683,108.537,23.505,55.519,0.609,1.439,8.331,12.650,0.036,false,20.332,MODERATE,9,sequential_yolo_pose,SM-S906U1,GPU
2026-04-22 16:43:01.800,113.508,25.531,56.750,1.114,2.577,11.508,11.419,0.064,false,20.422,MODERATE,9,sequential_yolo_pose,SM-S906U1,GPU
2026-04-22 16:43:01.923,115.404,25.327,57.305,1.591,2.620,7.229,16.144,0.040,false,20.398,MODERATE,9,sequential_yolo_pose,SM-S906U1,GPU
2026-04-22 16:43:02.042,114.119,29.460,54.691,1.048,2.237,8.376,13.955,0.051,false,20.332,MODERATE,9,sequential_yolo_pose,SM-S906U1,GPU
2026-04-22 16:43:02.163,114.469,25.318,54.455,1.642,2.862,11.787,12.832,0.037,false,20.359,MODERATE,9,sequential_yolo_pose,SM-S906U1,GPU
2026-04-22 16:43:02.290,121.640,28.741,52.389,1.523,3.217,15.163,12.890,0.033,false,20.328,MODERATE,9,sequential_yolo_pose,SM-S906U1,GPU
2026-04-22 16:43:02.407,112.394,30.094,54.739,1.144,2.424,8.433,11.497,0.038,false,20.266,MODERATE,9,sequential_yolo_pose,SM-S906U1,GPU
2026-04-22 16:43:02.532,118.053,26.287,54.487,1.548,9.194,8.875,12.403,0.034,false,20.391,MODERATE,8,sequential_yolo_pose,SM-S906U1,GPU
2026-04-22 16:43:02.656,113.823,27.047,52.451,1.231,2.609,13.273,11.242,0.048,false,20.363,MODERATE,8,sequential_yolo_pose,SM-S906U1,GPU
2026-04-22 16:43:02.768,107.567,25.974,54.255,1.212,2.520,8.500,10.977,0.032,false,20.332,MODERATE,8,sequential_yolo_pose,SM-S906U1,GPU
2026-04-22 16:43:02.894,115.170,24.020,54.563,0.602,2.219,16.659,12.661,0.054,false,20.352,MODERATE,8,sequential_yolo_pose,SM-S906U1,GPU
2026-04-22 16:43:03.011,111.143,25.390,52.231,0.666,1.998,5.452,18.965,0.046,false,20.426,MODERATE,8,sequential_yolo_pose,SM-S906U1,GPU
2026-04-22 16:43:03.120,105.584,25.040,54.477,0.743,1.681,7.589,12.139,0.047,false,20.395,MODERATE,8,sequential_yolo_pose,SM-S906U1,GPU
2026-04-22 16:43:03.237,110.772,28.975,56.507,0.894,1.523,6.998,11.801,0.055,false,20.332,MODERATE,8,sequential_yolo_pose,SM-S906U1,GPU
2026-04-22 16:43:03.358,116.913,27.164,55.583,0.981,3.994,12.246,10.984,0.042,false,20.391,MODERATE,8,sequential_yolo_pose,SM-S906U1,GPU
2026-04-22 16:43:03.473,110.127,26.102,52.926,0.909,2.936,10.161,12.984,0.065,false,20.332,MODERATE,8,sequential_yolo_pose,SM-S906U1,GPU
2026-04-22 16:43:03.593,111.758,23.861,54.325,1.390,4.567,13.067,10.432,0.050,false,20.422,MODERATE,9,sequential_yolo_pose,SM-S906U1,GPU
2026-04-22 16:43:03.712,114.133,29.872,53.792,0.859,2.230,8.126,14.829,0.059,false,20.301,MODERATE,9,sequential_yolo_pose,SM-S906U1,GPU
2026-04-22 16:43:03.826,109.604,28.095,54.075,0.945,2.744,9.340,10.419,0.048,false,20.266,MODERATE,9,sequential_yolo_pose,SM-S906U1,GPU
2026-04-22 16:43:03.941,110.056,28.408,55.573,0.914,2.193,7.032,11.282,0.045,false,20.266,MODERATE,9,sequential_yolo_pose,SM-S906U1,GPU
2026-04-22 16:43:04.051,105.626,24.165,56.115,0.528,1.696,8.947,10.855,0.041,false,20.320,MODERATE,9,sequential_yolo_pose,SM-S906U1,GPU
2026-04-22 16:43:04.180,125.122,29.227,53.169,1.326,8.648,8.955,19.655,0.047,false,20.484,MODERATE,9,sequential_yolo_pose,SM-S906U1,GPU
2026-04-22 16:43:04.296,111.666,30.428,51.627,0.986,2.895,10.662,11.054,0.055,false,20.297,MODERATE,9,sequential_yolo_pose,SM-S906U1,GPU
2026-04-22 16:43:04.411,109.904,25.915,53.075,0.591,1.309,5.507,17.644,0.032,false,20.391,MODERATE,9,sequential_yolo_pose,SM-S906U1,GPU
2026-04-22 16:43:04.518,103.879,21.728,54.013,0.794,1.923,11.143,11.362,0.059,false,20.391,MODERATE,9,sequential_yolo_pose,SM-S906U1,GPU
2026-04-22 16:43:04.635,112.030,28.249,52.971,1.204,2.840,11.072,11.230,0.065,false,20.332,MODERATE,9,sequential_yolo_pose,SM-S906U1,GPU
2026-04-22 16:43:04.760,116.062,29.075,52.974,1.110,3.095,14.722,10.510,0.051,false,20.359,MODERATE,9,sequential_yolo_pose,SM-S906U1,GPU
2026-04-22 16:43:04.875,110.739,27.963,54.470,0.830,2.141,8.373,12.808,0.053,false,20.332,MODERATE,9,sequential_yolo_pose,SM-S906U1,GPU
2026-04-22 16:43:04.995,112.996,25.531,53.607,0.970,3.291,11.604,13.975,0.054,false,20.328,MODERATE,9,sequential_yolo_pose,SM-S906U1,GPU
2026-04-22 16:43:05.120,119.038,29.119,58.115,1.018,2.771,10.029,12.663,0.053,false,20.328,MODERATE,9,sequential_yolo_pose,SM-S906U1,GPU
2026-04-22 16:43:05.231,106.353,28.785,52.371,0.763,2.855,6.407,10.110,0.037,false,20.297,MODERATE,9,sequential_yolo_pose,SM-S906U1,GPU
2026-04-22 16:43:05.346,111.095,28.382,56.283,0.557,1.489,7.537,12.809,0.063,false,20.266,MODERATE,9,sequential_yolo_pose,SM-S906U1,GPU
2026-04-22 16:43:05.463,113.097,27.086,55.571,0.822,2.514,12.616,10.533,0.049,false,20.328,MODERATE,9,sequential_yolo_pose,SM-S906U1,GPU
2026-04-22 16:43:05.574,107.644,28.882,55.104,0.418,1.420,5.024,11.208,0.051,false,20.457,MODERATE,8,sequential_yolo_pose,SM-S906U1,GPU
2026-04-22 16:43:05.690,110.384,25.923,53.838,1.297,3.341,11.370,10.477,0.051,false,20.352,MODERATE,8,sequential_yolo_pose,SM-S906U1,GPU
2026-04-22 16:43:05.809,112.996,28.383,52.335,1.185,2.359,8.938,15.148,0.041,false,20.328,MODERATE,8,sequential_yolo_pose,SM-S906U1,GPU
2026-04-22 16:43:05.933,117.315,28.505,53.616,1.070,2.730,15.943,10.693,0.058,false,20.359,MODERATE,8,sequential_yolo_pose,SM-S906U1,GPU
2026-04-22 16:43:06.048,110.248,25.425,54.418,1.248,2.107,7.865,14.619,0.097,false,20.332,MODERATE,8,sequential_yolo_pose,SM-S906U1,GPU
2026-04-22 16:43:06.164,110.890,29.026,53.451,1.324,2.745,9.289,10.678,0.050,false,20.297,MODERATE,8,sequential_yolo_pose,SM-S906U1,GPU
2026-04-22 16:43:06.293,119.575,28.828,56.566,1.200,2.582,14.342,11.112,0.058,false,20.328,MODERATE,8,sequential_yolo_pose,SM-S906U1,GPU
2026-04-22 16:43:06.413,114.777,27.666,56.482,0.979,2.246,8.591,12.205,0.059,false,20.301,MODERATE,8,sequential_yolo_pose,SM-S906U1,GPU
2026-04-22 16:43:06.536,117.448,27.392,53.755,1.572,4.150,14.397,11.363,0.042,false,20.391,MODERATE,8,sequential_yolo_pose,SM-S906U1,GPU
2026-04-22 16:43:06.668,123.093,25.561,57.313,1.381,2.922,18.899,12.421,0.136,false,20.332,MODERATE,8,sequential_yolo_pose,SM-S906U1,GPU
2026-04-22 16:43:06.788,109.370,27.798,53.018,0.704,1.504,8.760,13.067,0.033,false,20.359,MODERATE,8,sequential_yolo_pose,SM-S906U1,GPU
2026-04-22 16:43:06.903,110.301,29.909,52.462,1.212,2.579,9.335,10.162,0.031,false,20.297,MODERATE,8,sequential_yolo_pose,SM-S906U1,GPU
2026-04-22 16:43:07.030,120.192,28.439,53.432,1.109,2.240,13.852,11.364,0.030,false,20.359,MODERATE,8,sequential_yolo_pose,SM-S906U1,GPU
2026-04-22 16:43:07.149,113.819,28.018,56.394,1.021,2.241,8.263,10.644,0.033,false,20.270,MODERATE,8,sequential_yolo_pose,SM-S906U1,GPU
2026-04-22 16:43:07.263,107.629,26.478,53.806,1.400,3.119,8.191,10.351,0.055,false,20.391,MODERATE,8,sequential_yolo_pose,SM-S906U1,GPU
2026-04-22 16:43:07.379,111.324,23.541,54.108,0.698,1.323,6.848,15.263,0.031,false,20.383,MODERATE,8,sequential_yolo_pose,SM-S906U1,GPU
2026-04-22 16:43:07.502,116.954,27.655,53.070,1.434,2.725,15.045,12.544,0.035,false,20.395,MODERATE,8,sequential_yolo_pose,SM-S906U1,GPU
2026-04-22 16:43:07.613,103.612,23.966,54.057,0.824,1.744,6.412,12.445,0.065,false,20.434,MODERATE,9,sequential_yolo_pose,SM-S906U1,GPU
2026-04-22 16:43:07.733,116.159,27.242,53.584,1.328,2.909,14.166,12.354,0.037,false,20.352,MODERATE,9,sequential_yolo_pose,SM-S906U1,GPU
2026-04-22 16:43:07.843,101.845,21.182,52.755,0.632,1.671,7.497,14.180,0.061,false,20.359,MODERATE,9,sequential_yolo_pose,SM-S906U1,GPU
2026-04-22 16:43:07.959,110.751,27.341,53.354,0.571,2.271,10.633,11.459,0.048,false,20.328,MODERATE,9,sequential_yolo_pose,SM-S906U1,GPU
2026-04-22 16:43:08.072,108.335,29.487,53.781,0.579,1.526,5.300,13.201,0.040,false,20.297,MODERATE,9,sequential_yolo_pose,SM-S906U1,GPU
2026-04-22 16:43:08.185,109.423,21.051,54.364,1.286,2.905,12.558,13.336,0.052,false,20.418,MODERATE,9,sequential_yolo_pose,SM-S906U1,GPU
2026-04-22 16:43:08.304,112.948,27.462,53.700,1.141,2.805,9.723,13.458,0.052,false,20.363,MODERATE,9,sequential_yolo_pose,SM-S906U1,GPU
2026-04-22 16:43:08.392,82.659,24.555,53.741,0.430,0.000,0.000,0.000,0.000,true,16.937,MODERATE,9,sequential_yolo_pose,SM-S906U1,GPU
2026-04-22 16:43:08.496,99.145,35.986,56.925,1.018,0.000,0.000,0.000,0.000,true,30.551,MODERATE,9,sequential_yolo_pose,SM-S906U1,GPU
2026-04-22 16:43:08.613,108.053,28.077,54.886,0.676,1.441,5.247,10.010,0.053,false,16.918,MODERATE,9,sequential_yolo_pose,SM-S906U1,GPU
2026-04-22 16:43:08.733,115.540,30.674,56.094,0.983,4.062,8.939,10.812,0.047,false,20.301,MODERATE,9,sequential_yolo_pose,SM-S906U1,GPU
2026-04-22 16:43:08.848,106.879,24.716,55.178,0.604,1.408,6.188,14.791,0.055,false,20.297,MODERATE,9,sequential_yolo_pose,SM-S906U1,GPU
2026-04-22 16:43:08.974,119.180,27.630,52.534,1.286,2.814,17.200,13.116,0.048,false,20.359,MODERATE,9,sequential_yolo_pose,SM-S906U1,GPU
2026-04-22 16:43:09.096,115.857,24.979,54.244,1.305,5.525,11.118,14.807,0.053,false,20.363,MODERATE,9,sequential_yolo_pose,SM-S906U1,GPU
2026-04-22 16:43:09.218,113.903,28.594,53.071,0.905,2.049,7.101,17.050,0.056,false,20.328,MODERATE,9,sequential_yolo_pose,SM-S906U1,GPU
2026-04-22 16:43:09.332,107.379,28.350,52.858,1.023,1.886,7.553,11.544,0.049,false,20.270,MODERATE,9,sequential_yolo_pose,SM-S906U1,GPU
2026-04-22 16:43:09.461,120.978,26.405,54.058,1.328,3.806,16.731,11.467,0.048,false,20.359,MODERATE,9,sequential_yolo_pose,SM-S906U1,GPU
2026-04-22 16:43:09.584,117.965,31.819,60.095,0.575,1.820,8.168,11.181,0.042,false,20.395,MODERATE,8,sequential_yolo_pose,SM-S906U1,GPU
2026-04-22 16:43:09.691,102.646,21.039,53.650,0.991,3.859,9.231,10.244,0.069,false,20.379,MODERATE,8,sequential_yolo_pose,SM-S906U1,GPU
2026-04-22 16:43:09.806,110.449,29.869,55.495,0.917,2.503,6.570,10.591,0.064,false,20.270,MODERATE,8,sequential_yolo_pose,SM-S906U1,GPU
2026-04-22 16:43:09.924,111.215,23.988,56.450,0.967,2.592,13.242,10.653,0.054,false,20.328,MODERATE,8,sequential_yolo_pose,SM-S906U1,GPU
2026-04-22 16:43:10.035,105.541,29.696,54.061,0.492,1.421,5.314,10.392,0.067,false,20.270,MODERATE,8,sequential_yolo_pose,SM-S906U1,GPU
2026-04-22 16:43:10.163,122.644,29.156,55.530,1.231,10.519,9.332,12.485,0.045,false,20.402,MODERATE,8,sequential_yolo_pose,SM-S906U1,GPU
2026-04-22 16:43:10.284,116.579,28.211,56.456,0.998,2.464,9.401,13.105,0.056,false,20.359,MODERATE,8,sequential_yolo_pose,SM-S906U1,GPU
2026-04-22 16:43:10.398,108.521,29.908,51.376,1.466,2.734,7.186,11.492,0.049,false,20.328,MODERATE,8,sequential_yolo_pose,SM-S906U1,GPU
2026-04-22 16:43:10.518,113.634,28.676,55.575,0.575,1.824,11.112,10.945,0.052,false,20.297,MODERATE,8,sequential_yolo_pose,SM-S906U1,GPU
2026-04-22 16:43:10.633,110.404,28.764,52.475,2.055,2.301,8.780,11.838,0.039,false,20.539,MODERATE,9,sequential_yolo_pose,SM-S906U1,GPU
2026-04-22 16:43:10.750,109.242,29.162,52.604,0.874,2.052,7.980,10.929,0.071,false,20.328,MODERATE,9,sequential_yolo_pose,SM-S906U1,GPU
2026-04-22 16:43:10.870,113.823,27.965,53.605,1.081,2.984,10.548,13.618,0.055,false,20.359,MODERATE,9,sequential_yolo_pose,SM-S906U1,GPU
2026-04-22 16:43:10.991,111.395,25.636,55.632,1.154,2.332,9.248,13.288,0.061,false,20.328,MODERATE,9,sequential_yolo_pose,SM-S906U1,GPU
2026-04-22 16:43:11.105,109.044,27.641,53.921,0.984,2.126,7.591,12.441,0.042,false,20.363,MODERATE,9,sequential_yolo_pose,SM-S906U1,GPU
2026-04-22 16:43:11.222,106.016,27.475,54.469,0.881,2.151,7.023,10.032,0.038,false,20.266,MODERATE,9,sequential_yolo_pose,SM-S906U1,GPU
2026-04-22 16:43:11.341,114.586,32.341,53.371,1.203,2.822,9.235,11.438,0.049,false,20.363,MODERATE,9,sequential_yolo_pose,SM-S906U1,GPU
2026-04-22 16:43:11.462,113.426,27.325,55.529,1.281,2.772,11.925,10.641,0.049,false,20.297,MODERATE,9,sequential_yolo_pose,SM-S906U1,GPU
2026-04-22 16:43:11.570,103.204,23.858,53.261,1.033,1.739,4.995,11.892,0.061,false,20.332,MODERATE,9,sequential_yolo_pose,SM-S906U1,GPU
2026-04-22 16:43:11.685,110.566,27.700,53.902,0.976,2.240,11.408,10.301,0.047,false,20.297,MODERATE,9,sequential_yolo_pose,SM-S906U1,GPU
2026-04-22 16:43:11.805,114.814,27.889,52.131,1.344,2.525,12.085,12.693,0.116,false,20.328,MODERATE,9,sequential_yolo_pose,SM-S906U1,GPU
2026-04-22 16:43:11.926,112.496,25.870,53.876,1.386,2.560,9.860,14.674,0.035,false,20.391,MODERATE,9,sequential_yolo_pose,SM-S906U1,GPU
2026-04-22 16:43:12.040,110.810,24.270,57.921,1.321,2.119,8.274,13.700,0.044,false,20.383,MODERATE,9,sequential_yolo_pose,SM-S906U1,GPU
2026-04-22 16:43:12.156,109.205,22.408,56.674,1.405,2.879,10.336,12.317,0.036,false,20.441,MODERATE,9,sequential_yolo_pose,SM-S906U1,GPU
2026-04-22 16:43:12.271,109.105,26.966,56.326,1.217,1.920,5.830,12.425,0.037,false,20.356,MODERATE,9,sequential_yolo_pose,SM-S906U1,GPU
2026-04-22 16:43:12.389,108.156,26.652,51.157,0.852,2.859,8.981,13.484,0.051,false,20.297,MODERATE,9,sequential_yolo_pose,SM-S906U1,GPU
2026-04-22 16:43:12.507,113.252,28.724,55.212,1.095,2.529,9.193,12.162,0.058,false,20.387,MODERATE,9,sequential_yolo_pose,SM-S906U1,GPU
2026-04-22 16:43:12.627,112.006,28.263,53.687,0.887,6.580,8.437,10.026,0.053,false,20.488,MODERATE,8,sequential_yolo_pose,SM-S906U1,GPU
2026-04-22 16:43:12.734,102.840,21.171,54.608,2.657,3.171,6.545,10.963,0.050,false,20.320,MODERATE,8,sequential_yolo_pose,SM-S906U1,GPU
2026-04-22 16:43:12.849,107.144,24.540,55.223,0.663,1.591,6.866,13.711,0.063,false,20.332,MODERATE,8,sequential_yolo_pose,SM-S906U1,GPU
2026-04-22 16:43:12.967,112.303,27.438,53.428,1.075,4.205,10.946,10.854,0.050,false,20.297,MODERATE,8,sequential_yolo_pose,SM-S906U1,GPU
2026-04-22 16:43:13.090,118.735,29.542,53.355,1.049,2.896,12.713,13.381,0.049,false,20.297,MODERATE,8,sequential_yolo_pose,SM-S906U1,GPU
2026-04-22 16:43:13.207,111.305,28.187,52.648,1.284,2.539,9.135,12.547,0.069,false,20.297,MODERATE,8,sequential_yolo_pose,SM-S906U1,GPU
2026-04-22 16:43:13.328,114.321,27.067,56.946,1.303,2.867,8.766,12.863,0.048,false,20.328,MODERATE,8,sequential_yolo_pose,SM-S906U1,GPU
2026-04-22 16:43:13.447,112.331,21.521,55.070,1.139,2.404,9.254,18.023,0.049,false,20.391,MODERATE,8,sequential_yolo_pose,SM-S906U1,GPU
2026-04-22 16:43:13.566,113.148,28.150,53.499,1.293,3.028,11.407,10.538,0.057,false,20.328,MODERATE,8,sequential_yolo_pose,SM-S906U1,GPU
2026-04-22 16:43:13.691,117.973,23.324,53.081,1.229,3.836,12.756,12.655,0.048,false,20.332,MODERATE,9,sequential_yolo_pose,SM-S906U1,GPU
2026-04-22 16:43:13.806,109.457,33.062,51.957,0.896,1.592,5.845,11.274,0.032,false,20.328,MODERATE,9,sequential_yolo_pose,SM-S906U1,GPU
2026-04-22 16:43:13.916,103.261,21.095,56.607,1.212,2.559,8.031,10.668,0.040,false,20.266,MODERATE,9,sequential_yolo_pose,SM-S906U1,GPU
2026-04-22 16:43:14.030,109.107,27.434,54.589,1.218,4.352,6.925,10.358,0.050,false,20.266,MODERATE,9,sequential_yolo_pose,SM-S906U1,GPU
2026-04-22 16:43:14.160,123.870,31.555,57.711,1.300,8.099,7.989,10.117,0.048,false,20.359,MODERATE,9,sequential_yolo_pose,SM-S906U1,GPU
2026-04-22 16:43:14.271,106.048,23.366,52.329,1.012,2.550,8.829,11.261,0.062,false,20.297,MODERATE,9,sequential_yolo_pose,SM-S906U1,GPU
2026-04-22 16:43:14.394,116.643,26.702,56.420,1.053,3.005,11.582,11.943,0.050,false,20.359,MODERATE,9,sequential_yolo_pose,SM-S906U1,GPU
2026-04-22 16:43:14.500,100.937,26.643,51.793,0.478,1.440,5.196,11.160,0.039,false,20.266,MODERATE,9,sequential_yolo_pose,SM-S906U1,GPU
2026-04-22 16:43:14.624,119.966,29.685,55.593,2.065,2.706,13.377,12.342,0.050,false,20.328,MODERATE,8,sequential_yolo_pose,SM-S906U1,GPU
2026-04-22 16:43:14.737,107.655,28.217,53.880,1.281,2.620,5.440,11.793,0.042,false,20.301,MODERATE,8,sequential_yolo_pose,SM-S906U1,GPU
2026-04-22 16:43:14.856,112.789,29.155,53.826,0.582,2.225,9.470,13.391,0.053,false,20.328,MODERATE,8,sequential_yolo_pose,SM-S906U1,GPU
2026-04-22 16:43:14.971,109.851,28.322,52.707,1.143,2.497,9.249,11.448,0.058,false,20.297,MODERATE,8,sequential_yolo_pose,SM-S906U1,GPU
2026-04-22 16:43:15.085,107.600,22.593,55.196,1.045,2.404,12.106,10.875,0.045,false,20.363,MODERATE,8,sequential_yolo_pose,SM-S906U1,GPU
2026-04-22 16:43:15.198,108.626,24.685,55.221,1.325,3.031,8.784,11.607,0.055,false,20.328,MODERATE,8,sequential_yolo_pose,SM-S906U1,GPU
2026-04-22 16:43:15.314,109.855,25.733,56.093,0.595,1.484,6.365,13.948,0.045,false,20.328,MODERATE,8,sequential_yolo_pose,SM-S906U1,GPU
2026-04-22 16:43:15.429,110.788,28.165,55.258,0.990,2.478,9.456,10.342,0.043,false,20.336,MODERATE,8,sequential_yolo_pose,SM-S906U1,GPU
2026-04-22 16:43:15.546,112.056,28.580,53.467,0.873,1.944,7.564,11.725,0.065,false,20.328,MODERATE,8,sequential_yolo_pose,SM-S906U1,GPU
2026-04-22 16:43:15.662,108.630,28.839,54.194,1.093,2.039,7.217,11.145,0.047,false,20.379,MODERATE,9,sequential_yolo_pose,SM-S906U1,GPU
2026-04-22 16:43:15.776,108.454,26.712,51.646,1.030,2.665,8.337,11.300,0.052,false,20.359,MODERATE,9,sequential_yolo_pose,SM-S906U1,GPU
2026-04-22 16:43:15.901,120.035,27.063,52.418,1.236,2.815,20.037,12.135,0.039,false,20.391,MODERATE,9,sequential_yolo_pose,SM-S906U1,GPU
2026-04-22 16:43:16.025,118.833,29.329,54.999,0.921,1.946,13.788,13.341,0.054,false,20.359,MODERATE,9,sequential_yolo_pose,SM-S906U1,GPU
2026-04-22 16:43:16.136,106.491,27.727,54.217,0.683,1.859,6.709,10.660,0.049,false,20.301,MODERATE,9,sequential_yolo_pose,SM-S906U1,GPU
2026-04-22 16:43:16.253,112.041,27.136,57.526,0.786,2.999,6.906,11.437,0.050,false,20.301,MODERATE,9,sequential_yolo_pose,SM-S906U1,GPU
2026-04-22 16:43:16.363,106.291,29.933,52.971,1.068,1.721,5.901,10.225,0.100,false,20.363,MODERATE,9,sequential_yolo_pose,SM-S906U1,GPU
2026-04-22 16:43:16.476,107.413,30.234,52.649,0.596,1.432,5.278,11.248,0.058,false,20.266,MODERATE,9,sequential_yolo_pose,SM-S906U1,GPU
2026-04-22 16:43:16.597,115.673,21.629,59.600,1.425,3.336,14.511,11.766,0.042,false,20.328,MODERATE,9,sequential_yolo_pose,SM-S906U1,GPU
2026-04-22 16:43:16.723,119.978,28.726,54.725,1.372,2.795,16.436,11.541,0.045,false,20.363,MODERATE,8,sequential_yolo_pose,SM-S906U1,GPU
2026-04-22 16:43:16.838,109.989,28.620,54.948,1.074,2.397,7.287,11.661,0.056,false,20.270,MODERATE,8,sequential_yolo_pose,SM-S906U1,GPU
2026-04-22 16:43:16.960,115.094,28.222,54.478,1.872,3.177,10.864,11.480,0.036,false,20.359,MODERATE,8,sequential_yolo_pose,SM-S906U1,GPU
2026-04-22 16:43:17.079,112.781,27.476,53.743,1.533,2.741,9.215,13.576,0.035,false,20.332,MODERATE,8,sequential_yolo_pose,SM-S906U1,GPU
2026-04-22 16:43:17.199,113.859,28.171,53.923,1.459,2.947,10.971,11.996,0.052,false,20.328,MODERATE,8,sequential_yolo_pose,SM-S906U1,GPU
2026-04-22 16:43:17.327,121.688,27.014,52.850,1.238,2.569,9.984,23.681,0.040,false,20.328,MODERATE,8,sequential_yolo_pose,SM-S906U1,GPU
2026-04-22 16:43:17.445,113.714,30.032,55.316,1.136,2.582,9.279,11.271,0.046,false,20.328,MODERATE,8,sequential_yolo_pose,SM-S906U1,GPU
2026-04-22 16:43:17.565,113.912,28.709,52.610,1.164,3.004,13.017,11.336,0.050,false,20.359,MODERATE,8,sequential_yolo_pose,SM-S906U1,GPU
2026-04-22 16:43:17.675,102.243,26.579,52.493,0.647,1.422,5.363,11.566,0.051,false,20.422,MODERATE,9,sequential_yolo_pose,SM-S906U1,GPU
2026-04-22 16:43:17.793,111.237,27.001,56.264,1.507,3.150,8.837,10.207,0.035,false,20.332,MODERATE,9,sequential_yolo_pose,SM-S906U1,GPU
2026-04-22 16:43:17.905,105.133,25.233,53.536,0.665,1.480,6.315,11.165,0.038,false,20.266,MODERATE,9,sequential_yolo_pose,SM-S906U1,GPU
2026-04-22 16:43:18.026,110.066,27.022,54.209,0.620,6.762,7.753,9.355,0.045,false,20.270,MODERATE,9,sequential_yolo_pose,SM-S906U1,GPU
2026-04-22 16:43:18.138,107.454,27.452,53.871,0.495,1.823,6.903,12.318,0.078,false,20.332,MODERATE,9,sequential_yolo_pose,SM-S906U1,GPU
2026-04-22 16:43:18.258,114.036,24.509,55.065,0.303,0.893,3.863,24.952,0.030,false,20.391,MODERATE,9,sequential_yolo_pose,SM-S906U1,GPU
2026-04-22 16:43:18.367,105.699,30.539,52.045,1.051,1.131,6.267,10.096,0.037,false,20.328,MODERATE,9,sequential_yolo_pose,SM-S906U1,GPU
2026-04-22 16:43:18.480,108.749,27.830,53.468,0.511,1.255,4.980,16.728,0.045,false,37.242,MODERATE,9,sequential_yolo_pose,SM-S906U1,GPU
2026-04-22 16:43:18.605,105.038,31.106,53.310,0.511,1.287,5.251,9.807,0.043,false,20.266,MODERATE,9,sequential_yolo_pose,SM-S906U1,GPU
2026-04-22 16:43:18.723,112.643,27.577,54.269,0.790,3.749,9.474,13.023,0.051,false,20.387,MODERATE,9,sequential_yolo_pose,SM-S906U1,GPU
2026-04-22 16:43:18.835,107.944,27.426,56.655,0.978,1.597,6.235,11.184,0.042,false,20.359,MODERATE,9,sequential_yolo_pose,SM-S906U1,GPU
2026-04-22 16:43:18.953,111.915,26.163,51.872,0.490,1.464,13.013,13.201,0.057,false,20.359,MODERATE,9,sequential_yolo_pose,SM-S906U1,GPU
2026-04-22 16:43:19.072,112.293,26.312,55.186,0.762,3.644,8.158,13.899,0.059,false,20.328,MODERATE,9,sequential_yolo_pose,SM-S906U1,GPU
2026-04-22 16:43:19.196,114.081,25.013,53.618,0.840,2.392,17.064,10.794,0.050,false,20.391,MODERATE,9,sequential_yolo_pose,SM-S906U1,GPU
2026-04-22 16:43:19.306,105.243,26.508,55.562,0.540,1.438,5.369,10.887,0.061,false,20.270,MODERATE,9,sequential_yolo_pose,SM-S906U1,GPU
2026-04-22 16:43:19.426,111.838,30.740,54.121,0.805,1.915,8.854,10.740,0.055,false,20.266,MODERATE,9,sequential_yolo_pose,SM-S906U1,GPU
2026-04-22 16:43:19.535,103.585,24.288,55.014,0.958,2.007,5.162,11.989,0.041,false,20.328,MODERATE,9,sequential_yolo_pose,SM-S906U1,GPU
2026-04-22 16:43:19.646,106.833,24.755,54.343,0.463,1.340,6.332,11.480,0.040,false,20.422,MODERATE,8,sequential_yolo_pose,SM-S906U1,GPU
2026-04-22 16:43:19.767,116.828,24.506,53.198,0.796,3.053,20.487,10.602,0.037,false,20.395,MODERATE,8,sequential_yolo_pose,SM-S906U1,GPU
2026-04-22 16:43:19.886,114.055,27.785,54.923,1.226,2.772,10.499,12.631,0.051,false,20.359,MODERATE,8,sequential_yolo_pose,SM-S906U1,GPU
2026-04-22 16:43:19.998,105.563,21.766,54.402,1.270,3.067,9.411,12.373,0.075,false,20.266,MODERATE,8,sequential_yolo_pose,SM-S906U1,GPU
2026-04-22 16:43:20.120,118.506,29.830,54.516,1.364,2.837,11.028,14.599,0.055,false,20.395,MODERATE,8,sequential_yolo_pose,SM-S906U1,GPU
2026-04-22 16:43:20.234,109.287,28.711,51.926,0.975,2.120,8.113,10.723,0.060,false,20.203,MODERATE,8,sequential_yolo_pose,SM-S906U1,GPU
2026-04-22 16:43:20.356,113.746,30.923,53.431,0.930,2.260,10.780,10.974,0.053,false,20.328,MODERATE,8,sequential_yolo_pose,SM-S906U1,GPU
2026-04-22 16:43:20.475,112.883,28.844,54.447,0.936,2.439,8.855,12.864,0.071,false,20.328,MODERATE,8,sequential_yolo_pose,SM-S906U1,GPU
2026-04-22 16:43:20.598,116.319,29.053,52.805,1.998,2.501,12.933,10.888,0.052,false,20.359,MODERATE,8,sequential_yolo_pose,SM-S906U1,GPU
2026-04-22 16:43:20.719,114.840,28.315,55.757,1.145,2.897,11.270,10.682,0.059,false,20.332,MODERATE,9,sequential_yolo_pose,SM-S906U1,GPU
2026-04-22 16:43:20.834,111.545,26.889,53.797,1.135,4.000,10.746,10.708,0.049,false,20.297,MODERATE,9,sequential_yolo_pose,SM-S906U1,GPU
2026-04-22 16:43:20.949,108.700,23.066,55.134,0.560,1.517,8.371,14.300,0.049,false,20.297,MODERATE,9,sequential_yolo_pose,SM-S906U1,GPU
2026-04-22 16:43:21.075,121.022,27.871,60.142,0.929,2.546,8.565,15.273,0.034,false,20.328,MODERATE,9,sequential_yolo_pose,SM-S906U1,GPU
2026-04-22 16:43:21.202,120.431,28.346,54.320,1.325,2.774,14.979,12.315,0.047,false,20.383,MODERATE,9,sequential_yolo_pose,SM-S906U1,GPU
2026-04-22 16:43:21.315,108.555,24.735,54.913,0.725,1.413,8.241,12.585,0.051,false,20.301,MODERATE,9,sequential_yolo_pose,SM-S906U1,GPU
2026-04-22 16:43:21.403,83.725,27.023,52.336,0.490,0.000,0.000,0.000,0.000,true,16.969,MODERATE,9,sequential_yolo_pose,SM-S906U1,GPU
2026-04-22 16:43:21.511,100.893,35.600,56.207,0.556,0.000,0.000,0.000,0.000,true,30.520,MODERATE,9,sequential_yolo_pose,SM-S906U1,GPU
2026-04-22 16:43:21.612,92.293,35.315,52.214,0.496,0.000,0.000,0.000,0.000,true,18.207,MODERATE,9,sequential_yolo_pose,SM-S906U1,GPU
2026-04-22 16:43:21.729,111.616,26.891,57.867,0.965,2.568,8.391,10.554,0.044,false,35.121,MODERATE,9,sequential_yolo_pose,SM-S906U1,GPU
2026-04-22 16:43:21.836,102.158,25.546,52.587,0.681,1.626,5.928,10.809,0.045,false,22.063,MODERATE,9,sequential_yolo_pose,SM-S906U1,GPU
2026-04-22 16:43:21.945,102.868,24.188,53.240,0.687,1.511,6.327,11.163,0.049,false,38.946,MODERATE,9,sequential_yolo_pose,SM-S906U1,GPU
2026-04-22 16:43:22.066,117.182,35.848,56.840,1.573,1.451,5.828,10.553,0.051,false,30.492,MODERATE,9,sequential_yolo_pose,SM-S906U1,GPU
2026-04-22 16:43:22.191,116.795,28.854,54.974,1.223,2.348,11.387,13.283,0.047,false,20.363,MODERATE,9,sequential_yolo_pose,SM-S906U1,GPU
2026-04-22 16:43:22.307,110.696,27.526,53.847,1.199,2.289,8.480,12.834,0.037,false,20.297,MODERATE,9,sequential_yolo_pose,SM-S906U1,GPU
2026-04-22 16:43:22.440,122.769,26.075,56.017,1.228,4.063,16.370,14.745,0.048,false,20.453,MODERATE,9,sequential_yolo_pose,SM-S906U1,GPU
2026-04-22 16:43:22.560,113.802,27.803,53.258,1.182,5.441,10.387,11.492,0.049,false,20.359,MODERATE,9,sequential_yolo_pose,SM-S906U1,GPU
2026-04-22 16:43:22.672,107.394,27.680,52.843,0.887,1.952,6.353,13.519,0.050,false,20.328,MODERATE,8,sequential_yolo_pose,SM-S906U1,GPU
2026-04-22 16:43:22.787,109.101,23.950,57.125,1.024,2.151,8.786,11.913,0.033,false,20.301,MODERATE,8,sequential_yolo_pose,SM-S906U1,GPU
2026-04-22 16:43:22.902,111.514,28.947,53.803,1.434,2.623,9.174,11.442,0.030,false,20.266,MODERATE,8,sequential_yolo_pose,SM-S906U1,GPU
2026-04-22 16:43:23.027,119.314,27.760,60.340,1.368,2.898,9.411,10.477,0.038,false,20.395,MODERATE,8,sequential_yolo_pose,SM-S906U1,GPU
2026-04-22 16:43:23.141,109.358,29.492,51.326,1.173,2.402,8.970,11.620,0.039,false,20.266,MODERATE,8,sequential_yolo_pose,SM-S906U1,GPU
2026-04-22 16:43:23.259,112.862,27.813,52.256,0.670,3.722,10.947,12.721,0.060,false,20.328,MODERATE,8,sequential_yolo_pose,SM-S906U1,GPU
2026-04-22 16:43:23.383,117.568,26.623,53.047,1.201,2.294,10.509,17.176,0.051,false,20.359,MODERATE,8,sequential_yolo_pose,SM-S906U1,GPU
2026-04-22 16:43:23.504,116.476,26.668,55.096,1.500,4.225,9.217,13.541,1.225,false,20.359,MODERATE,8,sequential_yolo_pose,SM-S906U1,GPU
2026-04-22 16:43:23.622,112.175,23.983,54.867,1.026,2.216,12.897,13.056,0.052,false,20.332,MODERATE,8,sequential_yolo_pose,SM-S906U1,GPU
2026-04-22 16:43:23.734,106.372,26.121,53.224,1.060,2.129,7.988,10.469,0.049,false,20.332,MODERATE,9,sequential_yolo_pose,SM-S906U1,GPU
2026-04-22 16:43:23.867,124.983,26.269,56.626,2.765,7.147,15.369,11.274,0.045,false,20.363,MODERATE,9,sequential_yolo_pose,SM-S906U1,GPU
2026-04-22 16:43:23.985,112.182,25.316,57.698,0.970,2.541,9.220,11.857,0.068,false,20.356,MODERATE,9,sequential_yolo_pose,SM-S906U1,GPU
2026-04-22 16:43:24.097,106.515,25.812,53.890,0.985,2.890,6.575,11.545,0.047,false,20.418,MODERATE,9,sequential_yolo_pose,SM-S906U1,GPU
2026-04-22 16:43:24.210,108.466,28.099,52.141,1.048,2.475,9.312,11.189,0.056,false,20.328,MODERATE,9,sequential_yolo_pose,SM-S906U1,GPU
2026-04-22 16:43:24.305,89.828,28.451,54.234,0.890,0.000,0.000,0.000,0.000,true,16.969,MODERATE,9,sequential_yolo_pose,SM-S906U1,GPU
2026-04-22 16:43:24.408,89.936,27.509,56.775,0.762,0.000,0.000,0.000,0.000,true,30.551,MODERATE,9,sequential_yolo_pose,SM-S906U1,GPU
2026-04-22 16:43:24.520,100.876,40.484,51.897,0.741,0.000,0.000,0.000,0.000,true,18.109,MODERATE,9,sequential_yolo_pose,SM-S906U1,GPU
2026-04-22 16:43:24.661,134.839,41.556,54.241,0.945,2.612,16.365,11.423,0.049,false,35.180,MODERATE,8,sequential_yolo_pose,SM-S906U1,GPU
2026-04-22 16:43:24.753,87.827,30.600,52.644,0.745,0.000,0.000,0.000,0.000,true,18.648,MODERATE,8,sequential_yolo_pose,SM-S906U1,GPU
2026-04-22 16:43:24.872,114.336,26.730,60.435,0.697,1.726,7.467,12.833,0.094,false,35.500,MODERATE,8,sequential_yolo_pose,SM-S906U1,GPU
2026-04-22 16:43:24.966,89.477,28.729,55.617,0.918,0.000,0.000,0.000,0.000,true,18.672,MODERATE,8,sequential_yolo_pose,SM-S906U1,GPU
2026-04-22 16:43:25.060,87.004,26.002,52.052,0.935,0.000,0.000,0.000,0.000,true,32.223,MODERATE,8,sequential_yolo_pose,SM-S906U1,GPU
2026-04-22 16:43:25.200,133.395,35.269,51.968,0.696,2.058,8.760,28.038,0.056,false,21.582,MODERATE,8,sequential_yolo_pose,SM-S906U1,GPU
2026-04-22 16:43:25.322,113.846,26.984,53.727,1.019,2.703,9.387,12.684,0.032,false,38.559,MODERATE,8,sequential_yolo_pose,SM-S906U1,GPU
2026-04-22 16:43:25.453,121.465,29.746,55.184,0.640,2.476,10.994,17.992,0.035,false,20.328,MODERATE,8,sequential_yolo_pose,SM-S906U1,GPU
2026-04-22 16:43:25.543,85.908,25.573,55.522,0.726,0.000,0.000,0.000,0.000,true,16.930,MODERATE,8,sequential_yolo_pose,SM-S906U1,GPU
2026-04-22 16:43:25.637,86.590,26.865,54.230,1.280,0.000,0.000,0.000,0.000,true,30.543,MODERATE,8,sequential_yolo_pose,SM-S906U1,GPU
2026-04-22 16:43:25.736,89.136,29.477,53.456,1.104,0.000,0.000,0.000,0.000,true,13.930,MODERATE,10,sequential_yolo_pose,SM-S906U1,GPU
2026-04-22 16:43:25.865,115.639,27.861,55.644,1.032,2.513,11.245,13.167,0.054,false,20.356,MODERATE,10,sequential_yolo_pose,SM-S906U1,GPU
2026-04-22 16:43:25.985,112.521,25.834,53.746,0.936,2.392,9.346,16.045,0.046,false,20.395,MODERATE,10,sequential_yolo_pose,SM-S906U1,GPU
2026-04-22 16:43:26.102,113.032,28.704,53.172,1.249,4.041,9.887,11.652,0.045,false,20.328,MODERATE,10,sequential_yolo_pose,SM-S906U1,GPU
2026-04-22 16:43:26.223,111.241,26.286,52.367,1.114,3.628,12.329,11.098,0.050,false,20.359,MODERATE,10,sequential_yolo_pose,SM-S906U1,GPU
2026-04-22 16:43:26.340,112.009,28.734,55.465,0.884,2.223,8.144,12.242,0.060,false,20.328,MODERATE,10,sequential_yolo_pose,SM-S906U1,GPU
2026-04-22 16:43:26.462,114.565,26.799,56.340,1.433,3.004,9.460,12.918,0.046,false,20.332,MODERATE,10,sequential_yolo_pose,SM-S906U1,GPU
2026-04-22 16:43:26.586,118.835,29.042,54.131,0.957,2.345,13.466,13.517,0.060,false,20.359,MODERATE,10,sequential_yolo_pose,SM-S906U1,GPU
2026-04-22 16:43:26.701,109.786,27.099,53.407,1.273,2.689,9.739,11.498,0.041,false,20.391,MODERATE,8,sequential_yolo_pose,SM-S906U1,GPU
2026-04-22 16:43:26.821,113.055,24.676,57.879,0.930,2.162,12.529,10.962,0.047,false,20.359,MODERATE,8,sequential_yolo_pose,SM-S906U1,GPU
2026-04-22 16:43:26.952,123.436,32.761,56.486,1.016,2.335,10.658,15.273,0.046,false,20.332,MODERATE,8,sequential_yolo_pose,SM-S906U1,GPU
2026-04-22 16:43:27.068,111.845,28.086,52.774,1.322,3.140,10.479,11.658,0.056,false,20.328,MODERATE,8,sequential_yolo_pose,SM-S906U1,GPU
2026-04-22 16:43:27.197,118.769,27.228,53.802,1.470,5.806,15.125,11.016,0.039,false,20.391,MODERATE,8,sequential_yolo_pose,SM-S906U1,GPU
2026-04-22 16:43:27.309,107.939,26.895,54.674,0.713,1.383,5.317,13.840,0.038,false,20.332,MODERATE,8,sequential_yolo_pose,SM-S906U1,GPU
2026-04-22 16:43:27.430,114.010,26.648,55.406,1.524,3.061,11.065,12.164,0.031,false,20.426,MODERATE,8,sequential_yolo_pose,SM-S906U1,GPU
2026-04-22 16:43:27.544,109.841,26.775,56.269,0.918,2.150,8.346,10.983,0.052,false,20.270,MODERATE,8,sequential_yolo_pose,SM-S906U1,GPU
2026-04-22 16:43:27.669,118.885,26.709,53.823,1.482,3.318,16.752,12.337,0.038,false,14.461,MODERATE,8,sequential_yolo_pose,SM-S906U1,GPU
2026-04-22 16:43:27.790,114.743,26.177,52.097,0.943,2.828,11.615,15.543,0.046,false,21.594,MODERATE,9,sequential_yolo_pose,SM-S906U1,GPU
2026-04-22 16:43:27.904,108.943,29.446,52.784,1.152,2.361,6.217,11.423,1.180,false,38.570,MODERATE,9,sequential_yolo_pose,SM-S906U1,GPU
2026-04-22 16:43:28.030,114.978,26.735,53.741,1.299,5.711,13.366,9.947,0.047,false,20.359,MODERATE,9,sequential_yolo_pose,SM-S906U1,GPU
2026-04-22 16:43:28.136,101.899,23.894,53.225,0.794,1.752,5.999,12.288,0.059,false,20.332,MODERATE,9,sequential_yolo_pose,SM-S906U1,GPU
2026-04-22 16:43:28.262,116.813,26.349,56.687,1.305,3.023,11.726,13.125,0.047,false,20.328,MODERATE,9,sequential_yolo_pose,SM-S906U1,GPU
2026-04-22 16:43:28.382,114.729,26.758,57.748,0.922,2.321,8.240,12.276,0.069,false,20.270,MODERATE,9,sequential_yolo_pose,SM-S906U1,GPU
2026-04-22 16:43:28.501,115.125,31.622,54.179,1.233,2.664,8.696,11.652,0.047,false,20.301,MODERATE,9,sequential_yolo_pose,SM-S906U1,GPU
2026-04-22 16:43:28.627,112.747,27.866,54.043,1.084,4.925,8.724,11.780,0.049,false,20.328,MODERATE,9,sequential_yolo_pose,SM-S906U1,GPU
2026-04-22 16:43:28.734,100.066,22.378,54.541,0.910,2.176,5.851,10.431,0.044,false,20.387,MODERATE,8,sequential_yolo_pose,SM-S906U1,GPU
2026-04-22 16:43:28.847,106.445,27.715,53.583,0.569,1.537,5.552,13.412,0.057,false,20.297,MODERATE,8,sequential_yolo_pose,SM-S906U1,GPU
2026-04-22 16:43:28.961,109.622,25.967,54.585,1.127,2.829,8.273,12.640,0.060,false,20.328,MODERATE,8,sequential_yolo_pose,SM-S906U1,GPU
2026-04-22 16:43:29.084,117.363,28.696,52.283,0.698,2.291,12.668,13.319,0.042,false,20.359,MODERATE,8,sequential_yolo_pose,SM-S906U1,GPU
2026-04-22 16:43:29.197,108.178,21.397,52.967,0.514,6.241,12.192,10.724,0.034,false,20.422,MODERATE,8,sequential_yolo_pose,SM-S906U1,GPU
2026-04-22 16:43:29.287,84.233,26.039,53.700,0.262,0.000,0.000,0.000,0.000,true,16.906,MODERATE,8,sequential_yolo_pose,SM-S906U1,GPU
2026-04-22 16:43:29.391,99.256,36.752,58.579,0.274,0.000,0.000,0.000,0.000,true,30.551,MODERATE,8,sequential_yolo_pose,SM-S906U1,GPU
2026-04-22 16:43:29.481,85.966,28.018,53.161,1.027,0.000,0.000,0.000,0.000,true,18.078,MODERATE,8,sequential_yolo_pose,SM-S906U1,GPU
2026-04-22 16:43:29.614,125.858,25.821,54.184,0.814,4.208,16.611,20.128,0.041,false,35.149,MODERATE,8,sequential_yolo_pose,SM-S906U1,GPU
2026-04-22 16:43:29.724,103.610,40.273,58.030,0.209,0.000,0.000,0.000,0.000,true,17.125,MODERATE,9,sequential_yolo_pose,SM-S906U1,GPU
2026-04-22 16:43:29.812,83.426,25.296,52.827,0.337,0.000,0.000,0.000,0.000,true,30.684,MODERATE,9,sequential_yolo_pose,SM-S906U1,GPU
2026-04-22 16:43:29.907,91.031,29.133,56.821,0.155,0.000,0.000,0.000,0.000,true,18.684,MODERATE,9,sequential_yolo_pose,SM-S906U1,GPU
2026-04-22 16:43:29.992,81.200,20.375,53.423,0.270,0.000,0.000,0.000,0.000,true,32.172,MODERATE,9,sequential_yolo_pose,SM-S906U1,GPU
2026-04-22 16:43:30.090,93.995,36.116,53.697,0.220,0.000,0.000,0.000,0.000,true,18.184,MODERATE,9,sequential_yolo_pose,SM-S906U1,GPU
2026-04-22 16:43:30.184,89.722,33.474,52.202,0.310,0.000,0.000,0.000,0.000,true,31.734,MODERATE,9,sequential_yolo_pose,SM-S906U1,GPU
2026-04-22 16:43:30.270,82.942,28.367,50.706,0.263,0.000,0.000,0.000,0.000,true,13.531,MODERATE,9,sequential_yolo_pose,SM-S906U1,GPU
2026-04-22 16:43:30.362,86.967,29.019,53.741,0.222,0.000,0.000,0.000,0.000,true,16.961,MODERATE,9,sequential_yolo_pose,SM-S906U1,GPU
2026-04-22 16:43:30.453,86.695,26.946,55.597,0.412,0.000,0.000,0.000,0.000,true,30.543,MODERATE,9,sequential_yolo_pose,SM-S906U1,GPU
2026-04-22 16:43:30.557,98.251,39.448,52.999,0.261,0.000,0.000,0.000,0.000,true,18.652,MODERATE,9,sequential_yolo_pose,SM-S906U1,GPU
2026-04-22 16:43:30.658,96.242,36.088,53.416,0.427,0.000,0.000,0.000,0.000,true,32.172,MODERATE,9,sequential_yolo_pose,SM-S906U1,GPU
2026-04-22 16:43:30.770,104.593,41.640,55.435,0.363,0.000,0.000,0.000,0.000,true,18.332,MODERATE,11,sequential_yolo_pose,SM-S906U1,GPU
2026-04-22 16:43:30.869,93.714,28.740,58.725,0.582,0.000,0.000,0.000,0.000,true,31.883,MODERATE,11,sequential_yolo_pose,SM-S906U1,GPU
2026-04-22 16:43:30.981,96.816,35.987,53.778,0.424,0.000,0.000,0.000,0.000,true,13.449,MODERATE,11,sequential_yolo_pose,SM-S906U1,GPU
2026-04-22 16:43:31.082,95.156,34.988,53.775,0.430,0.000,0.000,0.000,0.000,true,16.898,MODERATE,11,sequential_yolo_pose,SM-S906U1,GPU
2026-04-22 16:43:31.181,91.283,28.617,58.019,0.551,0.000,0.000,0.000,0.000,true,30.512,MODERATE,11,sequential_yolo_pose,SM-S906U1,GPU
2026-04-22 16:43:31.292,105.477,47.049,52.933,0.253,0.000,0.000,0.000,0.000,true,19.813,MODERATE,11,sequential_yolo_pose,SM-S906U1,GPU
2026-04-22 16:43:31.420,122.947,37.269,52.565,0.977,2.584,11.141,12.107,0.058,false,36.727,MODERATE,11,sequential_yolo_pose,SM-S906U1,GPU
2026-04-22 16:43:31.514,89.403,27.655,57.396,0.399,0.000,0.000,0.000,0.000,true,13.895,MODERATE,11,sequential_yolo_pose,SM-S906U1,GPU
2026-04-22 16:43:31.607,86.078,27.727,53.835,0.547,0.000,0.000,0.000,0.000,true,16.918,MODERATE,11,sequential_yolo_pose,SM-S906U1,GPU
2026-04-22 16:43:31.726,107.924,25.533,52.444,0.693,1.769,7.385,15.937,0.040,false,33.926,MODERATE,11,sequential_yolo_pose,SM-S906U1,GPU
2026-04-22 16:43:31.860,126.948,30.293,59.482,2.263,3.192,12.008,12.070,0.045,false,20.391,MODERATE,10,sequential_yolo_pose,SM-S906U1,GPU
2026-04-22 16:43:31.981,114.339,27.716,52.498,1.043,2.407,9.074,15.267,0.054,false,20.328,MODERATE,10,sequential_yolo_pose,SM-S906U1,GPU
2026-04-22 16:43:32.102,114.662,27.642,54.821,1.158,2.806,10.309,13.310,0.062,false,20.328,MODERATE,10,sequential_yolo_pose,SM-S906U1,GPU
2026-04-22 16:43:32.222,113.460,25.802,54.758,1.091,3.525,11.525,9.799,0.064,false,20.395,MODERATE,10,sequential_yolo_pose,SM-S906U1,GPU
2026-04-22 16:43:32.335,108.405,29.172,54.157,0.805,2.125,5.879,12.146,0.046,false,20.363,MODERATE,10,sequential_yolo_pose,SM-S906U1,GPU
2026-04-22 16:43:32.444,100.370,20.930,53.126,0.737,2.430,8.078,11.782,0.055,false,20.328,MODERATE,10,sequential_yolo_pose,SM-S906U1,GPU
2026-04-22 16:43:32.562,111.695,26.643,53.518,1.097,3.135,11.342,11.428,0.051,false,20.332,MODERATE,10,sequential_yolo_pose,SM-S906U1,GPU
2026-04-22 16:43:32.682,115.001,25.274,55.777,1.134,2.735,11.488,12.806,0.831,false,20.332,MODERATE,10,sequential_yolo_pose,SM-S906U1,GPU
2026-04-22 16:43:32.796,108.946,26.866,54.647,0.815,2.224,8.947,11.033,0.048,false,20.484,MODERATE,8,sequential_yolo_pose,SM-S906U1,GPU
2026-04-22 16:43:32.919,118.831,26.308,53.904,0.542,1.579,7.245,19.088,0.043,false,20.332,MODERATE,8,sequential_yolo_pose,SM-S906U1,GPU
2026-04-22 16:43:33.040,113.927,30.080,52.448,1.034,3.250,8.502,13.121,1.246,false,20.328,MODERATE,8,sequential_yolo_pose,SM-S906U1,GPU
2026-04-22 16:43:33.149,103.918,24.775,53.822,0.772,1.853,6.422,10.836,0.058,false,20.328,MODERATE,8,sequential_yolo_pose,SM-S906U1,GPU
2026-04-22 16:43:33.268,111.339,25.304,55.875,1.218,2.645,10.856,10.944,0.066,false,20.359,MODERATE,8,sequential_yolo_pose,SM-S906U1,GPU
2026-04-22 16:43:33.398,122.016,27.578,56.821,1.225,6.397,13.055,11.237,0.052,false,20.391,MODERATE,8,sequential_yolo_pose,SM-S906U1,GPU
2026-04-22 16:43:33.497,94.665,29.426,59.907,0.356,0.000,0.000,0.000,0.000,true,16.934,MODERATE,8,sequential_yolo_pose,SM-S906U1,GPU
2026-04-22 16:43:33.601,95.949,31.707,56.530,0.596,0.000,0.000,0.000,0.000,true,30.516,MODERATE,8,sequential_yolo_pose,SM-S906U1,GPU
2026-04-22 16:43:33.705,89.463,28.655,54.771,0.496,0.000,0.000,0.000,0.000,true,13.477,MODERATE,8,sequential_yolo_pose,SM-S906U1,GPU
2026-04-22 16:43:33.839,121.804,33.282,53.287,0.999,5.093,9.036,13.503,0.070,false,20.352,MODERATE,9,sequential_yolo_pose,SM-S906U1,GPU
2026-04-22 16:43:33.964,117.192,30.137,56.753,1.112,2.725,10.929,10.479,0.047,false,20.359,MODERATE,9,sequential_yolo_pose,SM-S906U1,GPU
2026-04-22 16:43:34.087,117.502,25.250,56.177,0.898,2.331,9.799,17.493,0.047,false,20.328,MODERATE,9,sequential_yolo_pose,SM-S906U1,GPU
2026-04-22 16:43:34.206,113.702,28.901,54.206,0.879,2.122,8.189,14.517,0.097,false,20.328,MODERATE,9,sequential_yolo_pose,SM-S906U1,GPU
2026-04-22 16:43:34.331,119.008,24.851,55.652,2.018,6.193,13.799,10.510,0.054,false,20.391,MODERATE,9,sequential_yolo_pose,SM-S906U1,GPU
2026-04-22 16:43:34.416,79.201,21.604,54.150,0.335,0.000,0.000,0.000,0.000,true,16.902,MODERATE,9,sequential_yolo_pose,SM-S906U1,GPU
2026-04-22 16:43:34.512,90.560,31.207,54.208,0.498,0.000,0.000,0.000,0.000,true,30.516,MODERATE,9,sequential_yolo_pose,SM-S906U1,GPU
2026-04-22 16:43:34.644,125.505,37.682,55.534,0.521,1.442,5.800,18.699,0.048,false,22.016,MODERATE,9,sequential_yolo_pose,SM-S906U1,GPU
2026-04-22 16:43:34.767,117.183,25.874,59.395,0.802,1.821,12.873,12.070,0.041,false,38.938,MODERATE,8,sequential_yolo_pose,SM-S906U1,GPU
2026-04-22 16:43:34.895,110.818,26.559,54.230,1.262,2.463,10.677,11.538,0.066,false,20.391,MODERATE,8,sequential_yolo_pose,SM-S906U1,GPU
2026-04-22 16:43:34.997,95.487,21.472,54.297,0.433,1.172,4.930,10.097,0.044,false,20.352,MODERATE,8,sequential_yolo_pose,SM-S906U1,GPU
2026-04-22 16:43:35.106,104.380,23.185,54.597,0.536,1.637,6.637,14.105,0.062,false,20.328,MODERATE,8,sequential_yolo_pose,SM-S906U1,GPU
2026-04-22 16:43:35.223,108.928,26.822,53.392,0.485,2.033,9.182,13.006,0.041,false,20.359,MODERATE,8,sequential_yolo_pose,SM-S906U1,GPU
2026-04-22 16:43:35.344,116.487,27.993,53.364,0.958,2.311,9.667,11.527,0.050,false,20.356,MODERATE,8,sequential_yolo_pose,SM-S906U1,GPU
2026-04-22 16:43:35.467,117.161,27.269,52.526,1.343,3.714,15.875,12.475,0.047,false,20.391,MODERATE,8,sequential_yolo_pose,SM-S906U1,GPU
2026-04-22 16:43:35.583,108.858,25.394,55.616,0.833,2.293,8.378,10.779,0.054,false,20.270,MODERATE,8,sequential_yolo_pose,SM-S906U1,GPU
2026-04-22 16:43:35.699,111.467,25.920,55.111,1.140,3.764,11.033,10.455,0.052,false,20.297,MODERATE,8,sequential_yolo_pose,SM-S906U1,GPU
2026-04-22 16:43:35.810,103.818,21.556,54.775,0.626,1.326,5.177,11.978,0.043,false,20.457,MODERATE,9,sequential_yolo_pose,SM-S906U1,GPU
2026-04-22 16:43:35.929,114.159,21.335,54.055,1.101,2.817,20.417,10.475,0.042,false,20.395,MODERATE,9,sequential_yolo_pose,SM-S906U1,GPU
2026-04-22 16:43:36.040,105.939,25.883,55.751,0.584,1.168,4.796,13.388,0.040,false,20.387,MODERATE,9,sequential_yolo_pose,SM-S906U1,GPU
2026-04-22 16:43:36.158,107.821,21.940,59.579,0.675,1.461,9.980,10.729,0.052,false,20.359,MODERATE,9,sequential_yolo_pose,SM-S906U1,GPU
2026-04-22 16:43:36.268,105.478,27.433,55.166,0.823,1.524,5.823,11.121,0.055,false,20.328,MODERATE,9,sequential_yolo_pose,SM-S906U1,GPU
2026-04-22 16:43:36.381,105.327,22.955,57.307,0.604,1.562,5.724,11.707,0.049,false,20.297,MODERATE,9,sequential_yolo_pose,SM-S906U1,GPU
2026-04-22 16:43:36.483,98.164,22.791,53.025,0.698,1.768,6.393,10.101,0.047,false,20.328,MODERATE,9,sequential_yolo_pose,SM-S906U1,GPU
2026-04-22 16:43:36.595,107.226,23.891,53.368,0.678,4.637,8.712,12.681,0.048,false,20.387,MODERATE,9,sequential_yolo_pose,SM-S906U1,GPU
2026-04-22 16:43:36.702,104.339,27.466,54.167,0.647,1.599,5.975,9.836,0.047,false,20.391,MODERATE,9,sequential_yolo_pose,SM-S906U1,GPU
2026-04-22 16:43:36.812,103.978,22.854,57.555,0.467,1.221,4.371,14.018,0.040,false,20.457,MODERATE,9,sequential_yolo_pose,SM-S906U1,GPU
2026-04-22 16:43:36.916,100.610,22.159,53.471,0.438,1.758,6.186,13.174,0.049,false,20.328,MODERATE,9,sequential_yolo_pose,SM-S906U1,GPU
2026-04-22 16:43:37.018,98.972,24.081,52.251,0.503,2.366,6.271,9.969,0.026,false,20.356,MODERATE,9,sequential_yolo_pose,SM-S906U1,GPU
2026-04-22 16:43:37.127,104.387,24.842,52.310,1.898,3.075,7.495,11.080,0.039,false,20.391,MODERATE,9,sequential_yolo_pose,SM-S906U1,GPU
2026-04-22 16:43:37.235,104.293,25.979,53.863,0.564,1.690,6.325,11.864,0.032,false,20.328,MODERATE,9,sequential_yolo_pose,SM-S906U1,GPU
2026-04-22 16:43:37.346,106.433,24.511,56.005,0.648,1.710,6.385,13.428,0.048,false,20.328,MODERATE,9,sequential_yolo_pose,SM-S906U1,GPU
2026-04-22 16:43:37.453,101.621,23.851,53.985,0.630,1.658,7.317,10.437,0.058,false,20.391,MODERATE,9,sequential_yolo_pose,SM-S906U1,GPU
2026-04-22 16:43:37.559,102.124,24.375,54.253,0.520,1.625,6.537,11.454,0.031,false,20.297,MODERATE,9,sequential_yolo_pose,SM-S906U1,GPU
2026-04-22 16:43:37.663,99.174,25.843,52.060,0.563,1.936,4.915,10.111,0.045,false,20.234,MODERATE,9,sequential_yolo_pose,SM-S906U1,GPU
2026-04-22 16:43:37.768,100.739,24.893,53.448,0.580,1.543,5.349,11.096,0.056,false,20.266,MODERATE,9,sequential_yolo_pose,SM-S906U1,GPU
2026-04-22 16:43:37.879,104.000,21.406,52.952,0.971,2.352,9.175,12.544,0.035,false,20.363,MODERATE,10,sequential_yolo_pose,SM-S906U1,GPU
2026-04-22 16:43:38.002,115.097,27.616,53.409,1.215,4.623,12.382,11.479,0.054,false,20.332,MODERATE,10,sequential_yolo_pose,SM-S906U1,GPU
2026-04-22 16:43:38.121,111.394,24.772,54.556,0.571,1.514,11.392,14.376,0.053,false,20.328,MODERATE,10,sequential_yolo_pose,SM-S906U1,GPU
2026-04-22 16:43:38.241,115.125,25.885,53.498,1.003,2.760,10.419,17.129,0.043,false,20.391,MODERATE,10,sequential_yolo_pose,SM-S906U1,GPU
2026-04-22 16:43:38.363,114.842,28.446,52.204,1.009,3.002,14.907,10.977,0.064,false,20.328,MODERATE,10,sequential_yolo_pose,SM-S906U1,GPU
2026-04-22 16:43:38.485,115.589,29.233,54.471,0.900,1.959,10.578,11.937,0.062,false,20.266,MODERATE,10,sequential_yolo_pose,SM-S906U1,GPU
2026-04-22 16:43:38.605,114.796,27.867,59.092,1.235,2.685,8.261,10.972,0.052,false,20.320,MODERATE,10,sequential_yolo_pose,SM-S906U1,GPU
2026-04-22 16:43:38.723,110.990,21.235,57.101,1.157,2.889,13.819,11.725,0.037,false,20.383,MODERATE,10,sequential_yolo_pose,SM-S906U1,GPU
2026-04-22 16:43:38.833,106.305,24.319,54.960,0.967,5.322,5.509,11.091,0.065,false,20.359,MODERATE,8,sequential_yolo_pose,SM-S906U1,GPU
2026-04-22 16:43:38.949,110.944,28.488,56.229,0.945,1.752,6.965,11.966,0.033,false,20.332,MODERATE,8,sequential_yolo_pose,SM-S906U1,GPU
2026-04-22 16:43:39.067,113.274,28.752,54.037,1.632,2.556,9.128,12.928,0.065,false,20.359,MODERATE,8,sequential_yolo_pose,SM-S906U1,GPU
2026-04-22 16:43:39.185,112.879,26.458,54.678,0.945,2.274,8.816,13.639,0.047,false,20.359,MODERATE,8,sequential_yolo_pose,SM-S906U1,GPU
2026-04-22 16:43:39.309,118.843,28.882,56.040,0.995,2.736,8.951,16.928,0.052,false,20.516,MODERATE,8,sequential_yolo_pose,SM-S906U1,GPU
2026-04-22 16:43:39.427,112.195,29.242,54.558,1.039,2.514,9.968,10.743,0.049,false,20.359,MODERATE,8,sequential_yolo_pose,SM-S906U1,GPU
2026-04-22 16:43:39.544,110.696,27.074,53.825,0.953,2.227,9.198,11.638,0.055,false,20.328,MODERATE,8,sequential_yolo_pose,SM-S906U1,GPU
2026-04-22 16:43:39.662,112.313,26.132,54.870,1.351,2.858,11.035,11.602,0.067,false,20.328,MODERATE,8,sequential_yolo_pose,SM-S906U1,GPU
2026-04-22 16:43:39.785,116.948,29.097,54.017,0.639,2.831,11.722,11.151,0.054,false,20.297,MODERATE,8,sequential_yolo_pose,SM-S906U1,GPU
2026-04-22 16:43:39.899,109.020,28.502,52.881,0.958,2.141,7.998,12.381,0.034,false,20.332,MODERATE,9,sequential_yolo_pose,SM-S906U1,GPU
2026-04-22 16:43:40.010,104.297,20.911,55.412,1.134,2.580,8.869,12.273,0.056,false,20.297,MODERATE,9,sequential_yolo_pose,SM-S906U1,GPU
2026-04-22 16:43:40.125,109.322,25.858,54.912,1.359,2.731,9.413,10.637,0.043,false,14.367,MODERATE,9,sequential_yolo_pose,SM-S906U1,GPU
2026-04-22 16:43:40.253,122.047,33.129,53.465,0.923,2.483,10.912,16.720,0.043,false,21.535,MODERATE,9,sequential_yolo_pose,SM-S906U1,GPU
2026-04-22 16:43:40.365,105.269,25.919,55.392,0.564,1.237,5.710,10.184,0.029,false,38.605,MODERATE,9,sequential_yolo_pose,SM-S906U1,GPU
2026-04-22 16:43:40.487,113.914,30.163,52.438,0.958,2.991,10.954,10.469,0.083,false,20.328,MODERATE,9,sequential_yolo_pose,SM-S906U1,GPU
2026-04-22 16:43:40.602,109.786,27.878,54.329,0.798,2.031,8.126,12.501,0.044,false,20.320,MODERATE,9,sequential_yolo_pose,SM-S906U1,GPU
2026-04-22 16:43:40.727,117.059,25.962,53.776,0.998,2.529,12.349,17.220,0.045,false,20.391,MODERATE,9,sequential_yolo_pose,SM-S906U1,GPU
2026-04-22 16:43:40.847,113.483,28.173,53.930,0.563,1.603,5.892,14.173,0.044,false,20.453,MODERATE,8,sequential_yolo_pose,SM-S906U1,GPU
2026-04-22 16:43:40.959,106.277,26.549,55.379,1.057,4.731,5.206,9.419,0.051,false,20.270,MODERATE,8,sequential_yolo_pose,SM-S906U1,GPU
2026-04-22 16:43:41.076,113.990,27.669,54.938,1.219,2.707,6.560,16.998,0.033,false,20.363,MODERATE,8,sequential_yolo_pose,SM-S906U1,GPU
2026-04-22 16:43:41.194,114.170,26.968,55.839,0.592,2.804,13.999,10.185,0.045,false,14.492,MODERATE,8,sequential_yolo_pose,SM-S906U1,GPU
2026-04-22 16:43:41.306,107.130,29.646,54.822,0.639,1.440,5.251,10.981,0.056,false,21.570,MODERATE,8,sequential_yolo_pose,SM-S906U1,GPU
2026-04-22 16:43:41.403,89.496,29.785,55.003,0.360,0.000,0.000,0.000,0.000,true,35.184,MODERATE,8,sequential_yolo_pose,SM-S906U1,GPU
2026-04-22 16:43:41.535,126.090,39.804,53.183,1.197,3.029,9.345,12.483,0.054,false,23.184,MODERATE,8,sequential_yolo_pose,SM-S906U1,GPU
2026-04-22 16:43:41.649,106.995,24.384,52.394,0.511,1.410,6.159,14.858,0.033,false,40.105,MODERATE,8,sequential_yolo_pose,SM-S906U1,GPU
2026-04-22 16:43:41.740,84.473,26.790,52.541,0.922,0.000,0.000,0.000,0.000,true,16.996,MODERATE,8,sequential_yolo_pose,SM-S906U1,GPU
2026-04-22 16:43:41.876,127.433,33.682,57.806,0.791,2.294,7.855,15.291,0.036,false,34.098,MODERATE,9,sequential_yolo_pose,SM-S906U1,GPU
2026-04-22 16:43:42.001,118.659,26.026,54.416,1.026,8.288,11.989,12.687,0.049,false,20.391,MODERATE,9,sequential_yolo_pose,SM-S906U1,GPU
2026-04-22 16:43:42.118,111.058,24.864,55.387,0.907,2.445,10.819,12.213,0.041,false,20.359,MODERATE,9,sequential_yolo_pose,SM-S906U1,GPU
2026-04-22 16:43:42.236,113.193,27.503,51.732,1.183,2.925,11.213,13.500,0.051,false,20.328,MODERATE,9,sequential_yolo_pose,SM-S906U1,GPU
2026-04-22 16:43:42.352,108.484,28.482,54.223,0.741,2.287,7.632,10.282,0.058,false,20.297,MODERATE,9,sequential_yolo_pose,SM-S906U1,GPU
2026-04-22 16:43:42.468,111.425,25.792,53.868,1.054,2.897,11.603,11.803,0.067,false,20.328,MODERATE,9,sequential_yolo_pose,SM-S906U1,GPU
2026-04-22 16:43:42.583,108.971,21.422,55.835,0.447,2.466,9.478,12.058,0.050,false,20.332,MODERATE,9,sequential_yolo_pose,SM-S906U1,GPU
2026-04-22 16:43:42.694,107.133,22.422,52.135,0.885,2.730,10.577,14.178,0.038,false,20.363,MODERATE,9,sequential_yolo_pose,SM-S906U1,GPU
2026-04-22 16:43:42.807,109.639,27.527,54.721,0.973,2.507,8.867,10.404,0.055,false,20.332,MODERATE,9,sequential_yolo_pose,SM-S906U1,GPU
2026-04-22 16:43:42.924,108.893,26.157,52.468,1.018,3.280,9.935,11.556,0.061,false,20.359,MODERATE,8,sequential_yolo_pose,SM-S906U1,GPU
2026-04-22 16:43:43.039,111.240,26.758,54.247,1.105,3.020,8.120,13.397,0.082,false,20.328,MODERATE,8,sequential_yolo_pose,SM-S906U1,GPU
2026-04-22 16:43:43.162,114.239,26.465,53.941,0.952,2.652,14.299,11.382,0.052,false,20.328,MODERATE,8,sequential_yolo_pose,SM-S906U1,GPU
2026-04-22 16:43:43.277,107.710,26.137,56.816,0.604,1.526,5.038,12.845,0.051,false,20.395,MODERATE,8,sequential_yolo_pose,SM-S906U1,GPU
2026-04-22 16:43:43.386,104.358,20.628,54.383,1.239,3.327,10.852,10.696,0.052,false,20.387,MODERATE,8,sequential_yolo_pose,SM-S906U1,GPU
2026-04-22 16:43:43.498,107.513,25.217,51.305,1.150,3.198,12.162,10.455,0.042,false,20.328,MODERATE,8,sequential_yolo_pose,SM-S906U1,GPU
2026-04-22 16:43:43.617,112.363,25.014,54.348,1.076,2.148,7.975,17.816,0.037,false,20.402,MODERATE,8,sequential_yolo_pose,SM-S906U1,GPU
2026-04-22 16:43:43.730,110.075,24.158,54.914,1.538,2.980,11.477,11.260,0.037,false,20.379,MODERATE,8,sequential_yolo_pose,SM-S906U1,GPU
2026-04-22 16:43:43.846,112.314,27.985,54.441,1.011,2.443,8.205,14.263,0.050,false,20.441,MODERATE,9,sequential_yolo_pose,SM-S906U1,GPU
2026-04-22 16:43:43.959,107.942,26.599,53.593,1.097,2.399,10.546,9.844,0.047,false,20.332,MODERATE,9,sequential_yolo_pose,SM-S906U1,GPU
2026-04-22 16:43:44.069,105.057,27.438,53.475,0.864,1.912,6.957,10.468,0.045,false,20.297,MODERATE,9,sequential_yolo_pose,SM-S906U1,GPU
2026-04-22 16:43:44.189,112.883,28.596,54.363,1.266,2.769,9.049,12.072,0.045,false,20.328,MODERATE,9,sequential_yolo_pose,SM-S906U1,GPU
2026-04-22 16:43:44.311,116.506,31.134,53.211,0.889,2.775,8.335,14.297,0.058,false,20.359,MODERATE,9,sequential_yolo_pose,SM-S906U1,GPU
2026-04-22 16:43:44.423,105.699,26.141,51.273,0.562,2.218,9.232,11.862,0.044,false,20.328,MODERATE,9,sequential_yolo_pose,SM-S906U1,GPU
2026-04-22 16:43:44.530,101.633,28.428,52.533,0.503,1.358,5.008,9.642,0.051,false,20.266,MODERATE,9,sequential_yolo_pose,SM-S906U1,GPU
2026-04-22 16:43:44.642,107.549,27.072,54.880,0.704,1.518,8.480,10.966,0.048,false,20.297,MODERATE,9,sequential_yolo_pose,SM-S906U1,GPU
2026-04-22 16:43:44.752,104.094,24.699,54.099,0.584,1.772,7.492,11.149,0.072,false,20.328,MODERATE,9,sequential_yolo_pose,SM-S906U1,GPU
2026-04-22 16:43:44.864,107.013,27.839,54.394,0.654,3.088,5.631,11.558,0.045,false,20.453,MODERATE,9,sequential_yolo_pose,SM-S906U1,GPU
2026-04-22 16:43:44.986,114.656,28.790,57.525,1.003,3.706,9.154,9.996,0.053,false,20.332,MODERATE,9,sequential_yolo_pose,SM-S906U1,GPU
2026-04-22 16:43:45.102,110.384,27.510,55.422,0.945,2.471,8.429,11.265,0.064,false,20.266,MODERATE,9,sequential_yolo_pose,SM-S906U1,GPU
2026-04-22 16:43:45.223,115.597,28.964,55.559,1.089,3.917,9.858,12.029,0.043,false,20.359,MODERATE,9,sequential_yolo_pose,SM-S906U1,GPU
2026-04-22 16:43:45.340,112.250,30.528,53.954,0.983,2.432,8.918,11.186,0.051,false,20.328,MODERATE,9,sequential_yolo_pose,SM-S906U1,GPU
2026-04-22 16:43:45.460,110.301,28.402,53.773,0.782,1.694,9.846,11.335,0.057,false,20.359,MODERATE,9,sequential_yolo_pose,SM-S906U1,GPU
2026-04-22 16:43:45.584,119.444,31.897,55.209,1.039,2.463,11.915,11.331,0.058,false,20.297,MODERATE,9,sequential_yolo_pose,SM-S906U1,GPU
2026-04-22 16:43:45.708,115.815,29.336,54.660,1.008,2.419,9.185,14.319,0.046,false,20.359,MODERATE,9,sequential_yolo_pose,SM-S906U1,GPU
2026-04-22 16:43:45.835,118.217,29.606,53.918,1.043,4.658,13.258,11.632,0.052,false,20.359,MODERATE,9,sequential_yolo_pose,SM-S906U1,GPU
2026-04-22 16:43:45.963,122.329,29.229,53.873,1.168,3.713,18.479,11.352,0.094,false,20.359,MODERATE,8,sequential_yolo_pose,SM-S906U1,GPU
2026-04-22 16:43:46.081,110.897,24.925,56.109,0.519,1.387,6.280,13.225,0.124,false,20.328,MODERATE,8,sequential_yolo_pose,SM-S906U1,GPU
2026-04-22 16:43:46.195,109.836,27.548,53.717,0.833,1.926,9.744,11.679,0.046,false,20.328,MODERATE,8,sequential_yolo_pose,SM-S906U1,GPU
2026-04-22 16:43:46.313,112.430,28.007,53.787,0.907,1.924,6.651,12.963,0.049,false,20.359,MODERATE,8,sequential_yolo_pose,SM-S906U1,GPU
2026-04-22 16:43:46.431,113.648,27.595,53.588,1.265,2.813,12.923,11.317,0.044,false,20.359,MODERATE,8,sequential_yolo_pose,SM-S906U1,GPU
2026-04-22 16:43:46.521,85.281,29.329,51.439,0.242,0.000,0.000,0.000,0.000,true,16.902,MODERATE,8,sequential_yolo_pose,SM-S906U1,GPU
2026-04-22 16:43:46.641,115.742,34.322,53.971,0.604,2.022,7.956,11.922,0.037,false,33.848,MODERATE,8,sequential_yolo_pose,SM-S906U1,GPU
2026-04-22 16:43:46.769,115.360,26.245,56.197,1.127,4.760,10.264,11.819,0.051,false,20.422,MODERATE,8,sequential_yolo_pose,SM-S906U1,GPU
2026-04-22 16:43:46.860,84.527,25.205,55.391,0.342,0.000,0.000,0.000,0.000,true,16.996,MODERATE,9,sequential_yolo_pose,SM-S906U1,GPU
2026-04-22 16:43:46.955,89.478,30.761,53.188,0.796,0.000,0.000,0.000,0.000,true,30.649,MODERATE,9,sequential_yolo_pose,SM-S906U1,GPU
2026-04-22 16:43:47.058,97.466,38.712,50.922,0.501,0.000,0.000,0.000,0.000,true,13.777,MODERATE,9,sequential_yolo_pose,SM-S906U1,GPU
2026-04-22 16:43:47.194,126.370,36.307,55.070,0.769,2.473,9.658,11.499,0.059,false,14.457,MODERATE,9,sequential_yolo_pose,SM-S906U1,GPU
2026-04-22 16:43:47.318,119.643,32.332,51.738,0.573,1.852,18.185,10.777,0.048,false,21.598,MODERATE,9,sequential_yolo_pose,SM-S906U1,GPU
2026-04-22 16:43:47.439,114.451,27.469,56.606,1.129,2.105,8.650,11.963,0.037,false,38.605,MODERATE,9,sequential_yolo_pose,SM-S906U1,GPU
2026-04-22 16:43:47.557,108.040,27.010,52.920,0.466,1.778,9.199,12.632,0.032,false,20.328,MODERATE,9,sequential_yolo_pose,SM-S906U1,GPU
2026-04-22 16:43:47.651,89.551,29.297,56.083,0.330,0.000,0.000,0.000,0.000,true,16.937,MODERATE,9,sequential_yolo_pose,SM-S906U1,GPU
2026-04-22 16:43:47.782,125.042,36.525,54.355,0.655,2.091,8.270,17.275,0.029,false,34.008,MODERATE,9,sequential_yolo_pose,SM-S906U1,GPU
2026-04-22 16:43:47.891,102.006,26.788,53.824,0.535,1.823,5.508,9.335,0.048,false,20.484,MODERATE,9,sequential_yolo_pose,SM-S906U1,GPU
2026-04-22 16:43:47.984,88.624,29.896,54.336,0.436,0.000,0.000,0.000,0.000,true,16.906,MODERATE,9,sequential_yolo_pose,SM-S906U1,GPU
2026-04-22 16:43:48.083,93.491,30.810,57.270,0.474,0.000,0.000,0.000,0.000,true,30.551,MODERATE,9,sequential_yolo_pose,SM-S906U1,GPU
2026-04-22 16:43:48.191,100.947,39.370,54.879,0.430,0.000,0.000,0.000,0.000,true,18.531,MODERATE,9,sequential_yolo_pose,SM-S906U1,GPU
2026-04-22 16:43:48.314,116.072,28.033,53.617,0.978,2.354,9.214,11.162,0.274,false,35.477,MODERATE,9,sequential_yolo_pose,SM-S906U1,GPU
2026-04-22 16:43:48.447,127.313,30.616,53.450,1.133,7.557,6.720,23.375,0.043,false,22.035,MODERATE,9,sequential_yolo_pose,SM-S906U1,GPU
2026-04-22 16:43:48.557,106.385,25.927,54.782,1.032,2.579,6.966,10.227,0.036,false,38.918,MODERATE,9,sequential_yolo_pose,SM-S906U1,GPU
2026-04-22 16:43:48.678,110.738,28.849,53.730,0.480,2.080,8.244,12.181,0.040,false,20.359,MODERATE,9,sequential_yolo_pose,SM-S906U1,GPU
2026-04-22 16:43:48.799,117.990,26.765,54.326,1.044,8.045,10.843,12.216,0.112,false,20.426,MODERATE,9,sequential_yolo_pose,SM-S906U1,GPU
2026-04-22 16:43:48.910,103.951,27.063,52.971,0.531,1.338,7.167,10.786,0.077,false,20.395,MODERATE,9,sequential_yolo_pose,SM-S906U1,GPU
2026-04-22 16:43:49.023,105.618,24.800,54.688,0.573,3.784,7.402,10.091,0.048,false,20.363,MODERATE,9,sequential_yolo_pose,SM-S906U1,GPU
2026-04-22 16:43:49.141,113.871,26.036,56.744,1.124,4.698,5.558,15.667,0.042,false,20.383,MODERATE,9,sequential_yolo_pose,SM-S906U1,GPU
2026-04-22 16:43:49.235,90.210,26.850,58.973,0.474,0.000,0.000,0.000,0.000,true,16.934,MODERATE,9,sequential_yolo_pose,SM-S906U1,GPU
2026-04-22 16:43:49.372,123.521,33.559,56.198,1.191,1.907,8.412,13.532,0.043,false,34.004,MODERATE,9,sequential_yolo_pose,SM-S906U1,GPU
2026-04-22 16:43:49.502,121.585,29.343,57.182,1.285,2.745,13.437,13.323,0.050,false,28.695,MODERATE,9,sequential_yolo_pose,SM-S906U1,GPU
2026-04-22 16:43:49.618,109.381,24.982,54.706,0.714,1.782,6.929,13.351,0.050,false,20.301,MODERATE,9,sequential_yolo_pose,SM-S906U1,GPU
2026-04-22 16:43:49.745,123.556,24.947,56.559,1.151,3.713,12.113,20.782,0.055,false,20.359,MODERATE,9,sequential_yolo_pose,SM-S906U1,GPU
2026-04-22 16:43:49.863,113.497,26.710,53.188,1.027,2.814,14.249,11.492,0.043,false,20.328,MODERATE,8,sequential_yolo_pose,SM-S906U1,GPU
2026-04-22 16:43:49.981,113.380,27.456,53.844,1.013,2.462,12.010,12.401,0.044,false,20.422,MODERATE,8,sequential_yolo_pose,SM-S906U1,GPU
2026-04-22 16:43:50.098,111.133,24.888,53.877,1.447,3.030,12.053,11.689,0.044,false,20.301,MODERATE,8,sequential_yolo_pose,SM-S906U1,GPU
2026-04-22 16:43:50.213,111.153,22.652,53.721,1.291,1.688,8.373,14.514,0.043,false,20.328,MODERATE,8,sequential_yolo_pose,SM-S906U1,GPU
2026-04-22 16:43:50.337,119.791,27.731,54.280,1.768,13.041,6.282,12.675,0.048,false,20.453,MODERATE,8,sequential_yolo_pose,SM-S906U1,GPU
2026-04-22 16:43:50.448,104.993,23.987,55.126,0.536,1.499,5.790,13.925,0.047,false,20.297,MODERATE,8,sequential_yolo_pose,SM-S906U1,GPU
2026-04-22 16:43:50.571,118.213,25.239,53.457,1.554,3.238,12.592,17.999,0.028,false,20.391,MODERATE,8,sequential_yolo_pose,SM-S906U1,GPU
2026-04-22 16:43:50.694,119.730,29.209,56.390,1.263,4.696,13.488,11.548,0.049,false,20.328,MODERATE,8,sequential_yolo_pose,SM-S906U1,GPU
2026-04-22 16:43:50.815,113.818,27.831,57.671,0.822,1.943,8.535,11.013,0.093,false,20.270,MODERATE,8,sequential_yolo_pose,SM-S906U1,GPU
2026-04-22 16:43:50.924,104.577,25.695,53.337,0.971,2.489,6.119,11.417,0.055,false,20.484,MODERATE,9,sequential_yolo_pose,SM-S906U1,GPU
2026-04-22 16:43:51.043,115.638,34.406,51.659,0.905,2.281,8.541,13.582,0.044,false,20.328,MODERATE,9,sequential_yolo_pose,SM-S906U1,GPU
2026-04-22 16:43:51.163,115.308,27.047,54.029,0.788,2.681,11.145,15.316,0.046,false,20.387,MODERATE,9,sequential_yolo_pose,SM-S906U1,GPU
2026-04-22 16:43:51.277,106.852,28.018,56.898,0.511,1.348,4.773,10.704,0.042,false,20.363,MODERATE,9,sequential_yolo_pose,SM-S906U1,GPU
2026-04-22 16:43:51.391,110.486,26.431,54.316,1.428,5.289,7.940,11.148,0.043,false,20.328,MODERATE,9,sequential_yolo_pose,SM-S906U1,GPU
2026-04-22 16:43:51.481,83.256,23.985,54.594,0.705,0.000,0.000,0.000,0.000,true,16.871,MODERATE,9,sequential_yolo_pose,SM-S906U1,GPU
2026-04-22 16:43:51.585,96.725,35.747,54.344,0.525,0.000,0.000,0.000,0.000,true,30.516,MODERATE,9,sequential_yolo_pose,SM-S906U1,GPU
2026-04-22 16:43:51.727,135.057,44.082,54.628,0.907,2.771,13.740,11.528,0.050,false,21.977,MODERATE,9,sequential_yolo_pose,SM-S906U1,GPU
2026-04-22 16:43:51.849,116.305,28.078,54.498,0.977,2.683,8.624,16.846,0.030,false,14.227,MODERATE,9,sequential_yolo_pose,SM-S906U1,GPU
2026-04-22 16:43:51.951,94.024,32.873,56.246,0.682,0.000,0.000,0.000,0.000,true,16.934,MODERATE,9,sequential_yolo_pose,SM-S906U1,GPU
2026-04-22 16:43:52.059,100.919,36.732,57.308,0.587,0.000,0.000,0.000,0.000,true,30.547,MODERATE,9,sequential_yolo_pose,SM-S906U1,GPU
2026-04-22 16:43:52.166,101.986,38.479,52.504,0.687,0.000,0.000,0.000,0.000,true,13.473,MODERATE,9,sequential_yolo_pose,SM-S906U1,GPU
2026-04-22 16:43:52.289,115.491,28.051,54.501,0.866,2.206,12.168,12.945,0.051,false,20.418,MODERATE,9,sequential_yolo_pose,SM-S906U1,GPU
2026-04-22 16:43:52.401,107.733,24.388,55.588,1.089,2.670,7.768,12.226,0.042,false,20.301,MODERATE,9,sequential_yolo_pose,SM-S906U1,GPU
2026-04-22 16:43:52.495,87.346,23.773,57.267,0.946,0.000,0.000,0.000,0.000,true,16.977,MODERATE,9,sequential_yolo_pose,SM-S906U1,GPU
2026-04-22 16:43:52.599,95.962,31.628,56.161,0.525,0.000,0.000,0.000,0.000,true,30.559,MODERATE,9,sequential_yolo_pose,SM-S906U1,GPU
2026-04-22 16:43:52.724,115.941,31.222,54.680,0.746,2.144,9.711,13.151,0.049,false,21.992,MODERATE,9,sequential_yolo_pose,SM-S906U1,GPU
2026-04-22 16:43:52.848,119.880,28.998,56.683,0.526,1.872,7.657,19.919,0.046,false,38.907,MODERATE,9,sequential_yolo_pose,SM-S906U1,GPU
2026-04-22 16:43:52.970,113.680,30.786,53.508,0.801,1.397,6.520,12.181,0.052,false,29.781,MODERATE,9,sequential_yolo_pose,SM-S906U1,GPU
2026-04-22 16:43:53.100,122.292,29.000,55.651,1.370,4.663,15.045,10.362,0.064,false,29.492,MODERATE,9,sequential_yolo_pose,SM-S906U1,GPU
2026-04-22 16:43:53.230,121.913,32.912,55.320,1.085,6.879,10.866,10.684,0.042,false,22.000,MODERATE,9,sequential_yolo_pose,SM-S906U1,GPU
2026-04-22 16:43:53.342,108.099,26.723,53.446,0.926,1.319,7.803,13.666,0.042,false,38.883,MODERATE,9,sequential_yolo_pose,SM-S906U1,GPU
2026-04-22 16:43:53.469,119.884,25.595,57.360,2.959,4.503,12.474,12.494,0.047,false,29.781,MODERATE,9,sequential_yolo_pose,SM-S906U1,GPU
2026-04-22 16:43:53.595,117.030,24.744,57.058,0.933,3.916,14.692,11.610,0.052,false,16.910,MODERATE,9,sequential_yolo_pose,SM-S906U1,GPU
2026-04-22 16:43:53.709,108.564,28.927,52.139,0.718,2.153,8.453,11.168,0.095,false,20.266,MODERATE,9,sequential_yolo_pose,SM-S906U1,GPU
2026-04-22 16:43:53.826,111.072,27.475,54.581,1.016,3.808,8.249,11.676,0.057,false,20.297,MODERATE,9,sequential_yolo_pose,SM-S906U1,GPU
2026-04-22 16:43:53.938,104.360,27.030,53.127,0.523,1.565,5.067,12.632,0.040,false,20.453,MODERATE,8,sequential_yolo_pose,SM-S906U1,GPU
2026-04-22 16:43:54.053,110.221,27.641,54.780,0.584,1.404,9.322,12.402,0.049,false,20.332,MODERATE,8,sequential_yolo_pose,SM-S906U1,GPU
2026-04-22 16:43:54.175,115.556,28.115,55.915,1.078,2.110,8.252,14.825,0.280,false,20.422,MODERATE,8,sequential_yolo_pose,SM-S906U1,GPU
2026-04-22 16:43:54.289,108.174,24.109,53.410,0.700,2.252,11.218,12.424,0.051,false,20.328,MODERATE,8,sequential_yolo_pose,SM-S906U1,GPU
2026-04-22 16:43:54.400,106.487,27.980,54.622,1.314,2.286,5.412,10.616,0.046,false,20.359,MODERATE,8,sequential_yolo_pose,SM-S906U1,GPU
2026-04-22 16:43:54.513,108.008,20.855,53.908,0.920,2.580,8.916,15.726,0.050,false,20.297,MODERATE,8,sequential_yolo_pose,SM-S906U1,GPU
2026-04-22 16:43:54.638,120.511,27.276,54.103,1.192,3.545,12.697,15.265,0.048,false,20.328,MODERATE,8,sequential_yolo_pose,SM-S906U1,GPU
2026-04-22 16:43:54.772,127.289,28.106,55.815,0.702,1.929,13.240,23.578,0.065,false,20.395,MODERATE,8,sequential_yolo_pose,SM-S906U1,GPU
2026-04-22 16:43:54.896,116.691,27.538,53.437,1.032,3.137,13.255,13.998,0.044,false,20.395,MODERATE,8,sequential_yolo_pose,SM-S906U1,GPU
2026-04-22 16:43:55.011,111.029,34.046,50.795,0.649,1.470,5.174,12.035,0.056,false,20.328,MODERATE,8,sequential_yolo_pose,SM-S906U1,GPU
2026-04-22 16:43:55.115,97.600,20.871,54.441,0.738,1.529,7.804,9.460,0.044,false,20.359,MODERATE,8,sequential_yolo_pose,SM-S906U1,GPU
2026-04-22 16:43:55.225,106.021,26.812,52.416,0.499,1.489,9.933,11.156,0.027,false,20.391,MODERATE,8,sequential_yolo_pose,SM-S906U1,GPU
2026-04-22 16:43:55.324,95.962,21.531,54.011,0.491,1.353,5.972,9.686,0.040,false,20.359,MODERATE,8,sequential_yolo_pose,SM-S906U1,GPU
2026-04-22 16:43:55.436,107.881,27.588,54.618,0.741,3.555,6.756,10.169,0.054,false,20.363,MODERATE,8,sequential_yolo_pose,SM-S906U1,GPU
2026-04-22 16:43:55.547,104.253,26.450,51.925,0.599,1.495,5.595,14.149,0.049,false,20.297,MODERATE,8,sequential_yolo_pose,SM-S906U1,GPU
2026-04-22 16:43:55.657,106.512,31.910,53.554,1.284,1.208,4.999,9.756,0.041,false,20.266,MODERATE,8,sequential_yolo_pose,SM-S906U1,GPU
2026-04-22 16:43:55.774,112.306,35.264,52.234,0.526,1.375,5.373,13.102,0.057,false,20.270,MODERATE,8,sequential_yolo_pose,SM-S906U1,GPU
2026-04-22 16:43:55.887,108.184,27.591,54.339,0.751,3.469,6.548,11.075,0.081,false,20.332,MODERATE,8,sequential_yolo_pose,SM-S906U1,GPU
2026-04-22 16:43:56.006,114.734,26.524,54.135,2.236,3.054,8.864,11.629,0.066,false,20.426,MODERATE,10,sequential_yolo_pose,SM-S906U1,GPU
2026-04-22 16:43:56.130,115.177,25.720,54.123,1.099,7.284,12.159,10.553,0.067,false,20.391,MODERATE,10,sequential_yolo_pose,SM-S906U1,GPU
2026-04-22 16:43:56.252,117.482,29.835,51.955,0.908,2.718,12.036,15.803,0.042,false,20.328,MODERATE,10,sequential_yolo_pose,SM-S906U1,GPU
2026-04-22 16:43:56.369,110.346,28.080,53.049,1.418,5.805,5.550,12.190,0.035,false,20.359,MODERATE,10,sequential_yolo_pose,SM-S906U1,GPU
2026-04-22 16:43:56.490,115.975,28.463,55.202,1.146,2.909,10.720,11.350,0.049,false,20.328,MODERATE,10,sequential_yolo_pose,SM-S906U1,GPU
2026-04-22 16:43:56.579,84.917,26.576,53.948,0.534,0.000,0.000,0.000,0.000,true,17.023,MODERATE,10,sequential_yolo_pose,SM-S906U1,GPU
2026-04-22 16:43:56.681,96.050,34.344,55.647,0.673,0.000,0.000,0.000,0.000,true,30.574,MODERATE,10,sequential_yolo_pose,SM-S906U1,GPU
2026-04-22 16:43:56.812,125.495,38.576,55.176,0.993,3.216,10.507,11.655,0.078,false,21.942,MODERATE,10,sequential_yolo_pose,SM-S906U1,GPU
2026-04-22 16:43:56.934,112.850,24.587,56.442,1.185,2.673,12.240,10.703,0.028,false,39.043,MODERATE,8,sequential_yolo_pose,SM-S906U1,GPU
2026-04-22 16:43:57.055,108.209,28.003,53.770,0.907,2.556,8.021,10.782,0.075,false,20.328,MODERATE,8,sequential_yolo_pose,SM-S906U1,GPU
2026-04-22 16:43:57.168,107.488,25.174,52.296,1.047,2.695,10.841,10.993,0.050,false,20.328,MODERATE,8,sequential_yolo_pose,SM-S906U1,GPU
2026-04-22 16:43:57.289,112.818,28.551,52.926,0.542,1.737,11.246,13.630,0.047,false,20.328,MODERATE,8,sequential_yolo_pose,SM-S906U1,GPU
2026-04-22 16:43:57.408,114.808,28.688,54.404,1.047,2.610,8.772,14.666,0.064,false,20.359,MODERATE,8,sequential_yolo_pose,SM-S906U1,GPU
2026-04-22 16:43:57.531,118.681,23.966,58.253,1.080,2.284,18.346,10.545,0.051,false,20.359,MODERATE,8,sequential_yolo_pose,SM-S906U1,GPU
2026-04-22 16:43:57.642,106.728,28.330,55.851,0.472,1.384,5.294,11.216,0.050,false,20.395,MODERATE,8,sequential_yolo_pose,SM-S906U1,GPU
2026-04-22 16:43:57.765,116.150,21.909,55.674,0.979,4.091,11.012,19.254,0.054,false,20.391,MODERATE,8,sequential_yolo_pose,SM-S906U1,GPU
2026-04-22 16:43:57.861,92.122,26.444,57.509,0.992,0.000,0.000,0.000,0.000,true,16.937,MODERATE,8,sequential_yolo_pose,SM-S906U1,GPU
2026-04-22 16:43:57.966,96.822,36.399,54.391,0.701,0.000,0.000,0.000,0.000,true,30.676,MODERATE,9,sequential_yolo_pose,SM-S906U1,GPU
2026-04-22 16:43:58.098,117.183,32.663,53.829,1.054,2.651,8.077,11.499,0.053,false,21.895,MODERATE,9,sequential_yolo_pose,SM-S906U1,GPU
2026-04-22 16:43:58.225,123.359,29.510,58.864,0.865,2.331,10.031,12.384,0.034,false,38.902,MODERATE,9,sequential_yolo_pose,SM-S906U1,GPU
2026-04-22 16:43:58.344,108.082,29.121,52.142,0.540,2.257,4.772,9.569,0.123,false,20.297,MODERATE,9,sequential_yolo_pose,SM-S906U1,GPU
2026-04-22 16:43:58.457,105.125,30.233,52.227,0.826,2.006,4.927,10.670,0.039,false,20.270,MODERATE,9,sequential_yolo_pose,SM-S906U1,GPU
2026-04-22 16:43:58.561,100.087,29.770,50.916,0.620,1.434,4.740,8.903,0.056,false,20.203,MODERATE,9,sequential_yolo_pose,SM-S906U1,GPU
2026-04-22 16:43:58.667,102.282,30.018,50.949,0.555,1.225,4.629,10.875,0.043,false,20.297,MODERATE,9,sequential_yolo_pose,SM-S906U1,GPU
2026-04-22 16:43:58.778,104.622,28.238,54.356,0.558,1.359,4.652,11.522,0.053,false,20.363,MODERATE,9,sequential_yolo_pose,SM-S906U1,GPU
2026-04-22 16:43:58.894,112.989,25.686,56.199,1.123,2.768,10.339,12.768,0.060,false,20.328,MODERATE,9,sequential_yolo_pose,SM-S906U1,GPU
2026-04-22 16:43:59.018,119.009,30.111,55.411,0.848,2.214,9.559,14.302,0.050,false,20.395,MODERATE,9,sequential_yolo_pose,SM-S906U1,GPU
2026-04-22 16:43:59.135,112.947,26.094,55.476,1.308,2.778,10.695,12.462,0.040,false,20.363,MODERATE,9,sequential_yolo_pose,SM-S906U1,GPU
2026-04-22 16:43:59.241,101.677,25.086,54.006,0.604,1.422,4.729,11.087,0.063,false,20.328,MODERATE,9,sequential_yolo_pose,SM-S906U1,GPU
2026-04-22 16:43:59.358,110.600,26.830,53.733,1.443,3.637,8.828,11.397,0.062,false,20.328,MODERATE,9,sequential_yolo_pose,SM-S906U1,GPU
2026-04-22 16:43:59.477,114.969,27.900,54.119,1.009,2.428,8.539,13.403,1.016,false,20.332,MODERATE,9,sequential_yolo_pose,SM-S906U1,GPU
2026-04-22 16:43:59.591,109.028,22.579,55.128,0.945,2.144,10.663,13.444,0.050,false,20.363,MODERATE,9,sequential_yolo_pose,SM-S906U1,GPU
2026-04-22 16:43:59.704,109.328,25.900,56.441,0.775,2.175,7.723,10.892,0.053,false,20.297,MODERATE,9,sequential_yolo_pose,SM-S906U1,GPU
2026-04-22 16:43:59.818,109.165,26.851,55.756,1.134,2.523,8.284,10.130,0.044,false,20.270,MODERATE,9,sequential_yolo_pose,SM-S906U1,GPU
2026-04-22 16:43:59.933,108.982,25.800,54.716,1.323,2.861,8.599,10.451,0.047,false,20.320,MODERATE,8,sequential_yolo_pose,SM-S906U1,GPU
2026-04-22 16:44:00.040,98.974,20.933,55.540,0.567,1.354,5.089,12.435,0.026,false,20.414,MODERATE,8,sequential_yolo_pose,SM-S906U1,GPU
2026-04-22 16:44:00.148,101.656,26.505,54.108,0.547,1.331,5.440,9.575,0.060,false,20.297,MODERATE,8,sequential_yolo_pose,SM-S906U1,GPU
2026-04-22 16:44:00.261,109.521,30.783,54.604,0.557,2.790,5.468,11.499,0.047,false,20.328,MODERATE,8,sequential_yolo_pose,SM-S906U1,GPU
2026-04-22 16:44:00.377,111.599,27.430,54.740,0.999,2.684,8.188,12.628,0.046,false,20.328,MODERATE,8,sequential_yolo_pose,SM-S906U1,GPU
2026-04-22 16:44:00.490,108.353,23.962,53.940,1.197,2.940,10.576,11.377,0.048,false,20.297,MODERATE,8,sequential_yolo_pose,SM-S906U1,GPU
2026-04-22 16:44:00.603,107.921,27.689,54.011,0.923,2.320,7.905,10.772,0.043,false,20.266,MODERATE,8,sequential_yolo_pose,SM-S906U1,GPU
2026-04-22 16:44:00.720,108.151,25.316,55.321,0.753,1.772,10.749,10.234,0.049,false,20.363,MODERATE,8,sequential_yolo_pose,SM-S906U1,GPU
2026-04-22 16:44:00.833,108.421,25.644,54.452,1.140,2.951,9.522,10.379,0.282,false,20.297,MODERATE,8,sequential_yolo_pose,SM-S906U1,GPU
2026-04-22 16:44:00.961,122.543,25.346,56.658,0.569,2.475,15.580,15.753,0.048,false,20.391,MODERATE,9,sequential_yolo_pose,SM-S906U1,GPU
2026-04-22 16:44:01.066,100.676,27.755,52.315,0.522,1.346,4.589,9.704,0.046,false,20.266,MODERATE,9,sequential_yolo_pose,SM-S906U1,GPU
2026-04-22 16:44:01.184,112.171,25.847,54.250,0.843,2.205,7.293,16.021,0.045,false,20.371,MODERATE,9,sequential_yolo_pose,SM-S906U1,GPU
2026-04-22 16:44:01.298,109.542,26.169,56.924,2.062,2.346,6.532,11.373,0.041,false,20.391,MODERATE,9,sequential_yolo_pose,SM-S906U1,GPU
2026-04-22 16:44:01.415,111.930,31.705,53.067,1.095,2.091,9.339,10.377,0.031,false,20.328,MODERATE,9,sequential_yolo_pose,SM-S906U1,GPU
2026-04-22 16:44:01.535,116.123,28.283,54.629,1.137,2.976,9.502,13.786,0.051,false,20.359,MODERATE,9,sequential_yolo_pose,SM-S906U1,GPU
2026-04-22 16:44:01.628,87.262,25.328,56.954,0.233,0.000,0.000,0.000,0.000,true,16.934,MODERATE,9,sequential_yolo_pose,SM-S906U1,GPU
2026-04-22 16:44:01.732,98.899,31.423,58.535,0.988,0.000,0.000,0.000,0.000,true,30.547,MODERATE,9,sequential_yolo_pose,SM-S906U1,GPU
2026-04-22 16:44:01.833,90.976,30.179,54.935,1.262,0.000,0.000,0.000,0.000,true,13.930,MODERATE,9,sequential_yolo_pose,SM-S906U1,GPU
2026-04-22 16:44:01.964,117.290,30.652,56.136,1.151,2.631,8.026,10.435,0.123,false,20.387,MODERATE,9,sequential_yolo_pose,SM-S906U1,GPU
2026-04-22 16:44:02.076,106.664,25.093,55.212,0.826,2.172,7.923,11.240,0.046,false,20.363,MODERATE,9,sequential_yolo_pose,SM-S906U1,GPU
2026-04-22 16:44:02.191,107.633,22.121,53.480,0.990,2.901,12.841,11.967,0.055,false,20.328,MODERATE,9,sequential_yolo_pose,SM-S906U1,GPU
2026-04-22 16:44:02.339,142.987,60.469,55.906,0.717,1.998,4.549,14.680,0.050,false,20.414,MODERATE,9,sequential_yolo_pose,SM-S906U1,GPU
2026-04-22 16:44:02.468,125.458,27.777,62.828,1.295,7.254,7.113,13.350,0.053,false,20.328,MODERATE,9,sequential_yolo_pose,SM-S906U1,GPU
2026-04-22 16:44:02.573,100.619,26.530,50.979,0.584,1.400,5.684,11.301,0.055,false,20.266,MODERATE,9,sequential_yolo_pose,SM-S906U1,GPU
2026-04-22 16:44:02.693,112.387,24.955,55.649,1.150,2.225,12.243,12.221,0.033,false,20.391,MODERATE,9,sequential_yolo_pose,SM-S906U1,GPU
2026-04-22 16:44:02.786,88.924,31.212,53.185,0.354,0.000,0.000,0.000,0.000,true,16.934,MODERATE,9,sequential_yolo_pose,SM-S906U1,GPU
2026-04-22 16:44:02.889,97.131,34.057,56.350,0.531,0.000,0.000,0.000,0.000,true,30.547,MODERATE,9,sequential_yolo_pose,SM-S906U1,GPU
2026-04-22 16:44:03.008,113.702,33.991,53.753,0.517,1.452,5.683,12.346,0.061,false,17.387,MODERATE,9,sequential_yolo_pose,SM-S906U1,GPU
2026-04-22 16:44:03.128,113.070,23.823,56.362,0.812,2.254,13.534,12.035,0.054,false,20.363,MODERATE,9,sequential_yolo_pose,SM-S906U1,GPU
2026-04-22 16:44:03.243,109.842,26.779,56.835,0.888,2.546,8.000,10.593,0.048,false,20.270,MODERATE,9,sequential_yolo_pose,SM-S906U1,GPU
2026-04-22 16:44:03.367,116.400,28.501,53.237,0.924,2.416,15.167,11.995,0.054,false,20.422,MODERATE,9,sequential_yolo_pose,SM-S906U1,GPU
2026-04-22 16:44:03.487,114.128,27.056,55.209,0.898,2.333,7.680,15.431,0.043,false,20.359,MODERATE,9,sequential_yolo_pose,SM-S906U1,GPU
2026-04-22 16:44:03.603,111.709,26.259,55.185,0.943,2.554,8.266,14.351,0.056,false,20.328,MODERATE,9,sequential_yolo_pose,SM-S906U1,GPU
2026-04-22 16:44:03.724,108.739,26.231,54.727,1.183,2.708,8.890,10.586,0.069,false,14.430,MODERATE,9,sequential_yolo_pose,SM-S906U1,GPU
2026-04-22 16:44:03.841,111.578,27.532,52.841,0.892,2.180,8.009,15.286,0.033,false,21.594,MODERATE,9,sequential_yolo_pose,SM-S906U1,GPU
2026-04-22 16:44:03.956,106.086,22.791,55.993,0.713,1.741,8.236,12.106,0.030,false,38.508,MODERATE,9,sequential_yolo_pose,SM-S906U1,GPU
2026-04-22 16:44:04.085,118.771,28.576,60.359,0.587,2.494,8.198,11.454,0.053,false,20.352,MODERATE,9,sequential_yolo_pose,SM-S906U1,GPU
2026-04-22 16:44:04.197,108.012,28.266,53.292,1.055,4.236,6.608,10.481,0.044,false,20.328,MODERATE,9,sequential_yolo_pose,SM-S906U1,GPU
2026-04-22 16:44:04.310,108.706,27.966,55.082,0.948,2.327,6.482,10.377,0.051,false,20.301,MODERATE,9,sequential_yolo_pose,SM-S906U1,GPU
2026-04-22 16:44:04.433,117.484,26.892,54.163,1.194,6.558,13.637,10.855,0.044,false,20.359,MODERATE,9,sequential_yolo_pose,SM-S906U1,GPU
2026-04-22 16:44:04.536,99.642,24.755,53.014,0.562,1.364,4.672,11.465,0.045,false,20.332,MODERATE,9,sequential_yolo_pose,SM-S906U1,GPU
2026-04-22 16:44:04.652,110.029,26.776,52.812,0.987,2.457,9.536,11.115,0.052,false,20.328,MODERATE,9,sequential_yolo_pose,SM-S906U1,GPU
2026-04-22 16:44:04.767,109.198,26.762,56.925,1.138,2.967,5.862,11.096,0.039,false,20.359,MODERATE,9,sequential_yolo_pose,SM-S906U1,GPU
2026-04-22 16:44:04.887,113.941,24.161,58.009,0.502,1.384,11.515,12.246,0.065,false,20.297,MODERATE,9,sequential_yolo_pose,SM-S906U1,GPU
2026-04-22 16:44:05.005,113.539,28.323,52.628,0.829,6.640,8.583,10.650,1.838,false,20.359,MODERATE,8,sequential_yolo_pose,SM-S906U1,GPU
2026-04-22 16:44:05.134,124.262,29.047,55.336,1.090,2.597,16.576,15.166,0.050,false,20.391,MODERATE,8,sequential_yolo_pose,SM-S906U1,GPU
2026-04-22 16:44:05.246,106.892,24.621,52.672,0.998,2.391,9.518,12.691,0.054,false,20.332,MODERATE,8,sequential_yolo_pose,SM-S906U1,GPU
2026-04-22 16:44:05.367,115.806,25.996,54.586,1.288,2.966,14.016,13.085,0.042,false,20.422,MODERATE,8,sequential_yolo_pose,SM-S906U1,GPU
2026-04-22 16:44:05.478,104.753,22.822,53.353,0.521,2.316,8.422,12.044,0.051,false,20.328,MODERATE,8,sequential_yolo_pose,SM-S906U1,GPU
2026-04-22 16:44:05.600,116.834,27.347,53.598,1.273,5.854,12.890,11.859,0.047,false,20.359,MODERATE,8,sequential_yolo_pose,SM-S906U1,GPU
2026-04-22 16:44:05.711,105.693,23.392,53.815,0.988,1.965,7.570,11.140,2.454,false,20.363,MODERATE,8,sequential_yolo_pose,SM-S906U1,GPU
2026-04-22 16:44:05.822,106.870,25.219,53.318,1.106,2.504,8.528,11.584,0.053,false,20.328,MODERATE,8,sequential_yolo_pose,SM-S906U1,GPU
2026-04-22 16:44:05.940,112.282,27.440,53.664,1.191,3.960,6.130,15.739,0.043,false,20.328,MODERATE,8,sequential_yolo_pose,SM-S906U1,GPU
2026-04-22 16:44:06.054,108.854,27.210,54.888,0.936,2.555,9.172,9.925,0.047,false,20.484,MODERATE,9,sequential_yolo_pose,SM-S906U1,GPU
2026-04-22 16:44:06.169,111.376,28.742,52.214,1.133,2.494,9.396,10.837,0.047,false,20.297,MODERATE,9,sequential_yolo_pose,SM-S906U1,GPU
2026-04-22 16:44:06.287,112.010,25.481,55.611,1.001,3.586,9.145,10.295,0.072,false,20.301,MODERATE,9,sequential_yolo_pose,SM-S906U1,GPU
2026-04-22 16:44:06.400,109.076,27.107,54.148,0.911,5.448,6.012,11.462,0.040,false,20.391,MODERATE,9,sequential_yolo_pose,SM-S906U1,GPU
2026-04-22 16:44:06.519,114.620,29.324,55.485,0.488,2.071,11.924,10.647,0.099,false,20.301,MODERATE,9,sequential_yolo_pose,SM-S906U1,GPU
2026-04-22 16:44:06.610,86.274,27.248,54.426,0.672,0.000,0.000,0.000,0.000,true,16.965,MODERATE,9,sequential_yolo_pose,SM-S906U1,GPU
2026-04-22 16:44:06.710,90.847,31.275,52.717,0.798,0.000,0.000,0.000,0.000,true,30.516,MODERATE,9,sequential_yolo_pose,SM-S906U1,GPU
2026-04-22 16:44:06.806,89.584,30.437,52.700,0.965,0.000,0.000,0.000,0.000,true,18.141,MODERATE,9,sequential_yolo_pose,SM-S906U1,GPU
2026-04-22 16:44:06.927,108.404,25.228,51.463,0.871,2.998,11.211,10.830,0.041,false,35.086,MODERATE,9,sequential_yolo_pose,SM-S906U1,GPU
2026-04-22 16:44:07.041,108.907,33.040,54.321,0.515,1.272,4.997,10.879,0.035,false,22.129,MODERATE,9,sequential_yolo_pose,SM-S906U1,GPU
2026-04-22 16:44:07.162,116.678,28.408,53.961,0.748,1.563,10.576,17.258,0.050,false,39.043,MODERATE,9,sequential_yolo_pose,SM-S906U1,GPU
2026-04-22 16:44:07.297,120.950,27.065,55.255,1.100,6.191,10.951,11.524,0.046,false,20.391,MODERATE,9,sequential_yolo_pose,SM-S906U1,GPU
2026-04-22 16:44:07.411,109.297,22.959,55.316,1.106,2.663,9.908,13.322,0.052,false,20.332,MODERATE,9,sequential_yolo_pose,SM-S906U1,GPU
2026-04-22 16:44:07.532,113.736,28.196,54.905,1.137,2.802,11.405,11.112,0.052,false,20.359,MODERATE,9,sequential_yolo_pose,SM-S906U1,GPU
2026-04-22 16:44:07.625,84.431,25.801,53.195,0.383,0.000,0.000,0.000,0.000,true,16.934,MODERATE,9,sequential_yolo_pose,SM-S906U1,GPU
2026-04-22 16:44:07.742,111.152,42.581,59.279,0.753,0.000,0.000,0.000,0.000,true,30.547,MODERATE,9,sequential_yolo_pose,SM-S906U1,GPU
2026-04-22 16:44:07.845,94.130,32.922,53.051,0.677,0.000,0.000,0.000,0.000,true,18.531,MODERATE,9,sequential_yolo_pose,SM-S906U1,GPU
2026-04-22 16:44:07.942,90.089,27.575,55.901,0.841,0.000,0.000,0.000,0.000,true,32.113,MODERATE,9,sequential_yolo_pose,SM-S906U1,GPU
2026-04-22 16:44:08.067,116.302,32.581,53.562,1.010,3.009,11.202,10.508,0.041,false,21.578,MODERATE,9,sequential_yolo_pose,SM-S906U1,GPU
2026-04-22 16:44:08.193,120.973,28.550,59.628,1.145,2.653,11.736,11.908,0.039,false,38.586,MODERATE,9,sequential_yolo_pose,SM-S906U1,GPU
2026-04-22 16:44:08.317,113.690,27.602,53.107,1.034,2.640,10.401,12.525,0.075,false,20.297,MODERATE,9,sequential_yolo_pose,SM-S906U1,GPU
2026-04-22 16:44:08.432,109.548,27.416,55.893,1.088,2.944,6.348,11.443,0.044,false,20.383,MODERATE,9,sequential_yolo_pose,SM-S906U1,GPU
2026-04-22 16:44:08.554,116.758,28.097,53.553,1.018,2.561,10.742,15.706,0.050,false,20.328,MODERATE,9,sequential_yolo_pose,SM-S906U1,GPU
2026-04-22 16:44:08.673,114.826,27.416,53.471,1.065,2.866,10.435,15.197,0.076,false,20.320,MODERATE,9,sequential_yolo_pose,SM-S906U1,GPU
2026-04-22 16:44:08.792,109.206,23.649,53.706,0.724,1.839,13.418,11.819,0.061,false,20.430,MODERATE,9,sequential_yolo_pose,SM-S906U1,GPU
2026-04-22 16:44:08.902,106.903,27.706,54.952,0.647,1.906,7.318,10.458,0.060,false,20.301,MODERATE,9,sequential_yolo_pose,SM-S906U1,GPU
2026-04-22 16:44:09.035,121.857,30.003,59.580,1.235,2.309,11.216,12.557,0.048,false,20.328,MODERATE,8,sequential_yolo_pose,SM-S906U1,GPU
2026-04-22 16:44:09.158,116.407,27.288,56.609,0.781,1.830,13.467,11.975,0.050,false,20.363,MODERATE,8,sequential_yolo_pose,SM-S906U1,GPU
2026-04-22 16:44:09.276,113.154,29.672,56.619,0.488,1.512,8.517,12.005,0.050,false,20.297,MODERATE,8,sequential_yolo_pose,SM-S906U1,GPU
2026-04-22 16:44:09.396,113.359,24.947,57.732,1.053,2.841,10.792,11.423,0.055,false,20.328,MODERATE,8,sequential_yolo_pose,SM-S906U1,GPU
2026-04-22 16:44:09.515,114.576,28.871,55.196,0.835,2.003,6.310,12.923,0.253,false,20.297,MODERATE,8,sequential_yolo_pose,SM-S906U1,GPU
2026-04-22 16:44:09.631,111.054,25.400,53.624,1.262,2.894,11.072,12.512,0.064,false,20.359,MODERATE,8,sequential_yolo_pose,SM-S906U1,GPU
2026-04-22 16:44:09.752,112.199,23.863,52.908,0.878,2.213,9.118,15.912,0.053,false,20.328,MODERATE,8,sequential_yolo_pose,SM-S906U1,GPU
2026-04-22 16:44:09.869,112.138,27.469,52.788,1.143,5.232,9.204,11.609,0.046,false,20.418,MODERATE,8,sequential_yolo_pose,SM-S906U1,GPU
2026-04-22 16:44:09.984,107.774,25.946,53.487,0.753,2.193,7.938,13.151,0.050,false,20.328,MODERATE,8,sequential_yolo_pose,SM-S906U1,GPU
2026-04-22 16:44:10.097,107.927,26.862,52.099,1.097,2.965,9.040,11.524,0.052,false,20.332,MODERATE,9,sequential_yolo_pose,SM-S906U1,GPU
2026-04-22 16:44:10.215,111.851,30.024,56.199,0.662,1.590,6.746,10.968,0.052,false,20.391,MODERATE,9,sequential_yolo_pose,SM-S906U1,GPU
2026-04-22 16:44:10.335,116.040,31.530,53.657,0.865,5.415,7.109,13.243,0.408,false,20.297,MODERATE,9,sequential_yolo_pose,SM-S906U1,GPU
2026-04-22 16:44:10.441,99.866,24.217,53.664,0.546,1.455,5.304,10.873,0.042,false,20.266,MODERATE,9,sequential_yolo_pose,SM-S906U1,GPU
2026-04-22 16:44:10.566,119.487,26.006,55.848,1.283,3.088,16.044,12.684,0.043,false,20.328,MODERATE,9,sequential_yolo_pose,SM-S906U1,GPU
2026-04-22 16:44:10.684,113.903,28.599,54.633,1.366,2.851,9.488,11.749,0.036,false,20.328,MODERATE,9,sequential_yolo_pose,SM-S906U1,GPU
2026-04-22 16:44:10.801,112.346,24.707,55.204,1.121,2.990,10.909,11.393,0.043,false,20.359,MODERATE,9,sequential_yolo_pose,SM-S906U1,GPU
2026-04-22 16:44:10.924,107.740,20.299,55.744,1.128,3.014,10.925,13.437,0.051,false,20.359,MODERATE,9,sequential_yolo_pose,SM-S906U1,GPU
2026-04-22 16:44:11.035,107.311,26.896,53.950,0.717,1.910,8.108,11.574,0.047,false,20.445,MODERATE,8,sequential_yolo_pose,SM-S906U1,GPU
2026-04-22 16:44:11.149,107.076,23.279,56.934,0.745,1.895,7.432,10.887,0.060,false,20.297,MODERATE,8,sequential_yolo_pose,SM-S906U1,GPU
2026-04-22 16:44:11.264,109.748,26.611,53.536,0.973,2.831,10.105,11.084,0.062,false,20.301,MODERATE,8,sequential_yolo_pose,SM-S906U1,GPU
2026-04-22 16:44:11.386,117.796,27.599,54.643,0.921,2.785,10.901,14.362,0.051,false,20.363,MODERATE,8,sequential_yolo_pose,SM-S906U1,GPU
2026-04-22 16:44:11.502,110.529,26.788,52.117,1.171,2.730,10.285,12.852,0.050,false,20.328,MODERATE,8,sequential_yolo_pose,SM-S906U1,GPU
2026-04-22 16:44:11.597,85.660,27.993,53.702,0.230,0.000,0.000,0.000,0.000,true,16.934,MODERATE,8,sequential_yolo_pose,SM-S906U1,GPU
2026-04-22 16:44:11.712,110.183,41.928,57.902,0.736,0.000,0.000,0.000,0.000,true,30.516,MODERATE,8,sequential_yolo_pose,SM-S906U1,GPU
2026-04-22 16:44:11.819,99.968,39.235,53.965,0.619,0.000,0.000,0.000,0.000,true,18.230,MODERATE,8,sequential_yolo_pose,SM-S906U1,GPU
2026-04-22 16:44:11.924,100.169,37.792,56.076,0.801,0.000,0.000,0.000,0.000,true,31.781,MODERATE,8,sequential_yolo_pose,SM-S906U1,GPU
2026-04-22 16:44:12.056,126.044,39.518,54.880,0.665,2.520,11.274,10.870,0.043,false,21.688,MODERATE,9,sequential_yolo_pose,SM-S906U1,GPU
2026-04-22 16:44:12.168,107.356,28.214,53.944,0.973,1.620,6.450,10.667,0.029,false,38.695,MODERATE,9,sequential_yolo_pose,SM-S906U1,GPU
2026-04-22 16:44:12.297,114.906,29.797,52.826,0.809,2.149,13.861,11.515,0.046,false,20.359,MODERATE,9,sequential_yolo_pose,SM-S906U1,GPU
2026-04-22 16:44:12.409,106.678,26.393,55.009,0.650,1.580,6.228,11.236,0.046,false,20.363,MODERATE,9,sequential_yolo_pose,SM-S906U1,GPU
2026-04-22 16:44:12.526,111.009,25.941,54.201,0.808,3.297,11.886,10.759,0.055,false,20.328,MODERATE,9,sequential_yolo_pose,SM-S906U1,GPU
2026-04-22 16:44:12.643,112.226,28.956,52.498,1.023,3.080,9.668,12.068,0.045,false,20.328,MODERATE,9,sequential_yolo_pose,SM-S906U1,GPU
2026-04-22 16:44:12.761,110.206,27.097,52.396,0.572,2.853,12.477,10.614,0.031,false,20.328,MODERATE,9,sequential_yolo_pose,SM-S906U1,GPU
2026-04-22 16:44:12.850,82.976,25.466,51.851,0.390,0.000,0.000,0.000,0.000,true,16.953,MODERATE,9,sequential_yolo_pose,SM-S906U1,GPU
2026-04-22 16:44:12.981,125.708,34.333,54.495,0.907,2.453,8.627,19.463,0.049,false,33.961,MODERATE,9,sequential_yolo_pose,SM-S906U1,GPU
2026-04-22 16:44:13.107,119.931,32.726,56.145,1.397,2.841,6.256,15.486,0.035,false,30.367,MODERATE,9,sequential_yolo_pose,SM-S906U1,GPU
2026-04-22 16:44:13.225,110.740,26.376,53.945,0.523,3.131,10.877,11.852,0.051,false,20.332,MODERATE,9,sequential_yolo_pose,SM-S906U1,GPU
2026-04-22 16:44:13.334,103.186,27.653,52.220,0.495,1.354,5.133,11.856,0.051,false,20.266,MODERATE,9,sequential_yolo_pose,SM-S906U1,GPU
2026-04-22 16:44:13.449,109.839,22.242,56.235,0.966,2.941,10.999,12.530,0.053,false,20.328,MODERATE,9,sequential_yolo_pose,SM-S906U1,GPU
2026-04-22 16:44:13.564,109.276,25.533,55.697,1.702,2.825,9.310,9.960,0.045,false,20.328,MODERATE,9,sequential_yolo_pose,SM-S906U1,GPU
2026-04-22 16:44:13.679,109.534,26.968,56.044,0.600,1.489,6.136,14.124,0.049,false,20.363,MODERATE,9,sequential_yolo_pose,SM-S906U1,GPU
2026-04-22 16:44:13.795,110.037,26.396,52.906,1.094,2.942,10.671,11.816,0.054,false,20.328,MODERATE,9,sequential_yolo_pose,SM-S906U1,GPU
2026-04-22 16:44:13.914,113.657,26.510,51.266,0.922,2.270,9.181,16.306,0.066,false,20.328,MODERATE,9,sequential_yolo_pose,SM-S906U1,GPU
2026-04-22 16:44:14.030,111.257,25.241,52.895,1.161,2.892,12.153,11.463,0.055,false,20.383,MODERATE,9,sequential_yolo_pose,SM-S906U1,GPU
2026-04-22 16:44:14.138,103.274,27.031,53.904,0.559,1.277,4.887,11.744,0.046,false,20.301,MODERATE,9,sequential_yolo_pose,SM-S906U1,GPU
2026-04-22 16:44:14.263,115.892,24.865,55.408,1.249,2.663,15.129,12.175,0.047,false,20.328,MODERATE,9,sequential_yolo_pose,SM-S906U1,GPU
2026-04-22 16:44:14.376,106.908,28.185,52.277,0.909,2.126,7.947,11.007,0.077,false,20.328,MODERATE,9,sequential_yolo_pose,SM-S906U1,GPU
2026-04-22 16:44:14.497,111.843,28.327,52.869,1.553,3.030,10.308,10.692,0.053,false,20.391,MODERATE,9,sequential_yolo_pose,SM-S906U1,GPU
2026-04-22 16:44:14.624,120.824,27.809,55.574,1.210,2.930,16.673,10.428,0.052,false,20.363,MODERATE,9,sequential_yolo_pose,SM-S906U1,GPU
2026-04-22 16:44:14.739,111.187,25.684,55.222,1.115,2.864,9.454,11.011,0.049,false,20.328,MODERATE,9,sequential_yolo_pose,SM-S906U1,GPU
2026-04-22 16:44:14.859,112.332,27.073,54.005,1.278,2.913,10.168,11.521,0.044,false,20.328,MODERATE,9,sequential_yolo_pose,SM-S906U1,GPU
2026-04-22 16:44:14.972,106.496,24.941,52.614,1.093,2.238,8.262,12.549,0.044,false,20.266,MODERATE,9,sequential_yolo_pose,SM-S906U1,GPU
2026-04-22 16:44:15.087,107.066,27.768,52.300,1.315,1.521,7.977,11.153,0.040,false,20.453,MODERATE,8,sequential_yolo_pose,SM-S906U1,GPU
2026-04-22 16:44:15.199,107.156,28.332,53.681,1.018,2.405,6.528,11.123,0.035,false,20.332,MODERATE,8,sequential_yolo_pose,SM-S906U1,GPU
2026-04-22 16:44:15.307,100.683,23.525,51.547,0.766,1.481,5.396,10.843,0.058,false,20.297,MODERATE,8,sequential_yolo_pose,SM-S906U1,GPU
2026-04-22 16:44:15.422,107.415,21.663,56.286,1.045,2.514,8.484,13.764,0.033,false,20.391,MODERATE,8,sequential_yolo_pose,SM-S906U1,GPU
2026-04-22 16:44:15.533,107.061,25.728,53.195,1.228,2.723,8.607,11.160,0.038,false,20.332,MODERATE,8,sequential_yolo_pose,SM-S906U1,GPU
2026-04-22 16:44:15.644,103.122,20.934,53.813,1.340,2.583,8.963,12.204,0.061,false,20.297,MODERATE,8,sequential_yolo_pose,SM-S906U1,GPU
2026-04-22 16:44:15.773,123.627,31.580,57.223,1.341,2.228,11.827,14.652,0.036,false,20.391,MODERATE,8,sequential_yolo_pose,SM-S906U1,GPU
2026-04-22 16:44:15.889,110.346,24.369,54.258,1.333,3.277,10.808,11.808,0.051,false,20.359,MODERATE,8,sequential_yolo_pose,SM-S906U1,GPU
2026-04-22 16:44:16.010,115.360,29.778,53.150,1.318,3.117,9.192,14.729,0.036,false,20.328,MODERATE,8,sequential_yolo_pose,SM-S906U1,GPU
2026-04-22 16:44:16.126,109.713,25.206,56.152,1.294,2.887,9.292,10.355,0.054,false,20.391,MODERATE,9,sequential_yolo_pose,SM-S906U1,GPU
2026-04-22 16:44:16.232,100.685,21.576,52.388,0.743,4.261,7.295,11.288,0.032,false,20.332,MODERATE,9,sequential_yolo_pose,SM-S906U1,GPU
2026-04-22 16:44:16.338,100.288,21.212,53.852,0.761,1.820,6.736,11.170,0.060,false,20.359,MODERATE,9,sequential_yolo_pose,SM-S906U1,GPU
2026-04-22 16:44:16.462,116.007,26.768,54.895,0.935,3.529,15.582,10.185,0.048,false,20.332,MODERATE,9,sequential_yolo_pose,SM-S906U1,GPU
2026-04-22 16:44:16.573,105.752,25.723,53.202,0.775,1.836,6.323,13.899,0.040,false,20.359,MODERATE,9,sequential_yolo_pose,SM-S906U1,GPU
2026-04-22 16:44:16.658,78.616,21.153,53.648,0.842,0.000,0.000,0.000,0.000,true,16.961,MODERATE,9,sequential_yolo_pose,SM-S906U1,GPU
2026-04-22 16:44:16.796,130.629,33.663,54.991,0.745,3.084,14.795,12.806,0.067,false,33.969,MODERATE,9,sequential_yolo_pose,SM-S906U1,GPU
2026-04-22 16:44:16.917,110.437,27.818,53.976,0.581,1.404,7.744,14.554,0.044,false,20.359,MODERATE,9,sequential_yolo_pose,SM-S906U1,GPU
2026-04-22 16:44:17.033,110.998,26.259,51.236,1.075,6.538,9.159,11.685,0.046,false,20.328,MODERATE,9,sequential_yolo_pose,SM-S906U1,GPU
2026-04-22 16:44:17.127,87.352,27.350,55.390,0.574,0.000,0.000,0.000,0.000,true,16.902,MODERATE,9,sequential_yolo_pose,SM-S906U1,GPU
2026-04-22 16:44:17.242,109.452,33.420,54.177,0.482,1.225,4.846,10.232,0.038,false,33.942,MODERATE,9,sequential_yolo_pose,SM-S906U1,GPU
2026-04-22 16:44:17.359,101.479,17.457,55.792,0.655,4.762,9.153,10.196,0.037,false,20.332,MODERATE,9,sequential_yolo_pose,SM-S906U1,GPU
2026-04-22 16:44:17.470,106.013,24.265,56.493,0.563,1.593,5.547,12.157,0.051,false,20.363,MODERATE,9,sequential_yolo_pose,SM-S906U1,GPU
2026-04-22 16:44:17.582,105.010,21.201,56.779,0.724,2.615,7.008,13.011,0.044,false,20.363,MODERATE,9,sequential_yolo_pose,SM-S906U1,GPU
2026-04-22 16:44:17.679,93.378,17.712,52.254,0.713,1.479,6.883,11.399,0.037,false,20.297,MODERATE,9,sequential_yolo_pose,SM-S906U1,GPU
2026-04-22 16:44:17.792,109.579,23.628,59.506,0.623,2.018,7.835,12.455,0.043,false,20.395,MODERATE,9,sequential_yolo_pose,SM-S906U1,GPU
2026-04-22 16:44:17.895,99.136,21.222,55.222,0.628,3.341,5.516,9.886,0.033,false,20.359,MODERATE,9,sequential_yolo_pose,SM-S906U1,GPU
2026-04-22 16:44:17.998,100.568,24.019,52.804,0.687,1.785,5.789,11.324,0.054,false,20.266,MODERATE,9,sequential_yolo_pose,SM-S906U1,GPU
2026-04-22 16:44:18.107,105.010,24.506,55.319,0.438,1.044,4.395,15.244,0.092,false,20.520,MODERATE,9,sequential_yolo_pose,SM-S906U1,GPU
2026-04-22 16:44:18.211,100.747,22.148,54.596,0.767,1.611,5.897,10.217,0.033,false,20.328,MODERATE,9,sequential_yolo_pose,SM-S906U1,GPU
2026-04-22 16:44:18.318,102.753,24.892,54.546,0.756,1.840,7.175,9.888,0.051,false,20.328,MODERATE,9,sequential_yolo_pose,SM-S906U1,GPU
2026-04-22 16:44:18.423,101.041,23.078,53.356,0.767,1.983,8.072,10.159,0.032,false,20.328,MODERATE,9,sequential_yolo_pose,SM-S906U1,GPU
2026-04-22 16:44:18.532,104.333,26.591,53.644,0.778,3.677,6.008,10.172,0.049,false,20.383,MODERATE,9,sequential_yolo_pose,SM-S906U1,GPU
2026-04-22 16:44:18.635,97.186,19.846,53.864,0.742,1.573,6.120,10.679,0.024,false,20.297,MODERATE,9,sequential_yolo_pose,SM-S906U1,GPU
2026-04-22 16:44:18.742,100.528,21.956,55.543,0.863,1.752,6.179,10.592,0.048,false,20.266,MODERATE,9,sequential_yolo_pose,SM-S906U1,GPU
2026-04-22 16:44:18.852,105.635,23.938,56.478,0.813,1.710,6.701,12.313,0.027,false,20.391,MODERATE,9,sequential_yolo_pose,SM-S906U1,GPU
2026-04-22 16:44:18.968,110.848,24.396,56.488,1.026,2.217,10.620,12.420,0.045,false,20.297,MODERATE,9,sequential_yolo_pose,SM-S906U1,GPU
2026-04-22 16:44:19.089,103.629,23.958,52.295,1.091,4.122,6.788,11.979,0.070,false,20.328,MODERATE,9,sequential_yolo_pose,SM-S906U1,GPU
2026-04-22 16:44:19.207,113.425,29.057,54.307,0.921,2.211,7.945,14.528,0.056,false,20.356,MODERATE,9,sequential_yolo_pose,SM-S906U1,GPU
2026-04-22 16:44:19.342,126.107,25.730,58.253,1.182,6.923,14.093,15.377,0.055,false,20.391,MODERATE,9,sequential_yolo_pose,SM-S906U1,GPU
2026-04-22 16:44:19.462,115.138,26.341,54.758,0.917,3.983,13.774,11.375,0.044,false,20.391,MODERATE,9,sequential_yolo_pose,SM-S906U1,GPU
2026-04-22 16:44:19.581,113.012,26.047,55.047,1.004,2.384,8.932,15.364,0.057,false,20.332,MODERATE,9,sequential_yolo_pose,SM-S906U1,GPU
2026-04-22 16:44:19.692,107.202,22.339,54.088,1.205,2.727,11.384,11.400,0.050,false,20.391,MODERATE,9,sequential_yolo_pose,SM-S906U1,GPU
2026-04-22 16:44:19.815,117.675,34.577,54.701,1.294,2.263,9.176,10.662,0.052,false,20.266,MODERATE,9,sequential_yolo_pose,SM-S906U1,GPU
2026-04-22 16:44:19.936,115.892,28.190,56.330,1.261,3.328,10.210,11.494,0.048,false,20.328,MODERATE,9,sequential_yolo_pose,SM-S906U1,GPU
2026-04-22 16:44:20.059,115.497,28.129,53.678,0.784,3.256,11.468,12.459,0.030,false,20.328,MODERATE,9,sequential_yolo_pose,SM-S906U1,GPU
2026-04-22 16:44:20.174,108.162,28.042,53.839,0.548,1.603,4.764,11.859,0.058,false,20.297,MODERATE,9,sequential_yolo_pose,SM-S906U1,GPU
2026-04-22 16:44:20.292,111.545,29.083,53.336,0.640,1.590,10.690,11.144,0.044,false,20.328,MODERATE,9,sequential_yolo_pose,SM-S906U1,GPU
2026-04-22 16:44:20.408,111.135,28.536,53.474,1.400,2.701,8.727,12.293,0.045,false,20.359,MODERATE,9,sequential_yolo_pose,SM-S906U1,GPU
2026-04-22 16:44:20.525,108.151,25.380,54.049,0.889,4.603,7.635,11.481,0.048,false,14.461,MODERATE,9,sequential_yolo_pose,SM-S906U1,GPU
2026-04-22 16:44:20.652,120.302,32.606,53.260,0.836,2.316,9.211,18.286,0.045,false,21.535,MODERATE,9,sequential_yolo_pose,SM-S906U1,GPU
2026-04-22 16:44:20.769,113.389,24.907,54.114,1.245,2.711,13.297,13.159,0.031,false,38.574,MODERATE,9,sequential_yolo_pose,SM-S906U1,GPU
2026-04-22 16:44:20.895,113.105,27.594,54.036,1.387,2.815,11.002,11.510,0.053,false,20.391,MODERATE,9,sequential_yolo_pose,SM-S906U1,GPU
2026-04-22 16:44:21.007,108.056,24.353,53.753,1.243,2.219,8.889,11.559,0.070,false,20.328,MODERATE,9,sequential_yolo_pose,SM-S906U1,GPU
2026-04-22 16:44:21.128,110.720,28.513,52.287,0.954,3.872,10.161,10.484,0.034,false,20.359,MODERATE,8,sequential_yolo_pose,SM-S906U1,GPU
2026-04-22 16:44:21.237,104.880,28.526,54.199,0.677,1.602,4.993,10.379,0.044,false,20.328,MODERATE,8,sequential_yolo_pose,SM-S906U1,GPU
2026-04-22 16:44:21.354,106.785,27.309,52.744,0.961,2.330,7.873,11.068,0.053,false,20.297,MODERATE,8,sequential_yolo_pose,SM-S906U1,GPU
2026-04-22 16:44:21.469,111.698,32.259,52.919,1.144,1.758,6.696,11.426,0.042,false,20.266,MODERATE,8,sequential_yolo_pose,SM-S906U1,GPU
2026-04-22 16:44:21.593,116.602,27.041,54.502,0.892,4.412,10.946,12.094,0.051,false,20.328,MODERATE,8,sequential_yolo_pose,SM-S906U1,GPU
2026-04-22 16:44:21.690,89.284,28.576,54.003,0.422,0.000,0.000,0.000,0.000,true,16.934,MODERATE,8,sequential_yolo_pose,SM-S906U1,GPU
2026-04-22 16:44:21.790,96.067,34.773,55.547,0.598,0.000,0.000,0.000,0.000,true,30.578,MODERATE,8,sequential_yolo_pose,SM-S906U1,GPU
2026-04-22 16:44:21.894,99.125,39.472,52.811,0.784,0.000,0.000,0.000,0.000,true,18.590,MODERATE,8,sequential_yolo_pose,SM-S906U1,GPU
2026-04-22 16:44:22.028,125.050,32.379,55.868,1.313,4.503,11.080,12.055,0.048,false,35.473,MODERATE,8,sequential_yolo_pose,SM-S906U1,GPU
2026-04-22 16:44:22.146,110.813,27.888,55.936,0.969,2.569,5.466,12.105,0.077,false,21.965,MODERATE,9,sequential_yolo_pose,SM-S906U1,GPU
2026-04-22 16:44:22.277,127.415,24.069,57.804,1.169,2.614,15.225,20.134,0.032,false,38.973,MODERATE,9,sequential_yolo_pose,SM-S906U1,GPU
2026-04-22 16:44:22.402,107.706,27.571,53.652,0.957,2.475,7.871,11.280,0.053,false,20.297,MODERATE,9,sequential_yolo_pose,SM-S906U1,GPU
2026-04-22 16:44:22.501,89.704,27.898,55.701,0.869,0.000,0.000,0.000,0.000,true,16.934,MODERATE,9,sequential_yolo_pose,SM-S906U1,GPU
2026-04-22 16:44:22.600,87.598,26.620,55.390,1.295,0.000,0.000,0.000,0.000,true,30.578,MODERATE,9,sequential_yolo_pose,SM-S906U1,GPU
2026-04-22 16:44:22.730,121.752,31.653,53.045,1.067,7.978,10.502,11.596,0.042,false,21.992,MODERATE,9,sequential_yolo_pose,SM-S906U1,GPU
2026-04-22 16:44:22.849,114.233,27.426,56.106,0.954,1.950,8.778,14.432,0.042,false,38.938,MODERATE,9,sequential_yolo_pose,SM-S906U1,GPU
2026-04-22 16:44:22.971,113.156,30.350,55.317,0.730,2.137,8.085,10.295,0.041,false,20.266,MODERATE,9,sequential_yolo_pose,SM-S906U1,GPU
2026-04-22 16:44:23.099,118.601,28.756,52.988,1.353,2.970,15.737,12.406,0.034,false,20.359,MODERATE,9,sequential_yolo_pose,SM-S906U1,GPU
2026-04-22 16:44:23.219,113.229,25.614,53.160,1.126,2.434,9.086,17.380,0.043,false,20.359,MODERATE,8,sequential_yolo_pose,SM-S906U1,GPU
2026-04-22 16:44:23.333,109.216,26.641,56.871,1.223,3.616,5.693,10.924,0.042,false,20.363,MODERATE,8,sequential_yolo_pose,SM-S906U1,GPU
2026-04-22 16:44:23.442,102.132,22.109,53.278,1.100,2.264,9.170,10.728,0.031,false,20.297,MODERATE,8,sequential_yolo_pose,SM-S906U1,GPU
2026-04-22 16:44:23.558,110.591,28.612,52.649,0.560,3.522,9.715,10.541,0.044,false,20.422,MODERATE,8,sequential_yolo_pose,SM-S906U1,GPU
2026-04-22 16:44:23.668,105.877,28.126,54.590,0.585,1.503,4.972,11.928,0.048,false,20.328,MODERATE,8,sequential_yolo_pose,SM-S906U1,GPU
2026-04-22 16:44:23.782,110.638,26.479,53.692,0.606,1.870,10.507,13.416,0.036,false,20.359,MODERATE,8,sequential_yolo_pose,SM-S906U1,GPU
2026-04-22 16:44:23.898,110.113,26.298,53.399,0.880,3.117,11.199,10.154,0.053,false,20.352,MODERATE,8,sequential_yolo_pose,SM-S906U1,GPU
2026-04-22 16:44:24.010,107.623,26.840,52.385,0.748,2.152,8.002,12.528,0.052,false,20.297,MODERATE,8,sequential_yolo_pose,SM-S906U1,GPU
2026-04-22 16:44:24.128,112.664,28.277,55.243,1.070,2.576,9.856,11.525,0.047,false,14.523,MODERATE,9,sequential_yolo_pose,SM-S906U1,GPU
2026-04-22 16:44:24.241,108.074,25.893,52.959,0.931,2.660,8.091,12.123,0.047,false,21.539,MODERATE,9,sequential_yolo_pose,SM-S906U1,GPU
2026-04-22 16:44:24.362,114.603,29.191,54.994,1.284,2.887,7.985,11.098,0.032,false,38.547,MODERATE,9,sequential_yolo_pose,SM-S906U1,GPU
2026-04-22 16:44:24.472,105.504,26.811,55.127,0.602,1.544,5.523,10.542,0.031,false,30.586,MODERATE,9,sequential_yolo_pose,SM-S906U1,GPU
2026-04-22 16:44:24.589,109.762,24.981,55.391,1.485,5.844,6.879,9.979,0.038,false,28.817,MODERATE,9,sequential_yolo_pose,SM-S906U1,GPU
2026-04-22 16:44:24.704,110.408,25.682,56.717,1.362,2.859,6.502,11.767,0.136,false,29.746,MODERATE,9,sequential_yolo_pose,SM-S906U1,GPU
2026-04-22 16:44:24.830,119.461,27.939,53.888,0.771,2.712,15.688,13.131,0.054,false,20.332,MODERATE,9,sequential_yolo_pose,SM-S906U1,GPU
2026-04-22 16:44:24.944,109.301,25.441,55.297,0.997,2.839,7.514,12.981,0.048,false,20.266,MODERATE,9,sequential_yolo_pose,SM-S906U1,GPU
2026-04-22 16:44:25.063,113.111,29.458,51.909,0.924,2.310,12.751,10.943,0.051,false,20.359,MODERATE,9,sequential_yolo_pose,SM-S906U1,GPU
2026-04-22 16:44:25.175,106.870,29.187,53.845,0.627,1.499,5.630,10.640,0.028,false,20.363,MODERATE,9,sequential_yolo_pose,SM-S906U1,GPU
2026-04-22 16:44:25.301,119.711,26.604,53.755,1.485,7.446,13.927,12.486,0.047,false,20.363,MODERATE,9,sequential_yolo_pose,SM-S906U1,GPU
2026-04-22 16:44:25.418,112.628,31.243,52.672,1.053,2.757,9.110,11.452,0.047,false,20.359,MODERATE,9,sequential_yolo_pose,SM-S906U1,GPU
2026-04-22 16:44:25.537,111.446,31.854,52.030,1.517,3.048,6.049,12.573,0.044,false,20.297,MODERATE,9,sequential_yolo_pose,SM-S906U1,GPU
2026-04-22 16:44:25.644,102.203,26.319,51.753,0.617,1.403,5.745,10.807,0.048,false,20.266,MODERATE,9,sequential_yolo_pose,SM-S906U1,GPU
2026-04-22 16:44:25.764,114.239,30.308,54.187,1.179,3.004,9.170,12.086,0.058,false,20.297,MODERATE,9,sequential_yolo_pose,SM-S906U1,GPU
2026-04-22 16:44:25.889,118.024,27.544,54.455,1.239,3.187,10.169,16.938,0.062,false,20.328,MODERATE,9,sequential_yolo_pose,SM-S906U1,GPU
2026-04-22 16:44:25.998,103.194,23.723,53.264,1.207,2.998,6.476,10.745,0.048,false,20.352,MODERATE,9,sequential_yolo_pose,SM-S906U1,GPU
2026-04-22 16:44:26.108,102.803,24.880,56.144,0.548,1.387,5.469,10.007,0.073,false,20.270,MODERATE,9,sequential_yolo_pose,SM-S906U1,GPU
2026-04-22 16:44:26.227,112.607,25.413,55.148,0.975,2.410,12.896,11.699,0.029,false,20.359,MODERATE,9,sequential_yolo_pose,SM-S906U1,GPU
2026-04-22 16:44:26.353,121.758,31.303,59.363,0.895,2.498,8.079,13.596,0.049,false,20.359,MODERATE,9,sequential_yolo_pose,SM-S906U1,GPU
2026-04-22 16:44:26.470,111.515,27.484,54.160,0.915,4.986,7.797,12.001,0.044,false,20.359,MODERATE,9,sequential_yolo_pose,SM-S906U1,GPU
2026-04-22 16:44:26.598,120.437,26.098,57.910,1.326,2.865,16.389,11.631,0.038,false,20.391,MODERATE,9,sequential_yolo_pose,SM-S906U1,GPU
2026-04-22 16:44:26.704,99.900,20.892,54.632,1.235,2.838,5.048,11.583,0.040,false,20.387,MODERATE,9,sequential_yolo_pose,SM-S906U1,GPU
2026-04-22 16:44:26.825,110.675,26.381,52.744,0.529,3.683,11.719,11.575,0.031,false,20.328,MODERATE,9,sequential_yolo_pose,SM-S906U1,GPU
2026-04-22 16:44:26.920,89.073,26.037,57.088,0.791,0.000,0.000,0.000,0.000,true,16.906,MODERATE,9,sequential_yolo_pose,SM-S906U1,GPU
2026-04-22 16:44:27.045,120.081,34.785,53.495,1.155,3.608,6.008,15.148,0.032,false,34.039,MODERATE,9,sequential_yolo_pose,SM-S906U1,GPU
2026-04-22 16:44:27.156,103.261,26.347,52.670,0.611,1.724,5.866,12.367,0.045,false,20.551,MODERATE,8,sequential_yolo_pose,SM-S906U1,GPU
2026-04-22 16:44:27.272,111.011,27.287,55.849,0.921,2.896,7.839,12.197,0.048,false,20.328,MODERATE,8,sequential_yolo_pose,SM-S906U1,GPU
2026-04-22 16:44:27.383,105.589,26.209,53.010,1.007,2.872,7.980,10.239,0.048,false,20.297,MODERATE,8,sequential_yolo_pose,SM-S906U1,GPU
2026-04-22 16:44:27.497,109.480,25.694,53.951,1.026,3.759,11.025,9.858,0.040,false,20.391,MODERATE,8,sequential_yolo_pose,SM-S906U1,GPU
2026-04-22 16:44:27.609,104.596,29.338,53.539,0.483,1.744,4.940,10.111,0.063,false,20.266,MODERATE,8,sequential_yolo_pose,SM-S906U1,GPU
2026-04-22 16:44:27.727,113.683,27.507,52.901,1.220,4.157,10.378,12.473,0.074,false,20.328,MODERATE,8,sequential_yolo_pose,SM-S906U1,GPU
2026-04-22 16:44:27.839,107.420,25.043,54.602,0.885,3.458,8.262,10.539,0.068,false,20.332,MODERATE,8,sequential_yolo_pose,SM-S906U1,GPU
2026-04-22 16:44:27.963,114.646,25.253,55.632,1.015,5.274,12.584,11.110,0.049,false,20.375,MODERATE,8,sequential_yolo_pose,SM-S906U1,GPU
2026-04-22 16:44:28.083,113.128,23.687,55.244,0.849,2.327,13.494,11.373,0.035,false,20.332,MODERATE,8,sequential_yolo_pose,SM-S906U1,GPU
2026-04-22 16:44:28.187,99.733,23.565,55.089,0.546,1.869,5.393,9.213,0.042,false,20.461,MODERATE,9,sequential_yolo_pose,SM-S906U1,GPU
2026-04-22 16:44:28.302,111.360,26.118,54.861,0.869,6.032,7.250,12.403,0.047,false,20.359,MODERATE,9,sequential_yolo_pose,SM-S906U1,GPU
2026-04-22 16:44:28.423,114.080,25.384,56.011,1.081,2.532,10.367,14.762,0.038,false,20.359,MODERATE,9,sequential_yolo_pose,SM-S906U1,GPU
2026-04-22 16:44:28.535,104.523,33.221,50.576,0.547,1.307,5.104,9.236,0.040,false,20.266,MODERATE,9,sequential_yolo_pose,SM-S906U1,GPU
2026-04-22 16:44:28.672,123.840,35.141,52.739,0.508,2.904,8.220,20.253,0.044,false,20.422,MODERATE,9,sequential_yolo_pose,SM-S906U1,GPU
2026-04-22 16:44:28.793,109.381,23.185,57.530,0.834,2.432,12.318,9.183,0.044,false,20.359,MODERATE,9,sequential_yolo_pose,SM-S906U1,GPU
2026-04-22 16:44:28.909,109.546,24.397,53.484,0.559,1.331,4.550,17.128,0.044,false,20.359,MODERATE,9,sequential_yolo_pose,SM-S906U1,GPU
2026-04-22 16:44:29.022,107.168,24.399,59.801,0.604,1.857,5.717,10.504,0.039,false,20.297,MODERATE,9,sequential_yolo_pose,SM-S906U1,GPU
2026-04-22 16:44:29.130,104.136,26.579,54.723,0.397,1.516,3.584,13.273,0.048,false,20.359,MODERATE,9,sequential_yolo_pose,SM-S906U1,GPU
2026-04-22 16:44:29.244,110.761,23.258,55.529,0.521,1.301,5.172,22.073,0.045,false,20.391,MODERATE,9,sequential_yolo_pose,SM-S906U1,GPU
2026-04-22 16:44:29.461,207.506,51.487,56.480,3.941,5.350,39.091,31.253,0.103,false,20.484,MODERATE,9,sequential_yolo_pose,SM-S906U1,GPU
2026-04-22 16:44:29.582,111.319,34.630,55.634,0.401,0.793,4.136,9.332,0.039,false,37.305,MODERATE,9,sequential_yolo_pose,SM-S906U1,GPU
2026-04-22 16:44:29.756,144.539,57.560,52.812,0.524,1.576,6.550,10.891,0.040,false,20.359,MODERATE,9,sequential_yolo_pose,SM-S906U1,GPU
2026-04-22 16:44:29.844,84.901,23.413,53.531,0.864,0.000,0.000,0.000,0.000,true,16.996,MODERATE,9,sequential_yolo_pose,SM-S906U1,GPU
2026-04-22 16:44:29.940,90.118,29.402,54.547,0.985,0.000,0.000,0.000,0.000,true,30.547,MODERATE,9,sequential_yolo_pose,SM-S906U1,GPU
2026-04-22 16:44:30.031,84.267,29.118,50.571,0.356,0.000,0.000,0.000,0.000,true,13.523,MODERATE,9,sequential_yolo_pose,SM-S906U1,GPU
2026-04-22 16:44:30.156,119.721,42.150,53.999,0.532,2.426,5.612,10.475,0.070,false,20.262,MODERATE,7,sequential_yolo_pose,SM-S906U1,GPU
2026-04-22 16:44:30.263,103.537,24.658,53.863,2.316,1.728,6.592,10.639,0.038,false,20.387,MODERATE,7,sequential_yolo_pose,SM-S906U1,GPU
2026-04-22 16:44:30.365,95.580,19.897,53.800,0.549,3.173,5.004,10.143,0.047,false,20.301,MODERATE,7,sequential_yolo_pose,SM-S906U1,GPU
2026-04-22 16:44:30.470,98.857,26.392,52.190,0.523,1.491,5.237,10.138,0.032,false,20.266,MODERATE,7,sequential_yolo_pose,SM-S906U1,GPU
2026-04-22 16:44:30.585,108.873,23.617,57.831,0.552,2.536,7.046,14.082,0.040,false,20.328,MODERATE,7,sequential_yolo_pose,SM-S906U1,GPU
2026-04-22 16:44:30.687,97.877,26.202,52.595,0.435,1.256,4.780,9.018,0.027,false,20.320,MODERATE,7,sequential_yolo_pose,SM-S906U1,GPU
2026-04-22 16:44:30.775,84.521,26.755,54.059,0.328,0.000,0.000,0.000,0.000,true,17.027,MODERATE,7,sequential_yolo_pose,SM-S906U1,GPU
2026-04-22 16:44:30.868,88.359,25.342,55.517,0.618,0.000,0.000,0.000,0.000,true,30.578,MODERATE,7,sequential_yolo_pose,SM-S906U1,GPU
2026-04-22 16:44:30.983,102.163,40.693,57.020,0.539,0.000,0.000,0.000,0.000,true,18.566,MODERATE,7,sequential_yolo_pose,SM-S906U1,GPU
2026-04-22 16:44:31.077,87.527,27.517,54.751,0.518,0.000,0.000,0.000,0.000,true,32.149,MODERATE,7,sequential_yolo_pose,SM-S906U1,GPU
2026-04-22 16:44:31.183,96.316,37.011,54.692,0.340,0.000,0.000,0.000,0.000,true,18.281,MODERATE,10,sequential_yolo_pose,SM-S906U1,GPU
2026-04-22 16:44:31.277,88.552,27.733,53.995,0.580,0.000,0.000,0.000,0.000,true,31.863,MODERATE,10,sequential_yolo_pose,SM-S906U1,GPU
2026-04-22 16:44:31.383,98.357,38.147,54.210,0.414,0.000,0.000,0.000,0.000,true,18.250,MODERATE,10,sequential_yolo_pose,SM-S906U1,GPU
2026-04-22 16:44:31.501,111.972,20.906,53.932,0.282,0.000,0.000,0.000,0.000,true,31.863,MODERATE,10,sequential_yolo_pose,SM-S906U1,GPU
2026-04-22 16:44:31.606,97.982,25.098,55.113,0.496,0.000,0.000,0.000,0.000,true,13.465,MODERATE,10,sequential_yolo_pose,SM-S906U1,GPU
2026-04-22 16:44:31.717,96.167,26.446,53.066,0.390,0.000,0.000,0.000,0.000,true,16.898,MODERATE,10,sequential_yolo_pose,SM-S906U1,GPU
2026-04-22 16:44:31.867,145.005,25.130,55.597,0.812,10.447,14.295,13.319,0.032,false,33.969,MODERATE,10,sequential_yolo_pose,SM-S906U1,GPU
2026-04-22 16:44:31.978,93.825,26.066,51.607,0.877,0.000,0.000,0.000,0.000,true,16.902,MODERATE,10,sequential_yolo_pose,SM-S906U1,GPU
2026-04-22 16:44:32.082,94.730,23.062,52.224,0.460,0.000,0.000,0.000,0.000,true,30.547,MODERATE,10,sequential_yolo_pose,SM-S906U1,GPU
2026-04-22 16:44:32.210,124.284,30.999,54.092,0.718,1.858,5.073,13.206,0.062,false,21.984,MODERATE,9,sequential_yolo_pose,SM-S906U1,GPU
2026-04-22 16:44:32.299,85.253,19.917,55.772,0.192,0.000,0.000,0.000,0.000,true,35.535,MODERATE,9,sequential_yolo_pose,SM-S906U1,GPU
2026-04-22 16:44:32.427,122.067,25.870,58.082,0.349,1.926,4.014,11.242,0.126,false,22.055,MODERATE,9,sequential_yolo_pose,SM-S906U1,GPU
2026-04-22 16:44:32.573,141.734,27.280,58.109,0.873,2.571,6.061,18.333,0.092,false,13.442,MODERATE,9,sequential_yolo_pose,SM-S906U1,GPU
2026-04-22 16:44:32.695,100.832,16.797,53.583,0.178,0.000,0.000,0.000,0.000,true,16.938,MODERATE,9,sequential_yolo_pose,SM-S906U1,GPU
2026-04-22 16:44:32.790,91.883,19.816,56.829,0.333,0.000,0.000,0.000,0.000,true,30.551,MODERATE,9,sequential_yolo_pose,SM-S906U1,GPU
2026-04-22 16:44:32.887,93.239,22.661,57.198,0.397,0.000,0.000,0.000,0.000,true,18.637,MODERATE,9,sequential_yolo_pose,SM-S906U1,GPU
2026-04-22 16:44:32.985,92.833,17.813,53.282,0.387,0.000,0.000,0.000,0.000,true,32.188,MODERATE,9,sequential_yolo_pose,SM-S906U1,GPU
2026-04-22 16:44:33.073,85.140,19.951,52.799,0.298,0.000,0.000,0.000,0.000,true,18.145,MODERATE,9,sequential_yolo_pose,SM-S906U1,GPU
2026-04-22 16:44:33.175,94.511,17.141,52.146,0.464,1.068,3.929,9.270,0.025,false,35.090,MODERATE,9,sequential_yolo_pose,SM-S906U1,GPU
2026-04-22 16:44:33.289,107.357,25.352,53.891,0.518,1.151,4.544,9.904,0.027,false,23.114,MODERATE,9,sequential_yolo_pose,SM-S906U1,GPU
2026-04-22 16:44:33.392,99.184,19.153,50.372,0.488,2.262,4.155,9.029,0.029,false,40.028,MODERATE,9,sequential_yolo_pose,SM-S906U1,GPU
2026-04-22 16:44:33.506,105.374,20.089,53.289,0.463,1.377,4.115,9.677,0.056,false,20.301,MODERATE,9,sequential_yolo_pose,SM-S906U1,GPU
2026-04-22 16:44:33.613,102.547,20.836,52.223,0.467,1.299,4.235,10.789,0.037,false,20.301,MODERATE,9,sequential_yolo_pose,SM-S906U1,GPU
2026-04-22 16:44:33.718,101.018,18.021,52.437,0.379,1.245,4.798,10.924,0.026,false,20.336,MODERATE,9,sequential_yolo_pose,SM-S906U1,GPU
2026-04-22 16:44:33.822,100.703,20.552,50.855,0.412,1.789,4.049,9.722,0.043,false,20.239,MODERATE,9,sequential_yolo_pose,SM-S906U1,GPU
2026-04-22 16:44:33.924,97.298,17.304,51.786,0.426,1.282,4.077,9.687,0.043,false,20.274,MODERATE,9,sequential_yolo_pose,SM-S906U1,GPU
2026-04-22 16:44:34.028,99.992,19.020,52.916,0.441,1.419,4.320,9.557,0.038,false,20.297,MODERATE,9,sequential_yolo_pose,SM-S906U1,GPU
2026-04-22 16:44:34.136,104.510,19.478,53.816,0.464,1.164,4.093,9.445,0.040,false,20.367,MODERATE,9,sequential_yolo_pose,SM-S906U1,GPU
2026-04-22 16:44:34.240,99.469,19.424,51.560,0.456,1.089,3.945,9.423,0.050,false,20.352,MODERATE,10,sequential_yolo_pose,SM-S906U1,GPU
2026-04-22 16:44:34.343,97.025,17.142,51.733,0.499,1.435,4.809,10.188,0.047,false,20.274,MODERATE,10,sequential_yolo_pose,SM-S906U1,GPU
2026-04-22 16:44:34.469,120.420,22.480,54.643,1.202,3.841,9.425,11.055,0.050,false,20.332,MODERATE,10,sequential_yolo_pose,SM-S906U1,GPU
2026-04-22 16:44:34.598,118.268,24.750,51.507,1.279,3.039,11.152,10.749,0.052,false,20.336,MODERATE,10,sequential_yolo_pose,SM-S906U1,GPU
2026-04-22 16:44:34.720,116.787,22.442,53.583,0.839,1.986,7.198,11.269,0.048,false,20.305,MODERATE,10,sequential_yolo_pose,SM-S906U1,GPU
2026-04-22 16:44:34.837,111.663,20.133,52.068,1.235,2.167,7.970,11.189,0.050,false,20.336,MODERATE,10,sequential_yolo_pose,SM-S906U1,GPU
2026-04-22 16:44:34.966,123.019,22.568,52.458,1.243,2.738,13.734,11.648,0.135,false,20.364,MODERATE,10,sequential_yolo_pose,SM-S906U1,GPU
2026-04-22 16:44:35.098,124.004,23.721,51.377,1.057,2.689,14.229,10.402,0.056,false,20.336,MODERATE,10,sequential_yolo_pose,SM-S906U1,GPU
2026-04-22 16:44:35.212,106.817,19.902,54.373,0.689,1.674,7.526,10.268,0.033,false,20.367,MODERATE,8,sequential_yolo_pose,SM-S906U1,GPU
2026-04-22 16:44:35.341,122.433,24.520,53.308,1.014,2.515,9.062,15.051,0.068,false,20.364,MODERATE,8,sequential_yolo_pose,SM-S906U1,GPU
2026-04-22 16:44:35.469,118.790,23.867,53.349,1.224,2.775,9.493,10.854,0.076,false,20.336,MODERATE,8,sequential_yolo_pose,SM-S906U1,GPU
2026-04-22 16:44:35.600,117.126,26.563,52.095,1.233,4.267,6.594,10.307,0.041,false,20.305,MODERATE,8,sequential_yolo_pose,SM-S906U1,GPU
2026-04-22 16:44:35.727,120.518,25.479,52.518,1.428,3.589,8.806,12.073,0.042,false,20.336,MODERATE,8,sequential_yolo_pose,SM-S906U1,GPU
2026-04-22 16:44:35.847,114.798,19.813,50.391,0.771,1.902,8.687,16.701,0.037,false,20.336,MODERATE,8,sequential_yolo_pose,SM-S906U1,GPU
2026-04-22 16:44:35.968,115.669,23.384,55.678,1.139,1.489,4.675,10.376,0.042,false,20.305,MODERATE,8,sequential_yolo_pose,SM-S906U1,GPU
2026-04-22 16:44:36.091,117.502,21.206,53.743,1.006,2.800,10.548,10.926,0.049,false,20.367,MODERATE,8,sequential_yolo_pose,SM-S906U1,GPU
2026-04-22 16:44:36.214,117.034,20.654,54.972,1.377,2.293,8.684,10.367,0.041,false,20.367,MODERATE,8,sequential_yolo_pose,SM-S906U1,GPU
2026-04-22 16:44:36.337,118.266,23.600,53.542,1.265,2.997,9.063,11.878,0.045,false,20.305,MODERATE,8,sequential_yolo_pose,SM-S906U1,GPU
2026-04-22 16:44:36.470,123.603,23.371,52.326,1.241,4.698,11.246,12.052,0.040,false,20.399,MODERATE,8,sequential_yolo_pose,SM-S906U1,GPU
2026-04-22 16:44:36.594,117.006,23.151,53.171,1.169,2.787,6.841,12.853,0.047,false,20.336,MODERATE,8,sequential_yolo_pose,SM-S906U1,GPU
2026-04-22 16:44:36.713,112.761,19.942,52.919,0.902,2.810,8.790,14.663,0.051,false,20.336,MODERATE,8,sequential_yolo_pose,SM-S906U1,GPU
2026-04-22 16:44:36.835,116.753,22.243,52.355,1.025,2.602,9.053,13.206,0.039,false,20.336,MODERATE,8,sequential_yolo_pose,SM-S906U1,GPU
2026-04-22 16:44:36.955,107.905,20.689,53.379,0.743,1.959,7.390,12.058,0.050,false,20.305,MODERATE,8,sequential_yolo_pose,SM-S906U1,GPU
2026-04-22 16:44:37.053,92.934,21.491,51.953,0.575,0.000,0.000,0.000,0.000,true,16.910,MODERATE,8,sequential_yolo_pose,SM-S906U1,GPU
2026-04-22 16:44:37.166,105.057,20.750,55.214,0.432,0.000,0.000,0.000,0.000,true,30.586,MODERATE,8,sequential_yolo_pose,SM-S906U1,GPU
2026-04-22 16:44:37.279,105.652,27.752,52.809,0.924,0.000,0.000,0.000,0.000,true,13.844,MODERATE,9,sequential_yolo_pose,SM-S906U1,GPU
2026-04-22 16:44:37.422,134.963,26.985,53.674,0.963,2.759,10.343,9.943,0.046,false,20.297,MODERATE,9,sequential_yolo_pose,SM-S906U1,GPU
2026-04-22 16:44:37.543,115.997,20.633,52.739,1.209,3.023,9.050,12.698,0.052,false,20.399,MODERATE,9,sequential_yolo_pose,SM-S906U1,GPU
2026-04-22 16:44:37.666,115.927,23.494,51.760,1.092,2.973,9.316,10.768,0.048,false,20.367,MODERATE,9,sequential_yolo_pose,SM-S906U1,GPU
2026-04-22 16:44:37.787,114.438,21.168,52.451,1.018,2.490,13.051,9.681,0.050,false,20.336,MODERATE,9,sequential_yolo_pose,SM-S906U1,GPU
2026-04-22 16:44:37.916,124.360,22.233,56.792,0.995,2.667,8.925,16.414,0.056,false,20.336,MODERATE,9,sequential_yolo_pose,SM-S906U1,GPU
2026-04-22 16:44:38.037,115.458,21.698,54.977,0.918,2.517,7.943,11.153,0.055,false,20.305,MODERATE,9,sequential_yolo_pose,SM-S906U1,GPU
2026-04-22 16:44:38.170,122.957,21.315,56.199,0.800,4.801,10.347,11.304,0.044,false,20.356,MODERATE,9,sequential_yolo_pose,SM-S906U1,GPU
2026-04-22 16:44:38.288,111.256,20.299,55.872,0.505,1.666,6.778,10.127,0.042,false,20.371,MODERATE,8,sequential_yolo_pose,SM-S906U1,GPU
2026-04-22 16:44:38.409,116.079,22.401,52.674,0.689,2.062,7.067,15.004,0.049,false,20.305,MODERATE,8,sequential_yolo_pose,SM-S906U1,GPU
2026-04-22 16:44:38.541,121.776,25.683,52.718,0.732,2.247,8.266,11.104,0.057,false,20.367,MODERATE,8,sequential_yolo_pose,SM-S906U1,GPU
2026-04-22 16:44:38.663,116.611,19.992,52.921,1.016,6.248,10.676,10.630,0.045,false,20.332,MODERATE,8,sequential_yolo_pose,SM-S906U1,GPU
2026-04-22 16:44:38.790,119.439,22.037,52.822,0.941,2.983,10.591,11.164,0.048,false,20.367,MODERATE,8,sequential_yolo_pose,SM-S906U1,GPU
2026-04-22 16:44:38.920,124.928,20.324,55.641,0.867,2.532,8.994,21.652,0.055,false,20.367,MODERATE,8,sequential_yolo_pose,SM-S906U1,GPU
2026-04-22 16:44:39.049,123.168,22.388,52.422,0.934,2.600,10.739,13.726,0.050,false,20.399,MODERATE,8,sequential_yolo_pose,SM-S906U1,GPU
2026-04-22 16:44:39.169,114.431,23.087,51.184,1.180,2.200,7.043,12.943,0.081,false,20.367,MODERATE,8,sequential_yolo_pose,SM-S906U1,GPU
2026-04-22 16:44:39.295,115.105,23.449,54.472,0.837,2.178,7.498,10.739,0.062,false,20.430,MODERATE,8,sequential_yolo_pose,SM-S906U1,GPU
2026-04-22 16:44:39.424,121.765,24.763,53.071,0.758,2.175,8.536,10.241,0.047,false,20.274,MODERATE,8,sequential_yolo_pose,SM-S906U1,GPU
2026-04-22 16:44:39.547,118.013,20.922,55.992,0.852,2.268,7.958,13.123,0.065,false,20.305,MODERATE,8,sequential_yolo_pose,SM-S906U1,GPU
2026-04-22 16:44:39.659,106.736,22.035,52.863,0.522,1.279,4.703,9.076,0.043,false,20.336,MODERATE,8,sequential_yolo_pose,SM-S906U1,GPU
2026-04-22 16:44:39.763,98.468,27.929,51.696,0.506,0.000,0.000,0.000,0.000,true,16.879,MODERATE,8,sequential_yolo_pose,SM-S906U1,GPU
2026-04-22 16:44:39.905,128.377,23.096,53.671,0.785,2.415,9.286,13.531,0.037,false,33.981,MODERATE,8,sequential_yolo_pose,SM-S906U1,GPU
2026-04-22 16:44:40.027,111.560,22.404,54.810,0.611,1.508,4.938,11.085,0.074,false,20.364,MODERATE,8,sequential_yolo_pose,SM-S906U1,GPU
2026-04-22 16:44:40.153,116.621,24.600,52.175,0.900,2.421,8.745,11.421,0.047,false,20.336,MODERATE,8,sequential_yolo_pose,SM-S906U1,GPU
2026-04-22 16:44:40.267,109.812,22.944,52.303,0.620,1.590,5.569,10.874,0.040,false,20.430,MODERATE,8,sequential_yolo_pose,SM-S906U1,GPU
2026-04-22 16:44:40.400,124.522,25.760,56.202,1.321,2.954,9.288,11.691,0.043,false,20.336,MODERATE,8,sequential_yolo_pose,SM-S906U1,GPU
2026-04-22 16:44:40.530,119.023,21.463,53.465,2.102,7.782,10.010,11.827,0.034,false,20.430,MODERATE,8,sequential_yolo_pose,SM-S906U1,GPU
2026-04-22 16:44:40.657,121.040,20.856,55.169,0.897,2.489,11.329,14.998,0.066,false,20.367,MODERATE,8,sequential_yolo_pose,SM-S906U1,GPU
2026-04-22 16:44:40.778,117.270,21.302,52.382,1.133,2.989,10.593,10.789,0.045,false,20.305,MODERATE,8,sequential_yolo_pose,SM-S906U1,GPU
2026-04-22 16:44:40.895,109.201,20.491,53.416,0.592,1.287,7.014,10.768,0.042,false,20.305,MODERATE,8,sequential_yolo_pose,SM-S906U1,GPU
2026-04-22 16:44:41.013,113.825,20.091,56.224,0.740,1.931,7.487,10.754,0.042,false,20.305,MODERATE,8,sequential_yolo_pose,SM-S906U1,GPU
2026-04-22 16:44:41.132,113.950,25.756,53.748,0.764,2.194,5.601,10.371,0.040,false,20.336,MODERATE,8,sequential_yolo_pose,SM-S906U1,GPU
2026-04-22 16:44:41.245,105.679,19.998,51.628,0.611,1.343,6.028,11.211,0.055,false,20.274,MODERATE,8,sequential_yolo_pose,SM-S906U1,GPU
2026-04-22 16:44:41.359,107.901,20.365,52.526,0.670,1.636,6.976,10.356,0.085,false,20.305,MODERATE,8,sequential_yolo_pose,SM-S906U1,GPU
2026-04-22 16:44:41.483,113.600,24.369,51.400,0.666,1.821,5.546,11.153,0.099,false,20.367,MODERATE,8,sequential_yolo_pose,SM-S906U1,GPU
2026-04-22 16:44:41.602,113.240,20.974,54.586,1.080,2.086,5.219,12.385,0.032,false,20.305,MODERATE,8,sequential_yolo_pose,SM-S906U1,GPU
2026-04-22 16:44:41.727,115.737,24.355,53.612,1.150,2.314,8.273,10.495,0.041,false,20.274,MODERATE,8,sequential_yolo_pose,SM-S906U1,GPU
2026-04-22 16:44:41.862,129.933,23.153,57.794,1.394,3.054,14.060,10.657,0.031,false,20.426,MODERATE,8,sequential_yolo_pose,SM-S906U1,GPU
2026-04-22 16:44:41.991,120.999,22.966,54.294,1.314,2.844,10.618,11.746,0.043,false,20.336,MODERATE,8,sequential_yolo_pose,SM-S906U1,GPU
2026-04-22 16:44:42.112,113.955,21.432,50.822,0.743,1.749,6.145,19.029,0.047,false,20.367,MODERATE,8,sequential_yolo_pose,SM-S906U1,GPU
2026-04-22 16:44:42.238,121.367,26.432,53.628,1.267,4.073,7.729,11.616,0.055,false,20.336,MODERATE,8,sequential_yolo_pose,SM-S906U1,GPU
2026-04-22 16:44:42.349,105.480,19.728,52.999,0.829,2.244,7.700,11.273,0.062,false,20.305,MODERATE,9,sequential_yolo_pose,SM-S906U1,GPU
2026-04-22 16:44:42.466,111.924,21.573,54.580,0.572,1.992,5.064,10.160,0.053,false,20.305,MODERATE,9,sequential_yolo_pose,SM-S906U1,GPU
2026-04-22 16:44:42.593,120.239,21.247,58.885,1.369,5.667,9.539,11.554,0.030,false,20.336,MODERATE,9,sequential_yolo_pose,SM-S906U1,GPU
2026-04-22 16:44:42.716,114.458,23.022,52.154,0.669,1.949,6.005,12.717,0.051,false,20.305,MODERATE,9,sequential_yolo_pose,SM-S906U1,GPU
2026-04-22 16:44:42.817,96.052,21.202,57.535,0.852,0.000,0.000,0.000,0.000,true,16.910,MODERATE,9,sequential_yolo_pose,SM-S906U1,GPU
2026-04-22 16:44:42.925,101.247,21.277,54.586,0.469,0.000,0.000,0.000,0.000,true,30.586,MODERATE,9,sequential_yolo_pose,SM-S906U1,GPU
2026-04-22 16:44:43.074,143.537,26.450,53.885,1.242,3.659,14.468,21.655,0.052,false,17.344,MODERATE,9,sequential_yolo_pose,SM-S906U1,GPU
2026-04-22 16:44:43.194,111.772,22.199,53.054,0.770,1.936,8.108,9.448,0.051,false,20.367,MODERATE,9,sequential_yolo_pose,SM-S906U1,GPU
2026-04-22 16:44:43.306,107.531,20.174,50.782,0.604,1.473,5.913,12.969,0.048,false,20.461,MODERATE,8,sequential_yolo_pose,SM-S906U1,GPU
2026-04-22 16:44:43.430,114.066,20.085,51.304,1.082,2.854,12.512,10.903,0.048,false,20.336,MODERATE,8,sequential_yolo_pose,SM-S906U1,GPU
2026-04-22 16:44:43.556,121.447,21.523,54.357,0.804,2.680,12.240,11.879,0.049,false,20.367,MODERATE,8,sequential_yolo_pose,SM-S906U1,GPU
2026-04-22 16:44:43.680,118.493,25.097,53.783,0.537,1.461,5.711,13.034,0.067,false,20.305,MODERATE,8,sequential_yolo_pose,SM-S906U1,GPU
2026-04-22 16:44:43.795,109.991,21.094,52.455,0.764,2.301,7.959,10.249,0.044,false,20.336,MODERATE,8,sequential_yolo_pose,SM-S906U1,GPU
2026-04-22 16:44:43.907,106.185,19.972,54.340,0.667,1.810,6.250,12.737,0.051,false,20.391,MODERATE,8,sequential_yolo_pose,SM-S906U1,GPU
2026-04-22 16:44:44.029,115.022,26.476,53.202,0.595,1.633,5.586,10.340,0.060,false,20.211,MODERATE,8,sequential_yolo_pose,SM-S906U1,GPU
2026-04-22 16:44:44.160,124.895,32.204,53.858,0.569,1.725,5.831,9.704,0.046,false,20.305,MODERATE,8,sequential_yolo_pose,SM-S906U1,GPU
2026-04-22 16:44:44.292,125.714,31.799,50.783,0.582,1.491,7.699,13.827,0.045,false,20.461,MODERATE,8,sequential_yolo_pose,SM-S906U1,GPU
2026-04-22 16:44:44.421,123.929,32.071,54.454,0.616,1.771,6.372,11.219,0.050,false,20.305,MODERATE,8,sequential_yolo_pose,SM-S906U1,GPU
2026-04-22 16:44:44.552,126.317,31.750,52.761,0.642,1.656,5.873,11.595,0.044,false,20.305,MODERATE,8,sequential_yolo_pose,SM-S906U1,GPU
2026-04-22 16:44:44.674,117.954,24.617,53.070,0.755,2.555,7.797,11.652,0.042,false,20.305,MODERATE,8,sequential_yolo_pose,SM-S906U1,GPU
2026-04-22 16:44:44.797,114.550,26.692,52.995,0.465,1.253,5.063,10.060,0.037,false,20.270,MODERATE,8,sequential_yolo_pose,SM-S906U1,GPU
2026-04-22 16:44:44.930,127.295,25.049,55.697,3.038,4.019,6.729,12.435,0.066,false,20.426,MODERATE,8,sequential_yolo_pose,SM-S906U1,GPU
2026-04-22 16:44:45.058,122.663,30.347,51.824,0.429,1.148,7.242,11.353,0.056,false,20.305,MODERATE,8,sequential_yolo_pose,SM-S906U1,GPU
2026-04-22 16:44:45.190,126.917,25.897,53.850,0.903,2.568,10.689,10.542,0.050,false,20.274,MODERATE,8,sequential_yolo_pose,SM-S906U1,GPU
2026-04-22 16:44:45.325,129.415,26.944,53.334,0.908,1.625,13.261,12.527,0.031,false,20.555,MODERATE,8,sequential_yolo_pose,SM-S906U1,GPU
2026-04-22 16:44:45.454,124.243,23.379,52.017,0.823,2.042,11.577,14.294,0.063,false,20.336,MODERATE,8,sequential_yolo_pose,SM-S906U1,GPU
2026-04-22 16:44:45.584,124.348,23.911,55.505,1.024,2.152,9.120,11.683,0.038,false,20.336,MODERATE,8,sequential_yolo_pose,SM-S906U1,GPU
2026-04-22 16:44:45.707,117.220,25.150,53.627,0.917,2.116,7.080,12.185,0.042,false,20.305,MODERATE,8,sequential_yolo_pose,SM-S906U1,GPU
2026-04-22 16:44:45.837,123.749,24.411,53.670,1.337,2.862,10.391,12.705,0.037,false,20.430,MODERATE,8,sequential_yolo_pose,SM-S906U1,GPU
2026-04-22 16:44:45.965,120.565,23.204,53.776,1.226,2.879,10.928,11.545,0.037,false,20.336,MODERATE,8,sequential_yolo_pose,SM-S906U1,GPU
2026-04-22 16:44:46.090,116.820,23.588,52.981,1.149,2.609,9.119,10.902,0.069,false,20.274,MODERATE,8,sequential_yolo_pose,SM-S906U1,GPU
2026-04-22 16:44:46.232,135.329,29.208,53.478,0.759,2.979,9.436,12.149,0.035,false,20.336,MODERATE,8,sequential_yolo_pose,SM-S906U1,GPU
2026-04-22 16:44:46.362,123.656,24.796,55.713,0.939,1.973,13.603,13.933,0.048,false,20.422,MODERATE,8,sequential_yolo_pose,SM-S906U1,GPU
2026-04-22 16:44:46.492,124.384,23.988,52.623,0.965,2.568,11.918,10.302,0.065,false,20.336,MODERATE,8,sequential_yolo_pose,SM-S906U1,GPU
2026-04-22 16:44:46.613,115.510,24.027,51.929,0.707,1.442,5.951,11.995,0.024,false,20.305,MODERATE,8,sequential_yolo_pose,SM-S906U1,GPU
2026-04-22 16:44:46.732,114.491,23.197,53.715,1.352,2.833,9.787,10.921,0.049,false,20.367,MODERATE,8,sequential_yolo_pose,SM-S906U1,GPU
2026-04-22 16:44:46.872,132.505,29.195,54.896,1.200,6.918,7.692,11.414,0.045,false,20.336,MODERATE,8,sequential_yolo_pose,SM-S906U1,GPU
2026-04-22 16:44:47.004,125.071,23.867,56.800,1.109,2.593,11.899,10.643,0.056,false,20.336,MODERATE,8,sequential_yolo_pose,SM-S906U1,GPU
2026-04-22 16:44:47.127,117.191,23.861,53.254,0.979,2.059,9.816,10.183,0.054,false,20.301,MODERATE,8,sequential_yolo_pose,SM-S906U1,GPU
2026-04-22 16:44:47.263,130.894,23.698,55.281,1.265,2.855,15.269,11.944,0.050,false,20.399,MODERATE,8,sequential_yolo_pose,SM-S906U1,GPU
2026-04-22 16:44:47.395,122.787,27.896,54.041,0.877,1.983,7.036,11.206,0.053,false,20.336,MODERATE,8,sequential_yolo_pose,SM-S906U1,GPU
2026-04-22 16:44:47.518,116.341,24.922,53.399,0.762,2.161,9.807,12.186,0.068,false,20.367,MODERATE,8,sequential_yolo_pose,SM-S906U1,GPU
2026-04-22 16:44:47.636,111.279,23.357,50.956,0.847,1.470,5.583,13.064,0.037,false,20.336,MODERATE,8,sequential_yolo_pose,SM-S906U1,GPU
2026-04-22 16:44:47.751,110.802,23.489,53.741,0.800,1.894,6.725,12.714,0.046,false,20.336,MODERATE,8,sequential_yolo_pose,SM-S906U1,GPU
2026-04-22 16:44:47.881,124.060,26.792,54.137,1.120,2.733,10.262,11.263,0.031,false,20.336,MODERATE,8,sequential_yolo_pose,SM-S906U1,GPU
2026-04-22 16:44:48.016,129.955,30.317,54.407,1.041,2.441,9.031,15.554,0.070,false,20.336,MODERATE,8,sequential_yolo_pose,SM-S906U1,GPU
2026-04-22 16:44:48.143,121.265,26.166,53.627,0.921,3.048,9.457,11.633,0.058,false,20.305,MODERATE,8,sequential_yolo_pose,SM-S906U1,GPU
2026-04-22 16:44:48.265,113.722,24.108,53.121,0.785,2.036,7.203,10.763,0.060,false,20.274,MODERATE,8,sequential_yolo_pose,SM-S906U1,GPU
2026-04-22 16:44:48.397,124.773,23.459,51.786,0.918,4.826,14.656,10.786,0.053,false,20.399,MODERATE,8,sequential_yolo_pose,SM-S906U1,GPU
2026-04-22 16:44:48.526,121.852,24.212,53.400,0.874,2.937,9.098,11.259,0.066,false,20.305,MODERATE,8,sequential_yolo_pose,SM-S906U1,GPU
2026-04-22 16:44:48.661,127.612,24.250,54.631,1.170,5.217,9.881,13.376,0.059,false,20.367,MODERATE,8,sequential_yolo_pose,SM-S906U1,GPU
2026-04-22 16:44:48.790,121.430,24.148,54.619,0.768,2.007,10.531,12.859,0.052,false,20.367,MODERATE,8,sequential_yolo_pose,SM-S906U1,GPU
2026-04-22 16:44:48.926,128.025,24.012,55.122,1.048,3.003,13.491,10.265,0.063,false,20.336,MODERATE,8,sequential_yolo_pose,SM-S906U1,GPU
2026-04-22 16:44:49.065,134.037,29.598,51.949,1.064,4.753,13.391,12.301,0.050,false,20.399,MODERATE,8,sequential_yolo_pose,SM-S906U1,GPU
2026-04-22 16:44:49.202,129.282,24.501,52.711,1.030,6.419,13.836,11.975,0.056,false,20.367,MODERATE,8,sequential_yolo_pose,SM-S906U1,GPU
2026-04-22 16:44:49.302,93.752,24.250,54.237,1.487,0.000,0.000,0.000,0.000,true,17.035,MODERATE,7,sequential_yolo_pose,SM-S906U1,GPU
2026-04-22 16:44:49.442,127.810,24.633,56.080,1.127,2.645,9.173,14.435,0.058,false,34.051,MODERATE,7,sequential_yolo_pose,SM-S906U1,GPU
2026-04-22 16:44:49.576,127.239,27.033,56.230,0.948,2.941,9.297,13.489,0.058,false,20.364,MODERATE,7,sequential_yolo_pose,SM-S906U1,GPU
2026-04-22 16:44:49.702,121.271,25.506,54.549,1.097,2.477,8.668,10.547,0.050,false,20.336,MODERATE,7,sequential_yolo_pose,SM-S906U1,GPU
2026-04-22 16:44:49.833,119.155,24.550,51.975,0.756,2.499,10.514,10.832,0.051,false,20.305,MODERATE,7,sequential_yolo_pose,SM-S906U1,GPU
2026-04-22 16:44:49.962,123.624,23.311,52.001,0.517,3.225,12.456,11.590,0.056,false,20.336,MODERATE,7,sequential_yolo_pose,SM-S906U1,GPU
2026-04-22 16:44:50.089,121.165,23.776,56.029,0.616,2.137,10.423,13.666,0.052,false,20.336,MODERATE,7,sequential_yolo_pose,SM-S906U1,GPU
2026-04-22 16:44:50.225,129.775,23.695,55.764,0.889,2.281,8.018,20.972,0.039,false,20.367,MODERATE,7,sequential_yolo_pose,SM-S906U1,GPU
2026-04-22 16:44:50.342,112.312,23.850,53.267,0.641,1.510,5.790,10.228,0.070,false,20.492,MODERATE,8,sequential_yolo_pose,SM-S906U1,GPU
2026-04-22 16:44:50.469,120.756,25.832,53.824,1.125,1.728,8.609,12.199,0.047,false,20.305,MODERATE,8,sequential_yolo_pose,SM-S906U1,GPU
2026-04-22 16:44:50.603,128.551,27.909,53.086,1.332,4.326,10.358,13.016,0.036,false,20.426,MODERATE,8,sequential_yolo_pose,SM-S906U1,GPU
2026-04-22 16:44:50.732,121.547,23.192,53.724,1.248,4.063,10.755,10.550,0.034,false,20.336,MODERATE,8,sequential_yolo_pose,SM-S906U1,GPU
2026-04-22 16:44:50.861,123.580,23.290,55.446,1.004,4.804,10.914,10.345,0.062,false,20.336,MODERATE,8,sequential_yolo_pose,SM-S906U1,GPU
2026-04-22 16:44:51.001,131.795,27.026,53.151,1.107,2.674,13.976,11.512,0.086,false,20.336,MODERATE,8,sequential_yolo_pose,SM-S906U1,GPU
2026-04-22 16:44:51.128,121.947,23.639,53.085,0.880,2.350,11.317,11.228,0.038,false,20.367,MODERATE,8,sequential_yolo_pose,SM-S906U1,GPU
2026-04-22 16:44:51.243,108.518,24.110,52.859,0.643,1.498,6.074,10.999,0.055,false,20.305,MODERATE,8,sequential_yolo_pose,SM-S906U1,GPU
2026-04-22 16:44:51.384,130.152,28.143,55.899,0.612,1.519,6.412,20.053,0.048,false,20.434,MODERATE,8,sequential_yolo_pose,SM-S906U1,GPU
2026-04-22 16:44:51.517,127.435,24.556,56.829,1.322,3.020,9.946,11.401,0.050,false,20.367,MODERATE,8,sequential_yolo_pose,SM-S906U1,GPU
2026-04-22 16:44:51.636,112.318,24.716,52.908,0.498,1.593,5.480,11.102,0.039,false,20.274,MODERATE,8,sequential_yolo_pose,SM-S906U1,GPU
2026-04-22 16:44:51.761,118.989,23.512,57.092,1.279,5.235,7.921,11.847,0.050,false,20.367,MODERATE,8,sequential_yolo_pose,SM-S906U1,GPU
2026-04-22 16:44:51.890,122.712,24.135,52.867,1.161,2.430,13.944,11.734,0.038,false,20.430,MODERATE,8,sequential_yolo_pose,SM-S906U1,GPU
2026-04-22 16:44:52.027,132.091,27.240,54.921,0.786,2.929,11.326,13.663,0.056,false,20.336,MODERATE,8,sequential_yolo_pose,SM-S906U1,GPU
2026-04-22 16:44:52.157,124.542,25.991,50.462,1.284,2.673,14.868,11.046,0.047,false,20.367,MODERATE,8,sequential_yolo_pose,SM-S906U1,GPU
2026-04-22 16:44:52.285,121.685,26.338,52.314,1.008,2.652,12.150,10.649,0.060,false,20.336,MODERATE,8,sequential_yolo_pose,SM-S906U1,GPU
2026-04-22 16:44:52.425,132.973,24.208,58.337,1.102,3.568,11.378,14.603,0.036,false,20.367,MODERATE,8,sequential_yolo_pose,SM-S906U1,GPU
2026-04-22 16:44:52.567,136.911,24.460,55.692,1.331,3.144,21.860,11.234,0.033,false,20.399,MODERATE,8,sequential_yolo_pose,SM-S906U1,GPU
2026-04-22 16:44:52.693,116.793,24.024,52.341,0.996,1.779,7.465,10.610,0.049,false,20.305,MODERATE,8,sequential_yolo_pose,SM-S906U1,GPU
2026-04-22 16:44:52.827,128.885,27.525,52.553,0.834,2.947,11.926,13.448,0.052,false,20.336,MODERATE,8,sequential_yolo_pose,SM-S906U1,GPU
2026-04-22 16:44:52.958,123.662,27.825,52.970,1.335,2.862,9.887,10.045,0.070,false,20.305,MODERATE,8,sequential_yolo_pose,SM-S906U1,GPU
2026-04-22 16:44:53.091,126.925,24.084,54.100,1.107,2.859,14.351,13.782,0.047,false,20.367,MODERATE,8,sequential_yolo_pose,SM-S906U1,GPU
2026-04-22 16:44:53.231,134.826,27.654,53.107,0.570,1.938,18.603,11.785,0.058,false,20.399,MODERATE,8,sequential_yolo_pose,SM-S906U1,GPU
2026-04-22 16:44:53.357,120.157,24.207,52.693,0.654,2.031,12.093,10.571,0.056,false,20.367,MODERATE,7,sequential_yolo_pose,SM-S906U1,GPU
2026-04-22 16:44:53.485,122.428,23.248,52.595,1.275,2.994,12.202,12.666,0.054,false,20.305,MODERATE,7,sequential_yolo_pose,SM-S906U1,GPU
2026-04-22 16:44:53.612,121.497,25.684,52.279,0.879,3.019,8.823,12.785,0.065,false,20.274,MODERATE,7,sequential_yolo_pose,SM-S906U1,GPU
2026-04-22 16:44:53.735,117.055,24.524,54.073,0.734,2.024,7.308,11.280,0.053,false,20.336,MODERATE,7,sequential_yolo_pose,SM-S906U1,GPU
2026-04-22 16:44:53.868,123.760,23.838,54.038,0.916,2.557,12.303,12.686,0.057,false,20.305,MODERATE,7,sequential_yolo_pose,SM-S906U1,GPU
2026-04-22 16:44:54.002,123.526,26.678,50.731,1.172,2.856,10.861,12.608,0.036,false,20.336,MODERATE,7,sequential_yolo_pose,SM-S906U1,GPU
2026-04-22 16:44:54.138,124.239,23.966,53.893,1.050,2.799,11.785,12.049,0.051,false,20.336,MODERATE,7,sequential_yolo_pose,SM-S906U1,GPU
2026-04-22 16:44:54.269,124.575,23.857,53.679,1.203,3.617,13.255,11.077,0.067,false,20.367,MODERATE,7,sequential_yolo_pose,SM-S906U1,GPU
2026-04-22 16:44:54.399,120.000,25.893,54.581,0.926,1.852,6.517,11.732,0.047,false,20.399,MODERATE,8,sequential_yolo_pose,SM-S906U1,GPU
2026-04-22 16:44:54.526,118.831,24.110,53.069,1.142,3.316,9.663,10.547,0.055,false,20.274,MODERATE,8,sequential_yolo_pose,SM-S906U1,GPU
2026-04-22 16:44:54.656,123.923,24.559,54.114,1.062,3.002,8.192,11.080,0.457,false,20.367,MODERATE,8,sequential_yolo_pose,SM-S906U1,GPU
2026-04-22 16:44:54.783,122.312,24.330,56.553,0.935,2.459,8.368,11.860,0.075,false,20.274,MODERATE,8,sequential_yolo_pose,SM-S906U1,GPU
2026-04-22 16:44:54.908,117.987,24.495,55.049,0.634,2.274,5.641,14.010,0.059,false,20.274,MODERATE,8,sequential_yolo_pose,SM-S906U1,GPU
2026-04-22 16:44:55.040,125.859,24.975,55.893,0.894,3.098,8.242,14.119,0.053,false,20.336,MODERATE,8,sequential_yolo_pose,SM-S906U1,GPU
2026-04-22 16:44:55.170,122.189,29.785,53.443,1.079,2.156,5.467,11.794,0.051,false,20.336,MODERATE,8,sequential_yolo_pose,SM-S906U1,GPU
2026-04-22 16:44:55.301,121.523,24.619,52.748,0.848,2.975,10.582,12.448,0.049,false,20.367,MODERATE,8,sequential_yolo_pose,SM-S906U1,GPU
2026-04-22 16:44:55.430,115.365,23.260,52.953,0.778,2.153,7.148,10.870,0.052,false,20.242,MODERATE,8,sequential_yolo_pose,SM-S906U1,GPU
2026-04-22 16:44:55.559,123.608,26.135,52.440,0.716,2.296,11.927,10.588,0.051,false,20.367,MODERATE,8,sequential_yolo_pose,SM-S906U1,GPU
2026-04-22 16:44:55.692,126.246,24.350,54.279,1.250,2.717,12.713,10.224,0.053,false,20.336,MODERATE,8,sequential_yolo_pose,SM-S906U1,GPU
2026-04-22 16:44:55.823,126.448,23.834,53.877,1.105,3.070,9.564,15.880,0.070,false,20.367,MODERATE,8,sequential_yolo_pose,SM-S906U1,GPU
2026-04-22 16:44:55.954,123.686,23.827,54.872,0.826,2.137,8.651,11.568,0.108,false,20.336,MODERATE,8,sequential_yolo_pose,SM-S906U1,GPU
2026-04-22 16:44:56.073,112.351,24.166,53.824,0.585,1.964,5.892,10.678,0.068,false,20.242,MODERATE,8,sequential_yolo_pose,SM-S906U1,GPU
2026-04-22 16:44:56.202,122.712,27.095,53.584,1.022,2.389,8.869,11.888,0.037,false,20.305,MODERATE,8,sequential_yolo_pose,SM-S906U1,GPU
2026-04-22 16:44:56.353,141.416,26.518,55.322,1.248,3.051,9.370,26.723,0.043,false,20.430,MODERATE,7,sequential_yolo_pose,SM-S906U1,GPU
2026-04-22 16:44:56.473,114.499,23.164,54.230,0.708,1.631,5.901,13.005,0.044,false,20.336,MODERATE,7,sequential_yolo_pose,SM-S906U1,GPU
2026-04-22 16:44:56.593,115.777,24.148,53.819,1.211,2.890,10.450,10.659,0.057,false,20.364,MODERATE,7,sequential_yolo_pose,SM-S906U1,GPU
2026-04-22 16:44:56.721,120.653,25.154,51.700,0.707,2.058,8.001,12.776,0.042,false,20.305,MODERATE,7,sequential_yolo_pose,SM-S906U1,GPU
2026-04-22 16:44:56.842,116.160,24.129,53.285,0.973,2.246,7.938,12.156,0.051,false,20.336,MODERATE,7,sequential_yolo_pose,SM-S906U1,GPU
2026-04-22 16:44:56.973,122.872,26.166,53.083,1.125,2.502,9.173,12.538,0.042,false,20.367,MODERATE,7,sequential_yolo_pose,SM-S906U1,GPU
2026-04-22 16:44:57.100,118.825,23.462,54.998,1.141,4.422,9.059,10.352,0.050,false,20.305,MODERATE,7,sequential_yolo_pose,SM-S906U1,GPU
2026-04-22 16:44:57.234,126.248,25.273,51.627,1.192,3.204,11.604,15.138,0.056,false,20.367,MODERATE,7,sequential_yolo_pose,SM-S906U1,GPU
2026-04-22 16:44:57.369,128.596,26.636,57.974,0.650,2.527,11.172,10.846,0.049,false,20.367,MODERATE,8,sequential_yolo_pose,SM-S906U1,GPU
2026-04-22 16:44:57.498,121.302,23.525,53.760,0.829,2.171,11.163,11.726,0.033,false,20.367,MODERATE,8,sequential_yolo_pose,SM-S906U1,GPU
2026-04-22 16:44:57.620,117.650,24.768,55.517,0.729,2.108,9.761,10.843,0.031,false,20.336,MODERATE,8,sequential_yolo_pose,SM-S906U1,GPU
2026-04-22 16:44:57.739,110.855,24.096,50.693,0.782,1.646,5.650,11.735,0.040,false,20.336,MODERATE,8,sequential_yolo_pose,SM-S906U1,GPU
2026-04-22 16:44:57.856,110.475,23.424,52.244,0.457,1.459,5.272,9.943,0.060,false,20.336,MODERATE,8,sequential_yolo_pose,SM-S906U1,GPU
2026-04-22 16:44:57.985,122.825,27.428,53.591,0.939,2.151,8.828,11.298,0.036,false,20.336,MODERATE,8,sequential_yolo_pose,SM-S906U1,GPU
2026-04-22 16:44:58.121,129.518,28.142,53.485,0.636,1.802,12.145,15.092,0.050,false,20.367,MODERATE,8,sequential_yolo_pose,SM-S906U1,GPU
2026-04-22 16:44:58.254,126.969,24.232,52.616,1.278,3.129,10.660,13.110,0.054,false,20.305,MODERATE,8,sequential_yolo_pose,SM-S906U1,GPU
2026-04-22 16:44:58.377,117.818,24.519,53.788,0.667,1.926,5.632,12.306,0.037,false,20.367,MODERATE,8,sequential_yolo_pose,SM-S906U1,GPU
2026-04-22 16:44:58.502,118.374,26.373,52.110,0.866,2.661,7.263,11.139,0.039,false,20.305,MODERATE,8,sequential_yolo_pose,SM-S906U1,GPU
2026-04-22 16:44:58.634,125.078,23.883,52.686,1.124,3.558,11.074,12.814,0.031,false,20.301,MODERATE,8,sequential_yolo_pose,SM-S906U1,GPU
2026-04-22 16:44:58.762,120.029,23.216,52.081,0.837,3.396,9.508,13.083,0.052,false,20.336,MODERATE,8,sequential_yolo_pose,SM-S906U1,GPU
2026-04-22 16:44:58.894,125.883,24.275,56.364,0.621,2.110,8.414,11.916,0.049,false,20.340,MODERATE,8,sequential_yolo_pose,SM-S906U1,GPU
2026-04-22 16:44:59.029,129.848,23.526,59.973,0.683,4.687,9.104,13.055,0.054,false,20.368,MODERATE,8,sequential_yolo_pose,SM-S906U1,GPU
2026-04-22 16:44:59.162,126.575,25.782,56.201,0.695,5.969,7.070,12.628,0.031,false,20.399,MODERATE,8,sequential_yolo_pose,SM-S906U1,GPU
2026-04-22 16:44:59.282,115.946,28.909,55.793,0.644,2.311,6.307,10.316,0.052,false,20.305,MODERATE,8,sequential_yolo_pose,SM-S906U1,GPU
2026-04-22 16:44:59.409,121.491,26.017,54.889,0.584,2.074,5.383,13.938,0.150,false,20.461,MODERATE,8,sequential_yolo_pose,SM-S906U1,GPU
2026-04-22 16:44:59.535,118.199,27.074,53.655,0.775,1.959,5.854,10.774,0.079,false,20.242,MODERATE,8,sequential_yolo_pose,SM-S906U1,GPU
2026-04-22 16:44:59.656,114.850,23.990,54.395,0.843,2.282,6.539,10.939,0.038,false,20.336,MODERATE,8,sequential_yolo_pose,SM-S906U1,GPU
2026-04-22 16:44:59.793,130.998,27.776,60.048,0.736,2.200,9.654,11.240,0.047,false,20.367,MODERATE,8,sequential_yolo_pose,SM-S906U1,GPU
2026-04-22 16:44:59.917,118.474,26.572,53.560,0.758,2.369,6.017,10.349,0.052,false,20.274,MODERATE,8,sequential_yolo_pose,SM-S906U1,GPU
2026-04-22 16:45:00.048,124.745,31.118,51.994,0.530,1.736,6.169,15.160,0.038,false,20.336,MODERATE,8,sequential_yolo_pose,SM-S906U1,GPU
2026-04-22 16:45:00.170,115.954,23.204,57.665,0.591,2.229,5.982,10.535,0.050,false,20.242,MODERATE,8,sequential_yolo_pose,SM-S906U1,GPU
2026-04-22 16:45:00.303,125.902,24.151,60.343,0.885,7.000,7.815,12.390,0.047,false,20.399,MODERATE,8,sequential_yolo_pose,SM-S906U1,GPU
2026-04-22 16:45:00.428,117.077,23.433,52.973,0.508,1.706,8.661,12.446,0.061,false,20.434,MODERATE,8,sequential_yolo_pose,SM-S906U1,GPU
2026-04-22 16:45:00.564,129.583,28.061,52.566,1.061,3.510,13.977,12.029,0.051,false,20.399,MODERATE,8,sequential_yolo_pose,SM-S906U1,GPU
2026-04-22 16:45:00.701,129.700,25.871,59.387,2.445,2.693,8.187,10.944,0.050,false,20.367,MODERATE,8,sequential_yolo_pose,SM-S906U1,GPU
2026-04-22 16:45:00.836,127.791,23.076,55.930,1.065,4.219,13.648,11.733,0.048,false,20.367,MODERATE,8,sequential_yolo_pose,SM-S906U1,GPU
2026-04-22 16:45:00.961,118.544,23.523,56.239,0.891,2.697,11.928,11.521,0.062,false,20.336,MODERATE,8,sequential_yolo_pose,SM-S906U1,GPU
2026-04-22 16:45:01.096,128.447,24.271,53.412,1.075,3.030,17.090,13.977,0.053,false,20.367,MODERATE,8,sequential_yolo_pose,SM-S906U1,GPU
2026-04-22 16:45:01.221,119.248,24.195,52.978,0.695,2.198,7.378,11.610,0.041,false,20.336,MODERATE,8,sequential_yolo_pose,SM-S906U1,GPU
2026-04-22 16:45:01.354,127.414,28.812,51.802,0.676,2.864,13.136,10.616,0.064,false,20.336,MODERATE,8,sequential_yolo_pose,SM-S906U1,GPU
2026-04-22 16:45:01.482,120.663,25.252,53.239,0.902,1.897,6.316,13.134,0.025,false,20.336,MODERATE,8,sequential_yolo_pose,SM-S906U1,GPU
2026-04-22 16:45:01.602,115.564,24.435,57.045,1.213,2.473,5.710,12.742,0.054,false,20.367,MODERATE,8,sequential_yolo_pose,SM-S906U1,GPU
2026-04-22 16:45:01.726,117.358,25.604,53.171,0.942,2.084,6.979,10.131,0.038,false,20.305,MODERATE,8,sequential_yolo_pose,SM-S906U1,GPU
2026-04-22 16:45:01.854,121.787,23.216,53.710,0.868,2.390,12.441,14.089,0.055,false,20.336,MODERATE,8,sequential_yolo_pose,SM-S906U1,GPU
2026-04-22 16:45:01.985,126.351,23.767,53.675,1.219,3.344,10.749,16.291,0.049,false,20.336,MODERATE,8,sequential_yolo_pose,SM-S906U1,GPU
2026-04-22 16:45:02.130,135.686,29.054,53.436,1.369,1.818,8.277,10.822,0.053,false,20.305,MODERATE,8,sequential_yolo_pose,SM-S906U1,GPU
2026-04-22 16:45:02.266,122.079,24.088,51.838,1.343,3.011,10.429,11.545,0.053,false,20.367,MODERATE,8,sequential_yolo_pose,SM-S906U1,GPU
2026-04-22 16:45:02.398,122.840,24.378,52.707,1.135,2.830,13.269,10.344,0.050,false,20.336,MODERATE,7,sequential_yolo_pose,SM-S906U1,GPU
2026-04-22 16:45:02.528,120.606,27.119,53.400,1.609,2.934,6.056,10.345,0.065,false,20.305,MODERATE,7,sequential_yolo_pose,SM-S906U1,GPU
2026-04-22 16:45:02.655,121.628,23.950,52.342,0.888,2.658,9.126,11.179,0.058,false,20.367,MODERATE,7,sequential_yolo_pose,SM-S906U1,GPU
2026-04-22 16:45:02.780,120.584,23.944,53.023,0.744,2.394,8.017,14.008,0.047,false,20.305,MODERATE,7,sequential_yolo_pose,SM-S906U1,GPU
2026-04-22 16:45:02.907,122.112,24.044,54.323,0.955,2.562,9.230,13.136,0.096,false,20.367,MODERATE,7,sequential_yolo_pose,SM-S906U1,GPU
2026-04-22 16:45:03.035,120.931,24.140,52.792,1.257,3.317,10.555,11.617,0.036,false,20.426,MODERATE,7,sequential_yolo_pose,SM-S906U1,GPU
2026-04-22 16:45:03.165,122.062,24.193,52.173,1.374,4.221,8.781,10.674,0.041,false,20.336,MODERATE,7,sequential_yolo_pose,SM-S906U1,GPU
2026-04-22 16:45:03.300,125.906,26.921,52.784,1.277,2.997,9.846,12.491,0.040,false,20.336,MODERATE,7,sequential_yolo_pose,SM-S906U1,GPU
2026-04-22 16:45:03.427,120.688,26.559,53.056,0.619,2.370,6.833,10.017,0.033,false,20.344,MODERATE,8,sequential_yolo_pose,SM-S906U1,GPU
2026-04-22 16:45:03.560,127.748,25.560,52.302,0.776,2.269,10.606,13.401,0.038,false,20.336,MODERATE,8,sequential_yolo_pose,SM-S906U1,GPU
2026-04-22 16:45:03.697,129.645,23.785,54.328,1.301,6.957,10.384,14.376,0.050,false,20.399,MODERATE,8,sequential_yolo_pose,SM-S906U1,GPU
2026-04-22 16:45:03.822,120.367,23.017,53.304,0.885,3.278,10.347,12.804,0.061,false,20.336,MODERATE,8,sequential_yolo_pose,SM-S906U1,GPU
2026-04-22 16:45:03.947,118.721,26.521,53.303,0.569,2.235,5.458,11.104,0.111,false,20.274,MODERATE,8,sequential_yolo_pose,SM-S906U1,GPU
2026-04-22 16:45:04.070,117.001,24.359,54.375,0.602,2.129,5.655,12.719,0.041,false,20.336,MODERATE,8,sequential_yolo_pose,SM-S906U1,GPU
2026-04-22 16:45:04.194,118.819,26.770,53.556,1.049,3.072,10.087,11.446,0.052,false,20.367,MODERATE,8,sequential_yolo_pose,SM-S906U1,GPU
2026-04-22 16:45:04.326,124.906,25.769,52.898,0.582,3.742,9.627,10.532,0.050,false,20.336,MODERATE,8,sequential_yolo_pose,SM-S906U1,GPU
2026-04-22 16:45:04.466,135.136,25.088,63.827,1.175,3.739,11.735,11.303,0.053,false,20.461,MODERATE,8,sequential_yolo_pose,SM-S906U1,GPU
2026-04-22 16:45:04.602,127.009,27.339,53.403,1.385,3.823,9.930,12.274,0.052,false,20.336,MODERATE,8,sequential_yolo_pose,SM-S906U1,GPU
2026-04-22 16:45:04.730,117.172,23.482,53.361,1.136,1.979,10.750,11.259,0.050,false,20.336,MODERATE,8,sequential_yolo_pose,SM-S906U1,GPU
2026-04-22 16:45:04.864,128.917,24.351,54.043,1.050,5.062,13.625,11.445,0.047,false,20.336,MODERATE,8,sequential_yolo_pose,SM-S906U1,GPU
2026-04-22 16:45:05.006,137.387,29.138,52.892,1.173,3.793,13.876,12.327,1.707,false,20.367,MODERATE,8,sequential_yolo_pose,SM-S906U1,GPU
2026-04-22 16:45:05.133,120.423,24.174,54.101,1.241,3.826,9.637,10.586,0.053,false,20.305,MODERATE,8,sequential_yolo_pose,SM-S906U1,GPU
2026-04-22 16:45:05.260,119.183,23.829,56.376,1.156,5.614,9.649,10.364,0.059,false,20.399,MODERATE,8,sequential_yolo_pose,SM-S906U1,GPU
2026-04-22 16:45:05.389,124.504,28.425,51.569,0.890,4.754,8.616,11.643,0.072,false,20.336,MODERATE,8,sequential_yolo_pose,SM-S906U1,GPU
2026-04-22 16:45:05.520,125.335,23.954,56.225,0.837,3.371,8.759,14.869,0.067,false,20.305,MODERATE,8,sequential_yolo_pose,SM-S906U1,GPU
2026-04-22 16:45:05.652,126.971,24.728,54.725,0.812,2.899,8.795,16.077,0.091,false,20.336,MODERATE,8,sequential_yolo_pose,SM-S906U1,GPU
2026-04-22 16:45:05.776,118.762,28.070,51.296,0.593,1.552,6.555,12.175,0.061,false,20.305,MODERATE,8,sequential_yolo_pose,SM-S906U1,GPU
2026-04-22 16:45:05.877,93.504,25.658,52.097,0.991,0.000,0.000,0.000,0.000,true,16.910,MODERATE,8,sequential_yolo_pose,SM-S906U1,GPU
2026-04-22 16:45:05.990,104.104,26.668,57.604,0.288,0.000,0.000,0.000,0.000,true,30.586,MODERATE,8,sequential_yolo_pose,SM-S906U1,GPU
2026-04-22 16:45:06.123,128.761,25.235,51.974,0.483,2.653,14.749,10.385,0.052,false,17.176,MODERATE,8,sequential_yolo_pose,SM-S906U1,GPU
2026-04-22 16:45:06.255,126.517,24.609,55.170,1.002,2.743,14.304,11.084,0.051,false,20.367,MODERATE,8,sequential_yolo_pose,SM-S906U1,GPU
2026-04-22 16:45:06.374,114.205,25.096,51.940,0.688,1.710,5.612,12.237,0.021,false,20.336,MODERATE,8,sequential_yolo_pose,SM-S906U1,GPU
2026-04-22 16:45:06.490,109.828,24.378,54.045,0.635,1.607,5.347,11.443,0.054,false,20.340,MODERATE,8,sequential_yolo_pose,SM-S906U1,GPU
2026-04-22 16:45:06.616,121.332,24.003,52.546,0.854,1.767,8.846,13.716,0.041,false,20.336,MODERATE,8,sequential_yolo_pose,SM-S906U1,GPU
2026-04-22 16:45:06.744,121.874,24.813,54.096,1.299,2.596,8.772,12.640,0.037,false,20.336,MODERATE,8,sequential_yolo_pose,SM-S906U1,GPU
2026-04-22 16:45:06.870,119.356,26.138,53.585,0.698,2.270,7.865,11.031,0.036,false,20.242,MODERATE,8,sequential_yolo_pose,SM-S906U1,GPU
2026-04-22 16:45:06.998,118.875,23.875,52.082,0.911,4.427,8.652,10.766,0.036,false,20.336,MODERATE,8,sequential_yolo_pose,SM-S906U1,GPU
2026-04-22 16:45:07.130,125.818,24.666,56.070,1.158,2.958,10.712,10.558,0.054,false,20.367,MODERATE,8,sequential_yolo_pose,SM-S906U1,GPU
2026-04-22 16:45:07.269,131.933,28.418,53.927,1.203,3.208,14.516,11.485,0.058,false,20.336,MODERATE,8,sequential_yolo_pose,SM-S906U1,GPU
2026-04-22 16:45:07.388,113.229,24.531,53.190,1.102,2.297,7.723,10.196,0.051,false,20.395,MODERATE,8,sequential_yolo_pose,SM-S906U1,GPU
2026-04-22 16:45:07.508,113.762,24.019,53.011,0.636,1.718,5.445,9.585,0.050,false,20.336,MODERATE,8,sequential_yolo_pose,SM-S906U1,GPU
2026-04-22 16:45:07.638,125.241,26.692,52.896,1.096,4.319,10.847,11.717,0.035,false,20.399,MODERATE,8,sequential_yolo_pose,SM-S906U1,GPU
2026-04-22 16:45:07.771,127.635,25.807,53.957,1.142,3.598,13.038,13.146,0.054,false,20.367,MODERATE,8,sequential_yolo_pose,SM-S906U1,GPU
2026-04-22 16:45:07.900,121.972,23.954,53.383,1.205,3.218,11.406,10.666,0.045,false,20.336,MODERATE,8,sequential_yolo_pose,SM-S906U1,GPU
2026-04-22 16:45:08.030,122.770,23.379,52.825,1.219,2.887,11.762,11.468,0.059,false,20.336,MODERATE,8,sequential_yolo_pose,SM-S906U1,GPU
2026-04-22 16:45:08.154,118.816,23.161,52.551,1.189,3.522,11.759,10.580,0.041,false,20.336,MODERATE,8,sequential_yolo_pose,SM-S906U1,GPU
2026-04-22 16:45:08.278,118.583,24.226,52.526,0.694,2.055,7.984,13.344,0.036,false,20.305,MODERATE,8,sequential_yolo_pose,SM-S906U1,GPU
2026-04-22 16:45:08.406,122.666,27.334,52.744,1.066,2.674,7.756,13.163,0.043,false,20.305,MODERATE,8,sequential_yolo_pose,SM-S906U1,GPU
2026-04-22 16:45:08.532,119.147,24.285,54.188,1.061,2.967,10.694,11.676,0.036,false,20.360,MODERATE,8,sequential_yolo_pose,SM-S906U1,GPU
2026-04-22 16:45:08.654,112.328,24.381,52.556,0.871,2.256,7.900,10.763,0.079,false,20.305,MODERATE,8,sequential_yolo_pose,SM-S906U1,GPU
2026-04-22 16:45:08.783,123.337,24.134,54.345,1.106,2.514,9.153,13.582,0.071,false,20.305,MODERATE,8,sequential_yolo_pose,SM-S906U1,GPU
2026-04-22 16:45:08.914,124.835,24.391,52.683,1.087,2.625,8.848,19.901,0.043,false,20.461,MODERATE,8,sequential_yolo_pose,SM-S906U1,GPU
2026-04-22 16:45:09.040,120.848,27.079,52.532,0.655,1.834,7.314,13.544,0.050,false,20.367,MODERATE,8,sequential_yolo_pose,SM-S906U1,GPU
2026-04-22 16:45:09.173,126.320,24.495,54.406,1.346,3.807,7.814,16.215,0.043,false,20.336,MODERATE,8,sequential_yolo_pose,SM-S906U1,GPU
2026-04-22 16:45:09.308,125.463,23.962,54.675,0.889,3.100,9.099,14.679,0.079,false,20.336,MODERATE,8,sequential_yolo_pose,SM-S906U1,GPU
2026-04-22 16:45:09.435,115.019,24.281,53.773,1.040,3.266,8.908,11.172,0.049,false,20.391,MODERATE,8,sequential_yolo_pose,SM-S906U1,GPU
2026-04-22 16:45:09.559,117.383,24.399,53.475,1.130,2.814,11.701,12.362,0.049,false,20.336,MODERATE,8,sequential_yolo_pose,SM-S906U1,GPU
2026-04-22 16:45:09.686,121.361,24.066,53.199,0.888,3.127,10.750,10.423,0.042,false,20.305,MODERATE,8,sequential_yolo_pose,SM-S906U1,GPU
2026-04-22 16:45:09.819,128.385,27.648,57.524,1.049,3.250,11.116,10.083,0.043,false,20.418,MODERATE,8,sequential_yolo_pose,SM-S906U1,GPU
2026-04-22 16:45:09.949,124.151,26.191,52.539,0.995,3.177,8.885,14.480,0.051,false,20.344,MODERATE,8,sequential_yolo_pose,SM-S906U1,GPU
2026-04-22 16:45:10.073,118.958,24.647,53.222,0.729,2.163,8.087,12.866,0.067,false,20.344,MODERATE,8,sequential_yolo_pose,SM-S906U1,GPU
2026-04-22 16:45:10.202,120.182,23.009,55.755,0.964,2.628,8.402,9.924,0.043,false,20.375,MODERATE,8,sequential_yolo_pose,SM-S906U1,GPU
2026-04-22 16:45:10.334,125.814,24.894,52.723,1.256,3.129,12.751,11.870,0.035,false,20.375,MODERATE,8,sequential_yolo_pose,SM-S906U1,GPU
2026-04-22 16:45:10.460,117.746,23.038,52.166,1.169,2.885,11.468,12.244,0.050,false,20.375,MODERATE,7,sequential_yolo_pose,SM-S906U1,GPU
2026-04-22 16:45:10.591,125.993,27.690,53.409,1.072,2.553,10.585,11.729,0.037,false,20.407,MODERATE,7,sequential_yolo_pose,SM-S906U1,GPU
2026-04-22 16:45:10.715,119.328,23.762,52.528,0.996,3.410,8.701,12.040,0.054,false,20.375,MODERATE,7,sequential_yolo_pose,SM-S906U1,GPU
2026-04-22 16:45:10.832,112.165,24.105,55.248,1.305,3.385,5.723,10.386,0.055,false,20.344,MODERATE,7,sequential_yolo_pose,SM-S906U1,GPU
2026-04-22 16:45:10.960,120.917,27.299,52.362,1.006,3.128,7.432,10.443,0.058,false,20.313,MODERATE,7,sequential_yolo_pose,SM-S906U1,GPU
2026-04-22 16:45:11.101,134.834,28.348,53.838,1.067,2.965,15.498,11.939,0.035,false,20.438,MODERATE,7,sequential_yolo_pose,SM-S906U1,GPU
2026-04-22 16:45:11.231,124.578,24.068,52.693,0.953,3.232,14.324,10.609,0.138,false,20.375,MODERATE,7,sequential_yolo_pose,SM-S906U1,GPU
2026-04-22 16:45:11.361,121.983,28.866,52.748,1.405,1.798,7.682,9.927,0.049,false,20.282,MODERATE,7,sequential_yolo_pose,SM-S906U1,GPU
2026-04-22 16:45:11.490,123.627,26.413,52.142,1.005,1.728,11.493,11.280,0.036,false,20.407,MODERATE,8,sequential_yolo_pose,SM-S906U1,GPU
2026-04-22 16:45:11.616,121.277,24.504,54.693,1.006,2.205,8.277,12.346,0.049,false,20.375,MODERATE,8,sequential_yolo_pose,SM-S906U1,GPU
2026-04-22 16:45:11.755,131.747,28.858,53.643,0.790,1.995,11.836,15.486,0.037,false,20.407,MODERATE,8,sequential_yolo_pose,SM-S906U1,GPU
2026-04-22 16:45:11.876,116.013,26.954,52.927,0.597,1.475,5.428,10.301,0.046,false,20.313,MODERATE,8,sequential_yolo_pose,SM-S906U1,GPU
2026-04-22 16:45:11.998,118.114,23.113,54.088,4.198,2.874,10.423,10.361,0.034,false,20.344,MODERATE,8,sequential_yolo_pose,SM-S906U1,GPU
2026-04-22 16:45:12.135,130.691,28.094,52.559,1.165,2.848,10.925,13.897,0.054,false,20.469,MODERATE,8,sequential_yolo_pose,SM-S906U1,GPU
2026-04-22 16:45:12.264,120.592,26.530,51.748,1.091,2.381,9.121,11.358,0.059,false,20.375,MODERATE,8,sequential_yolo_pose,SM-S906U1,GPU
2026-04-22 16:45:12.402,132.574,25.119,54.071,1.106,2.935,16.677,11.491,0.046,false,20.407,MODERATE,8,sequential_yolo_pose,SM-S906U1,GPU
2026-04-22 16:45:12.526,115.570,24.113,52.985,1.107,1.738,7.591,11.532,0.058,false,20.532,MODERATE,8,sequential_yolo_pose,SM-S906U1,GPU
2026-04-22 16:45:12.651,120.222,24.611,53.158,0.790,2.013,6.778,10.832,0.059,false,20.375,MODERATE,8,sequential_yolo_pose,SM-S906U1,GPU
2026-04-22 16:45:12.773,116.590,24.961,50.520,1.122,2.277,6.270,13.625,0.039,false,20.375,MODERATE,8,sequential_yolo_pose,SM-S906U1,GPU
2026-04-22 16:45:12.896,114.788,24.046,53.253,1.147,2.824,10.766,10.795,0.062,false,20.371,MODERATE,8,sequential_yolo_pose,SM-S906U1,GPU
2026-04-22 16:45:13.018,116.734,24.335,52.578,1.042,2.266,7.915,11.250,0.054,false,20.403,MODERATE,8,sequential_yolo_pose,SM-S906U1,GPU
2026-04-22 16:45:13.146,122.047,24.955,55.126,0.974,2.046,7.379,13.340,0.057,false,20.375,MODERATE,8,sequential_yolo_pose,SM-S906U1,GPU
2026-04-22 16:45:13.268,116.096,26.108,53.051,0.774,1.612,5.885,11.211,0.054,false,20.344,MODERATE,8,sequential_yolo_pose,SM-S906U1,GPU
2026-04-22 16:45:13.400,126.494,28.413,52.756,1.299,2.037,11.529,11.562,0.036,false,20.438,MODERATE,8,sequential_yolo_pose,SM-S906U1,GPU
2026-04-22 16:45:13.525,119.157,24.168,54.668,0.598,3.673,6.169,11.867,0.035,false,20.532,MODERATE,8,sequential_yolo_pose,SM-S906U1,GPU
2026-04-22 16:45:13.636,106.692,23.019,52.238,0.758,1.594,5.948,11.174,0.032,false,20.375,MODERATE,8,sequential_yolo_pose,SM-S906U1,GPU
2026-04-22 16:45:13.766,124.591,23.929,55.378,1.257,6.441,11.501,12.923,0.048,false,20.434,MODERATE,8,sequential_yolo_pose,SM-S906U1,GPU
2026-04-22 16:45:13.893,120.504,23.939,55.183,0.934,1.935,6.966,11.671,0.045,false,20.344,MODERATE,8,sequential_yolo_pose,SM-S906U1,GPU
2026-04-22 16:45:14.028,129.122,25.473,52.216,0.652,3.473,9.246,16.018,0.060,false,20.375,MODERATE,8,sequential_yolo_pose,SM-S906U1,GPU
2026-04-22 16:45:14.173,138.849,28.219,53.100,1.147,6.630,15.533,14.079,0.061,false,20.407,MODERATE,8,sequential_yolo_pose,SM-S906U1,GPU
2026-04-22 16:45:14.303,123.038,27.385,51.697,0.904,3.233,8.213,13.734,0.053,false,20.375,MODERATE,8,sequential_yolo_pose,SM-S906U1,GPU
2026-04-22 16:45:14.431,122.476,23.128,54.009,1.123,3.603,13.502,10.455,0.057,false,20.375,MODERATE,8,sequential_yolo_pose,SM-S906U1,GPU
2026-04-22 16:45:14.560,122.954,23.284,54.091,1.140,3.663,11.083,12.888,0.050,false,20.457,MODERATE,8,sequential_yolo_pose,SM-S906U1,GPU
2026-04-22 16:45:14.690,124.109,23.952,52.440,0.978,4.351,10.953,13.031,0.037,false,20.407,MODERATE,8,sequential_yolo_pose,SM-S906U1,GPU
2026-04-22 16:45:14.819,124.382,25.289,54.773,0.640,2.129,7.016,16.371,0.054,false,20.407,MODERATE,8,sequential_yolo_pose,SM-S906U1,GPU
2026-04-22 16:45:14.950,126.515,28.137,55.707,0.652,1.835,10.583,12.200,0.059,false,20.344,MODERATE,8,sequential_yolo_pose,SM-S906U1,GPU
2026-04-22 16:45:15.080,121.187,23.895,51.190,0.849,2.561,6.960,16.793,0.053,false,20.375,MODERATE,8,sequential_yolo_pose,SM-S906U1,GPU
2026-04-22 16:45:15.211,123.573,24.852,53.553,1.040,2.983,8.742,11.489,0.050,false,20.344,MODERATE,8,sequential_yolo_pose,SM-S906U1,GPU
2026-04-22 16:45:15.333,114.586,25.362,53.714,0.763,1.773,5.456,10.437,0.039,false,20.250,MODERATE,8,sequential_yolo_pose,SM-S906U1,GPU
2026-04-22 16:45:15.466,123.168,24.465,53.108,1.568,2.951,10.756,11.152,0.053,false,20.438,MODERATE,8,sequential_yolo_pose,SM-S906U1,GPU
2026-04-22 16:45:15.602,127.985,24.014,54.502,1.024,2.190,9.376,24.673,0.033,false,20.438,MODERATE,8,sequential_yolo_pose,SM-S906U1,GPU
2026-04-22 16:45:15.734,124.116,27.044,52.741,1.271,3.076,9.202,11.047,0.038,false,20.375,MODERATE,8,sequential_yolo_pose,SM-S906U1,GPU
2026-04-22 16:45:15.862,120.507,23.607,53.212,0.740,2.567,8.920,11.765,0.061,false,20.375,MODERATE,8,sequential_yolo_pose,SM-S906U1,GPU
2026-04-22 16:45:15.987,115.771,25.039,52.097,1.000,2.291,9.719,13.279,0.044,false,20.344,MODERATE,8,sequential_yolo_pose,SM-S906U1,GPU
2026-04-22 16:45:16.102,108.943,24.271,53.530,0.722,1.613,5.830,10.451,0.054,false,20.313,MODERATE,8,sequential_yolo_pose,SM-S906U1,GPU
2026-04-22 16:45:16.228,119.663,24.999,55.389,0.921,1.828,6.412,11.452,0.052,false,20.407,MODERATE,8,sequential_yolo_pose,SM-S906U1,GPU
2026-04-22 16:45:16.358,123.935,26.429,51.490,1.035,2.682,10.525,10.473,0.036,false,20.375,MODERATE,8,sequential_yolo_pose,SM-S906U1,GPU
2026-04-22 16:45:16.486,120.932,24.031,53.190,0.748,2.529,9.218,10.402,0.036,false,20.375,MODERATE,8,sequential_yolo_pose,SM-S906U1,GPU
2026-04-22 16:45:16.621,128.544,25.045,56.527,1.256,3.091,9.726,11.580,0.056,false,20.438,MODERATE,7,sequential_yolo_pose,SM-S906U1,GPU
2026-04-22 16:45:16.748,120.482,23.027,54.127,0.936,2.319,8.161,13.818,0.059,false,20.344,MODERATE,7,sequential_yolo_pose,SM-S906U1,GPU
2026-04-22 16:45:16.871,117.249,24.225,52.449,0.751,2.150,7.463,12.405,0.356,false,20.407,MODERATE,7,sequential_yolo_pose,SM-S906U1,GPU
2026-04-22 16:45:16.993,115.486,23.848,55.951,1.013,2.439,9.018,11.297,0.060,false,20.344,MODERATE,7,sequential_yolo_pose,SM-S906U1,GPU
2026-04-22 16:45:17.134,135.249,29.343,53.146,1.154,3.302,12.448,12.019,0.051,false,20.375,MODERATE,7,sequential_yolo_pose,SM-S906U1,GPU
2026-04-22 16:45:17.265,122.026,26.679,52.769,1.251,3.079,9.054,10.696,0.038,false,20.375,MODERATE,7,sequential_yolo_pose,SM-S906U1,GPU
2026-04-22 16:45:17.394,124.384,26.912,52.876,1.418,3.052,9.552,11.585,0.064,false,20.344,MODERATE,7,sequential_yolo_pose,SM-S906U1,GPU
2026-04-22 16:45:17.529,128.268,24.612,54.439,0.894,2.148,11.823,10.397,0.033,false,20.500,MODERATE,8,sequential_yolo_pose,SM-S906U1,GPU
2026-04-22 16:45:17.661,126.113,23.787,54.354,1.254,8.906,9.230,10.038,0.052,false,20.407,MODERATE,8,sequential_yolo_pose,SM-S906U1,GPU
2026-04-22 16:45:17.786,119.214,23.874,51.639,1.295,2.962,10.956,11.096,0.055,false,20.344,MODERATE,8,sequential_yolo_pose,SM-S906U1,GPU
2026-04-22 16:45:17.918,126.945,27.343,53.101,1.050,2.601,9.463,14.977,0.050,false,20.375,MODERATE,8,sequential_yolo_pose,SM-S906U1,GPU
2026-04-22 16:45:18.036,112.609,24.013,52.583,0.603,1.664,5.752,10.610,0.047,false,20.375,MODERATE,8,sequential_yolo_pose,SM-S906U1,GPU
2026-04-22 16:45:18.165,124.464,26.240,55.564,1.294,2.642,9.515,10.306,0.037,false,20.309,MODERATE,8,sequential_yolo_pose,SM-S906U1,GPU
2026-04-22 16:45:18.295,124.226,27.777,52.855,1.002,1.901,12.750,10.287,0.040,false,20.375,MODERATE,8,sequential_yolo_pose,SM-S906U1,GPU
2026-04-22 16:45:18.416,116.006,25.008,51.988,0.714,1.751,7.871,10.860,0.049,false,20.375,MODERATE,8,sequential_yolo_pose,SM-S906U1,GPU
2026-04-22 16:45:18.554,133.111,32.125,54.626,0.522,1.474,12.937,13.665,0.047,false,20.532,MODERATE,8,sequential_yolo_pose,SM-S906U1,GPU
2026-04-22 16:45:18.680,121.537,31.726,51.906,0.818,1.794,5.717,10.139,0.057,false,20.313,MODERATE,8,sequential_yolo_pose,SM-S906U1,GPU
2026-04-22 16:45:18.802,118.081,31.665,52.130,0.811,1.614,5.833,9.357,0.041,false,20.375,MODERATE,8,sequential_yolo_pose,SM-S906U1,GPU
2026-04-22 16:45:18.930,122.167,32.055,54.456,0.843,1.905,6.070,9.463,0.050,false,20.340,MODERATE,8,sequential_yolo_pose,SM-S906U1,GPU
2026-04-22 16:45:19.061,126.860,32.073,52.632,0.605,5.053,9.004,10.661,0.034,false,20.407,MODERATE,8,sequential_yolo_pose,SM-S906U1,GPU
2026-04-22 16:45:19.190,123.912,24.172,52.952,0.849,2.703,9.559,13.721,0.047,false,20.344,MODERATE,8,sequential_yolo_pose,SM-S906U1,GPU
2026-04-22 16:45:19.330,131.765,23.697,55.569,1.355,9.273,9.325,11.735,0.041,false,20.375,MODERATE,8,sequential_yolo_pose,SM-S906U1,GPU
2026-04-22 16:45:19.467,130.698,25.845,52.864,1.237,3.037,10.519,16.037,0.047,false,20.438,MODERATE,8,sequential_yolo_pose,SM-S906U1,GPU
2026-04-22 16:45:19.589,115.407,23.394,53.354,0.831,2.690,7.772,10.311,0.048,false,20.375,MODERATE,8,sequential_yolo_pose,SM-S906U1,GPU
2026-04-22 16:45:19.720,124.179,26.494,53.332,0.572,2.845,10.442,12.296,0.056,false,20.375,MODERATE,8,sequential_yolo_pose,SM-S906U1,GPU
2026-04-22 16:45:19.853,127.812,27.472,53.233,0.980,3.111,10.394,13.399,0.061,false,20.375,MODERATE,8,sequential_yolo_pose,SM-S906U1,GPU
2026-04-22 16:45:19.974,115.559,23.555,53.626,0.597,1.629,5.776,14.257,0.046,false,20.375,MODERATE,8,sequential_yolo_pose,SM-S906U1,GPU
2026-04-22 16:45:20.098,118.876,24.583,53.679,1.037,3.140,14.278,10.285,0.049,false,20.403,MODERATE,8,sequential_yolo_pose,SM-S906U1,GPU
2026-04-22 16:45:20.233,128.969,29.550,52.766,1.028,2.608,11.805,13.414,0.052,false,20.438,MODERATE,8,sequential_yolo_pose,SM-S906U1,GPU
2026-04-22 16:45:20.367,125.690,27.524,53.963,1.268,3.167,9.528,10.630,0.052,false,20.313,MODERATE,8,sequential_yolo_pose,SM-S906U1,GPU
2026-04-22 16:45:20.501,127.406,24.138,55.830,1.220,5.313,10.600,11.978,0.051,false,20.375,MODERATE,8,sequential_yolo_pose,SM-S906U1,GPU
2026-04-22 16:45:20.631,121.798,25.373,52.281,1.028,1.818,9.632,11.637,0.105,false,20.469,MODERATE,8,sequential_yolo_pose,SM-S906U1,GPU
2026-04-22 16:45:20.752,112.098,24.216,54.403,0.701,1.692,7.462,11.188,0.051,false,20.313,MODERATE,8,sequential_yolo_pose,SM-S906U1,GPU
2026-04-22 16:45:20.873,116.422,24.571,54.564,0.640,1.796,5.487,11.133,0.051,false,20.375,MODERATE,8,sequential_yolo_pose,SM-S906U1,GPU
2026-04-22 16:45:21.000,119.686,27.110,51.948,0.963,2.315,9.073,10.912,0.052,false,20.313,MODERATE,8,sequential_yolo_pose,SM-S906U1,GPU
2026-04-22 16:45:21.131,122.991,23.649,53.202,0.859,2.957,12.381,11.828,0.056,false,20.375,MODERATE,8,sequential_yolo_pose,SM-S906U1,GPU
2026-04-22 16:45:21.261,122.852,23.100,56.831,1.360,2.895,9.243,10.294,0.057,false,20.407,MODERATE,8,sequential_yolo_pose,SM-S906U1,GPU
2026-04-22 16:45:21.399,132.927,26.016,53.791,1.665,3.233,16.271,11.357,0.044,false,20.375,MODERATE,8,sequential_yolo_pose,SM-S906U1,GPU
2026-04-22 16:45:21.536,133.214,24.486,56.298,1.310,3.021,11.650,15.757,0.076,false,20.407,MODERATE,7,sequential_yolo_pose,SM-S906U1,GPU
2026-04-22 16:45:21.664,122.421,23.739,52.621,1.396,6.038,10.606,11.451,0.035,false,20.465,MODERATE,7,sequential_yolo_pose,SM-S906U1,GPU
2026-04-22 16:45:21.798,125.947,24.821,56.884,1.451,3.027,11.042,13.621,0.042,false,20.407,MODERATE,7,sequential_yolo_pose,SM-S906U1,GPU
2026-04-22 16:45:21.934,128.614,25.901,53.485,0.634,6.061,12.927,11.712,0.049,false,20.375,MODERATE,7,sequential_yolo_pose,SM-S906U1,GPU
2026-04-22 16:45:22.059,117.489,24.148,56.903,0.763,1.445,5.910,11.514,0.053,false,20.344,MODERATE,7,sequential_yolo_pose,SM-S906U1,GPU
2026-04-22 16:45:22.190,121.063,23.190,53.643,0.869,2.567,13.319,11.977,0.055,false,20.438,MODERATE,7,sequential_yolo_pose,SM-S906U1,GPU
2026-04-22 16:45:22.309,113.778,23.429,51.832,0.744,2.107,7.246,11.320,0.073,false,20.344,MODERATE,7,sequential_yolo_pose,SM-S906U1,GPU
2026-04-22 16:45:22.433,118.412,24.744,55.634,1.277,3.057,9.631,12.186,0.055,false,20.371,MODERATE,7,sequential_yolo_pose,SM-S906U1,GPU
2026-04-22 16:45:22.563,121.441,23.752,52.734,1.346,4.110,16.100,10.263,0.035,false,20.407,MODERATE,8,sequential_yolo_pose,SM-S906U1,GPU
2026-04-22 16:45:22.694,124.302,27.855,53.268,0.778,1.964,10.107,12.078,0.042,false,20.375,MODERATE,8,sequential_yolo_pose,SM-S906U1,GPU
2026-04-22 16:45:22.832,131.698,28.901,52.786,1.235,4.169,10.411,11.578,0.066,false,20.344,MODERATE,8,sequential_yolo_pose,SM-S906U1,GPU
2026-04-22 16:45:22.965,124.792,26.708,55.190,1.012,2.104,8.997,11.534,0.037,false,20.371,MODERATE,8,sequential_yolo_pose,SM-S906U1,GPU
2026-04-22 16:45:23.100,125.231,25.281,52.834,0.971,6.524,10.426,10.842,0.065,false,20.438,MODERATE,8,sequential_yolo_pose,SM-S906U1,GPU
2026-04-22 16:45:23.229,123.634,25.890,52.314,1.062,3.123,11.138,11.695,0.056,false,20.375,MODERATE,8,sequential_yolo_pose,SM-S906U1,GPU
2026-04-22 16:45:23.359,123.678,23.100,53.388,1.097,2.476,14.860,12.271,0.045,false,20.407,MODERATE,8,sequential_yolo_pose,SM-S906U1,GPU
2026-04-22 16:45:23.485,121.187,23.376,55.396,1.188,2.479,9.311,12.847,0.046,false,20.375,MODERATE,8,sequential_yolo_pose,SM-S906U1,GPU
2026-04-22 16:45:23.608,116.817,26.576,51.771,0.802,1.683,5.971,11.836,0.045,false,20.410,MODERATE,8,sequential_yolo_pose,SM-S906U1,GPU
2026-04-22 16:45:23.732,117.327,24.291,51.946,0.797,1.671,6.597,11.866,0.059,false,20.313,MODERATE,8,sequential_yolo_pose,SM-S906U1,GPU
2026-04-22 16:45:23.859,117.927,24.604,53.004,1.287,2.966,10.065,12.355,0.046,false,20.344,MODERATE,8,sequential_yolo_pose,SM-S906U1,GPU
2026-04-22 16:45:23.998,133.649,28.470,56.378,1.048,7.674,10.315,11.777,0.051,false,20.375,MODERATE,8,sequential_yolo_pose,SM-S906U1,GPU
2026-04-22 16:45:24.128,123.314,23.417,52.310,1.034,3.401,14.688,11.103,0.076,false,20.407,MODERATE,8,sequential_yolo_pose,SM-S906U1,GPU
2026-04-22 16:45:24.256,122.753,24.274,55.383,1.135,4.724,11.035,11.532,0.037,false,20.407,MODERATE,8,sequential_yolo_pose,SM-S906U1,GPU
2026-04-22 16:45:24.379,117.110,24.516,54.321,0.755,1.872,5.875,12.305,0.026,false,20.313,MODERATE,8,sequential_yolo_pose,SM-S906U1,GPU
2026-04-22 16:45:24.501,117.197,24.720,54.209,0.637,1.900,5.875,11.863,0.052,false,20.383,MODERATE,8,sequential_yolo_pose,SM-S906U1,GPU
2026-04-22 16:45:24.648,135.202,28.978,52.996,0.921,3.193,8.422,21.261,0.052,false,20.473,MODERATE,8,sequential_yolo_pose,SM-S906U1,GPU
2026-04-22 16:45:24.765,113.018,24.289,52.442,0.643,2.933,7.323,11.673,0.057,false,20.375,MODERATE,8,sequential_yolo_pose,SM-S906U1,GPU
2026-04-22 16:45:24.899,118.599,24.462,53.797,1.079,4.379,9.974,10.614,0.055,false,20.375,MODERATE,8,sequential_yolo_pose,SM-S906U1,GPU
2026-04-22 16:45:25.024,114.025,25.995,52.049,0.424,1.449,5.017,10.402,0.061,false,20.282,MODERATE,8,sequential_yolo_pose,SM-S906U1,GPU
2026-04-22 16:45:25.148,118.301,24.298,50.796,0.712,1.742,6.641,11.794,0.064,false,20.344,MODERATE,8,sequential_yolo_pose,SM-S906U1,GPU
2026-04-22 16:45:25.280,124.197,28.250,54.123,0.743,2.014,7.837,11.908,0.035,false,20.313,MODERATE,8,sequential_yolo_pose,SM-S906U1,GPU
2026-04-22 16:45:25.404,118.785,24.756,54.417,0.737,1.872,5.956,9.980,0.055,false,20.375,MODERATE,8,sequential_yolo_pose,SM-S906U1,GPU
2026-04-22 16:45:25.536,123.107,28.604,54.468,1.158,2.328,6.695,11.656,0.054,false,20.375,MODERATE,8,sequential_yolo_pose,SM-S906U1,GPU
2026-04-22 16:45:25.662,120.081,24.266,52.457,1.271,4.349,9.323,10.457,0.038,false,20.375,MODERATE,8,sequential_yolo_pose,SM-S906U1,GPU
2026-04-22 16:45:25.791,121.641,24.762,54.590,0.910,2.200,9.227,11.960,0.037,false,20.375,MODERATE,8,sequential_yolo_pose,SM-S906U1,GPU
2026-04-22 16:45:25.925,129.156,29.625,53.646,0.893,2.050,11.296,11.111,0.034,false,20.375,MODERATE,8,sequential_yolo_pose,SM-S906U1,GPU
2026-04-22 16:45:26.066,135.603,27.019,56.687,1.394,3.068,16.575,12.221,0.037,false,20.407,MODERATE,8,sequential_yolo_pose,SM-S906U1,GPU
2026-04-22 16:45:26.203,126.594,26.368,51.948,1.132,2.989,13.144,13.078,0.059,false,20.407,MODERATE,8,sequential_yolo_pose,SM-S906U1,GPU
2026-04-22 16:45:26.332,121.043,23.644,53.710,1.182,3.057,12.173,10.790,0.065,false,20.344,MODERATE,8,sequential_yolo_pose,SM-S906U1,GPU
2026-04-22 16:45:26.463,123.027,24.590,51.690,1.201,4.106,12.142,10.423,0.051,false,20.438,MODERATE,8,sequential_yolo_pose,SM-S906U1,GPU
2026-04-22 16:45:26.598,129.671,23.543,56.614,1.362,3.003,15.497,11.729,0.050,false,20.407,MODERATE,7,sequential_yolo_pose,SM-S906U1,GPU
2026-04-22 16:45:26.728,124.405,24.114,55.699,0.966,2.604,18.367,10.689,0.050,false,20.434,MODERATE,7,sequential_yolo_pose,SM-S906U1,GPU
2026-04-22 16:45:26.857,123.479,23.370,52.604,0.626,2.826,10.750,12.738,0.055,false,20.375,MODERATE,7,sequential_yolo_pose,SM-S906U1,GPU
2026-04-22 16:45:26.983,121.177,25.343,51.037,0.815,1.967,8.093,13.509,0.084,false,20.344,MODERATE,7,sequential_yolo_pose,SM-S906U1,GPU
2026-04-22 16:45:27.112,124.360,24.575,55.685,1.314,3.653,9.021,10.935,0.183,false,20.375,MODERATE,7,sequential_yolo_pose,SM-S906U1,GPU
2026-04-22 16:45:27.234,113.266,23.550,52.575,0.730,1.615,5.534,10.275,0.039,false,20.313,MODERATE,7,sequential_yolo_pose,SM-S906U1,GPU
2026-04-22 16:45:27.363,121.594,28.654,52.409,1.408,3.097,12.630,10.861,0.044,false,20.375,MODERATE,7,sequential_yolo_pose,SM-S906U1,GPU
2026-04-22 16:45:27.498,128.838,26.647,54.812,1.043,4.979,10.288,12.029,0.039,false,20.407,MODERATE,7,sequential_yolo_pose,SM-S906U1,GPU
2026-04-22 16:45:27.623,119.678,23.531,54.158,0.605,1.656,9.934,11.223,0.037,false,20.532,MODERATE,8,sequential_yolo_pose,SM-S906U1,GPU
2026-04-22 16:45:27.744,116.457,23.928,52.730,0.844,2.305,8.173,16.515,0.059,false,20.344,MODERATE,8,sequential_yolo_pose,SM-S906U1,GPU
2026-04-22 16:45:27.878,128.508,24.372,55.403,1.127,3.128,9.942,16.544,0.064,false,20.375,MODERATE,8,sequential_yolo_pose,SM-S906U1,GPU
2026-04-22 16:45:28.010,122.016,23.924,52.599,0.682,2.610,5.730,17.079,0.031,false,20.375,MODERATE,8,sequential_yolo_pose,SM-S906U1,GPU
2026-04-22 16:45:28.144,125.956,26.756,53.219,1.145,2.704,8.711,14.500,0.036,false,20.375,MODERATE,8,sequential_yolo_pose,SM-S906U1,GPU
2026-04-22 16:45:28.270,119.764,26.827,52.765,0.735,1.666,5.607,10.616,0.035,false,20.344,MODERATE,8,sequential_yolo_pose,SM-S906U1,GPU
2026-04-22 16:45:28.378,95.480,26.258,53.373,0.710,0.000,0.000,0.000,0.000,true,17.012,MODERATE,8,sequential_yolo_pose,SM-S906U1,GPU
2026-04-22 16:45:28.483,97.697,25.001,54.203,0.493,0.000,0.000,0.000,0.000,true,30.594,MODERATE,8,sequential_yolo_pose,SM-S906U1,GPU
2026-04-22 16:45:28.584,96.921,27.164,51.295,0.441,0.000,0.000,0.000,0.000,true,13.883,MODERATE,8,sequential_yolo_pose,SM-S906U1,GPU
2026-04-22 16:45:28.716,126.659,24.781,53.879,1.057,2.661,9.982,14.038,0.061,false,20.399,MODERATE,8,sequential_yolo_pose,SM-S906U1,GPU
2026-04-22 16:45:28.842,120.180,23.367,56.084,1.116,1.997,5.826,12.958,0.053,false,20.375,MODERATE,8,sequential_yolo_pose,SM-S906U1,GPU
2026-04-22 16:45:28.962,114.367,23.915,52.750,1.078,2.232,6.178,10.644,0.047,false,20.375,MODERATE,8,sequential_yolo_pose,SM-S906U1,GPU
2026-04-22 16:45:29.093,124.857,24.641,51.718,1.325,2.829,10.153,13.825,0.042,false,20.375,MODERATE,8,sequential_yolo_pose,SM-S906U1,GPU
2026-04-22 16:45:29.231,132.270,27.646,53.281,1.247,3.410,11.602,11.847,0.058,false,20.407,MODERATE,8,sequential_yolo_pose,SM-S906U1,GPU
2026-04-22 16:45:29.365,128.695,23.375,52.646,1.228,3.438,12.869,10.890,0.047,false,20.375,MODERATE,8,sequential_yolo_pose,SM-S906U1,GPU
2026-04-22 16:45:29.494,120.050,22.728,52.308,1.203,3.518,10.176,9.790,0.037,false,20.375,MODERATE,8,sequential_yolo_pose,SM-S906U1,GPU
2026-04-22 16:45:29.624,122.505,24.416,52.299,0.664,2.872,10.649,11.596,0.038,false,20.563,MODERATE,8,sequential_yolo_pose,SM-S906U1,GPU
2026-04-22 16:45:29.739,110.445,22.631,54.274,0.946,2.428,6.879,11.944,0.053,false,20.313,MODERATE,8,sequential_yolo_pose,SM-S906U1,GPU
2026-04-22 16:45:29.870,123.608,23.800,53.362,2.415,3.451,10.166,12.766,0.041,false,20.407,MODERATE,8,sequential_yolo_pose,SM-S906U1,GPU
2026-04-22 16:45:29.996,114.333,23.885,52.767,1.027,2.321,8.203,9.684,0.071,false,20.375,MODERATE,8,sequential_yolo_pose,SM-S906U1,GPU
2026-04-22 16:45:30.124,121.847,23.402,56.234,1.498,4.603,9.112,10.397,0.058,false,20.344,MODERATE,8,sequential_yolo_pose,SM-S906U1,GPU
2026-04-22 16:45:30.264,134.249,28.491,55.530,1.422,3.973,14.148,11.835,0.041,false,20.375,MODERATE,8,sequential_yolo_pose,SM-S906U1,GPU
2026-04-22 16:45:30.392,123.251,24.981,52.142,0.882,3.324,10.254,10.531,0.053,false,20.344,MODERATE,8,sequential_yolo_pose,SM-S906U1,GPU
2026-04-22 16:45:30.524,127.096,24.155,54.372,0.776,3.128,15.497,11.407,0.043,false,20.407,MODERATE,8,sequential_yolo_pose,SM-S906U1,GPU
2026-04-22 16:45:30.649,119.042,23.816,54.828,1.176,2.299,5.739,13.808,0.033,false,20.469,MODERATE,8,sequential_yolo_pose,SM-S906U1,GPU
2026-04-22 16:45:30.769,115.951,23.625,54.705,1.054,4.830,8.650,10.886,0.055,false,20.375,MODERATE,8,sequential_yolo_pose,SM-S906U1,GPU
2026-04-22 16:45:30.902,120.177,23.800,53.707,1.052,2.514,9.111,11.094,0.035,false,20.375,MODERATE,8,sequential_yolo_pose,SM-S906U1,GPU
2026-04-22 16:45:31.026,114.107,24.373,54.128,1.260,3.191,8.244,10.524,0.052,false,20.344,MODERATE,8,sequential_yolo_pose,SM-S906U1,GPU
2026-04-22 16:45:31.159,127.749,28.801,52.944,1.032,2.226,9.271,15.656,0.050,false,20.375,MODERATE,8,sequential_yolo_pose,SM-S906U1,GPU
2026-04-22 16:45:31.299,133.906,24.011,53.552,1.493,3.114,13.250,15.274,0.052,false,20.407,MODERATE,8,sequential_yolo_pose,SM-S906U1,GPU
2026-04-22 16:45:31.422,116.335,24.692,54.640,0.665,2.182,6.185,12.311,0.059,false,20.407,MODERATE,8,sequential_yolo_pose,SM-S906U1,GPU
2026-04-22 16:45:31.553,125.958,23.237,54.530,1.023,3.490,8.941,13.679,0.058,false,20.344,MODERATE,8,sequential_yolo_pose,SM-S906U1,GPU
2026-04-22 16:45:31.678,120.673,24.345,55.447,0.960,2.934,7.782,12.411,0.055,false,20.348,MODERATE,8,sequential_yolo_pose,SM-S906U1,GPU
2026-04-22 16:45:31.789,103.905,28.778,54.066,0.768,0.000,0.000,0.000,0.000,true,16.949,MODERATE,8,sequential_yolo_pose,SM-S906U1,GPU
2026-04-22 16:45:31.900,105.120,27.739,57.403,0.963,0.000,0.000,0.000,0.000,true,30.657,MODERATE,8,sequential_yolo_pose,SM-S906U1,GPU
2026-04-22 16:45:32.015,98.558,26.690,51.743,0.939,0.000,0.000,0.000,0.000,true,13.883,MODERATE,8,sequential_yolo_pose,SM-S906U1,GPU
2026-04-22 16:45:32.113,92.759,24.108,51.937,0.815,0.000,0.000,0.000,0.000,true,16.942,MODERATE,8,sequential_yolo_pose,SM-S906U1,GPU
2026-04-22 16:45:32.228,108.059,29.845,53.775,1.236,0.000,0.000,0.000,0.000,true,30.555,MODERATE,8,sequential_yolo_pose,SM-S906U1,GPU
2026-04-22 16:45:32.344,107.297,26.259,52.965,0.957,0.000,0.000,0.000,0.000,true,13.883,MODERATE,8,sequential_yolo_pose,SM-S906U1,GPU
2026-04-22 16:45:32.449,96.491,24.892,51.957,0.530,0.000,0.000,0.000,0.000,true,16.942,MODERATE,8,sequential_yolo_pose,SM-S906U1,GPU
2026-04-22 16:45:32.554,99.310,24.392,52.923,0.633,0.000,0.000,0.000,0.000,true,30.618,MODERATE,8,sequential_yolo_pose,SM-S906U1,GPU
2026-04-22 16:45:32.664,104.206,24.397,56.511,1.105,0.000,0.000,0.000,0.000,true,13.946,MODERATE,9,sequential_yolo_pose,SM-S906U1,GPU
2026-04-22 16:45:32.802,127.178,27.439,51.549,0.913,2.582,5.425,12.058,0.049,false,20.371,MODERATE,9,sequential_yolo_pose,SM-S906U1,GPU
2026-04-22 16:45:32.938,126.856,27.395,55.489,0.843,3.255,9.082,12.250,0.054,false,20.344,MODERATE,9,sequential_yolo_pose,SM-S906U1,GPU
2026-04-22 16:45:33.069,121.646,23.980,53.094,1.045,3.404,9.883,12.796,0.081,false,20.375,MODERATE,9,sequential_yolo_pose,SM-S906U1,GPU
2026-04-22 16:45:33.200,118.722,25.591,52.198,1.105,1.648,8.285,10.617,0.043,false,20.375,MODERATE,9,sequential_yolo_pose,SM-S906U1,GPU
2026-04-22 16:45:33.333,126.458,23.756,57.886,1.582,3.082,9.991,11.568,0.059,false,20.344,MODERATE,9,sequential_yolo_pose,SM-S906U1,GPU
2026-04-22 16:45:33.467,128.047,25.661,53.482,1.143,3.169,10.727,10.398,0.054,false,20.375,MODERATE,9,sequential_yolo_pose,SM-S906U1,GPU
2026-04-22 16:45:33.597,119.439,26.574,53.261,1.117,2.555,7.375,10.246,0.035,false,20.282,MODERATE,9,sequential_yolo_pose,SM-S906U1,GPU
2026-04-22 16:45:33.739,136.746,26.316,55.360,1.065,2.547,8.815,12.975,0.593,false,20.407,MODERATE,8,sequential_yolo_pose,SM-S906U1,GPU
2026-04-22 16:45:33.874,126.360,27.461,53.804,1.416,3.126,9.635,12.390,0.026,false,20.344,MODERATE,8,sequential_yolo_pose,SM-S906U1,GPU
2026-04-22 16:45:33.999,119.479,23.100,55.931,3.185,2.766,11.997,10.560,0.056,false,14.571,MODERATE,8,sequential_yolo_pose,SM-S906U1,GPU
2026-04-22 16:45:34.129,124.848,22.695,54.708,1.545,7.798,10.283,10.584,0.047,false,21.582,MODERATE,8,sequential_yolo_pose,SM-S906U1,GPU
2026-04-22 16:45:34.269,133.777,26.767,54.376,1.130,4.287,15.583,12.713,0.044,false,38.590,MODERATE,8,sequential_yolo_pose,SM-S906U1,GPU
2026-04-22 16:45:34.412,126.944,23.724,57.144,0.706,2.068,5.635,18.084,0.030,false,20.340,MODERATE,8,sequential_yolo_pose,SM-S906U1,GPU
2026-04-22 16:45:34.538,120.343,24.369,53.444,1.021,3.199,8.991,10.815,0.057,false,20.344,MODERATE,8,sequential_yolo_pose,SM-S906U1,GPU
2026-04-22 16:45:34.659,115.025,23.561,52.841,0.780,1.941,6.076,11.415,0.040,false,20.375,MODERATE,7,sequential_yolo_pose,SM-S906U1,GPU
2026-04-22 16:45:34.783,118.982,23.081,57.063,0.749,2.090,6.291,13.802,0.051,false,20.344,MODERATE,7,sequential_yolo_pose,SM-S906U1,GPU
2026-04-22 16:45:34.909,121.217,23.696,55.674,1.167,3.193,8.525,10.316,0.054,false,20.344,MODERATE,7,sequential_yolo_pose,SM-S906U1,GPU
2026-04-22 16:45:35.035,117.746,24.175,51.936,1.041,3.336,7.732,11.973,0.050,false,20.313,MODERATE,7,sequential_yolo_pose,SM-S906U1,GPU
2026-04-22 16:45:35.168,126.442,28.494,54.783,1.262,4.453,13.752,10.883,0.034,false,20.395,MODERATE,7,sequential_yolo_pose,SM-S906U1,GPU
2026-04-22 16:45:35.297,118.712,26.846,55.379,1.314,3.579,9.359,10.499,0.033,false,20.375,MODERATE,7,sequential_yolo_pose,SM-S906U1,GPU
2026-04-22 16:45:35.425,122.390,27.344,55.092,0.735,2.086,7.205,11.275,0.037,false,20.375,MODERATE,7,sequential_yolo_pose,SM-S906U1,GPU
2026-04-22 16:45:35.547,117.032,23.638,56.281,0.780,1.739,6.094,12.227,0.037,false,20.375,MODERATE,7,sequential_yolo_pose,SM-S906U1,GPU
2026-04-22 16:45:35.674,120.215,26.233,53.364,0.720,1.786,6.604,13.293,0.037,false,20.500,MODERATE,8,sequential_yolo_pose,SM-S906U1,GPU
2026-04-22 16:45:35.794,113.287,23.727,52.725,0.840,1.693,5.535,11.597,0.038,false,20.375,MODERATE,8,sequential_yolo_pose,SM-S906U1,GPU
2026-04-22 16:45:35.921,119.473,31.357,53.273,0.966,2.182,8.476,10.583,0.038,false,20.313,MODERATE,8,sequential_yolo_pose,SM-S906U1,GPU
2026-04-22 16:45:36.047,119.848,28.063,52.061,0.765,2.341,7.044,10.814,0.043,false,20.344,MODERATE,8,sequential_yolo_pose,SM-S906U1,GPU
2026-04-22 16:45:36.155,100.385,27.044,53.145,1.028,0.000,0.000,0.000,0.000,true,16.949,MODERATE,8,sequential_yolo_pose,SM-S906U1,GPU
2026-04-22 16:45:36.310,147.138,27.130,60.585,1.078,3.819,11.461,15.151,0.046,false,34.114,MODERATE,8,sequential_yolo_pose,SM-S906U1,GPU
2026-04-22 16:45:36.416,94.946,23.070,55.352,0.591,0.000,0.000,0.000,0.000,true,17.012,MODERATE,8,sequential_yolo_pose,SM-S906U1,GPU
2026-04-22 16:45:36.541,120.792,24.085,55.453,0.876,3.462,8.924,11.275,0.051,false,33.957,MODERATE,8,sequential_yolo_pose,SM-S906U1,GPU
2026-04-22 16:45:36.649,99.466,22.853,60.256,0.836,0.000,0.000,0.000,0.000,true,17.106,MODERATE,8,sequential_yolo_pose,SM-S906U1,GPU
2026-04-22 16:45:36.758,101.896,25.803,55.852,0.784,0.000,0.000,0.000,0.000,true,30.727,MODERATE,8,sequential_yolo_pose,SM-S906U1,GPU
2026-04-22 16:45:36.872,108.829,29.955,52.461,1.017,0.000,0.000,0.000,0.000,true,13.856,MODERATE,8,sequential_yolo_pose,SM-S906U1,GPU
2026-04-22 16:45:36.992,111.236,25.921,54.672,0.794,0.000,0.000,0.000,0.000,true,16.973,MODERATE,8,sequential_yolo_pose,SM-S906U1,GPU
2026-04-22 16:45:37.104,105.796,24.129,53.901,1.178,0.000,0.000,0.000,0.000,true,30.586,MODERATE,8,sequential_yolo_pose,SM-S906U1,GPU
2026-04-22 16:45:37.220,103.940,28.593,53.348,0.688,0.000,0.000,0.000,0.000,true,13.492,MODERATE,8,sequential_yolo_pose,SM-S906U1,GPU
2026-04-22 16:45:37.357,131.552,27.945,55.350,0.584,3.363,15.959,10.292,0.051,false,20.367,MODERATE,8,sequential_yolo_pose,SM-S906U1,GPU
2026-04-22 16:45:37.484,121.362,23.697,53.580,1.464,1.802,10.095,12.418,0.071,false,20.407,MODERATE,8,sequential_yolo_pose,SM-S906U1,GPU
2026-04-22 16:45:37.602,112.271,24.579,53.220,0.487,1.125,4.445,10.081,0.037,false,20.313,MODERATE,8,sequential_yolo_pose,SM-S906U1,GPU
2026-04-22 16:45:37.707,99.514,26.395,53.334,0.793,0.000,0.000,0.000,0.000,true,16.918,MODERATE,9,sequential_yolo_pose,SM-S906U1,GPU
2026-04-22 16:45:37.843,129.710,30.833,52.526,0.952,3.218,9.250,13.418,0.053,false,34.020,MODERATE,9,sequential_yolo_pose,SM-S906U1,GPU
2026-04-22 16:45:37.953,103.030,24.216,56.858,0.622,0.000,0.000,0.000,0.000,true,16.981,MODERATE,9,sequential_yolo_pose,SM-S906U1,GPU
2026-04-22 16:45:38.104,142.396,28.374,57.078,1.572,4.338,11.360,10.678,0.053,false,33.989,MODERATE,9,sequential_yolo_pose,SM-S906U1,GPU
2026-04-22 16:45:38.240,126.701,29.117,55.820,0.905,2.285,7.740,11.736,0.046,false,20.407,MODERATE,9,sequential_yolo_pose,SM-S906U1,GPU
2026-04-22 16:45:38.339,91.811,23.930,51.351,0.674,0.000,0.000,0.000,0.000,true,17.004,MODERATE,9,sequential_yolo_pose,SM-S906U1,GPU
2026-04-22 16:45:38.461,115.112,29.468,59.261,0.621,0.000,0.000,0.000,0.000,true,30.618,MODERATE,9,sequential_yolo_pose,SM-S906U1,GPU
2026-04-22 16:45:38.582,114.952,32.804,52.331,0.772,0.000,0.000,0.000,0.000,true,13.883,MODERATE,9,sequential_yolo_pose,SM-S906U1,GPU
2026-04-22 16:45:38.698,107.697,25.940,52.371,0.863,0.000,0.000,0.000,0.000,true,16.977,MODERATE,8,sequential_yolo_pose,SM-S906U1,GPU
2026-04-22 16:45:38.842,135.100,26.914,55.723,1.395,4.031,9.245,13.771,0.175,false,33.985,MODERATE,8,sequential_yolo_pose,SM-S906U1,GPU
2026-04-22 16:45:38.983,124.651,23.800,54.647,0.771,3.196,7.825,14.531,0.102,false,20.340,MODERATE,8,sequential_yolo_pose,SM-S906U1,GPU
2026-04-22 16:45:39.106,117.822,26.059,55.105,0.746,2.732,4.288,9.973,0.052,false,20.313,MODERATE,8,sequential_yolo_pose,SM-S906U1,GPU
2026-04-22 16:45:39.228,118.930,23.422,54.613,0.919,4.263,12.922,11.103,0.035,false,20.344,MODERATE,8,sequential_yolo_pose,SM-S906U1,GPU
2026-04-22 16:45:39.346,111.127,23.456,51.778,0.545,2.858,7.054,10.427,0.052,false,20.313,MODERATE,8,sequential_yolo_pose,SM-S906U1,GPU
2026-04-22 16:45:39.472,120.590,24.221,51.744,1.100,4.937,8.807,12.421,0.073,false,20.375,MODERATE,8,sequential_yolo_pose,SM-S906U1,GPU
2026-04-22 16:45:39.603,123.535,25.787,52.957,0.988,6.670,5.927,12.687,0.055,false,20.282,MODERATE,8,sequential_yolo_pose,SM-S906U1,GPU
2026-04-22 16:45:39.727,115.835,23.661,55.393,1.364,4.404,9.250,9.994,0.054,false,20.438,MODERATE,8,sequential_yolo_pose,SM-S906U1,GPU
2026-04-22 16:45:39.865,130.428,25.936,54.892,0.588,2.887,12.252,11.296,0.051,false,20.438,MODERATE,8,sequential_yolo_pose,SM-S906U1,GPU
2026-04-22 16:45:39.990,120.521,24.286,52.744,0.621,3.440,8.672,10.768,0.058,false,20.407,MODERATE,8,sequential_yolo_pose,SM-S906U1,GPU
2026-04-22 16:45:40.118,122.074,25.144,52.651,0.730,2.952,8.944,12.022,0.051,false,20.344,MODERATE,8,sequential_yolo_pose,SM-S906U1,GPU
2026-04-22 16:45:40.241,118.586,25.192,53.476,1.281,3.459,7.089,14.309,0.070,false,20.344,MODERATE,8,sequential_yolo_pose,SM-S906U1,GPU
2026-04-22 16:45:40.376,130.228,23.526,53.707,1.485,4.052,13.177,18.926,0.145,false,20.407,MODERATE,8,sequential_yolo_pose,SM-S906U1,GPU
2026-04-22 16:45:40.506,119.938,27.500,52.385,0.788,2.068,5.131,11.680,0.053,false,20.410,MODERATE,8,sequential_yolo_pose,SM-S906U1,GPU
2026-04-22 16:45:40.642,122.751,29.462,55.213,0.689,2.353,6.105,11.247,0.046,false,20.438,MODERATE,8,sequential_yolo_pose,SM-S906U1,GPU
2026-04-22 16:45:40.749,101.803,27.501,56.604,0.522,0.000,0.000,0.000,0.000,true,17.106,MODERATE,8,sequential_yolo_pose,SM-S906U1,GPU
2026-04-22 16:45:40.883,128.370,23.366,59.230,0.590,2.399,6.912,15.338,0.036,false,34.113,MODERATE,8,sequential_yolo_pose,SM-S906U1,GPU
2026-04-22 16:45:41.012,120.414,27.211,55.022,0.635,2.910,6.110,10.381,0.038,false,20.309,MODERATE,8,sequential_yolo_pose,SM-S906U1,GPU
2026-04-22 16:45:41.128,111.228,22.883,54.329,0.735,2.782,8.260,10.515,0.036,false,20.407,MODERATE,8,sequential_yolo_pose,SM-S906U1,GPU
2026-04-22 16:45:41.242,109.988,23.209,54.062,0.647,2.594,5.949,11.355,0.055,false,20.375,MODERATE,8,sequential_yolo_pose,SM-S906U1,GPU
2026-04-22 16:45:41.364,115.391,25.004,52.343,0.627,2.638,6.048,10.214,0.048,false,20.313,MODERATE,8,sequential_yolo_pose,SM-S906U1,GPU
2026-04-22 16:45:41.489,118.009,23.409,58.890,0.647,3.020,9.440,10.893,0.056,false,20.375,MODERATE,8,sequential_yolo_pose,SM-S906U1,GPU
2026-04-22 16:45:41.621,127.174,28.169,59.769,0.723,2.377,5.811,11.295,0.023,false,20.375,MODERATE,8,sequential_yolo_pose,SM-S906U1,GPU
2026-04-22 16:45:41.734,108.925,22.829,54.825,0.734,2.553,5.715,10.214,0.060,false,20.410,MODERATE,8,sequential_yolo_pose,SM-S906U1,GPU
2026-04-22 16:45:41.855,113.367,24.279,53.825,0.730,2.750,6.653,11.224,0.054,false,20.375,MODERATE,8,sequential_yolo_pose,SM-S906U1,GPU
2026-04-22 16:45:41.984,124.048,23.724,55.308,0.614,2.174,7.264,12.025,0.055,false,20.407,MODERATE,8,sequential_yolo_pose,SM-S906U1,GPU
2026-04-22 16:45:42.109,119.924,28.695,53.850,0.689,2.361,5.909,12.085,0.055,false,20.375,MODERATE,8,sequential_yolo_pose,SM-S906U1,GPU
2026-04-22 16:45:42.236,117.335,26.453,52.787,0.585,2.022,5.650,11.883,0.051,false,20.344,MODERATE,8,sequential_yolo_pose,SM-S906U1,GPU
2026-04-22 16:45:42.366,121.292,30.505,52.683,0.680,2.149,5.742,11.347,0.050,false,20.313,MODERATE,8,sequential_yolo_pose,SM-S906U1,GPU
2026-04-22 16:45:42.482,108.865,23.902,54.307,0.729,1.960,6.089,10.116,0.068,false,20.313,MODERATE,8,sequential_yolo_pose,SM-S906U1,GPU
2026-04-22 16:45:42.606,118.581,26.082,54.201,0.971,2.332,5.759,11.420,0.295,false,20.344,MODERATE,8,sequential_yolo_pose,SM-S906U1,GPU
2026-04-22 16:45:42.731,117.660,23.937,53.840,2.612,1.853,5.689,11.750,0.062,false,20.438,MODERATE,8,sequential_yolo_pose,SM-S906U1,GPU
2026-04-22 16:45:42.862,125.356,24.796,54.680,1.044,2.995,9.414,11.301,0.080,false,20.375,MODERATE,8,sequential_yolo_pose,SM-S906U1,GPU
2026-04-22 16:45:42.966,97.453,23.607,53.004,0.832,0.000,0.000,0.000,0.000,true,16.949,MODERATE,8,sequential_yolo_pose,SM-S906U1,GPU
2026-04-22 16:45:43.080,106.904,28.168,54.231,0.968,0.000,0.000,0.000,0.000,true,30.594,MODERATE,8,sequential_yolo_pose,SM-S906U1,GPU
2026-04-22 16:45:43.228,140.854,31.310,52.004,1.214,4.302,9.894,12.201,0.035,false,16.856,MODERATE,8,sequential_yolo_pose,SM-S906U1,GPU
2026-04-22 16:45:43.364,130.264,28.147,54.959,1.316,6.072,9.157,10.946,0.039,false,20.407,MODERATE,8,sequential_yolo_pose,SM-S906U1,GPU
2026-04-22 16:45:43.499,125.841,25.205,52.714,0.906,4.274,11.044,11.937,0.043,false,20.375,MODERATE,8,sequential_yolo_pose,SM-S906U1,GPU
2026-04-22 16:45:43.633,125.673,26.627,51.753,1.046,4.097,10.613,11.942,0.051,false,20.375,MODERATE,8,sequential_yolo_pose,SM-S906U1,GPU
2026-04-22 16:45:43.766,126.477,27.202,56.279,0.854,3.660,10.187,10.410,0.066,false,20.504,MODERATE,8,sequential_yolo_pose,SM-S906U1,GPU
2026-04-22 16:45:43.902,127.531,24.138,55.905,1.203,4.298,11.055,11.410,0.064,false,20.375,MODERATE,8,sequential_yolo_pose,SM-S906U1,GPU
2026-04-22 16:45:44.029,120.390,28.995,51.828,0.626,2.389,5.793,11.014,0.033,false,20.344,MODERATE,8,sequential_yolo_pose,SM-S906U1,GPU
2026-04-22 16:45:44.158,123.783,24.342,52.548,1.124,4.223,10.814,12.086,0.064,false,20.371,MODERATE,8,sequential_yolo_pose,SM-S906U1,GPU
2026-04-22 16:45:44.288,124.908,24.011,54.662,1.072,3.687,12.860,10.005,0.037,false,20.407,MODERATE,8,sequential_yolo_pose,SM-S906U1,GPU
2026-04-22 16:45:44.409,116.757,23.456,54.074,0.668,2.289,5.737,13.174,0.036,false,20.344,MODERATE,8,sequential_yolo_pose,SM-S906U1,GPU
2026-04-22 16:45:44.530,116.208,24.112,56.247,1.092,3.398,7.773,11.507,0.040,false,20.375,MODERATE,8,sequential_yolo_pose,SM-S906U1,GPU
2026-04-22 16:45:44.657,121.361,26.574,52.228,0.945,3.065,8.286,10.345,0.043,false,20.282,MODERATE,8,sequential_yolo_pose,SM-S906U1,GPU
2026-04-22 16:45:44.797,134.329,28.523,52.819,1.239,3.555,16.863,11.628,0.052,false,20.473,MODERATE,8,sequential_yolo_pose,SM-S906U1,GPU
2026-04-22 16:45:44.929,126.980,26.832,52.399,1.479,4.540,9.496,11.684,0.069,false,20.344,MODERATE,8,sequential_yolo_pose,SM-S906U1,GPU
2026-04-22 16:45:45.070,133.148,29.238,52.398,1.242,4.382,9.523,12.553,0.035,false,20.344,MODERATE,8,sequential_yolo_pose,SM-S906U1,GPU
2026-04-22 16:45:45.202,125.636,23.702,56.078,1.020,6.269,6.583,12.921,0.068,false,20.375,MODERATE,8,sequential_yolo_pose,SM-S906U1,GPU
2026-04-22 16:45:45.331,121.909,23.874,53.425,1.153,4.903,12.437,12.425,0.056,false,20.407,MODERATE,8,sequential_yolo_pose,SM-S906U1,GPU
2026-04-22 16:45:45.453,116.751,23.861,51.464,1.063,3.832,9.447,11.899,0.040,false,20.344,MODERATE,8,sequential_yolo_pose,SM-S906U1,GPU
2026-04-22 16:45:45.585,127.282,27.288,55.732,1.108,3.650,8.516,12.092,0.031,false,20.344,MODERATE,8,sequential_yolo_pose,SM-S906U1,GPU
2026-04-22 16:45:45.707,116.753,24.295,54.458,0.631,3.389,6.264,11.886,0.074,false,20.375,MODERATE,7,sequential_yolo_pose,SM-S906U1,GPU
2026-04-22 16:45:45.830,116.489,24.286,53.653,0.935,3.309,10.271,11.055,0.053,false,20.434,MODERATE,7,sequential_yolo_pose,SM-S906U1,GPU
2026-04-22 16:45:45.967,131.424,24.726,51.977,0.976,3.891,17.125,11.983,0.043,false,20.407,MODERATE,7,sequential_yolo_pose,SM-S906U1,GPU
2026-04-22 16:45:46.095,121.575,24.371,53.419,1.243,4.216,9.865,10.544,0.045,false,20.313,MODERATE,7,sequential_yolo_pose,SM-S906U1,GPU
2026-04-22 16:45:46.224,122.634,26.020,52.882,0.438,1.535,6.032,10.631,0.065,false,20.313,MODERATE,7,sequential_yolo_pose,SM-S906U1,GPU
2026-04-22 16:45:46.352,122.416,23.952,56.535,1.033,3.578,8.706,11.755,0.055,false,20.375,MODERATE,7,sequential_yolo_pose,SM-S906U1,GPU
2026-04-22 16:45:46.476,117.094,24.605,53.698,0.876,3.149,7.502,12.011,0.109,false,20.375,MODERATE,7,sequential_yolo_pose,SM-S906U1,GPU
2026-04-22 16:45:46.609,127.370,24.630,52.945,1.093,6.384,9.767,15.028,0.063,false,20.465,MODERATE,7,sequential_yolo_pose,SM-S906U1,GPU
2026-04-22 16:45:46.737,120.613,25.059,54.640,4.634,3.850,5.784,11.392,0.036,false,20.434,MODERATE,8,sequential_yolo_pose,SM-S906U1,GPU
2026-04-22 16:45:46.862,119.606,24.015,53.953,1.169,3.586,12.560,12.510,0.039,false,20.407,MODERATE,8,sequential_yolo_pose,SM-S906U1,GPU
2026-04-22 16:45:46.998,130.198,29.052,53.168,1.412,3.534,11.094,10.538,0.036,false,20.340,MODERATE,8,sequential_yolo_pose,SM-S906U1,GPU
2026-04-22 16:45:47.135,124.632,28.103,52.709,1.318,3.271,8.213,10.891,0.043,false,20.313,MODERATE,8,sequential_yolo_pose,SM-S906U1,GPU
2026-04-22 16:45:47.266,122.504,27.201,54.026,1.345,3.263,7.193,11.558,0.051,false,20.344,MODERATE,8,sequential_yolo_pose,SM-S906U1,GPU
2026-04-22 16:45:47.377,105.387,23.252,58.725,1.016,0.000,0.000,0.000,0.000,true,16.981,MODERATE,8,sequential_yolo_pose,SM-S906U1,GPU
2026-04-22 16:45:47.517,134.559,26.861,57.828,1.356,2.717,11.826,14.898,0.034,false,33.989,MODERATE,8,sequential_yolo_pose,SM-S906U1,GPU
2026-04-22 16:45:47.643,121.230,24.337,55.885,1.109,2.736,5.889,10.863,0.042,false,30.289,MODERATE,8,sequential_yolo_pose,SM-S906U1,GPU
2026-04-22 16:45:47.770,118.811,25.938,52.202,0.959,2.860,7.494,11.625,0.043,false,20.504,MODERATE,8,sequential_yolo_pose,SM-S906U1,GPU
2026-04-22 16:45:47.903,126.792,24.489,53.078,1.062,5.181,7.313,11.753,0.065,false,20.313,MODERATE,8,sequential_yolo_pose,SM-S906U1,GPU
2026-04-22 16:45:48.012,101.060,27.620,52.850,0.844,0.000,0.000,0.000,0.000,true,16.918,MODERATE,8,sequential_yolo_pose,SM-S906U1,GPU
2026-04-22 16:45:48.116,98.242,24.373,55.563,0.515,0.000,0.000,0.000,0.000,true,30.594,MODERATE,8,sequential_yolo_pose,SM-S906U1,GPU
2026-04-22 16:45:48.235,112.094,26.097,56.084,0.923,0.000,0.000,0.000,0.000,true,13.942,MODERATE,8,sequential_yolo_pose,SM-S906U1,GPU
2026-04-22 16:45:48.379,122.566,24.500,54.018,1.118,3.104,9.857,11.015,0.059,false,20.367,MODERATE,8,sequential_yolo_pose,SM-S906U1,GPU
2026-04-22 16:45:48.508,123.238,25.499,57.081,0.662,2.191,7.108,12.232,0.059,false,20.375,MODERATE,8,sequential_yolo_pose,SM-S906U1,GPU
2026-04-22 16:45:48.636,117.336,23.607,52.980,1.183,2.921,10.115,11.118,0.041,false,20.344,MODERATE,8,sequential_yolo_pose,SM-S906U1,GPU
2026-04-22 16:45:48.760,114.481,25.918,51.626,0.709,1.655,6.596,12.239,0.043,false,20.469,MODERATE,8,sequential_yolo_pose,SM-S906U1,GPU
2026-04-22 16:45:48.875,109.657,23.106,54.774,0.678,1.615,5.657,11.681,0.065,false,20.407,MODERATE,8,sequential_yolo_pose,SM-S906U1,GPU
2026-04-22 16:45:49.001,119.427,24.446,53.516,2.323,2.191,7.967,10.787,0.058,false,20.250,MODERATE,8,sequential_yolo_pose,SM-S906U1,GPU
2026-04-22 16:45:49.132,121.683,23.251,53.570,1.327,2.964,11.494,10.241,0.052,false,20.340,MODERATE,8,sequential_yolo_pose,SM-S906U1,GPU
2026-04-22 16:45:49.263,123.238,23.296,55.062,1.404,5.317,9.377,11.630,0.048,false,14.535,MODERATE,8,sequential_yolo_pose,SM-S906U1,GPU
2026-04-22 16:45:49.399,127.031,24.137,52.310,1.333,2.831,11.856,11.668,0.044,false,21.582,MODERATE,8,sequential_yolo_pose,SM-S906U1,GPU
2026-04-22 16:45:49.530,123.022,23.910,54.887,1.454,2.770,8.989,11.179,0.023,false,38.621,MODERATE,8,sequential_yolo_pose,SM-S906U1,GPU
2026-04-22 16:45:49.669,127.430,26.489,50.758,1.248,3.081,11.304,12.287,0.041,false,20.403,MODERATE,8,sequential_yolo_pose,SM-S906U1,GPU
2026-04-22 16:45:49.793,112.616,23.712,50.910,0.752,1.684,6.734,11.277,0.049,false,20.438,MODERATE,8,sequential_yolo_pose,SM-S906U1,GPU
2026-04-22 16:45:49.919,121.235,23.992,53.629,1.053,2.106,8.138,12.547,0.048,false,20.313,MODERATE,8,sequential_yolo_pose,SM-S906U1,GPU
2026-04-22 16:45:50.040,116.297,25.193,53.377,0.714,1.822,5.732,10.864,0.039,false,20.344,MODERATE,8,sequential_yolo_pose,SM-S906U1,GPU
2026-04-22 16:45:50.169,121.484,25.218,53.507,1.373,2.815,15.195,10.827,0.033,false,20.375,MODERATE,8,sequential_yolo_pose,SM-S906U1,GPU
2026-04-22 16:45:50.307,128.786,24.023,57.022,1.313,3.111,9.685,16.835,0.038,false,20.469,MODERATE,8,sequential_yolo_pose,SM-S906U1,GPU
2026-04-22 16:45:50.435,121.834,28.218,53.501,0.823,1.661,6.235,13.561,0.039,false,20.407,MODERATE,8,sequential_yolo_pose,SM-S906U1,GPU
2026-04-22 16:45:50.562,113.824,24.202,52.925,1.065,2.458,9.147,11.463,0.038,false,20.375,MODERATE,8,sequential_yolo_pose,SM-S906U1,GPU
2026-04-22 16:45:50.690,121.383,23.486,53.122,1.095,3.162,9.819,12.040,0.040,false,20.344,MODERATE,8,sequential_yolo_pose,SM-S906U1,GPU
2026-04-22 16:45:50.829,134.270,28.437,56.506,0.902,3.707,15.192,11.238,0.055,false,20.375,MODERATE,8,sequential_yolo_pose,SM-S906U1,GPU
2026-04-22 16:45:50.962,127.938,23.425,55.146,1.107,3.856,16.897,10.481,0.052,false,20.375,MODERATE,8,sequential_yolo_pose,SM-S906U1,GPU
2026-04-22 16:45:51.098,129.571,27.809,52.295,1.115,3.119,9.937,12.115,0.037,false,20.375,MODERATE,8,sequential_yolo_pose,SM-S906U1,GPU
2026-04-22 16:45:51.230,126.523,24.099,53.789,0.746,1.902,8.024,26.241,0.066,false,20.438,MODERATE,8,sequential_yolo_pose,SM-S906U1,GPU
2026-04-22 16:45:51.359,123.050,25.068,52.837,1.059,4.308,9.565,13.087,0.034,false,20.375,MODERATE,8,sequential_yolo_pose,SM-S906U1,GPU
2026-04-22 16:45:51.482,118.921,24.123,51.049,0.950,2.079,7.923,14.147,0.041,false,20.375,MODERATE,8,sequential_yolo_pose,SM-S906U1,GPU
2026-04-22 16:45:51.610,122.689,29.033,53.468,0.674,1.806,5.662,11.811,0.040,false,20.344,MODERATE,8,sequential_yolo_pose,SM-S906U1,GPU
2026-04-22 16:45:51.736,121.238,23.626,53.137,1.283,2.725,7.837,14.324,0.033,false,20.375,MODERATE,7,sequential_yolo_pose,SM-S906U1,GPU
2026-04-22 16:45:51.867,123.643,24.319,53.799,1.223,2.459,9.909,11.849,0.047,false,20.375,MODERATE,7,sequential_yolo_pose,SM-S906U1,GPU
2026-04-22 16:45:51.998,121.124,22.902,51.848,1.245,3.032,10.918,11.763,0.054,false,20.344,MODERATE,7,sequential_yolo_pose,SM-S906U1,GPU
2026-04-22 16:45:52.130,125.002,23.464,55.853,1.144,3.667,12.135,11.367,0.053,false,20.375,MODERATE,7,sequential_yolo_pose,SM-S906U1,GPU
2026-04-22 16:45:52.264,126.754,23.772,56.053,1.490,8.853,12.477,10.483,0.044,false,20.375,MODERATE,7,sequential_yolo_pose,SM-S906U1,GPU
2026-04-22 16:45:52.398,127.552,24.365,52.801,0.757,3.368,14.978,11.875,0.042,false,20.407,MODERATE,7,sequential_yolo_pose,SM-S906U1,GPU
2026-04-22 16:45:52.532,126.890,24.172,52.633,1.189,3.103,17.185,12.492,0.046,false,20.469,MODERATE,7,sequential_yolo_pose,SM-S906U1,GPU
2026-04-22 16:45:52.652,113.847,24.249,53.320,0.997,2.378,7.673,10.236,0.053,false,20.469,MODERATE,7,sequential_yolo_pose,SM-S906U1,GPU
2026-04-22 16:45:52.797,139.935,28.071,64.034,0.861,4.243,12.336,11.533,0.029,false,20.532,MODERATE,8,sequential_yolo_pose,SM-S906U1,GPU
2026-04-22 16:45:52.929,128.158,23.921,52.914,1.130,2.964,14.037,14.717,0.048,false,20.407,MODERATE,8,sequential_yolo_pose,SM-S906U1,GPU
2026-04-22 16:45:53.063,127.855,26.534,53.063,1.216,2.696,10.492,12.281,0.066,false,20.344,MODERATE,8,sequential_yolo_pose,SM-S906U1,GPU
2026-04-22 16:45:53.191,122.528,23.879,52.786,0.953,2.825,10.852,10.524,0.053,false,20.375,MODERATE,8,sequential_yolo_pose,SM-S906U1,GPU
2026-04-22 16:45:53.321,123.597,23.616,53.731,0.671,2.287,9.391,14.896,0.034,false,20.375,MODERATE,8,sequential_yolo_pose,SM-S906U1,GPU
2026-04-22 16:45:53.453,125.551,22.824,55.312,1.162,2.590,9.220,12.710,0.039,false,20.375,MODERATE,8,sequential_yolo_pose,SM-S906U1,GPU
2026-04-22 16:45:53.580,121.452,25.041,55.487,0.777,1.680,5.793,11.177,0.037,false,20.344,MODERATE,8,sequential_yolo_pose,SM-S906U1,GPU
2026-04-22 16:45:53.703,117.945,25.343,53.216,0.932,2.422,8.099,10.422,0.042,false,20.375,MODERATE,8,sequential_yolo_pose,SM-S906U1,GPU
2026-04-22 16:45:53.832,119.046,24.442,53.281,0.884,3.356,7.780,10.796,0.040,false,20.469,MODERATE,8,sequential_yolo_pose,SM-S906U1,GPU
2026-04-22 16:45:53.964,124.258,23.727,52.950,0.699,1.877,13.901,13.856,0.035,false,20.407,MODERATE,8,sequential_yolo_pose,SM-S906U1,GPU
2026-04-22 16:45:54.094,124.309,23.357,51.980,1.313,2.993,11.915,11.766,0.059,false,20.375,MODERATE,8,sequential_yolo_pose,SM-S906U1,GPU
2026-04-22 16:45:54.218,117.438,23.735,53.800,1.376,2.994,10.763,12.693,0.045,false,20.407,MODERATE,8,sequential_yolo_pose,SM-S906U1,GPU
2026-04-22 16:45:54.351,124.988,27.459,54.350,1.003,2.232,8.761,11.951,0.040,false,20.375,MODERATE,8,sequential_yolo_pose,SM-S906U1,GPU
2026-04-22 16:45:54.473,116.203,24.125,54.812,0.759,1.804,5.768,10.652,0.036,false,20.344,MODERATE,8,sequential_yolo_pose,SM-S906U1,GPU
2026-04-22 16:45:54.603,122.921,25.346,53.052,1.274,3.390,10.598,11.966,0.045,false,20.375,MODERATE,8,sequential_yolo_pose,SM-S906U1,GPU
2026-04-22 16:45:54.734,124.171,23.620,51.718,1.095,3.087,15.114,12.774,0.038,false,20.407,MODERATE,8,sequential_yolo_pose,SM-S906U1,GPU
2026-04-22 16:45:54.866,125.879,24.205,54.466,1.210,2.828,13.348,12.917,0.052,false,14.602,MODERATE,8,sequential_yolo_pose,SM-S906U1,GPU
2026-04-22 16:45:54.997,125.061,23.699,58.085,1.212,3.015,15.428,10.881,0.057,false,21.610,MODERATE,8,sequential_yolo_pose,SM-S906U1,GPU
2026-04-22 16:45:55.139,133.416,23.745,52.648,1.271,2.681,22.463,11.168,0.056,false,38.618,MODERATE,8,sequential_yolo_pose,SM-S906U1,GPU
2026-04-22 16:45:55.264,118.203,24.619,55.119,0.512,1.088,4.028,10.068,0.037,false,20.282,MODERATE,8,sequential_yolo_pose,SM-S906U1,GPU
2026-04-22 16:45:55.391,120.933,23.718,54.476,1.248,4.776,10.156,10.417,0.078,false,20.407,MODERATE,8,sequential_yolo_pose,SM-S906U1,GPU
2026-04-22 16:45:55.503,106.443,24.060,51.730,0.498,1.115,3.993,9.365,0.036,false,20.344,MODERATE,8,sequential_yolo_pose,SM-S906U1,GPU
2026-04-22 16:45:55.597,89.550,23.473,54.395,0.622,0.000,0.000,0.000,0.000,true,16.977,MODERATE,8,sequential_yolo_pose,SM-S906U1,GPU
2026-04-22 16:45:55.738,134.321,26.437,54.451,4.040,2.034,8.189,12.260,0.051,false,34.016,MODERATE,8,sequential_yolo_pose,SM-S906U1,GPU
2026-04-22 16:45:55.873,125.771,28.014,55.057,1.269,3.733,6.507,12.860,0.040,false,20.430,MODERATE,8,sequential_yolo_pose,SM-S906U1,GPU
2026-04-22 16:45:56.000,119.390,25.746,54.415,1.150,8.689,6.042,10.823,0.049,false,20.407,MODERATE,8,sequential_yolo_pose,SM-S906U1,GPU
2026-04-22 16:45:56.135,129.263,29.270,52.431,1.177,3.047,12.558,11.789,0.072,false,20.375,MODERATE,8,sequential_yolo_pose,SM-S906U1,GPU
2026-04-22 16:45:56.271,127.204,27.694,53.477,1.000,2.556,8.638,11.022,0.058,false,20.313,MODERATE,8,sequential_yolo_pose,SM-S906U1,GPU
2026-04-22 16:45:56.404,126.589,24.292,53.165,1.093,10.295,6.400,12.247,0.050,false,20.465,MODERATE,8,sequential_yolo_pose,SM-S906U1,GPU
2026-04-22 16:45:56.531,121.224,29.412,53.170,0.789,2.611,5.883,11.329,0.038,false,20.375,MODERATE,8,sequential_yolo_pose,SM-S906U1,GPU
2026-04-22 16:45:56.664,127.828,26.824,55.505,1.783,2.547,12.035,10.755,0.052,false,20.375,MODERATE,8,sequential_yolo_pose,SM-S906U1,GPU
2026-04-22 16:45:56.797,125.656,23.721,54.576,1.208,3.319,11.112,11.348,0.055,false,20.407,MODERATE,8,sequential_yolo_pose,SM-S906U1,GPU
2026-04-22 16:45:56.929,124.345,23.185,56.523,1.432,3.376,10.782,12.146,0.035,false,20.438,MODERATE,7,sequential_yolo_pose,SM-S906U1,GPU
2026-04-22 16:45:57.061,127.340,25.747,53.010,1.336,2.916,12.718,11.428,0.035,false,20.375,MODERATE,7,sequential_yolo_pose,SM-S906U1,GPU
2026-04-22 16:45:57.179,111.888,23.870,52.193,1.119,2.533,8.146,11.499,0.045,false,20.375,MODERATE,7,sequential_yolo_pose,SM-S906U1,GPU
2026-04-22 16:45:57.307,117.981,24.582,52.534,0.977,2.401,8.773,12.181,0.055,false,20.344,MODERATE,7,sequential_yolo_pose,SM-S906U1,GPU
2026-04-22 16:45:57.443,123.029,26.174,52.409,0.965,2.181,7.166,15.314,0.047,false,20.375,MODERATE,7,sequential_yolo_pose,SM-S906U1,GPU
2026-04-22 16:45:57.568,118.931,25.863,52.285,1.087,2.876,9.553,11.187,0.060,false,20.375,MODERATE,7,sequential_yolo_pose,SM-S906U1,GPU
2026-04-22 16:45:57.698,124.478,24.168,54.160,1.376,2.815,10.788,12.469,0.050,false,20.375,MODERATE,7,sequential_yolo_pose,SM-S906U1,GPU
2026-04-22 16:45:57.834,115.953,26.366,54.384,0.974,2.381,6.824,11.503,0.062,false,20.407,MODERATE,8,sequential_yolo_pose,SM-S906U1,GPU
2026-04-22 16:45:57.969,126.509,24.054,54.482,1.634,4.265,12.399,12.057,0.059,false,20.461,MODERATE,8,sequential_yolo_pose,SM-S906U1,GPU
2026-04-22 16:45:58.099,124.615,23.258,55.880,1.529,2.882,12.045,11.974,0.056,false,20.375,MODERATE,8,sequential_yolo_pose,SM-S906U1,GPU
2026-04-22 16:45:58.231,122.093,23.743,51.304,1.333,2.526,9.371,13.162,0.054,false,20.375,MODERATE,8,sequential_yolo_pose,SM-S906U1,GPU
2026-04-22 16:45:58.356,115.201,24.440,51.745,1.034,1.905,7.043,10.397,0.054,false,20.344,MODERATE,8,sequential_yolo_pose,SM-S906U1,GPU
2026-04-22 16:45:58.484,123.018,24.864,53.911,1.120,2.272,10.237,11.469,0.072,false,20.344,MODERATE,8,sequential_yolo_pose,SM-S906U1,GPU
2026-04-22 16:45:58.621,129.907,26.938,57.413,1.446,2.839,10.517,12.284,0.056,false,20.375,MODERATE,8,sequential_yolo_pose,SM-S906U1,GPU
2026-04-22 16:45:58.744,117.714,23.224,52.681,0.941,2.262,8.095,12.137,0.036,false,20.344,MODERATE,8,sequential_yolo_pose,SM-S906U1,GPU
2026-04-22 16:45:58.868,119.141,28.591,52.311,0.674,2.085,5.681,11.009,0.027,false,20.500,MODERATE,8,sequential_yolo_pose,SM-S906U1,GPU
2026-04-22 16:45:58.997,123.422,24.957,54.090,1.447,3.051,9.463,12.423,0.051,false,20.375,MODERATE,8,sequential_yolo_pose,SM-S906U1,GPU
2026-04-22 16:45:59.124,121.374,25.507,52.048,0.738,2.222,8.426,10.407,0.036,false,20.344,MODERATE,8,sequential_yolo_pose,SM-S906U1,GPU
2026-04-22 16:45:59.249,119.639,24.987,51.755,0.733,1.692,6.479,15.121,0.024,false,20.375,MODERATE,8,sequential_yolo_pose,SM-S906U1,GPU
2026-04-22 16:45:59.369,115.167,23.317,53.321,1.243,2.858,10.557,11.916,0.036,false,20.371,MODERATE,8,sequential_yolo_pose,SM-S906U1,GPU
2026-04-22 16:45:59.499,120.942,28.713,53.997,0.571,1.210,4.502,12.161,0.043,false,20.313,MODERATE,8,sequential_yolo_pose,SM-S906U1,GPU
2026-04-22 16:45:59.626,120.232,23.548,53.221,1.529,3.042,10.480,11.110,0.051,false,20.344,MODERATE,8,sequential_yolo_pose,SM-S906U1,GPU
2026-04-22 16:45:59.744,112.775,23.499,52.620,0.660,1.504,6.362,12.643,0.041,false,20.313,MODERATE,8,sequential_yolo_pose,SM-S906U1,GPU
2026-04-22 16:45:59.863,112.876,23.810,51.927,1.712,1.624,6.506,10.232,0.038,false,20.469,MODERATE,8,sequential_yolo_pose,SM-S906U1,GPU
2026-04-22 16:45:59.986,118.695,23.252,57.664,1.087,2.045,7.968,14.623,0.046,false,20.375,MODERATE,8,sequential_yolo_pose,SM-S906U1,GPU
2026-04-22 16:46:00.110,120.064,23.952,52.668,0.677,1.549,5.688,14.038,0.041,false,20.282,MODERATE,8,sequential_yolo_pose,SM-S906U1,GPU
2026-04-22 16:46:00.235,120.035,24.933,52.570,1.236,2.245,8.679,12.030,0.034,false,20.344,MODERATE,8,sequential_yolo_pose,SM-S906U1,GPU
2026-04-22 16:46:00.365,122.451,27.877,53.051,1.098,2.049,6.074,11.735,0.040,false,20.344,MODERATE,8,sequential_yolo_pose,SM-S906U1,GPU
2026-04-22 16:46:00.494,121.145,23.580,52.204,1.336,3.324,10.058,13.965,0.049,false,20.375,MODERATE,8,sequential_yolo_pose,SM-S906U1,GPU
2026-04-22 16:46:00.624,124.827,27.062,53.017,1.312,3.029,10.588,12.241,0.036,false,20.375,MODERATE,8,sequential_yolo_pose,SM-S906U1,GPU
2026-04-22 16:46:00.747,117.663,23.634,55.440,0.713,2.208,5.702,11.651,0.037,false,20.313,MODERATE,8,sequential_yolo_pose,SM-S906U1,GPU
2026-04-22 16:46:00.870,118.540,24.745,54.948,0.539,1.901,6.790,12.429,0.036,false,20.500,MODERATE,8,sequential_yolo_pose,SM-S906U1,GPU
2026-04-22 16:46:00.990,115.133,23.663,53.617,1.134,4.469,8.434,11.681,0.050,false,20.407,MODERATE,8,sequential_yolo_pose,SM-S906U1,GPU
2026-04-22 16:46:01.117,121.608,23.002,56.250,0.827,2.335,7.840,11.868,0.070,false,14.504,MODERATE,8,sequential_yolo_pose,SM-S906U1,GPU
2026-04-22 16:46:01.236,113.373,23.831,52.051,0.442,1.153,5.229,12.811,0.053,false,21.551,MODERATE,8,sequential_yolo_pose,SM-S906U1,GPU
2026-04-22 16:46:01.383,141.695,27.034,52.737,1.304,3.186,17.629,17.991,0.038,false,38.621,MODERATE,8,sequential_yolo_pose,SM-S906U1,GPU
2026-04-22 16:46:01.496,102.614,28.753,53.405,0.708,0.000,0.000,0.000,0.000,true,16.977,MODERATE,8,sequential_yolo_pose,SM-S906U1,GPU
2026-04-22 16:46:01.641,137.410,28.117,56.918,1.391,2.081,7.526,15.800,0.042,false,33.985,MODERATE,8,sequential_yolo_pose,SM-S906U1,GPU
2026-04-22 16:46:01.775,130.064,27.339,59.134,1.320,3.227,11.077,15.478,0.067,false,30.293,MODERATE,8,sequential_yolo_pose,SM-S906U1,GPU
2026-04-22 16:46:01.906,124.249,23.687,56.738,1.145,2.710,8.241,14.113,0.040,false,20.508,MODERATE,8,sequential_yolo_pose,SM-S906U1,GPU
2026-04-22 16:46:02.037,117.365,25.245,55.709,0.683,1.706,5.590,10.822,0.028,false,20.375,MODERATE,8,sequential_yolo_pose,SM-S906U1,GPU
2026-04-22 16:46:02.166,123.984,27.687,52.899,1.123,3.255,10.641,13.930,0.065,false,20.371,MODERATE,8,sequential_yolo_pose,SM-S906U1,GPU
2026-04-22 16:46:02.290,118.583,24.221,51.527,0.693,1.565,7.203,12.626,0.042,false,20.407,MODERATE,8,sequential_yolo_pose,SM-S906U1,GPU
2026-04-22 16:46:02.417,121.872,27.355,54.650,0.549,1.654,5.627,12.601,0.051,false,20.344,MODERATE,8,sequential_yolo_pose,SM-S906U1,GPU
2026-04-22 16:46:02.532,110.504,23.785,57.046,0.644,1.869,5.547,10.208,0.036,false,20.344,MODERATE,8,sequential_yolo_pose,SM-S906U1,GPU
2026-04-22 16:46:02.649,112.420,23.963,56.140,0.694,1.847,6.929,11.023,0.035,false,20.313,MODERATE,8,sequential_yolo_pose,SM-S906U1,GPU
2026-04-22 16:46:02.770,116.702,26.361,54.271,0.947,1.823,6.073,10.047,0.035,false,20.407,MODERATE,8,sequential_yolo_pose,SM-S906U1,GPU
2026-04-22 16:46:02.889,112.169,23.939,53.646,0.831,1.819,8.516,11.455,0.057,false,20.563,MODERATE,8,sequential_yolo_pose,SM-S906U1,GPU
2026-04-22 16:46:03.019,124.583,25.003,51.972,1.203,2.824,8.813,9.664,0.039,false,20.375,MODERATE,8,sequential_yolo_pose,SM-S906U1,GPU
2026-04-22 16:46:03.142,117.885,23.080,54.573,1.131,1.685,8.103,12.079,0.043,false,20.375,MODERATE,8,sequential_yolo_pose,SM-S906U1,GPU
2026-04-22 16:46:03.265,117.519,26.740,53.798,1.037,1.783,5.705,10.491,0.038,false,20.250,MODERATE,8,sequential_yolo_pose,SM-S906U1,GPU
2026-04-22 16:46:03.392,121.350,23.603,54.464,1.399,3.074,10.245,15.911,0.057,false,20.407,MODERATE,8,sequential_yolo_pose,SM-S906U1,GPU
2026-04-22 16:46:03.524,126.023,26.636,54.844,0.867,2.027,10.014,11.879,0.050,false,20.375,MODERATE,8,sequential_yolo_pose,SM-S906U1,GPU
2026-04-22 16:46:03.658,128.739,26.722,55.116,0.711,2.940,10.843,12.442,0.036,false,20.375,MODERATE,8,sequential_yolo_pose,SM-S906U1,GPU
2026-04-22 16:46:03.783,119.401,25.537,53.732,0.752,1.976,8.185,10.395,0.037,false,20.313,MODERATE,8,sequential_yolo_pose,SM-S906U1,GPU
2026-04-22 16:46:03.899,110.145,23.684,54.205,0.999,1.729,6.423,10.942,0.036,false,20.500,MODERATE,8,sequential_yolo_pose,SM-S906U1,GPU
2026-04-22 16:46:04.032,127.727,25.308,54.873,1.479,3.012,9.970,11.321,0.057,false,20.407,MODERATE,8,sequential_yolo_pose,SM-S906U1,GPU
2026-04-22 16:46:04.154,116.343,23.095,55.250,0.978,1.988,8.013,10.699,0.043,false,20.407,MODERATE,8,sequential_yolo_pose,SM-S906U1,GPU
2026-04-22 16:46:04.286,126.045,28.521,51.915,1.069,2.354,11.347,12.047,0.044,false,20.407,MODERATE,8,sequential_yolo_pose,SM-S906U1,GPU
2026-04-22 16:46:04.405,113.694,24.043,54.011,0.688,1.611,5.465,10.636,0.030,false,20.344,MODERATE,8,sequential_yolo_pose,SM-S906U1,GPU
2026-04-22 16:46:04.526,113.383,23.247,54.322,1.300,4.025,7.336,10.263,0.037,false,20.407,MODERATE,8,sequential_yolo_pose,SM-S906U1,GPU
2026-04-22 16:46:04.655,122.208,24.467,53.755,1.098,2.577,8.970,12.157,0.053,false,20.344,MODERATE,8,sequential_yolo_pose,SM-S906U1,GPU
2026-04-22 16:46:04.777,115.959,24.306,52.304,0.818,2.164,7.912,11.646,0.072,false,20.344,MODERATE,8,sequential_yolo_pose,SM-S906U1,GPU
2026-04-22 16:46:04.898,114.601,24.754,53.564,0.638,1.638,5.421,10.398,0.049,false,20.500,MODERATE,8,sequential_yolo_pose,SM-S906U1,GPU
2026-04-22 16:46:05.029,124.909,26.752,55.120,1.167,2.468,9.414,11.727,0.037,false,20.375,MODERATE,8,sequential_yolo_pose,SM-S906U1,GPU
2026-04-22 16:46:05.160,122.129,23.488,52.668,1.243,2.204,8.814,11.657,0.062,false,20.375,MODERATE,8,sequential_yolo_pose,SM-S906U1,GPU
2026-04-22 16:46:05.294,129.240,25.375,51.941,0.942,3.556,13.279,13.181,0.046,false,20.407,MODERATE,8,sequential_yolo_pose,SM-S906U1,GPU
2026-04-22 16:46:05.401,100.103,26.045,52.524,1.200,0.000,0.000,0.000,0.000,true,16.949,MODERATE,8,sequential_yolo_pose,SM-S906U1,GPU
2026-04-22 16:46:05.517,108.292,32.790,53.091,0.789,0.000,0.000,0.000,0.000,true,30.563,MODERATE,8,sequential_yolo_pose,SM-S906U1,GPU
2026-04-22 16:46:05.664,140.037,29.399,53.822,0.931,2.721,10.275,22.851,0.051,false,16.918,MODERATE,8,sequential_yolo_pose,SM-S906U1,GPU
2026-04-22 16:46:05.768,95.824,23.439,54.534,0.965,0.000,0.000,0.000,0.000,true,16.981,MODERATE,8,sequential_yolo_pose,SM-S906U1,GPU
2026-04-22 16:46:05.898,120.832,24.350,58.636,0.608,1.988,5.822,11.426,0.061,false,34.114,MODERATE,8,sequential_yolo_pose,SM-S906U1,GPU
2026-04-22 16:46:06.032,123.455,27.437,53.033,1.089,2.529,8.295,9.840,0.049,false,20.371,MODERATE,8,sequential_yolo_pose,SM-S906U1,GPU
2026-04-22 16:46:06.151,115.133,23.392,56.897,0.571,1.624,7.460,10.925,0.034,false,20.407,MODERATE,8,sequential_yolo_pose,SM-S906U1,GPU
2026-04-22 16:46:06.269,114.424,23.142,53.171,1.057,6.435,7.861,10.930,0.079,false,20.340,MODERATE,8,sequential_yolo_pose,SM-S906U1,GPU
2026-04-22 16:46:06.399,121.677,23.366,56.880,1.226,1.641,9.448,11.615,0.068,false,20.375,MODERATE,8,sequential_yolo_pose,SM-S906U1,GPU
2026-04-22 16:46:06.530,116.422,23.946,50.874,1.176,2.667,7.875,10.063,0.046,false,20.344,MODERATE,8,sequential_yolo_pose,SM-S906U1,GPU
2026-04-22 16:46:06.660,124.488,24.359,52.351,1.270,3.263,13.523,12.525,0.042,false,20.375,MODERATE,8,sequential_yolo_pose,SM-S906U1,GPU
2026-04-22 16:46:06.787,122.398,24.502,58.088,0.875,2.197,8.950,12.434,0.033,false,20.375,MODERATE,8,sequential_yolo_pose,SM-S906U1,GPU
2026-04-22 16:46:06.903,112.335,24.109,54.056,0.564,1.401,5.751,10.480,0.056,false,20.500,MODERATE,8,sequential_yolo_pose,SM-S906U1,GPU
2026-04-22 16:46:07.032,123.759,26.650,54.938,1.010,3.558,6.910,11.815,0.038,false,20.407,MODERATE,8,sequential_yolo_pose,SM-S906U1,GPU
2026-04-22 16:46:07.165,124.108,24.526,53.408,1.202,2.911,10.266,11.886,0.053,false,20.375,MODERATE,8,sequential_yolo_pose,SM-S906U1,GPU
2026-04-22 16:46:07.295,125.102,23.851,53.210,1.317,3.354,11.795,11.007,0.083,false,20.344,MODERATE,8,sequential_yolo_pose,SM-S906U1,GPU
2026-04-22 16:46:07.434,133.878,26.726,52.974,1.453,5.021,13.002,12.824,0.052,false,20.407,MODERATE,8,sequential_yolo_pose,SM-S906U1,GPU
2026-04-22 16:46:07.565,123.582,24.525,52.719,1.324,2.920,10.283,11.020,0.052,false,20.313,MODERATE,8,sequential_yolo_pose,SM-S906U1,GPU
2026-04-22 16:46:07.700,128.994,24.765,53.044,1.158,1.781,7.928,12.061,0.052,false,20.313,MODERATE,8,sequential_yolo_pose,SM-S906U1,GPU
2026-04-22 16:46:07.833,126.868,26.313,53.158,1.150,2.858,10.421,12.875,0.041,false,20.375,MODERATE,8,sequential_yolo_pose,SM-S906U1,GPU
2026-04-22 16:46:07.964,121.974,23.228,53.394,1.317,3.185,10.642,12.098,0.046,false,20.313,MODERATE,8,sequential_yolo_pose,SM-S906U1,GPU
2026-04-22 16:46:08.097,125.259,27.225,53.178,1.368,3.084,10.531,10.826,0.039,false,20.344,MODERATE,8,sequential_yolo_pose,SM-S906U1,GPU
2026-04-22 16:46:08.224,120.258,23.690,52.188,1.183,2.060,6.259,14.898,0.059,false,20.438,MODERATE,8,sequential_yolo_pose,SM-S906U1,GPU
2026-04-22 16:46:08.346,116.583,24.025,55.910,0.737,1.592,5.608,10.985,0.042,false,20.313,MODERATE,8,sequential_yolo_pose,SM-S906U1,GPU
2026-04-22 16:46:08.463,111.004,25.087,52.772,0.588,1.196,4.079,9.727,0.052,false,20.282,MODERATE,8,sequential_yolo_pose,SM-S906U1,GPU
2026-04-22 16:46:08.590,121.923,24.814,53.061,0.914,2.155,9.153,11.814,0.053,false,20.403,MODERATE,8,sequential_yolo_pose,SM-S906U1,GPU
2026-04-22 16:46:08.717,121.968,23.622,54.225,1.101,2.619,8.265,14.254,0.053,false,20.344,MODERATE,8,sequential_yolo_pose,SM-S906U1,GPU
2026-04-22 16:46:08.836,112.674,24.767,51.999,0.713,1.585,5.582,11.857,0.057,false,20.344,MODERATE,8,sequential_yolo_pose,SM-S906U1,GPU
2026-04-22 16:46:08.962,121.371,23.769,54.246,1.148,5.133,9.424,11.808,0.056,false,20.407,MODERATE,8,sequential_yolo_pose,SM-S906U1,GPU
2026-04-22 16:46:09.097,128.919,24.453,56.375,0.979,2.611,15.656,12.897,0.036,false,20.438,MODERATE,8,sequential_yolo_pose,SM-S906U1,GPU
2026-04-22 16:46:09.230,127.699,24.018,54.073,1.310,3.164,15.209,10.164,0.036,false,20.375,MODERATE,8,sequential_yolo_pose,SM-S906U1,GPU
2026-04-22 16:46:09.355,120.510,23.510,52.174,1.176,3.259,10.594,10.074,0.051,false,20.407,MODERATE,8,sequential_yolo_pose,SM-S906U1,GPU
2026-04-22 16:46:09.487,126.666,26.349,54.976,1.273,2.948,12.226,10.756,0.040,false,20.407,MODERATE,8,sequential_yolo_pose,SM-S906U1,GPU
2026-04-22 16:46:09.618,124.646,24.060,55.848,1.141,2.525,8.632,16.631,0.053,false,20.469,MODERATE,8,sequential_yolo_pose,SM-S906U1,GPU
2026-04-22 16:46:09.740,117.169,24.972,53.813,0.698,1.583,5.133,10.362,0.109,false,20.375,MODERATE,8,sequential_yolo_pose,SM-S906U1,GPU
2026-04-22 16:46:09.876,129.327,28.716,56.050,1.057,3.194,9.491,12.848,0.045,false,20.375,MODERATE,8,sequential_yolo_pose,SM-S906U1,GPU
2026-04-22 16:46:10.010,128.631,28.375,53.672,0.898,2.060,7.876,15.346,0.036,false,20.375,MODERATE,8,sequential_yolo_pose,SM-S906U1,GPU
2026-04-22 16:46:10.136,120.533,23.874,54.441,1.252,2.873,8.898,10.875,0.033,false,20.375,MODERATE,8,sequential_yolo_pose,SM-S906U1,GPU
2026-04-22 16:46:10.261,117.912,23.487,51.801,1.032,2.418,10.078,10.928,0.059,false,20.375,MODERATE,8,sequential_yolo_pose,SM-S906U1,GPU
2026-04-22 16:46:10.393,126.235,25.934,53.581,0.697,2.377,10.508,13.041,0.044,false,20.375,MODERATE,8,sequential_yolo_pose,SM-S906U1,GPU
2026-04-22 16:46:10.498,99.050,23.505,52.059,0.986,0.000,0.000,0.000,0.000,true,17.012,MODERATE,8,sequential_yolo_pose,SM-S906U1,GPU
2026-04-22 16:46:10.637,133.159,23.336,56.127,1.094,3.147,12.521,11.667,0.058,false,33.989,MODERATE,8,sequential_yolo_pose,SM-S906U1,GPU
2026-04-22 16:46:10.768,124.255,24.067,55.291,1.118,3.511,8.909,12.509,0.051,false,20.438,MODERATE,8,sequential_yolo_pose,SM-S906U1,GPU
2026-04-22 16:46:10.893,120.046,23.549,52.828,0.995,3.520,11.365,11.295,0.034,false,20.438,MODERATE,7,sequential_yolo_pose,SM-S906U1,GPU
2026-04-22 16:46:11.021,123.487,23.290,56.462,0.751,2.167,12.372,12.071,0.057,false,20.407,MODERATE,7,sequential_yolo_pose,SM-S906U1,GPU
2026-04-22 16:46:11.145,119.104,25.002,53.032,0.852,2.219,8.282,11.688,0.060,false,20.375,MODERATE,7,sequential_yolo_pose,SM-S906U1,GPU
2026-04-22 16:46:11.270,117.770,23.927,52.745,1.210,3.860,10.560,13.742,0.053,false,20.407,MODERATE,7,sequential_yolo_pose,SM-S906U1,GPU
2026-04-22 16:46:11.392,116.452,23.033,55.753,1.120,4.411,9.587,10.092,0.054,false,20.375,MODERATE,7,sequential_yolo_pose,SM-S906U1,GPU
2026-04-22 16:46:11.530,132.831,23.624,55.469,1.053,2.691,18.943,15.295,0.061,false,20.469,MODERATE,7,sequential_yolo_pose,SM-S906U1,GPU
2026-04-22 16:46:11.664,127.481,23.863,56.130,1.083,2.946,10.526,12.281,0.071,false,20.375,MODERATE,7,sequential_yolo_pose,SM-S906U1,GPU
2026-04-22 16:46:11.792,122.929,23.124,55.908,1.287,3.709,11.710,10.474,0.046,false,20.375,MODERATE,7,sequential_yolo_pose,SM-S906U1,GPU
2026-04-22 16:46:11.915,118.586,23.068,53.286,1.219,2.478,8.824,13.921,0.129,false,20.407,MODERATE,8,sequential_yolo_pose,SM-S906U1,GPU
2026-04-22 16:46:12.041,118.739,25.932,52.085,0.695,1.498,6.512,13.891,0.036,false,20.313,MODERATE,8,sequential_yolo_pose,SM-S906U1,GPU
2026-04-22 16:46:12.172,124.763,24.025,52.718,1.406,2.335,13.852,12.284,0.038,false,20.407,MODERATE,8,sequential_yolo_pose,SM-S906U1,GPU
2026-04-22 16:46:12.302,121.558,24.246,56.470,1.226,3.565,12.719,11.318,0.047,false,20.438,MODERATE,8,sequential_yolo_pose,SM-S906U1,GPU
2026-04-22 16:46:12.433,125.644,23.312,55.709,0.984,3.039,11.315,13.360,0.061,false,20.375,MODERATE,8,sequential_yolo_pose,SM-S906U1,GPU
2026-04-22 16:46:12.562,122.610,30.800,52.301,0.614,1.495,6.712,11.678,0.062,false,20.375,MODERATE,8,sequential_yolo_pose,SM-S906U1,GPU
2026-04-22 16:46:12.691,123.502,27.663,53.517,0.647,1.576,8.575,12.220,0.054,false,20.344,MODERATE,8,sequential_yolo_pose,SM-S906U1,GPU
2026-04-22 16:46:12.820,124.186,26.875,52.984,0.604,1.855,8.928,11.194,0.055,false,20.375,MODERATE,8,sequential_yolo_pose,SM-S906U1,GPU
2026-04-22 16:46:12.934,110.037,24.260,52.588,0.730,1.857,5.643,10.167,0.037,false,20.469,MODERATE,8,sequential_yolo_pose,SM-S906U1,GPU
2026-04-22 16:46:13.058,113.986,23.712,52.426,0.724,1.704,5.998,10.187,0.053,false,20.344,MODERATE,8,sequential_yolo_pose,SM-S906U1,GPU
2026-04-22 16:46:13.165,101.956,28.367,53.439,0.407,0.000,0.000,0.000,0.000,true,17.012,MODERATE,8,sequential_yolo_pose,SM-S906U1,GPU
2026-04-22 16:46:13.279,104.067,25.018,55.013,0.511,0.000,0.000,0.000,0.000,true,30.594,MODERATE,8,sequential_yolo_pose,SM-S906U1,GPU
2026-04-22 16:46:13.393,106.456,32.537,55.071,0.868,0.000,0.000,0.000,0.000,true,13.492,MODERATE,8,sequential_yolo_pose,SM-S906U1,GPU
2026-04-22 16:46:13.505,104.651,23.642,55.741,0.496,0.000,0.000,0.000,0.000,true,16.945,MODERATE,8,sequential_yolo_pose,SM-S906U1,GPU
2026-04-22 16:46:13.641,126.392,24.309,53.543,1.329,2.297,9.264,13.290,0.040,false,33.922,MODERATE,8,sequential_yolo_pose,SM-S906U1,GPU
2026-04-22 16:46:13.793,136.209,29.850,57.167,1.271,2.874,11.940,10.239,0.051,false,20.309,MODERATE,8,sequential_yolo_pose,SM-S906U1,GPU
2026-04-22 16:46:13.924,124.807,27.693,52.466,0.673,1.994,9.906,10.494,0.089,false,20.375,MODERATE,8,sequential_yolo_pose,SM-S906U1,GPU
2026-04-22 16:46:14.062,133.043,25.007,54.175,1.363,2.856,11.778,13.039,0.051,false,20.438,MODERATE,8,sequential_yolo_pose,SM-S906U1,GPU
2026-04-22 16:46:14.195,126.667,24.594,52.899,1.286,4.143,15.944,10.576,0.069,false,20.407,MODERATE,8,sequential_yolo_pose,SM-S906U1,GPU
2026-04-22 16:46:14.321,120.099,26.973,54.830,0.700,1.877,7.194,11.203,0.037,false,20.375,MODERATE,8,sequential_yolo_pose,SM-S906U1,GPU
2026-04-22 16:46:14.450,121.768,25.861,52.267,0.715,1.616,6.824,15.901,0.050,false,20.375,MODERATE,8,sequential_yolo_pose,SM-S906U1,GPU
2026-04-22 16:46:14.589,132.859,27.323,53.622,1.284,2.794,11.995,12.285,0.035,false,20.375,MODERATE,8,sequential_yolo_pose,SM-S906U1,GPU
2026-04-22 16:46:14.716,121.345,25.343,53.375,0.741,1.752,6.000,15.660,0.042,false,20.375,MODERATE,8,sequential_yolo_pose,SM-S906U1,GPU
2026-04-22 16:46:14.836,114.954,24.093,53.039,1.126,1.662,5.628,12.477,0.055,false,20.375,MODERATE,8,sequential_yolo_pose,SM-S906U1,GPU
2026-04-22 16:46:14.967,124.293,25.421,56.573,1.013,3.516,8.401,11.562,0.037,false,20.563,MODERATE,8,sequential_yolo_pose,SM-S906U1,GPU
2026-04-22 16:46:15.086,114.045,23.599,55.736,1.015,2.156,7.906,11.722,0.039,false,20.375,MODERATE,8,sequential_yolo_pose,SM-S906U1,GPU
2026-04-22 16:46:15.203,111.866,24.186,51.371,0.977,1.384,5.651,12.028,0.033,false,20.407,MODERATE,8,sequential_yolo_pose,SM-S906U1,GPU
2026-04-22 16:46:15.328,116.763,25.285,54.533,0.646,1.676,6.180,10.309,0.044,false,20.309,MODERATE,8,sequential_yolo_pose,SM-S906U1,GPU
2026-04-22 16:46:15.458,123.936,27.045,52.125,0.701,2.006,7.450,10.202,0.054,false,20.313,MODERATE,8,sequential_yolo_pose,SM-S906U1,GPU
2026-04-22 16:46:15.591,127.408,25.476,56.749,0.935,2.701,10.578,10.906,0.039,false,20.344,MODERATE,8,sequential_yolo_pose,SM-S906U1,GPU
2026-04-22 16:46:15.723,127.090,25.636,54.031,1.003,2.787,10.677,12.868,0.054,false,20.407,MODERATE,8,sequential_yolo_pose,SM-S906U1,GPU
2026-04-22 16:46:15.850,122.390,26.086,51.852,1.013,2.399,9.421,13.389,0.053,false,20.344,MODERATE,8,sequential_yolo_pose,SM-S906U1,GPU
2026-04-22 16:46:15.969,114.416,24.196,52.568,0.547,1.682,6.039,11.480,0.060,false,20.469,MODERATE,8,sequential_yolo_pose,SM-S906U1,GPU
2026-04-22 16:46:16.103,123.819,26.990,53.747,1.063,2.809,8.713,12.076,0.055,false,20.375,MODERATE,8,sequential_yolo_pose,SM-S906U1,GPU
2026-04-22 16:46:16.223,109.189,23.634,52.508,0.864,2.162,6.792,11.437,0.040,false,20.371,MODERATE,8,sequential_yolo_pose,SM-S906U1,GPU
2026-04-22 16:46:16.351,121.693,25.961,52.562,0.715,1.671,6.456,13.468,0.071,false,20.344,MODERATE,8,sequential_yolo_pose,SM-S906U1,GPU
2026-04-22 16:46:16.469,112.928,28.457,52.250,0.507,1.313,4.115,10.560,0.048,false,20.375,MODERATE,8,sequential_yolo_pose,SM-S906U1,GPU
2026-04-22 16:46:16.598,123.612,27.662,53.243,0.779,2.270,11.155,12.019,0.047,false,20.438,MODERATE,8,sequential_yolo_pose,SM-S906U1,GPU
2026-04-22 16:46:16.729,126.431,24.990,54.343,0.796,3.081,12.455,10.573,0.052,false,20.375,MODERATE,8,sequential_yolo_pose,SM-S906U1,GPU
2026-04-22 16:46:16.863,127.875,23.608,54.944,1.330,6.937,11.565,10.282,0.038,false,20.438,MODERATE,8,sequential_yolo_pose,SM-S906U1,GPU
2026-04-22 16:46:16.983,114.266,22.919,54.788,0.655,2.113,6.136,10.274,0.036,false,20.469,MODERATE,8,sequential_yolo_pose,SM-S906U1,GPU
2026-04-22 16:46:17.104,116.274,24.161,52.405,1.044,3.023,6.558,11.209,0.050,false,20.375,MODERATE,8,sequential_yolo_pose,SM-S906U1,GPU
2026-04-22 16:46:17.234,116.372,24.747,54.372,0.674,1.758,6.354,10.565,0.062,false,20.313,MODERATE,8,sequential_yolo_pose,SM-S906U1,GPU
2026-04-22 16:46:17.366,124.091,27.348,53.670,0.898,2.393,8.882,10.742,0.055,false,20.282,MODERATE,8,sequential_yolo_pose,SM-S906U1,GPU
2026-04-22 16:46:17.498,125.333,24.268,53.793,1.053,3.033,11.356,10.837,0.052,false,20.407,MODERATE,8,sequential_yolo_pose,SM-S906U1,GPU
2026-04-22 16:46:17.625,119.668,24.051,56.013,0.991,2.671,11.070,13.300,0.052,false,20.375,MODERATE,8,sequential_yolo_pose,SM-S906U1,GPU
2026-04-22 16:46:17.754,123.944,23.754,52.285,1.046,2.924,9.773,11.290,0.054,false,20.344,MODERATE,8,sequential_yolo_pose,SM-S906U1,GPU
2026-04-22 16:46:17.883,123.621,24.155,54.232,1.177,2.865,10.808,13.040,0.061,false,20.375,MODERATE,8,sequential_yolo_pose,SM-S906U1,GPU
2026-04-22 16:46:18.008,119.398,25.284,53.122,0.917,2.296,7.728,11.487,0.043,false,20.434,MODERATE,8,sequential_yolo_pose,SM-S906U1,GPU
2026-04-22 16:46:18.136,117.774,24.438,53.306,0.868,2.285,8.438,11.097,0.053,false,20.313,MODERATE,8,sequential_yolo_pose,SM-S906U1,GPU
2026-04-22 16:46:18.269,124.079,28.924,52.783,1.013,2.736,8.419,10.855,0.065,false,20.313,MODERATE,8,sequential_yolo_pose,SM-S906U1,GPU
2026-04-22 16:46:18.399,119.590,27.198,52.641,0.986,1.837,6.281,10.370,0.055,false,20.282,MODERATE,8,sequential_yolo_pose,SM-S906U1,GPU
2026-04-22 16:46:18.520,114.644,23.776,56.913,0.740,1.847,6.244,11.535,0.043,false,20.375,MODERATE,8,sequential_yolo_pose,SM-S906U1,GPU
2026-04-22 16:46:18.651,126.591,30.138,53.545,1.206,3.007,9.998,11.597,0.051,false,20.407,MODERATE,8,sequential_yolo_pose,SM-S906U1,GPU
2026-04-22 16:46:18.776,119.632,25.476,52.065,1.159,2.440,8.881,11.958,0.059,false,20.375,MODERATE,8,sequential_yolo_pose,SM-S906U1,GPU
2026-04-22 16:46:18.903,119.389,25.656,52.350,1.056,2.268,8.756,10.920,0.055,false,20.313,MODERATE,8,sequential_yolo_pose,SM-S906U1,GPU
2026-04-22 16:46:19.025,115.012,25.185,51.684,0.482,2.905,5.550,10.439,0.054,false,20.438,MODERATE,8,sequential_yolo_pose,SM-S906U1,GPU
2026-04-22 16:46:19.155,125.904,27.710,52.262,0.716,1.683,10.141,13.024,0.048,false,20.375,MODERATE,8,sequential_yolo_pose,SM-S906U1,GPU
2026-04-22 16:46:19.267,107.895,23.452,54.168,0.726,1.760,5.375,10.384,0.087,false,20.313,MODERATE,8,sequential_yolo_pose,SM-S906U1,GPU
2026-04-22 16:46:19.395,120.409,24.343,59.485,1.511,1.862,7.389,13.139,0.042,false,20.375,MODERATE,8,sequential_yolo_pose,SM-S906U1,GPU
2026-04-22 16:46:19.523,121.948,23.886,53.795,1.042,3.525,9.136,11.751,0.041,false,20.344,MODERATE,8,sequential_yolo_pose,SM-S906U1,GPU
2026-04-22 16:46:19.659,130.219,28.025,54.154,1.573,3.479,10.360,11.933,0.037,false,20.344,MODERATE,8,sequential_yolo_pose,SM-S906U1,GPU
2026-04-22 16:46:19.786,121.629,23.705,52.656,0.824,3.167,10.770,13.222,0.039,false,20.375,MODERATE,8,sequential_yolo_pose,SM-S906U1,GPU
2026-04-22 16:46:19.906,114.872,23.451,53.657,0.990,1.505,5.537,10.930,0.045,false,20.313,MODERATE,8,sequential_yolo_pose,SM-S906U1,GPU
2026-04-22 16:46:20.022,111.689,23.438,54.330,0.812,1.636,6.401,13.068,0.042,false,20.457,MODERATE,8,sequential_yolo_pose,SM-S906U1,GPU
2026-04-22 16:46:20.149,121.663,24.670,52.646,0.838,2.477,10.076,12.415,0.050,false,20.375,MODERATE,8,sequential_yolo_pose,SM-S906U1,GPU
2026-04-22 16:46:20.278,123.133,25.998,53.825,0.830,2.486,9.108,13.780,0.050,false,20.344,MODERATE,8,sequential_yolo_pose,SM-S906U1,GPU
2026-04-22 16:46:20.401,115.352,23.616,53.563,1.029,3.036,6.519,11.623,0.058,false,20.375,MODERATE,8,sequential_yolo_pose,SM-S906U1,GPU
2026-04-22 16:46:20.534,122.876,24.901,52.908,1.194,2.902,9.849,12.690,0.047,false,20.407,MODERATE,8,sequential_yolo_pose,SM-S906U1,GPU
2026-04-22 16:46:20.664,123.360,24.763,53.042,0.676,1.924,9.355,11.474,0.034,false,20.375,MODERATE,8,sequential_yolo_pose,SM-S906U1,GPU
2026-04-22 16:46:20.778,109.817,23.509,53.224,0.653,1.641,5.632,11.016,0.058,false,20.313,MODERATE,8,sequential_yolo_pose,SM-S906U1,GPU
2026-04-22 16:46:20.898,114.078,24.565,55.033,1.030,2.319,9.372,10.449,0.049,false,20.371,MODERATE,8,sequential_yolo_pose,SM-S906U1,GPU
2026-04-22 16:46:21.022,117.266,25.944,52.111,0.669,1.500,6.087,10.218,0.048,false,20.407,MODERATE,8,sequential_yolo_pose,SM-S906U1,GPU
2026-04-22 16:46:21.146,118.225,23.716,54.056,0.923,2.799,8.746,10.901,0.068,false,20.375,MODERATE,8,sequential_yolo_pose,SM-S906U1,GPU
2026-04-22 16:46:21.277,124.453,24.125,54.219,1.089,2.643,8.630,11.275,0.038,false,20.407,MODERATE,8,sequential_yolo_pose,SM-S906U1,GPU
2026-04-22 16:46:21.404,121.665,23.137,53.339,1.041,2.882,10.342,12.366,0.075,false,20.407,MODERATE,8,sequential_yolo_pose,SM-S906U1,GPU
2026-04-22 16:46:21.536,125.330,26.335,55.095,1.234,3.188,9.271,11.343,0.053,false,20.344,MODERATE,8,sequential_yolo_pose,SM-S906U1,GPU
2026-04-22 16:46:21.661,119.463,27.638,53.545,1.358,1.878,6.892,9.941,0.036,false,20.344,MODERATE,8,sequential_yolo_pose,SM-S906U1,GPU
2026-04-22 16:46:21.788,121.860,24.000,55.297,1.039,2.244,9.888,10.448,0.048,false,20.375,MODERATE,8,sequential_yolo_pose,SM-S906U1,GPU
2026-04-22 16:46:21.920,122.614,23.385,55.303,1.010,2.323,7.711,16.488,0.062,false,20.344,MODERATE,8,sequential_yolo_pose,SM-S906U1,GPU
2026-04-22 16:46:22.034,108.691,23.887,52.514,0.476,1.157,3.913,10.555,0.040,false,20.407,MODERATE,8,sequential_yolo_pose,SM-S906U1,GPU
2026-04-22 16:46:22.169,126.012,28.569,58.702,0.795,3.014,5.965,11.014,0.028,false,20.407,MODERATE,8,sequential_yolo_pose,SM-S906U1,GPU
2026-04-22 16:46:22.297,122.003,24.781,55.569,0.831,2.937,8.089,10.886,0.037,false,20.375,MODERATE,8,sequential_yolo_pose,SM-S906U1,GPU
2026-04-22 16:46:22.414,112.834,24.106,58.319,0.563,1.229,4.615,12.280,0.035,false,20.407,MODERATE,8,sequential_yolo_pose,SM-S906U1,GPU
2026-04-22 16:46:22.532,112.738,23.363,53.261,0.768,1.822,6.892,10.382,0.035,false,20.407,MODERATE,8,sequential_yolo_pose,SM-S906U1,GPU
2026-04-22 16:46:22.659,122.525,30.334,53.035,0.864,1.933,11.221,10.410,0.053,false,20.375,MODERATE,8,sequential_yolo_pose,SM-S906U1,GPU
2026-04-22 16:46:22.766,100.224,24.645,54.765,0.716,0.000,0.000,0.000,0.000,true,16.949,MODERATE,8,sequential_yolo_pose,SM-S906U1,GPU
2026-04-22 16:46:22.873,101.214,29.435,52.678,0.548,0.000,0.000,0.000,0.000,true,30.625,MODERATE,8,sequential_yolo_pose,SM-S906U1,GPU
2026-04-22 16:46:23.008,125.681,31.035,55.422,0.528,2.469,5.618,11.466,0.066,false,17.403,MODERATE,8,sequential_yolo_pose,SM-S906U1,GPU
2026-04-22 16:46:23.124,110.840,23.006,52.431,0.672,2.571,8.107,9.621,0.040,false,20.407,MODERATE,8,sequential_yolo_pose,SM-S906U1,GPU
2026-04-22 16:46:23.241,110.650,23.673,50.660,0.765,2.613,5.830,15.275,0.047,false,20.375,MODERATE,8,sequential_yolo_pose,SM-S906U1,GPU
2026-04-22 16:46:23.356,109.462,23.946,53.308,0.993,2.737,6.157,10.497,0.048,false,20.375,MODERATE,8,sequential_yolo_pose,SM-S906U1,GPU
2026-04-22 16:46:23.478,117.220,24.329,53.196,0.948,2.583,6.003,13.189,0.040,false,20.375,MODERATE,8,sequential_yolo_pose,SM-S906U1,GPU
2026-04-22 16:46:23.593,110.219,23.672,54.153,0.947,2.798,7.454,10.080,0.039,false,20.407,MODERATE,8,sequential_yolo_pose,SM-S906U1,GPU
2026-04-22 16:46:23.718,119.665,24.665,55.156,0.929,3.656,6.185,10.104,0.035,false,20.375,MODERATE,8,sequential_yolo_pose,SM-S906U1,GPU
2026-04-22 16:46:23.831,107.755,23.195,53.165,0.897,2.985,5.754,10.103,0.038,false,20.282,MODERATE,8,sequential_yolo_pose,SM-S906U1,GPU
2026-04-22 16:46:23.932,93.883,23.685,57.938,0.544,0.000,0.000,0.000,0.000,true,16.918,MODERATE,8,sequential_yolo_pose,SM-S906U1,GPU
2026-04-22 16:46:24.037,99.113,28.227,52.066,0.283,0.000,0.000,0.000,0.000,true,30.719,MODERATE,9,sequential_yolo_pose,SM-S906U1,GPU
2026-04-22 16:46:24.145,97.451,26.514,52.546,0.499,0.000,0.000,0.000,0.000,true,13.852,MODERATE,9,sequential_yolo_pose,SM-S906U1,GPU
2026-04-22 16:46:24.285,132.803,26.926,58.534,1.072,2.894,11.997,12.709,0.075,false,20.367,MODERATE,9,sequential_yolo_pose,SM-S906U1,GPU
2026-04-22 16:46:24.417,126.612,24.276,58.524,1.072,3.263,10.373,12.481,0.059,false,20.438,MODERATE,9,sequential_yolo_pose,SM-S906U1,GPU
2026-04-22 16:46:24.543,120.692,23.650,55.834,0.863,2.171,7.065,15.153,0.035,false,20.375,MODERATE,9,sequential_yolo_pose,SM-S906U1,GPU
2026-04-22 16:46:24.672,122.601,24.603,52.166,1.267,3.017,11.653,13.193,0.041,false,20.313,MODERATE,9,sequential_yolo_pose,SM-S906U1,GPU
2026-04-22 16:46:24.803,124.765,23.486,54.212,1.388,3.002,9.276,11.905,0.067,false,20.344,MODERATE,9,sequential_yolo_pose,SM-S906U1,GPU
2026-04-22 16:46:24.937,119.132,26.870,52.249,1.056,2.344,7.823,11.324,0.045,false,20.344,MODERATE,9,sequential_yolo_pose,SM-S906U1,GPU
2026-04-22 16:46:25.062,119.191,24.048,53.720,1.138,3.863,5.808,11.288,0.042,false,20.535,MODERATE,8,sequential_yolo_pose,SM-S906U1,GPU
2026-04-22 16:46:25.186,118.183,25.198,52.593,0.619,1.566,8.552,11.087,0.053,false,20.313,MODERATE,8,sequential_yolo_pose,SM-S906U1,GPU
2026-04-22 16:46:25.293,101.077,28.556,54.027,0.804,0.000,0.000,0.000,0.000,true,16.981,MODERATE,8,sequential_yolo_pose,SM-S906U1,GPU
2026-04-22 16:46:25.407,106.515,25.388,54.256,0.879,0.000,0.000,0.000,0.000,true,30.594,MODERATE,8,sequential_yolo_pose,SM-S906U1,GPU
2026-04-22 16:46:25.543,126.871,25.255,52.819,1.362,2.672,8.489,12.929,0.057,false,17.246,MODERATE,8,sequential_yolo_pose,SM-S906U1,GPU
2026-04-22 16:46:25.677,126.607,26.962,52.887,1.353,2.603,8.922,15.725,0.455,false,20.375,MODERATE,8,sequential_yolo_pose,SM-S906U1,GPU
2026-04-22 16:46:25.807,123.310,23.743,52.054,1.780,4.852,10.440,14.313,0.056,false,20.407,MODERATE,8,sequential_yolo_pose,SM-S906U1,GPU
2026-04-22 16:46:25.931,117.350,22.644,54.010,1.509,2.954,10.057,10.750,0.048,false,20.375,MODERATE,8,sequential_yolo_pose,SM-S906U1,GPU
2026-04-22 16:46:26.059,122.640,24.935,51.859,0.819,3.785,8.679,14.298,0.033,false,20.500,MODERATE,8,sequential_yolo_pose,SM-S906U1,GPU
2026-04-22 16:46:26.175,111.381,23.301,54.877,0.998,2.224,6.290,12.080,0.063,false,20.344,MODERATE,8,sequential_yolo_pose,SM-S906U1,GPU
2026-04-22 16:46:26.293,112.501,23.785,53.002,0.779,2.224,9.167,11.560,0.058,false,20.375,MODERATE,8,sequential_yolo_pose,SM-S906U1,GPU
2026-04-22 16:46:26.429,130.824,26.249,53.260,0.857,2.896,18.504,10.419,0.054,false,20.438,MODERATE,8,sequential_yolo_pose,SM-S906U1,GPU
2026-04-22 16:46:26.560,125.076,24.496,52.471,1.419,3.803,8.441,13.207,0.061,false,20.344,MODERATE,8,sequential_yolo_pose,SM-S906U1,GPU
2026-04-22 16:46:26.686,121.061,23.194,53.003,1.049,2.690,7.230,12.534,0.065,false,20.375,MODERATE,8,sequential_yolo_pose,SM-S906U1,GPU
2026-04-22 16:46:26.820,126.316,29.501,55.358,0.841,2.177,8.799,11.730,0.069,false,20.375,MODERATE,8,sequential_yolo_pose,SM-S906U1,GPU
2026-04-22 16:46:26.949,124.011,23.187,54.086,1.177,3.361,8.814,16.634,0.046,false,20.344,MODERATE,8,sequential_yolo_pose,SM-S906U1,GPU
2026-04-22 16:46:27.076,120.865,24.791,55.854,0.916,2.299,6.325,11.218,0.043,false,20.442,MODERATE,8,sequential_yolo_pose,SM-S906U1,GPU
2026-04-22 16:46:27.197,115.882,22.570,54.672,1.354,3.941,9.829,11.622,0.049,false,20.407,MODERATE,8,sequential_yolo_pose,SM-S906U1,GPU
2026-04-22 16:46:27.335,132.416,27.650,53.391,1.448,4.765,13.285,11.782,0.053,false,20.375,MODERATE,8,sequential_yolo_pose,SM-S906U1,GPU
2026-04-22 16:46:27.468,123.809,23.329,54.559,1.020,3.712,10.258,13.010,0.063,false,20.344,MODERATE,8,sequential_yolo_pose,SM-S906U1,GPU
2026-04-22 16:46:27.601,123.203,27.129,52.110,1.351,3.393,6.987,11.747,0.054,false,20.375,MODERATE,8,sequential_yolo_pose,SM-S906U1,GPU
2026-04-22 16:46:27.719,113.239,23.443,55.107,0.873,2.331,5.750,9.966,0.049,false,20.375,MODERATE,8,sequential_yolo_pose,SM-S906U1,GPU
2026-04-22 16:46:27.845,119.489,24.731,53.079,0.677,1.924,5.320,15.384,0.029,false,20.344,MODERATE,8,sequential_yolo_pose,SM-S906U1,GPU
2026-04-22 16:46:27.979,129.507,30.103,53.214,0.759,1.899,5.219,12.113,0.036,false,20.344,MODERATE,8,sequential_yolo_pose,SM-S906U1,GPU
2026-04-22 16:46:28.092,109.469,23.623,51.770,0.748,2.111,5.901,9.116,0.035,false,20.403,MODERATE,8,sequential_yolo_pose,SM-S906U1,GPU
2026-04-22 16:46:28.213,115.608,24.273,52.935,0.714,1.958,5.251,9.745,0.035,false,20.344,MODERATE,8,sequential_yolo_pose,SM-S906U1,GPU
2026-04-22 16:46:28.332,115.757,25.717,52.900,1.256,4.129,8.155,10.226,0.068,false,20.375,MODERATE,8,sequential_yolo_pose,SM-S906U1,GPU
2026-04-22 16:46:28.451,114.114,24.536,54.335,0.840,2.066,7.850,12.858,0.064,false,20.375,MODERATE,8,sequential_yolo_pose,SM-S906U1,GPU
2026-04-22 16:46:28.591,130.005,26.533,52.401,0.975,2.888,7.510,10.442,0.049,false,20.313,MODERATE,8,sequential_yolo_pose,SM-S906U1,GPU
2026-04-22 16:46:28.722,125.974,23.609,56.265,1.064,3.412,9.283,11.444,0.053,false,20.407,MODERATE,8,sequential_yolo_pose,SM-S906U1,GPU
2026-04-22 16:46:28.842,115.678,24.110,56.134,0.882,2.092,5.454,10.764,0.063,false,20.313,MODERATE,8,sequential_yolo_pose,SM-S906U1,GPU
2026-04-22 16:46:28.967,117.442,23.409,56.220,1.438,5.948,6.613,11.557,0.055,false,20.438,MODERATE,8,sequential_yolo_pose,SM-S906U1,GPU
2026-04-22 16:46:29.094,119.966,25.368,52.082,0.784,5.332,6.089,10.915,0.025,false,20.500,MODERATE,8,sequential_yolo_pose,SM-S906U1,GPU
2026-04-22 16:46:29.209,112.021,23.250,53.349,0.920,3.176,6.351,13.389,0.040,false,20.407,MODERATE,8,sequential_yolo_pose,SM-S906U1,GPU
2026-04-22 16:46:29.338,124.398,23.424,57.024,1.037,3.988,8.833,11.693,0.052,false,20.375,MODERATE,8,sequential_yolo_pose,SM-S906U1,GPU
2026-04-22 16:46:29.468,121.077,23.517,52.901,1.370,3.718,9.446,11.504,0.050,false,20.375,MODERATE,8,sequential_yolo_pose,SM-S906U1,GPU
2026-04-22 16:46:29.598,122.354,27.251,52.195,1.283,3.857,7.921,10.877,0.052,false,20.344,MODERATE,8,sequential_yolo_pose,SM-S906U1,GPU
2026-04-22 16:46:29.730,126.605,24.250,54.491,1.313,4.009,8.748,14.590,0.040,false,20.438,MODERATE,8,sequential_yolo_pose,SM-S906U1,GPU
2026-04-22 16:46:29.862,127.373,28.954,53.369,1.046,3.845,10.388,11.352,0.039,false,20.407,MODERATE,8,sequential_yolo_pose,SM-S906U1,GPU
2026-04-22 16:46:29.993,125.045,26.503,53.399,0.783,3.097,11.364,12.153,0.050,false,20.407,MODERATE,8,sequential_yolo_pose,SM-S906U1,GPU
2026-04-22 16:46:30.124,124.761,23.470,53.916,1.421,3.833,10.198,11.766,0.058,false,20.438,MODERATE,8,sequential_yolo_pose,SM-S906U1,GPU
2026-04-22 16:46:30.256,125.849,23.860,54.603,1.223,2.894,8.438,11.902,0.054,false,20.344,MODERATE,8,sequential_yolo_pose,SM-S906U1,GPU
2026-04-22 16:46:30.394,132.211,29.089,54.254,0.748,2.694,15.210,10.797,0.060,false,20.375,MODERATE,8,sequential_yolo_pose,SM-S906U1,GPU
2026-04-22 16:46:30.525,123.872,23.361,55.167,1.543,4.355,9.735,11.583,0.051,false,20.375,MODERATE,8,sequential_yolo_pose,SM-S906U1,GPU
2026-04-22 16:46:30.641,109.532,24.379,52.322,0.835,2.043,5.942,9.436,0.032,false,20.375,MODERATE,8,sequential_yolo_pose,SM-S906U1,GPU
2026-04-22 16:46:30.768,118.622,26.135,53.102,1.346,3.938,5.958,10.410,0.051,false,20.344,MODERATE,8,sequential_yolo_pose,SM-S906U1,GPU
2026-04-22 16:46:30.895,122.432,24.496,52.866,1.537,4.074,9.641,11.069,0.077,false,20.375,MODERATE,8,sequential_yolo_pose,SM-S906U1,GPU
2026-04-22 16:46:31.026,121.718,24.935,52.539,0.723,3.455,7.876,11.107,0.034,false,20.469,MODERATE,8,sequential_yolo_pose,SM-S906U1,GPU
2026-04-22 16:46:31.164,132.822,25.234,55.884,0.940,5.639,12.939,11.510,0.057,false,20.375,MODERATE,8,sequential_yolo_pose,SM-S906U1,GPU
2026-04-22 16:46:31.300,130.342,23.797,55.172,1.397,4.963,12.126,12.029,0.042,false,20.375,MODERATE,8,sequential_yolo_pose,SM-S906U1,GPU
2026-04-22 16:46:31.435,126.871,25.962,52.495,1.215,3.510,12.280,13.194,0.044,false,20.407,MODERATE,8,sequential_yolo_pose,SM-S906U1,GPU
2026-04-22 16:46:31.565,123.846,24.184,54.144,1.300,4.177,12.474,10.527,0.037,false,20.375,MODERATE,8,sequential_yolo_pose,SM-S906U1,GPU
2026-04-22 16:46:31.694,124.234,23.283,54.604,1.368,4.724,8.482,12.774,0.036,false,20.375,MODERATE,8,sequential_yolo_pose,SM-S906U1,GPU
2026-04-22 16:46:31.827,127.204,24.077,55.713,1.508,4.207,13.515,11.129,0.052,false,20.407,MODERATE,8,sequential_yolo_pose,SM-S906U1,GPU
2026-04-22 16:46:31.951,118.310,26.178,51.329,0.808,2.291,7.085,10.605,0.069,false,20.313,MODERATE,8,sequential_yolo_pose,SM-S906U1,GPU
2026-04-22 16:46:32.075,118.591,25.578,54.538,0.859,2.501,5.547,11.606,0.055,false,20.375,MODERATE,7,sequential_yolo_pose,SM-S906U1,GPU
2026-04-22 16:46:32.204,123.260,23.532,52.621,1.113,8.611,8.708,11.591,0.037,false,20.407,MODERATE,7,sequential_yolo_pose,SM-S906U1,GPU
2026-04-22 16:46:32.330,119.882,23.573,52.877,0.676,3.271,8.103,14.467,0.038,false,20.375,MODERATE,7,sequential_yolo_pose,SM-S906U1,GPU
2026-04-22 16:46:32.462,126.587,23.089,55.839,1.475,4.591,10.238,10.315,0.056,false,20.375,MODERATE,7,sequential_yolo_pose,SM-S906U1,GPU
2026-04-22 16:46:32.592,125.499,25.219,53.257,1.528,3.779,9.623,13.897,0.064,false,20.438,MODERATE,7,sequential_yolo_pose,SM-S906U1,GPU
2026-04-22 16:46:32.725,126.744,25.272,52.267,1.531,3.926,10.220,11.036,0.053,false,20.375,MODERATE,7,sequential_yolo_pose,SM-S906U1,GPU
2026-04-22 16:46:32.857,126.754,27.098,51.965,0.770,2.065,12.630,12.548,0.221,false,20.407,MODERATE,7,sequential_yolo_pose,SM-S906U1,GPU
2026-04-22 16:46:33.002,141.184,24.369,63.604,1.610,8.700,13.228,12.014,0.060,false,20.407,MODERATE,7,sequential_yolo_pose,SM-S906U1,GPU
2026-04-22 16:46:33.130,117.888,28.109,53.772,0.724,2.005,6.087,9.265,0.051,false,20.407,SEVERE,8,sequential_yolo_pose,SM-S906U1,GPU
2026-04-22 16:46:33.255,120.327,24.444,53.252,0.818,2.220,8.893,11.653,0.048,false,20.313,SEVERE,8,sequential_yolo_pose,SM-S906U1,GPU
2026-04-22 16:46:33.387,126.900,23.812,54.830,0.716,4.290,10.839,11.736,0.038,false,20.375,SEVERE,8,sequential_yolo_pose,SM-S906U1,GPU
2026-04-22 16:46:33.524,130.491,23.654,58.547,1.322,4.511,10.053,19.276,0.038,false,20.375,SEVERE,8,sequential_yolo_pose,SM-S906U1,GPU
2026-04-22 16:46:33.660,131.597,28.317,54.136,0.669,3.630,14.558,11.578,0.036,false,20.407,SEVERE,8,sequential_yolo_pose,SM-S906U1,GPU
2026-04-22 16:46:33.785,118.860,24.506,52.621,1.072,3.343,8.887,11.752,0.051,false,20.375,SEVERE,8,sequential_yolo_pose,SM-S906U1,GPU
2026-04-22 16:46:33.886,97.318,24.682,53.529,0.876,0.000,0.000,0.000,0.000,true,16.949,SEVERE,8,sequential_yolo_pose,SM-S906U1,GPU
2026-04-22 16:46:34.006,112.207,32.385,56.635,0.887,0.000,0.000,0.000,0.000,true,30.625,SEVERE,8,sequential_yolo_pose,SM-S906U1,GPU
2026-04-22 16:46:34.115,99.677,25.277,53.905,0.544,0.000,0.000,0.000,0.000,true,13.977,SEVERE,8,sequential_yolo_pose,SM-S906U1,GPU
2026-04-22 16:46:34.218,97.403,26.640,51.912,0.658,0.000,0.000,0.000,0.000,true,16.977,SEVERE,8,sequential_yolo_pose,SM-S906U1,GPU
2026-04-22 16:46:34.331,107.039,29.831,52.695,0.692,0.000,0.000,0.000,0.000,true,30.559,SEVERE,8,sequential_yolo_pose,SM-S906U1,GPU
2026-04-22 16:46:34.459,122.006,37.356,57.550,0.463,0.000,0.000,0.000,0.000,true,13.852,SEVERE,8,sequential_yolo_pose,SM-S906U1,GPU
2026-04-22 16:46:34.570,105.450,31.487,53.000,0.436,0.000,0.000,0.000,0.000,true,17.004,SEVERE,8,sequential_yolo_pose,SM-S906U1,GPU
2026-04-22 16:46:34.679,103.920,31.723,53.889,0.544,0.000,0.000,0.000,0.000,true,30.586,SEVERE,8,sequential_yolo_pose,SM-S906U1,GPU
2026-04-22 16:46:34.792,105.021,32.616,53.771,0.452,0.000,0.000,0.000,0.000,true,18.184,SEVERE,8,sequential_yolo_pose,SM-S906U1,GPU
2026-04-22 16:46:34.899,103.116,31.248,53.610,0.774,0.000,0.000,0.000,0.000,true,31.766,SEVERE,8,sequential_yolo_pose,SM-S906U1,GPU
2026-04-22 16:46:35.014,105.168,28.653,53.269,0.603,0.000,0.000,0.000,0.000,true,18.215,SEVERE,8,sequential_yolo_pose,SM-S906U1,GPU
2026-04-22 16:46:35.121,100.616,27.236,51.321,0.561,0.000,0.000,0.000,0.000,true,31.922,SEVERE,9,sequential_yolo_pose,SM-S906U1,GPU
2026-04-22 16:46:35.222,96.572,24.363,54.563,0.698,0.000,0.000,0.000,0.000,true,13.488,SEVERE,9,sequential_yolo_pose,SM-S906U1,GPU
2026-04-22 16:46:35.342,113.295,27.304,55.247,0.870,0.000,0.000,0.000,0.000,true,16.973,SEVERE,9,sequential_yolo_pose,SM-S906U1,GPU
2026-04-22 16:46:35.457,104.825,25.373,55.633,1.094,0.000,0.000,0.000,0.000,true,30.586,SEVERE,9,sequential_yolo_pose,SM-S906U1,GPU
2026-04-22 16:46:35.580,115.547,34.458,54.690,1.134,0.000,0.000,0.000,0.000,true,18.246,SEVERE,9,sequential_yolo_pose,SM-S906U1,GPU
2026-04-22 16:46:35.684,95.831,24.062,53.132,0.990,0.000,0.000,0.000,0.000,true,31.829,SEVERE,9,sequential_yolo_pose,SM-S906U1,GPU
2026-04-22 16:46:35.790,100.852,25.207,52.676,0.856,0.000,0.000,0.000,0.000,true,13.461,SEVERE,9,sequential_yolo_pose,SM-S906U1,GPU
2026-04-22 16:46:35.912,114.257,30.660,53.277,1.077,0.000,0.000,0.000,0.000,true,16.910,SEVERE,9,sequential_yolo_pose,SM-S906U1,GPU
2026-04-22 16:46:36.014,95.419,24.003,52.105,0.662,0.000,0.000,0.000,0.000,true,30.618,SEVERE,9,sequential_yolo_pose,SM-S906U1,GPU
2026-04-22 16:46:36.125,103.923,23.943,51.860,0.595,0.000,0.000,0.000,0.000,true,14.008,SEVERE,9,sequential_yolo_pose,SM-S906U1,GPU
2026-04-22 16:46:36.249,117.215,31.906,56.217,0.967,0.000,0.000,0.000,0.000,true,16.946,SEVERE,9,sequential_yolo_pose,SM-S906U1,GPU
2026-04-22 16:46:36.360,104.662,23.955,53.986,1.046,0.000,0.000,0.000,0.000,true,30.590,SEVERE,9,sequential_yolo_pose,SM-S906U1,GPU
2026-04-22 16:46:36.477,110.216,29.549,53.097,1.072,0.000,0.000,0.000,0.000,true,13.883,SEVERE,9,sequential_yolo_pose,SM-S906U1,GPU
2026-04-22 16:46:36.577,93.562,23.945,51.974,0.681,0.000,0.000,0.000,0.000,true,16.879,SEVERE,9,sequential_yolo_pose,SM-S906U1,GPU
2026-04-22 16:46:36.697,108.803,29.366,54.437,1.172,0.000,0.000,0.000,0.000,true,30.586,SEVERE,9,sequential_yolo_pose,SM-S906U1,GPU
2026-04-22 16:46:36.821,117.621,37.024,53.457,0.765,0.000,0.000,0.000,0.000,true,18.574,SEVERE,9,sequential_yolo_pose,SM-S906U1,GPU
2026-04-22 16:46:36.937,109.210,29.027,53.434,1.059,0.000,0.000,0.000,0.000,true,32.188,SEVERE,9,sequential_yolo_pose,SM-S906U1,GPU
2026-04-22 16:46:37.050,104.415,27.853,51.678,1.085,0.000,0.000,0.000,0.000,true,18.184,SEVERE,9,sequential_yolo_pose,SM-S906U1,GPU
2026-04-22 16:46:37.162,104.191,29.145,54.783,0.821,0.000,0.000,0.000,0.000,true,31.922,SEVERE,9,sequential_yolo_pose,SM-S906U1,GPU
2026-04-22 16:46:37.283,113.504,35.056,51.988,0.726,0.000,0.000,0.000,0.000,true,18.184,SEVERE,9,sequential_yolo_pose,SM-S906U1,GPU
2026-04-22 16:46:37.402,111.595,30.088,55.961,1.282,0.000,0.000,0.000,0.000,true,31.766,SEVERE,9,sequential_yolo_pose,SM-S906U1,GPU
2026-04-22 16:46:37.521,107.823,28.112,54.119,1.195,0.000,0.000,0.000,0.000,true,18.184,SEVERE,9,sequential_yolo_pose,SM-S906U1,GPU
2026-04-22 16:46:37.638,110.119,30.279,52.861,0.852,0.000,0.000,0.000,0.000,true,31.766,SEVERE,9,sequential_yolo_pose,SM-S906U1,GPU
2026-04-22 16:46:37.788,141.571,28.380,54.229,0.698,5.567,10.483,15.433,0.059,false,16.887,SEVERE,9,sequential_yolo_pose,SM-S906U1,GPU
2026-04-22 16:46:37.912,118.748,24.913,53.236,0.734,4.646,7.602,11.003,0.060,false,20.375,SEVERE,9,sequential_yolo_pose,SM-S906U1,GPU
2026-04-22 16:46:38.041,123.406,24.116,53.218,1.108,4.863,8.584,13.117,0.062,false,20.375,SEVERE,9,sequential_yolo_pose,SM-S906U1,GPU
2026-04-22 16:46:38.170,119.150,27.720,53.353,0.751,2.840,5.336,11.141,0.034,false,20.438,SEVERE,8,sequential_yolo_pose,SM-S906U1,GPU
2026-04-22 16:46:38.300,120.009,23.539,51.711,0.868,4.408,10.788,12.977,0.051,false,20.407,SEVERE,8,sequential_yolo_pose,SM-S906U1,GPU
2026-04-22 16:46:38.427,121.710,23.905,52.992,1.447,4.463,10.163,11.476,0.054,false,20.407,SEVERE,8,sequential_yolo_pose,SM-S906U1,GPU
2026-04-22 16:46:38.555,122.093,24.481,50.898,1.396,4.853,8.026,13.657,0.058,false,20.344,SEVERE,8,sequential_yolo_pose,SM-S906U1,GPU
2026-04-22 16:46:38.688,127.849,24.941,54.163,1.492,4.820,9.044,12.662,0.055,false,20.375,SEVERE,8,sequential_yolo_pose,SM-S906U1,GPU
2026-04-22 16:46:38.817,123.696,25.113,53.046,1.338,4.204,8.227,14.339,0.038,false,20.375,SEVERE,8,sequential_yolo_pose,SM-S906U1,GPU
2026-04-22 16:46:38.950,127.240,27.502,54.559,1.000,3.219,7.629,15.312,0.039,false,20.344,SEVERE,8,sequential_yolo_pose,SM-S906U1,GPU
2026-04-22 16:46:39.081,126.967,27.260,54.199,1.879,5.265,8.066,11.914,0.050,false,20.407,SEVERE,8,sequential_yolo_pose,SM-S906U1,GPU
2026-04-22 16:46:39.212,125.089,25.038,53.842,1.348,4.823,8.838,12.731,0.072,false,20.344,SEVERE,8,sequential_yolo_pose,SM-S906U1,GPU
2026-04-22 16:46:39.339,121.469,24.214,55.294,1.465,4.458,12.508,11.692,0.046,false,20.438,SEVERE,8,sequential_yolo_pose,SM-S906U1,GPU
2026-04-22 16:46:39.466,122.186,23.677,53.612,1.895,4.969,10.234,10.607,0.047,false,20.438,SEVERE,8,sequential_yolo_pose,SM-S906U1,GPU
2026-04-22 16:46:39.600,126.550,23.778,54.629,1.479,4.625,13.621,11.101,0.054,false,20.438,SEVERE,8,sequential_yolo_pose,SM-S906U1,GPU
2026-04-22 16:46:39.731,125.428,29.287,53.560,1.265,3.622,7.384,10.486,0.081,false,20.313,SEVERE,8,sequential_yolo_pose,SM-S906U1,GPU
2026-04-22 16:46:39.862,121.990,24.182,55.676,1.320,3.968,8.749,11.730,0.065,false,20.375,SEVERE,8,sequential_yolo_pose,SM-S906U1,GPU
2026-04-22 16:46:39.991,122.854,24.197,51.879,0.905,3.262,9.106,13.367,0.052,false,20.375,SEVERE,8,sequential_yolo_pose,SM-S906U1,GPU
2026-04-22 16:46:40.129,132.343,26.383,57.403,1.799,4.296,8.434,13.985,0.042,false,20.375,SEVERE,7,sequential_yolo_pose,SM-S906U1,GPU
2026-04-22 16:46:40.260,124.644,23.648,55.719,1.748,6.283,10.585,13.443,0.046,false,20.469,SEVERE,7,sequential_yolo_pose,SM-S906U1,GPU
2026-04-22 16:46:40.383,117.753,23.184,52.723,0.951,2.463,6.253,14.486,0.038,false,20.375,SEVERE,7,sequential_yolo_pose,SM-S906U1,GPU
2026-04-22 16:46:40.508,118.642,23.612,53.884,0.935,2.536,5.816,15.954,0.025,false,20.375,SEVERE,7,sequential_yolo_pose,SM-S906U1,GPU
2026-04-22 16:46:40.628,115.686,24.384,54.509,1.040,3.536,8.280,11.717,0.041,false,20.375,SEVERE,7,sequential_yolo_pose,SM-S906U1,GPU
2026-04-22 16:46:40.764,129.521,27.194,52.808,1.065,5.535,11.840,11.809,0.044,false,20.438,SEVERE,7,sequential_yolo_pose,SM-S906U1,GPU
2026-04-22 16:46:40.894,125.116,23.819,51.696,1.108,6.235,10.153,12.531,0.056,false,20.407,SEVERE,7,sequential_yolo_pose,SM-S906U1,GPU
2026-04-22 16:46:41.020,118.932,27.117,52.668,0.906,3.306,6.419,10.461,0.056,false,20.282,SEVERE,7,sequential_yolo_pose,SM-S906U1,GPU
2026-04-22 16:46:41.141,115.988,24.412,52.242,1.201,2.540,5.841,12.941,0.037,false,20.438,SEVERE,8,sequential_yolo_pose,SM-S906U1,GPU
2026-04-22 16:46:41.274,128.118,29.045,54.384,1.230,4.535,8.230,13.133,0.059,false,20.375,SEVERE,8,sequential_yolo_pose,SM-S906U1,GPU
2026-04-22 16:46:41.399,117.960,23.644,52.728,1.337,5.100,9.928,11.746,0.044,false,20.375,SEVERE,8,sequential_yolo_pose,SM-S906U1,GPU
2026-04-22 16:46:41.534,125.704,23.011,52.949,1.291,6.823,8.875,12.844,0.039,false,20.407,SEVERE,8,sequential_yolo_pose,SM-S906U1,GPU
2026-04-22 16:46:41.664,120.916,23.948,52.748,1.457,5.212,9.851,11.761,0.049,false,20.375,SEVERE,8,sequential_yolo_pose,SM-S906U1,GPU
2026-04-22 16:46:41.798,124.332,25.782,55.001,0.749,3.555,7.766,11.620,0.039,false,20.375,SEVERE,8,sequential_yolo_pose,SM-S906U1,GPU
2026-04-22 16:46:41.936,129.316,28.843,52.711,0.938,5.286,6.455,11.730,0.049,false,20.407,SEVERE,8,sequential_yolo_pose,SM-S906U1,GPU
2026-04-22 16:46:42.066,124.441,24.602,59.887,1.160,5.308,6.202,11.233,0.052,false,20.407,SEVERE,8,sequential_yolo_pose,SM-S906U1,GPU
2026-04-22 16:46:42.183,110.944,24.131,53.520,0.654,2.799,6.640,12.112,0.025,false,20.438,SEVERE,8,sequential_yolo_pose,SM-S906U1,GPU
2026-04-22 16:46:42.303,117.090,23.039,53.457,1.378,4.906,11.220,11.686,0.059,false,20.344,SEVERE,8,sequential_yolo_pose,SM-S906U1,GPU
2026-04-22 16:46:42.432,123.563,23.029,52.231,1.630,3.998,15.187,12.081,0.074,false,20.407,SEVERE,8,sequential_yolo_pose,SM-S906U1,GPU
2026-04-22 16:46:42.557,118.941,23.875,53.112,1.160,4.095,9.421,10.129,0.061,false,20.375,SEVERE,8,sequential_yolo_pose,SM-S906U1,GPU
2026-04-22 16:46:42.680,117.702,23.784,54.393,0.751,2.207,5.667,11.913,0.052,false,20.375,SEVERE,8,sequential_yolo_pose,SM-S906U1,GPU
2026-04-22 16:46:42.806,121.759,25.949,51.636,1.542,4.142,8.002,13.226,0.043,false,20.407,SEVERE,8,sequential_yolo_pose,SM-S906U1,GPU
2026-04-22 16:46:42.928,117.007,23.793,53.892,1.370,4.537,11.200,10.163,0.049,false,14.571,SEVERE,8,sequential_yolo_pose,SM-S906U1,GPU
2026-04-22 16:46:43.062,127.649,23.156,57.061,1.517,4.022,11.356,13.127,0.045,false,21.645,SEVERE,8,sequential_yolo_pose,SM-S906U1,GPU
2026-04-22 16:46:43.185,118.032,22.906,53.456,0.823,2.107,5.430,13.545,0.059,false,14.602,SEVERE,8,sequential_yolo_pose,SM-S906U1,GPU
2026-04-22 16:46:43.303,113.584,22.947,54.481,2.258,3.424,5.748,9.739,0.051,false,21.551,SEVERE,8,sequential_yolo_pose,SM-S906U1,GPU
2026-04-22 16:46:43.474,159.036,32.942,54.650,2.911,2.885,6.389,36.392,0.103,false,13.598,SEVERE,8,sequential_yolo_pose,SM-S906U1,GPU
2026-04-22 16:46:43.601,120.334,31.962,51.788,0.916,2.884,5.589,9.416,0.045,false,20.371,SEVERE,8,sequential_yolo_pose,SM-S906U1,GPU
2026-04-22 16:46:43.727,121.124,31.312,51.509,0.870,2.781,6.023,9.972,0.045,false,20.282,SEVERE,8,sequential_yolo_pose,SM-S906U1,GPU
2026-04-22 16:46:43.858,126.017,31.636,55.673,0.720,2.805,5.772,11.481,0.051,false,14.504,SEVERE,8,sequential_yolo_pose,SM-S906U1,GPU
2026-04-22 16:46:43.985,123.328,27.628,55.171,0.940,3.172,7.872,10.865,0.058,false,21.520,SEVERE,8,sequential_yolo_pose,SM-S906U1,GPU
2026-04-22 16:46:44.114,124.380,23.714,51.611,1.414,4.456,6.769,16.499,0.037,false,38.653,SEVERE,8,sequential_yolo_pose,SM-S906U1,GPU
2026-04-22 16:46:44.254,129.088,28.657,54.107,1.708,5.379,8.032,12.318,0.047,false,20.375,SEVERE,8,sequential_yolo_pose,SM-S906U1,GPU
2026-04-22 16:46:44.377,115.034,23.645,54.593,1.637,3.839,8.643,11.324,0.056,false,20.375,SEVERE,8,sequential_yolo_pose,SM-S906U1,GPU
2026-04-22 16:46:44.505,120.866,24.010,52.023,1.634,4.719,7.993,12.941,0.056,false,20.375,SEVERE,8,sequential_yolo_pose,SM-S906U1,GPU
2026-04-22 16:46:44.639,126.521,28.654,54.515,1.331,3.479,7.777,11.527,0.064,false,20.375,SEVERE,8,sequential_yolo_pose,SM-S906U1,GPU
2026-04-22 16:46:44.782,133.788,25.899,57.275,1.369,3.452,7.979,18.509,0.080,false,20.375,SEVERE,8,sequential_yolo_pose,SM-S906U1,GPU
2026-04-22 16:46:44.909,121.661,23.321,57.307,1.473,4.603,8.194,12.345,0.056,false,20.375,SEVERE,8,sequential_yolo_pose,SM-S906U1,GPU
2026-04-22 16:46:45.034,118.969,23.951,53.267,1.492,3.209,7.822,11.307,0.055,false,20.344,SEVERE,8,sequential_yolo_pose,SM-S906U1,GPU
2026-04-22 16:46:45.166,124.810,24.133,53.282,1.629,4.721,11.053,10.722,0.039,false,20.379,SEVERE,7,sequential_yolo_pose,SM-S906U1,GPU
2026-04-22 16:46:45.304,128.230,27.810,52.609,1.751,4.731,8.931,12.545,0.054,false,20.407,SEVERE,7,sequential_yolo_pose,SM-S906U1,GPU
2026-04-22 16:46:45.437,121.869,27.802,53.336,0.897,3.297,6.105,11.220,0.042,false,20.344,SEVERE,7,sequential_yolo_pose,SM-S906U1,GPU
2026-04-22 16:46:45.549,99.945,25.755,54.949,1.159,0.000,0.000,0.000,0.000,true,16.949,SEVERE,7,sequential_yolo_pose,SM-S906U1,GPU
2026-04-22 16:46:45.670,115.597,23.630,53.844,0.906,2.969,5.677,10.858,0.049,false,33.989,SEVERE,7,sequential_yolo_pose,SM-S906U1,GPU
2026-04-22 16:46:45.797,122.454,25.581,55.752,1.382,5.066,8.488,12.334,0.042,false,28.934,SEVERE,7,sequential_yolo_pose,SM-S906U1,GPU
2026-04-22 16:46:45.921,114.554,24.184,51.809,0.626,2.877,5.549,10.212,0.024,false,20.426,SEVERE,7,sequential_yolo_pose,SM-S906U1,GPU
2026-04-22 16:46:46.034,108.168,22.963,53.736,0.703,2.709,5.520,10.442,0.037,false,20.282,SEVERE,7,sequential_yolo_pose,SM-S906U1,GPU
2026-04-22 16:46:46.172,131.805,28.052,52.743,1.291,5.627,12.814,13.144,0.023,false,20.438,SEVERE,8,sequential_yolo_pose,SM-S906U1,GPU
2026-04-22 16:46:46.300,123.440,23.429,52.973,1.046,5.317,12.285,10.904,0.064,false,20.407,SEVERE,8,sequential_yolo_pose,SM-S906U1,GPU
2026-04-22 16:46:46.403,96.667,23.054,56.038,1.054,0.000,0.000,0.000,0.000,true,17.012,SEVERE,8,sequential_yolo_pose,SM-S906U1,GPU
2026-04-22 16:46:46.541,129.487,23.501,56.235,1.216,4.784,9.888,12.016,0.076,false,33.957,SEVERE,8,sequential_yolo_pose,SM-S906U1,GPU
2026-04-22 16:46:46.675,126.279,22.916,59.748,1.182,4.282,8.572,12.027,0.041,false,20.403,SEVERE,8,sequential_yolo_pose,SM-S906U1,GPU
2026-04-22 16:46:46.799,115.809,23.803,52.967,1.088,7.543,5.923,10.247,0.051,false,20.407,SEVERE,8,sequential_yolo_pose,SM-S906U1,GPU
2026-04-22 16:46:46.929,123.994,23.760,55.672,1.357,4.965,11.875,11.786,0.034,false,20.407,SEVERE,8,sequential_yolo_pose,SM-S906U1,GPU
2026-04-22 16:46:47.065,131.784,25.236,52.136,1.494,6.992,13.696,11.036,0.067,false,20.407,SEVERE,8,sequential_yolo_pose,SM-S906U1,GPU
2026-04-22 16:46:47.200,127.315,24.633,53.966,1.239,5.094,13.192,10.552,0.041,false,20.407,SEVERE,8,sequential_yolo_pose,SM-S906U1,GPU
2026-04-22 16:46:47.331,123.862,26.197,52.688,1.220,3.695,9.895,10.546,0.055,false,20.375,SEVERE,8,sequential_yolo_pose,SM-S906U1,GPU
2026-04-22 16:46:47.475,137.205,24.702,52.357,1.662,4.364,11.289,22.268,0.055,false,20.469,SEVERE,8,sequential_yolo_pose,SM-S906U1,GPU
2026-04-22 16:46:47.608,127.088,27.896,54.184,1.188,3.629,8.766,13.342,0.062,false,20.375,SEVERE,8,sequential_yolo_pose,SM-S906U1,GPU
2026-04-22 16:46:47.741,124.867,23.306,51.961,1.265,5.337,10.454,15.511,0.061,false,20.469,SEVERE,8,sequential_yolo_pose,SM-S906U1,GPU
2026-04-22 16:46:47.873,123.619,22.832,52.283,1.519,5.103,10.623,14.469,0.120,false,20.407,SEVERE,8,sequential_yolo_pose,SM-S906U1,GPU
2026-04-22 16:46:47.999,119.162,22.898,52.365,1.615,5.999,8.013,11.955,0.055,false,20.407,SEVERE,8,sequential_yolo_pose,SM-S906U1,GPU
2026-04-22 16:46:48.126,122.571,23.734,52.815,1.559,5.535,9.724,10.642,0.079,false,20.344,SEVERE,8,sequential_yolo_pose,SM-S906U1,GPU
2026-04-22 16:46:48.256,124.183,23.877,51.483,1.827,5.155,7.194,14.341,0.034,false,20.442,SEVERE,8,sequential_yolo_pose,SM-S906U1,GPU
2026-04-22 16:46:48.384,123.148,22.770,52.513,1.439,4.623,8.864,15.561,0.034,false,20.375,SEVERE,8,sequential_yolo_pose,SM-S906U1,GPU
2026-04-22 16:46:48.502,112.912,23.224,52.674,1.215,4.310,8.633,11.292,0.139,false,20.375,SEVERE,8,sequential_yolo_pose,SM-S906U1,GPU
2026-04-22 16:46:48.637,127.532,23.836,54.253,0.944,4.369,11.912,13.399,0.059,false,20.407,SEVERE,8,sequential_yolo_pose,SM-S906U1,GPU
2026-04-22 16:46:48.766,119.677,23.212,52.322,1.765,5.720,8.863,11.929,0.040,false,20.407,SEVERE,8,sequential_yolo_pose,SM-S906U1,GPU
2026-04-22 16:46:48.896,123.976,23.235,52.799,1.482,4.459,11.404,13.445,0.058,false,20.407,SEVERE,8,sequential_yolo_pose,SM-S906U1,GPU
2026-04-22 16:46:49.028,126.111,23.837,53.541,1.539,3.869,13.003,10.208,0.035,false,20.469,SEVERE,8,sequential_yolo_pose,SM-S906U1,GPU
2026-04-22 16:46:49.157,124.121,28.464,52.954,0.832,2.629,8.232,12.868,0.049,false,20.375,SEVERE,8,sequential_yolo_pose,SM-S906U1,GPU
2026-04-22 16:46:49.301,137.914,24.133,55.406,1.558,11.427,10.314,12.867,0.048,false,20.504,SEVERE,8,sequential_yolo_pose,SM-S906U1,GPU
2026-04-22 16:46:49.435,121.059,29.609,52.795,0.951,2.872,6.591,11.676,0.053,false,20.344,SEVERE,8,sequential_yolo_pose,SM-S906U1,GPU
2026-04-22 16:46:49.559,116.012,23.729,52.197,0.869,3.256,9.734,11.641,0.099,false,20.375,SEVERE,8,sequential_yolo_pose,SM-S906U1,GPU
2026-04-22 16:46:49.689,124.951,23.917,53.600,1.047,3.422,10.639,10.937,0.051,false,20.375,SEVERE,8,sequential_yolo_pose,SM-S906U1,GPU
2026-04-22 16:46:49.825,131.152,24.784,56.490,1.640,5.589,9.725,14.279,0.049,false,20.375,SEVERE,8,sequential_yolo_pose,SM-S906U1,GPU
2026-04-22 16:46:49.950,120.278,23.745,52.181,1.228,4.297,9.026,14.776,0.039,false,20.407,SEVERE,8,sequential_yolo_pose,SM-S906U1,GPU
2026-04-22 16:46:50.069,112.622,23.469,52.413,0.542,1.744,6.473,12.311,0.045,false,20.375,SEVERE,8,sequential_yolo_pose,SM-S906U1,GPU
2026-04-22 16:46:50.207,131.614,26.338,53.500,1.473,5.502,12.026,14.135,0.066,false,20.375,SEVERE,7,sequential_yolo_pose,SM-S906U1,GPU
2026-04-22 16:46:50.342,129.420,30.507,52.912,1.492,4.776,9.229,12.253,0.037,false,20.375,SEVERE,7,sequential_yolo_pose,SM-S906U1,GPU
2026-04-22 16:46:50.469,121.863,23.686,53.478,1.468,5.246,6.904,11.739,0.046,false,20.375,SEVERE,7,sequential_yolo_pose,SM-S906U1,GPU
2026-04-22 16:46:50.593,116.748,26.362,51.749,0.679,2.994,6.774,10.354,0.034,false,20.313,SEVERE,7,sequential_yolo_pose,SM-S906U1,GPU
2026-04-22 16:46:50.728,130.076,23.145,56.737,1.049,4.641,12.273,10.882,0.044,false,20.407,SEVERE,7,sequential_yolo_pose,SM-S906U1,GPU
2026-04-22 16:46:50.862,129.470,24.039,52.029,0.952,3.606,12.758,11.675,0.048,false,20.407,SEVERE,7,sequential_yolo_pose,SM-S906U1,GPU
2026-04-22 16:46:51.006,138.092,28.380,53.908,1.509,10.618,12.458,11.614,0.052,false,20.407,SEVERE,7,sequential_yolo_pose,SM-S906U1,GPU
2026-04-22 16:46:51.134,121.127,23.807,54.088,0.851,5.348,13.546,11.945,0.032,false,20.500,SEVERE,7,sequential_yolo_pose,SM-S906U1,GPU
2026-04-22 16:46:51.257,118.696,23.025,54.592,0.875,4.503,8.390,11.169,0.032,false,20.469,SEVERE,8,sequential_yolo_pose,SM-S906U1,GPU
2026-04-22 16:46:51.388,126.127,26.231,54.069,1.002,5.525,10.579,10.261,0.062,false,20.375,SEVERE,8,sequential_yolo_pose,SM-S906U1,GPU
2026-04-22 16:46:51.520,125.820,24.345,52.363,0.892,3.587,6.889,20.171,0.035,false,20.500,SEVERE,8,sequential_yolo_pose,SM-S906U1,GPU
2026-04-22 16:46:51.639,113.575,23.199,54.432,0.701,2.701,6.536,10.620,0.049,false,20.375,SEVERE,8,sequential_yolo_pose,SM-S906U1,GPU
2026-04-22 16:46:51.770,122.776,24.221,52.500,1.768,5.765,7.898,12.207,0.035,false,20.344,SEVERE,8,sequential_yolo_pose,SM-S906U1,GPU
2026-04-22 16:46:51.898,122.437,23.557,51.898,1.000,5.015,11.497,10.406,0.047,false,20.375,SEVERE,8,sequential_yolo_pose,SM-S906U1,GPU
2026-04-22 16:46:52.028,124.801,24.001,52.812,1.526,4.191,12.897,9.788,0.051,false,20.375,SEVERE,8,sequential_yolo_pose,SM-S906U1,GPU
2026-04-22 16:46:52.160,126.679,23.349,56.679,1.408,4.687,10.492,11.637,0.043,false,20.438,SEVERE,8,sequential_yolo_pose,SM-S906U1,GPU
2026-04-22 16:46:52.282,116.974,22.932,56.538,0.783,2.526,7.101,10.782,0.056,false,20.438,SEVERE,8,sequential_yolo_pose,SM-S906U1,GPU
2026-04-22 16:46:52.408,121.133,25.559,55.796,0.740,2.367,5.584,14.068,0.038,false,20.375,SEVERE,8,sequential_yolo_pose,SM-S906U1,GPU
2026-04-22 16:46:52.529,117.384,25.433,52.914,1.419,4.045,11.736,10.382,0.050,false,20.403,SEVERE,8,sequential_yolo_pose,SM-S906U1,GPU
2026-04-22 16:46:52.668,132.933,26.049,53.797,1.389,8.379,12.267,10.412,0.543,false,20.375,SEVERE,8,sequential_yolo_pose,SM-S906U1,GPU
2026-04-22 16:46:52.800,125.001,22.931,53.215,1.480,8.516,10.366,10.970,0.052,false,20.407,SEVERE,8,sequential_yolo_pose,SM-S906U1,GPU
2026-04-22 16:46:52.928,122.676,22.896,52.972,1.716,10.188,8.119,10.297,0.043,false,20.375,SEVERE,8,sequential_yolo_pose,SM-S906U1,GPU
2026-04-22 16:46:53.065,129.476,23.903,51.949,1.122,5.321,10.516,11.375,0.045,false,20.344,SEVERE,8,sequential_yolo_pose,SM-S906U1,GPU
2026-04-22 16:46:53.194,118.703,24.141,52.886,1.248,3.548,11.579,10.458,0.047,false,20.375,SEVERE,8,sequential_yolo_pose,SM-S906U1,GPU
2026-04-22 16:46:53.332,131.148,28.861,52.091,2.447,5.336,8.937,12.702,0.057,false,20.375,SEVERE,8,sequential_yolo_pose,SM-S906U1,GPU
2026-04-22 16:46:53.466,123.259,23.332,53.136,1.252,5.674,9.051,10.984,0.038,false,20.344,SEVERE,8,sequential_yolo_pose,SM-S906U1,GPU
2026-04-22 16:46:53.593,119.742,23.556,54.732,1.423,4.283,11.560,12.530,0.052,false,20.375,SEVERE,8,sequential_yolo_pose,SM-S906U1,GPU
2026-04-22 16:46:53.729,131.216,26.149,53.260,1.901,6.326,15.113,10.381,0.042,false,20.407,SEVERE,8,sequential_yolo_pose,SM-S906U1,GPU
2026-04-22 16:46:53.865,129.286,25.065,52.890,1.710,4.886,10.566,15.069,0.037,false,20.375,SEVERE,8,sequential_yolo_pose,SM-S906U1,GPU
2026-04-22 16:46:53.999,127.299,23.917,56.484,1.550,6.713,10.658,11.402,0.071,false,20.438,SEVERE,8,sequential_yolo_pose,SM-S906U1,GPU
2026-04-22 16:46:54.128,118.417,23.848,53.693,3.675,4.402,5.427,10.526,0.054,false,20.407,SEVERE,8,sequential_yolo_pose,SM-S906U1,GPU
2026-04-22 16:46:54.258,124.184,23.945,53.762,1.675,4.963,9.864,11.559,0.050,false,20.407,SEVERE,7,sequential_yolo_pose,SM-S906U1,GPU
2026-04-22 16:46:54.387,124.421,27.801,54.412,0.931,2.609,10.418,10.933,0.028,false,20.375,SEVERE,7,sequential_yolo_pose,SM-S906U1,GPU
2026-04-22 16:46:54.519,126.446,27.113,56.039,0.921,3.904,8.648,11.998,0.039,false,20.375,SEVERE,7,sequential_yolo_pose,SM-S906U1,GPU
2026-04-22 16:46:54.650,126.275,24.274,54.388,1.037,4.708,9.211,13.498,0.037,false,20.344,SEVERE,7,sequential_yolo_pose,SM-S906U1,GPU
2026-04-22 16:46:54.782,126.793,25.895,54.518,1.108,2.302,8.755,14.511,0.115,false,20.407,SEVERE,7,sequential_yolo_pose,SM-S906U1,GPU
2026-04-22 16:46:54.905,116.193,27.531,52.355,0.856,1.623,5.756,10.552,0.056,false,20.313,SEVERE,7,sequential_yolo_pose,SM-S906U1,GPU
2026-04-22 16:46:55.028,117.148,23.896,53.215,0.662,3.024,6.405,11.702,0.095,false,20.375,SEVERE,7,sequential_yolo_pose,SM-S906U1,GPU
2026-04-22 16:46:55.163,127.970,25.023,53.303,1.184,5.388,10.063,12.779,0.046,false,20.438,SEVERE,7,sequential_yolo_pose,SM-S906U1,GPU
2026-04-22 16:46:55.286,118.120,23.166,52.772,0.737,3.325,7.805,9.648,0.048,false,20.532,SEVERE,8,sequential_yolo_pose,SM-S906U1,GPU
2026-04-22 16:46:55.406,114.403,23.041,52.916,1.369,4.994,7.811,12.440,0.053,false,20.473,SEVERE,8,sequential_yolo_pose,SM-S906U1,GPU
2026-04-22 16:46:55.531,116.199,24.157,52.553,0.943,3.525,6.851,11.383,0.050,false,20.375,SEVERE,8,sequential_yolo_pose,SM-S906U1,GPU
2026-04-22 16:46:55.667,130.528,28.220,53.356,1.553,6.049,9.340,11.982,0.055,false,20.375,SEVERE,8,sequential_yolo_pose,SM-S906U1,GPU
2026-04-22 16:46:55.803,125.822,26.543,51.498,1.140,4.700,8.694,12.835,0.053,false,20.407,SEVERE,8,sequential_yolo_pose,SM-S906U1,GPU
2026-04-22 16:46:55.938,127.672,22.757,57.148,1.190,5.836,9.562,14.461,0.056,false,20.375,SEVERE,8,sequential_yolo_pose,SM-S906U1,GPU
2026-04-22 16:46:56.068,123.426,26.898,55.694,1.405,4.482,5.639,11.812,0.060,false,20.375,SEVERE,8,sequential_yolo_pose,SM-S906U1,GPU
2026-04-22 16:46:56.197,123.514,25.478,52.860,1.394,5.872,7.981,11.583,0.062,false,20.375,SEVERE,8,sequential_yolo_pose,SM-S906U1,GPU
2026-04-22 16:46:56.339,136.010,25.629,51.905,0.772,11.664,8.439,12.942,0.036,false,20.438,SEVERE,8,sequential_yolo_pose,SM-S906U1,GPU
2026-04-22 16:46:56.462,115.966,23.787,53.653,1.684,5.498,9.095,10.586,0.055,false,20.375,SEVERE,8,sequential_yolo_pose,SM-S906U1,GPU
2026-04-22 16:46:56.592,122.338,23.733,55.992,1.189,4.073,14.630,9.880,0.053,false,20.438,SEVERE,8,sequential_yolo_pose,SM-S906U1,GPU
2026-04-22 16:46:56.716,119.122,23.032,54.541,1.180,3.799,7.776,11.752,0.075,false,20.344,SEVERE,8,sequential_yolo_pose,SM-S906U1,GPU
2026-04-22 16:46:56.841,119.925,23.267,53.036,1.483,3.980,8.712,12.494,0.068,false,20.344,SEVERE,8,sequential_yolo_pose,SM-S906U1,GPU
2026-04-22 16:46:56.974,123.572,23.404,55.952,1.191,7.429,9.449,14.156,0.067,false,20.438,SEVERE,8,sequential_yolo_pose,SM-S906U1,GPU
2026-04-22 16:46:57.104,119.769,23.394,57.210,1.613,5.899,8.308,11.732,0.055,false,20.407,SEVERE,8,sequential_yolo_pose,SM-S906U1,GPU
2026-04-22 16:46:57.238,129.062,26.924,54.791,1.876,6.121,9.043,11.739,0.058,false,20.375,SEVERE,8,sequential_yolo_pose,SM-S906U1,GPU
2026-04-22 16:46:57.368,121.826,26.595,53.445,1.638,5.282,8.017,11.919,0.054,false,20.375,SEVERE,8,sequential_yolo_pose,SM-S906U1,GPU
2026-04-22 16:46:57.501,125.838,25.158,54.305,1.327,7.549,8.504,10.507,0.051,false,20.375,SEVERE,8,sequential_yolo_pose,SM-S906U1,GPU
2026-04-22 16:46:57.631,124.645,23.638,52.351,1.309,5.453,10.769,14.530,0.037,false,20.403,SEVERE,8,sequential_yolo_pose,SM-S906U1,GPU
2026-04-22 16:46:57.761,124.576,23.087,55.322,1.944,6.018,9.546,11.489,0.048,false,20.407,SEVERE,8,sequential_yolo_pose,SM-S906U1,GPU
2026-04-22 16:46:57.898,132.040,28.489,52.960,0.963,4.004,15.211,10.403,0.044,false,20.469,SEVERE,8,sequential_yolo_pose,SM-S906U1,GPU
2026-04-22 16:46:58.023,119.129,23.512,51.530,0.930,3.882,8.479,12.361,0.035,false,20.375,SEVERE,8,sequential_yolo_pose,SM-S906U1,GPU
2026-04-22 16:46:58.158,129.482,25.206,54.454,0.967,5.295,11.119,14.481,0.050,false,20.407,SEVERE,8,sequential_yolo_pose,SM-S906U1,GPU
2026-04-22 16:46:58.296,131.132,30.159,53.842,1.320,3.779,13.228,10.515,0.036,false,20.407,SEVERE,7,sequential_yolo_pose,SM-S906U1,GPU
2026-04-22 16:46:58.428,127.704,23.222,54.069,1.602,6.329,10.664,10.292,0.040,false,20.375,SEVERE,7,sequential_yolo_pose,SM-S906U1,GPU
2026-04-22 16:46:58.557,123.479,22.810,53.093,1.413,4.922,11.112,11.354,0.053,false,20.375,SEVERE,7,sequential_yolo_pose,SM-S906U1,GPU
2026-04-22 16:46:58.685,123.770,25.630,54.737,1.314,3.557,8.492,11.681,0.060,false,20.344,SEVERE,7,sequential_yolo_pose,SM-S906U1,GPU
2026-04-22 16:46:58.812,121.528,24.432,53.578,1.327,3.706,7.586,12.256,0.044,false,20.375,SEVERE,7,sequential_yolo_pose,SM-S906U1,GPU
2026-04-22 16:46:58.945,127.374,23.906,52.701,1.668,4.832,8.719,17.575,0.041,false,20.375,SEVERE,7,sequential_yolo_pose,SM-S906U1,GPU
2026-04-22 16:46:59.073,123.025,22.579,54.120,1.856,4.505,7.758,13.843,0.114,false,20.344,SEVERE,7,sequential_yolo_pose,SM-S906U1,GPU
2026-04-22 16:46:59.206,123.408,25.476,54.980,1.791,3.952,7.532,10.732,0.038,false,20.344,SEVERE,7,sequential_yolo_pose,SM-S906U1,GPU
2026-04-22 16:46:59.325,113.618,23.716,55.982,0.960,2.941,6.510,11.173,0.038,false,20.532,SEVERE,8,sequential_yolo_pose,SM-S906U1,GPU
2026-04-22 16:46:59.460,130.678,25.102,57.765,1.269,2.752,10.567,11.776,0.050,false,20.375,SEVERE,8,sequential_yolo_pose,SM-S906U1,GPU
2026-04-22 16:46:59.596,129.878,24.192,54.311,1.257,8.925,9.378,11.240,0.046,false,20.375,SEVERE,8,sequential_yolo_pose,SM-S906U1,GPU
2026-04-22 16:46:59.730,128.939,23.165,54.483,1.507,5.638,13.151,10.501,0.049,false,20.375,SEVERE,8,sequential_yolo_pose,SM-S906U1,GPU
2026-04-22 16:46:59.862,126.295,26.155,53.546,1.233,4.941,9.642,12.507,0.056,false,20.375,SEVERE,8,sequential_yolo_pose,SM-S906U1,GPU
2026-04-22 16:46:59.998,131.236,25.005,56.096,1.524,6.890,12.274,10.080,0.049,false,20.438,SEVERE,8,sequential_yolo_pose,SM-S906U1,GPU
2026-04-22 16:47:00.132,126.382,28.591,53.521,1.553,4.562,8.608,10.783,0.052,false,20.438,SEVERE,8,sequential_yolo_pose,SM-S906U1,GPU
2026-04-22 16:47:00.264,120.008,23.726,51.108,0.952,5.306,9.813,11.263,0.053,false,20.375,SEVERE,8,sequential_yolo_pose,SM-S906U1,GPU
2026-04-22 16:47:00.396,125.752,25.785,53.665,1.293,5.586,8.776,10.594,0.065,false,20.375,SEVERE,8,sequential_yolo_pose,SM-S906U1,GPU
2026-04-22 16:47:00.535,133.682,23.051,58.264,1.204,6.207,14.524,11.269,0.048,false,20.438,SEVERE,8,sequential_yolo_pose,SM-S906U1,GPU
2026-04-22 16:47:00.664,124.405,23.748,53.550,1.235,5.106,9.942,11.424,0.040,false,20.375,SEVERE,8,sequential_yolo_pose,SM-S906U1,GPU
2026-04-22 16:47:00.797,127.058,23.959,53.723,1.585,6.007,9.493,11.722,0.069,false,20.375,SEVERE,8,sequential_yolo_pose,SM-S906U1,GPU
2026-04-22 16:47:00.925,122.749,23.779,55.508,1.466,5.656,9.476,11.858,0.057,false,20.375,SEVERE,8,sequential_yolo_pose,SM-S906U1,GPU
2026-04-22 16:47:01.047,115.588,23.816,54.233,0.827,3.534,5.960,10.061,0.034,false,20.375,SEVERE,8,sequential_yolo_pose,SM-S906U1,GPU
2026-04-22 16:47:01.168,117.203,31.916,51.982,1.244,4.169,5.594,11.085,0.053,false,20.313,SEVERE,8,sequential_yolo_pose,SM-S906U1,GPU
2026-04-22 16:47:01.297,124.277,24.007,56.798,1.486,5.029,10.040,10.575,0.047,false,20.438,SEVERE,7,sequential_yolo_pose,SM-S906U1,GPU
2026-04-22 16:47:01.423,120.601,23.360,54.614,1.652,4.793,9.827,10.922,0.085,false,20.344,SEVERE,7,sequential_yolo_pose,SM-S906U1,GPU
2026-04-22 16:47:01.554,124.162,28.264,52.279,0.841,2.445,8.643,10.129,0.059,false,20.313,SEVERE,7,sequential_yolo_pose,SM-S906U1,GPU
2026-04-22 16:47:01.687,127.537,24.105,52.457,0.705,3.078,10.217,12.577,0.053,false,20.375,SEVERE,7,sequential_yolo_pose,SM-S906U1,GPU
2026-04-22 16:47:01.825,131.106,25.946,55.155,1.282,4.184,10.247,15.386,0.038,false,20.375,SEVERE,7,sequential_yolo_pose,SM-S906U1,GPU
2026-04-22 16:47:01.931,100.938,26.432,51.937,0.561,0.000,0.000,0.000,0.000,true,16.949,SEVERE,7,sequential_yolo_pose,SM-S906U1,GPU
2026-04-22 16:47:02.045,103.538,25.800,51.986,0.845,0.000,0.000,0.000,0.000,true,30.594,SEVERE,7,sequential_yolo_pose,SM-S906U1,GPU
2026-04-22 16:47:02.176,120.706,24.228,52.628,0.591,1.722,6.135,13.980,0.061,false,17.246,SEVERE,7,sequential_yolo_pose,SM-S906U1,GPU
2026-04-22 16:47:02.304,121.095,24.200,55.267,1.332,3.153,6.836,12.014,0.050,false,20.438,SEVERE,8,sequential_yolo_pose,SM-S906U1,GPU
2026-04-22 16:47:02.434,122.347,22.996,57.251,1.671,2.402,5.533,11.556,0.053,false,20.407,SEVERE,8,sequential_yolo_pose,SM-S906U1,GPU
2026-04-22 16:47:02.556,117.061,26.095,52.538,1.196,2.906,6.876,10.490,0.042,false,20.375,SEVERE,8,sequential_yolo_pose,SM-S906U1,GPU
2026-04-22 16:47:02.682,120.362,24.248,52.950,1.509,2.458,8.667,11.227,1.583,false,20.407,SEVERE,8,sequential_yolo_pose,SM-S906U1,GPU
2026-04-22 16:47:02.802,114.973,23.548,54.212,1.223,1.380,5.736,10.414,0.057,false,20.313,SEVERE,8,sequential_yolo_pose,SM-S906U1,GPU
2026-04-22 16:47:02.927,119.183,24.040,58.063,1.659,5.072,8.522,9.491,0.050,false,20.407,SEVERE,8,sequential_yolo_pose,SM-S906U1,GPU
2026-04-22 16:47:03.058,126.596,23.930,58.484,1.246,2.625,10.163,10.837,0.055,false,20.375,SEVERE,8,sequential_yolo_pose,SM-S906U1,GPU
2026-04-22 16:47:03.199,135.425,27.965,53.561,0.955,3.076,14.829,13.819,0.055,false,20.407,SEVERE,8,sequential_yolo_pose,SM-S906U1,GPU
2026-04-22 16:47:03.333,127.249,24.191,59.312,1.244,4.544,6.908,11.618,0.047,false,20.438,SEVERE,8,sequential_yolo_pose,SM-S906U1,GPU
2026-04-22 16:47:03.459,122.092,28.520,53.483,0.949,1.974,8.917,10.466,0.065,false,20.313,SEVERE,8,sequential_yolo_pose,SM-S906U1,GPU
2026-04-22 16:47:03.585,120.743,25.212,51.356,1.118,2.378,9.537,12.090,0.055,false,20.344,SEVERE,8,sequential_yolo_pose,SM-S906U1,GPU
2026-04-22 16:47:03.707,116.844,24.255,53.581,0.781,1.630,7.528,11.135,0.052,false,20.407,SEVERE,8,sequential_yolo_pose,SM-S906U1,GPU
2026-04-22 16:47:03.841,126.756,30.940,53.545,0.931,1.994,5.995,13.652,0.534,false,20.407,SEVERE,8,sequential_yolo_pose,SM-S906U1,GPU
2026-04-22 16:47:03.967,119.113,23.199,54.707,1.384,2.832,10.060,11.352,0.048,false,20.375,SEVERE,8,sequential_yolo_pose,SM-S906U1,GPU
2026-04-22 16:47:04.094,111.372,24.313,52.637,1.561,3.218,5.854,10.195,0.055,false,20.313,SEVERE,8,sequential_yolo_pose,SM-S906U1,GPU
2026-04-22 16:47:04.216,116.379,23.978,52.880,0.782,1.704,5.679,13.271,0.236,false,20.407,SEVERE,8,sequential_yolo_pose,SM-S906U1,GPU
2026-04-22 16:47:04.338,114.088,23.166,60.253,0.835,1.833,5.517,11.327,0.050,false,20.469,SEVERE,8,sequential_yolo_pose,SM-S906U1,GPU
2026-04-22 16:47:04.467,119.298,24.921,56.963,0.825,1.621,5.933,11.486,0.049,false,20.375,SEVERE,8,sequential_yolo_pose,SM-S906U1,GPU
2026-04-22 16:47:04.587,114.189,23.533,57.652,0.903,2.671,6.059,11.218,0.048,false,20.407,SEVERE,8,sequential_yolo_pose,SM-S906U1,GPU
2026-04-22 16:47:04.712,119.448,25.620,55.236,0.832,2.066,6.072,11.433,0.044,false,20.344,SEVERE,8,sequential_yolo_pose,SM-S906U1,GPU
2026-04-22 16:47:04.841,123.267,24.127,60.417,0.833,2.113,5.744,11.201,0.068,false,20.313,SEVERE,8,sequential_yolo_pose,SM-S906U1,GPU
2026-04-22 16:47:04.973,124.127,24.216,59.834,0.979,2.102,5.887,14.218,0.041,false,20.375,SEVERE,8,sequential_yolo_pose,SM-S906U1,GPU
2026-04-22 16:47:05.092,111.994,23.455,56.965,0.970,1.688,6.270,11.224,0.025,false,20.313,SEVERE,8,sequential_yolo_pose,SM-S906U1,GPU
2026-04-22 16:47:05.210,110.712,23.316,54.483,0.864,1.651,5.895,12.648,0.051,false,20.313,SEVERE,8,sequential_yolo_pose,SM-S906U1,GPU
2026-04-22 16:47:05.329,113.459,23.985,52.882,0.841,1.830,5.641,10.542,0.049,false,20.375,SEVERE,8,sequential_yolo_pose,SM-S906U1,GPU
2026-04-22 16:47:05.458,122.586,24.141,56.666,0.784,1.661,6.448,11.287,0.058,false,20.375,SEVERE,8,sequential_yolo_pose,SM-S906U1,GPU
2026-04-22 16:47:05.586,122.870,27.963,57.188,0.804,1.775,6.157,10.539,0.051,false,20.375,SEVERE,8,sequential_yolo_pose,SM-S906U1,GPU
2026-04-22 16:47:05.716,124.516,26.104,56.100,0.865,1.726,6.281,11.231,0.036,false,20.344,SEVERE,8,sequential_yolo_pose,SM-S906U1,GPU
2026-04-22 16:47:05.835,114.770,23.151,60.847,0.877,1.756,5.851,10.695,0.099,false,20.375,SEVERE,8,sequential_yolo_pose,SM-S906U1,GPU
2026-04-22 16:47:05.960,117.948,23.914,57.770,0.826,1.735,6.329,10.134,0.068,false,20.344,SEVERE,8,sequential_yolo_pose,SM-S906U1,GPU
2026-04-22 16:47:06.093,126.129,24.533,59.472,0.902,1.719,7.510,11.121,0.050,false,20.407,SEVERE,8,sequential_yolo_pose,SM-S906U1,GPU
2026-04-22 16:47:06.225,126.742,24.023,57.843,0.857,1.945,7.168,10.075,0.049,false,20.407,SEVERE,8,sequential_yolo_pose,SM-S906U1,GPU
2026-04-22 16:47:06.357,126.636,27.263,59.101,0.822,1.931,9.467,10.305,0.049,false,20.496,SEVERE,8,sequential_yolo_pose,SM-S906U1,GPU
2026-04-22 16:47:06.491,127.148,25.189,54.034,0.765,2.597,10.508,14.874,0.069,false,20.407,SEVERE,8,sequential_yolo_pose,SM-S906U1,GPU
2026-04-22 16:47:06.624,126.965,28.743,52.668,1.619,3.101,10.179,12.879,0.051,false,20.344,SEVERE,8,sequential_yolo_pose,SM-S906U1,GPU
2026-04-22 16:47:06.748,118.887,23.660,53.856,1.078,2.039,7.410,11.798,0.071,false,20.313,SEVERE,8,sequential_yolo_pose,SM-S906U1,GPU
2026-04-22 16:47:06.868,113.161,24.659,52.365,0.785,1.667,5.576,10.272,0.076,false,20.344,SEVERE,8,sequential_yolo_pose,SM-S906U1,GPU
2026-04-22 16:47:07.002,128.424,24.090,57.907,1.591,3.039,16.437,12.115,0.066,false,20.375,SEVERE,8,sequential_yolo_pose,SM-S906U1,GPU
2026-04-22 16:47:07.124,112.946,23.428,52.395,1.488,2.387,9.290,11.790,0.045,false,20.344,SEVERE,8,sequential_yolo_pose,SM-S906U1,GPU
2026-04-22 16:47:07.257,127.697,27.823,51.968,1.409,3.240,10.611,13.698,0.039,false,20.375,SEVERE,8,sequential_yolo_pose,SM-S906U1,GPU
2026-04-22 16:47:07.387,122.416,28.419,53.714,1.548,2.056,7.507,10.360,0.067,false,20.442,SEVERE,8,sequential_yolo_pose,SM-S906U1,GPU
2026-04-22 16:47:07.508,116.664,23.911,54.698,1.204,1.756,5.772,12.017,0.027,false,20.375,SEVERE,8,sequential_yolo_pose,SM-S906U1,GPU
2026-04-22 16:47:07.625,112.140,23.246,53.096,1.588,2.838,10.478,9.485,0.052,false,20.375,SEVERE,8,sequential_yolo_pose,SM-S906U1,GPU
2026-04-22 16:47:07.753,121.056,25.125,51.970,1.184,2.866,10.746,10.836,0.036,false,20.344,SEVERE,8,sequential_yolo_pose,SM-S906U1,GPU
2026-04-22 16:47:07.889,131.001,25.145,52.434,1.460,2.764,14.465,15.781,0.059,false,20.344,SEVERE,8,sequential_yolo_pose,SM-S906U1,GPU
2026-04-22 16:47:08.014,119.989,28.554,52.189,0.913,1.637,6.344,11.619,0.053,false,20.375,SEVERE,8,sequential_yolo_pose,SM-S906U1,GPU
2026-04-22 16:47:08.142,123.746,23.734,53.986,1.491,2.422,9.067,14.668,0.039,false,20.344,SEVERE,8,sequential_yolo_pose,SM-S906U1,GPU
2026-04-22 16:47:08.266,117.093,24.130,55.611,1.935,2.933,9.589,11.391,0.065,false,20.399,SEVERE,8,sequential_yolo_pose,SM-S906U1,GPU
2026-04-22 16:47:08.395,123.452,28.963,55.634,0.842,1.890,6.337,9.488,0.044,false,20.469,SEVERE,8,sequential_yolo_pose,SM-S906U1,GPU
2026-04-22 16:47:08.527,126.863,25.423,52.078,1.412,2.891,10.502,11.578,0.052,false,20.375,SEVERE,8,sequential_yolo_pose,SM-S906U1,GPU
2026-04-22 16:47:08.642,109.507,24.040,52.050,0.842,2.024,7.193,10.438,0.057,false,20.344,SEVERE,8,sequential_yolo_pose,SM-S906U1,GPU
2026-04-22 16:47:08.769,118.952,26.577,53.062,1.295,2.704,6.411,10.763,0.048,false,20.282,SEVERE,8,sequential_yolo_pose,SM-S906U1,GPU
2026-04-22 16:47:08.900,123.786,23.882,54.691,1.457,3.215,10.918,10.714,0.053,false,20.375,SEVERE,8,sequential_yolo_pose,SM-S906U1,GPU
2026-04-22 16:47:09.037,123.233,27.733,52.888,1.125,2.471,7.746,12.153,0.048,false,20.407,SEVERE,8,sequential_yolo_pose,SM-S906U1,GPU
2026-04-22 16:47:09.163,120.570,23.914,53.783,1.407,3.010,11.009,10.745,0.058,false,20.438,SEVERE,8,sequential_yolo_pose,SM-S906U1,GPU
2026-04-22 16:47:09.297,129.167,24.575,53.042,1.471,2.938,10.632,12.459,0.058,false,20.375,SEVERE,8,sequential_yolo_pose,SM-S906U1,GPU
2026-04-22 16:47:09.425,118.743,23.568,52.939,1.209,2.609,9.806,10.362,0.055,false,20.375,SEVERE,8,sequential_yolo_pose,SM-S906U1,GPU
2026-04-22 16:47:09.553,122.158,27.715,52.857,0.713,1.942,7.101,11.796,0.036,false,20.407,SEVERE,8,sequential_yolo_pose,SM-S906U1,GPU
2026-04-22 16:47:09.681,122.385,24.674,53.902,0.993,2.049,7.486,14.495,0.061,false,20.407,SEVERE,8,sequential_yolo_pose,SM-S906U1,GPU
2026-04-22 16:47:09.808,120.549,23.810,54.417,1.134,3.234,8.263,11.295,0.059,false,20.313,SEVERE,8,sequential_yolo_pose,SM-S906U1,GPU
2026-04-22 16:47:09.942,126.207,27.377,56.068,1.217,2.223,7.751,11.672,0.057,false,20.313,SEVERE,8,sequential_yolo_pose,SM-S906U1,GPU
2026-04-22 16:47:10.067,119.404,28.422,50.723,1.454,2.809,7.751,10.242,0.052,false,20.375,SEVERE,8,sequential_yolo_pose,SM-S906U1,GPU
2026-04-22 16:47:10.198,122.725,24.655,52.900,1.508,3.021,8.932,13.516,0.053,false,20.407,SEVERE,8,sequential_yolo_pose,SM-S906U1,GPU
2026-04-22 16:47:10.326,123.525,26.339,52.098,0.758,1.826,10.325,11.820,0.061,false,20.344,SEVERE,8,sequential_yolo_pose,SM-S906U1,GPU
2026-04-22 16:47:10.451,119.644,24.382,54.070,0.823,1.719,6.443,13.023,0.042,false,20.375,SEVERE,8,sequential_yolo_pose,SM-S906U1,GPU
2026-04-22 16:47:10.563,107.918,23.229,53.608,1.037,1.895,6.087,10.374,0.053,false,20.371,SEVERE,8,sequential_yolo_pose,SM-S906U1,GPU
2026-04-22 16:47:10.703,133.505,25.293,53.034,1.284,2.977,14.715,13.606,0.060,false,20.375,SEVERE,8,sequential_yolo_pose,SM-S906U1,GPU
2026-04-22 16:47:10.831,121.341,23.212,52.759,1.343,3.292,12.443,12.823,0.052,false,20.375,SEVERE,8,sequential_yolo_pose,SM-S906U1,GPU
2026-04-22 16:47:10.958,119.522,23.873,53.050,1.311,4.514,10.356,14.855,0.075,false,20.375,SEVERE,8,sequential_yolo_pose,SM-S906U1,GPU
2026-04-22 16:47:11.094,130.417,29.513,51.872,1.214,2.623,15.051,10.501,0.050,false,20.375,SEVERE,8,sequential_yolo_pose,SM-S906U1,GPU
2026-04-22 16:47:11.231,132.256,26.168,52.266,1.335,4.051,14.335,12.097,0.057,false,20.407,SEVERE,8,sequential_yolo_pose,SM-S906U1,GPU
2026-04-22 16:47:11.355,118.358,23.463,52.057,1.168,2.466,12.926,10.256,0.053,false,20.375,SEVERE,8,sequential_yolo_pose,SM-S906U1,GPU
2026-04-22 16:47:11.481,120.479,23.694,53.512,1.607,3.069,9.748,11.024,0.053,false,20.344,SEVERE,7,sequential_yolo_pose,SM-S906U1,GPU
2026-04-22 16:47:11.604,117.627,25.620,54.439,0.763,1.637,5.535,11.798,0.042,false,20.375,SEVERE,7,sequential_yolo_pose,SM-S906U1,GPU
2026-04-22 16:47:11.726,117.622,23.461,55.598,1.104,3.120,10.788,12.089,0.036,false,20.407,SEVERE,7,sequential_yolo_pose,SM-S906U1,GPU
2026-04-22 16:47:11.849,117.002,24.170,53.988,0.940,2.268,7.458,13.158,0.040,false,20.344,SEVERE,7,sequential_yolo_pose,SM-S906U1,GPU
2026-04-22 16:47:11.974,119.771,24.005,54.245,0.746,2.059,6.845,14.247,0.041,false,20.344,SEVERE,7,sequential_yolo_pose,SM-S906U1,GPU
2026-04-22 16:47:12.098,116.950,24.550,56.393,1.195,2.960,8.766,10.535,0.051,false,20.344,SEVERE,7,sequential_yolo_pose,SM-S906U1,GPU
2026-04-22 16:47:12.232,124.223,26.620,53.500,0.840,2.613,10.372,11.103,0.058,false,20.344,SEVERE,7,sequential_yolo_pose,SM-S906U1,GPU
2026-04-22 16:47:12.361,121.341,23.558,52.081,0.839,2.607,8.948,13.272,0.037,false,20.375,SEVERE,7,sequential_yolo_pose,SM-S906U1,GPU
2026-04-22 16:47:12.490,122.424,24.467,52.303,1.215,3.132,8.934,10.563,0.054,false,20.407,SEVERE,9,sequential_yolo_pose,SM-S906U1,GPU
2026-04-22 16:47:12.639,143.487,25.646,55.300,1.304,4.284,8.204,26.478,0.041,false,20.500,SEVERE,9,sequential_yolo_pose,SM-S906U1,GPU
2026-04-22 16:47:12.768,124.080,24.411,54.324,1.711,3.249,10.329,11.274,0.043,false,20.375,SEVERE,9,sequential_yolo_pose,SM-S906U1,GPU
2026-04-22 16:47:12.896,120.159,25.210,52.974,1.932,2.853,9.336,10.621,0.055,false,20.313,SEVERE,9,sequential_yolo_pose,SM-S906U1,GPU
2026-04-22 16:47:13.035,133.341,25.286,53.163,2.770,2.905,12.657,10.998,0.040,false,20.438,SEVERE,9,sequential_yolo_pose,SM-S906U1,GPU
2026-04-22 16:47:13.162,118.398,27.917,53.080,0.968,1.692,6.664,10.338,0.054,false,20.282,SEVERE,9,sequential_yolo_pose,SM-S906U1,GPU
2026-04-22 16:47:13.303,135.689,28.575,54.845,1.563,2.408,9.963,12.136,0.151,false,20.375,SEVERE,9,sequential_yolo_pose,SM-S906U1,GPU
2026-04-22 16:47:13.429,119.514,25.874,54.925,1.139,1.025,3.946,10.684,0.034,false,20.469,SEVERE,7,sequential_yolo_pose,SM-S906U1,GPU
2026-04-22 16:47:13.551,115.181,24.409,58.474,0.701,1.754,8.174,10.043,0.043,false,20.344,SEVERE,7,sequential_yolo_pose,SM-S906U1,GPU
2026-04-22 16:47:13.670,113.910,24.935,52.172,0.690,1.564,5.690,12.083,0.047,false,20.344,SEVERE,7,sequential_yolo_pose,SM-S906U1,GPU
2026-04-22 16:47:13.795,120.344,24.501,54.682,1.205,3.451,12.377,10.066,0.058,false,20.407,SEVERE,7,sequential_yolo_pose,SM-S906U1,GPU
2026-04-22 16:47:13.915,113.838,24.654,54.554,0.737,1.625,5.440,14.586,0.050,false,20.344,SEVERE,7,sequential_yolo_pose,SM-S906U1,GPU
2026-04-22 16:47:14.040,119.826,24.549,52.879,0.801,1.849,5.840,12.695,0.040,false,20.375,SEVERE,7,sequential_yolo_pose,SM-S906U1,GPU
2026-04-22 16:47:14.170,121.151,27.505,52.605,1.162,2.258,7.986,11.209,0.056,false,20.344,SEVERE,7,sequential_yolo_pose,SM-S906U1,GPU
2026-04-22 16:47:14.316,133.669,24.335,54.410,1.450,3.100,11.260,23.691,0.049,false,20.438,SEVERE,7,sequential_yolo_pose,SM-S906U1,GPU
2026-04-22 16:47:14.433,112.293,23.374,52.804,0.909,1.508,5.613,10.231,0.044,false,20.438,SEVERE,8,sequential_yolo_pose,SM-S906U1,GPU
2026-04-22 16:47:14.574,135.837,29.671,53.654,1.428,3.901,15.806,12.550,0.060,false,20.469,SEVERE,8,sequential_yolo_pose,SM-S906U1,GPU
2026-04-22 16:47:14.703,121.279,26.753,54.133,1.582,3.209,7.893,11.726,0.057,false,20.344,SEVERE,8,sequential_yolo_pose,SM-S906U1,GPU
2026-04-22 16:47:14.830,120.680,25.115,54.216,1.413,3.630,7.706,11.173,0.052,false,20.375,SEVERE,8,sequential_yolo_pose,SM-S906U1,GPU
2026-04-22 16:47:14.950,114.470,23.827,53.749,1.024,2.503,7.277,11.001,0.057,false,20.313,SEVERE,8,sequential_yolo_pose,SM-S906U1,GPU
2026-04-22 16:47:15.072,116.105,24.735,52.317,0.997,2.117,7.117,10.862,0.058,false,20.344,SEVERE,8,sequential_yolo_pose,SM-S906U1,GPU
2026-04-22 16:47:15.199,116.818,27.561,53.918,0.622,1.298,4.279,10.690,0.069,false,20.282,SEVERE,8,sequential_yolo_pose,SM-S906U1,GPU
2026-04-22 16:47:15.327,121.926,23.837,57.337,1.386,3.512,11.664,11.341,0.064,false,20.438,SEVERE,8,sequential_yolo_pose,SM-S906U1,GPU
2026-04-22 16:47:15.454,121.449,24.566,55.748,0.807,2.285,7.795,10.285,0.051,false,20.469,SEVERE,8,sequential_yolo_pose,SM-S906U1,GPU
2026-04-22 16:47:15.578,119.221,24.126,53.985,1.657,3.237,8.276,14.782,0.039,false,20.375,SEVERE,8,sequential_yolo_pose,SM-S906U1,GPU
2026-04-22 16:47:15.700,116.457,25.874,52.756,0.825,1.606,5.554,11.954,0.026,false,20.250,SEVERE,8,sequential_yolo_pose,SM-S906U1,GPU
2026-04-22 16:47:15.822,117.334,23.277,54.846,1.126,2.152,12.951,10.345,0.054,false,20.407,SEVERE,8,sequential_yolo_pose,SM-S906U1,GPU
2026-04-22 16:47:15.949,121.970,23.499,53.787,1.246,2.687,8.902,13.176,0.058,false,20.375,SEVERE,8,sequential_yolo_pose,SM-S906U1,GPU
2026-04-22 16:47:16.064,110.028,24.231,51.568,0.560,1.125,3.965,11.271,0.062,false,20.344,SEVERE,8,sequential_yolo_pose,SM-S906U1,GPU
2026-04-22 16:47:16.193,124.411,23.209,52.560,1.700,3.039,10.196,18.310,0.058,false,20.438,SEVERE,8,sequential_yolo_pose,SM-S906U1,GPU
2026-04-22 16:47:16.315,117.734,23.296,52.739,1.192,2.485,8.983,13.286,0.058,false,20.344,SEVERE,8,sequential_yolo_pose,SM-S906U1,GPU
2026-04-22 16:47:16.435,112.989,24.525,52.151,0.764,1.513,5.788,11.401,0.049,false,20.500,SEVERE,8,sequential_yolo_pose,SM-S906U1,GPU
2026-04-22 16:47:16.561,119.631,23.303,57.895,1.613,3.062,8.621,13.390,0.061,false,20.375,SEVERE,8,sequential_yolo_pose,SM-S906U1,GPU
2026-04-22 16:47:16.687,120.722,23.146,52.791,1.578,2.873,12.735,11.457,0.057,false,20.344,SEVERE,8,sequential_yolo_pose,SM-S906U1,GPU
2026-04-22 16:47:16.810,117.381,24.876,53.659,1.169,2.650,8.678,10.746,0.052,false,20.375,SEVERE,8,sequential_yolo_pose,SM-S906U1,GPU
2026-04-22 16:47:16.932,114.589,24.162,53.571,1.482,2.899,8.982,11.716,0.135,false,20.375,SEVERE,8,sequential_yolo_pose,SM-S906U1,GPU
2026-04-22 16:47:17.069,124.056,23.171,53.177,1.584,2.608,10.954,11.204,0.054,false,20.407,SEVERE,8,sequential_yolo_pose,SM-S906U1,GPU
2026-04-22 16:47:17.199,122.348,23.527,54.000,1.795,3.242,9.686,12.201,0.037,false,20.375,SEVERE,8,sequential_yolo_pose,SM-S906U1,GPU
2026-04-22 16:47:17.326,118.342,24.656,52.168,2.057,2.964,11.667,10.770,0.064,false,20.344,SEVERE,8,sequential_yolo_pose,SM-S906U1,GPU
2026-04-22 16:47:17.450,118.515,23.935,53.861,1.252,2.402,9.565,11.305,0.039,false,20.438,SEVERE,8,sequential_yolo_pose,SM-S906U1,GPU
2026-04-22 16:47:17.578,122.586,27.357,53.231,1.516,2.641,8.689,11.289,0.065,false,20.313,SEVERE,8,sequential_yolo_pose,SM-S906U1,GPU
2026-04-22 16:47:17.704,117.710,24.457,50.692,1.584,3.702,8.957,11.109,0.043,false,20.375,SEVERE,8,sequential_yolo_pose,SM-S906U1,GPU
2026-04-22 16:47:17.829,115.478,24.714,52.001,1.216,3.758,10.873,11.523,0.062,false,20.434,SEVERE,8,sequential_yolo_pose,SM-S906U1,GPU
2026-04-22 16:47:17.958,124.783,27.167,52.770,1.283,2.238,10.225,13.285,0.036,false,20.407,SEVERE,8,sequential_yolo_pose,SM-S906U1,GPU
2026-04-22 16:47:18.082,118.806,24.569,52.085,0.845,1.569,8.417,12.507,0.048,false,20.313,SEVERE,8,sequential_yolo_pose,SM-S906U1,GPU
2026-04-22 16:47:18.224,133.585,27.782,56.138,1.572,3.233,10.463,15.583,0.058,false,20.407,SEVERE,8,sequential_yolo_pose,SM-S906U1,GPU
2026-04-22 16:47:18.356,126.277,27.664,52.791,1.008,2.059,11.704,11.818,0.039,false,20.375,SEVERE,8,sequential_yolo_pose,SM-S906U1,GPU
2026-04-22 16:47:18.477,116.033,24.558,55.372,0.774,1.595,5.449,13.808,0.060,false,20.469,SEVERE,8,sequential_yolo_pose,SM-S906U1,GPU
2026-04-22 16:47:18.609,124.805,24.574,54.037,1.122,2.412,7.595,15.330,0.075,false,20.407,SEVERE,8,sequential_yolo_pose,SM-S906U1,GPU
2026-04-22 16:47:18.710,93.892,23.372,53.472,0.509,0.000,0.000,0.000,0.000,true,17.012,SEVERE,8,sequential_yolo_pose,SM-S906U1,GPU
2026-04-22 16:47:18.813,98.861,26.234,54.390,1.170,0.000,0.000,0.000,0.000,true,30.594,SEVERE,8,sequential_yolo_pose,SM-S906U1,GPU
2026-04-22 16:47:18.940,118.680,25.274,52.871,0.886,2.978,7.817,12.350,0.037,false,21.547,SEVERE,8,sequential_yolo_pose,SM-S906U1,GPU
2026-04-22 16:47:19.076,127.941,24.766,53.251,1.711,4.317,9.782,13.420,0.065,false,38.493,SEVERE,8,sequential_yolo_pose,SM-S906U1,GPU
2026-04-22 16:47:19.207,116.512,23.385,53.480,0.993,3.208,6.938,12.838,0.063,false,20.371,SEVERE,8,sequential_yolo_pose,SM-S906U1,GPU
2026-04-22 16:47:19.333,120.939,25.945,52.139,1.110,2.578,9.121,10.723,0.057,false,20.375,SEVERE,8,sequential_yolo_pose,SM-S906U1,GPU
2026-04-22 16:47:19.439,99.425,27.359,52.593,0.509,0.000,0.000,0.000,0.000,true,17.106,SEVERE,8,sequential_yolo_pose,SM-S906U1,GPU
2026-04-22 16:47:19.552,103.511,26.063,56.269,1.054,0.000,0.000,0.000,0.000,true,30.696,SEVERE,8,sequential_yolo_pose,SM-S906U1,GPU
2026-04-22 16:47:19.664,106.123,30.573,50.785,0.949,0.000,0.000,0.000,0.000,true,13.883,SEVERE,8,sequential_yolo_pose,SM-S906U1,GPU
2026-04-22 16:47:19.784,107.130,29.342,52.534,0.545,0.000,0.000,0.000,0.000,true,16.910,SEVERE,8,sequential_yolo_pose,SM-S906U1,GPU
2026-04-22 16:47:19.888,98.362,24.385,51.935,0.544,0.000,0.000,0.000,0.000,true,30.618,SEVERE,8,sequential_yolo_pose,SM-S906U1,GPU
2026-04-22 16:47:20.023,128.388,27.930,50.723,0.470,2.429,10.248,11.907,0.045,false,17.246,SEVERE,8,sequential_yolo_pose,SM-S906U1,GPU
2026-04-22 16:47:20.155,125.868,26.491,53.226,0.944,2.943,12.199,11.599,0.052,false,20.407,SEVERE,8,sequential_yolo_pose,SM-S906U1,GPU
2026-04-22 16:47:20.287,125.436,26.293,54.701,1.042,2.394,8.873,14.261,0.062,false,20.375,SEVERE,8,sequential_yolo_pose,SM-S906U1,GPU
2026-04-22 16:47:20.408,115.536,24.444,51.828,0.702,1.651,5.530,14.053,0.032,false,20.375,SEVERE,8,sequential_yolo_pose,SM-S906U1,GPU
2026-04-22 16:47:20.536,123.855,24.420,55.215,1.411,3.189,14.912,13.169,0.035,false,20.438,SEVERE,9,sequential_yolo_pose,SM-S906U1,GPU
2026-04-22 16:47:20.663,121.473,23.632,53.523,0.959,3.408,10.388,10.468,0.035,false,20.407,SEVERE,9,sequential_yolo_pose,SM-S906U1,GPU
2026-04-22 16:47:20.798,130.313,25.266,53.523,1.075,4.063,12.861,10.315,0.050,false,20.407,SEVERE,9,sequential_yolo_pose,SM-S906U1,GPU
2026-04-22 16:47:20.927,123.646,23.112,56.123,1.426,6.364,9.007,10.270,0.129,false,20.375,SEVERE,9,sequential_yolo_pose,SM-S906U1,GPU
2026-04-22 16:47:21.051,119.128,23.510,55.398,1.175,3.604,8.925,10.809,0.049,false,20.313,SEVERE,9,sequential_yolo_pose,SM-S906U1,GPU
2026-04-22 16:47:21.185,128.717,25.202,54.232,1.155,3.091,11.127,15.535,0.052,false,20.375,SEVERE,9,sequential_yolo_pose,SM-S906U1,GPU
2026-04-22 16:47:21.313,122.260,28.898,52.687,0.729,1.733,6.861,13.371,0.075,false,20.375,SEVERE,9,sequential_yolo_pose,SM-S906U1,GPU
2026-04-22 16:47:21.444,123.858,23.238,54.910,1.268,4.469,9.613,16.194,0.042,false,20.375,SEVERE,9,sequential_yolo_pose,SM-S906U1,GPU
2026-04-22 16:47:21.576,122.677,26.576,53.367,1.297,2.672,8.822,11.218,0.056,false,20.375,SEVERE,7,sequential_yolo_pose,SM-S906U1,GPU
2026-04-22 16:47:21.705,119.160,24.280,53.222,1.152,2.561,8.768,11.250,0.054,false,20.344,SEVERE,7,sequential_yolo_pose,SM-S906U1,GPU
2026-04-22 16:47:21.836,120.328,27.950,52.586,1.109,2.153,7.313,10.729,0.053,false,20.344,SEVERE,7,sequential_yolo_pose,SM-S906U1,GPU
2026-04-22 16:47:21.965,123.575,24.470,53.972,1.447,2.943,12.947,10.428,0.056,false,20.375,SEVERE,7,sequential_yolo_pose,SM-S906U1,GPU
2026-04-22 16:47:22.088,117.759,24.394,53.023,1.100,2.206,7.361,10.799,0.052,false,20.344,SEVERE,7,sequential_yolo_pose,SM-S906U1,GPU
2026-04-22 16:47:22.212,118.617,24.114,54.109,0.708,2.073,7.684,10.839,0.038,false,20.344,SEVERE,7,sequential_yolo_pose,SM-S906U1,GPU
2026-04-22 16:47:22.339,122.033,25.776,54.085,1.507,2.738,7.840,11.169,0.053,false,20.344,SEVERE,7,sequential_yolo_pose,SM-S906U1,GPU
2026-04-22 16:47:22.475,123.093,25.297,53.985,1.141,2.391,9.037,13.445,0.055,false,20.407,SEVERE,8,sequential_yolo_pose,SM-S906U1,GPU
2026-04-22 16:47:22.604,123.169,23.577,53.115,1.530,2.688,13.163,11.457,0.080,false,20.407,SEVERE,8,sequential_yolo_pose,SM-S906U1,GPU
2026-04-22 16:47:22.731,120.855,23.544,53.028,1.076,2.324,13.008,11.530,0.046,false,20.375,SEVERE,8,sequential_yolo_pose,SM-S906U1,GPU
2026-04-22 16:47:22.864,126.313,23.091,51.931,1.676,5.404,10.888,12.496,0.063,false,20.407,SEVERE,8,sequential_yolo_pose,SM-S906U1,GPU
2026-04-22 16:47:22.993,122.857,24.232,53.659,1.535,4.185,8.650,11.715,0.068,false,20.344,SEVERE,8,sequential_yolo_pose,SM-S906U1,GPU
2026-04-22 16:47:23.130,129.697,28.752,53.096,1.054,2.818,10.273,10.688,0.052,false,20.344,SEVERE,8,sequential_yolo_pose,SM-S906U1,GPU
2026-04-22 16:47:23.260,124.979,25.467,53.715,1.169,2.971,9.891,12.664,0.035,false,20.407,SEVERE,8,sequential_yolo_pose,SM-S906U1,GPU
2026-04-22 16:47:23.385,119.997,23.788,53.449,1.174,2.280,9.415,12.407,0.058,false,20.375,SEVERE,8,sequential_yolo_pose,SM-S906U1,GPU
2026-04-22 16:47:23.508,116.729,23.681,53.266,0.873,1.781,6.588,10.972,0.050,false,20.532,SEVERE,8,sequential_yolo_pose,SM-S906U1,GPU
2026-04-22 16:47:23.632,116.208,27.990,52.542,1.096,1.634,5.191,10.110,0.046,false,20.407,SEVERE,8,sequential_yolo_pose,SM-S906U1,GPU
2026-04-22 16:47:23.759,122.550,23.690,57.088,1.208,4.171,9.357,10.292,0.043,false,20.344,SEVERE,8,sequential_yolo_pose,SM-S906U1,GPU
2026-04-22 16:47:23.885,120.257,26.041,52.174,0.733,2.108,7.244,10.444,0.047,false,20.407,SEVERE,8,sequential_yolo_pose,SM-S906U1,GPU
2026-04-22 16:47:24.010,119.080,24.233,56.757,0.674,1.552,5.592,13.887,0.026,false,20.344,SEVERE,8,sequential_yolo_pose,SM-S906U1,GPU
2026-04-22 16:47:24.128,113.632,24.231,54.333,0.990,1.757,7.904,11.096,0.035,false,20.375,SEVERE,8,sequential_yolo_pose,SM-S906U1,GPU
2026-04-22 16:47:24.264,129.573,25.210,52.098,1.592,2.943,10.417,13.355,0.056,false,20.407,SEVERE,8,sequential_yolo_pose,SM-S906U1,GPU
2026-04-22 16:47:24.397,127.107,25.197,52.792,1.449,3.061,10.051,12.321,0.054,false,20.375,SEVERE,8,sequential_yolo_pose,SM-S906U1,GPU
2026-04-22 16:47:24.520,117.538,23.949,53.345,0.724,1.644,6.068,11.292,0.039,false,20.532,SEVERE,8,sequential_yolo_pose,SM-S906U1,GPU
2026-04-22 16:47:24.657,130.968,24.464,54.199,1.494,3.789,9.566,14.529,0.052,false,20.438,SEVERE,8,sequential_yolo_pose,SM-S906U1,GPU
2026-04-22 16:47:24.777,115.830,24.267,53.996,1.140,1.822,5.577,11.977,0.057,false,20.344,SEVERE,8,sequential_yolo_pose,SM-S906U1,GPU
2026-04-22 16:47:24.899,114.957,23.357,54.090,0.954,1.461,5.538,11.523,0.099,false,20.375,SEVERE,8,sequential_yolo_pose,SM-S906U1,GPU
2026-04-22 16:47:25.029,121.648,24.301,54.223,1.423,3.025,12.924,13.343,0.053,false,20.407,SEVERE,8,sequential_yolo_pose,SM-S906U1,GPU
2026-04-22 16:47:25.156,121.860,28.102,52.189,0.726,1.595,9.772,10.692,0.060,false,20.375,SEVERE,8,sequential_yolo_pose,SM-S906U1,GPU
2026-04-22 16:47:25.284,121.720,26.316,53.294,0.674,1.515,8.023,13.396,0.036,false,20.407,SEVERE,8,sequential_yolo_pose,SM-S906U1,GPU
2026-04-22 16:47:25.411,121.379,25.940,51.976,0.858,2.480,8.151,13.256,0.059,false,20.344,SEVERE,8,sequential_yolo_pose,SM-S906U1,GPU
2026-04-22 16:47:25.533,116.048,24.194,56.212,1.479,1.790,5.892,11.307,0.034,false,20.496,SEVERE,8,sequential_yolo_pose,SM-S906U1,GPU
2026-04-22 16:47:25.670,129.116,26.702,51.735,1.317,3.009,12.754,14.236,0.040,false,20.375,SEVERE,8,sequential_yolo_pose,SM-S906U1,GPU
2026-04-22 16:47:25.808,125.555,25.953,53.405,1.470,3.794,9.615,11.737,0.078,false,20.375,SEVERE,8,sequential_yolo_pose,SM-S906U1,GPU
2026-04-22 16:47:25.934,119.665,24.216,53.209,1.128,2.661,9.980,12.107,0.047,false,20.344,SEVERE,8,sequential_yolo_pose,SM-S906U1,GPU
2026-04-22 16:47:26.067,124.534,23.705,52.004,1.424,7.319,11.211,11.015,0.056,false,20.407,SEVERE,8,sequential_yolo_pose,SM-S906U1,GPU
2026-04-22 16:47:26.201,127.925,23.733,54.461,1.552,3.257,9.052,18.084,0.052,false,20.438,SEVERE,8,sequential_yolo_pose,SM-S906U1,GPU
2026-04-22 16:47:26.336,128.463,24.061,54.780,1.113,2.606,10.182,24.187,0.052,false,20.407,SEVERE,8,sequential_yolo_pose,SM-S906U1,GPU
2026-04-22 16:47:26.469,120.168,24.210,52.554,1.454,3.199,9.167,11.903,0.050,false,20.344,SEVERE,8,sequential_yolo_pose,SM-S906U1,GPU
2026-04-22 16:47:26.603,125.986,27.339,52.043,1.331,5.152,9.622,10.740,0.058,false,20.344,SEVERE,8,sequential_yolo_pose,SM-S906U1,GPU
2026-04-22 16:47:26.735,122.187,28.184,54.188,0.892,2.883,6.337,12.036,0.056,false,20.375,SEVERE,8,sequential_yolo_pose,SM-S906U1,GPU
2026-04-22 16:47:26.866,124.788,23.953,57.057,1.589,6.152,12.757,10.558,0.070,false,20.469,SEVERE,8,sequential_yolo_pose,SM-S906U1,GPU
2026-04-22 16:47:27.000,129.174,28.170,52.220,1.454,2.967,9.517,16.325,0.058,false,20.407,SEVERE,8,sequential_yolo_pose,SM-S906U1,GPU
2026-04-22 16:47:27.129,124.336,25.379,54.004,0.864,2.556,13.366,10.210,0.063,false,20.344,SEVERE,8,sequential_yolo_pose,SM-S906U1,GPU
2026-04-22 16:47:27.265,129.957,23.600,55.678,1.661,2.997,11.255,15.401,0.044,false,20.438,SEVERE,8,sequential_yolo_pose,SM-S906U1,GPU
2026-04-22 16:47:27.397,127.125,23.807,56.703,1.617,3.035,15.357,11.354,0.069,false,20.407,SEVERE,8,sequential_yolo_pose,SM-S906U1,GPU
2026-04-22 16:47:27.513,110.801,23.558,55.023,0.705,1.455,7.551,10.656,0.041,false,20.344,SEVERE,7,sequential_yolo_pose,SM-S906U1,GPU
2026-04-22 16:47:27.634,115.793,25.391,54.231,1.004,4.146,9.115,10.183,0.061,false,20.344,SEVERE,7,sequential_yolo_pose,SM-S906U1,GPU
2026-04-22 16:47:27.769,127.111,25.225,53.444,2.232,3.207,8.960,11.165,0.034,false,20.313,SEVERE,7,sequential_yolo_pose,SM-S906U1,GPU
2026-04-22 16:47:27.895,117.658,23.850,51.821,0.569,2.143,10.643,10.694,0.056,false,20.371,SEVERE,7,sequential_yolo_pose,SM-S906U1,GPU
2026-04-22 16:47:28.023,122.198,24.171,55.718,0.569,1.975,10.309,12.128,0.075,false,20.375,SEVERE,7,sequential_yolo_pose,SM-S906U1,GPU
2026-04-22 16:47:28.157,127.478,26.308,54.778,0.906,2.880,10.789,13.731,0.050,false,20.375,SEVERE,7,sequential_yolo_pose,SM-S906U1,GPU
2026-04-22 16:47:28.278,115.995,23.434,52.236,1.163,2.398,8.604,11.553,0.051,false,20.407,SEVERE,7,sequential_yolo_pose,SM-S906U1,GPU
2026-04-22 16:47:28.406,121.130,24.963,54.122,1.433,2.470,7.760,12.744,0.061,false,20.344,SEVERE,7,sequential_yolo_pose,SM-S906U1,GPU
2026-04-22 16:47:28.536,124.132,26.881,52.955,0.809,5.370,9.254,10.747,0.044,false,20.407,SEVERE,8,sequential_yolo_pose,SM-S906U1,GPU
2026-04-22 16:47:28.656,113.385,23.963,55.766,0.889,2.217,7.441,11.396,0.063,false,20.344,SEVERE,8,sequential_yolo_pose,SM-S906U1,GPU
2026-04-22 16:47:28.783,121.355,28.005,52.313,0.774,1.758,6.200,12.743,0.073,false,20.313,SEVERE,8,sequential_yolo_pose,SM-S906U1,GPU
2026-04-22 16:47:28.912,123.448,24.053,54.301,1.304,2.682,10.297,14.023,0.142,false,20.344,SEVERE,8,sequential_yolo_pose,SM-S906U1,GPU
2026-04-22 16:47:29.047,127.220,27.381,54.827,1.244,3.113,10.256,11.884,0.037,false,20.344,SEVERE,8,sequential_yolo_pose,SM-S906U1,GPU
2026-04-22 16:47:29.184,132.203,25.606,56.095,1.488,3.071,10.343,18.291,0.059,false,20.407,SEVERE,8,sequential_yolo_pose,SM-S906U1,GPU
2026-04-22 16:47:29.302,112.539,22.970,52.218,0.681,1.684,7.517,10.843,0.045,false,20.375,SEVERE,8,sequential_yolo_pose,SM-S906U1,GPU
2026-04-22 16:47:29.426,117.031,24.286,52.630,1.037,1.698,7.907,11.951,0.056,false,20.375,SEVERE,8,sequential_yolo_pose,SM-S906U1,GPU
2026-04-22 16:47:29.553,121.395,25.295,53.461,0.694,1.397,6.208,11.812,0.055,false,20.500,SEVERE,8,sequential_yolo_pose,SM-S906U1,GPU
2026-04-22 16:47:29.692,133.358,29.930,53.301,1.016,2.249,15.157,12.989,0.064,false,20.407,SEVERE,8,sequential_yolo_pose,SM-S906U1,GPU
2026-04-22 16:47:29.820,122.685,23.655,53.911,1.197,2.891,12.329,10.727,0.064,false,20.375,SEVERE,8,sequential_yolo_pose,SM-S906U1,GPU
2026-04-22 16:47:29.939,114.778,24.548,54.221,0.641,1.623,5.347,10.702,0.027,false,20.344,SEVERE,8,sequential_yolo_pose,SM-S906U1,GPU
2026-04-22 16:47:30.064,120.240,23.843,56.977,1.177,3.091,13.203,10.282,0.039,false,20.375,SEVERE,8,sequential_yolo_pose,SM-S906U1,GPU
2026-04-22 16:47:30.194,121.908,23.383,53.156,1.213,3.172,13.847,13.248,0.036,false,20.438,SEVERE,8,sequential_yolo_pose,SM-S906U1,GPU
2026-04-22 16:47:30.322,123.086,25.052,52.495,0.864,2.109,7.878,11.428,0.056,false,20.313,SEVERE,8,sequential_yolo_pose,SM-S906U1,GPU
2026-04-22 16:47:30.440,113.358,23.688,54.239,0.752,2.280,5.903,11.041,0.046,false,20.344,SEVERE,8,sequential_yolo_pose,SM-S906U1,GPU
2026-04-22 16:47:30.559,112.897,23.738,54.831,0.939,1.758,8.607,10.537,0.051,false,20.532,SEVERE,8,sequential_yolo_pose,SM-S906U1,GPU
2026-04-22 16:47:30.686,122.297,23.867,52.859,0.980,2.354,12.426,12.011,0.064,false,20.375,SEVERE,8,sequential_yolo_pose,SM-S906U1,GPU
2026-04-22 16:47:30.805,112.877,24.021,53.647,0.705,1.617,5.651,10.406,0.054,false,20.282,SEVERE,8,sequential_yolo_pose,SM-S906U1,GPU
2026-04-22 16:47:30.942,128.774,24.327,56.069,1.449,2.992,17.605,14.295,0.068,false,20.407,SEVERE,8,sequential_yolo_pose,SM-S906U1,GPU
2026-04-22 16:47:31.066,115.845,23.447,54.466,1.404,2.949,10.390,10.732,0.076,false,20.407,SEVERE,8,sequential_yolo_pose,SM-S906U1,GPU
2026-04-22 16:47:31.194,119.848,23.592,52.191,1.399,3.036,10.134,11.466,0.056,false,20.375,SEVERE,8,sequential_yolo_pose,SM-S906U1,GPU
2026-04-22 16:47:31.324,124.640,27.857,52.309,1.513,2.423,9.023,12.508,0.064,false,20.282,SEVERE,8,sequential_yolo_pose,SM-S906U1,GPU
2026-04-22 16:47:31.464,133.317,24.311,53.742,1.062,2.233,10.682,19.055,0.048,false,20.407,SEVERE,8,sequential_yolo_pose,SM-S906U1,GPU
2026-04-22 16:47:31.585,112.384,23.435,53.402,0.886,1.419,5.508,10.128,0.063,false,20.375,SEVERE,8,sequential_yolo_pose,SM-S906U1,GPU
2026-04-22 16:47:31.720,129.629,27.294,54.528,0.824,1.625,9.307,16.273,0.377,false,20.407,SEVERE,8,sequential_yolo_pose,SM-S906U1,GPU
2026-04-22 16:47:31.841,115.204,24.475,53.447,0.723,1.967,7.731,11.597,0.055,false,20.313,SEVERE,8,sequential_yolo_pose,SM-S906U1,GPU
2026-04-22 16:47:31.969,122.515,24.501,53.017,1.063,4.926,9.336,11.045,0.059,false,20.344,SEVERE,8,sequential_yolo_pose,SM-S906U1,GPU
2026-04-22 16:47:32.104,123.562,24.438,55.289,0.781,2.307,9.496,11.392,0.054,false,20.375,SEVERE,8,sequential_yolo_pose,SM-S906U1,GPU
2026-04-22 16:47:32.237,127.483,24.148,53.307,2.236,5.515,9.578,12.456,0.047,false,20.375,SEVERE,8,sequential_yolo_pose,SM-S906U1,GPU
2026-04-22 16:47:32.366,119.190,22.747,55.337,1.783,2.944,8.944,11.376,0.072,false,20.344,SEVERE,8,sequential_yolo_pose,SM-S906U1,GPU
2026-04-22 16:47:32.495,117.210,24.177,52.482,1.354,3.056,11.996,10.094,0.058,false,20.407,SEVERE,8,sequential_yolo_pose,SM-S906U1,GPU
2026-04-22 16:47:32.616,116.703,23.857,53.886,0.845,1.810,6.421,12.274,0.025,false,20.375,SEVERE,8,sequential_yolo_pose,SM-S906U1,GPU
2026-04-22 16:47:32.746,124.739,26.272,52.286,1.000,2.128,7.729,14.025,0.052,false,20.313,SEVERE,8,sequential_yolo_pose,SM-S906U1,GPU
2026-04-22 16:47:32.862,111.239,24.158,53.898,0.588,0.962,3.918,9.782,0.063,false,20.282,SEVERE,8,sequential_yolo_pose,SM-S906U1,GPU
2026-04-22 16:47:32.989,119.371,23.336,55.425,0.806,2.289,12.197,13.109,0.051,false,20.375,SEVERE,8,sequential_yolo_pose,SM-S906U1,GPU
2026-04-22 16:47:33.120,126.323,25.755,57.629,1.173,2.765,10.983,10.522,0.052,false,20.407,SEVERE,8,sequential_yolo_pose,SM-S906U1,GPU
2026-04-22 16:47:33.250,124.126,26.655,54.878,0.802,1.808,6.552,15.578,0.043,false,20.375,SEVERE,8,sequential_yolo_pose,SM-S906U1,GPU
2026-04-22 16:47:33.364,109.361,23.695,51.595,0.757,1.443,5.636,10.208,0.095,false,20.282,SEVERE,8,sequential_yolo_pose,SM-S906U1,GPU
2026-04-22 16:47:33.505,135.323,29.012,52.758,7.781,2.995,6.695,12.490,0.053,false,20.407,SEVERE,8,sequential_yolo_pose,SM-S906U1,GPU
2026-04-22 16:47:33.640,127.859,25.684,59.420,1.040,2.074,7.453,13.874,0.064,false,20.407,SEVERE,8,sequential_yolo_pose,SM-S906U1,GPU
2026-04-22 16:47:33.762,113.561,23.793,52.211,0.971,2.332,5.585,11.115,0.050,false,20.375,SEVERE,8,sequential_yolo_pose,SM-S906U1,GPU
2026-04-22 16:47:33.884,115.951,24.222,53.572,0.706,1.563,6.546,10.581,0.046,false,20.375,SEVERE,8,sequential_yolo_pose,SM-S906U1,GPU
2026-04-22 16:47:34.009,120.764,24.038,55.736,1.103,2.497,8.953,11.358,0.053,false,20.375,SEVERE,8,sequential_yolo_pose,SM-S906U1,GPU
2026-04-22 16:47:34.137,120.072,23.404,53.782,1.102,5.004,6.324,13.322,0.053,false,20.375,SEVERE,8,sequential_yolo_pose,SM-S906U1,GPU
2026-04-22 16:47:34.274,125.991,24.104,52.677,0.932,5.260,11.218,14.086,0.067,false,20.375,SEVERE,8,sequential_yolo_pose,SM-S906U1,GPU
2026-04-22 16:47:34.378,97.283,25.703,53.558,0.470,0.000,0.000,0.000,0.000,true,16.949,SEVERE,8,sequential_yolo_pose,SM-S906U1,GPU
2026-04-22 16:47:34.513,125.909,27.904,54.961,1.019,2.595,8.968,10.926,0.037,false,33.926,SEVERE,8,sequential_yolo_pose,SM-S906U1,GPU
2026-04-22 16:47:34.653,133.542,29.560,56.004,0.940,3.031,13.918,12.416,0.056,false,20.407,SEVERE,8,sequential_yolo_pose,SM-S906U1,GPU
2026-04-22 16:47:34.784,124.395,23.987,53.545,1.271,3.933,10.195,16.099,0.049,false,20.407,SEVERE,8,sequential_yolo_pose,SM-S906U1,GPU
2026-04-22 16:47:34.900,110.744,23.756,54.661,0.629,1.774,6.562,10.721,0.042,false,20.344,SEVERE,8,sequential_yolo_pose,SM-S906U1,GPU
2026-04-22 16:47:35.027,120.592,24.627,56.111,1.214,2.780,11.242,11.435,0.038,false,20.407,SEVERE,8,sequential_yolo_pose,SM-S906U1,GPU
2026-04-22 16:47:35.151,118.704,26.081,52.368,0.695,1.733,6.711,10.747,0.062,false,20.313,SEVERE,8,sequential_yolo_pose,SM-S906U1,GPU
2026-04-22 16:47:35.266,110.319,24.036,54.369,0.456,1.312,4.021,9.973,0.048,false,20.313,SEVERE,8,sequential_yolo_pose,SM-S906U1,GPU
2026-04-22 16:47:35.388,116.311,23.626,55.764,1.402,2.853,9.367,10.117,0.071,false,20.313,SEVERE,8,sequential_yolo_pose,SM-S906U1,GPU
2026-04-22 16:47:35.518,123.287,24.127,54.210,0.965,2.463,9.953,14.225,0.054,false,20.438,SEVERE,8,sequential_yolo_pose,SM-S906U1,GPU
2026-04-22 16:47:35.650,125.832,29.376,52.938,0.750,1.775,7.122,15.015,0.055,false,20.375,SEVERE,8,sequential_yolo_pose,SM-S906U1,GPU
2026-04-22 16:47:35.786,129.953,28.587,53.700,0.873,2.270,9.865,15.849,0.052,false,20.407,SEVERE,8,sequential_yolo_pose,SM-S906U1,GPU
2026-04-22 16:47:35.915,124.597,24.850,55.028,0.952,1.958,7.826,16.049,0.037,false,20.375,SEVERE,8,sequential_yolo_pose,SM-S906U1,GPU
2026-04-22 16:47:36.037,117.111,26.140,52.204,0.799,1.933,6.994,10.958,0.041,false,20.344,SEVERE,8,sequential_yolo_pose,SM-S906U1,GPU
2026-04-22 16:47:36.157,116.186,23.270,54.160,1.590,2.695,10.594,11.740,0.062,false,20.375,SEVERE,8,sequential_yolo_pose,SM-S906U1,GPU
2026-04-22 16:47:36.285,122.608,27.578,51.722,0.987,1.994,6.408,12.164,0.059,false,20.313,SEVERE,8,sequential_yolo_pose,SM-S906U1,GPU
2026-04-22 16:47:36.411,120.283,25.515,52.211,0.806,1.692,5.636,15.777,0.030,false,20.375,SEVERE,8,sequential_yolo_pose,SM-S906U1,GPU
2026-04-22 16:47:36.531,114.202,23.900,52.347,1.093,1.962,7.178,9.878,0.044,false,20.407,SEVERE,8,sequential_yolo_pose,SM-S906U1,GPU
2026-04-22 16:47:36.663,126.401,25.016,53.713,1.394,4.010,10.428,10.756,0.057,false,20.375,SEVERE,8,sequential_yolo_pose,SM-S906U1,GPU
2026-04-22 16:47:36.793,123.928,24.753,54.537,1.194,2.569,9.243,11.732,0.053,false,20.375,SEVERE,8,sequential_yolo_pose,SM-S906U1,GPU
2026-04-22 16:47:36.926,128.065,25.393,54.729,1.340,2.846,10.810,11.669,0.035,false,20.375,SEVERE,8,sequential_yolo_pose,SM-S906U1,GPU
2026-04-22 16:47:37.052,121.268,24.309,54.344,0.985,2.086,8.695,11.215,0.061,false,20.313,SEVERE,8,sequential_yolo_pose,SM-S906U1,GPU
2026-04-22 16:47:37.177,119.993,25.379,55.405,0.802,1.818,5.462,11.415,0.054,false,20.375,SEVERE,8,sequential_yolo_pose,SM-S906U1,GPU
2026-04-22 16:47:37.299,115.544,26.326,52.495,0.763,1.527,5.498,10.352,0.055,false,20.282,SEVERE,8,sequential_yolo_pose,SM-S906U1,GPU
2026-04-22 16:47:37.421,115.484,24.316,56.002,0.999,2.073,8.010,10.317,0.075,false,20.313,SEVERE,8,sequential_yolo_pose,SM-S906U1,GPU
2026-04-22 16:47:37.550,122.661,23.974,51.632,1.032,2.292,7.831,16.649,0.112,false,20.344,SEVERE,8,sequential_yolo_pose,SM-S906U1,GPU
2026-04-22 16:47:37.670,113.106,23.098,53.529,0.890,1.525,5.416,12.164,0.048,false,20.317,SEVERE,8,sequential_yolo_pose,SM-S906U1,GPU
2026-04-22 16:47:37.801,125.349,25.960,53.940,1.007,2.779,11.774,10.866,0.052,false,20.371,SEVERE,8,sequential_yolo_pose,SM-S906U1,GPU
2026-04-22 16:47:37.933,125.054,29.429,53.093,1.286,3.201,7.713,10.550,0.047,false,20.375,SEVERE,8,sequential_yolo_pose,SM-S906U1,GPU
2026-04-22 16:47:38.062,121.859,24.292,55.981,1.211,2.756,9.647,11.563,0.040,false,20.375,SEVERE,8,sequential_yolo_pose,SM-S906U1,GPU
2026-04-22 16:47:38.190,120.948,24.710,53.327,1.335,2.933,8.828,10.843,0.073,false,20.313,SEVERE,8,sequential_yolo_pose,SM-S906U1,GPU
2026-04-22 16:47:38.318,122.394,24.111,55.988,0.972,1.820,8.677,12.698,0.052,false,20.407,SEVERE,8,sequential_yolo_pose,SM-S906U1,GPU
2026-04-22 16:47:38.456,130.455,28.978,54.866,0.840,1.704,7.783,19.104,0.070,false,20.407,SEVERE,8,sequential_yolo_pose,SM-S906U1,GPU
2026-04-22 16:47:38.588,126.974,24.821,54.704,1.313,2.931,11.363,12.031,0.062,false,20.407,SEVERE,7,sequential_yolo_pose,SM-S906U1,GPU
2026-04-22 16:47:38.719,125.363,29.037,53.393,0.718,1.858,8.077,11.913,0.071,false,20.375,SEVERE,7,sequential_yolo_pose,SM-S906U1,GPU
2026-04-22 16:47:38.843,118.914,27.273,51.749,0.873,1.966,5.795,13.658,0.050,false,20.344,SEVERE,7,sequential_yolo_pose,SM-S906U1,GPU
2026-04-22 16:47:38.964,115.698,25.447,51.952,0.792,1.512,5.773,11.146,0.042,false,20.282,SEVERE,7,sequential_yolo_pose,SM-S906U1,GPU
2026-04-22 16:47:39.091,122.227,26.475,52.174,0.723,1.849,7.871,11.899,0.038,false,20.313,SEVERE,7,sequential_yolo_pose,SM-S906U1,GPU
2026-04-22 16:47:39.223,126.559,28.928,52.616,1.172,2.824,10.320,11.867,0.037,false,20.344,SEVERE,7,sequential_yolo_pose,SM-S906U1,GPU
2026-04-22 16:47:39.353,125.507,24.792,56.676,1.083,2.226,10.549,10.788,0.052,false,20.407,SEVERE,7,sequential_yolo_pose,SM-S906U1,GPU
2026-04-22 16:47:39.476,117.469,24.581,54.205,1.088,2.139,7.500,10.194,0.035,false,20.313,SEVERE,7,sequential_yolo_pose,SM-S906U1,GPU
2026-04-22 16:47:39.604,120.828,25.373,53.424,1.204,2.028,5.641,13.927,0.034,false,20.407,SEVERE,8,sequential_yolo_pose,SM-S906U1,GPU
2026-04-22 16:47:39.730,117.922,24.229,56.402,1.201,3.081,9.815,11.557,0.048,false,20.375,SEVERE,8,sequential_yolo_pose,SM-S906U1,GPU
2026-04-22 16:47:39.864,127.710,25.813,52.567,0.946,2.693,11.298,12.092,0.038,false,20.375,SEVERE,8,sequential_yolo_pose,SM-S906U1,GPU
2026-04-22 16:47:39.992,122.282,24.005,53.050,0.724,2.912,12.115,10.592,0.036,false,20.375,SEVERE,8,sequential_yolo_pose,SM-S906U1,GPU
2026-04-22 16:47:40.121,123.403,24.500,52.805,0.697,3.362,10.527,12.186,0.039,false,20.375,SEVERE,8,sequential_yolo_pose,SM-S906U1,GPU
2026-04-22 16:47:40.245,118.617,25.057,55.076,1.311,1.937,6.697,10.579,0.049,false,20.313,SEVERE,8,sequential_yolo_pose,SM-S906U1,GPU
2026-04-22 16:47:40.370,119.479,28.982,52.010,1.223,1.982,5.280,11.724,0.053,false,20.313,SEVERE,8,sequential_yolo_pose,SM-S906U1,GPU
2026-04-22 16:47:40.494,117.906,24.078,52.565,1.190,2.773,9.481,11.885,0.048,false,20.375,SEVERE,8,sequential_yolo_pose,SM-S906U1,GPU
2026-04-22 16:47:40.612,113.466,23.199,51.873,0.717,1.486,6.008,11.300,0.055,false,20.407,SEVERE,8,sequential_yolo_pose,SM-S906U1,GPU
2026-04-22 16:47:40.737,119.995,23.243,53.215,1.454,3.088,9.968,12.482,0.049,false,20.375,SEVERE,8,sequential_yolo_pose,SM-S906U1,GPU
2026-04-22 16:47:40.862,119.666,24.323,53.290,1.343,3.766,9.377,12.065,0.026,false,20.375,SEVERE,8,sequential_yolo_pose,SM-S906U1,GPU
2026-04-22 16:47:40.986,118.642,24.439,52.310,1.039,2.726,8.527,11.113,0.059,false,20.407,SEVERE,8,sequential_yolo_pose,SM-S906U1,GPU
2026-04-22 16:47:41.116,124.983,25.015,53.419,1.004,2.412,8.651,14.567,0.042,false,20.344,SEVERE,8,sequential_yolo_pose,SM-S906U1,GPU
2026-04-22 16:47:41.239,116.909,24.781,52.618,0.889,1.989,7.968,10.832,0.034,false,20.344,SEVERE,8,sequential_yolo_pose,SM-S906U1,GPU
2026-04-22 16:47:41.369,122.079,24.851,55.576,1.205,2.407,8.625,11.962,0.049,false,20.407,SEVERE,8,sequential_yolo_pose,SM-S906U1,GPU
2026-04-22 16:47:41.502,126.526,24.119,51.384,1.155,2.657,11.612,12.804,0.036,false,20.375,SEVERE,8,sequential_yolo_pose,SM-S906U1,GPU
2026-04-22 16:47:41.617,107.573,23.588,50.671,0.656,1.447,7.450,11.661,0.036,false,20.375,SEVERE,8,sequential_yolo_pose,SM-S906U1,GPU
2026-04-22 16:47:41.740,117.540,24.365,55.249,0.817,1.694,6.006,12.341,0.066,false,20.410,SEVERE,8,sequential_yolo_pose,SM-S906U1,GPU
2026-04-22 16:47:41.866,119.308,25.452,51.853,1.045,2.067,10.787,10.082,0.058,false,20.344,SEVERE,8,sequential_yolo_pose,SM-S906U1,GPU
2026-04-22 16:47:41.985,111.947,24.654,52.767,0.695,1.599,6.634,13.267,0.047,false,20.344,SEVERE,8,sequential_yolo_pose,SM-S906U1,GPU
2026-04-22 16:47:42.120,129.628,28.644,54.180,0.868,1.638,9.222,16.832,0.057,false,20.407,SEVERE,8,sequential_yolo_pose,SM-S906U1,GPU
2026-04-22 16:47:42.254,129.442,27.842,54.183,1.388,2.974,10.280,13.825,0.060,false,20.375,SEVERE,8,sequential_yolo_pose,SM-S906U1,GPU
2026-04-22 16:47:42.377,116.288,25.115,52.203,0.746,1.763,5.451,14.055,0.037,false,20.375,SEVERE,8,sequential_yolo_pose,SM-S906U1,GPU
2026-04-22 16:47:42.503,115.448,23.205,52.112,1.048,1.756,8.670,10.945,0.052,false,20.344,SEVERE,8,sequential_yolo_pose,SM-S906U1,GPU
2026-04-22 16:47:42.626,117.052,25.295,51.914,0.893,4.021,5.703,11.108,0.039,false,20.469,SEVERE,8,sequential_yolo_pose,SM-S906U1,GPU
2026-04-22 16:47:42.749,118.088,28.105,52.535,0.718,1.578,6.194,11.450,0.048,false,20.344,SEVERE,8,sequential_yolo_pose,SM-S906U1,GPU
2026-04-22 16:47:42.869,115.349,24.391,53.697,0.960,1.774,6.939,11.117,0.060,false,20.282,SEVERE,8,sequential_yolo_pose,SM-S906U1,GPU
2026-04-22 16:47:42.999,122.552,24.238,55.954,1.886,3.017,13.306,10.886,0.053,false,20.375,SEVERE,8,sequential_yolo_pose,SM-S906U1,GPU
2026-04-22 16:47:43.133,123.315,27.395,52.685,0.865,3.140,7.162,10.238,0.068,false,20.250,SEVERE,8,sequential_yolo_pose,SM-S906U1,GPU
2026-04-22 16:47:43.266,126.387,24.657,59.106,1.534,6.185,6.170,10.141,0.055,false,20.313,SEVERE,8,sequential_yolo_pose,SM-S906U1,GPU
2026-04-22 16:47:43.393,119.709,25.939,54.343,1.146,3.555,6.328,10.516,0.037,false,20.407,SEVERE,8,sequential_yolo_pose,SM-S906U1,GPU
2026-04-22 16:47:43.512,114.925,24.842,53.971,0.824,2.045,6.629,10.361,0.038,false,20.375,SEVERE,8,sequential_yolo_pose,SM-S906U1,GPU
2026-04-22 16:47:43.632,113.313,25.782,51.995,0.630,1.791,5.310,10.431,0.041,false,20.438,SEVERE,8,sequential_yolo_pose,SM-S906U1,GPU
2026-04-22 16:47:43.764,126.653,24.074,57.470,1.064,2.881,12.924,10.700,0.057,false,20.438,SEVERE,8,sequential_yolo_pose,SM-S906U1,GPU
2026-04-22 16:47:43.904,129.302,24.555,54.019,1.448,4.633,9.287,15.395,0.034,false,20.438,SEVERE,8,sequential_yolo_pose,SM-S906U1,GPU
2026-04-22 16:47:44.026,113.383,23.531,52.652,0.615,2.243,7.538,10.189,0.038,false,20.344,SEVERE,8,sequential_yolo_pose,SM-S906U1,GPU
2026-04-22 16:47:44.154,123.269,26.125,53.066,1.197,3.917,10.352,9.625,0.038,false,20.375,SEVERE,8,sequential_yolo_pose,SM-S906U1,GPU
2026-04-22 16:47:44.290,131.626,25.444,54.633,0.942,3.056,11.130,13.232,0.026,false,20.407,SEVERE,8,sequential_yolo_pose,SM-S906U1,GPU
2026-04-22 16:47:44.414,118.944,24.264,53.461,0.778,2.275,5.379,18.497,0.041,false,20.375,SEVERE,8,sequential_yolo_pose,SM-S906U1,GPU
2026-04-22 16:47:44.550,128.810,28.586,52.363,0.816,2.755,7.261,18.268,0.035,false,20.375,SEVERE,8,sequential_yolo_pose,SM-S906U1,GPU
2026-04-22 16:47:44.684,128.096,24.755,57.486,0.829,2.928,8.085,15.296,0.037,false,20.469,SEVERE,8,sequential_yolo_pose,SM-S906U1,GPU
2026-04-22 16:47:44.804,114.728,23.534,53.426,0.679,2.181,5.520,10.568,0.042,false,20.282,SEVERE,8,sequential_yolo_pose,SM-S906U1,GPU
2026-04-22 16:47:44.930,121.451,25.866,55.158,1.535,3.709,9.720,12.772,0.045,false,20.371,SEVERE,8,sequential_yolo_pose,SM-S906U1,GPU
2026-04-22 16:47:45.054,117.813,24.331,53.006,1.128,3.112,11.140,10.718,0.044,false,20.375,SEVERE,8,sequential_yolo_pose,SM-S906U1,GPU
2026-04-22 16:47:45.183,123.570,24.367,55.025,0.842,3.171,7.313,13.503,0.043,false,20.344,SEVERE,8,sequential_yolo_pose,SM-S906U1,GPU
2026-04-22 16:47:45.303,114.848,24.418,54.006,0.656,2.404,5.890,10.910,0.059,false,20.313,SEVERE,8,sequential_yolo_pose,SM-S906U1,GPU
2026-04-22 16:47:45.431,115.395,23.867,54.351,0.774,2.719,7.022,12.502,0.026,false,20.375,SEVERE,8,sequential_yolo_pose,SM-S906U1,GPU
2026-04-22 16:47:45.550,114.531,24.185,54.012,0.841,2.924,6.907,13.361,0.047,false,20.407,SEVERE,8,sequential_yolo_pose,SM-S906U1,GPU
2026-04-22 16:47:45.675,120.396,24.998,55.393,0.831,2.716,6.213,12.005,0.056,false,20.367,SEVERE,8,sequential_yolo_pose,SM-S906U1,GPU
2026-04-22 16:47:45.792,110.755,24.277,55.160,0.754,2.513,6.217,10.143,0.047,false,20.344,SEVERE,8,sequential_yolo_pose,SM-S906U1,GPU
2026-04-22 16:47:45.922,124.903,28.237,55.605,0.894,2.673,6.381,10.111,0.056,false,20.313,SEVERE,8,sequential_yolo_pose,SM-S906U1,GPU
2026-04-22 16:47:46.051,123.587,27.196,51.969,0.727,2.263,6.800,15.930,0.046,false,20.375,SEVERE,8,sequential_yolo_pose,SM-S906U1,GPU
2026-04-22 16:47:46.176,119.082,26.414,53.287,0.803,2.142,7.242,10.461,0.040,false,20.344,SEVERE,8,sequential_yolo_pose,SM-S906U1,GPU
2026-04-22 16:47:46.304,115.121,25.454,51.714,1.461,3.847,7.117,11.862,0.059,false,20.375,SEVERE,8,sequential_yolo_pose,SM-S906U1,GPU
2026-04-22 16:47:46.429,118.941,23.897,55.523,1.239,6.349,7.879,10.283,0.037,false,20.375,SEVERE,8,sequential_yolo_pose,SM-S906U1,GPU
2026-04-22 16:47:46.561,127.102,24.356,53.542,1.310,4.009,10.155,15.898,0.038,false,20.375,SEVERE,8,sequential_yolo_pose,SM-S906U1,GPU
2026-04-22 16:47:46.699,132.576,30.813,52.769,1.143,3.999,11.927,11.728,0.052,false,20.407,SEVERE,8,sequential_yolo_pose,SM-S906U1,GPU
2026-04-22 16:47:46.821,114.937,24.260,53.099,0.613,2.250,9.857,12.139,0.057,false,20.344,SEVERE,8,sequential_yolo_pose,SM-S906U1,GPU
2026-04-22 16:47:46.943,116.776,25.983,51.904,0.627,2.315,6.304,11.442,0.064,false,20.313,SEVERE,8,sequential_yolo_pose,SM-S906U1,GPU
2026-04-22 16:47:47.071,121.026,24.317,53.508,0.891,5.163,9.242,11.735,0.054,false,20.344,SEVERE,8,sequential_yolo_pose,SM-S906U1,GPU
2026-04-22 16:47:47.204,122.549,26.243,53.603,1.207,5.180,7.758,12.076,0.040,false,20.375,SEVERE,8,sequential_yolo_pose,SM-S906U1,GPU
2026-04-22 16:47:47.335,118.100,27.592,52.186,0.725,2.358,6.260,11.289,0.035,false,20.375,SEVERE,8,sequential_yolo_pose,SM-S906U1,GPU
2026-04-22 16:47:47.469,122.359,23.503,52.204,1.181,3.541,11.730,12.205,0.037,false,20.375,SEVERE,8,sequential_yolo_pose,SM-S906U1,GPU
2026-04-22 16:47:47.601,123.573,27.218,54.633,1.092,4.215,5.396,11.440,0.055,false,20.344,SEVERE,8,sequential_yolo_pose,SM-S906U1,GPU
2026-04-22 16:47:47.733,122.192,24.628,55.327,1.448,5.383,12.454,11.006,0.055,false,14.508,SEVERE,7,sequential_yolo_pose,SM-S906U1,GPU
2026-04-22 16:47:47.867,125.384,25.196,52.386,1.321,5.508,11.173,10.286,0.052,false,21.551,SEVERE,7,sequential_yolo_pose,SM-S906U1,GPU
2026-04-22 16:47:47.995,120.963,24.403,53.456,1.347,3.940,10.452,11.023,0.034,false,38.528,SEVERE,7,sequential_yolo_pose,SM-S906U1,GPU
2026-04-22 16:47:48.132,127.838,24.198,53.843,1.210,7.089,10.260,12.638,0.041,false,20.438,SEVERE,7,sequential_yolo_pose,SM-S906U1,GPU
2026-04-22 16:47:48.265,127.359,26.723,51.753,0.676,3.169,11.358,12.007,0.054,false,20.375,SEVERE,7,sequential_yolo_pose,SM-S906U1,GPU
2026-04-22 16:47:48.393,123.051,23.561,53.080,0.537,4.024,10.310,12.629,0.058,false,20.407,SEVERE,7,sequential_yolo_pose,SM-S906U1,GPU
2026-04-22 16:47:48.536,136.578,23.988,57.043,1.457,8.215,12.683,12.638,0.053,false,20.407,SEVERE,7,sequential_yolo_pose,SM-S906U1,GPU
2026-04-22 16:47:48.671,119.443,23.315,53.357,0.680,6.949,5.685,16.189,0.026,false,20.532,SEVERE,8,sequential_yolo_pose,SM-S906U1,GPU
2026-04-22 16:47:48.799,116.591,24.128,53.808,1.281,2.836,9.377,10.377,0.055,false,20.344,SEVERE,8,sequential_yolo_pose,SM-S906U1,GPU
2026-04-22 16:47:48.933,129.158,24.059,55.739,1.400,3.040,13.906,11.528,0.042,false,20.375,SEVERE,8,sequential_yolo_pose,SM-S906U1,GPU
2026-04-22 16:47:49.059,118.090,25.320,53.561,0.956,1.656,8.605,13.308,0.053,false,20.407,SEVERE,8,sequential_yolo_pose,SM-S906U1,GPU
2026-04-22 16:47:49.196,131.344,25.933,56.824,1.377,2.925,13.038,10.950,0.056,false,20.407,SEVERE,8,sequential_yolo_pose,SM-S906U1,GPU
2026-04-22 16:47:49.328,126.071,23.340,55.958,1.091,3.012,13.442,11.468,0.038,false,20.375,SEVERE,8,sequential_yolo_pose,SM-S906U1,GPU
2026-04-22 16:47:49.454,121.391,24.624,55.073,1.009,2.401,8.461,11.077,0.072,false,20.407,SEVERE,8,sequential_yolo_pose,SM-S906U1,GPU
2026-04-22 16:47:49.580,122.174,28.530,54.207,0.722,1.642,6.150,11.695,0.069,false,20.313,SEVERE,8,sequential_yolo_pose,SM-S906U1,GPU
2026-04-22 16:47:49.699,112.583,23.921,52.181,0.860,1.619,6.224,10.534,0.037,false,20.336,SEVERE,8,sequential_yolo_pose,SM-S906U1,GPU
2026-04-22 16:47:49.826,119.034,24.421,54.694,0.711,1.447,11.100,10.642,0.053,false,20.375,SEVERE,8,sequential_yolo_pose,SM-S906U1,GPU
2026-04-22 16:47:49.966,134.171,26.390,56.507,2.066,2.950,10.332,13.458,0.039,false,20.407,SEVERE,8,sequential_yolo_pose,SM-S906U1,GPU
2026-04-22 16:47:50.092,120.826,23.126,53.221,1.311,3.356,10.711,11.416,0.060,false,20.407,SEVERE,8,sequential_yolo_pose,SM-S906U1,GPU
2026-04-22 16:47:50.216,120.009,24.404,53.291,1.098,2.363,9.238,10.721,0.057,false,20.313,SEVERE,8,sequential_yolo_pose,SM-S906U1,GPU
2026-04-22 16:47:50.352,129.978,24.461,58.047,1.258,2.521,9.516,15.440,0.044,false,20.407,SEVERE,8,sequential_yolo_pose,SM-S906U1,GPU
2026-04-22 16:47:50.483,125.053,28.665,52.851,1.231,2.697,9.292,12.096,0.039,false,20.407,SEVERE,8,sequential_yolo_pose,SM-S906U1,GPU
2026-04-22 16:47:50.610,122.787,27.996,55.697,0.702,1.596,6.681,12.451,0.051,false,20.375,SEVERE,8,sequential_yolo_pose,SM-S906U1,GPU
2026-04-22 16:47:50.733,116.767,24.161,56.104,1.442,3.517,9.883,10.298,0.049,false,14.539,SEVERE,8,sequential_yolo_pose,SM-S906U1,GPU
2026-04-22 16:47:50.860,120.251,23.302,53.234,1.074,3.186,10.560,11.904,0.065,false,21.602,SEVERE,8,sequential_yolo_pose,SM-S906U1,GPU
2026-04-22 16:47:50.993,127.559,23.624,53.325,1.557,2.772,9.751,15.981,0.043,false,38.516,SEVERE,8,sequential_yolo_pose,SM-S906U1,GPU
2026-04-22 16:47:51.125,126.272,26.470,54.685,0.969,2.454,8.506,15.264,0.035,false,20.371,SEVERE,8,sequential_yolo_pose,SM-S906U1,GPU
2026-04-22 16:47:51.257,127.743,26.720,56.124,0.629,2.488,10.538,11.370,0.043,false,20.375,SEVERE,8,sequential_yolo_pose,SM-S906U1,GPU
2026-04-22 16:47:51.361,99.419,24.322,53.793,0.479,0.000,0.000,0.000,0.000,true,16.981,SEVERE,8,sequential_yolo_pose,SM-S906U1,GPU
2026-04-22 16:47:51.475,105.090,24.442,55.750,0.828,0.000,0.000,0.000,0.000,true,30.594,SEVERE,8,sequential_yolo_pose,SM-S906U1,GPU
2026-04-22 16:47:51.588,102.663,28.036,53.886,0.365,0.000,0.000,0.000,0.000,true,13.914,SEVERE,8,sequential_yolo_pose,SM-S906U1,GPU
2026-04-22 16:47:51.703,109.685,29.425,57.450,0.281,0.000,0.000,0.000,0.000,true,17.098,SEVERE,8,sequential_yolo_pose,SM-S906U1,GPU
2026-04-22 16:47:51.810,99.586,24.538,53.053,0.792,0.000,0.000,0.000,0.000,true,30.618,SEVERE,8,sequential_yolo_pose,SM-S906U1,GPU
2026-04-22 16:47:51.927,106.345,26.246,55.424,0.594,0.000,0.000,0.000,0.000,true,13.852,SEVERE,8,sequential_yolo_pose,SM-S906U1,GPU
2026-04-22 16:47:52.051,116.629,30.888,53.189,0.397,0.000,0.000,0.000,0.000,true,16.942,SEVERE,8,sequential_yolo_pose,SM-S906U1,GPU
2026-04-22 16:47:52.157,101.109,28.191,53.893,0.725,0.000,0.000,0.000,0.000,true,30.586,SEVERE,8,sequential_yolo_pose,SM-S906U1,GPU
2026-04-22 16:47:52.300,136.487,43.779,59.739,0.270,0.000,0.000,0.000,0.000,true,18.575,SEVERE,8,sequential_yolo_pose,SM-S906U1,GPU
2026-04-22 16:47:52.411,104.312,28.094,53.235,0.841,0.000,0.000,0.000,0.000,true,32.188,SEVERE,8,sequential_yolo_pose,SM-S906U1,GPU
2026-04-22 16:47:52.516,95.844,25.241,53.261,0.587,0.000,0.000,0.000,0.000,true,18.184,SEVERE,8,sequential_yolo_pose,SM-S906U1,GPU
2026-04-22 16:47:52.629,107.502,31.433,54.594,0.748,0.000,0.000,0.000,0.000,true,31.766,SEVERE,8,sequential_yolo_pose,SM-S906U1,GPU
2026-04-22 16:47:52.774,137.706,27.546,53.520,1.170,2.602,7.626,13.293,0.040,false,21.516,SEVERE,9,sequential_yolo_pose,SM-S906U1,GPU
2026-04-22 16:47:52.903,120.914,24.490,51.841,1.558,2.326,8.996,12.264,0.038,false,38.493,SEVERE,9,sequential_yolo_pose,SM-S906U1,GPU
2026-04-22 16:47:53.041,128.498,28.329,53.242,1.619,3.397,7.327,14.557,0.026,false,20.434,SEVERE,9,sequential_yolo_pose,SM-S906U1,GPU
2026-04-22 16:47:53.163,115.578,23.241,55.282,1.414,2.865,10.523,10.463,0.047,false,20.375,SEVERE,9,sequential_yolo_pose,SM-S906U1,GPU
2026-04-22 16:47:53.295,127.025,23.206,52.756,1.687,2.912,13.236,12.809,0.049,false,20.407,SEVERE,9,sequential_yolo_pose,SM-S906U1,GPU
2026-04-22 16:47:53.424,123.173,23.600,52.945,1.767,3.577,10.318,11.635,0.055,false,20.375,SEVERE,9,sequential_yolo_pose,SM-S906U1,GPU
2026-04-22 16:47:53.551,123.138,23.597,56.838,1.422,2.493,8.556,13.778,0.036,false,20.375,SEVERE,9,sequential_yolo_pose,SM-S906U1,GPU
2026-04-22 16:47:53.681,123.549,27.320,54.444,0.885,1.564,6.408,12.817,0.042,false,20.407,SEVERE,7,sequential_yolo_pose,SM-S906U1,GPU
2026-04-22 16:47:53.813,127.382,25.721,53.608,1.956,2.878,8.785,15.816,0.053,false,20.407,SEVERE,7,sequential_yolo_pose,SM-S906U1,GPU
2026-04-22 16:47:53.936,118.029,23.738,53.733,1.613,2.972,8.086,12.447,1.235,false,20.375,SEVERE,7,sequential_yolo_pose,SM-S906U1,GPU
2026-04-22 16:47:54.073,124.832,24.542,53.741,0.771,1.547,5.210,21.345,0.057,false,20.407,SEVERE,7,sequential_yolo_pose,SM-S906U1,GPU
2026-04-22 16:47:54.204,119.779,26.487,51.806,0.883,2.174,6.259,12.739,0.048,false,20.407,SEVERE,7,sequential_yolo_pose,SM-S906U1,GPU
2026-04-22 16:47:54.329,117.941,23.377,51.687,1.356,2.958,10.385,10.394,0.064,false,20.313,SEVERE,7,sequential_yolo_pose,SM-S906U1,GPU
2026-04-22 16:47:54.463,126.459,24.951,53.392,1.465,2.936,9.522,9.812,0.060,false,20.344,SEVERE,7,sequential_yolo_pose,SM-S906U1,GPU
2026-04-22 16:47:54.583,114.375,24.288,51.347,0.812,1.725,6.293,12.342,0.031,false,20.375,SEVERE,7,sequential_yolo_pose,SM-S906U1,GPU
2026-04-22 16:47:54.706,118.974,29.088,52.687,1.049,1.435,6.706,10.437,0.048,false,20.563,SEVERE,8,sequential_yolo_pose,SM-S906U1,GPU
2026-04-22 16:47:54.828,117.173,23.236,54.743,1.697,3.020,9.831,10.518,0.052,false,20.344,SEVERE,8,sequential_yolo_pose,SM-S906U1,GPU
2026-04-22 16:47:54.956,122.247,24.050,52.699,1.358,2.480,9.256,11.370,0.059,false,20.407,SEVERE,8,sequential_yolo_pose,SM-S906U1,GPU
2026-04-22 16:47:55.100,138.147,26.488,52.267,1.124,3.263,17.256,11.992,0.057,false,20.438,SEVERE,8,sequential_yolo_pose,SM-S906U1,GPU
2026-04-22 16:47:55.234,125.641,27.262,54.163,1.554,3.817,8.926,10.282,0.062,false,20.375,SEVERE,8,sequential_yolo_pose,SM-S906U1,GPU
2026-04-22 16:47:55.369,123.962,25.581,52.942,1.019,2.899,12.254,10.420,0.035,false,20.344,SEVERE,8,sequential_yolo_pose,SM-S906U1,GPU
2026-04-22 16:47:55.497,122.902,26.005,51.524,1.313,3.485,10.529,10.456,0.035,false,20.344,SEVERE,8,sequential_yolo_pose,SM-S906U1,GPU
2026-04-22 16:47:55.616,110.337,26.956,50.785,0.812,1.800,5.904,11.160,0.038,false,20.344,SEVERE,8,sequential_yolo_pose,SM-S906U1,GPU
2026-04-22 16:47:55.737,117.041,23.871,54.933,0.971,1.777,5.898,12.974,0.076,false,20.422,SEVERE,8,sequential_yolo_pose,SM-S906U1,GPU
2026-04-22 16:47:55.868,123.764,25.534,52.837,1.528,2.827,11.361,11.493,0.049,false,20.375,SEVERE,8,sequential_yolo_pose,SM-S906U1,GPU
2026-04-22 16:47:56.004,127.171,28.038,52.957,1.422,7.319,8.865,10.502,0.050,false,20.407,SEVERE,8,sequential_yolo_pose,SM-S906U1,GPU
2026-04-22 16:47:56.135,121.387,24.699,53.587,1.017,2.101,7.658,12.002,0.038,false,20.375,SEVERE,8,sequential_yolo_pose,SM-S906U1,GPU
2026-04-22 16:47:56.265,124.828,24.794,52.250,1.334,2.631,14.496,9.793,0.054,false,20.344,SEVERE,8,sequential_yolo_pose,SM-S906U1,GPU
2026-04-22 16:47:56.399,129.108,27.578,52.139,1.579,3.480,10.028,10.228,0.163,false,20.344,SEVERE,8,sequential_yolo_pose,SM-S906U1,GPU
2026-04-22 16:47:56.536,129.828,24.061,52.652,1.556,3.174,14.794,13.698,0.050,false,20.438,SEVERE,8,sequential_yolo_pose,SM-S906U1,GPU
2026-04-22 16:47:56.664,119.584,24.217,57.660,0.875,2.370,9.884,10.988,0.054,false,20.407,SEVERE,8,sequential_yolo_pose,SM-S906U1,GPU
2026-04-22 16:47:56.794,123.650,26.533,51.425,0.826,3.278,10.612,12.051,0.049,false,20.407,SEVERE,8,sequential_yolo_pose,SM-S906U1,GPU
2026-04-22 16:47:56.925,125.744,23.931,53.663,1.578,2.949,11.187,12.536,0.054,false,20.375,SEVERE,8,sequential_yolo_pose,SM-S906U1,GPU
2026-04-22 16:47:57.061,129.761,25.206,53.714,1.520,3.036,10.419,16.633,0.051,false,20.375,SEVERE,8,sequential_yolo_pose,SM-S906U1,GPU
2026-04-22 16:47:57.195,128.758,24.943,52.828,1.176,2.777,10.430,13.614,0.054,false,20.375,SEVERE,8,sequential_yolo_pose,SM-S906U1,GPU
2026-04-22 16:47:57.327,127.295,24.781,53.670,1.126,2.182,9.942,16.782,0.060,false,20.407,SEVERE,8,sequential_yolo_pose,SM-S906U1,GPU
2026-04-22 16:47:57.469,135.580,31.929,53.064,1.522,3.142,10.112,10.865,0.050,false,20.375,SEVERE,8,sequential_yolo_pose,SM-S906U1,GPU
2026-04-22 16:47:57.602,120.947,26.996,52.342,1.527,2.699,8.190,10.784,0.066,false,20.250,SEVERE,8,sequential_yolo_pose,SM-S906U1,GPU
2026-04-22 16:47:57.731,120.573,24.803,57.634,1.506,4.484,5.668,11.131,0.049,false,20.426,SEVERE,7,sequential_yolo_pose,SM-S906U1,GPU
2026-04-22 16:47:57.867,130.807,25.643,56.806,1.342,2.809,14.275,11.434,0.036,false,20.407,SEVERE,7,sequential_yolo_pose,SM-S906U1,GPU
2026-04-22 16:47:58.005,130.883,29.080,54.085,2.071,3.184,11.115,13.035,0.033,false,20.407,SEVERE,7,sequential_yolo_pose,SM-S906U1,GPU
2026-04-22 16:47:58.129,118.796,23.336,54.436,1.871,3.554,9.833,13.990,0.053,false,20.407,SEVERE,7,sequential_yolo_pose,SM-S906U1,GPU
2026-04-22 16:47:58.255,120.243,23.786,54.666,1.244,2.069,8.322,9.918,0.066,false,20.375,SEVERE,7,sequential_yolo_pose,SM-S906U1,GPU
2026-04-22 16:47:58.374,113.879,24.285,53.061,0.868,1.806,5.882,11.233,0.024,false,20.313,SEVERE,7,sequential_yolo_pose,SM-S906U1,GPU
2026-04-22 16:47:58.499,121.250,27.549,53.459,1.444,2.146,8.921,10.945,0.055,false,20.375,SEVERE,7,sequential_yolo_pose,SM-S906U1,GPU
2026-04-22 16:47:58.628,119.135,23.689,52.208,2.173,2.409,7.902,11.300,0.054,false,20.375,SEVERE,7,sequential_yolo_pose,SM-S906U1,GPU
2026-04-22 16:47:58.748,111.737,24.798,53.614,0.999,1.752,6.034,12.269,0.060,false,20.500,SEVERE,8,sequential_yolo_pose,SM-S906U1,GPU
2026-04-22 16:47:58.880,126.845,24.941,54.702,1.470,2.557,8.789,15.455,0.086,false,20.375,SEVERE,8,sequential_yolo_pose,SM-S906U1,GPU
2026-04-22 16:47:59.003,117.946,24.892,53.014,1.482,3.168,9.080,10.358,0.055,false,20.313,SEVERE,8,sequential_yolo_pose,SM-S906U1,GPU
2026-04-22 16:47:59.133,122.228,24.302,53.256,1.726,2.748,10.665,11.603,0.052,false,20.375,SEVERE,8,sequential_yolo_pose,SM-S906U1,GPU
2026-04-22 16:47:59.262,122.766,22.887,56.563,1.342,2.802,8.002,12.159,0.072,false,14.535,SEVERE,8,sequential_yolo_pose,SM-S906U1,GPU
2026-04-22 16:47:59.392,122.381,24.119,52.922,1.509,2.744,9.810,10.514,0.055,false,21.520,SEVERE,8,sequential_yolo_pose,SM-S906U1,GPU
2026-04-22 16:47:59.529,131.762,24.560,56.907,1.288,2.308,15.497,13.668,0.037,false,38.559,SEVERE,8,sequential_yolo_pose,SM-S906U1,GPU
2026-04-22 16:47:59.667,124.503,26.674,52.573,1.570,3.208,9.014,10.682,0.054,false,20.375,SEVERE,8,sequential_yolo_pose,SM-S906U1,GPU
2026-04-22 16:47:59.792,116.131,24.211,57.300,1.031,3.329,8.035,10.179,0.200,false,20.375,SEVERE,8,sequential_yolo_pose,SM-S906U1,GPU
2026-04-22 16:47:59.920,122.270,24.885,54.258,0.810,1.630,6.044,13.633,0.039,false,20.407,SEVERE,8,sequential_yolo_pose,SM-S906U1,GPU
2026-04-22 16:48:00.038,113.514,24.190,51.134,0.750,1.591,5.341,11.083,0.051,false,20.313,SEVERE,8,sequential_yolo_pose,SM-S906U1,GPU
2026-04-22 16:48:00.163,119.779,25.164,53.836,0.979,1.784,9.564,11.761,0.067,false,20.375,SEVERE,8,sequential_yolo_pose,SM-S906U1,GPU
2026-04-22 16:48:00.305,134.258,25.226,52.815,0.958,3.089,16.627,14.085,0.025,false,20.375,SEVERE,8,sequential_yolo_pose,SM-S906U1,GPU
2026-04-22 16:48:00.435,120.516,25.851,53.814,1.314,2.987,7.883,11.054,0.104,false,20.375,SEVERE,8,sequential_yolo_pose,SM-S906U1,GPU
2026-04-22 16:48:00.559,115.704,25.584,52.522,0.913,2.193,6.097,10.457,0.061,false,20.344,SEVERE,8,sequential_yolo_pose,SM-S906U1,GPU
2026-04-22 16:48:00.685,121.596,23.973,52.108,1.057,2.197,7.969,14.868,0.067,false,20.375,SEVERE,8,sequential_yolo_pose,SM-S906U1,GPU
2026-04-22 16:48:00.819,128.298,26.263,55.519,1.090,2.564,8.118,16.368,0.048,false,20.375,SEVERE,8,sequential_yolo_pose,SM-S906U1,GPU
2026-04-22 16:48:00.946,122.016,27.314,52.258,0.686,2.037,7.090,14.167,0.044,false,20.313,SEVERE,8,sequential_yolo_pose,SM-S906U1,GPU
2026-04-22 16:48:01.075,121.462,24.923,52.493,0.988,1.910,7.431,13.300,0.092,false,20.375,SEVERE,8,sequential_yolo_pose,SM-S906U1,GPU
2026-04-22 16:48:01.196,116.065,23.214,55.635,1.369,3.430,10.418,10.516,0.047,false,20.344,SEVERE,8,sequential_yolo_pose,SM-S906U1,GPU
2026-04-22 16:48:01.328,126.865,24.495,53.445,1.472,2.961,9.989,13.204,0.052,false,20.438,SEVERE,8,sequential_yolo_pose,SM-S906U1,GPU
2026-04-22 16:48:01.449,117.447,24.434,52.914,1.079,2.104,7.211,11.368,0.044,false,20.375,SEVERE,8,sequential_yolo_pose,SM-S906U1,GPU
2026-04-22 16:48:01.571,116.961,24.659,52.279,0.828,1.907,8.058,11.595,0.050,false,20.375,SEVERE,8,sequential_yolo_pose,SM-S906U1,GPU
2026-04-22 16:48:01.703,122.607,24.270,54.001,1.418,2.517,7.923,12.407,0.054,false,20.375,SEVERE,8,sequential_yolo_pose,SM-S906U1,GPU
2026-04-22 16:48:01.836,126.337,24.149,52.226,1.539,2.847,10.651,11.870,0.044,false,20.344,SEVERE,7,sequential_yolo_pose,SM-S906U1,GPU
2026-04-22 16:48:01.965,123.337,24.884,51.745,1.484,2.699,13.868,11.053,0.049,false,20.407,SEVERE,7,sequential_yolo_pose,SM-S906U1,GPU
2026-04-22 16:48:02.093,122.910,23.500,53.348,1.343,3.250,12.825,10.259,0.049,false,20.407,SEVERE,7,sequential_yolo_pose,SM-S906U1,GPU
2026-04-22 16:48:02.218,120.110,23.234,56.752,1.031,2.088,7.581,12.230,0.048,false,20.375,SEVERE,7,sequential_yolo_pose,SM-S906U1,GPU
2026-04-22 16:48:02.345,121.883,23.435,52.323,1.429,2.831,8.641,15.556,0.063,false,20.375,SEVERE,7,sequential_yolo_pose,SM-S906U1,GPU
2026-04-22 16:48:02.473,121.282,23.971,56.490,1.256,2.473,8.568,10.991,0.076,false,20.344,SEVERE,7,sequential_yolo_pose,SM-S906U1,GPU
2026-04-22 16:48:02.593,112.978,25.718,53.843,0.566,1.346,6.364,10.432,0.064,false,20.313,SEVERE,7,sequential_yolo_pose,SM-S906U1,GPU
2026-04-22 16:48:02.729,131.344,24.009,61.165,0.944,2.234,10.471,14.482,0.076,false,20.438,SEVERE,8,sequential_yolo_pose,SM-S906U1,GPU
2026-04-22 16:48:02.861,125.982,23.403,52.874,1.585,4.209,10.019,12.453,0.051,false,20.375,SEVERE,8,sequential_yolo_pose,SM-S906U1,GPU
2026-04-22 16:48:02.993,126.922,23.876,55.756,1.518,3.067,14.231,10.515,0.053,false,20.344,SEVERE,8,sequential_yolo_pose,SM-S906U1,GPU
2026-04-22 16:48:03.136,135.681,26.337,55.613,1.854,6.007,12.837,11.661,0.076,false,20.407,SEVERE,8,sequential_yolo_pose,SM-S906U1,GPU
2026-04-22 16:48:03.232,91.646,23.064,51.549,0.489,0.000,0.000,0.000,0.000,true,16.918,SEVERE,8,sequential_yolo_pose,SM-S906U1,GPU
2026-04-22 16:48:03.350,109.400,28.700,54.403,0.372,0.000,0.000,0.000,0.000,true,30.594,SEVERE,8,sequential_yolo_pose,SM-S906U1,GPU
2026-04-22 16:48:03.488,132.312,25.252,55.122,1.243,4.502,9.668,13.898,0.055,false,16.825,SEVERE,8,sequential_yolo_pose,SM-S906U1,GPU
2026-04-22 16:48:03.624,129.788,28.223,55.928,0.666,3.509,8.769,13.626,0.037,false,20.407,SEVERE,8,sequential_yolo_pose,SM-S906U1,GPU
2026-04-22 16:48:03.752,122.912,26.268,52.328,1.175,3.671,8.557,11.607,0.052,false,20.407,SEVERE,8,sequential_yolo_pose,SM-S906U1,GPU
2026-04-22 16:48:03.879,121.213,24.659,51.957,1.117,2.880,6.305,14.605,0.041,false,20.375,SEVERE,8,sequential_yolo_pose,SM-S906U1,GPU
2026-04-22 16:48:03.999,115.313,24.190,54.152,1.292,4.504,8.781,10.561,0.053,false,20.313,SEVERE,8,sequential_yolo_pose,SM-S906U1,GPU
2026-04-22 16:48:04.134,125.646,24.540,53.329,1.606,6.091,11.708,11.992,0.048,false,20.407,SEVERE,8,sequential_yolo_pose,SM-S906U1,GPU
2026-04-22 16:48:04.267,123.236,23.565,52.076,1.030,2.361,15.936,10.339,0.052,false,20.375,SEVERE,8,sequential_yolo_pose,SM-S906U1,GPU
2026-04-22 16:48:04.396,121.721,23.814,52.163,1.363,4.956,10.799,10.098,0.062,false,20.375,SEVERE,8,sequential_yolo_pose,SM-S906U1,GPU
2026-04-22 16:48:04.523,122.394,23.489,56.177,1.381,5.064,9.591,10.240,0.055,false,20.375,SEVERE,8,sequential_yolo_pose,SM-S906U1,GPU
2026-04-22 16:48:04.654,125.939,25.954,53.500,1.131,3.512,9.663,15.708,0.035,false,20.407,SEVERE,8,sequential_yolo_pose,SM-S906U1,GPU
2026-04-22 16:48:04.771,112.491,23.825,52.369,0.772,2.421,5.392,10.910,0.048,false,20.407,SEVERE,8,sequential_yolo_pose,SM-S906U1,GPU
2026-04-22 16:48:04.903,127.041,28.927,52.895,1.573,4.200,9.455,11.525,0.892,false,20.375,SEVERE,8,sequential_yolo_pose,SM-S906U1,GPU
2026-04-22 16:48:05.042,129.508,23.318,56.962,1.531,7.816,7.327,15.315,0.060,false,20.469,SEVERE,8,sequential_yolo_pose,SM-S906U1,GPU
2026-04-22 16:48:05.174,126.347,28.681,53.503,1.495,3.978,8.514,12.672,0.051,false,20.344,SEVERE,8,sequential_yolo_pose,SM-S906U1,GPU
2026-04-22 16:48:05.304,123.734,28.961,51.990,1.336,3.637,8.677,11.065,0.059,false,20.282,SEVERE,8,sequential_yolo_pose,SM-S906U1,GPU
2026-04-22 16:48:05.430,115.679,25.322,54.809,0.828,3.089,8.074,11.204,0.055,false,20.375,SEVERE,8,sequential_yolo_pose,SM-S906U1,GPU
2026-04-22 16:48:05.561,126.489,23.500,52.728,1.070,4.183,10.326,11.359,0.071,false,20.375,SEVERE,8,sequential_yolo_pose,SM-S906U1,GPU
2026-04-22 16:48:05.693,126.415,26.235,53.439,1.499,4.076,10.096,11.988,0.057,false,20.375,SEVERE,8,sequential_yolo_pose,SM-S906U1,GPU
2026-04-22 16:48:05.821,122.993,24.535,52.431,0.925,2.341,11.099,11.344,0.061,false,20.469,SEVERE,8,sequential_yolo_pose,SM-S906U1,GPU
2026-04-22 16:48:05.942,115.851,23.628,53.621,0.975,3.027,7.722,9.921,0.056,false,20.344,SEVERE,8,sequential_yolo_pose,SM-S906U1,GPU
2026-04-22 16:48:06.067,117.538,27.441,52.286,1.324,2.395,5.350,10.779,0.051,false,20.375,SEVERE,8,sequential_yolo_pose,SM-S906U1,GPU
2026-04-22 16:48:06.204,131.704,26.525,54.710,1.560,7.732,11.536,11.649,0.070,false,20.438,SEVERE,8,sequential_yolo_pose,SM-S906U1,GPU
2026-04-22 16:48:06.306,95.723,23.093,53.844,0.994,0.000,0.000,0.000,0.000,true,17.012,SEVERE,8,sequential_yolo_pose,SM-S906U1,GPU
2026-04-22 16:48:06.416,100.323,24.601,54.046,0.716,0.000,0.000,0.000,0.000,true,30.594,SEVERE,8,sequential_yolo_pose,SM-S906U1,GPU
2026-04-22 16:48:06.546,126.054,28.452,51.119,0.708,2.758,6.880,14.459,0.037,false,16.856,SEVERE,8,sequential_yolo_pose,SM-S906U1,GPU
2026-04-22 16:48:06.671,119.974,24.651,55.816,1.278,4.574,6.866,11.074,0.050,false,20.407,SEVERE,8,sequential_yolo_pose,SM-S906U1,GPU
2026-04-22 16:48:06.803,123.341,30.012,56.380,0.698,2.473,5.401,11.214,0.045,false,20.469,SEVERE,8,sequential_yolo_pose,SM-S906U1,GPU
2026-04-22 16:48:06.930,121.067,23.687,57.699,1.325,3.061,11.840,11.464,0.038,false,20.438,SEVERE,8,sequential_yolo_pose,SM-S906U1,GPU
2026-04-22 16:48:07.064,129.035,26.307,52.979,1.207,4.856,10.327,12.393,0.039,false,20.375,SEVERE,8,sequential_yolo_pose,SM-S906U1,GPU
2026-04-22 16:48:07.189,115.076,24.514,52.296,1.134,4.136,10.046,10.868,0.037,false,20.375,SEVERE,8,sequential_yolo_pose,SM-S906U1,GPU
2026-04-22 16:48:07.326,130.016,24.172,54.213,0.981,4.420,13.053,11.864,0.061,false,20.375,SEVERE,8,sequential_yolo_pose,SM-S906U1,GPU
2026-04-22 16:48:07.453,120.946,24.310,51.646,1.015,4.003,9.003,13.032,0.049,false,20.375,SEVERE,8,sequential_yolo_pose,SM-S906U1,GPU
2026-04-22 16:48:07.584,125.421,27.050,51.910,0.959,3.640,7.747,15.991,0.050,false,20.375,SEVERE,8,sequential_yolo_pose,SM-S906U1,GPU
2026-04-22 16:48:07.710,120.137,27.198,51.892,0.736,2.777,5.628,13.760,0.036,false,20.344,SEVERE,8,sequential_yolo_pose,SM-S906U1,GPU
2026-04-22 16:48:07.837,122.473,24.343,53.819,1.268,5.511,8.951,12.014,0.034,false,20.399,SEVERE,8,sequential_yolo_pose,SM-S906U1,GPU
2026-04-22 16:48:07.969,124.567,23.290,55.140,1.425,4.393,10.012,12.387,0.065,false,20.375,SEVERE,8,sequential_yolo_pose,SM-S906U1,GPU
2026-04-22 16:48:08.098,120.403,24.639,52.476,1.213,3.723,9.507,11.104,0.064,false,20.344,SEVERE,8,sequential_yolo_pose,SM-S906U1,GPU
2026-04-22 16:48:08.241,136.907,26.609,52.553,1.128,3.780,17.709,18.279,0.060,false,20.407,SEVERE,8,sequential_yolo_pose,SM-S906U1,GPU
2026-04-22 16:48:08.372,122.491,27.055,53.713,1.396,2.893,7.143,11.554,0.062,false,20.407,SEVERE,8,sequential_yolo_pose,SM-S906U1,GPU
2026-04-22 16:48:08.501,120.931,29.453,53.252,1.007,2.766,6.768,12.002,0.048,false,20.313,SEVERE,8,sequential_yolo_pose,SM-S906U1,GPU
2026-04-22 16:48:08.630,123.427,25.122,52.221,0.945,2.809,10.644,10.976,0.042,false,20.344,SEVERE,8,sequential_yolo_pose,SM-S906U1,GPU
2026-04-22 16:48:08.765,129.292,27.312,53.911,1.338,3.971,10.230,10.596,0.077,false,20.313,SEVERE,7,sequential_yolo_pose,SM-S906U1,GPU
2026-04-22 16:48:08.901,129.836,24.366,53.274,1.798,6.259,12.354,11.855,0.050,false,20.407,SEVERE,7,sequential_yolo_pose,SM-S906U1,GPU
2026-04-22 16:48:09.033,126.637,29.078,50.909,1.456,4.896,10.170,11.388,0.054,false,20.344,SEVERE,7,sequential_yolo_pose,SM-S906U1,GPU
2026-04-22 16:48:09.163,122.011,23.698,53.248,1.519,4.653,9.650,10.108,0.051,false,20.344,SEVERE,7,sequential_yolo_pose,SM-S906U1,GPU
2026-04-22 16:48:09.301,131.119,28.038,52.140,1.217,4.703,11.681,10.835,0.035,false,20.438,SEVERE,7,sequential_yolo_pose,SM-S906U1,GPU
2026-04-22 16:48:09.410,100.442,27.321,52.794,0.484,0.000,0.000,0.000,0.000,true,16.949,SEVERE,7,sequential_yolo_pose,SM-S906U1,GPU
2026-04-22 16:48:09.524,105.544,24.504,55.960,0.532,0.000,0.000,0.000,0.000,true,30.625,SEVERE,7,sequential_yolo_pose,SM-S906U1,GPU
2026-04-22 16:48:09.634,104.368,25.296,53.820,0.785,0.000,0.000,0.000,0.000,true,13.883,SEVERE,7,sequential_yolo_pose,SM-S906U1,GPU
2026-04-22 16:48:09.769,127.804,25.499,52.500,1.173,3.674,10.039,10.841,0.068,false,20.367,SEVERE,8,sequential_yolo_pose,SM-S906U1,GPU
2026-04-22 16:48:09.892,113.352,25.815,54.679,0.633,1.974,8.445,9.564,0.036,false,20.344,SEVERE,8,sequential_yolo_pose,SM-S906U1,GPU
2026-04-22 16:48:10.022,125.519,32.112,50.402,0.739,1.837,7.676,10.590,0.048,false,20.375,SEVERE,8,sequential_yolo_pose,SM-S906U1,GPU
2026-04-22 16:48:10.152,126.399,32.403,51.262,0.571,1.689,5.108,10.643,0.050,false,20.375,SEVERE,8,sequential_yolo_pose,SM-S906U1,GPU
2026-04-22 16:48:10.281,123.912,31.607,55.722,0.629,1.836,5.542,10.413,0.050,false,20.313,SEVERE,8,sequential_yolo_pose,SM-S906U1,GPU
2026-04-22 16:48:10.404,118.864,28.124,52.223,0.773,2.387,7.556,11.059,0.122,false,20.375,SEVERE,8,sequential_yolo_pose,SM-S906U1,GPU
2026-04-22 16:48:10.541,127.672,25.648,53.600,1.128,3.119,10.152,13.298,0.076,false,20.344,SEVERE,8,sequential_yolo_pose,SM-S906U1,GPU
2026-04-22 16:48:10.664,114.414,23.216,53.436,1.069,3.033,11.393,10.816,0.055,false,20.375,SEVERE,8,sequential_yolo_pose,SM-S906U1,GPU
2026-04-22 16:48:10.793,119.684,24.078,53.010,0.878,2.661,9.402,11.242,0.037,false,20.407,SEVERE,8,sequential_yolo_pose,SM-S906U1,GPU
2026-04-22 16:48:10.919,121.727,25.534,52.326,0.630,2.329,8.641,13.468,0.057,false,20.344,SEVERE,8,sequential_yolo_pose,SM-S906U1,GPU
2026-04-22 16:48:11.054,129.927,24.867,54.378,0.988,2.953,14.958,13.348,0.057,false,20.375,SEVERE,8,sequential_yolo_pose,SM-S906U1,GPU
2026-04-22 16:48:11.186,126.744,23.216,59.148,1.173,3.081,10.303,11.971,0.110,false,20.375,SEVERE,8,sequential_yolo_pose,SM-S906U1,GPU
2026-04-22 16:48:11.323,129.606,27.534,54.477,0.681,2.229,12.183,14.058,0.040,false,20.407,SEVERE,8,sequential_yolo_pose,SM-S906U1,GPU
2026-04-22 16:48:11.443,114.986,23.115,51.329,0.798,2.170,8.670,10.858,0.066,false,20.375,SEVERE,8,sequential_yolo_pose,SM-S906U1,GPU
2026-04-22 16:48:11.574,121.461,24.598,53.278,1.235,2.307,8.418,11.079,0.063,false,20.344,SEVERE,8,sequential_yolo_pose,SM-S906U1,GPU
2026-04-22 16:48:11.702,121.631,28.227,51.918,0.764,2.084,6.715,10.379,0.036,false,20.282,SEVERE,8,sequential_yolo_pose,SM-S906U1,GPU
2026-04-22 16:48:11.829,120.422,24.685,54.286,0.693,1.892,6.204,11.680,0.064,false,20.469,SEVERE,8,sequential_yolo_pose,SM-S906U1,GPU
2026-04-22 16:48:11.953,118.003,23.779,52.585,1.101,2.370,8.728,17.385,0.031,false,20.375,SEVERE,8,sequential_yolo_pose,SM-S906U1,GPU
2026-04-22 16:48:12.074,116.852,23.513,53.297,0.756,2.446,7.797,12.809,0.054,false,20.375,SEVERE,8,sequential_yolo_pose,SM-S906U1,GPU
2026-04-22 16:48:12.207,126.631,23.338,52.799,1.095,3.258,14.385,13.560,0.048,false,20.434,SEVERE,8,sequential_yolo_pose,SM-S906U1,GPU
2026-04-22 16:48:12.330,118.752,24.050,52.279,0.792,2.588,11.088,11.606,0.048,false,20.344,SEVERE,8,sequential_yolo_pose,SM-S906U1,GPU
2026-04-22 16:48:12.462,126.147,23.500,52.124,1.082,3.465,9.485,12.213,0.058,false,20.407,SEVERE,8,sequential_yolo_pose,SM-S906U1,GPU
2026-04-22 16:48:12.597,130.343,23.386,55.696,1.101,3.370,12.438,14.406,0.049,false,20.375,SEVERE,8,sequential_yolo_pose,SM-S906U1,GPU
2026-04-22 16:48:12.724,121.757,25.306,53.538,0.836,2.133,10.940,10.556,0.062,false,20.344,SEVERE,8,sequential_yolo_pose,SM-S906U1,GPU
2026-04-22 16:48:12.852,123.118,28.340,51.782,0.647,1.652,7.947,14.636,0.048,false,20.457,SEVERE,8,sequential_yolo_pose,SM-S906U1,GPU
2026-04-22 16:48:12.978,120.786,26.468,53.120,0.780,2.020,7.345,12.773,0.058,false,20.344,SEVERE,8,sequential_yolo_pose,SM-S906U1,GPU
2026-04-22 16:48:13.113,126.262,25.278,56.254,1.010,2.697,8.842,13.245,0.046,false,20.375,SEVERE,8,sequential_yolo_pose,SM-S906U1,GPU
2026-04-22 16:48:13.243,124.388,26.649,52.406,1.093,2.777,8.589,15.160,0.056,false,20.438,SEVERE,8,sequential_yolo_pose,SM-S906U1,GPU
2026-04-22 16:48:13.368,116.441,27.051,52.348,0.606,1.764,5.986,11.184,0.060,false,20.375,SEVERE,8,sequential_yolo_pose,SM-S906U1,GPU
2026-04-22 16:48:13.499,121.814,23.945,55.008,0.957,2.728,9.102,11.418,0.046,false,20.438,SEVERE,8,sequential_yolo_pose,SM-S906U1,GPU
2026-04-22 16:48:13.632,127.392,24.062,52.657,1.175,6.638,9.292,11.326,0.044,false,20.375,SEVERE,8,sequential_yolo_pose,SM-S906U1,GPU
2026-04-22 16:48:13.754,116.132,24.097,52.540,0.721,2.041,6.145,10.269,0.066,false,20.282,SEVERE,8,sequential_yolo_pose,SM-S906U1,GPU
2026-04-22 16:48:13.884,125.248,25.042,55.126,0.866,2.384,7.542,14.249,0.052,false,20.375,SEVERE,8,sequential_yolo_pose,SM-S906U1,GPU
2026-04-22 16:48:14.017,127.190,26.502,53.583,0.684,2.046,6.847,18.708,0.063,false,20.375,SEVERE,8,sequential_yolo_pose,SM-S906U1,GPU
2026-04-22 16:48:14.142,117.712,25.780,52.672,0.615,1.666,6.002,12.321,0.066,false,20.282,SEVERE,8,sequential_yolo_pose,SM-S906U1,GPU
2026-04-22 16:48:14.271,122.285,29.642,52.368,0.626,1.864,5.471,11.791,0.038,false,20.407,SEVERE,8,sequential_yolo_pose,SM-S906U1,GPU
2026-04-22 16:48:14.406,124.355,27.567,53.789,1.108,2.779,9.158,11.338,0.054,false,20.344,SEVERE,8,sequential_yolo_pose,SM-S906U1,GPU
2026-04-22 16:48:14.533,119.421,24.946,52.800,0.786,1.923,5.753,12.030,0.036,false,20.375,SEVERE,8,sequential_yolo_pose,SM-S906U1,GPU
2026-04-22 16:48:14.656,118.257,22.919,52.524,0.926,3.313,10.606,14.985,0.066,false,20.375,SEVERE,8,sequential_yolo_pose,SM-S906U1,GPU
2026-04-22 16:48:14.786,125.202,24.086,56.265,0.898,3.057,9.388,15.178,0.061,false,20.344,SEVERE,8,sequential_yolo_pose,SM-S906U1,GPU
2026-04-22 16:48:14.924,128.340,26.134,54.882,0.728,3.445,13.619,11.019,0.048,false,20.407,SEVERE,8,sequential_yolo_pose,SM-S906U1,GPU
2026-04-22 16:48:15.050,121.953,23.608,54.703,0.950,2.716,8.399,13.213,0.053,false,20.375,SEVERE,8,sequential_yolo_pose,SM-S906U1,GPU
2026-04-22 16:48:15.171,115.502,24.235,52.353,0.670,1.797,5.493,11.337,0.033,false,20.407,SEVERE,8,sequential_yolo_pose,SM-S906U1,GPU
2026-04-22 16:48:15.303,126.437,25.871,53.497,1.333,3.078,10.701,13.539,0.050,false,20.375,SEVERE,8,sequential_yolo_pose,SM-S906U1,GPU
2026-04-22 16:48:15.433,121.252,23.202,52.808,1.020,2.490,10.400,10.653,0.043,false,20.407,SEVERE,8,sequential_yolo_pose,SM-S906U1,GPU
2026-04-22 16:48:15.559,118.616,23.857,52.721,0.580,2.510,11.195,10.300,0.036,false,20.375,SEVERE,8,sequential_yolo_pose,SM-S906U1,GPU
2026-04-22 16:48:15.691,126.709,25.009,56.066,1.218,3.429,11.103,11.008,0.040,false,20.438,SEVERE,8,sequential_yolo_pose,SM-S906U1,GPU
2026-04-22 16:48:15.820,123.329,23.296,57.132,1.284,4.002,8.979,10.007,0.038,false,20.407,SEVERE,7,sequential_yolo_pose,SM-S906U1,GPU
2026-04-22 16:48:15.945,119.854,25.909,52.095,0.984,2.481,7.580,11.361,0.052,false,20.375,SEVERE,7,sequential_yolo_pose,SM-S906U1,GPU
2026-04-22 16:48:16.076,126.060,24.067,54.583,2.951,2.764,8.450,13.496,0.040,false,20.407,SEVERE,7,sequential_yolo_pose,SM-S906U1,GPU
2026-04-22 16:48:16.202,118.807,22.948,52.461,1.248,3.954,9.846,10.041,0.043,false,20.375,SEVERE,7,sequential_yolo_pose,SM-S906U1,GPU
2026-04-22 16:48:16.326,116.661,24.052,54.748,1.081,3.076,11.039,11.009,0.037,false,20.344,SEVERE,7,sequential_yolo_pose,SM-S906U1,GPU
2026-04-22 16:48:16.429,96.425,25.681,52.552,0.482,0.000,0.000,0.000,0.000,true,16.949,SEVERE,7,sequential_yolo_pose,SM-S906U1,GPU
2026-04-22 16:48:16.575,138.664,29.982,52.478,1.214,3.884,11.162,14.237,0.057,false,33.989,SEVERE,7,sequential_yolo_pose,SM-S906U1,GPU
2026-04-22 16:48:16.716,127.282,28.175,54.121,0.812,2.696,8.068,14.767,0.065,false,20.403,SEVERE,7,sequential_yolo_pose,SM-S906U1,GPU
2026-04-22 16:48:16.838,116.621,24.397,54.613,0.601,1.628,5.754,10.754,0.052,false,20.500,SEVERE,8,sequential_yolo_pose,SM-S906U1,GPU
2026-04-22 16:48:16.963,116.881,25.804,52.849,0.640,1.644,7.282,10.389,0.051,false,20.313,SEVERE,8,sequential_yolo_pose,SM-S906U1,GPU
2026-04-22 16:48:17.092,124.066,26.227,53.763,0.939,2.374,9.589,13.388,0.044,false,20.344,SEVERE,8,sequential_yolo_pose,SM-S906U1,GPU
2026-04-22 16:48:17.227,129.995,27.804,54.945,0.621,3.004,11.960,12.727,0.054,false,20.375,SEVERE,8,sequential_yolo_pose,SM-S906U1,GPU
2026-04-22 16:48:17.358,125.192,24.463,53.280,0.825,2.996,8.296,13.474,0.060,false,20.375,SEVERE,8,sequential_yolo_pose,SM-S906U1,GPU
2026-04-22 16:48:17.489,125.511,23.990,53.373,1.033,2.725,11.390,14.499,0.053,false,20.438,SEVERE,8,sequential_yolo_pose,SM-S906U1,GPU
2026-04-22 16:48:17.604,110.951,24.085,50.623,0.568,1.563,5.687,11.639,0.054,false,20.375,SEVERE,8,sequential_yolo_pose,SM-S906U1,GPU
2026-04-22 16:48:17.728,118.396,24.202,54.771,0.814,2.763,11.125,12.023,0.051,false,20.371,SEVERE,8,sequential_yolo_pose,SM-S906U1,GPU
2026-04-22 16:48:17.857,122.899,23.935,53.216,0.745,1.762,7.968,11.319,0.057,false,20.563,SEVERE,8,sequential_yolo_pose,SM-S906U1,GPU
2026-04-22 16:48:17.985,123.661,23.590,53.783,0.826,2.695,8.936,16.256,0.053,false,20.375,SEVERE,8,sequential_yolo_pose,SM-S906U1,GPU
2026-04-22 16:48:18.116,125.558,28.992,52.544,0.920,2.641,10.004,12.546,0.028,false,20.375,SEVERE,8,sequential_yolo_pose,SM-S906U1,GPU
2026-04-22 16:48:18.253,131.025,25.060,54.214,1.260,3.065,12.435,11.304,0.040,false,20.375,SEVERE,8,sequential_yolo_pose,SM-S906U1,GPU
2026-04-22 16:48:18.372,114.289,23.964,53.936,1.076,2.766,7.730,12.293,0.057,false,20.344,SEVERE,8,sequential_yolo_pose,SM-S906U1,GPU
2026-04-22 16:48:18.501,117.598,24.761,52.365,0.996,4.070,6.131,11.041,0.052,false,20.313,SEVERE,8,sequential_yolo_pose,SM-S906U1,GPU
2026-04-22 16:48:18.630,122.128,23.737,53.480,0.673,2.339,9.489,11.574,0.054,false,20.407,SEVERE,8,sequential_yolo_pose,SM-S906U1,GPU
2026-04-22 16:48:18.762,125.200,25.626,53.147,0.763,3.215,12.699,10.235,0.036,false,20.375,SEVERE,8,sequential_yolo_pose,SM-S906U1,GPU
2026-04-22 16:48:18.882,114.802,24.883,51.733,0.590,1.905,5.605,9.162,0.050,false,20.375,SEVERE,8,sequential_yolo_pose,SM-S906U1,GPU
2026-04-22 16:48:19.014,126.930,31.811,53.485,0.550,2.245,7.438,13.102,0.055,false,20.375,SEVERE,8,sequential_yolo_pose,SM-S906U1,GPU
2026-04-22 16:48:19.141,121.883,26.468,53.120,1.197,2.802,7.696,11.918,0.037,false,20.344,SEVERE,8,sequential_yolo_pose,SM-S906U1,GPU
2026-04-22 16:48:19.275,127.879,27.336,54.471,1.010,2.639,8.596,14.361,0.045,false,20.340,SEVERE,8,sequential_yolo_pose,SM-S906U1,GPU
2026-04-22 16:48:19.395,113.457,24.100,53.218,0.997,2.040,7.576,11.667,0.054,false,20.375,SEVERE,8,sequential_yolo_pose,SM-S906U1,GPU
2026-04-22 16:48:19.521,120.988,26.127,53.036,0.662,2.828,7.540,11.051,0.034,false,20.438,SEVERE,8,sequential_yolo_pose,SM-S906U1,GPU
2026-04-22 16:48:19.642,116.025,24.612,53.351,0.665,1.870,5.467,12.235,0.041,false,20.375,SEVERE,8,sequential_yolo_pose,SM-S906U1,GPU
2026-04-22 16:48:19.763,116.108,25.250,52.939,0.558,1.798,6.250,11.239,0.040,false,20.407,SEVERE,8,sequential_yolo_pose,SM-S906U1,GPU
2026-04-22 16:48:19.891,120.810,26.653,53.090,0.847,2.222,7.634,11.176,0.037,false,20.403,SEVERE,8,sequential_yolo_pose,SM-S906U1,GPU
2026-04-22 16:48:20.019,122.900,28.021,51.997,0.637,1.789,9.657,12.045,0.054,false,20.344,SEVERE,8,sequential_yolo_pose,SM-S906U1,GPU
2026-04-22 16:48:20.152,126.892,27.926,55.565,0.607,2.276,7.547,14.878,0.048,false,20.344,SEVERE,8,sequential_yolo_pose,SM-S906U1,GPU
2026-04-22 16:48:20.285,128.522,24.898,55.089,1.285,3.093,10.281,15.298,0.051,false,20.375,SEVERE,8,sequential_yolo_pose,SM-S906U1,GPU
2026-04-22 16:48:20.406,115.413,24.687,53.021,0.732,1.739,6.096,14.140,0.050,false,20.438,SEVERE,8,sequential_yolo_pose,SM-S906U1,GPU
2026-04-22 16:48:20.541,128.195,23.749,55.823,1.092,3.105,12.999,12.998,0.061,false,20.407,SEVERE,8,sequential_yolo_pose,SM-S906U1,GPU
2026-04-22 16:48:20.667,120.547,23.432,54.766,1.259,3.259,9.678,10.998,0.034,false,20.375,SEVERE,8,sequential_yolo_pose,SM-S906U1,GPU
2026-04-22 16:48:20.771,95.468,24.442,52.399,0.909,0.000,0.000,0.000,0.000,true,17.012,SEVERE,8,sequential_yolo_pose,SM-S906U1,GPU
2026-04-22 16:48:20.902,121.599,24.425,53.384,1.101,2.597,7.179,11.860,0.048,false,34.051,SEVERE,8,sequential_yolo_pose,SM-S906U1,GPU
2026-04-22 16:48:21.031,123.866,29.142,56.720,0.974,2.685,9.802,12.146,0.041,false,30.196,SEVERE,8,sequential_yolo_pose,SM-S906U1,GPU
2026-04-22 16:48:21.165,127.318,25.800,52.827,1.170,4.185,10.087,12.210,0.050,false,20.375,SEVERE,8,sequential_yolo_pose,SM-S906U1,GPU
2026-04-22 16:48:21.301,127.604,27.617,52.126,1.017,3.343,10.598,12.043,0.061,false,20.375,SEVERE,8,sequential_yolo_pose,SM-S906U1,GPU
2026-04-22 16:48:21.432,123.462,25.147,52.061,0.959,5.025,10.289,12.036,0.053,false,20.375,SEVERE,8,sequential_yolo_pose,SM-S906U1,GPU
2026-04-22 16:48:21.562,124.055,23.403,52.962,1.224,2.486,11.605,10.346,0.055,false,20.313,SEVERE,8,sequential_yolo_pose,SM-S906U1,GPU
2026-04-22 16:48:21.698,129.349,23.786,55.204,1.150,3.175,10.873,16.755,0.053,false,20.407,SEVERE,8,sequential_yolo_pose,SM-S906U1,GPU
2026-04-22 16:48:21.832,128.541,26.924,53.248,1.131,3.076,14.334,10.828,0.078,false,20.375,SEVERE,8,sequential_yolo_pose,SM-S906U1,GPU
2026-04-22 16:48:21.962,124.253,23.709,53.147,0.921,2.722,11.325,13.297,0.077,false,20.375,SEVERE,7,sequential_yolo_pose,SM-S906U1,GPU
2026-04-22 16:48:22.092,123.212,23.973,54.149,1.028,3.295,10.325,10.947,0.052,false,20.375,SEVERE,7,sequential_yolo_pose,SM-S906U1,GPU
2026-04-22 16:48:22.216,118.982,25.400,53.963,0.675,1.897,6.149,12.280,0.051,false,20.375,SEVERE,7,sequential_yolo_pose,SM-S906U1,GPU
2026-04-22 16:48:22.343,121.676,27.425,51.144,0.553,1.591,7.033,13.169,0.057,false,20.375,SEVERE,7,sequential_yolo_pose,SM-S906U1,GPU
2026-04-22 16:48:22.466,117.924,24.550,55.731,0.819,2.442,6.613,10.286,0.060,false,20.340,SEVERE,7,sequential_yolo_pose,SM-S906U1,GPU
2026-04-22 16:48:22.586,114.144,23.535,53.201,0.784,2.469,8.531,10.155,0.062,false,20.375,SEVERE,7,sequential_yolo_pose,SM-S906U1,GPU
2026-04-22 16:48:22.712,121.011,24.214,55.187,0.875,2.758,8.444,10.734,0.054,false,20.313,SEVERE,7,sequential_yolo_pose,SM-S906U1,GPU
2026-04-22 16:48:22.837,116.929,23.447,53.904,1.047,2.624,7.477,11.026,0.054,false,20.375,SEVERE,7,sequential_yolo_pose,SM-S906U1,GPU
2026-04-22 16:48:22.975,127.508,25.595,53.500,1.216,3.085,11.579,14.205,0.041,false,20.375,SEVERE,9,sequential_yolo_pose,SM-S906U1,GPU
2026-04-22 16:48:23.101,119.628,24.111,54.424,1.373,4.716,8.118,10.321,0.037,false,20.344,SEVERE,9,sequential_yolo_pose,SM-S906U1,GPU
2026-04-22 16:48:23.234,127.638,25.789,52.270,1.147,3.156,16.149,11.372,0.036,false,20.438,SEVERE,9,sequential_yolo_pose,SM-S906U1,GPU
2026-04-22 16:48:23.364,125.209,26.250,54.325,0.816,1.922,10.383,10.711,0.064,false,20.313,SEVERE,9,sequential_yolo_pose,SM-S906U1,GPU
2026-04-22 16:48:23.504,134.392,24.738,54.506,0.662,6.623,13.241,12.496,0.052,false,20.438,SEVERE,9,sequential_yolo_pose,SM-S906U1,GPU
2026-04-22 16:48:23.638,123.155,25.250,52.968,1.267,3.231,10.197,11.801,0.041,false,20.375,SEVERE,9,sequential_yolo_pose,SM-S906U1,GPU
2026-04-22 16:48:23.775,126.168,28.686,53.127,1.061,2.626,8.215,12.902,0.049,false,20.375,SEVERE,9,sequential_yolo_pose,SM-S906U1,GPU
2026-04-22 16:48:23.899,111.739,25.379,54.025,0.671,1.849,5.809,10.196,0.044,false,20.469,SEVERE,7,sequential_yolo_pose,SM-S906U1,GPU
2026-04-22 16:48:24.027,123.769,24.874,51.573,0.704,3.025,11.398,13.153,0.058,false,20.375,SEVERE,7,sequential_yolo_pose,SM-S906U1,GPU
2026-04-22 16:48:24.157,124.723,24.093,55.141,1.242,3.155,9.911,11.323,0.034,false,20.375,SEVERE,7,sequential_yolo_pose,SM-S906U1,GPU
2026-04-22 16:48:24.275,113.360,23.717,51.779,0.938,2.175,6.608,11.649,0.041,false,20.375,SEVERE,7,sequential_yolo_pose,SM-S906U1,GPU
2026-04-22 16:48:24.399,114.961,24.105,53.920,1.048,2.972,7.392,10.412,0.061,false,20.313,SEVERE,7,sequential_yolo_pose,SM-S906U1,GPU
2026-04-22 16:48:24.536,129.325,24.580,54.061,1.213,2.985,16.093,11.917,0.031,false,20.407,SEVERE,7,sequential_yolo_pose,SM-S906U1,GPU
2026-04-22 16:48:24.666,121.767,23.615,50.547,0.799,4.162,12.699,10.370,0.048,false,20.344,SEVERE,7,sequential_yolo_pose,SM-S906U1,GPU
2026-04-22 16:48:24.801,126.445,24.671,53.149,3.226,3.162,12.785,10.534,0.157,false,20.403,SEVERE,7,sequential_yolo_pose,SM-S906U1,GPU
2026-04-22 16:48:24.925,115.291,23.901,53.498,0.711,3.610,5.968,11.097,0.036,false,20.496,SEVERE,8,sequential_yolo_pose,SM-S906U1,GPU
2026-04-22 16:48:25.057,127.350,27.196,54.658,0.714,1.964,7.365,12.760,0.057,false,20.375,SEVERE,8,sequential_yolo_pose,SM-S906U1,GPU
2026-04-22 16:48:25.187,124.019,26.766,53.483,0.860,2.848,9.584,11.678,0.057,false,20.344,SEVERE,8,sequential_yolo_pose,SM-S906U1,GPU
2026-04-22 16:48:25.293,100.514,28.173,53.982,0.546,0.000,0.000,0.000,0.000,true,16.981,SEVERE,8,sequential_yolo_pose,SM-S906U1,GPU
2026-04-22 16:48:25.448,144.772,29.839,52.809,1.028,2.650,7.919,16.867,0.033,false,34.051,SEVERE,8,sequential_yolo_pose,SM-S906U1,GPU
2026-04-22 16:48:25.572,113.158,24.542,53.762,0.542,1.645,5.120,9.749,0.046,false,20.340,SEVERE,8,sequential_yolo_pose,SM-S906U1,GPU
2026-04-22 16:48:25.698,121.233,29.739,53.955,0.729,1.898,6.123,11.562,0.050,false,20.407,SEVERE,8,sequential_yolo_pose,SM-S906U1,GPU
2026-04-22 16:48:25.822,118.359,25.074,52.053,0.756,2.168,7.445,10.464,0.063,false,20.344,SEVERE,8,sequential_yolo_pose,SM-S906U1,GPU
2026-04-22 16:48:25.954,127.083,28.832,55.783,0.635,2.221,9.773,11.021,0.054,false,20.442,SEVERE,8,sequential_yolo_pose,SM-S906U1,GPU
2026-04-22 16:48:26.085,126.118,29.533,54.035,0.571,1.874,9.550,12.010,0.066,false,20.375,SEVERE,8,sequential_yolo_pose,SM-S906U1,GPU
2026-04-22 16:48:26.221,129.061,27.587,53.238,1.246,3.088,12.833,11.927,0.062,false,20.375,SEVERE,8,sequential_yolo_pose,SM-S906U1,GPU
2026-04-22 16:48:26.337,111.586,23.990,55.078,0.847,1.683,5.257,9.894,0.047,false,20.313,SEVERE,8,sequential_yolo_pose,SM-S906U1,GPU
2026-04-22 16:48:26.464,122.004,24.108,55.313,1.114,3.173,9.886,10.435,0.051,false,14.535,SEVERE,8,sequential_yolo_pose,SM-S906U1,GPU
2026-04-22 16:48:26.589,119.278,23.080,52.972,1.136,3.118,12.490,11.752,0.053,false,21.551,SEVERE,8,sequential_yolo_pose,SM-S906U1,GPU
2026-04-22 16:48:26.711,116.744,24.495,51.689,1.012,2.358,6.298,11.600,0.035,false,38.528,SEVERE,8,sequential_yolo_pose,SM-S906U1,GPU
2026-04-22 16:48:26.833,113.578,23.246,54.059,0.668,1.669,5.148,10.624,0.037,false,20.407,SEVERE,8,sequential_yolo_pose,SM-S906U1,GPU
2026-04-22 16:48:26.955,117.553,23.674,56.802,0.590,2.478,5.600,12.350,0.053,false,20.438,SEVERE,8,sequential_yolo_pose,SM-S906U1,GPU
2026-04-22 16:48:27.080,118.968,23.287,55.510,0.597,1.671,5.887,14.885,0.052,false,20.407,SEVERE,8,sequential_yolo_pose,SM-S906U1,GPU
2026-04-22 16:48:27.216,128.746,26.492,60.908,0.759,1.843,5.923,14.384,0.045,false,20.407,SEVERE,8,sequential_yolo_pose,SM-S906U1,GPU
2026-04-22 16:48:27.334,113.342,23.390,57.548,0.697,2.141,5.795,11.862,0.025,false,20.375,SEVERE,8,sequential_yolo_pose,SM-S906U1,GPU
2026-04-22 16:48:27.452,113.680,23.845,57.024,0.700,2.015,6.019,12.378,0.054,false,20.375,SEVERE,8,sequential_yolo_pose,SM-S906U1,GPU
2026-04-22 16:48:27.577,119.052,24.982,56.101,0.632,1.873,5.905,11.265,0.056,false,20.344,SEVERE,8,sequential_yolo_pose,SM-S906U1,GPU
2026-04-22 16:48:27.704,121.477,24.587,57.362,0.613,1.914,5.741,12.925,0.053,false,20.407,SEVERE,8,sequential_yolo_pose,SM-S906U1,GPU
2026-04-22 16:48:27.836,124.947,25.036,58.080,0.664,2.013,5.890,12.340,0.054,false,20.375,SEVERE,8,sequential_yolo_pose,SM-S906U1,GPU
2026-04-22 16:48:27.957,114.687,24.660,53.640,0.635,3.502,5.910,10.370,0.039,false,20.344,SEVERE,8,sequential_yolo_pose,SM-S906U1,GPU
2026-04-22 16:48:28.075,111.798,23.206,54.557,0.637,1.993,5.897,12.634,0.111,false,20.313,SEVERE,8,sequential_yolo_pose,SM-S906U1,GPU
2026-04-22 16:48:28.194,112.759,23.862,55.886,0.686,1.926,6.983,10.287,0.041,false,20.309,SEVERE,8,sequential_yolo_pose,SM-S906U1,GPU
2026-04-22 16:48:28.318,118.213,28.227,52.366,0.673,1.729,5.698,10.735,0.042,false,20.375,SEVERE,8,sequential_yolo_pose,SM-S906U1,GPU
2026-04-22 16:48:28.439,116.492,23.743,57.269,0.694,1.913,5.872,10.771,0.055,false,20.313,SEVERE,8,sequential_yolo_pose,SM-S906U1,GPU
2026-04-22 16:48:28.561,115.394,24.256,60.162,0.653,1.834,5.706,10.180,0.036,false,20.375,SEVERE,8,sequential_yolo_pose,SM-S906U1,GPU
2026-04-22 16:48:28.692,125.126,24.122,57.115,0.705,2.067,5.795,14.162,0.089,false,20.375,SEVERE,8,sequential_yolo_pose,SM-S906U1,GPU
2026-04-22 16:48:28.821,123.636,25.712,58.755,0.651,2.367,6.065,12.054,0.037,false,20.375,SEVERE,8,sequential_yolo_pose,SM-S906U1,GPU
2026-04-22 16:48:28.936,110.522,23.226,57.523,0.527,1.330,4.713,11.240,0.021,false,20.500,SEVERE,8,sequential_yolo_pose,SM-S906U1,GPU
2026-04-22 16:48:29.058,117.367,23.356,54.511,1.022,2.702,9.106,14.979,0.039,false,20.375,SEVERE,8,sequential_yolo_pose,SM-S906U1,GPU
2026-04-22 16:48:29.192,128.116,28.531,51.894,0.644,1.739,7.424,19.439,0.049,false,20.407,SEVERE,8,sequential_yolo_pose,SM-S906U1,GPU
2026-04-22 16:48:29.295,96.839,23.866,53.075,0.419,0.000,0.000,0.000,0.000,true,16.981,SEVERE,8,sequential_yolo_pose,SM-S906U1,GPU
2026-04-22 16:48:29.415,112.239,30.370,53.605,0.683,0.000,0.000,0.000,0.000,true,30.594,SEVERE,8,sequential_yolo_pose,SM-S906U1,GPU
2026-04-22 16:48:29.527,105.142,27.761,53.937,0.696,0.000,0.000,0.000,0.000,true,13.883,SEVERE,8,sequential_yolo_pose,SM-S906U1,GPU
2026-04-22 16:48:29.673,131.367,28.658,52.319,1.182,3.026,9.861,13.561,0.047,false,20.367,SEVERE,8,sequential_yolo_pose,SM-S906U1,GPU
2026-04-22 16:48:29.803,122.417,25.421,52.969,0.779,2.566,8.448,13.290,0.052,false,20.375,SEVERE,8,sequential_yolo_pose,SM-S906U1,GPU
2026-04-22 16:48:29.926,114.765,23.216,53.045,0.621,3.959,5.679,11.545,0.046,false,20.500,SEVERE,8,sequential_yolo_pose,SM-S906U1,GPU
2026-04-22 16:48:30.056,126.364,24.761,55.832,0.627,2.254,10.217,13.754,0.053,false,20.375,SEVERE,8,sequential_yolo_pose,SM-S906U1,GPU
2026-04-22 16:48:30.185,123.719,26.194,53.396,0.930,3.154,10.127,11.674,0.051,false,20.375,SEVERE,8,sequential_yolo_pose,SM-S906U1,GPU
2026-04-22 16:48:30.317,126.111,24.165,52.555,1.219,2.725,8.856,17.683,0.051,false,20.407,SEVERE,8,sequential_yolo_pose,SM-S906U1,GPU
2026-04-22 16:48:30.440,117.637,23.100,52.133,1.055,2.759,8.305,10.833,0.040,false,20.375,SEVERE,8,sequential_yolo_pose,SM-S906U1,GPU
2026-04-22 16:48:30.566,117.524,24.629,54.352,0.833,2.359,6.751,10.170,0.044,false,20.371,SEVERE,8,sequential_yolo_pose,SM-S906U1,GPU
2026-04-22 16:48:30.696,125.511,23.687,52.354,1.018,3.552,12.875,10.311,0.050,false,20.375,SEVERE,8,sequential_yolo_pose,SM-S906U1,GPU
2026-04-22 16:48:30.832,130.755,23.283,54.448,0.697,3.668,15.986,12.820,0.044,false,20.407,SEVERE,8,sequential_yolo_pose,SM-S906U1,GPU
2026-04-22 16:48:30.963,125.433,28.781,55.631,0.937,5.447,5.969,10.209,0.049,false,20.469,SEVERE,8,sequential_yolo_pose,SM-S906U1,GPU
2026-04-22 16:48:31.100,131.789,25.798,52.400,0.950,4.536,16.448,10.224,0.053,false,20.407,SEVERE,8,sequential_yolo_pose,SM-S906U1,GPU
2026-04-22 16:48:31.229,122.414,23.307,53.734,1.217,2.954,14.562,10.307,0.039,false,20.407,SEVERE,8,sequential_yolo_pose,SM-S906U1,GPU
2026-04-22 16:48:31.354,120.247,23.911,51.589,0.613,2.562,12.224,12.249,0.035,false,20.407,SEVERE,8,sequential_yolo_pose,SM-S906U1,GPU
2026-04-22 16:48:31.484,124.257,23.935,53.618,0.964,3.590,8.776,14.047,0.050,false,20.375,SEVERE,8,sequential_yolo_pose,SM-S906U1,GPU
2026-04-22 16:48:31.604,114.284,24.884,53.583,0.550,1.722,5.099,10.769,0.049,false,20.375,SEVERE,8,sequential_yolo_pose,SM-S906U1,GPU
2026-04-22 16:48:31.738,125.911,27.801,52.852,1.213,2.939,9.939,12.487,0.036,false,20.313,SEVERE,8,sequential_yolo_pose,SM-S906U1,GPU
2026-04-22 16:48:31.873,128.306,27.575,54.726,1.091,2.489,7.335,11.694,0.050,false,20.375,SEVERE,8,sequential_yolo_pose,SM-S906U1,GPU
2026-04-22 16:48:31.974,93.124,24.540,53.415,0.937,0.000,0.000,0.000,0.000,true,17.012,SEVERE,8,sequential_yolo_pose,SM-S906U1,GPU
2026-04-22 16:48:32.080,94.564,23.892,52.065,0.941,0.000,0.000,0.000,0.000,true,30.625,SEVERE,8,sequential_yolo_pose,SM-S906U1,GPU
2026-04-22 16:48:32.201,112.653,32.130,52.843,0.835,0.000,0.000,0.000,0.000,true,13.883,SEVERE,8,sequential_yolo_pose,SM-S906U1,GPU
2026-04-22 16:48:32.310,102.165,29.683,52.320,0.740,0.000,0.000,0.000,0.000,true,16.942,SEVERE,8,sequential_yolo_pose,SM-S906U1,GPU
2026-04-22 16:48:32.433,117.010,27.514,53.150,0.953,1.509,5.623,10.192,0.034,false,33.856,SEVERE,8,sequential_yolo_pose,SM-S906U1,GPU
2026-04-22 16:48:32.557,119.718,26.985,55.996,0.932,2.948,8.973,11.434,0.050,false,30.348,SEVERE,8,sequential_yolo_pose,SM-S906U1,GPU
2026-04-22 16:48:32.676,113.291,24.211,53.500,0.549,3.247,5.429,14.602,0.048,false,20.344,SEVERE,8,sequential_yolo_pose,SM-S906U1,GPU
2026-04-22 16:48:32.782,99.856,27.496,54.571,0.723,0.000,0.000,0.000,0.000,true,16.981,SEVERE,8,sequential_yolo_pose,SM-S906U1,GPU
2026-04-22 16:48:32.928,137.081,30.920,53.507,1.224,2.936,13.076,10.697,0.042,false,33.989,SEVERE,8,sequential_yolo_pose,SM-S906U1,GPU
2026-04-22 16:48:33.066,131.239,25.387,56.309,0.728,3.542,13.680,10.445,0.061,false,20.434,SEVERE,8,sequential_yolo_pose,SM-S906U1,GPU
2026-04-22 16:48:33.196,124.982,23.573,52.463,0.921,3.056,10.925,11.454,0.050,false,20.375,SEVERE,8,sequential_yolo_pose,SM-S906U1,GPU
2026-04-22 16:48:33.332,123.459,27.435,52.579,0.926,5.048,7.567,12.254,0.112,false,20.344,SEVERE,8,sequential_yolo_pose,SM-S906U1,GPU
2026-04-22 16:48:33.467,128.574,24.498,52.738,0.657,3.295,11.950,11.795,0.047,false,20.375,SEVERE,8,sequential_yolo_pose,SM-S906U1,GPU
2026-04-22 16:48:33.594,121.783,24.158,52.541,0.665,2.739,10.929,12.227,0.051,false,20.375,SEVERE,8,sequential_yolo_pose,SM-S906U1,GPU
2026-04-22 16:48:33.722,123.216,23.950,51.995,0.743,1.833,13.366,12.625,0.036,false,20.407,SEVERE,8,sequential_yolo_pose,SM-S906U1,GPU
2026-04-22 16:48:33.841,113.908,23.739,54.518,0.980,2.662,7.195,11.848,0.038,false,20.313,SEVERE,8,sequential_yolo_pose,SM-S906U1,GPU
2026-04-22 16:48:33.979,130.454,29.088,55.183,0.592,1.738,5.824,18.758,0.041,false,20.532,SEVERE,8,sequential_yolo_pose,SM-S906U1,GPU
2026-04-22 16:48:34.103,120.467,24.192,54.307,1.173,2.574,9.996,11.284,0.107,false,20.375,SEVERE,8,sequential_yolo_pose,SM-S906U1,GPU
2026-04-22 16:48:34.233,121.878,23.511,53.810,1.159,3.185,9.081,11.174,0.041,false,20.375,SEVERE,8,sequential_yolo_pose,SM-S906U1,GPU
2026-04-22 16:48:34.365,124.911,24.149,52.569,1.222,6.304,9.432,11.444,0.035,false,20.375,SEVERE,8,sequential_yolo_pose,SM-S906U1,GPU
2026-04-22 16:48:34.499,128.029,27.945,53.323,1.304,3.092,9.743,13.889,0.039,false,20.375,SEVERE,8,sequential_yolo_pose,SM-S906U1,GPU
2026-04-22 16:48:34.630,125.357,24.445,51.902,0.792,2.306,9.667,11.864,0.036,false,20.375,SEVERE,8,sequential_yolo_pose,SM-S906U1,GPU
2026-04-22 16:48:34.765,125.160,24.727,52.760,1.040,3.005,9.542,12.194,0.054,false,20.375,SEVERE,8,sequential_yolo_pose,SM-S906U1,GPU
2026-04-22 16:48:34.892,121.510,24.390,52.924,1.363,3.963,7.918,10.273,0.044,false,20.313,SEVERE,8,sequential_yolo_pose,SM-S906U1,GPU
2026-04-22 16:48:35.029,131.178,24.253,55.361,1.421,3.506,12.121,15.519,0.042,false,20.438,SEVERE,8,sequential_yolo_pose,SM-S906U1,GPU
2026-04-22 16:48:35.155,118.842,25.642,52.424,0.578,3.250,6.031,11.352,0.040,false,20.375,SEVERE,8,sequential_yolo_pose,SM-S906U1,GPU
2026-04-22 16:48:35.279,118.924,26.106,55.159,0.737,1.713,5.652,11.037,0.039,false,20.375,SEVERE,8,sequential_yolo_pose,SM-S906U1,GPU
2026-04-22 16:48:35.405,120.241,26.650,52.788,1.189,2.734,9.538,11.758,0.038,false,20.344,SEVERE,8,sequential_yolo_pose,SM-S906U1,GPU
2026-04-22 16:48:35.534,120.730,23.887,52.855,1.325,3.223,10.342,11.186,0.054,false,20.371,SEVERE,8,sequential_yolo_pose,SM-S906U1,GPU
2026-04-22 16:48:35.661,112.700,24.499,52.869,0.956,2.304,7.050,10.637,0.038,false,20.344,SEVERE,8,sequential_yolo_pose,SM-S906U1,GPU
2026-04-22 16:48:35.795,127.699,24.301,53.527,1.342,3.043,11.019,12.740,0.048,false,20.438,SEVERE,8,sequential_yolo_pose,SM-S906U1,GPU
2026-04-22 16:48:35.930,129.408,27.521,52.568,0.994,3.188,10.070,10.073,0.048,false,20.313,SEVERE,8,sequential_yolo_pose,SM-S906U1,GPU
2026-04-22 16:48:36.056,120.210,23.739,53.272,0.856,2.897,10.243,10.595,0.047,false,20.375,SEVERE,8,sequential_yolo_pose,SM-S906U1,GPU
2026-04-22 16:48:36.187,124.527,24.368,51.891,0.882,2.527,9.758,13.057,0.054,false,20.375,SEVERE,8,sequential_yolo_pose,SM-S906U1,GPU
2026-04-22 16:48:36.319,125.775,25.905,54.262,0.948,2.529,7.822,16.202,0.037,false,20.375,SEVERE,8,sequential_yolo_pose,SM-S906U1,GPU
2026-04-22 16:48:36.452,125.609,25.993,53.461,0.698,1.727,6.197,17.822,0.035,false,20.344,SEVERE,8,sequential_yolo_pose,SM-S906U1,GPU
2026-04-22 16:48:36.576,119.422,25.969,52.607,0.921,2.466,7.494,14.734,0.037,false,20.407,SEVERE,8,sequential_yolo_pose,SM-S906U1,GPU
2026-04-22 16:48:36.704,121.551,24.294,57.040,1.277,2.969,7.214,13.363,0.037,false,20.375,SEVERE,8,sequential_yolo_pose,SM-S906U1,GPU
2026-04-22 16:48:36.828,115.199,24.288,52.053,1.282,2.766,8.044,9.719,0.034,false,20.375,SEVERE,8,sequential_yolo_pose,SM-S906U1,GPU
2026-04-22 16:48:36.953,120.276,23.401,53.942,0.731,2.202,7.923,13.206,0.050,false,20.375,SEVERE,7,sequential_yolo_pose,SM-S906U1,GPU
2026-04-22 16:48:37.077,119.337,24.136,52.255,1.060,2.688,8.454,12.060,0.035,false,20.375,SEVERE,7,sequential_yolo_pose,SM-S906U1,GPU
2026-04-22 16:48:37.205,121.448,24.869,53.863,1.054,3.341,8.373,10.893,0.046,false,20.344,SEVERE,7,sequential_yolo_pose,SM-S906U1,GPU
2026-04-22 16:48:37.341,129.245,27.091,52.801,1.158,3.730,12.234,14.115,0.045,false,20.375,SEVERE,7,sequential_yolo_pose,SM-S906U1,GPU
2026-04-22 16:48:37.471,123.069,28.530,53.690,1.279,2.425,5.775,12.767,0.038,false,20.375,SEVERE,7,sequential_yolo_pose,SM-S906U1,GPU
2026-04-22 16:48:37.595,113.384,25.766,54.044,0.438,1.132,3.889,9.779,0.057,false,20.282,SEVERE,7,sequential_yolo_pose,SM-S906U1,GPU
2026-04-22 16:48:37.726,126.497,26.949,54.013,0.851,3.071,9.441,12.689,0.051,false,20.375,SEVERE,7,sequential_yolo_pose,SM-S906U1,GPU
2026-04-22 16:48:37.854,123.590,25.383,52.362,1.065,2.848,8.653,11.689,0.050,false,20.344,SEVERE,7,sequential_yolo_pose,SM-S906U1,GPU
2026-04-22 16:48:37.983,123.939,25.493,52.156,0.626,1.756,5.631,19.986,0.036,false,20.407,SEVERE,8,sequential_yolo_pose,SM-S906U1,GPU
2026-04-22 16:48:38.109,120.756,24.113,54.192,0.868,2.443,7.720,14.554,0.053,false,20.430,SEVERE,8,sequential_yolo_pose,SM-S906U1,GPU
2026-04-22 16:48:38.243,125.196,26.433,54.512,1.019,3.404,9.679,14.305,0.053,false,20.375,SEVERE,8,sequential_yolo_pose,SM-S906U1,GPU
2026-04-22 16:48:38.370,117.352,28.776,51.209,1.088,1.587,5.332,10.666,0.049,false,20.375,SEVERE,8,sequential_yolo_pose,SM-S906U1,GPU
2026-04-22 16:48:38.498,121.725,25.134,55.853,1.377,3.191,12.812,10.334,0.053,false,20.371,SEVERE,8,sequential_yolo_pose,SM-S906U1,GPU
2026-04-22 16:48:38.626,120.445,26.086,54.739,0.801,1.813,7.215,13.031,0.037,false,20.375,SEVERE,8,sequential_yolo_pose,SM-S906U1,GPU
2026-04-22 16:48:38.759,127.035,27.317,52.194,0.856,2.353,10.020,12.908,0.053,false,20.375,SEVERE,8,sequential_yolo_pose,SM-S906U1,GPU
2026-04-22 16:48:38.893,127.686,25.532,52.989,0.996,3.353,10.647,12.399,0.161,false,20.344,SEVERE,8,sequential_yolo_pose,SM-S906U1,GPU
2026-04-22 16:48:39.018,118.672,25.965,52.222,0.729,1.680,5.404,10.451,0.039,false,20.438,SEVERE,8,sequential_yolo_pose,SM-S906U1,GPU
2026-04-22 16:48:39.139,116.381,24.880,54.856,0.913,1.866,5.666,10.699,0.054,false,20.313,SEVERE,8,sequential_yolo_pose,SM-S906U1,GPU
2026-04-22 16:48:39.266,122.056,28.094,51.935,0.972,2.863,9.678,10.982,0.057,false,20.375,SEVERE,8,sequential_yolo_pose,SM-S906U1,GPU
2026-04-22 16:48:39.397,122.599,23.724,52.956,1.195,2.522,9.380,11.993,0.037,false,20.371,SEVERE,8,sequential_yolo_pose,SM-S906U1,GPU
2026-04-22 16:48:39.534,130.253,24.540,52.266,0.588,1.614,9.669,21.210,0.079,false,20.375,SEVERE,8,sequential_yolo_pose,SM-S906U1,GPU
2026-04-22 16:48:39.669,126.112,23.587,56.871,1.116,3.123,10.372,10.704,0.740,false,20.407,SEVERE,8,sequential_yolo_pose,SM-S906U1,GPU
2026-04-22 16:48:39.802,127.917,26.302,54.445,1.378,3.082,11.048,12.228,0.061,false,20.344,SEVERE,8,sequential_yolo_pose,SM-S906U1,GPU
2026-04-22 16:48:39.928,120.615,23.071,53.998,1.116,2.893,8.925,11.512,0.057,false,20.375,SEVERE,8,sequential_yolo_pose,SM-S906U1,GPU
2026-04-22 16:48:40.046,112.350,23.562,53.254,0.627,1.809,5.847,12.118,0.076,false,20.313,SEVERE,8,sequential_yolo_pose,SM-S906U1,GPU
2026-04-22 16:48:40.170,117.307,24.763,53.447,0.874,2.709,8.160,10.133,0.049,false,20.313,SEVERE,8,sequential_yolo_pose,SM-S906U1,GPU
2026-04-22 16:48:40.296,121.229,23.996,53.306,1.327,2.468,8.651,11.995,0.040,false,20.407,SEVERE,8,sequential_yolo_pose,SM-S906U1,GPU
2026-04-22 16:48:40.429,126.904,25.101,53.260,1.202,3.128,11.462,12.053,0.041,false,20.375,SEVERE,8,sequential_yolo_pose,SM-S906U1,GPU
2026-04-22 16:48:40.556,122.268,23.040,52.674,1.234,3.364,10.702,12.726,0.048,false,20.375,SEVERE,8,sequential_yolo_pose,SM-S906U1,GPU
2026-04-22 16:48:40.678,117.685,23.478,51.735,0.947,2.923,7.064,13.614,0.096,false,20.375,SEVERE,8,sequential_yolo_pose,SM-S906U1,GPU
2026-04-22 16:48:40.805,121.704,27.426,52.981,1.042,2.444,5.428,11.814,0.049,false,20.313,SEVERE,8,sequential_yolo_pose,SM-S906U1,GPU
2026-04-22 16:48:40.924,112.734,24.074,55.042,0.869,2.333,7.916,10.374,0.050,false,20.344,SEVERE,8,sequential_yolo_pose,SM-S906U1,GPU
2026-04-22 16:48:41.053,124.695,25.004,55.982,1.118,2.686,11.133,10.770,0.045,false,20.375,SEVERE,8,sequential_yolo_pose,SM-S906U1,GPU
2026-04-22 16:48:41.178,118.120,23.910,56.538,1.084,3.201,8.493,13.013,0.065,false,20.344,SEVERE,8,sequential_yolo_pose,SM-S906U1,GPU
2026-04-22 16:48:41.300,117.246,23.274,52.097,1.112,3.092,8.559,11.587,0.057,false,20.375,SEVERE,8,sequential_yolo_pose,SM-S906U1,GPU
2026-04-22 16:48:41.422,114.666,23.688,51.863,0.783,2.381,10.455,13.213,0.059,false,20.375,SEVERE,8,sequential_yolo_pose,SM-S906U1,GPU
2026-04-22 16:48:41.546,119.618,23.207,54.509,0.958,2.822,8.712,11.283,0.066,false,20.344,SEVERE,8,sequential_yolo_pose,SM-S906U1,GPU
2026-04-22 16:48:41.671,117.968,27.856,52.699,0.629,1.816,5.673,10.529,0.056,false,20.313,SEVERE,8,sequential_yolo_pose,SM-S906U1,GPU
2026-04-22 16:48:41.799,123.045,24.266,52.495,1.165,2.054,11.056,12.320,0.052,false,20.375,SEVERE,8,sequential_yolo_pose,SM-S906U1,GPU
2026-04-22 16:48:41.905,98.281,25.028,53.160,1.000,0.000,0.000,0.000,0.000,true,16.981,SEVERE,8,sequential_yolo_pose,SM-S906U1,GPU
2026-04-22 16:48:42.017,100.758,24.078,54.529,0.593,0.000,0.000,0.000,0.000,true,30.719,SEVERE,8,sequential_yolo_pose,SM-S906U1,GPU
2026-04-22 16:48:42.155,133.448,28.320,53.524,1.141,3.480,10.114,13.493,0.051,false,17.278,SEVERE,8,sequential_yolo_pose,SM-S906U1,GPU
2026-04-22 16:48:42.291,127.711,29.188,54.048,0.628,2.093,11.437,11.270,0.050,false,20.375,SEVERE,8,sequential_yolo_pose,SM-S906U1,GPU
2026-04-22 16:48:42.426,129.210,27.352,52.793,0.512,1.778,13.398,13.432,0.068,false,20.407,SEVERE,8,sequential_yolo_pose,SM-S906U1,GPU
2026-04-22 16:48:42.554,123.458,24.403,53.716,0.952,3.559,10.135,11.102,0.052,false,20.407,SEVERE,8,sequential_yolo_pose,SM-S906U1,GPU
2026-04-22 16:48:42.683,122.426,25.034,55.152,0.791,2.795,8.494,11.877,0.057,false,20.375,SEVERE,8,sequential_yolo_pose,SM-S906U1,GPU
2026-04-22 16:48:42.804,114.862,24.512,51.067,0.941,2.277,5.968,13.031,0.065,false,20.375,SEVERE,8,sequential_yolo_pose,SM-S906U1,GPU
2026-04-22 16:48:42.934,123.016,25.438,53.078,1.222,3.267,8.267,11.797,0.044,false,20.344,SEVERE,8,sequential_yolo_pose,SM-S906U1,GPU
2026-04-22 16:48:43.069,128.252,24.817,56.619,1.217,3.044,9.407,12.090,0.058,false,20.375,SEVERE,8,sequential_yolo_pose,SM-S906U1,GPU
2026-04-22 16:48:43.202,122.852,25.401,52.584,1.197,3.163,8.123,11.977,0.056,false,20.313,SEVERE,8,sequential_yolo_pose,SM-S906U1,GPU
2026-04-22 16:48:43.338,127.663,25.730,55.890,1.227,3.031,10.009,12.260,0.040,false,20.407,SEVERE,8,sequential_yolo_pose,SM-S906U1,GPU
2026-04-22 16:48:43.469,122.509,23.966,53.916,1.054,3.084,10.548,11.552,0.055,false,20.407,SEVERE,8,sequential_yolo_pose,SM-S906U1,GPU
2026-04-22 16:48:43.591,113.251,23.200,52.636,0.685,1.686,6.873,16.498,0.035,false,20.403,SEVERE,8,sequential_yolo_pose,SM-S906U1,GPU
2026-04-22 16:48:43.700,105.874,23.339,51.144,0.623,1.871,6.148,11.089,0.054,false,20.282,SEVERE,8,sequential_yolo_pose,SM-S906U1,GPU
2026-04-22 16:48:43.819,111.714,23.707,52.677,0.842,2.245,7.495,12.210,0.064,false,20.340,SEVERE,8,sequential_yolo_pose,SM-S906U1,GPU
2026-04-22 16:48:43.940,115.820,25.048,51.875,0.581,1.509,5.480,12.361,0.046,false,20.375,SEVERE,8,sequential_yolo_pose,SM-S906U1,GPU
2026-04-22 16:48:44.067,119.703,24.507,54.717,1.126,3.798,12.074,10.691,0.057,false,20.375,SEVERE,8,sequential_yolo_pose,SM-S906U1,GPU
2026-04-22 16:48:44.203,130.917,25.650,52.387,0.769,2.199,15.456,12.139,0.057,false,20.407,SEVERE,8,sequential_yolo_pose,SM-S906U1,GPU
2026-04-22 16:48:44.334,125.574,24.053,52.494,1.168,5.729,11.599,11.483,0.044,false,20.407,SEVERE,8,sequential_yolo_pose,SM-S906U1,GPU
2026-04-22 16:48:44.464,123.793,23.037,54.483,1.181,3.101,13.600,11.797,0.036,false,20.407,SEVERE,8,sequential_yolo_pose,SM-S906U1,GPU
2026-04-22 16:48:44.601,130.525,27.732,52.980,1.022,2.585,10.110,11.246,0.052,false,20.375,SEVERE,8,sequential_yolo_pose,SM-S906U1,GPU
2026-04-22 16:48:44.726,119.082,23.919,52.023,1.100,2.848,9.998,10.515,0.034,false,20.375,SEVERE,8,sequential_yolo_pose,SM-S906U1,GPU
2026-04-22 16:48:44.863,131.788,25.787,57.476,1.458,3.113,10.239,12.572,0.048,false,20.375,SEVERE,8,sequential_yolo_pose,SM-S906U1,GPU
2026-04-22 16:48:44.982,112.391,23.487,57.042,0.792,2.651,6.014,9.982,0.038,false,20.344,SEVERE,7,sequential_yolo_pose,SM-S906U1,GPU
2026-04-22 16:48:45.100,113.991,24.551,53.639,1.332,4.647,7.930,10.125,0.037,false,20.344,SEVERE,7,sequential_yolo_pose,SM-S906U1,GPU
2026-04-22 16:48:45.216,110.359,23.733,54.645,0.690,1.719,5.204,11.874,0.036,false,20.313,SEVERE,7,sequential_yolo_pose,SM-S906U1,GPU
2026-04-22 16:48:45.349,129.068,24.438,53.550,1.245,3.431,9.078,20.435,0.036,false,20.375,SEVERE,7,sequential_yolo_pose,SM-S906U1,GPU
2026-04-22 16:48:45.469,115.612,24.631,53.690,0.932,2.386,6.625,10.811,0.040,false,20.282,SEVERE,7,sequential_yolo_pose,SM-S906U1,GPU
2026-04-22 16:48:45.596,121.789,24.716,54.194,1.456,3.584,9.462,10.463,0.052,false,20.407,SEVERE,7,sequential_yolo_pose,SM-S906U1,GPU
2026-04-22 16:48:45.728,126.458,24.614,53.948,1.347,3.054,9.892,15.375,0.064,false,20.375,SEVERE,7,sequential_yolo_pose,SM-S906U1,GPU
2026-04-22 16:48:45.863,126.845,24.418,53.220,1.140,3.148,10.548,10.794,0.037,false,20.375,SEVERE,7,sequential_yolo_pose,SM-S906U1,GPU
2026-04-22 16:48:45.999,125.791,28.067,52.659,1.097,1.892,7.658,12.159,0.033,false,20.469,SEVERE,8,sequential_yolo_pose,SM-S906U1,GPU
2026-04-22 16:48:46.129,126.729,24.031,54.610,1.387,5.313,13.100,10.029,0.035,false,20.375,SEVERE,8,sequential_yolo_pose,SM-S906U1,GPU
2026-04-22 16:48:46.258,124.315,24.387,52.097,1.089,2.409,10.444,15.399,0.050,false,20.438,SEVERE,8,sequential_yolo_pose,SM-S906U1,GPU
2026-04-22 16:48:46.373,111.228,23.141,53.303,0.740,1.890,5.430,10.235,0.053,false,20.344,SEVERE,8,sequential_yolo_pose,SM-S906U1,GPU
2026-04-22 16:48:46.497,120.038,28.460,52.654,0.888,2.234,6.691,11.574,0.041,false,20.407,SEVERE,8,sequential_yolo_pose,SM-S906U1,GPU
2026-04-22 16:48:46.620,117.512,25.304,51.020,0.622,1.848,6.019,10.671,0.057,false,20.375,SEVERE,8,sequential_yolo_pose,SM-S906U1,GPU
2026-04-22 16:48:46.744,117.352,23.950,53.166,1.156,2.648,8.169,11.876,0.038,false,20.375,SEVERE,8,sequential_yolo_pose,SM-S906U1,GPU
2026-04-22 16:48:46.847,96.656,25.714,52.263,0.725,0.000,0.000,0.000,0.000,true,17.012,SEVERE,8,sequential_yolo_pose,SM-S906U1,GPU
2026-04-22 16:48:46.994,138.611,33.358,54.846,1.317,3.045,10.397,12.019,0.062,false,33.989,SEVERE,8,sequential_yolo_pose,SM-S906U1,GPU
2026-04-22 16:48:47.101,100.042,25.902,53.970,0.733,0.000,0.000,0.000,0.000,true,16.981,SEVERE,8,sequential_yolo_pose,SM-S906U1,GPU
2026-04-22 16:48:47.215,106.303,29.418,52.720,0.996,0.000,0.000,0.000,0.000,true,30.625,SEVERE,8,sequential_yolo_pose,SM-S906U1,GPU
2026-04-22 16:48:47.321,99.641,29.354,50.544,0.526,0.000,0.000,0.000,0.000,true,13.430,SEVERE,8,sequential_yolo_pose,SM-S906U1,GPU
2026-04-22 16:48:47.455,129.599,23.715,54.480,0.790,2.698,8.873,16.350,0.060,false,20.371,SEVERE,8,sequential_yolo_pose,SM-S906U1,GPU
2026-04-22 16:48:47.559,99.218,23.283,57.752,0.753,0.000,0.000,0.000,0.000,true,16.981,SEVERE,8,sequential_yolo_pose,SM-S906U1,GPU
2026-04-22 16:48:47.700,134.713,29.014,54.720,1.046,2.558,6.186,13.609,0.099,false,33.989,SEVERE,8,sequential_yolo_pose,SM-S906U1,GPU
2026-04-22 16:48:47.810,102.837,26.586,55.786,0.355,0.000,0.000,0.000,0.000,true,17.008,SEVERE,8,sequential_yolo_pose,SM-S906U1,GPU
2026-04-22 16:48:47.925,110.820,23.106,55.555,0.664,1.610,7.298,11.179,0.042,false,33.922,SEVERE,8,sequential_yolo_pose,SM-S906U1,GPU
2026-04-22 16:48:48.061,130.309,31.646,61.969,0.727,1.426,8.141,9.543,0.033,false,20.399,SEVERE,9,sequential_yolo_pose,SM-S906U1,GPU
2026-04-22 16:48:48.216,151.244,49.233,53.657,0.617,1.411,5.566,9.613,0.048,false,37.407,SEVERE,9,sequential_yolo_pose,SM-S906U1,GPU
2026-04-22 16:48:48.368,148.284,46.866,53.045,0.566,1.708,5.787,11.157,0.065,false,21.950,SEVERE,9,sequential_yolo_pose,SM-S906U1,GPU
2026-04-22 16:48:48.500,124.757,31.663,53.218,0.575,1.384,6.089,9.766,0.033,false,38.926,SEVERE,9,sequential_yolo_pose,SM-S906U1,GPU
2026-04-22 16:48:48.644,128.888,32.944,51.308,0.523,1.943,5.008,10.133,0.095,false,20.403,SEVERE,9,sequential_yolo_pose,SM-S906U1,GPU
2026-04-22 16:48:48.777,128.068,35.555,54.167,0.537,1.650,5.480,10.551,0.048,false,20.344,SEVERE,9,sequential_yolo_pose,SM-S906U1,GPU
2026-04-22 16:48:48.901,117.895,31.793,52.339,0.555,1.677,5.298,9.227,0.029,false,20.407,SEVERE,9,sequential_yolo_pose,SM-S906U1,GPU
2026-04-22 16:48:49.013,109.052,22.470,55.603,0.663,1.563,5.144,10.846,0.036,false,20.344,SEVERE,9,sequential_yolo_pose,SM-S906U1,GPU
2026-04-22 16:48:49.133,116.165,26.818,54.348,0.643,1.673,5.192,10.542,0.046,false,20.450,SEVERE,8,sequential_yolo_pose,SM-S906U1,GPU
2026-04-22 16:48:49.250,112.953,22.655,54.173,0.699,1.974,6.838,15.006,0.042,false,20.344,SEVERE,8,sequential_yolo_pose,SM-S906U1,GPU
2026-04-22 16:48:49.360,105.851,22.910,51.607,0.675,1.691,5.271,9.371,0.054,false,20.344,SEVERE,8,sequential_yolo_pose,SM-S906U1,GPU
2026-04-22 16:48:49.483,118.239,22.794,54.778,1.251,3.172,9.951,11.024,0.050,false,20.344,SEVERE,8,sequential_yolo_pose,SM-S906U1,GPU
2026-04-22 16:48:49.609,120.196,25.253,54.337,0.704,2.298,7.694,10.610,0.076,false,20.344,SEVERE,8,sequential_yolo_pose,SM-S906U1,GPU
2026-04-22 16:48:49.742,126.630,25.152,56.068,1.012,2.514,7.537,14.642,0.076,false,20.375,SEVERE,8,sequential_yolo_pose,SM-S906U1,GPU
2026-04-22 16:48:49.861,112.309,23.374,54.785,0.719,3.156,8.230,10.158,0.051,false,20.344,SEVERE,8,sequential_yolo_pose,SM-S906U1,GPU
2026-04-22 16:48:49.990,123.853,23.266,53.063,0.792,2.097,9.020,15.018,0.038,false,20.375,SEVERE,8,sequential_yolo_pose,SM-S906U1,GPU
2026-04-22 16:48:50.124,129.159,26.293,55.905,0.680,1.851,7.147,19.245,0.058,false,20.500,SEVERE,8,sequential_yolo_pose,SM-S906U1,GPU
2026-04-22 16:48:50.269,136.854,29.103,53.395,1.287,3.167,16.281,10.812,0.043,false,20.407,SEVERE,8,sequential_yolo_pose,SM-S906U1,GPU
2026-04-22 16:48:50.390,114.159,23.341,54.417,0.814,2.204,9.183,12.567,0.072,false,20.375,SEVERE,8,sequential_yolo_pose,SM-S906U1,GPU
2026-04-22 16:48:50.524,127.006,24.453,52.256,0.653,2.612,10.006,15.755,0.042,false,20.407,SEVERE,8,sequential_yolo_pose,SM-S906U1,GPU
2026-04-22 16:48:50.678,147.865,27.876,55.614,1.361,3.288,16.386,19.865,0.066,false,20.438,SEVERE,8,sequential_yolo_pose,SM-S906U1,GPU
2026-04-22 16:48:50.804,119.485,24.823,52.699,1.312,3.297,11.543,11.833,0.040,false,20.375,SEVERE,8,sequential_yolo_pose,SM-S906U1,GPU
2026-04-22 16:48:50.937,123.123,24.796,54.033,1.129,2.354,9.570,12.493,0.034,false,20.375,SEVERE,8,sequential_yolo_pose,SM-S906U1,GPU
2026-04-22 16:48:51.067,121.933,26.262,52.708,1.179,3.118,9.847,10.663,0.056,false,20.375,SEVERE,8,sequential_yolo_pose,SM-S906U1,GPU
2026-04-22 16:48:51.187,113.632,24.341,53.311,0.764,1.842,8.896,11.968,0.050,false,20.344,SEVERE,8,sequential_yolo_pose,SM-S906U1,GPU
2026-04-22 16:48:51.323,130.996,28.970,56.597,1.113,2.879,11.028,11.094,0.046,false,20.375,SEVERE,8,sequential_yolo_pose,SM-S906U1,GPU
2026-04-22 16:48:51.447,119.317,24.141,54.439,1.069,2.507,8.546,10.386,0.039,false,20.313,SEVERE,8,sequential_yolo_pose,SM-S906U1,GPU
2026-04-22 16:48:51.576,121.744,23.857,53.740,1.116,2.608,8.343,13.436,0.060,false,20.375,SEVERE,8,sequential_yolo_pose,SM-S906U1,GPU
2026-04-22 16:48:51.709,128.561,25.199,52.988,1.328,3.044,10.665,15.891,0.738,false,20.371,SEVERE,8,sequential_yolo_pose,SM-S906U1,GPU
2026-04-22 16:48:51.818,100.590,27.189,54.282,0.870,0.000,0.000,0.000,0.000,true,16.918,SEVERE,8,sequential_yolo_pose,SM-S906U1,GPU
2026-04-22 16:48:51.930,105.338,28.570,53.837,0.868,0.000,0.000,0.000,0.000,true,30.594,SEVERE,8,sequential_yolo_pose,SM-S906U1,GPU
2026-04-22 16:48:52.056,118.714,34.800,53.169,0.910,0.000,0.000,0.000,0.000,true,18.574,SEVERE,8,sequential_yolo_pose,SM-S906U1,GPU
2026-04-22 16:48:52.199,136.145,25.030,52.820,1.151,3.384,10.002,11.842,0.047,false,35.583,SEVERE,8,sequential_yolo_pose,SM-S906U1,GPU
2026-04-22 16:48:52.334,129.266,25.727,58.932,1.185,3.758,8.363,10.463,0.058,false,17.254,SEVERE,8,sequential_yolo_pose,SM-S906U1,GPU
2026-04-22 16:48:52.467,126.780,24.533,52.801,0.931,6.034,11.072,10.219,0.048,false,20.407,SEVERE,8,sequential_yolo_pose,SM-S906U1,GPU
2026-04-22 16:48:52.594,120.543,24.359,55.695,1.190,4.587,6.699,15.564,0.051,false,20.375,SEVERE,8,sequential_yolo_pose,SM-S906U1,GPU
2026-04-22 16:48:52.722,122.985,27.900,53.254,0.636,1.927,7.176,13.181,0.054,false,20.344,SEVERE,8,sequential_yolo_pose,SM-S906U1,GPU
2026-04-22 16:48:52.855,127.272,26.722,53.320,0.984,2.306,10.083,13.689,0.038,false,20.344,SEVERE,8,sequential_yolo_pose,SM-S906U1,GPU
2026-04-22 16:48:52.987,126.580,26.535,52.094,0.654,2.141,10.914,15.763,0.036,false,20.438,SEVERE,8,sequential_yolo_pose,SM-S906U1,GPU
2026-04-22 16:48:53.110,116.717,23.894,53.489,0.601,1.625,6.417,13.404,0.027,false,20.407,SEVERE,7,sequential_yolo_pose,SM-S906U1,GPU
2026-04-22 16:48:53.230,114.549,26.284,53.273,0.447,1.339,4.000,11.359,0.061,false,20.282,SEVERE,7,sequential_yolo_pose,SM-S906U1,GPU
2026-04-22 16:48:53.360,123.561,23.946,52.480,0.906,2.449,8.185,11.875,0.060,false,20.344,SEVERE,7,sequential_yolo_pose,SM-S906U1,GPU
2026-04-22 16:48:53.489,123.340,25.451,52.249,1.060,2.666,8.673,12.073,0.038,false,20.344,SEVERE,7,sequential_yolo_pose,SM-S906U1,GPU
2026-04-22 16:48:53.621,126.386,27.507,53.039,0.551,1.768,8.114,15.589,0.060,false,20.407,SEVERE,7,sequential_yolo_pose,SM-S906U1,GPU
2026-04-22 16:48:53.754,127.130,26.643,54.276,0.609,2.998,13.735,10.343,0.059,false,20.375,SEVERE,7,sequential_yolo_pose,SM-S906U1,GPU
2026-04-22 16:48:53.882,122.605,23.989,54.163,1.031,2.908,8.603,13.863,0.059,false,20.375,SEVERE,7,sequential_yolo_pose,SM-S906U1,GPU
2026-04-22 16:48:54.002,112.722,24.292,52.254,0.906,1.688,5.274,10.548,0.055,false,20.282,SEVERE,7,sequential_yolo_pose,SM-S906U1,GPU
2026-04-22 16:48:54.128,120.389,23.939,56.036,0.945,2.758,10.162,13.089,0.055,false,20.407,SEVERE,8,sequential_yolo_pose,SM-S906U1,GPU
2026-04-22 16:48:54.256,122.171,24.133,53.627,1.181,3.390,13.346,10.776,0.067,false,20.407,SEVERE,8,sequential_yolo_pose,SM-S906U1,GPU
2026-04-22 16:48:54.383,121.953,24.713,53.457,0.802,2.630,7.757,15.543,0.063,false,20.375,SEVERE,8,sequential_yolo_pose,SM-S906U1,GPU
2026-04-22 16:48:54.504,115.876,26.259,53.012,0.613,1.759,5.404,10.510,0.055,false,20.313,SEVERE,8,sequential_yolo_pose,SM-S906U1,GPU
2026-04-22 16:48:54.632,121.433,23.629,53.428,0.757,2.967,10.101,12.191,0.051,false,20.407,SEVERE,8,sequential_yolo_pose,SM-S906U1,GPU
2026-04-22 16:48:54.773,130.462,32.201,52.726,1.203,3.137,8.538,13.067,0.036,false,20.375,SEVERE,8,sequential_yolo_pose,SM-S906U1,GPU
2026-04-22 16:48:54.905,121.511,23.865,52.671,1.161,2.989,10.705,11.940,0.070,false,20.375,SEVERE,8,sequential_yolo_pose,SM-S906U1,GPU
2026-04-22 16:48:55.044,129.840,27.893,54.485,1.337,3.079,9.129,14.630,0.039,false,20.375,SEVERE,8,sequential_yolo_pose,SM-S906U1,GPU
2026-04-22 16:48:55.164,112.105,24.475,54.302,0.565,1.707,5.317,10.961,0.058,false,20.465,SEVERE,8,sequential_yolo_pose,SM-S906U1,GPU
2026-04-22 16:48:55.287,118.651,23.921,52.804,0.636,3.421,9.742,10.602,0.037,false,20.375,SEVERE,8,sequential_yolo_pose,SM-S906U1,GPU
2026-04-22 16:48:55.418,125.544,26.173,53.050,0.836,3.032,10.057,14.224,0.046,false,20.375,SEVERE,8,sequential_yolo_pose,SM-S906U1,GPU
2026-04-22 16:48:55.543,119.043,25.130,52.742,1.080,2.469,7.815,11.660,0.054,false,20.313,SEVERE,8,sequential_yolo_pose,SM-S906U1,GPU
2026-04-22 16:48:55.669,120.270,27.322,53.899,0.685,2.008,6.394,11.166,0.055,false,20.375,SEVERE,8,sequential_yolo_pose,SM-S906U1,GPU
2026-04-22 16:48:55.802,128.055,25.873,54.960,1.149,2.672,13.140,10.348,0.053,false,20.375,SEVERE,8,sequential_yolo_pose,SM-S906U1,GPU
2026-04-22 16:48:55.934,121.039,24.202,51.347,1.135,2.976,10.360,12.993,0.075,false,20.344,SEVERE,8,sequential_yolo_pose,SM-S906U1,GPU
2026-04-22 16:48:56.060,117.602,23.474,53.080,1.101,3.207,9.901,10.721,0.066,false,20.313,SEVERE,8,sequential_yolo_pose,SM-S906U1,GPU
2026-04-22 16:48:56.188,122.454,23.797,54.018,1.216,2.708,9.589,11.513,0.058,false,20.410,SEVERE,8,sequential_yolo_pose,SM-S906U1,GPU
2026-04-22 16:48:56.317,123.134,24.855,52.336,0.830,2.102,6.882,14.371,0.058,false,20.375,SEVERE,8,sequential_yolo_pose,SM-S906U1,GPU
2026-04-22 16:48:56.450,126.083,27.715,54.272,0.719,1.812,5.873,17.494,0.031,false,20.407,SEVERE,8,sequential_yolo_pose,SM-S906U1,GPU
2026-04-22 16:48:56.577,122.325,27.815,53.243,0.837,2.277,7.914,11.580,0.056,false,20.313,SEVERE,8,sequential_yolo_pose,SM-S906U1,GPU
2026-04-22 16:48:56.680,96.996,24.595,53.887,0.898,0.000,0.000,0.000,0.000,true,16.949,SEVERE,8,sequential_yolo_pose,SM-S906U1,GPU
2026-04-22 16:48:56.807,119.889,32.408,52.282,0.993,0.000,0.000,0.000,0.000,true,30.625,SEVERE,8,sequential_yolo_pose,SM-S906U1,GPU
2026-04-22 16:48:56.943,128.099,25.811,53.676,1.217,3.134,8.354,13.595,0.038,false,17.313,SEVERE,8,sequential_yolo_pose,SM-S906U1,GPU
2026-04-22 16:48:57.049,98.296,24.280,55.331,1.212,0.000,0.000,0.000,0.000,true,16.981,SEVERE,8,sequential_yolo_pose,SM-S906U1,GPU
2026-04-22 16:48:57.186,129.518,27.907,53.466,0.553,1.455,6.076,18.743,0.049,false,34.051,SEVERE,8,sequential_yolo_pose,SM-S906U1,GPU
2026-04-22 16:48:57.296,105.261,27.008,57.477,0.548,0.000,0.000,0.000,0.000,true,26.926,SEVERE,8,sequential_yolo_pose,SM-S906U1,GPU
2026-04-22 16:48:57.410,106.835,27.958,51.928,0.471,0.000,0.000,0.000,0.000,true,13.852,SEVERE,8,sequential_yolo_pose,SM-S906U1,GPU
2026-04-22 16:48:57.519,101.640,24.569,52.317,0.490,0.000,0.000,0.000,0.000,true,16.942,SEVERE,8,sequential_yolo_pose,SM-S906U1,GPU
2026-04-22 16:48:57.625,100.182,24.729,53.884,0.642,0.000,0.000,0.000,0.000,true,30.586,SEVERE,8,sequential_yolo_pose,SM-S906U1,GPU
2026-04-22 16:48:57.749,117.089,32.643,55.178,0.822,0.000,0.000,0.000,0.000,true,18.574,SEVERE,8,sequential_yolo_pose,SM-S906U1,GPU
2026-04-22 16:48:57.885,129.417,26.125,53.648,1.194,3.736,10.049,13.318,0.062,false,35.489,SEVERE,8,sequential_yolo_pose,SM-S906U1,GPU
2026-04-22 16:48:58.010,120.188,24.059,54.345,0.925,2.577,7.618,12.827,0.039,false,17.254,SEVERE,8,sequential_yolo_pose,SM-S906U1,GPU
2026-04-22 16:48:58.137,119.874,24.138,52.486,1.575,3.681,9.641,11.419,0.043,false,20.407,SEVERE,8,sequential_yolo_pose,SM-S906U1,GPU
2026-04-22 16:48:58.245,99.591,25.269,55.818,0.834,0.000,0.000,0.000,0.000,true,17.012,SEVERE,8,sequential_yolo_pose,SM-S906U1,GPU
2026-04-22 16:48:58.357,101.350,24.380,54.803,0.818,0.000,0.000,0.000,0.000,true,30.625,SEVERE,8,sequential_yolo_pose,SM-S906U1,GPU
2026-04-22 16:48:58.473,110.092,29.057,53.281,0.933,0.000,0.000,0.000,0.000,true,18.574,SEVERE,8,sequential_yolo_pose,SM-S906U1,GPU
2026-04-22 16:48:58.592,107.793,29.490,54.256,0.608,0.000,0.000,0.000,0.000,true,32.157,SEVERE,8,sequential_yolo_pose,SM-S906U1,GPU
2026-04-22 16:48:58.700,102.612,28.949,54.350,0.617,0.000,0.000,0.000,0.000,true,18.188,SEVERE,8,sequential_yolo_pose,SM-S906U1,GPU
2026-04-22 16:48:58.809,104.229,28.759,52.654,0.935,0.000,0.000,0.000,0.000,true,31.770,SEVERE,8,sequential_yolo_pose,SM-S906U1,GPU
2026-04-22 16:48:58.929,107.488,25.840,54.319,0.830,0.000,0.000,0.000,0.000,true,18.153,SEVERE,8,sequential_yolo_pose,SM-S906U1,GPU
2026-04-22 16:48:59.039,101.005,24.070,52.985,0.928,0.000,0.000,0.000,0.000,true,31.735,SEVERE,8,sequential_yolo_pose,SM-S906U1,GPU
2026-04-22 16:48:59.160,106.590,27.667,58.766,0.445,0.000,0.000,0.000,0.000,true,13.653,SEVERE,9,sequential_yolo_pose,SM-S906U1,GPU
2026-04-22 16:48:59.272,106.510,29.903,54.670,0.939,0.000,0.000,0.000,0.000,true,17.004,SEVERE,9,sequential_yolo_pose,SM-S906U1,GPU
2026-04-22 16:48:59.423,142.590,26.320,54.366,1.290,3.449,13.397,12.571,0.057,false,33.950,SEVERE,9,sequential_yolo_pose,SM-S906U1,GPU
2026-04-22 16:48:59.547,117.969,22.925,55.966,0.800,2.184,5.476,14.940,0.052,false,20.407,SEVERE,9,sequential_yolo_pose,SM-S906U1,GPU
2026-04-22 16:48:59.663,112.571,24.413,53.443,1.142,3.303,7.543,11.051,0.104,false,20.438,SEVERE,9,sequential_yolo_pose,SM-S906U1,GPU
2026-04-22 16:48:59.804,134.517,26.942,51.926,1.424,3.518,15.417,13.020,0.048,false,20.438,SEVERE,9,sequential_yolo_pose,SM-S906U1,GPU
2026-04-22 16:48:59.935,123.941,23.283,54.808,1.350,4.536,9.754,11.603,0.043,false,20.407,SEVERE,9,sequential_yolo_pose,SM-S906U1,GPU
2026-04-22 16:49:00.059,118.867,23.216,52.411,1.226,4.342,9.526,10.599,0.032,false,20.375,SEVERE,9,sequential_yolo_pose,SM-S906U1,GPU
2026-04-22 16:49:00.186,121.537,31.523,53.975,0.699,2.917,5.391,9.217,0.056,false,20.473,SEVERE,8,sequential_yolo_pose,SM-S906U1,GPU
2026-04-22 16:49:00.317,127.116,31.314,53.906,0.690,2.512,6.212,12.437,0.046,false,20.407,SEVERE,8,sequential_yolo_pose,SM-S906U1,GPU
2026-04-22 16:49:00.438,116.419,23.047,53.822,0.708,3.498,7.299,10.504,0.051,false,20.344,SEVERE,8,sequential_yolo_pose,SM-S906U1,GPU
2026-04-22 16:49:00.567,122.073,23.410,52.749,0.840,3.476,9.987,11.866,0.050,false,20.375,SEVERE,8,sequential_yolo_pose,SM-S906U1,GPU
2026-04-22 16:49:00.696,122.895,23.177,54.357,1.403,3.775,8.168,11.087,0.047,false,20.407,SEVERE,8,sequential_yolo_pose,SM-S906U1,GPU
2026-04-22 16:49:00.802,100.917,24.712,53.086,0.808,0.000,0.000,0.000,0.000,true,17.012,SEVERE,8,sequential_yolo_pose,SM-S906U1,GPU
2026-04-22 16:49:00.939,129.190,24.293,53.466,1.253,3.483,10.062,13.386,0.073,false,33.957,SEVERE,8,sequential_yolo_pose,SM-S906U1,GPU
2026-04-22 16:49:01.075,127.279,26.336,54.948,0.857,3.028,6.673,14.575,0.051,false,20.375,SEVERE,8,sequential_yolo_pose,SM-S906U1,GPU
2026-04-22 16:49:01.200,117.981,26.758,54.144,0.726,2.617,5.283,10.171,0.036,false,20.379,SEVERE,8,sequential_yolo_pose,SM-S906U1,GPU
2026-04-22 16:49:01.336,127.926,24.087,53.864,1.162,3.968,10.904,10.890,0.049,false,20.344,SEVERE,8,sequential_yolo_pose,SM-S906U1,GPU
2026-04-22 16:49:01.467,121.315,22.617,53.396,1.100,3.975,10.024,10.364,0.054,false,20.438,SEVERE,8,sequential_yolo_pose,SM-S906U1,GPU
2026-04-22 16:49:01.600,126.058,24.462,53.579,0.904,4.048,12.658,10.546,0.056,false,20.375,SEVERE,8,sequential_yolo_pose,SM-S906U1,GPU
2026-04-22 16:49:01.726,118.680,23.832,53.455,0.638,2.662,6.354,13.821,0.056,false,20.375,SEVERE,8,sequential_yolo_pose,SM-S906U1,GPU
2026-04-22 16:49:01.855,124.203,24.428,54.782,0.998,3.573,9.325,14.470,0.045,false,20.407,SEVERE,8,sequential_yolo_pose,SM-S906U1,GPU
2026-04-22 16:49:01.977,116.654,24.973,51.806,0.622,2.759,5.636,13.318,0.030,false,20.344,SEVERE,8,sequential_yolo_pose,SM-S906U1,GPU
2026-04-22 16:49:02.097,116.381,23.921,54.840,1.538,3.964,8.281,11.516,0.046,false,20.344,SEVERE,8,sequential_yolo_pose,SM-S906U1,GPU
2026-04-22 16:49:02.227,124.471,29.371,52.330,1.013,3.911,8.930,10.531,0.037,false,20.399,SEVERE,8,sequential_yolo_pose,SM-S906U1,GPU
2026-04-22 16:49:02.356,123.144,29.455,52.470,0.590,2.788,8.398,11.512,0.057,false,20.375,SEVERE,8,sequential_yolo_pose,SM-S906U1,GPU
2026-04-22 16:49:02.460,98.690,26.800,54.080,0.522,0.000,0.000,0.000,0.000,true,16.949,SEVERE,8,sequential_yolo_pose,SM-S906U1,GPU
2026-04-22 16:49:02.579,112.512,24.456,55.920,0.754,0.000,0.000,0.000,0.000,true,30.594,SEVERE,8,sequential_yolo_pose,SM-S906U1,GPU
2026-04-22 16:49:02.689,102.238,23.971,53.912,0.686,0.000,0.000,0.000,0.000,true,13.914,SEVERE,8,sequential_yolo_pose,SM-S906U1,GPU
2026-04-22 16:49:02.811,115.421,31.032,57.199,0.849,0.000,0.000,0.000,0.000,true,17.004,SEVERE,8,sequential_yolo_pose,SM-S906U1,GPU
2026-04-22 16:49:02.929,107.891,26.088,51.916,0.878,0.000,0.000,0.000,0.000,true,30.586,SEVERE,8,sequential_yolo_pose,SM-S906U1,GPU
2026-04-22 16:49:03.038,100.787,24.352,52.050,0.584,0.000,0.000,0.000,0.000,true,13.461,SEVERE,8,sequential_yolo_pose,SM-S906U1,GPU
2026-04-22 16:49:03.152,105.532,29.219,52.128,0.517,0.000,0.000,0.000,0.000,true,16.942,SEVERE,8,sequential_yolo_pose,SM-S906U1,GPU
2026-04-22 16:49:03.258,101.139,27.685,53.156,0.765,0.000,0.000,0.000,0.000,true,30.649,SEVERE,8,sequential_yolo_pose,SM-S906U1,GPU
2026-04-22 16:49:03.391,126.436,24.538,53.902,1.075,4.255,9.636,13.617,0.058,false,17.250,SEVERE,8,sequential_yolo_pose,SM-S906U1,GPU
2026-04-22 16:49:03.519,123.367,24.578,53.361,0.677,3.214,6.804,14.376,0.054,false,20.375,SEVERE,8,sequential_yolo_pose,SM-S906U1,GPU
2026-04-22 16:49:03.639,113.952,24.313,52.028,0.515,2.237,5.229,13.355,0.045,false,20.407,SEVERE,8,sequential_yolo_pose,SM-S906U1,GPU
2026-04-22 16:49:03.759,115.831,24.929,53.814,0.542,2.390,5.655,9.808,0.032,false,20.278,SEVERE,8,sequential_yolo_pose,SM-S906U1,GPU
2026-04-22 16:49:03.888,123.971,28.456,52.324,0.731,2.899,8.556,10.980,0.044,false,20.375,SEVERE,8,sequential_yolo_pose,SM-S906U1,GPU
2026-04-22 16:49:04.014,120.499,24.298,51.725,0.863,3.570,8.576,13.869,0.048,false,20.344,SEVERE,8,sequential_yolo_pose,SM-S906U1,GPU
2026-04-22 16:49:04.146,126.476,25.492,57.226,0.930,3.508,7.689,13.072,0.114,false,20.344,SEVERE,8,sequential_yolo_pose,SM-S906U1,GPU
2026-04-22 16:49:04.269,116.309,23.389,52.741,1.108,4.132,10.366,11.851,0.055,false,20.434,SEVERE,9,sequential_yolo_pose,SM-S906U1,GPU
2026-04-22 16:49:04.398,122.176,25.250,51.768,1.343,4.623,9.952,10.575,0.066,false,20.344,SEVERE,9,sequential_yolo_pose,SM-S906U1,GPU
2026-04-22 16:49:04.528,124.487,24.011,51.864,0.803,4.941,10.026,13.511,0.057,false,20.375,SEVERE,9,sequential_yolo_pose,SM-S906U1,GPU
2026-04-22 16:49:04.630,96.985,24.417,54.651,0.651,0.000,0.000,0.000,0.000,true,11.082,SEVERE,9,sequential_yolo_pose,SM-S906U1,GPU
2026-04-22 16:49:04.768,130.778,29.850,52.897,0.850,3.868,5.536,11.844,0.054,false,20.336,SEVERE,9,sequential_yolo_pose,SM-S906U1,GPU
2026-04-22 16:49:04.899,119.718,26.285,54.405,0.491,3.183,6.432,10.402,0.068,false,20.313,SEVERE,9,sequential_yolo_pose,SM-S906U1,GPU
2026-04-22 16:49:05.019,112.548,24.217,51.458,0.702,3.661,7.427,11.740,0.050,false,20.375,SEVERE,9,sequential_yolo_pose,SM-S906U1,GPU
2026-04-22 16:49:05.151,125.953,28.615,55.198,0.536,2.786,6.513,13.378,0.054,false,20.375,SEVERE,9,sequential_yolo_pose,SM-S906U1,GPU
2026-04-22 16:49:05.274,117.728,23.525,54.931,0.681,3.638,6.941,10.848,0.054,false,20.375,SEVERE,8,sequential_yolo_pose,SM-S906U1,GPU
2026-04-22 16:49:05.395,115.446,24.321,52.185,0.869,2.425,6.264,10.975,0.067,false,20.313,SEVERE,8,sequential_yolo_pose,SM-S906U1,GPU
2026-04-22 16:49:05.529,128.939,26.552,55.634,0.726,3.184,14.418,10.523,0.039,false,20.340,SEVERE,8,sequential_yolo_pose,SM-S906U1,GPU
2026-04-22 16:49:05.661,125.390,23.827,57.221,1.000,4.223,9.391,11.774,0.055,false,20.407,SEVERE,8,sequential_yolo_pose,SM-S906U1,GPU
2026-04-22 16:49:05.784,117.145,24.658,56.737,0.600,3.214,7.047,11.303,0.073,false,20.344,SEVERE,8,sequential_yolo_pose,SM-S906U1,GPU
2026-04-22 16:49:05.909,119.439,23.907,53.124,0.961,4.589,8.436,10.889,0.061,false,20.344,SEVERE,8,sequential_yolo_pose,SM-S906U1,GPU
2026-04-22 16:49:06.031,115.992,27.159,53.483,0.379,1.698,3.937,10.246,0.054,false,20.313,SEVERE,8,sequential_yolo_pose,SM-S906U1,GPU
2026-04-22 16:49:06.152,115.010,23.497,56.464,0.814,3.244,7.817,10.358,0.066,false,20.375,SEVERE,8,sequential_yolo_pose,SM-S906U1,GPU
2026-04-22 16:49:06.284,126.487,25.609,55.844,1.015,3.690,8.070,11.374,0.051,false,20.313,SEVERE,8,sequential_yolo_pose,SM-S906U1,GPU
2026-04-22 16:49:06.403,113.174,24.854,51.028,0.498,2.206,5.376,10.909,0.051,false,20.344,SEVERE,8,sequential_yolo_pose,SM-S906U1,GPU
2026-04-22 16:49:06.537,129.139,27.895,52.055,0.938,3.796,14.282,12.551,0.050,false,20.403,SEVERE,8,sequential_yolo_pose,SM-S906U1,GPU
2026-04-22 16:49:06.668,123.037,23.961,52.984,1.068,4.335,11.842,10.867,0.034,false,20.407,SEVERE,8,sequential_yolo_pose,SM-S906U1,GPU
2026-04-22 16:49:06.765,91.846,23.354,55.318,0.404,0.000,0.000,0.000,0.000,true,16.981,SEVERE,8,sequential_yolo_pose,SM-S906U1,GPU
2026-04-22 16:49:06.904,131.684,28.183,52.171,0.993,3.691,10.052,11.194,0.071,false,33.957,SEVERE,8,sequential_yolo_pose,SM-S906U1,GPU
2026-04-22 16:49:07.044,132.138,27.817,55.835,0.712,2.942,6.013,14.617,0.057,false,20.371,SEVERE,8,sequential_yolo_pose,SM-S906U1,GPU
2026-04-22 16:49:07.172,117.546,23.884,53.722,0.922,3.678,6.588,11.179,0.025,false,20.313,SEVERE,8,sequential_yolo_pose,SM-S906U1,GPU
2026-04-22 16:49:07.300,122.768,23.134,55.832,1.157,7.222,10.717,11.266,0.050,false,20.407,SEVERE,8,sequential_yolo_pose,SM-S906U1,GPU
2026-04-22 16:49:07.435,130.318,27.140,54.919,0.863,4.516,13.225,12.067,0.043,false,20.438,SEVERE,8,sequential_yolo_pose,SM-S906U1,GPU
2026-04-22 16:49:07.565,122.180,23.594,53.929,0.994,7.971,7.845,10.936,0.050,false,20.407,SEVERE,8,sequential_yolo_pose,SM-S906U1,GPU
2026-04-22 16:49:07.704,132.726,29.648,52.914,0.984,5.220,12.402,10.702,0.047,false,20.438,SEVERE,8,sequential_yolo_pose,SM-S906U1,GPU
2026-04-22 16:49:07.833,119.782,23.122,52.250,0.781,5.122,9.940,11.809,0.066,false,20.375,SEVERE,8,sequential_yolo_pose,SM-S906U1,GPU
2026-04-22 16:49:07.965,124.664,23.734,53.760,0.723,4.990,11.779,11.024,0.058,false,20.407,SEVERE,8,sequential_yolo_pose,SM-S906U1,GPU
2026-04-22 16:49:08.094,123.056,23.920,53.096,0.833,4.075,8.818,12.513,0.055,false,20.407,SEVERE,8,sequential_yolo_pose,SM-S906U1,GPU
2026-04-22 16:49:08.222,121.454,23.775,52.522,0.513,2.420,7.685,14.466,0.053,false,20.438,SEVERE,7,sequential_yolo_pose,SM-S906U1,GPU
2026-04-22 16:49:08.344,118.193,24.954,51.883,0.440,1.698,5.290,15.627,0.046,false,20.375,SEVERE,7,sequential_yolo_pose,SM-S906U1,GPU
2026-04-22 16:49:08.440,91.205,23.916,54.505,0.522,0.000,0.000,0.000,0.000,true,16.977,SEVERE,7,sequential_yolo_pose,SM-S906U1,GPU
2026-04-22 16:49:08.549,97.773,27.623,52.952,0.374,0.000,0.000,0.000,0.000,true,30.590,SEVERE,7,sequential_yolo_pose,SM-S906U1,GPU
2026-04-22 16:49:08.656,102.935,31.018,53.167,0.474,0.000,0.000,0.000,0.000,true,13.453,SEVERE,7,sequential_yolo_pose,SM-S906U1,GPU
2026-04-22 16:49:08.760,98.874,26.869,54.168,0.351,0.000,0.000,0.000,0.000,true,16.910,SEVERE,7,sequential_yolo_pose,SM-S906U1,GPU
2026-04-22 16:49:08.897,131.024,29.684,53.798,0.939,4.044,7.386,11.692,0.054,false,33.918,SEVERE,7,sequential_yolo_pose,SM-S906U1,GPU
2026-04-22 16:49:09.024,121.320,27.319,56.504,0.419,1.333,4.397,10.095,0.053,false,28.758,SEVERE,7,sequential_yolo_pose,SM-S906U1,GPU
2026-04-22 16:49:09.150,119.721,24.335,53.568,0.743,1.801,7.612,17.229,0.035,false,29.821,SEVERE,7,sequential_yolo_pose,SM-S906U1,GPU
2026-04-22 16:49:09.277,120.996,25.333,58.669,0.633,2.135,6.137,12.080,0.055,false,20.379,SEVERE,9,sequential_yolo_pose,SM-S906U1,GPU
2026-04-22 16:49:09.404,120.003,28.022,55.302,0.688,2.055,5.759,10.438,0.063,false,20.313,SEVERE,9,sequential_yolo_pose,SM-S906U1,GPU
2026-04-22 16:49:09.530,118.120,26.396,53.052,0.632,2.116,6.432,11.368,0.050,false,20.371,SEVERE,9,sequential_yolo_pose,SM-S906U1,GPU
2026-04-22 16:49:09.660,123.394,24.094,53.091,0.980,3.195,9.975,12.181,0.054,false,20.375,SEVERE,9,sequential_yolo_pose,SM-S906U1,GPU
2026-04-22 16:49:09.794,128.346,24.519,56.713,0.863,2.759,10.392,12.791,0.054,false,20.438,SEVERE,9,sequential_yolo_pose,SM-S906U1,GPU
2026-04-22 16:49:09.926,127.042,27.930,52.287,0.644,2.174,14.034,10.813,0.061,false,20.375,SEVERE,9,sequential_yolo_pose,SM-S906U1,GPU
2026-04-22 16:49:10.030,99.021,26.005,52.783,0.584,0.000,0.000,0.000,0.000,true,16.949,SEVERE,9,sequential_yolo_pose,SM-S906U1,GPU
2026-04-22 16:49:10.176,137.779,28.898,55.377,0.712,1.728,8.159,11.796,0.038,false,33.958,SEVERE,9,sequential_yolo_pose,SM-S906U1,GPU
2026-04-22 16:49:10.306,117.975,25.567,53.832,0.720,1.885,6.476,10.145,0.063,false,20.407,SEVERE,8,sequential_yolo_pose,SM-S906U1,GPU
2026-04-22 16:49:10.438,126.738,27.153,52.492,0.989,3.223,11.207,11.877,0.049,false,20.375,SEVERE,8,sequential_yolo_pose,SM-S906U1,GPU
2026-04-22 16:49:10.568,123.805,24.826,52.350,1.026,3.285,10.005,12.017,0.051,false,20.375,SEVERE,8,sequential_yolo_pose,SM-S906U1,GPU
2026-04-22 16:49:10.700,126.706,24.247,53.170,1.009,2.971,12.755,11.265,0.044,false,20.407,SEVERE,8,sequential_yolo_pose,SM-S906U1,GPU
2026-04-22 16:49:10.827,120.036,23.684,51.511,0.548,2.428,12.620,13.221,0.039,false,20.407,SEVERE,8,sequential_yolo_pose,SM-S906U1,GPU
2026-04-22 16:49:10.954,121.228,23.836,51.958,0.813,2.466,8.617,14.965,0.054,false,20.344,SEVERE,8,sequential_yolo_pose,SM-S906U1,GPU
2026-04-22 16:49:11.084,123.474,26.162,54.487,1.033,2.780,8.899,11.549,0.073,false,20.313,SEVERE,8,sequential_yolo_pose,SM-S906U1,GPU
2026-04-22 16:49:11.205,114.229,24.039,53.212,0.485,1.634,5.252,11.794,0.056,false,20.407,SEVERE,8,sequential_yolo_pose,SM-S906U1,GPU
2026-04-22 16:49:11.331,119.797,26.419,52.442,0.786,2.573,8.870,11.001,0.076,false,20.313,SEVERE,8,sequential_yolo_pose,SM-S906U1,GPU
2026-04-22 16:49:11.444,107.543,29.269,52.630,0.965,0.000,0.000,0.000,0.000,true,16.981,SEVERE,8,sequential_yolo_pose,SM-S906U1,GPU
2026-04-22 16:49:11.554,101.559,24.774,53.735,0.774,0.000,0.000,0.000,0.000,true,30.625,SEVERE,8,sequential_yolo_pose,SM-S906U1,GPU
2026-04-22 16:49:11.663,102.680,27.169,54.056,0.523,0.000,0.000,0.000,0.000,true,13.883,SEVERE,8,sequential_yolo_pose,SM-S906U1,GPU
2026-04-22 16:49:11.776,105.970,27.970,52.999,0.853,0.000,0.000,0.000,0.000,true,17.004,SEVERE,8,sequential_yolo_pose,SM-S906U1,GPU
2026-04-22 16:49:11.887,103.517,26.754,55.223,0.911,0.000,0.000,0.000,0.000,true,30.555,SEVERE,8,sequential_yolo_pose,SM-S906U1,GPU
2026-04-22 16:49:12.000,107.611,24.349,53.880,0.644,0.000,0.000,0.000,0.000,true,13.430,SEVERE,8,sequential_yolo_pose,SM-S906U1,GPU
2026-04-22 16:49:12.112,104.151,24.461,52.220,0.955,0.000,0.000,0.000,0.000,true,17.004,SEVERE,8,sequential_yolo_pose,SM-S906U1,GPU
2026-04-22 16:49:12.235,115.255,29.257,52.506,0.706,0.000,0.000,0.000,0.000,true,30.711,SEVERE,8,sequential_yolo_pose,SM-S906U1,GPU
2026-04-22 16:49:12.354,111.586,34.017,53.325,0.784,0.000,0.000,0.000,0.000,true,18.606,SEVERE,8,sequential_yolo_pose,SM-S906U1,GPU
2026-04-22 16:49:12.474,112.475,29.867,54.060,0.851,0.000,0.000,0.000,0.000,true,32.219,SEVERE,8,sequential_yolo_pose,SM-S906U1,GPU
2026-04-22 16:49:12.587,103.657,28.889,55.215,0.743,0.000,0.000,0.000,0.000,true,18.188,SEVERE,8,sequential_yolo_pose,SM-S906U1,GPU
2026-04-22 16:49:12.712,117.820,33.631,53.782,1.068,0.000,0.000,0.000,0.000,true,31.770,SEVERE,8,sequential_yolo_pose,SM-S906U1,GPU
2026-04-22 16:49:12.817,96.557,25.473,51.748,0.819,0.000,0.000,0.000,0.000,true,13.496,SEVERE,8,sequential_yolo_pose,SM-S906U1,GPU
2026-04-22 16:49:12.932,107.484,30.147,52.627,1.088,0.000,0.000,0.000,0.000,true,16.910,SEVERE,8,sequential_yolo_pose,SM-S906U1,GPU
2026-04-22 16:49:13.042,99.969,24.426,52.355,0.852,0.000,0.000,0.000,0.000,true,30.586,SEVERE,8,sequential_yolo_pose,SM-S906U1,GPU
2026-04-22 16:49:13.172,123.745,27.062,52.174,0.647,2.055,6.095,13.320,0.068,false,16.887,SEVERE,8,sequential_yolo_pose,SM-S906U1,GPU
2026-04-22 16:49:13.300,116.894,25.754,52.724,0.607,2.105,5.146,10.205,0.036,false,20.403,SEVERE,9,sequential_yolo_pose,SM-S906U1,GPU
2026-04-22 16:49:13.417,112.519,22.967,57.521,0.632,2.394,6.583,10.388,0.058,false,20.344,SEVERE,9,sequential_yolo_pose,SM-S906U1,GPU
2026-04-22 16:49:13.545,122.924,24.970,54.896,0.455,1.963,6.761,15.618,0.057,false,20.344,SEVERE,9,sequential_yolo_pose,SM-S906U1,GPU
2026-04-22 16:49:13.671,120.497,23.624,55.219,0.821,2.481,8.447,10.827,0.051,false,20.344,SEVERE,9,sequential_yolo_pose,SM-S906U1,GPU
2026-04-22 16:49:13.804,126.751,25.696,52.540,0.928,6.374,12.452,10.889,0.055,false,20.407,SEVERE,9,sequential_yolo_pose,SM-S906U1,GPU
2026-04-22 16:49:13.929,119.198,24.691,52.555,0.826,2.519,9.441,11.937,0.052,false,20.407,SEVERE,9,sequential_yolo_pose,SM-S906U1,GPU
2026-04-22 16:49:14.058,124.771,25.016,52.606,0.482,2.940,11.746,12.064,0.055,false,20.375,SEVERE,9,sequential_yolo_pose,SM-S906U1,GPU
2026-04-22 16:49:14.189,125.451,26.317,52.208,0.762,2.643,11.196,14.696,0.044,false,20.407,SEVERE,9,sequential_yolo_pose,SM-S906U1,GPU
2026-04-22 16:49:14.310,115.900,23.479,52.973,0.638,1.971,5.876,14.352,0.052,false,20.407,SEVERE,8,sequential_yolo_pose,SM-S906U1,GPU
2026-04-22 16:49:14.436,119.235,24.181,53.946,1.022,3.099,14.287,10.761,0.051,false,20.375,SEVERE,8,sequential_yolo_pose,SM-S906U1,GPU
2026-04-22 16:49:14.563,122.115,26.272,52.316,0.763,2.801,9.972,11.251,0.106,false,20.407,SEVERE,8,sequential_yolo_pose,SM-S906U1,GPU
2026-04-22 16:49:14.667,96.631,26.356,51.863,0.660,0.000,0.000,0.000,0.000,true,16.918,SEVERE,8,sequential_yolo_pose,SM-S906U1,GPU
2026-04-22 16:49:14.805,128.922,30.499,52.834,0.596,1.980,5.595,10.940,0.050,false,33.989,SEVERE,8,sequential_yolo_pose,SM-S906U1,GPU
2026-04-22 16:49:14.946,132.903,26.604,59.355,0.750,2.486,8.068,15.674,0.060,false,20.375,SEVERE,8,sequential_yolo_pose,SM-S906U1,GPU
2026-04-22 16:49:15.070,118.284,24.603,52.685,0.978,3.786,8.563,11.999,0.046,false,20.375,SEVERE,8,sequential_yolo_pose,SM-S906U1,GPU
2026-04-22 16:49:15.199,121.670,23.946,53.146,1.235,3.351,11.740,10.137,0.055,false,20.344,SEVERE,8,sequential_yolo_pose,SM-S906U1,GPU
2026-04-22 16:49:15.330,125.953,24.476,54.833,1.019,3.272,10.158,15.016,0.056,false,20.375,SEVERE,8,sequential_yolo_pose,SM-S906U1,GPU
2026-04-22 16:49:15.460,122.976,24.993,53.615,0.666,2.036,7.502,12.672,0.048,false,20.375,SEVERE,8,sequential_yolo_pose,SM-S906U1,GPU
2026-04-22 16:49:15.589,124.289,25.213,52.928,0.596,2.218,8.644,11.701,0.039,false,20.344,SEVERE,8,sequential_yolo_pose,SM-S906U1,GPU
2026-04-22 16:49:15.716,121.367,25.210,52.187,1.091,3.223,10.110,11.565,0.098,false,20.375,SEVERE,8,sequential_yolo_pose,SM-S906U1,GPU
2026-04-22 16:49:15.847,121.281,24.754,53.982,0.777,2.311,7.466,11.907,0.055,false,20.375,SEVERE,8,sequential_yolo_pose,SM-S906U1,GPU
2026-04-22 16:49:15.951,95.683,25.303,52.412,0.629,0.000,0.000,0.000,0.000,true,16.981,SEVERE,8,sequential_yolo_pose,SM-S906U1,GPU
2026-04-22 16:49:16.070,110.910,29.835,54.408,0.756,0.000,0.000,0.000,0.000,true,30.563,SEVERE,8,sequential_yolo_pose,SM-S906U1,GPU
2026-04-22 16:49:16.202,119.282,41.317,54.025,0.911,0.000,0.000,0.000,0.000,true,18.543,SEVERE,8,sequential_yolo_pose,SM-S906U1,GPU
2026-04-22 16:49:16.318,107.962,27.338,53.264,0.811,0.000,0.000,0.000,0.000,true,32.282,SEVERE,8,sequential_yolo_pose,SM-S906U1,GPU
2026-04-22 16:49:16.421,97.689,24.977,54.647,0.475,0.000,0.000,0.000,0.000,true,18.211,SEVERE,8,sequential_yolo_pose,SM-S906U1,GPU
2026-04-22 16:49:16.539,111.761,29.740,56.335,0.789,0.000,0.000,0.000,0.000,true,31.793,SEVERE,8,sequential_yolo_pose,SM-S906U1,GPU
2026-04-22 16:49:16.656,105.965,26.468,54.768,0.901,0.000,0.000,0.000,0.000,true,13.492,SEVERE,8,sequential_yolo_pose,SM-S906U1,GPU
2026-04-22 16:49:16.776,111.769,30.514,51.300,0.843,0.000,0.000,0.000,0.000,true,16.973,SEVERE,8,sequential_yolo_pose,SM-S906U1,GPU
2026-04-22 16:49:16.898,114.681,30.720,52.871,0.829,0.000,0.000,0.000,0.000,true,30.586,SEVERE,8,sequential_yolo_pose,SM-S906U1,GPU
2026-04-22 16:49:17.014,104.518,24.552,53.669,0.702,0.000,0.000,0.000,0.000,true,13.461,SEVERE,8,sequential_yolo_pose,SM-S906U1,GPU
2026-04-22 16:49:17.124,101.256,25.419,54.444,0.672,0.000,0.000,0.000,0.000,true,16.942,SEVERE,8,sequential_yolo_pose,SM-S906U1,GPU
2026-04-22 16:49:17.244,113.538,29.673,54.177,0.844,0.000,0.000,0.000,0.000,true,30.555,SEVERE,8,sequential_yolo_pose,SM-S906U1,GPU
2026-04-22 16:49:17.355,104.281,27.433,52.563,0.660,0.000,0.000,0.000,0.000,true,13.906,SEVERE,9,sequential_yolo_pose,SM-S906U1,GPU
2026-04-22 16:49:17.467,105.299,28.536,52.891,0.548,0.000,0.000,0.000,0.000,true,17.004,SEVERE,9,sequential_yolo_pose,SM-S906U1,GPU
2026-04-22 16:49:17.579,103.875,27.892,52.046,0.890,0.000,0.000,0.000,0.000,true,30.586,SEVERE,9,sequential_yolo_pose,SM-S906U1,GPU
2026-04-22 16:49:17.695,107.599,28.077,53.313,0.442,0.000,0.000,0.000,0.000,true,13.430,SEVERE,9,sequential_yolo_pose,SM-S906U1,GPU
2026-04-22 16:49:17.809,106.188,26.829,56.501,0.666,0.000,0.000,0.000,0.000,true,16.973,SEVERE,9,sequential_yolo_pose,SM-S906U1,GPU
2026-04-22 16:49:17.919,103.470,26.162,55.344,0.602,0.000,0.000,0.000,0.000,true,30.555,SEVERE,9,sequential_yolo_pose,SM-S906U1,GPU
2026-04-22 16:49:18.057,132.979,28.341,53.136,0.575,3.234,10.362,11.698,0.056,false,16.856,SEVERE,9,sequential_yolo_pose,SM-S906U1,GPU
2026-04-22 16:49:18.201,138.567,24.410,60.878,0.883,3.216,18.529,11.925,0.058,false,20.407,SEVERE,9,sequential_yolo_pose,SM-S906U1,GPU
2026-04-22 16:49:18.321,113.547,24.108,52.203,0.556,2.204,5.626,11.951,0.049,false,20.469,SEVERE,8,sequential_yolo_pose,SM-S906U1,GPU
2026-04-22 16:49:18.448,121.680,26.912,54.665,0.543,1.868,7.108,12.299,0.055,false,20.344,SEVERE,8,sequential_yolo_pose,SM-S906U1,GPU
2026-04-22 16:49:18.549,96.022,24.244,53.511,0.402,0.000,0.000,0.000,0.000,true,16.949,SEVERE,8,sequential_yolo_pose,SM-S906U1,GPU
2026-04-22 16:49:18.664,108.132,30.036,54.819,0.446,0.000,0.000,0.000,0.000,true,30.563,SEVERE,8,sequential_yolo_pose,SM-S906U1,GPU
2026-04-22 16:49:18.777,106.361,27.531,52.294,0.406,0.000,0.000,0.000,0.000,true,13.883,SEVERE,8,sequential_yolo_pose,SM-S906U1,GPU
2026-04-22 16:49:18.899,114.199,24.358,50.959,0.620,2.277,6.600,10.431,0.043,false,20.305,SEVERE,8,sequential_yolo_pose,SM-S906U1,GPU
2026-04-22 16:49:19.031,126.918,26.771,54.379,0.746,3.487,10.707,12.644,0.054,false,20.403,SEVERE,8,sequential_yolo_pose,SM-S906U1,GPU
2026-04-22 16:49:19.171,135.878,29.573,53.240,0.741,2.359,11.480,20.485,0.041,false,20.500,SEVERE,8,sequential_yolo_pose,SM-S906U1,GPU
2026-04-22 16:49:19.297,117.309,23.696,53.330,0.887,3.192,7.705,14.923,0.068,false,20.438,SEVERE,8,sequential_yolo_pose,SM-S906U1,GPU
2026-04-22 16:49:19.416,112.723,24.049,54.229,0.620,2.106,6.783,10.266,0.050,false,20.344,SEVERE,8,sequential_yolo_pose,SM-S906U1,GPU
2026-04-22 16:49:19.533,112.640,24.746,53.607,0.356,1.248,4.073,10.318,0.058,false,20.282,SEVERE,8,sequential_yolo_pose,SM-S906U1,GPU
2026-04-22 16:49:19.665,123.903,27.083,53.461,0.775,3.020,9.626,11.000,0.069,false,20.309,SEVERE,8,sequential_yolo_pose,SM-S906U1,GPU
2026-04-22 16:49:19.802,128.201,27.198,52.332,0.738,3.955,9.255,10.702,0.060,false,20.344,SEVERE,8,sequential_yolo_pose,SM-S906U1,GPU
2026-04-22 16:49:19.933,122.729,27.188,53.236,0.898,2.681,7.096,10.350,0.050,false,20.313,SEVERE,8,sequential_yolo_pose,SM-S906U1,GPU
2026-04-22 16:49:20.063,125.197,24.271,53.286,1.000,3.221,9.424,10.400,0.058,false,20.313,SEVERE,8,sequential_yolo_pose,SM-S906U1,GPU
2026-04-22 16:49:20.201,130.337,28.024,52.801,0.621,2.373,14.899,11.511,0.053,false,20.375,SEVERE,8,sequential_yolo_pose,SM-S906U1,GPU
2026-04-22 16:49:20.318,109.757,24.404,54.666,0.463,1.888,5.655,10.453,0.056,false,20.532,SEVERE,8,sequential_yolo_pose,SM-S906U1,GPU
2026-04-22 16:49:20.435,112.560,24.404,52.231,0.547,1.671,6.105,11.188,0.053,false,20.344,SEVERE,8,sequential_yolo_pose,SM-S906U1,GPU
2026-04-22 16:49:20.565,120.789,23.942,54.077,0.677,2.590,8.749,10.191,0.052,false,20.313,SEVERE,8,sequential_yolo_pose,SM-S906U1,GPU
2026-04-22 16:49:20.693,122.646,25.024,53.663,0.616,2.533,9.752,11.718,0.050,false,20.371,SEVERE,8,sequential_yolo_pose,SM-S906U1,GPU
2026-04-22 16:49:20.812,112.911,25.836,52.720,0.622,1.850,5.428,12.071,0.066,false,20.375,SEVERE,8,sequential_yolo_pose,SM-S906U1,GPU
2026-04-22 16:49:20.932,114.875,23.710,52.364,0.694,2.616,11.107,11.821,0.052,false,20.340,SEVERE,8,sequential_yolo_pose,SM-S906U1,GPU
2026-04-22 16:49:21.061,119.118,23.929,53.455,0.470,2.038,8.373,11.984,0.058,false,20.407,SEVERE,8,sequential_yolo_pose,SM-S906U1,GPU
2026-04-22 16:49:21.191,124.549,25.536,54.112,0.505,1.953,9.792,14.092,0.054,false,20.407,SEVERE,8,sequential_yolo_pose,SM-S906U1,GPU
2026-04-22 16:49:21.314,116.454,25.576,51.746,0.448,1.623,5.650,11.744,0.058,false,20.532,SEVERE,8,sequential_yolo_pose,SM-S906U1,GPU
2026-04-22 16:49:21.442,123.299,27.328,53.188,0.643,2.619,8.115,13.802,0.038,false,20.344,SEVERE,8,sequential_yolo_pose,SM-S906U1,GPU
2026-04-22 16:49:21.569,118.033,25.750,53.989,1.342,2.315,5.321,10.709,0.052,false,20.313,SEVERE,8,sequential_yolo_pose,SM-S906U1,GPU
2026-04-22 16:49:21.679,103.766,27.086,53.745,0.502,0.000,0.000,0.000,0.000,true,16.981,SEVERE,8,sequential_yolo_pose,SM-S906U1,GPU
2026-04-22 16:49:21.793,106.157,26.917,58.262,0.433,0.000,0.000,0.000,0.000,true,30.625,SEVERE,8,sequential_yolo_pose,SM-S906U1,GPU
2026-04-22 16:49:21.903,104.172,26.189,53.515,0.641,0.000,0.000,0.000,0.000,true,13.852,SEVERE,8,sequential_yolo_pose,SM-S906U1,GPU
2026-04-22 16:49:22.037,126.127,25.837,52.400,0.761,2.673,8.809,12.980,0.120,false,20.430,SEVERE,8,sequential_yolo_pose,SM-S906U1,GPU
2026-04-22 16:49:22.142,96.360,23.751,52.215,0.478,0.000,0.000,0.000,0.000,true,16.887,SEVERE,8,sequential_yolo_pose,SM-S906U1,GPU
2026-04-22 16:49:22.276,126.848,30.828,52.767,0.724,1.406,5.670,12.872,0.037,false,33.926,SEVERE,8,sequential_yolo_pose,SM-S906U1,GPU
2026-04-22 16:49:22.381,98.761,25.142,55.564,0.745,0.000,0.000,0.000,0.000,true,17.043,SEVERE,9,sequential_yolo_pose,SM-S906U1,GPU
2026-04-22 16:49:22.510,122.561,25.341,54.767,0.912,2.187,8.642,13.033,0.059,false,33.989,SEVERE,9,sequential_yolo_pose,SM-S906U1,GPU
2026-04-22 16:49:22.647,123.120,28.459,51.760,0.721,1.943,7.538,12.578,0.052,false,20.371,SEVERE,9,sequential_yolo_pose,SM-S906U1,GPU
2026-04-22 16:49:22.767,114.470,26.331,52.270,0.486,2.138,5.297,10.040,0.048,false,20.375,SEVERE,9,sequential_yolo_pose,SM-S906U1,GPU
2026-04-22 16:49:22.875,96.967,23.929,54.749,0.519,0.000,0.000,0.000,0.000,true,16.981,SEVERE,9,sequential_yolo_pose,SM-S906U1,GPU
2026-04-22 16:49:23.012,130.592,29.449,53.654,1.004,2.693,9.324,15.586,0.034,false,33.957,SEVERE,9,sequential_yolo_pose,SM-S906U1,GPU
2026-04-22 16:49:23.147,123.421,28.063,51.846,0.645,1.990,7.108,14.083,0.078,false,20.371,SEVERE,9,sequential_yolo_pose,SM-S906U1,GPU
2026-04-22 16:49:23.277,119.752,28.527,54.225,0.480,1.946,5.924,10.823,0.074,false,20.344,SEVERE,9,sequential_yolo_pose,SM-S906U1,GPU
2026-04-22 16:49:23.407,122.763,24.676,54.367,0.741,2.666,9.633,11.505,0.124,false,20.407,SEVERE,8,sequential_yolo_pose,SM-S906U1,GPU
2026-04-22 16:49:23.530,117.534,23.108,52.952,0.861,2.848,9.802,11.959,0.054,false,20.375,SEVERE,8,sequential_yolo_pose,SM-S906U1,GPU
2026-04-22 16:49:23.676,139.610,23.892,55.005,0.907,11.449,8.787,12.526,0.066,false,20.438,SEVERE,8,sequential_yolo_pose,SM-S906U1,GPU
2026-04-22 16:49:23.805,121.359,23.514,54.158,0.933,3.134,10.690,12.379,0.062,false,20.438,SEVERE,8,sequential_yolo_pose,SM-S906U1,GPU
2026-04-22 16:49:23.933,120.926,23.081,56.330,0.788,3.950,8.336,11.779,0.053,false,20.438,SEVERE,8,sequential_yolo_pose,SM-S906U1,GPU
2026-04-22 16:49:24.060,122.397,23.202,54.651,0.776,2.720,13.898,10.102,0.061,false,20.407,SEVERE,8,sequential_yolo_pose,SM-S906U1,GPU
2026-04-22 16:49:24.186,121.391,23.134,51.657,0.655,2.902,10.004,15.104,0.062,false,20.375,SEVERE,8,sequential_yolo_pose,SM-S906U1,GPU
2026-04-22 16:49:24.305,114.022,25.186,55.322,0.823,1.583,5.389,10.756,0.066,false,20.313,SEVERE,8,sequential_yolo_pose,SM-S906U1,GPU
2026-04-22 16:49:24.438,126.404,27.648,56.810,1.015,2.518,8.448,11.139,0.033,false,20.469,SEVERE,8,sequential_yolo_pose,SM-S906U1,GPU
2026-04-22 16:49:24.567,118.661,23.427,53.879,1.107,3.075,8.801,10.985,0.050,false,20.407,SEVERE,8,sequential_yolo_pose,SM-S906U1,GPU
2026-04-22 16:49:24.696,121.917,24.489,52.520,0.716,2.715,10.849,10.726,0.051,false,20.375,SEVERE,8,sequential_yolo_pose,SM-S906U1,GPU
2026-04-22 16:49:24.829,127.158,24.353,53.040,1.270,4.979,8.376,10.852,0.063,false,20.344,SEVERE,8,sequential_yolo_pose,SM-S906U1,GPU
2026-04-22 16:49:24.954,118.675,24.260,50.207,0.458,2.409,8.331,16.232,0.078,false,20.375,SEVERE,8,sequential_yolo_pose,SM-S906U1,GPU
2026-04-22 16:49:25.085,123.557,25.844,52.608,0.740,2.572,7.595,12.212,0.068,false,20.344,SEVERE,8,sequential_yolo_pose,SM-S906U1,GPU
2026-04-22 16:49:25.211,118.088,24.696,55.448,0.686,2.330,7.758,10.499,0.073,false,20.282,SEVERE,8,sequential_yolo_pose,SM-S906U1,GPU
2026-04-22 16:49:25.344,125.564,24.931,53.122,0.727,2.840,8.557,16.985,0.046,false,20.438,SEVERE,7,sequential_yolo_pose,SM-S906U1,GPU
2026-04-22 16:49:25.466,116.913,23.351,51.707,1.207,3.166,8.671,10.494,0.058,false,20.344,SEVERE,7,sequential_yolo_pose,SM-S906U1,GPU
2026-04-22 16:49:25.595,121.402,24.481,51.848,0.705,2.912,9.727,13.750,0.047,false,20.375,SEVERE,7,sequential_yolo_pose,SM-S906U1,GPU
2026-04-22 16:49:25.731,127.179,26.968,52.552,0.900,2.945,12.187,10.416,0.053,false,20.344,SEVERE,7,sequential_yolo_pose,SM-S906U1,GPU
2026-04-22 16:49:25.878,141.554,28.665,54.525,0.921,3.088,9.773,18.229,0.059,false,20.375,SEVERE,7,sequential_yolo_pose,SM-S906U1,GPU
2026-04-22 16:49:26.012,129.381,26.793,56.892,0.781,2.709,8.242,14.918,0.107,false,20.375,SEVERE,7,sequential_yolo_pose,SM-S906U1,GPU
2026-04-22 16:49:26.132,113.350,24.477,54.587,0.523,1.941,5.666,9.853,0.034,false,20.344,SEVERE,7,sequential_yolo_pose,SM-S906U1,GPU
2026-04-22 16:49:26.248,112.063,23.411,52.986,0.624,2.370,7.725,10.135,0.058,false,20.344,SEVERE,7,sequential_yolo_pose,SM-S906U1,GPU
2026-04-22 16:49:26.375,119.816,24.539,54.498,0.818,2.403,8.392,11.315,0.060,false,20.407,SEVERE,8,sequential_yolo_pose,SM-S906U1,GPU
2026-04-22 16:49:26.500,113.972,24.321,52.000,0.669,2.023,6.972,10.229,0.057,false,20.282,SEVERE,8,sequential_yolo_pose,SM-S906U1,GPU
2026-04-22 16:49:26.634,122.013,24.512,53.695,0.928,3.221,10.004,10.369,0.055,false,20.375,SEVERE,8,sequential_yolo_pose,SM-S906U1,GPU
2026-04-22 16:49:26.735,94.644,23.715,53.427,0.260,0.000,0.000,0.000,0.000,true,16.981,SEVERE,8,sequential_yolo_pose,SM-S906U1,GPU
2026-04-22 16:49:26.877,133.131,24.157,55.634,0.769,2.896,10.206,13.409,0.065,false,34.020,SEVERE,8,sequential_yolo_pose,SM-S906U1,GPU
2026-04-22 16:49:27.014,127.586,29.448,56.523,0.647,2.221,8.509,11.309,0.060,false,20.438,SEVERE,8,sequential_yolo_pose,SM-S906U1,GPU
2026-04-22 16:49:27.120,99.135,25.277,54.964,0.782,0.000,0.000,0.000,0.000,true,16.949,SEVERE,8,sequential_yolo_pose,SM-S906U1,GPU
2026-04-22 16:49:27.276,147.358,29.612,54.114,0.936,3.537,11.230,17.330,0.049,false,33.989,SEVERE,8,sequential_yolo_pose,SM-S906U1,GPU
2026-04-22 16:49:27.406,124.170,27.498,55.250,0.411,1.475,14.544,12.315,0.037,false,30.387,SEVERE,8,sequential_yolo_pose,SM-S906U1,GPU
2026-04-22 16:49:27.534,122.747,24.387,52.891,0.788,3.992,10.928,12.142,0.067,false,20.379,SEVERE,8,sequential_yolo_pose,SM-S906U1,GPU
2026-04-22 16:49:27.664,123.843,24.221,54.051,0.981,3.128,11.117,12.980,0.056,false,20.375,SEVERE,8,sequential_yolo_pose,SM-S906U1,GPU
2026-04-22 16:49:27.798,127.065,29.632,51.610,0.592,2.565,11.395,11.453,0.035,false,20.407,SEVERE,8,sequential_yolo_pose,SM-S906U1,GPU
2026-04-22 16:49:27.927,124.355,25.550,54.071,0.854,3.085,10.188,10.344,0.058,false,20.375,SEVERE,8,sequential_yolo_pose,SM-S906U1,GPU
2026-04-22 16:49:28.056,123.402,25.270,54.818,0.518,2.914,10.910,11.132,0.060,false,20.375,SEVERE,8,sequential_yolo_pose,SM-S906U1,GPU
2026-04-22 16:49:28.187,124.630,26.054,53.455,0.889,3.236,10.067,12.246,0.050,false,20.375,SEVERE,8,sequential_yolo_pose,SM-S906U1,GPU
2026-04-22 16:49:28.306,112.882,23.693,52.432,0.955,3.259,7.067,12.473,0.051,false,20.375,SEVERE,8,sequential_yolo_pose,SM-S906U1,GPU
2026-04-22 16:49:28.435,117.426,24.902,55.665,0.667,1.781,6.044,10.198,0.052,false,20.403,SEVERE,8,sequential_yolo_pose,SM-S906U1,GPU
2026-04-22 16:49:28.553,111.829,23.636,52.549,0.656,2.180,8.287,11.712,0.049,false,20.313,SEVERE,8,sequential_yolo_pose,SM-S906U1,GPU
2026-04-22 16:49:28.676,116.937,24.106,52.373,0.862,1.767,5.181,12.574,0.048,false,20.313,SEVERE,8,sequential_yolo_pose,SM-S906U1,GPU
2026-04-22 16:49:28.799,118.510,23.356,54.770,1.229,8.026,7.112,11.633,0.058,false,20.465,SEVERE,8,sequential_yolo_pose,SM-S906U1,GPU
2026-04-22 16:49:28.929,124.461,23.831,54.673,0.875,3.083,9.135,14.440,0.051,false,20.375,SEVERE,8,sequential_yolo_pose,SM-S906U1,GPU
2026-04-22 16:49:29.054,120.586,24.687,52.492,0.593,2.042,7.042,10.748,0.069,false,20.313,SEVERE,8,sequential_yolo_pose,SM-S906U1,GPU
2026-04-22 16:49:29.177,117.673,24.806,52.225,0.776,2.585,8.229,10.923,0.071,false,20.344,SEVERE,8,sequential_yolo_pose,SM-S906U1,GPU
2026-04-22 16:49:29.308,118.607,26.421,53.022,0.588,1.714,5.445,11.669,0.052,false,20.375,SEVERE,8,sequential_yolo_pose,SM-S906U1,GPU
2026-04-22 16:49:29.428,113.648,23.572,53.281,0.456,2.000,5.612,11.654,0.059,false,20.449,SEVERE,8,sequential_yolo_pose,SM-S906U1,GPU
2026-04-22 16:49:29.557,124.440,26.166,52.736,0.472,1.814,9.577,11.444,0.050,false,20.375,SEVERE,8,sequential_yolo_pose,SM-S906U1,GPU
2026-04-22 16:49:29.686,123.949,24.588,51.496,0.510,2.414,8.523,12.039,0.061,false,20.375,SEVERE,8,sequential_yolo_pose,SM-S906U1,GPU
2026-04-22 16:49:29.820,129.473,25.214,57.393,1.007,3.065,9.934,14.190,0.054,false,20.407,SEVERE,8,sequential_yolo_pose,SM-S906U1,GPU
2026-04-22 16:49:29.944,118.741,27.253,53.960,0.634,1.706,5.091,12.290,0.056,false,20.375,SEVERE,8,sequential_yolo_pose,SM-S906U1,GPU
2026-04-22 16:49:30.066,116.478,24.053,55.079,0.949,3.169,8.705,10.892,0.078,false,20.403,SEVERE,8,sequential_yolo_pose,SM-S906U1,GPU
2026-04-22 16:49:30.209,134.655,24.106,52.687,0.975,3.183,13.916,15.664,0.052,false,20.438,SEVERE,8,sequential_yolo_pose,SM-S906U1,GPU
2026-04-22 16:49:30.332,118.145,23.181,53.915,0.864,4.798,8.613,10.115,0.066,false,20.407,SEVERE,8,sequential_yolo_pose,SM-S906U1,GPU
2026-04-22 16:49:30.464,126.623,26.119,55.578,0.828,3.225,9.568,11.490,0.067,false,20.375,SEVERE,8,sequential_yolo_pose,SM-S906U1,GPU
2026-04-22 16:49:30.595,124.535,23.906,52.656,0.707,2.583,7.675,15.502,0.059,false,20.344,SEVERE,8,sequential_yolo_pose,SM-S906U1,GPU
2026-04-22 16:49:30.731,130.799,26.374,51.433,0.476,1.575,6.821,23.068,0.049,false,20.469,SEVERE,8,sequential_yolo_pose,SM-S906U1,GPU
2026-04-22 16:49:30.858,117.258,26.751,53.684,0.443,1.451,4.266,9.797,0.053,false,20.344,SEVERE,8,sequential_yolo_pose,SM-S906U1,GPU
2026-04-22 16:49:30.984,121.336,23.800,55.287,0.769,2.439,7.010,13.423,0.034,false,20.375,SEVERE,8,sequential_yolo_pose,SM-S906U1,GPU
2026-04-22 16:49:31.106,118.139,26.643,50.666,1.026,2.824,8.079,10.574,0.049,false,20.282,SEVERE,8,sequential_yolo_pose,SM-S906U1,GPU
2026-04-22 16:49:31.229,113.237,25.225,52.533,0.426,1.209,4.323,11.322,0.038,false,20.344,SEVERE,8,sequential_yolo_pose,SM-S906U1,GPU
2026-04-22 16:49:31.334,99.862,24.219,53.656,0.731,0.000,0.000,0.000,0.000,true,16.918,SEVERE,8,sequential_yolo_pose,SM-S906U1,GPU
2026-04-22 16:49:31.456,100.533,27.685,53.418,0.506,0.000,0.000,0.000,0.000,true,30.657,SEVERE,8,sequential_yolo_pose,SM-S906U1,GPU
2026-04-22 16:49:31.599,135.178,28.890,55.190,0.895,3.381,8.101,10.662,0.051,false,16.910,SEVERE,8,sequential_yolo_pose,SM-S906U1,GPU
2026-04-22 16:49:31.732,128.216,24.884,55.505,1.012,4.885,9.554,14.061,0.059,false,20.375,SEVERE,8,sequential_yolo_pose,SM-S906U1,GPU
2026-04-22 16:49:31.862,124.922,23.580,57.313,0.815,2.856,13.443,10.619,0.050,false,20.375,SEVERE,8,sequential_yolo_pose,SM-S906U1,GPU
2026-04-22 16:49:31.998,131.077,26.873,54.320,0.721,4.042,13.209,12.888,0.050,false,20.438,SEVERE,8,sequential_yolo_pose,SM-S906U1,GPU
2026-04-22 16:49:32.130,127.182,23.323,53.678,1.172,3.469,11.806,14.245,0.057,false,20.375,SEVERE,8,sequential_yolo_pose,SM-S906U1,GPU
2026-04-22 16:49:32.263,126.789,26.816,54.709,0.719,2.421,10.378,13.581,0.045,false,20.407,SEVERE,8,sequential_yolo_pose,SM-S906U1,GPU
2026-04-22 16:49:32.395,126.733,24.085,55.083,0.558,3.537,10.808,12.411,0.049,false,20.407,SEVERE,7,sequential_yolo_pose,SM-S906U1,GPU
2026-04-22 16:49:32.511,110.994,24.570,53.180,0.583,1.651,6.694,11.365,0.052,false,20.313,SEVERE,7,sequential_yolo_pose,SM-S906U1,GPU
2026-04-22 16:49:32.640,123.449,25.033,52.777,0.931,3.009,9.604,13.054,0.049,false,20.375,SEVERE,7,sequential_yolo_pose,SM-S906U1,GPU
2026-04-22 16:49:32.770,122.132,25.602,53.627,0.541,2.651,5.140,12.568,0.054,false,20.375,SEVERE,7,sequential_yolo_pose,SM-S906U1,GPU
2026-04-22 16:49:32.900,121.807,25.401,53.879,1.026,3.060,9.490,10.667,0.074,false,20.344,SEVERE,7,sequential_yolo_pose,SM-S906U1,GPU
2026-04-22 16:49:33.029,122.309,23.979,51.954,1.162,3.127,9.967,10.691,0.048,false,20.407,SEVERE,7,sequential_yolo_pose,SM-S906U1,GPU
2026-04-22 16:49:33.159,124.320,24.161,52.014,0.859,3.057,9.807,10.785,0.039,false,20.375,SEVERE,7,sequential_yolo_pose,SM-S906U1,GPU
2026-04-22 16:49:33.289,124.120,25.664,53.579,0.523,3.104,10.966,11.369,0.050,false,20.375,SEVERE,7,sequential_yolo_pose,SM-S906U1,GPU
2026-04-22 16:49:33.410,115.228,24.754,52.984,0.797,1.868,5.388,10.822,0.054,false,20.344,SEVERE,8,sequential_yolo_pose,SM-S906U1,GPU
2026-04-22 16:49:33.532,117.566,23.461,55.511,0.932,3.131,8.876,10.942,0.060,false,20.344,SEVERE,8,sequential_yolo_pose,SM-S906U1,GPU
2026-04-22 16:49:33.664,124.075,24.685,52.099,2.064,3.346,10.506,13.072,0.058,false,20.403,SEVERE,8,sequential_yolo_pose,SM-S906U1,GPU
2026-04-22 16:49:33.792,123.294,24.181,51.942,0.927,3.199,9.681,13.637,0.060,false,20.407,SEVERE,8,sequential_yolo_pose,SM-S906U1,GPU
2026-04-22 16:49:33.913,114.529,23.624,56.226,0.775,2.609,8.321,10.498,0.070,false,20.313,SEVERE,8,sequential_yolo_pose,SM-S906U1,GPU
2026-04-22 16:49:34.030,110.526,24.259,54.252,0.956,2.061,6.706,9.982,0.061,false,20.282,SEVERE,8,sequential_yolo_pose,SM-S906U1,GPU
2026-04-22 16:49:34.157,121.026,24.341,56.028,1.042,3.170,10.353,11.530,0.049,false,20.407,SEVERE,8,sequential_yolo_pose,SM-S906U1,GPU
2026-04-22 16:49:34.277,114.879,24.133,51.508,0.924,2.708,7.339,13.138,0.054,false,20.375,SEVERE,8,sequential_yolo_pose,SM-S906U1,GPU
2026-04-22 16:49:34.399,113.141,23.807,54.658,0.326,1.354,4.094,10.499,0.062,false,20.344,SEVERE,8,sequential_yolo_pose,SM-S906U1,GPU
2026-04-22 16:49:34.524,119.780,25.412,52.847,0.658,2.319,8.411,12.977,0.067,false,20.407,SEVERE,8,sequential_yolo_pose,SM-S906U1,GPU
2026-04-22 16:49:34.626,97.325,23.964,54.676,0.281,0.000,0.000,0.000,0.000,true,16.981,SEVERE,8,sequential_yolo_pose,SM-S906U1,GPU
2026-04-22 16:49:34.734,103.308,28.939,55.891,0.627,0.000,0.000,0.000,0.000,true,30.594,SEVERE,8,sequential_yolo_pose,SM-S906U1,GPU
2026-04-22 16:49:34.873,132.294,28.936,56.022,0.583,2.127,7.267,12.096,0.052,false,17.246,SEVERE,8,sequential_yolo_pose,SM-S906U1,GPU
2026-04-22 16:49:35.002,123.767,25.516,54.229,1.059,1.990,15.634,11.150,0.052,false,20.407,SEVERE,8,sequential_yolo_pose,SM-S906U1,GPU
2026-04-22 16:49:35.130,119.745,23.566,51.741,0.497,2.520,12.330,11.320,0.054,false,20.375,SEVERE,8,sequential_yolo_pose,SM-S906U1,GPU
2026-04-22 16:49:35.258,123.149,24.789,55.873,0.957,2.912,9.795,11.284,0.052,false,20.375,SEVERE,8,sequential_yolo_pose,SM-S906U1,GPU
2026-04-22 16:49:35.392,129.351,26.220,54.273,0.873,3.138,9.786,16.086,0.056,false,20.375,SEVERE,8,sequential_yolo_pose,SM-S906U1,GPU
2026-04-22 16:49:35.510,112.816,24.334,51.952,0.501,1.615,5.312,13.623,0.050,false,20.375,SEVERE,8,sequential_yolo_pose,SM-S906U1,GPU
2026-04-22 16:49:35.637,121.785,26.070,52.981,0.928,3.256,13.760,12.880,0.048,false,20.434,SEVERE,8,sequential_yolo_pose,SM-S906U1,GPU
2026-04-22 16:49:35.770,128.376,28.900,52.699,1.919,4.683,8.398,11.110,0.050,false,20.344,SEVERE,8,sequential_yolo_pose,SM-S906U1,GPU
2026-04-22 16:49:35.889,113.018,24.555,54.494,0.558,2.097,7.187,11.710,0.052,false,20.375,SEVERE,8,sequential_yolo_pose,SM-S906U1,GPU
2026-04-22 16:49:36.020,126.537,30.068,52.032,0.536,1.750,5.830,18.616,0.053,false,20.407,SEVERE,8,sequential_yolo_pose,SM-S906U1,GPU
2026-04-22 16:49:36.155,126.331,26.965,53.585,0.798,2.585,8.621,12.298,0.051,false,20.344,SEVERE,8,sequential_yolo_pose,SM-S906U1,GPU
2026-04-22 16:49:36.283,122.633,24.811,53.150,0.590,1.492,5.253,19.169,0.024,false,20.407,SEVERE,8,sequential_yolo_pose,SM-S906U1,GPU
2026-04-22 16:49:36.405,118.066,24.717,55.210,1.046,3.907,7.678,12.084,0.051,false,20.407,SEVERE,8,sequential_yolo_pose,SM-S906U1,GPU
2026-04-22 16:49:36.538,121.812,23.465,55.322,1.075,2.937,9.945,10.607,0.038,false,20.344,SEVERE,8,sequential_yolo_pose,SM-S906U1,GPU
2026-04-22 16:49:36.666,121.704,24.606,52.105,1.030,3.110,9.854,12.712,0.038,false,20.344,SEVERE,8,sequential_yolo_pose,SM-S906U1,GPU
2026-04-22 16:49:36.796,124.977,23.134,53.882,0.763,3.558,10.583,11.534,0.041,false,20.407,SEVERE,8,sequential_yolo_pose,SM-S906U1,GPU
2026-04-22 16:49:36.931,129.418,24.460,55.161,1.023,3.369,10.276,13.253,0.056,false,20.407,SEVERE,8,sequential_yolo_pose,SM-S906U1,GPU
2026-04-22 16:49:37.055,118.422,24.637,53.861,0.919,2.466,8.696,11.637,0.078,false,20.313,SEVERE,8,sequential_yolo_pose,SM-S906U1,GPU
2026-04-22 16:49:37.173,112.679,24.471,52.261,0.540,1.620,5.451,11.607,0.045,false,20.313,SEVERE,8,sequential_yolo_pose,SM-S906U1,GPU
2026-04-22 16:49:37.299,120.514,24.929,55.931,1.030,2.840,10.924,12.198,0.061,false,20.375,SEVERE,8,sequential_yolo_pose,SM-S906U1,GPU
2026-04-22 16:49:37.431,126.004,25.707,54.169,0.669,2.002,10.820,11.697,0.052,false,20.407,SEVERE,8,sequential_yolo_pose,SM-S906U1,GPU
2026-04-22 16:49:37.565,128.743,28.758,52.188,0.938,3.203,8.549,11.520,0.058,false,20.375,SEVERE,8,sequential_yolo_pose,SM-S906U1,GPU
2026-04-22 16:49:37.698,127.628,23.458,52.747,0.723,3.316,17.257,12.982,0.058,false,20.438,SEVERE,8,sequential_yolo_pose,SM-S906U1,GPU
2026-04-22 16:49:37.828,124.776,25.705,53.051,0.983,3.425,10.169,11.328,0.064,false,20.375,SEVERE,8,sequential_yolo_pose,SM-S906U1,GPU
2026-04-22 16:49:37.958,125.179,26.657,53.241,0.862,3.495,9.986,10.530,0.356,false,20.375,SEVERE,8,sequential_yolo_pose,SM-S906U1,GPU
2026-04-22 16:49:38.083,119.205,25.577,53.152,0.442,1.671,6.875,12.683,0.109,false,20.375,SEVERE,8,sequential_yolo_pose,SM-S906U1,GPU
2026-04-22 16:49:38.213,125.564,29.801,52.677,0.631,2.115,8.448,13.137,0.056,false,20.375,SEVERE,8,sequential_yolo_pose,SM-S906U1,GPU
2026-04-22 16:49:38.340,121.751,27.452,52.658,0.676,2.611,8.471,11.042,0.061,false,20.313,SEVERE,8,sequential_yolo_pose,SM-S906U1,GPU
2026-04-22 16:49:38.460,113.427,24.362,53.439,0.379,1.067,4.344,9.923,0.046,false,20.438,SEVERE,8,sequential_yolo_pose,SM-S906U1,GPU
2026-04-22 16:49:38.592,127.383,23.880,53.106,1.000,3.056,11.119,14.796,0.053,false,20.407,SEVERE,8,sequential_yolo_pose,SM-S906U1,GPU
2026-04-22 16:49:38.712,114.293,23.255,53.498,0.772,1.796,5.428,13.351,0.029,false,20.344,SEVERE,8,sequential_yolo_pose,SM-S906U1,GPU
2026-04-22 16:49:38.835,118.932,23.796,54.485,0.962,3.601,11.866,11.624,0.055,false,20.407,SEVERE,8,sequential_yolo_pose,SM-S906U1,GPU
2026-04-22 16:49:38.940,99.528,25.557,52.269,0.390,0.000,0.000,0.000,0.000,true,16.981,SEVERE,8,sequential_yolo_pose,SM-S906U1,GPU
2026-04-22 16:49:39.079,130.806,28.001,54.341,0.896,2.901,6.639,11.302,0.047,false,33.926,SEVERE,8,sequential_yolo_pose,SM-S906U1,GPU
2026-04-22 16:49:39.201,117.872,26.856,53.271,0.876,2.542,8.275,11.450,0.045,false,30.286,SEVERE,8,sequential_yolo_pose,SM-S906U1,GPU
2026-04-22 16:49:39.337,123.495,26.915,53.160,1.012,2.860,9.869,11.799,0.052,false,20.340,SEVERE,8,sequential_yolo_pose,SM-S906U1,GPU
2026-04-22 16:49:39.458,114.187,23.581,51.769,0.819,1.666,5.940,10.130,0.055,false,20.500,SEVERE,8,sequential_yolo_pose,SM-S906U1,GPU
2026-04-22 16:49:39.587,123.653,24.245,57.253,0.551,1.610,7.502,13.593,0.360,false,20.375,SEVERE,8,sequential_yolo_pose,SM-S906U1,GPU
2026-04-22 16:49:39.707,115.661,26.013,52.101,0.509,1.773,5.386,10.710,0.058,false,20.282,SEVERE,8,sequential_yolo_pose,SM-S906U1,GPU
2026-04-22 16:49:39.848,131.900,32.543,54.407,1.099,3.048,9.858,10.566,0.057,false,20.313,SEVERE,8,sequential_yolo_pose,SM-S906U1,GPU
2026-04-22 16:49:39.978,122.379,24.832,57.203,0.540,1.672,7.150,13.003,0.053,false,20.313,SEVERE,8,sequential_yolo_pose,SM-S906U1,GPU
2026-04-22 16:49:40.105,122.602,24.432,52.617,0.925,3.216,10.715,12.039,0.054,false,20.407,SEVERE,8,sequential_yolo_pose,SM-S906U1,GPU
2026-04-22 16:49:40.226,112.355,23.821,52.474,0.851,2.993,9.316,11.060,0.050,false,20.375,SEVERE,8,sequential_yolo_pose,SM-S906U1,GPU
2026-04-22 16:49:40.352,121.294,27.292,53.603,0.549,2.225,6.546,11.705,0.049,false,20.375,SEVERE,8,sequential_yolo_pose,SM-S906U1,GPU
2026-04-22 16:49:40.477,119.593,27.785,53.074,0.634,1.729,6.038,10.387,0.076,false,20.407,SEVERE,8,sequential_yolo_pose,SM-S906U1,GPU
2026-04-22 16:49:40.609,125.815,29.567,53.114,0.919,2.632,7.652,13.466,0.351,false,20.375,SEVERE,8,sequential_yolo_pose,SM-S906U1,GPU
2026-04-22 16:49:40.737,118.777,24.023,54.207,0.854,3.904,8.697,11.361,0.053,false,20.375,SEVERE,8,sequential_yolo_pose,SM-S906U1,GPU
2026-04-22 16:49:40.866,124.034,24.806,52.760,0.857,2.591,6.568,11.447,0.058,false,20.344,SEVERE,8,sequential_yolo_pose,SM-S906U1,GPU
2026-04-22 16:49:41.000,128.033,26.790,52.691,0.707,4.185,10.298,12.814,0.094,false,20.438,SEVERE,8,sequential_yolo_pose,SM-S906U1,GPU
2026-04-22 16:49:41.137,130.464,24.688,52.706,0.513,2.116,13.727,17.768,0.050,false,20.438,SEVERE,8,sequential_yolo_pose,SM-S906U1,GPU
2026-04-22 16:49:41.266,123.387,25.694,53.173,0.924,3.060,7.623,11.205,0.056,false,20.344,SEVERE,8,sequential_yolo_pose,SM-S906U1,GPU
2026-04-22 16:49:41.392,120.373,23.488,53.355,0.928,3.157,8.037,12.779,0.054,false,20.375,SEVERE,8,sequential_yolo_pose,SM-S906U1,GPU
2026-04-22 16:49:41.519,122.204,24.216,56.815,0.584,1.936,6.720,13.345,0.068,false,20.375,SEVERE,8,sequential_yolo_pose,SM-S906U1,GPU
2026-04-22 16:49:41.645,120.987,28.269,53.690,0.487,1.805,6.079,11.027,0.059,false,20.344,SEVERE,8,sequential_yolo_pose,SM-S906U1,GPU
2026-04-22 16:49:41.771,120.928,24.076,53.685,0.929,3.157,8.529,12.560,0.078,false,20.375,SEVERE,8,sequential_yolo_pose,SM-S906U1,GPU
2026-04-22 16:49:41.895,116.513,24.040,53.210,0.679,2.059,13.656,10.538,0.056,false,20.407,SEVERE,8,sequential_yolo_pose,SM-S906U1,GPU
2026-04-22 16:49:42.001,99.761,25.611,55.549,0.763,0.000,0.000,0.000,0.000,true,16.949,SEVERE,8,sequential_yolo_pose,SM-S906U1,GPU
2026-04-22 16:49:42.116,105.653,26.264,54.511,0.908,0.000,0.000,0.000,0.000,true,30.563,SEVERE,8,sequential_yolo_pose,SM-S906U1,GPU
2026-04-22 16:49:42.267,144.418,30.929,53.526,0.930,3.527,15.215,10.532,0.051,false,16.860,SEVERE,8,sequential_yolo_pose,SM-S906U1,GPU
2026-04-22 16:49:42.397,121.493,27.513,52.149,0.927,3.044,9.283,10.494,0.058,false,20.407,SEVERE,8,sequential_yolo_pose,SM-S906U1,GPU
2026-04-22 16:49:42.528,124.822,23.921,53.607,0.924,3.592,9.562,13.420,0.046,false,20.407,SEVERE,8,sequential_yolo_pose,SM-S906U1,GPU
2026-04-22 16:49:42.660,125.230,31.744,51.340,0.495,1.717,7.759,9.585,0.050,false,20.407,SEVERE,8,sequential_yolo_pose,SM-S906U1,GPU
2026-04-22 16:49:42.783,118.845,31.075,52.359,0.452,1.622,5.531,9.630,0.046,false,20.309,SEVERE,8,sequential_yolo_pose,SM-S906U1,GPU
2026-04-22 16:49:42.909,121.287,31.372,54.068,0.462,1.892,5.016,11.903,0.048,false,20.375,SEVERE,8,sequential_yolo_pose,SM-S906U1,GPU
2026-04-22 16:49:43.034,119.751,31.170,55.006,0.469,1.763,4.818,9.516,0.044,false,20.313,SEVERE,8,sequential_yolo_pose,SM-S906U1,GPU
2026-04-22 16:49:43.165,126.371,23.233,58.144,1.289,2.947,12.098,10.045,0.058,false,20.344,SEVERE,8,sequential_yolo_pose,SM-S906U1,GPU
2026-04-22 16:49:43.296,122.747,24.259,52.908,0.897,3.017,8.930,13.721,0.062,false,20.407,SEVERE,8,sequential_yolo_pose,SM-S906U1,GPU
2026-04-22 16:49:43.417,116.438,23.645,50.529,0.587,2.222,7.907,12.876,0.066,false,20.375,SEVERE,8,sequential_yolo_pose,SM-S906U1,GPU
2026-04-22 16:49:43.539,116.570,23.790,55.422,0.526,2.003,6.408,10.462,0.037,false,20.375,SEVERE,8,sequential_yolo_pose,SM-S906U1,GPU
2026-04-22 16:49:43.662,114.809,24.510,53.957,0.708,3.204,8.205,11.532,0.043,false,20.407,SEVERE,8,sequential_yolo_pose,SM-S906U1,GPU
2026-04-22 16:49:43.795,128.395,24.512,52.681,0.736,2.869,9.583,12.159,0.066,false,20.371,SEVERE,8,sequential_yolo_pose,SM-S906U1,GPU
2026-04-22 16:49:43.933,130.523,29.108,53.304,0.812,3.045,8.494,11.276,0.061,false,20.375,SEVERE,8,sequential_yolo_pose,SM-S906U1,GPU
2026-04-22 16:49:44.069,125.513,24.585,55.318,0.785,3.096,13.360,10.698,0.049,false,20.407,SEVERE,8,sequential_yolo_pose,SM-S906U1,GPU
2026-04-22 16:49:44.200,123.348,24.795,52.022,0.746,2.936,10.433,10.879,0.059,false,20.344,SEVERE,8,sequential_yolo_pose,SM-S906U1,GPU
2026-04-22 16:49:44.329,121.019,23.495,53.410,0.678,3.115,9.976,11.824,0.057,false,20.407,SEVERE,8,sequential_yolo_pose,SM-S906U1,GPU
2026-04-22 16:49:44.463,126.353,25.099,57.892,1.105,4.726,9.518,10.030,0.058,false,20.407,SEVERE,7,sequential_yolo_pose,SM-S906U1,GPU
2026-04-22 16:49:44.593,125.469,24.373,55.383,1.085,3.105,9.622,14.905,0.055,false,20.375,SEVERE,7,sequential_yolo_pose,SM-S906U1,GPU
2026-04-22 16:49:44.725,125.891,28.533,51.745,0.703,2.109,9.971,11.133,0.048,false,20.344,SEVERE,7,sequential_yolo_pose,SM-S906U1,GPU
2026-04-22 16:49:44.856,127.353,27.934,57.738,0.919,2.668,8.449,11.436,0.037,false,20.407,SEVERE,7,sequential_yolo_pose,SM-S906U1,GPU
2026-04-22 16:49:44.996,133.954,28.254,54.226,1.068,3.119,10.418,12.106,0.049,false,20.375,SEVERE,7,sequential_yolo_pose,SM-S906U1,GPU
2026-04-22 16:49:45.126,125.355,25.309,54.472,0.565,2.511,9.870,10.742,0.049,false,20.313,SEVERE,7,sequential_yolo_pose,SM-S906U1,GPU
2026-04-22 16:49:45.261,129.599,28.283,55.513,0.904,3.010,9.060,11.439,0.058,false,20.407,SEVERE,7,sequential_yolo_pose,SM-S906U1,GPU
2026-04-22 16:49:45.390,123.563,24.257,54.132,0.857,2.409,8.549,11.112,0.080,false,20.313,SEVERE,7,sequential_yolo_pose,SM-S906U1,GPU
2026-04-22 16:49:45.529,132.598,29.915,53.095,0.833,3.116,9.849,11.523,0.054,false,20.367,SEVERE,8,sequential_yolo_pose,SM-S906U1,GPU
2026-04-22 16:49:45.661,127.067,24.095,52.583,0.611,2.682,15.233,12.114,0.346,false,20.438,SEVERE,8,sequential_yolo_pose,SM-S906U1,GPU
2026-04-22 16:49:45.786,120.410,23.369,53.737,1.087,2.853,9.635,12.607,0.058,false,20.407,SEVERE,8,sequential_yolo_pose,SM-S906U1,GPU
2026-04-22 16:49:45.911,117.919,24.388,52.231,0.724,2.207,7.395,11.682,0.466,false,20.375,SEVERE,8,sequential_yolo_pose,SM-S906U1,GPU
2026-04-22 16:49:46.033,114.745,23.939,52.735,0.679,1.518,5.112,12.055,0.054,false,20.313,SEVERE,8,sequential_yolo_pose,SM-S906U1,GPU
2026-04-22 16:49:46.157,117.685,24.081,52.886,1.047,3.223,11.861,12.078,0.066,false,20.375,SEVERE,8,sequential_yolo_pose,SM-S906U1,GPU
2026-04-22 16:49:46.283,119.795,25.229,51.707,0.799,2.512,8.365,13.237,0.106,false,20.344,SEVERE,8,sequential_yolo_pose,SM-S906U1,GPU
2026-04-22 16:49:46.414,125.640,24.392,53.915,0.764,2.564,11.355,14.564,0.054,false,20.407,SEVERE,8,sequential_yolo_pose,SM-S906U1,GPU
2026-04-22 16:49:46.535,115.023,23.526,54.192,0.944,2.881,8.470,11.710,0.049,false,20.469,SEVERE,8,sequential_yolo_pose,SM-S906U1,GPU
2026-04-22 16:49:46.666,125.363,24.278,52.260,0.801,3.059,12.040,11.562,0.054,false,20.375,SEVERE,8,sequential_yolo_pose,SM-S906U1,GPU
2026-04-22 16:49:46.788,116.548,23.610,51.307,0.507,1.654,8.529,12.467,0.043,false,20.375,SEVERE,8,sequential_yolo_pose,SM-S906U1,GPU
2026-04-22 16:49:46.916,121.261,25.249,54.180,0.485,1.741,8.353,11.658,0.127,false,20.344,SEVERE,8,sequential_yolo_pose,SM-S906U1,GPU
2026-04-22 16:49:47.051,127.113,25.445,54.481,1.026,3.313,9.945,13.571,0.060,false,20.375,SEVERE,8,sequential_yolo_pose,SM-S906U1,GPU
2026-04-22 16:49:47.153,95.616,23.940,54.250,0.729,0.000,0.000,0.000,0.000,true,16.949,SEVERE,8,sequential_yolo_pose,SM-S906U1,GPU
2026-04-22 16:49:47.274,112.385,29.875,53.912,0.801,0.000,0.000,0.000,0.000,true,30.625,SEVERE,8,sequential_yolo_pose,SM-S906U1,GPU
2026-04-22 16:49:47.413,129.920,29.152,52.982,0.754,2.742,8.329,16.337,0.055,false,17.340,SEVERE,8,sequential_yolo_pose,SM-S906U1,GPU
2026-04-22 16:49:47.518,100.722,26.214,55.694,0.469,0.000,0.000,0.000,0.000,true,17.008,SEVERE,8,sequential_yolo_pose,SM-S906U1,GPU
2026-04-22 16:49:47.621,98.129,23.884,54.909,0.788,0.000,0.000,0.000,0.000,true,30.653,SEVERE,8,sequential_yolo_pose,SM-S906U1,GPU
2026-04-22 16:49:47.752,125.103,24.223,52.528,0.521,2.438,7.963,13.695,0.081,false,17.246,SEVERE,8,sequential_yolo_pose,SM-S906U1,GPU
2026-04-22 16:49:47.887,130.750,27.900,55.489,0.794,2.713,8.440,16.866,0.062,false,20.407,SEVERE,8,sequential_yolo_pose,SM-S906U1,GPU
2026-04-22 16:49:48.004,111.738,23.136,52.750,0.431,1.556,5.675,11.399,0.050,false,20.407,SEVERE,8,sequential_yolo_pose,SM-S906U1,GPU
2026-04-22 16:49:48.132,122.824,28.695,52.893,0.856,2.980,8.627,10.745,0.068,false,20.344,SEVERE,8,sequential_yolo_pose,SM-S906U1,GPU
2026-04-22 16:49:48.260,123.322,24.381,52.182,0.938,2.743,10.103,11.681,0.056,false,20.375,SEVERE,8,sequential_yolo_pose,SM-S906U1,GPU
2026-04-22 16:49:48.396,130.738,25.320,54.039,0.513,5.294,9.712,13.186,0.065,false,20.375,SEVERE,8,sequential_yolo_pose,SM-S906U1,GPU
2026-04-22 16:49:48.520,118.268,22.800,52.475,0.550,1.764,7.206,13.745,0.029,false,20.500,SEVERE,8,sequential_yolo_pose,SM-S906U1,GPU
2026-04-22 16:49:48.659,134.613,27.832,55.239,0.898,3.039,10.123,19.102,0.063,false,20.375,SEVERE,8,sequential_yolo_pose,SM-S906U1,GPU
2026-04-22 16:49:48.792,127.050,25.257,53.185,0.675,2.343,10.190,15.779,0.056,false,20.375,SEVERE,8,sequential_yolo_pose,SM-S906U1,GPU
2026-04-22 16:49:48.919,121.385,24.977,54.409,0.372,2.405,9.167,11.970,0.034,false,20.344,SEVERE,8,sequential_yolo_pose,SM-S906U1,GPU
2026-04-22 16:49:49.042,117.905,23.794,53.239,0.541,2.055,6.802,11.099,0.037,false,20.375,SEVERE,8,sequential_yolo_pose,SM-S906U1,GPU
2026-04-22 16:49:49.171,119.154,24.075,53.332,0.857,2.283,7.829,12.585,0.062,false,20.340,SEVERE,8,sequential_yolo_pose,SM-S906U1,GPU
2026-04-22 16:49:49.307,121.178,29.337,53.457,0.688,1.826,6.011,10.346,0.048,false,20.375,SEVERE,8,sequential_yolo_pose,SM-S906U1,GPU
2026-04-22 16:49:49.438,122.880,27.330,53.483,0.759,2.688,8.210,11.064,0.066,false,20.282,SEVERE,8,sequential_yolo_pose,SM-S906U1,GPU
2026-04-22 16:49:49.568,121.271,23.764,52.885,1.002,2.675,12.839,11.414,0.050,false,20.500,SEVERE,8,sequential_yolo_pose,SM-S906U1,GPU
2026-04-22 16:49:49.687,111.955,23.132,54.363,0.548,1.733,6.827,10.609,0.053,false,20.344,SEVERE,8,sequential_yolo_pose,SM-S906U1,GPU
2026-04-22 16:49:49.810,118.626,25.366,53.354,0.613,1.771,6.722,13.118,0.052,false,20.375,SEVERE,8,sequential_yolo_pose,SM-S906U1,GPU
2026-04-22 16:49:49.934,116.654,25.894,52.290,0.797,2.484,7.145,10.585,0.062,false,20.250,SEVERE,8,sequential_yolo_pose,SM-S906U1,GPU
2026-04-22 16:49:50.063,122.032,24.552,54.066,1.017,4.118,10.565,11.227,0.055,false,20.407,SEVERE,8,sequential_yolo_pose,SM-S906U1,GPU
2026-04-22 16:49:50.193,123.663,25.034,52.669,0.920,3.112,9.490,13.389,0.035,false,20.375,SEVERE,8,sequential_yolo_pose,SM-S906U1,GPU
2026-04-22 16:49:50.317,119.107,26.170,54.143,0.633,1.846,6.042,11.144,0.043,false,20.313,SEVERE,8,sequential_yolo_pose,SM-S906U1,GPU
2026-04-22 16:49:50.434,111.272,24.076,52.538,0.545,1.480,5.429,10.163,0.036,false,20.282,SEVERE,8,sequential_yolo_pose,SM-S906U1,GPU
2026-04-22 16:49:50.558,118.577,24.420,55.424,0.508,2.229,7.353,13.071,0.029,false,20.500,SEVERE,8,sequential_yolo_pose,SM-S906U1,GPU
2026-04-22 16:49:50.669,107.559,23.180,53.204,0.583,1.653,5.610,11.823,0.059,false,20.410,SEVERE,8,sequential_yolo_pose,SM-S906U1,GPU
2026-04-22 16:49:50.797,120.993,24.370,56.413,0.603,1.838,7.679,10.339,0.054,false,20.407,SEVERE,8,sequential_yolo_pose,SM-S906U1,GPU
2026-04-22 16:49:50.928,125.623,24.990,56.030,0.567,2.009,9.657,11.350,0.071,false,20.403,SEVERE,8,sequential_yolo_pose,SM-S906U1,GPU
2026-04-22 16:49:51.051,118.097,24.113,58.545,0.612,1.782,5.608,13.462,0.054,false,20.407,SEVERE,8,sequential_yolo_pose,SM-S906U1,GPU
2026-04-22 16:49:51.179,122.729,24.224,58.598,0.523,2.019,5.576,13.543,0.056,false,20.344,SEVERE,8,sequential_yolo_pose,SM-S906U1,GPU
2026-04-22 16:49:51.310,122.345,24.637,58.660,0.631,1.812,5.605,13.375,0.044,false,20.375,SEVERE,8,sequential_yolo_pose,SM-S906U1,GPU
2026-04-22 16:49:51.428,112.728,24.539,52.689,0.537,1.715,5.717,10.664,0.045,false,20.375,SEVERE,8,sequential_yolo_pose,SM-S906U1,GPU
2026-04-22 16:49:51.551,118.221,28.387,53.270,0.595,1.785,5.961,10.495,0.060,false,20.469,SEVERE,8,sequential_yolo_pose,SM-S906U1,GPU
2026-04-22 16:49:51.671,114.465,24.330,52.779,0.593,1.782,5.813,11.179,0.038,false,20.313,SEVERE,8,sequential_yolo_pose,SM-S906U1,GPU
2026-04-22 16:49:51.795,118.752,24.716,53.469,0.706,1.611,6.343,11.773,0.059,false,20.375,SEVERE,8,sequential_yolo_pose,SM-S906U1,GPU
2026-04-22 16:49:51.919,117.002,25.648,52.876,0.600,2.593,5.839,10.434,0.065,false,20.313,SEVERE,8,sequential_yolo_pose,SM-S906U1,GPU
2026-04-22 16:49:52.044,118.318,28.607,51.543,0.586,1.985,5.785,10.636,0.053,false,20.375,SEVERE,8,sequential_yolo_pose,SM-S906U1,GPU
2026-04-22 16:49:52.168,116.111,24.338,57.381,0.598,1.632,5.588,10.549,0.058,false,20.313,SEVERE,8,sequential_yolo_pose,SM-S906U1,GPU
2026-04-22 16:49:52.296,122.015,23.694,60.098,0.578,2.514,5.485,10.745,0.048,false,20.407,SEVERE,8,sequential_yolo_pose,SM-S906U1,GPU
2026-04-22 16:49:52.435,134.323,24.693,53.692,0.978,2.904,11.437,14.303,0.056,false,20.407,SEVERE,8,sequential_yolo_pose,SM-S906U1,GPU
2026-04-22 16:49:52.541,100.000,26.007,55.384,0.421,0.000,0.000,0.000,0.000,true,17.043,SEVERE,8,sequential_yolo_pose,SM-S906U1,GPU
2026-04-22 16:49:52.671,124.548,23.480,55.822,1.022,4.006,9.045,13.171,0.041,false,34.051,SEVERE,8,sequential_yolo_pose,SM-S906U1,GPU
2026-04-22 16:49:52.802,116.970,27.637,53.273,0.742,1.743,5.777,10.257,0.053,false,20.309,SEVERE,8,sequential_yolo_pose,SM-S906U1,GPU
2026-04-22 16:49:52.935,126.619,25.566,53.543,0.820,3.179,13.131,11.854,0.056,false,20.375,SEVERE,8,sequential_yolo_pose,SM-S906U1,GPU
2026-04-22 16:49:53.065,122.971,23.037,52.924,0.820,2.525,9.560,12.455,0.053,false,20.375,SEVERE,8,sequential_yolo_pose,SM-S906U1,GPU
2026-04-22 16:49:53.198,127.131,24.711,52.123,1.343,3.127,9.723,11.403,0.070,false,20.375,SEVERE,8,sequential_yolo_pose,SM-S906U1,GPU
2026-04-22 16:49:53.327,123.203,23.510,53.077,0.659,4.209,7.825,10.436,0.047,false,20.344,SEVERE,8,sequential_yolo_pose,SM-S906U1,GPU
2026-04-22 16:49:53.458,125.613,23.603,55.344,1.103,2.841,8.276,10.505,0.064,false,20.344,SEVERE,8,sequential_yolo_pose,SM-S906U1,GPU
2026-04-22 16:49:53.589,125.229,24.807,56.292,0.631,2.068,10.030,10.821,0.038,false,20.375,SEVERE,8,sequential_yolo_pose,SM-S906U1,GPU
2026-04-22 16:49:53.724,128.928,24.615,52.916,0.818,2.984,12.708,11.052,0.078,false,20.407,SEVERE,8,sequential_yolo_pose,SM-S906U1,GPU
2026-04-22 16:49:53.852,123.388,23.062,54.976,0.662,2.450,8.448,15.673,0.086,false,20.407,SEVERE,8,sequential_yolo_pose,SM-S906U1,GPU
2026-04-22 16:49:53.955,97.479,25.187,55.671,0.233,0.000,0.000,0.000,0.000,true,16.918,SEVERE,8,sequential_yolo_pose,SM-S906U1,GPU
2026-04-22 16:49:54.096,135.223,26.302,61.140,0.878,2.925,9.943,13.586,0.061,false,33.989,SEVERE,8,sequential_yolo_pose,SM-S906U1,GPU
2026-04-22 16:49:54.202,100.876,23.428,57.115,0.505,0.000,0.000,0.000,0.000,true,25.375,SEVERE,8,sequential_yolo_pose,SM-S906U1,GPU
2026-04-22 16:49:54.344,133.911,29.843,54.335,0.803,2.014,6.584,16.281,0.024,false,42.321,SEVERE,8,sequential_yolo_pose,SM-S906U1,GPU
2026-04-22 16:49:54.481,128.840,26.672,55.415,0.393,1.827,5.404,14.247,0.037,false,20.407,SEVERE,8,sequential_yolo_pose,SM-S906U1,GPU
2026-04-22 16:49:54.618,131.959,28.442,54.473,0.859,2.562,8.961,17.379,0.057,false,20.407,SEVERE,8,sequential_yolo_pose,SM-S906U1,GPU
2026-04-22 16:49:54.755,131.900,24.979,58.393,0.710,2.436,8.613,17.149,0.108,false,20.375,SEVERE,8,sequential_yolo_pose,SM-S906U1,GPU
2026-04-22 16:49:54.886,124.849,25.966,53.383,0.930,2.907,10.006,13.275,0.058,false,20.375,SEVERE,8,sequential_yolo_pose,SM-S906U1,GPU
2026-04-22 16:49:55.008,116.393,27.104,51.076,0.491,1.591,6.190,12.174,0.063,false,20.375,SEVERE,8,sequential_yolo_pose,SM-S906U1,GPU
2026-04-22 16:49:55.134,117.579,23.578,52.937,0.979,2.408,8.553,11.415,0.067,false,20.282,SEVERE,8,sequential_yolo_pose,SM-S906U1,GPU
2026-04-22 16:49:55.268,126.789,27.569,53.642,0.760,2.892,8.838,10.929,0.052,false,20.407,SEVERE,8,sequential_yolo_pose,SM-S906U1,GPU
