timestamp,analysis_fps,avg_analyze_ms,p95_analyze_ms,last_inference_ms,dropped_frames,queue_depth,delegate_mode,ram_mb,thermal_status,model_used,gpu_status
2026-04-01 21:53:49,0,0.000,0.000,0.000,0,0,CPU,0.000,UNKNOWN,yolov8n_saved_model/yolov8n_float16.tflite,GPU_SUPPORTED
2026-04-01 21:53:50,0,0.000,0.000,0.000,0,0,CPU,12.448,NONE,yolov8n_saved_model/yolov8n_float16.tflite,GPU_SUPPORTED
2026-04-01 21:53:51,0,0.000,0.000,0.000,0,0,CPU,12.792,NONE,yolov8n_saved_model/yolov8n_float16.tflite,GPU_SUPPORTED
2026-04-01 21:53:52,0,0.000,0.000,0.000,0,0,NNAPI,16.153,NONE,yolov8n_saved_model/yolov8n_float16.tflite,GPU_SUPPORTED
2026-04-01 21:53:53,0,0.000,0.000,0.000,0,0,NNAPI,16.497,NONE,yolov8n_saved_model/yolov8n_float16.tflite,GPU_SUPPORTED
2026-04-01 21:53:54,0,0.000,0.000,0.000,0,0,NNAPI,16.905,NONE,yolov8n_saved_model/yolov8n_float16.tflite,GPU_SUPPORTED
2026-04-01 21:53:55,0,0.000,0.000,0.000,0,0,NNAPI,20.546,NONE,yolov8n_640_5-class_03-29-2026_saved_model/yolov8n_640_5-class_03-29-2026_float32.tflite,GPU_SUPPORTED
2026-04-01 21:53:56,4,266.497,218.545,174.389,0,0,NNAPI,13.468,NONE,yolov8n_640_5-class_03-29-2026_saved_model/yolov8n_640_5-class_03-29-2026_float32.tflite,GPU_SUPPORTED
2026-04-01 21:53:57,5,203.670,204.659,187.193,0,0,NNAPI,29.988,NONE,yolov8n_640_5-class_03-29-2026_saved_model/yolov8n_640_5-class_03-29-2026_float32.tflite,GPU_SUPPORTED
2026-04-01 21:53:58,4,206.846,207.894,185.675,0,0,NNAPI,13.508,NONE,yolov8n_640_5-class_03-29-2026_saved_model/yolov8n_640_5-class_03-29-2026_float32.tflite,GPU_SUPPORTED
2026-04-01 21:53:59,5,228.057,224.421,190.212,0,0,NNAPI,29.957,NONE,yolov8n_640_5-class_03-29-2026_saved_model/yolov8n_640_5-class_03-29-2026_float32.tflite,GPU_SUPPORTED
2026-04-01 21:54:00,4,213.026,212.605,187.332,0,0,NNAPI,13.504,NONE,yolov8n_640_5-class_03-29-2026_saved_model/yolov8n_640_5-class_03-29-2026_float32.tflite,GPU_SUPPORTED
2026-04-01 21:54:01,5,210.982,211.162,189.500,0,0,NNAPI,29.984,NONE,yolov8n_640_5-class_03-29-2026_saved_model/yolov8n_640_5-class_03-29-2026_float32.tflite,GPU_SUPPORTED
2026-04-01 21:54:02,5,210.399,211.730,187.520,0,0,NNAPI,16.629,NONE,yolov8n_640_5-class_03-29-2026_saved_model/yolov8n_640_5-class_03-29-2026_float32.tflite,GPU_SUPPORTED
2026-04-01 21:54:03,5,209.715,209.357,185.861,0,0,NNAPI,13.382,NONE,yolov8n_640_5-class_03-29-2026_saved_model/yolov8n_640_5-class_03-29-2026_float32.tflite,GPU_SUPPORTED
2026-04-01 21:54:04,4,208.279,210.005,182.039,0,0,NNAPI,16.558,NONE,yolov8n_640_5-class_03-29-2026_saved_model/yolov8n_640_5-class_03-29-2026_float32.tflite,GPU_SUPPORTED
2026-04-01 21:54:05,5,211.910,211.942,188.166,0,0,NNAPI,13.500,NONE,yolov8n_640_5-class_03-29-2026_saved_model/yolov8n_640_5-class_03-29-2026_float32.tflite,GPU_SUPPORTED
2026-04-01 21:54:06,5,213.236,215.975,189.317,0,0,NNAPI,29.988,NONE,yolov8n_640_5-class_03-29-2026_saved_model/yolov8n_640_5-class_03-29-2026_float32.tflite,GPU_SUPPORTED
2026-04-01 21:54:07,5,210.368,212.184,188.226,0,0,NNAPI,26.894,NONE,yolov8n_640_5-class_03-29-2026_saved_model/yolov8n_640_5-class_03-29-2026_float32.tflite,GPU_SUPPORTED
2026-04-01 21:54:08,4,212.133,212.630,189.380,0,0,NNAPI,30.235,NONE,yolov8n_640_5-class_03-29-2026_saved_model/yolov8n_640_5-class_03-29-2026_float32.tflite,GPU_SUPPORTED
2026-04-01 21:54:09,5,224.754,222.245,192.386,0,0,NNAPI,31.180,NONE,yolov8n_640_5-class_03-29-2026_saved_model/yolov8n_640_5-class_03-29-2026_float32.tflite,GPU_SUPPORTED
2026-04-01 21:54:10,4,215.959,216.942,190.920,0,0,NNAPI,16.566,NONE,yolov8n_640_5-class_03-29-2026_saved_model/yolov8n_640_5-class_03-29-2026_float32.tflite,GPU_SUPPORTED
2026-04-01 21:54:11,5,215.581,216.804,187.928,0,0,NNAPI,13.519,NONE,yolov8n_640_5-class_03-29-2026_saved_model/yolov8n_640_5-class_03-29-2026_float32.tflite,GPU_SUPPORTED
2026-04-01 21:54:12,5,215.294,215.021,189.070,0,0,NNAPI,30.000,NONE,yolov8n_640_5-class_03-29-2026_saved_model/yolov8n_640_5-class_03-29-2026_float32.tflite,GPU_SUPPORTED
2026-04-01 21:54:13,4,219.327,219.651,191.589,0,0,NNAPI,13.512,NONE,yolov8n_640_5-class_03-29-2026_saved_model/yolov8n_640_5-class_03-29-2026_float32.tflite,GPU_SUPPORTED
2026-04-01 21:54:14,5,213.645,215.738,195.329,0,0,NNAPI,29.961,NONE,yolov8n_640_5-class_03-29-2026_saved_model/yolov8n_640_5-class_03-29-2026_float32.tflite,GPU_SUPPORTED
2026-04-01 21:54:15,5,214.476,218.472,193.922,0,0,NNAPI,26.906,NONE,yolov8n_640_5-class_03-29-2026_saved_model/yolov8n_640_5-class_03-29-2026_float32.tflite,GPU_SUPPORTED
2026-04-01 21:54:16,4,244.322,218.596,194.654,0,0,NNAPI,29.992,NONE,yolov8n_640_5-class_03-29-2026_saved_model/yolov8n_640_5-class_03-29-2026_float32.tflite,GPU_SUPPORTED
2026-04-01 21:54:17,4,217.650,215.621,207.377,0,0,NNAPI,19.418,LIGHT,yolov8n_640_5-class_03-29-2026_saved_model/yolov8n_640_5-class_03-29-2026_float32.tflite,GPU_SUPPORTED
2026-04-01 21:54:18,5,223.105,224.498,193.425,0,0,NNAPI,16.472,LIGHT,yolov8n_640_5-class_03-29-2026_saved_model/yolov8n_640_5-class_03-29-2026_float32.tflite,GPU_SUPPORTED
2026-04-01 21:54:19,4,217.836,219.777,189.715,0,0,NNAPI,17.820,LIGHT,yolov8n_640_5-class_03-29-2026_saved_model/yolov8n_640_5-class_03-29-2026_float32.tflite,GPU_SUPPORTED
2026-04-01 21:54:20,5,217.068,219.095,188.616,0,0,NNAPI,13.484,LIGHT,yolov8n_640_5-class_03-29-2026_saved_model/yolov8n_640_5-class_03-29-2026_float32.tflite,GPU_SUPPORTED
2026-04-01 21:54:21,4,224.244,224.754,196.017,0,0,NNAPI,16.566,LIGHT,yolov8n_640_5-class_03-29-2026_saved_model/yolov8n_640_5-class_03-29-2026_float32.tflite,GPU_SUPPORTED
2026-04-01 21:54:22,5,220.256,221.782,196.395,0,0,NNAPI,18.176,LIGHT,yolov8n_640_5-class_03-29-2026_saved_model/yolov8n_640_5-class_03-29-2026_float32.tflite,GPU_SUPPORTED
2026-04-01 21:54:23,5,217.979,218.468,190.835,0,0,NNAPI,13.156,LIGHT,yolov8n_640_5-class_03-29-2026_saved_model/yolov8n_640_5-class_03-29-2026_float32.tflite,GPU_SUPPORTED
2026-04-01 21:54:24,4,215.574,216.480,190.020,0,0,NNAPI,30.027,LIGHT,yolov8n_640_5-class_03-29-2026_saved_model/yolov8n_640_5-class_03-29-2026_float32.tflite,GPU_SUPPORTED
2026-04-01 21:54:25,5,213.539,214.482,190.298,0,0,NNAPI,16.601,LIGHT,yolov8n_640_5-class_03-29-2026_saved_model/yolov8n_640_5-class_03-29-2026_float32.tflite,GPU_SUPPORTED
2026-04-01 21:54:26,5,211.911,211.323,189.239,0,0,NNAPI,38.602,LIGHT,yolov8n_640_5-class_03-29-2026_saved_model/yolov8n_640_5-class_03-29-2026_float32.tflite,GPU_SUPPORTED
2026-04-01 21:54:27,4,215.919,216.754,193.363,0,0,NNAPI,16.601,LIGHT,yolov8n_640_5-class_03-29-2026_saved_model/yolov8n_640_5-class_03-29-2026_float32.tflite,GPU_SUPPORTED
2026-04-01 21:54:28,5,213.604,214.959,189.892,0,0,NNAPI,13.519,LIGHT,yolov8n_640_5-class_03-29-2026_saved_model/yolov8n_640_5-class_03-29-2026_float32.tflite,GPU_SUPPORTED
2026-04-01 21:54:29,5,214.235,215.226,192.910,0,0,NNAPI,30.004,LIGHT,yolov8n_640_5-class_03-29-2026_saved_model/yolov8n_640_5-class_03-29-2026_float32.tflite,GPU_SUPPORTED
2026-04-01 21:54:30,4,214.610,216.536,190.129,0,0,NNAPI,13.519,LIGHT,yolov8n_640_5-class_03-29-2026_saved_model/yolov8n_640_5-class_03-29-2026_float32.tflite,GPU_SUPPORTED
2026-04-01 21:54:31,5,214.259,215.711,191.576,0,0,NNAPI,30.031,LIGHT,yolov8n_640_5-class_03-29-2026_saved_model/yolov8n_640_5-class_03-29-2026_float32.tflite,GPU_SUPPORTED
2026-04-01 21:54:32,5,215.378,216.494,195.681,0,0,NNAPI,22.191,LIGHT,yolov8n_640_5-class_03-29-2026_saved_model/yolov8n_640_5-class_03-29-2026_float32.tflite,GPU_SUPPORTED
2026-04-01 21:54:33,4,218.847,218.986,195.662,0,0,NNAPI,30.000,LIGHT,yolov8n_640_5-class_03-29-2026_saved_model/yolov8n_640_5-class_03-29-2026_float32.tflite,GPU_SUPPORTED
2026-04-01 21:54:34,5,215.320,215.935,189.002,0,0,NNAPI,16.574,LIGHT,yolov8n_640_5-class_03-29-2026_saved_model/yolov8n_640_5-class_03-29-2026_float32.tflite,GPU_SUPPORTED
2026-04-01 21:54:35,4,215.970,216.413,192.718,0,0,NNAPI,30.028,LIGHT,yolov8n_640_5-class_03-29-2026_saved_model/yolov8n_640_5-class_03-29-2026_float32.tflite,GPU_SUPPORTED
2026-04-01 21:54:36,5,214.871,216.181,189.651,0,0,NNAPI,16.605,LIGHT,yolov8n_640_5-class_03-29-2026_saved_model/yolov8n_640_5-class_03-29-2026_float32.tflite,GPU_SUPPORTED
2026-04-01 21:54:37,5,212.530,213.053,189.301,0,0,NNAPI,13.422,LIGHT,yolov8n_640_5-class_03-29-2026_saved_model/yolov8n_640_5-class_03-29-2026_float32.tflite,GPU_SUPPORTED
2026-04-01 21:54:38,4,213.095,213.474,190.075,0,0,NNAPI,16.609,LIGHT,yolov8n_640_5-class_03-29-2026_saved_model/yolov8n_640_5-class_03-29-2026_float32.tflite,GPU_SUPPORTED
2026-04-01 21:54:39,5,212.835,213.440,189.796,0,0,NNAPI,13.512,LIGHT,yolov8n_640_5-class_03-29-2026_saved_model/yolov8n_640_5-class_03-29-2026_float32.tflite,GPU_SUPPORTED
2026-04-01 21:54:40,5,217.407,219.989,198.958,0,0,NNAPI,30.031,LIGHT,yolov8n_640_5-class_03-29-2026_saved_model/yolov8n_640_5-class_03-29-2026_float32.tflite,GPU_SUPPORTED
2026-04-01 21:54:41,4,223.582,224.373,199.966,0,0,NNAPI,30.004,LIGHT,yolov8n_640_5-class_03-29-2026_saved_model/yolov8n_640_5-class_03-29-2026_float32.tflite,GPU_SUPPORTED
2026-04-01 21:54:42,5,222.638,222.757,197.647,0,0,NNAPI,26.875,LIGHT,yolov8n_640_5-class_03-29-2026_saved_model/yolov8n_640_5-class_03-29-2026_float32.tflite,GPU_SUPPORTED
2026-04-01 21:54:43,4,222.637,222.661,198.682,0,0,NNAPI,17.789,LIGHT,yolov8n_640_5-class_03-29-2026_saved_model/yolov8n_640_5-class_03-29-2026_float32.tflite,GPU_SUPPORTED
2026-04-01 21:54:44,4,241.997,223.850,276.544,0,0,NNAPI,30.000,LIGHT,yolov8n_640_5-class_03-29-2026_saved_model/yolov8n_640_5-class_03-29-2026_float32.tflite,GPU_SUPPORTED
2026-04-01 21:54:45,4,290.200,329.937,214.298,0,0,NNAPI,14.691,LIGHT,yolov8n_640_5-class_03-29-2026_saved_model/yolov8n_640_5-class_03-29-2026_float32.tflite,GPU_SUPPORTED
2026-04-01 21:54:46,4,251.519,231.774,206.986,0,0,NNAPI,16.633,LIGHT,yolov8n_640_5-class_03-29-2026_saved_model/yolov8n_640_5-class_03-29-2026_float32.tflite,GPU_SUPPORTED
2026-04-01 21:54:47,4,237.058,237.726,209.391,0,0,NNAPI,13.261,LIGHT,yolov8n_640_5-class_03-29-2026_saved_model/yolov8n_640_5-class_03-29-2026_float32.tflite,GPU_SUPPORTED
2026-04-01 21:54:48,3,271.993,278.463,218.277,0,0,NNAPI,13.516,LIGHT,yolov8n_640_5-class_03-29-2026_saved_model/yolov8n_640_5-class_03-29-2026_float32.tflite,GPU_SUPPORTED
2026-04-01 21:54:49,3,333.437,269.684,429.651,0,0,NNAPI,18.211,LIGHT,yolov8n_640_5-class_03-29-2026_saved_model/yolov8n_640_5-class_03-29-2026_float32.tflite,GPU_SUPPORTED
2026-04-01 21:54:50,5,242.884,254.189,206.373,0,0,NNAPI,17.929,LIGHT,yolov8n_640_5-class_03-29-2026_saved_model/yolov8n_640_5-class_03-29-2026_float32.tflite,GPU_SUPPORTED
2026-04-01 21:54:51,4,232.722,233.221,205.991,0,0,NNAPI,29.996,LIGHT,yolov8n_640_5-class_03-29-2026_saved_model/yolov8n_640_5-class_03-29-2026_float32.tflite,GPU_SUPPORTED
2026-04-01 21:54:52,4,231.927,232.179,208.244,0,0,NNAPI,13.523,LIGHT,yolov8n_640_5-class_03-29-2026_saved_model/yolov8n_640_5-class_03-29-2026_float32.tflite,GPU_SUPPORTED
2026-04-01 21:54:53,5,233.308,233.332,208.020,0,0,NNAPI,19.406,LIGHT,yolov8n_640_5-class_03-29-2026_saved_model/yolov8n_640_5-class_03-29-2026_float32.tflite,GPU_SUPPORTED
2026-04-01 21:54:54,4,233.348,233.897,207.472,0,0,NNAPI,13.515,LIGHT,yolov8n_640_5-class_03-29-2026_saved_model/yolov8n_640_5-class_03-29-2026_float32.tflite,GPU_SUPPORTED
2026-04-01 21:54:55,4,234.667,235.401,207.329,0,0,NNAPI,31.567,LIGHT,yolov8n_640_5-class_03-29-2026_saved_model/yolov8n_640_5-class_03-29-2026_float32.tflite,GPU_SUPPORTED
2026-04-01 21:54:56,4,233.242,233.317,207.335,0,0,NNAPI,13.512,LIGHT,yolov8n_640_5-class_03-29-2026_saved_model/yolov8n_640_5-class_03-29-2026_float32.tflite,GPU_SUPPORTED
2026-04-01 21:54:57,5,233.592,234.274,208.111,0,0,NNAPI,30.004,LIGHT,yolov8n_640_5-class_03-29-2026_saved_model/yolov8n_640_5-class_03-29-2026_float32.tflite,GPU_SUPPORTED
2026-04-01 21:54:58,4,232.756,232.563,207.916,0,0,NNAPI,13.512,LIGHT,yolov8n_640_5-class_03-29-2026_saved_model/yolov8n_640_5-class_03-29-2026_float32.tflite,GPU_SUPPORTED
2026-04-01 21:54:59,4,232.369,233.473,208.611,0,0,NNAPI,16.609,LIGHT,yolov8n_640_5-class_03-29-2026_saved_model/yolov8n_640_5-class_03-29-2026_float32.tflite,GPU_SUPPORTED
2026-04-01 21:55:00,5,234.756,236.315,209.118,0,0,NNAPI,30.000,LIGHT,yolov8n_640_5-class_03-29-2026_saved_model/yolov8n_640_5-class_03-29-2026_float32.tflite,GPU_SUPPORTED
2026-04-01 21:55:01,4,234.844,235.222,209.924,0,0,NNAPI,10.640,LIGHT,yolov8n_640_5-class_03-29-2026_saved_model/yolov8n_640_5-class_03-29-2026_float32.tflite,GPU_SUPPORTED
2026-04-01 21:55:02,4,233.654,234.307,208.356,0,0,NNAPI,16.640,LIGHT,yolov8n_640_5-class_03-29-2026_saved_model/yolov8n_640_5-class_03-29-2026_float32.tflite,GPU_SUPPORTED
2026-04-01 21:55:03,4,235.586,235.536,209.829,0,0,NNAPI,29.965,LIGHT,yolov8n_640_5-class_03-29-2026_saved_model/yolov8n_640_5-class_03-29-2026_float32.tflite,GPU_SUPPORTED
2026-04-01 21:55:04,4,233.949,234.132,206.917,0,0,NNAPI,11.945,LIGHT,yolov8n_640_5-class_03-29-2026_saved_model/yolov8n_640_5-class_03-29-2026_float32.tflite,GPU_SUPPORTED
2026-04-01 21:55:05,5,233.151,233.919,209.321,0,0,NNAPI,30.035,LIGHT,yolov8n_640_5-class_03-29-2026_saved_model/yolov8n_640_5-class_03-29-2026_float32.tflite,GPU_SUPPORTED
2026-04-01 21:55:06,4,233.850,233.823,207.823,0,0,NNAPI,13.488,LIGHT,yolov8n_640_5-class_03-29-2026_saved_model/yolov8n_640_5-class_03-29-2026_float32.tflite,GPU_SUPPORTED
2026-04-01 21:55:07,4,234.220,234.005,208.196,0,0,NNAPI,16.570,LIGHT,yolov8n_640_5-class_03-29-2026_saved_model/yolov8n_640_5-class_03-29-2026_float32.tflite,GPU_SUPPORTED
2026-04-01 21:55:08,5,233.763,234.441,209.055,0,1,NNAPI,38.637,LIGHT,yolov8n_640_5-class_03-29-2026_saved_model/yolov8n_640_5-class_03-29-2026_float32.tflite,GPU_SUPPORTED
2026-04-01 21:55:09,4,233.849,234.497,209.247,0,0,NNAPI,16.547,LIGHT,yolov8n_640_5-class_03-29-2026_saved_model/yolov8n_640_5-class_03-29-2026_float32.tflite,GPU_SUPPORTED
2026-04-01 21:55:10,4,232.546,233.431,205.959,0,1,NNAPI,30.000,LIGHT,yolov8n_640_5-class_03-29-2026_saved_model/yolov8n_640_5-class_03-29-2026_float32.tflite,GPU_SUPPORTED
2026-04-01 21:55:11,4,233.781,234.294,208.165,0,0,NNAPI,13.519,LIGHT,yolov8n_640_5-class_03-29-2026_saved_model/yolov8n_640_5-class_03-29-2026_float32.tflite,GPU_SUPPORTED
2026-04-01 21:55:12,5,232.809,233.943,208.105,0,0,NNAPI,29.996,LIGHT,yolov8n_640_5-class_03-29-2026_saved_model/yolov8n_640_5-class_03-29-2026_float32.tflite,GPU_SUPPORTED
2026-04-01 21:55:13,4,232.493,233.081,208.597,0,1,NNAPI,13.484,LIGHT,yolov8n_640_5-class_03-29-2026_saved_model/yolov8n_640_5-class_03-29-2026_float32.tflite,GPU_SUPPORTED
2026-04-01 21:55:14,4,233.279,233.809,206.949,0,1,NNAPI,31.176,LIGHT,yolov8n_640_5-class_03-29-2026_saved_model/yolov8n_640_5-class_03-29-2026_float32.tflite,GPU_SUPPORTED
2026-04-01 21:55:15,4,232.762,233.015,208.318,0,0,NNAPI,13.125,LIGHT,yolov8n_640_5-class_03-29-2026_saved_model/yolov8n_640_5-class_03-29-2026_float32.tflite,GPU_SUPPORTED
2026-04-01 21:55:16,4,260.966,233.304,207.208,0,1,NNAPI,11.879,LIGHT,yolov8n_640_5-class_03-29-2026_saved_model/yolov8n_640_5-class_03-29-2026_float32.tflite,GPU_SUPPORTED
2026-04-01 21:55:17,5,233.175,233.818,207.855,0,0,NNAPI,16.664,LIGHT,yolov8n_640_5-class_03-29-2026_saved_model/yolov8n_640_5-class_03-29-2026_float32.tflite,GPU_SUPPORTED
2026-04-01 21:55:18,4,233.454,234.510,207.699,0,0,NNAPI,13.058,LIGHT,yolov8n_640_5-class_03-29-2026_saved_model/yolov8n_640_5-class_03-29-2026_float32.tflite,GPU_SUPPORTED
2026-04-01 21:55:19,4,233.040,232.886,207.800,0,0,NNAPI,16.570,LIGHT,yolov8n_640_5-class_03-29-2026_saved_model/yolov8n_640_5-class_03-29-2026_float32.tflite,GPU_SUPPORTED
2026-04-01 21:55:20,4,232.815,233.582,207.249,0,0,NNAPI,29.996,LIGHT,yolov8n_640_5-class_03-29-2026_saved_model/yolov8n_640_5-class_03-29-2026_float32.tflite,GPU_SUPPORTED
2026-04-01 21:55:21,5,234.029,234.898,207.605,0,0,NNAPI,26.852,LIGHT,yolov8n_640_5-class_03-29-2026_saved_model/yolov8n_640_5-class_03-29-2026_float32.tflite,GPU_SUPPORTED
2026-04-01 21:55:22,4,232.604,232.998,209.016,0,1,NNAPI,29.965,LIGHT,yolov8n_640_5-class_03-29-2026_saved_model/yolov8n_640_5-class_03-29-2026_float32.tflite,GPU_SUPPORTED
2026-04-01 21:55:23,4,232.186,231.923,209.897,0,0,NNAPI,13.453,LIGHT,yolov8n_640_5-class_03-29-2026_saved_model/yolov8n_640_5-class_03-29-2026_float32.tflite,GPU_SUPPORTED
2026-04-01 21:55:24,4,231.365,232.087,207.110,0,0,NNAPI,16.602,LIGHT,yolov8n_640_5-class_03-29-2026_saved_model/yolov8n_640_5-class_03-29-2026_float32.tflite,GPU_SUPPORTED
2026-04-01 21:55:25,5,232.804,232.808,209.407,0,1,NNAPI,13.453,LIGHT,yolov8n_640_5-class_03-29-2026_saved_model/yolov8n_640_5-class_03-29-2026_float32.tflite,GPU_SUPPORTED
2026-04-01 21:55:26,4,233.474,234.551,208.679,0,0,NNAPI,16.640,MODERATE,yolov8n_640_5-class_03-29-2026_saved_model/yolov8n_640_5-class_03-29-2026_float32.tflite,GPU_SUPPORTED
2026-04-01 21:55:27,4,235.165,235.057,208.737,0,1,NNAPI,29.965,MODERATE,yolov8n_640_5-class_03-29-2026_saved_model/yolov8n_640_5-class_03-29-2026_float32.tflite,GPU_SUPPORTED
2026-04-01 21:55:28,5,232.658,234.452,210.270,0,0,NNAPI,31.184,MODERATE,yolov8n_640_5-class_03-29-2026_saved_model/yolov8n_640_5-class_03-29-2026_float32.tflite,GPU_SUPPORTED
2026-04-01 21:55:29,4,233.454,233.988,208.915,0,1,NNAPI,16.508,MODERATE,yolov8n_640_5-class_03-29-2026_saved_model/yolov8n_640_5-class_03-29-2026_float32.tflite,GPU_SUPPORTED
2026-04-01 21:55:30,4,233.411,233.831,207.998,0,1,NNAPI,30.035,MODERATE,yolov8n_640_5-class_03-29-2026_saved_model/yolov8n_640_5-class_03-29-2026_float32.tflite,GPU_SUPPORTED
2026-04-01 21:55:31,4,234.120,233.579,211.653,0,1,NNAPI,13.523,MODERATE,yolov8n_640_5-class_03-29-2026_saved_model/yolov8n_640_5-class_03-29-2026_float32.tflite,GPU_SUPPORTED
2026-04-01 21:55:32,5,233.740,234.291,208.270,0,0,NNAPI,16.633,MODERATE,yolov8n_640_5-class_03-29-2026_saved_model/yolov8n_640_5-class_03-29-2026_float32.tflite,GPU_SUPPORTED
2026-04-01 21:55:33,4,234.204,233.123,211.245,0,1,NNAPI,13.449,MODERATE,yolov8n_640_5-class_03-29-2026_saved_model/yolov8n_640_5-class_03-29-2026_float32.tflite,GPU_SUPPORTED
2026-04-01 21:55:34,4,235.790,236.038,209.772,0,0,NNAPI,16.570,MODERATE,yolov8n_640_5-class_03-29-2026_saved_model/yolov8n_640_5-class_03-29-2026_float32.tflite,GPU_SUPPORTED
2026-04-01 21:55:35,4,233.720,233.256,207.588,0,0,NNAPI,29.965,MODERATE,yolov8n_640_5-class_03-29-2026_saved_model/yolov8n_640_5-class_03-29-2026_float32.tflite,GPU_SUPPORTED
2026-04-01 21:55:36,5,232.514,232.430,207.684,0,0,NNAPI,22.125,MODERATE,yolov8n_640_5-class_03-29-2026_saved_model/yolov8n_640_5-class_03-29-2026_float32.tflite,GPU_SUPPORTED
2026-04-01 21:55:37,4,232.055,232.872,207.591,0,1,NNAPI,29.996,MODERATE,yolov8n_640_5-class_03-29-2026_saved_model/yolov8n_640_5-class_03-29-2026_float32.tflite,GPU_SUPPORTED
2026-04-01 21:55:38,4,236.296,235.228,209.156,0,0,NNAPI,13.488,MODERATE,yolov8n_640_5-class_03-29-2026_saved_model/yolov8n_640_5-class_03-29-2026_float32.tflite,GPU_SUPPORTED
2026-04-01 21:55:39,4,232.903,233.389,207.728,0,1,NNAPI,16.601,MODERATE,yolov8n_640_5-class_03-29-2026_saved_model/yolov8n_640_5-class_03-29-2026_float32.tflite,GPU_SUPPORTED
2026-04-01 21:55:40,5,231.759,233.241,209.647,0,0,NNAPI,13.336,MODERATE,yolov8n_640_5-class_03-29-2026_saved_model/yolov8n_640_5-class_03-29-2026_float32.tflite,GPU_SUPPORTED
2026-04-01 21:55:41,4,232.381,233.239,209.173,0,0,NNAPI,16.570,MODERATE,yolov8n_640_5-class_03-29-2026_saved_model/yolov8n_640_5-class_03-29-2026_float32.tflite,GPU_SUPPORTED
2026-04-01 21:55:42,4,232.164,231.757,207.395,0,0,NNAPI,29.996,MODERATE,yolov8n_640_5-class_03-29-2026_saved_model/yolov8n_640_5-class_03-29-2026_float32.tflite,GPU_SUPPORTED
2026-04-01 21:55:43,5,233.178,233.744,208.806,0,0,NNAPI,13.582,MODERATE,yolov8n_640_5-class_03-29-2026_saved_model/yolov8n_640_5-class_03-29-2026_float32.tflite,GPU_SUPPORTED
2026-04-01 21:55:44,4,246.622,259.757,174.987,0,0,NNAPI,44.969,MODERATE,yolov8n_640_5-class_03-29-2026_saved_model/yolov8n_640_5-class_03-29-2026_float32.tflite,GPU_SUPPORTED
2026-04-01 21:55:45,4,230.676,232.754,204.806,0,0,NNAPI,29.996,MODERATE,yolov8n_640_5-class_03-29-2026_saved_model/yolov8n_640_5-class_03-29-2026_float32.tflite,GPU_SUPPORTED
2026-04-01 21:55:46,4,237.622,233.036,228.284,0,0,NNAPI,17.762,MODERATE,yolov8n_640_5-class_03-29-2026_saved_model/yolov8n_640_5-class_03-29-2026_float32.tflite,GPU_SUPPORTED
2026-04-01 21:55:47,5,211.882,212.923,187.223,0,1,NNAPI,13.453,MODERATE,yolov8n_640_5-class_03-29-2026_saved_model/yolov8n_640_5-class_03-29-2026_float32.tflite,GPU_SUPPORTED
2026-04-01 21:55:48,4,217.205,215.343,202.227,0,1,NNAPI,16.570,MODERATE,yolov8n_640_5-class_03-29-2026_saved_model/yolov8n_640_5-class_03-29-2026_float32.tflite,GPU_SUPPORTED
2026-04-01 21:55:49,5,232.710,233.342,208.029,0,0,NNAPI,43.297,MODERATE,yolov8n_640_5-class_03-29-2026_saved_model/yolov8n_640_5-class_03-29-2026_float32.tflite,GPU_SUPPORTED
2026-04-01 21:55:50,4,235.215,236.508,208.152,0,1,NNAPI,16.551,MODERATE,yolov8n_640_5-class_03-29-2026_saved_model/yolov8n_640_5-class_03-29-2026_float32.tflite,GPU_SUPPORTED
2026-04-01 21:55:51,4,237.082,238.119,205.640,0,1,NNAPI,29.969,MODERATE,yolov8n_640_5-class_03-29-2026_saved_model/yolov8n_640_5-class_03-29-2026_float32.tflite,GPU_SUPPORTED
2026-04-01 21:55:52,4,237.205,237.109,209.578,0,0,NNAPI,13.102,MODERATE,yolov8n_640_5-class_03-29-2026_saved_model/yolov8n_640_5-class_03-29-2026_float32.tflite,GPU_SUPPORTED
2026-04-01 21:55:53,4,269.089,253.422,318.064,0,0,NNAPI,31.645,MODERATE,yolov8n_640_5-class_03-29-2026_saved_model/yolov8n_640_5-class_03-29-2026_float32.tflite,GPU_SUPPORTED
2026-04-01 21:55:54,5,209.970,213.300,187.459,0,0,NNAPI,30.000,MODERATE,yolov8n_640_5-class_03-29-2026_saved_model/yolov8n_640_5-class_03-29-2026_float32.tflite,GPU_SUPPORTED
2026-04-01 21:55:55,4,222.139,224.132,207.840,0,0,NNAPI,18.180,MODERATE,yolov8n_640_5-class_03-29-2026_saved_model/yolov8n_640_5-class_03-29-2026_float32.tflite,GPU_SUPPORTED
2026-04-01 21:55:56,4,237.710,237.525,208.286,0,0,NNAPI,13.066,MODERATE,yolov8n_640_5-class_03-29-2026_saved_model/yolov8n_640_5-class_03-29-2026_float32.tflite,GPU_SUPPORTED
2026-04-01 21:55:57,4,236.556,237.217,206.879,0,0,NNAPI,31.223,MODERATE,yolov8n_640_5-class_03-29-2026_saved_model/yolov8n_640_5-class_03-29-2026_float32.tflite,GPU_SUPPORTED
2026-04-01 21:55:58,5,235.876,236.152,206.061,0,1,NNAPI,29.938,MODERATE,yolov8n_640_5-class_03-29-2026_saved_model/yolov8n_640_5-class_03-29-2026_float32.tflite,GPU_SUPPORTED
2026-04-01 21:55:59,4,236.255,236.059,206.782,0,0,NNAPI,13.457,MODERATE,yolov8n_640_5-class_03-29-2026_saved_model/yolov8n_640_5-class_03-29-2026_float32.tflite,GPU_SUPPORTED
2026-04-01 21:56:00,4,236.788,236.947,206.152,0,0,NNAPI,16.578,MODERATE,yolov8n_640_5-class_03-29-2026_saved_model/yolov8n_640_5-class_03-29-2026_float32.tflite,GPU_SUPPORTED
2026-04-01 21:56:01,4,236.023,236.230,206.470,0,1,NNAPI,30.000,MODERATE,yolov8n_640_5-class_03-29-2026_saved_model/yolov8n_640_5-class_03-29-2026_float32.tflite,GPU_SUPPORTED
2026-04-01 21:56:02,4,236.805,236.970,207.558,0,1,NNAPI,13.496,MODERATE,yolov8n_640_5-class_03-29-2026_saved_model/yolov8n_640_5-class_03-29-2026_float32.tflite,GPU_SUPPORTED
2026-04-01 21:56:03,5,236.013,236.947,208.475,0,1,NNAPI,29.969,MODERATE,yolov8n_640_5-class_03-29-2026_saved_model/yolov8n_640_5-class_03-29-2026_float32.tflite,GPU_SUPPORTED
2026-04-01 21:56:04,4,235.028,234.670,206.353,0,0,NNAPI,13.137,MODERATE,yolov8n_640_5-class_03-29-2026_saved_model/yolov8n_640_5-class_03-29-2026_float32.tflite,GPU_SUPPORTED
2026-04-01 21:56:05,4,237.212,237.607,207.845,0,0,NNAPI,31.543,MODERATE,yolov8n_640_5-class_03-29-2026_saved_model/yolov8n_640_5-class_03-29-2026_float32.tflite,GPU_SUPPORTED
2026-04-01 21:56:06,4,236.742,236.811,210.718,0,0,NNAPI,13.461,MODERATE,yolov8n_640_5-class_03-29-2026_saved_model/yolov8n_640_5-class_03-29-2026_float32.tflite,GPU_SUPPORTED
2026-04-01 21:56:07,5,236.121,236.907,208.856,0,0,NNAPI,25.320,MODERATE,yolov8n_640_5-class_03-29-2026_saved_model/yolov8n_640_5-class_03-29-2026_float32.tflite,GPU_SUPPORTED
2026-04-01 21:56:08,4,237.240,237.363,208.581,0,0,NNAPI,13.394,MODERATE,yolov8n_640_5-class_03-29-2026_saved_model/yolov8n_640_5-class_03-29-2026_float32.tflite,GPU_SUPPORTED
2026-04-01 21:56:09,4,236.649,237.465,208.658,0,0,NNAPI,10.711,MODERATE,yolov8n_640_5-class_03-29-2026_saved_model/yolov8n_640_5-class_03-29-2026_float32.tflite,GPU_SUPPORTED
2026-04-01 21:56:10,4,236.062,236.562,207.948,0,0,NNAPI,31.184,MODERATE,yolov8n_640_5-class_03-29-2026_saved_model/yolov8n_640_5-class_03-29-2026_float32.tflite,GPU_SUPPORTED
2026-04-01 21:56:11,4,237.158,237.714,208.653,0,0,NNAPI,13.527,MODERATE,yolov8n_640_5-class_03-29-2026_saved_model/yolov8n_640_5-class_03-29-2026_float32.tflite,GPU_SUPPORTED
2026-04-01 21:56:12,5,236.612,237.697,207.162,0,0,NNAPI,29.969,MODERATE,yolov8n_640_5-class_03-29-2026_saved_model/yolov8n_640_5-class_03-29-2026_float32.tflite,GPU_SUPPORTED
2026-04-01 21:56:13,4,237.600,237.964,208.708,0,0,NNAPI,13.457,MODERATE,yolov8n_640_5-class_03-29-2026_saved_model/yolov8n_640_5-class_03-29-2026_float32.tflite,GPU_SUPPORTED
2026-04-01 21:56:14,4,237.252,237.670,209.029,0,1,NNAPI,10.711,MODERATE,yolov8n_640_5-class_03-29-2026_saved_model/yolov8n_640_5-class_03-29-2026_float32.tflite,GPU_SUPPORTED
2026-04-01 21:56:15,4,235.904,237.078,205.538,0,1,NNAPI,16.578,MODERATE,yolov8n_640_5-class_03-29-2026_saved_model/yolov8n_640_5-class_03-29-2026_float32.tflite,GPU_SUPPORTED
2026-04-01 21:56:16,4,237.036,238.009,208.490,0,0,NNAPI,30.004,MODERATE,yolov8n_640_5-class_03-29-2026_saved_model/yolov8n_640_5-class_03-29-2026_float32.tflite,GPU_SUPPORTED
2026-04-01 21:56:17,5,236.805,237.766,207.603,0,0,NNAPI,26.852,MODERATE,yolov8n_640_5-class_03-29-2026_saved_model/yolov8n_640_5-class_03-29-2026_float32.tflite,GPU_SUPPORTED
2026-04-01 21:56:18,4,229.811,233.791,184.243,0,1,NNAPI,30.223,MODERATE,yolov8n_640_5-class_03-29-2026_saved_model/yolov8n_640_5-class_03-29-2026_float32.tflite,GPU_SUPPORTED
2026-04-01 21:56:19,5,214.625,216.300,192.932,0,1,NNAPI,16.418,MODERATE,yolov8n_640_5-class_03-29-2026_saved_model/yolov8n_640_5-class_03-29-2026_float32.tflite,GPU_SUPPORTED
2026-04-01 21:56:20,4,216.856,215.663,200.963,0,0,NNAPI,29.969,MODERATE,yolov8n_640_5-class_03-29-2026_saved_model/yolov8n_640_5-class_03-29-2026_float32.tflite,GPU_SUPPORTED
2026-04-01 21:56:21,5,232.458,233.027,208.912,0,0,NNAPI,15.121,MODERATE,yolov8n_640_5-class_03-29-2026_saved_model/yolov8n_640_5-class_03-29-2026_float32.tflite,GPU_SUPPORTED
2026-04-01 21:56:22,4,232.873,233.774,205.581,0,0,NNAPI,30.000,MODERATE,yolov8n_640_5-class_03-29-2026_saved_model/yolov8n_640_5-class_03-29-2026_float32.tflite,GPU_SUPPORTED
2026-04-01 21:56:23,4,233.605,233.794,207.878,0,0,NNAPI,13.457,MODERATE,yolov8n_640_5-class_03-29-2026_saved_model/yolov8n_640_5-class_03-29-2026_float32.tflite,GPU_SUPPORTED
2026-04-01 21:56:24,4,232.716,233.092,207.205,0,0,NNAPI,16.605,MODERATE,yolov8n_640_5-class_03-29-2026_saved_model/yolov8n_640_5-class_03-29-2026_float32.tflite,GPU_SUPPORTED
2026-04-01 21:56:25,5,232.364,233.625,209.314,0,0,NNAPI,13.301,MODERATE,yolov8n_640_5-class_03-29-2026_saved_model/yolov8n_640_5-class_03-29-2026_float32.tflite,GPU_SUPPORTED
2026-04-01 21:56:26,4,232.147,232.414,206.431,0,0,NNAPI,16.574,MODERATE,yolov8n_640_5-class_03-29-2026_saved_model/yolov8n_640_5-class_03-29-2026_float32.tflite,GPU_SUPPORTED
2026-04-01 21:56:27,5,227.837,232.424,185.662,0,0,NNAPI,16.891,MODERATE,yolov8n_640_5-class_03-29-2026_saved_model/yolov8n_640_5-class_03-29-2026_float32.tflite,GPU_SUPPORTED
2026-04-01 21:56:28,3,260.834,225.597,195.377,0,0,NNAPI,30.000,MODERATE,yolov8n_640_5-class_03-29-2026_saved_model/yolov8n_640_5-class_03-29-2026_float32.tflite,GPU_SUPPORTED
2026-04-01 21:56:29,5,222.426,223.093,200.353,0,0,NNAPI,16.574,MODERATE,yolov8n_640_5-class_03-29-2026_saved_model/yolov8n_640_5-class_03-29-2026_float32.tflite,GPU_SUPPORTED
2026-04-01 21:56:30,4,236.674,236.934,205.685,0,1,NNAPI,29.969,MODERATE,yolov8n_640_5-class_03-29-2026_saved_model/yolov8n_640_5-class_03-29-2026_float32.tflite,GPU_SUPPORTED
2026-04-01 21:56:31,4,236.139,237.543,202.264,0,0,NNAPI,18.180,MODERATE,yolov8n_640_5-class_03-29-2026_saved_model/yolov8n_640_5-class_03-29-2026_float32.tflite,GPU_SUPPORTED
2026-04-01 21:56:32,4,270.333,239.306,206.266,0,0,NNAPI,30.004,MODERATE,yolov8n_640_5-class_03-29-2026_saved_model/yolov8n_640_5-class_03-29-2026_float32.tflite,GPU_SUPPORTED
2026-04-01 21:56:33,4,235.975,236.335,203.472,0,0,NNAPI,13.488,MODERATE,yolov8n_640_5-class_03-29-2026_saved_model/yolov8n_640_5-class_03-29-2026_float32.tflite,GPU_SUPPORTED
2026-04-01 21:56:34,4,246.225,238.431,245.444,0,0,NNAPI,16.609,MODERATE,yolov8n_640_5-class_03-29-2026_saved_model/yolov8n_640_5-class_03-29-2026_float32.tflite,GPU_SUPPORTED
2026-04-01 21:56:35,5,228.851,237.352,208.681,0,0,NNAPI,13.367,MODERATE,yolov8n_640_5-class_03-29-2026_saved_model/yolov8n_640_5-class_03-29-2026_float32.tflite,GPU_SUPPORTED
2026-04-01 21:56:36,4,237.172,237.006,207.139,0,0,NNAPI,16.578,MODERATE,yolov8n_640_5-class_03-29-2026_saved_model/yolov8n_640_5-class_03-29-2026_float32.tflite,GPU_SUPPORTED
2026-04-01 21:56:37,4,237.192,239.574,210.648,0,0,NNAPI,30.004,MODERATE,yolov8n_640_5-class_03-29-2026_saved_model/yolov8n_640_5-class_03-29-2026_float32.tflite,GPU_SUPPORTED
2026-04-01 21:56:38,4,237.481,238.646,206.840,0,0,NNAPI,16.609,MODERATE,yolov8n_640_5-class_03-29-2026_saved_model/yolov8n_640_5-class_03-29-2026_float32.tflite,GPU_SUPPORTED
2026-04-01 21:56:39,5,236.268,236.607,207.376,0,0,NNAPI,38.614,MODERATE,yolov8n_640_5-class_03-29-2026_saved_model/yolov8n_640_5-class_03-29-2026_float32.tflite,GPU_SUPPORTED
2026-04-01 21:56:40,4,237.799,237.975,208.119,0,0,NNAPI,16.515,MODERATE,yolov8n_640_5-class_03-29-2026_saved_model/yolov8n_640_5-class_03-29-2026_float32.tflite,GPU_SUPPORTED
2026-04-01 21:56:41,4,237.427,237.848,209.025,0,0,NNAPI,30.004,MODERATE,yolov8n_640_5-class_03-29-2026_saved_model/yolov8n_640_5-class_03-29-2026_float32.tflite,GPU_SUPPORTED
2026-04-01 21:56:43,4,237.892,237.635,205.389,0,0,NNAPI,30.035,MODERATE,yolov8n_640_5-class_03-29-2026_saved_model/yolov8n_640_5-class_03-29-2026_float32.tflite,GPU_SUPPORTED
2026-04-01 21:56:44,4,237.763,237.706,209.547,0,0,NNAPI,13.137,MODERATE,yolov8n_640_5-class_03-29-2026_saved_model/yolov8n_640_5-class_03-29-2026_float32.tflite,GPU_SUPPORTED
2026-04-01 21:56:45,5,236.003,236.250,209.468,0,0,NNAPI,44.516,MODERATE,yolov8n_640_5-class_03-29-2026_saved_model/yolov8n_640_5-class_03-29-2026_float32.tflite,GPU_SUPPORTED
2026-04-01 21:56:46,4,236.742,237.199,207.285,0,0,NNAPI,16.578,MODERATE,yolov8n_640_5-class_03-29-2026_saved_model/yolov8n_640_5-class_03-29-2026_float32.tflite,GPU_SUPPORTED
2026-04-01 21:56:47,4,236.069,235.992,208.758,0,0,NNAPI,29.973,MODERATE,yolov8n_640_5-class_03-29-2026_saved_model/yolov8n_640_5-class_03-29-2026_float32.tflite,GPU_SUPPORTED
2026-04-01 21:56:48,4,237.404,238.141,208.995,0,0,NNAPI,13.074,MODERATE,yolov8n_640_5-class_03-29-2026_saved_model/yolov8n_640_5-class_03-29-2026_float32.tflite,GPU_SUPPORTED
2026-04-01 21:56:49,5,235.123,236.069,208.212,0,0,NNAPI,16.672,MODERATE,yolov8n_640_5-class_03-29-2026_saved_model/yolov8n_640_5-class_03-29-2026_float32.tflite,GPU_SUPPORTED
2026-04-01 21:56:50,4,236.629,237.090,206.429,0,0,NNAPI,13.074,MODERATE,yolov8n_640_5-class_03-29-2026_saved_model/yolov8n_640_5-class_03-29-2026_float32.tflite,GPU_SUPPORTED
2026-04-01 21:56:51,4,235.884,236.086,208.053,0,0,NNAPI,16.578,MODERATE,yolov8n_640_5-class_03-29-2026_saved_model/yolov8n_640_5-class_03-29-2026_float32.tflite,GPU_SUPPORTED
2026-04-01 21:56:52,4,236.633,237.287,208.661,0,0,NNAPI,30.008,MODERATE,yolov8n_640_5-class_03-29-2026_saved_model/yolov8n_640_5-class_03-29-2026_float32.tflite,GPU_SUPPORTED
2026-04-01 21:56:53,4,236.532,236.462,208.398,0,0,NNAPI,13.461,MODERATE,yolov8n_640_5-class_03-29-2026_saved_model/yolov8n_640_5-class_03-29-2026_float32.tflite,GPU_SUPPORTED
2026-04-01 21:56:54,5,236.585,237.114,207.243,0,0,NNAPI,29.945,MODERATE,yolov8n_640_5-class_03-29-2026_saved_model/yolov8n_640_5-class_03-29-2026_float32.tflite,GPU_SUPPORTED
2026-04-01 21:56:55,4,237.434,238.012,208.172,0,0,NNAPI,13.457,MODERATE,yolov8n_640_5-class_03-29-2026_saved_model/yolov8n_640_5-class_03-29-2026_float32.tflite,GPU_SUPPORTED
2026-04-01 21:56:56,4,236.081,237.592,208.510,0,0,NNAPI,16.578,MODERATE,yolov8n_640_5-class_03-29-2026_saved_model/yolov8n_640_5-class_03-29-2026_float32.tflite,GPU_SUPPORTED
2026-04-01 21:56:57,4,237.019,237.116,207.155,0,0,NNAPI,29.969,MODERATE,yolov8n_640_5-class_03-29-2026_saved_model/yolov8n_640_5-class_03-29-2026_float32.tflite,GPU_SUPPORTED
2026-04-01 21:56:58,4,238.318,238.423,210.631,0,0,NNAPI,13.465,MODERATE,yolov8n_640_5-class_03-29-2026_saved_model/yolov8n_640_5-class_03-29-2026_float32.tflite,GPU_SUPPORTED
2026-04-01 21:56:59,5,236.035,236.325,208.955,0,0,NNAPI,30.012,MODERATE,yolov8n_640_5-class_03-29-2026_saved_model/yolov8n_640_5-class_03-29-2026_float32.tflite,GPU_SUPPORTED
2026-04-01 21:57:00,4,236.284,236.018,207.255,0,0,NNAPI,29.969,MODERATE,yolov8n_640_5-class_03-29-2026_saved_model/yolov8n_640_5-class_03-29-2026_float32.tflite,GPU_SUPPORTED
2026-04-01 21:57:01,4,236.417,236.786,210.058,0,0,NNAPI,13.555,MODERATE,yolov8n_640_5-class_03-29-2026_saved_model/yolov8n_640_5-class_03-29-2026_float32.tflite,GPU_SUPPORTED
2026-04-01 21:57:02,4,235.788,235.685,207.948,0,0,NNAPI,16.578,MODERATE,yolov8n_640_5-class_03-29-2026_saved_model/yolov8n_640_5-class_03-29-2026_float32.tflite,GPU_SUPPORTED
2026-04-01 21:57:03,5,235.252,235.700,208.250,0,0,NNAPI,43.336,MODERATE,yolov8n_640_5-class_03-29-2026_saved_model/yolov8n_640_5-class_03-29-2026_float32.tflite,GPU_SUPPORTED
2026-04-01 21:57:04,4,235.893,235.679,206.572,0,0,NNAPI,16.578,MODERATE,yolov8n_640_5-class_03-29-2026_saved_model/yolov8n_640_5-class_03-29-2026_float32.tflite,GPU_SUPPORTED
2026-04-01 21:57:05,4,236.427,237.474,208.843,0,0,NNAPI,30.004,MODERATE,yolov8n_640_5-class_03-29-2026_saved_model/yolov8n_640_5-class_03-29-2026_float32.tflite,GPU_SUPPORTED
2026-04-01 21:57:06,4,236.244,236.286,207.570,0,0,NNAPI,13.105,MODERATE,yolov8n_640_5-class_03-29-2026_saved_model/yolov8n_640_5-class_03-29-2026_float32.tflite,GPU_SUPPORTED
2026-04-01 21:57:07,5,235.866,236.931,208.730,0,0,NNAPI,16.641,MODERATE,yolov8n_640_5-class_03-29-2026_saved_model/yolov8n_640_5-class_03-29-2026_float32.tflite,GPU_SUPPORTED
2026-04-01 21:57:08,4,236.910,237.763,208.512,0,0,NNAPI,13.043,MODERATE,yolov8n_640_5-class_03-29-2026_saved_model/yolov8n_640_5-class_03-29-2026_float32.tflite,GPU_SUPPORTED
2026-04-01 21:57:09,4,237.014,237.152,208.692,0,0,NNAPI,16.617,MODERATE,yolov8n_640_5-class_03-29-2026_saved_model/yolov8n_640_5-class_03-29-2026_float32.tflite,GPU_SUPPORTED
2026-04-01 21:57:10,4,235.552,235.598,206.763,0,0,NNAPI,29.973,MODERATE,yolov8n_640_5-class_03-29-2026_saved_model/yolov8n_640_5-class_03-29-2026_float32.tflite,GPU_SUPPORTED
2026-04-01 21:57:11,4,236.968,237.608,209.553,0,0,NNAPI,13.457,MODERATE,yolov8n_640_5-class_03-29-2026_saved_model/yolov8n_640_5-class_03-29-2026_float32.tflite,GPU_SUPPORTED
2026-04-01 21:57:12,5,236.588,237.755,206.433,0,0,NNAPI,25.250,MODERATE,yolov8n_640_5-class_03-29-2026_saved_model/yolov8n_640_5-class_03-29-2026_float32.tflite,GPU_SUPPORTED
2026-04-01 21:57:13,4,237.513,237.376,210.728,0,0,NNAPI,13.496,MODERATE,yolov8n_640_5-class_03-29-2026_saved_model/yolov8n_640_5-class_03-29-2026_float32.tflite,GPU_SUPPORTED
2026-04-01 21:57:14,4,238.371,238.336,211.806,0,0,NNAPI,16.617,MODERATE,yolov8n_640_5-class_03-29-2026_saved_model/yolov8n_640_5-class_03-29-2026_float32.tflite,GPU_SUPPORTED
2026-04-01 21:57:15,4,238.585,238.774,207.987,0,0,NNAPI,30.004,MODERATE,yolov8n_640_5-class_03-29-2026_saved_model/yolov8n_640_5-class_03-29-2026_float32.tflite,GPU_SUPPORTED
2026-04-01 21:57:16,4,236.813,238.513,207.748,0,0,NNAPI,13.496,MODERATE,yolov8n_640_5-class_03-29-2026_saved_model/yolov8n_640_5-class_03-29-2026_float32.tflite,GPU_SUPPORTED
2026-04-01 21:57:17,4,257.139,242.848,214.640,0,0,NNAPI,16.609,MODERATE,yolov8n_640_5-class_03-29-2026_saved_model/yolov8n_640_5-class_03-29-2026_float32.tflite,GPU_SUPPORTED
2026-04-01 21:57:18,4,236.469,236.724,206.790,0,0,NNAPI,30.004,MODERATE,yolov8n_640_5-class_03-29-2026_saved_model/yolov8n_640_5-class_03-29-2026_float32.tflite,GPU_SUPPORTED
2026-04-01 21:57:19,5,236.927,237.496,208.248,0,0,NNAPI,26.914,MODERATE,yolov8n_640_5-class_03-29-2026_saved_model/yolov8n_640_5-class_03-29-2026_float32.tflite,GPU_SUPPORTED
2026-04-01 21:57:20,4,236.287,236.895,208.476,0,0,NNAPI,29.973,MODERATE,yolov8n_640_5-class_03-29-2026_saved_model/yolov8n_640_5-class_03-29-2026_float32.tflite,GPU_SUPPORTED
2026-04-01 21:57:21,4,236.102,236.529,210.061,0,0,NNAPI,13.519,MODERATE,yolov8n_640_5-class_03-29-2026_saved_model/yolov8n_640_5-class_03-29-2026_float32.tflite,GPU_SUPPORTED
2026-04-01 21:57:22,4,237.741,239.498,206.693,0,0,NNAPI,16.578,MODERATE,yolov8n_640_5-class_03-29-2026_saved_model/yolov8n_640_5-class_03-29-2026_float32.tflite,GPU_SUPPORTED
2026-04-01 21:57:23,5,236.746,237.077,206.815,0,0,NNAPI,38.614,MODERATE,yolov8n_640_5-class_03-29-2026_saved_model/yolov8n_640_5-class_03-29-2026_float32.tflite,GPU_SUPPORTED
2026-04-01 21:57:24,4,238.250,239.098,207.629,0,0,NNAPI,16.515,MODERATE,yolov8n_640_5-class_03-29-2026_saved_model/yolov8n_640_5-class_03-29-2026_float32.tflite,GPU_SUPPORTED
2026-04-01 21:57:25,4,238.282,239.642,208.258,0,0,NNAPI,29.973,MODERATE,yolov8n_640_5-class_03-29-2026_saved_model/yolov8n_640_5-class_03-29-2026_float32.tflite,GPU_SUPPORTED
2026-04-01 21:57:26,4,236.970,237.625,206.378,0,0,NNAPI,16.586,MODERATE,yolov8n_640_5-class_03-29-2026_saved_model/yolov8n_640_5-class_03-29-2026_float32.tflite,GPU_SUPPORTED
2026-04-01 21:57:27,4,237.272,237.176,207.784,0,0,NNAPI,29.969,MODERATE,yolov8n_640_5-class_03-29-2026_saved_model/yolov8n_640_5-class_03-29-2026_float32.tflite,GPU_SUPPORTED
2026-04-01 21:57:28,5,237.162,238.229,208.211,0,0,NNAPI,26.891,MODERATE,yolov8n_640_5-class_03-29-2026_saved_model/yolov8n_640_5-class_03-29-2026_float32.tflite,GPU_SUPPORTED
2026-04-01 21:57:29,4,236.128,236.627,207.268,0,0,NNAPI,30.000,MODERATE,yolov8n_640_5-class_03-29-2026_saved_model/yolov8n_640_5-class_03-29-2026_float32.tflite,GPU_SUPPORTED
2026-04-01 21:57:30,4,236.486,237.224,208.069,0,0,NNAPI,13.465,MODERATE,yolov8n_640_5-class_03-29-2026_saved_model/yolov8n_640_5-class_03-29-2026_float32.tflite,GPU_SUPPORTED
2026-04-01 21:57:31,4,264.656,273.400,240.412,0,0,NNAPI,16.422,MODERATE,yolov8n_640_5-class_03-29-2026_saved_model/yolov8n_640_5-class_03-29-2026_float32.tflite,GPU_SUPPORTED
2026-04-01 21:57:32,3,273.913,273.885,241.561,0,0,NNAPI,16.582,MODERATE,yolov8n_640_5-class_03-29-2026_saved_model/yolov8n_640_5-class_03-29-2026_float32.tflite,GPU_SUPPORTED
2026-04-01 21:57:33,4,273.002,273.245,240.606,0,0,NNAPI,29.973,MODERATE,yolov8n_640_5-class_03-29-2026_saved_model/yolov8n_640_5-class_03-29-2026_float32.tflite,GPU_SUPPORTED
2026-04-01 21:57:34,4,273.746,273.996,239.948,0,0,NNAPI,13.430,MODERATE,yolov8n_640_5-class_03-29-2026_saved_model/yolov8n_640_5-class_03-29-2026_float32.tflite,GPU_SUPPORTED
2026-04-01 21:57:35,3,273.449,273.839,240.859,0,0,NNAPI,13.465,MODERATE,yolov8n_640_5-class_03-29-2026_saved_model/yolov8n_640_5-class_03-29-2026_float32.tflite,GPU_SUPPORTED
2026-04-01 21:57:36,4,273.676,273.688,240.250,0,0,NNAPI,16.578,MODERATE,yolov8n_640_5-class_03-29-2026_saved_model/yolov8n_640_5-class_03-29-2026_float32.tflite,GPU_SUPPORTED
2026-04-01 21:57:37,4,274.387,274.627,241.437,0,0,NNAPI,30.004,SEVERE,yolov8n_640_5-class_03-29-2026_saved_model/yolov8n_640_5-class_03-29-2026_float32.tflite,GPU_SUPPORTED
2026-04-01 21:57:38,3,273.428,273.327,240.984,0,0,NNAPI,30.012,SEVERE,yolov8n_640_5-class_03-29-2026_saved_model/yolov8n_640_5-class_03-29-2026_float32.tflite,GPU_SUPPORTED
2026-04-01 21:57:39,4,273.255,273.566,240.810,0,0,NNAPI,13.109,SEVERE,yolov8n_640_5-class_03-29-2026_saved_model/yolov8n_640_5-class_03-29-2026_float32.tflite,GPU_SUPPORTED
2026-04-01 21:57:40,4,273.362,273.367,240.828,0,0,NNAPI,26.852,SEVERE,yolov8n_640_5-class_03-29-2026_saved_model/yolov8n_640_5-class_03-29-2026_float32.tflite,GPU_SUPPORTED
2026-04-01 21:57:41,3,273.422,272.939,240.764,0,0,NNAPI,31.157,SEVERE,yolov8n_640_5-class_03-29-2026_saved_model/yolov8n_640_5-class_03-29-2026_float32.tflite,GPU_SUPPORTED
2026-04-01 21:57:42,4,273.353,273.540,240.828,0,0,NNAPI,17.789,SEVERE,yolov8n_640_5-class_03-29-2026_saved_model/yolov8n_640_5-class_03-29-2026_float32.tflite,GPU_SUPPORTED
2026-04-01 21:57:43,4,273.372,273.589,240.842,0,0,NNAPI,25.313,SEVERE,yolov8n_640_5-class_03-29-2026_saved_model/yolov8n_640_5-class_03-29-2026_float32.tflite,GPU_SUPPORTED
2026-04-01 21:57:44,3,273.253,273.099,241.537,0,0,NNAPI,29.973,SEVERE,yolov8n_640_5-class_03-29-2026_saved_model/yolov8n_640_5-class_03-29-2026_float32.tflite,GPU_SUPPORTED
2026-04-01 21:57:45,4,272.629,272.876,240.831,0,0,NNAPI,13.496,SEVERE,yolov8n_640_5-class_03-29-2026_saved_model/yolov8n_640_5-class_03-29-2026_float32.tflite,GPU_SUPPORTED
2026-04-01 21:57:46,4,272.863,272.995,240.893,0,0,NNAPI,15.160,SEVERE,yolov8n_640_5-class_03-29-2026_saved_model/yolov8n_640_5-class_03-29-2026_float32.tflite,GPU_SUPPORTED
2026-04-01 21:57:47,3,274.891,273.819,245.255,0,0,NNAPI,16.578,SEVERE,yolov8n_640_5-class_03-29-2026_saved_model/yolov8n_640_5-class_03-29-2026_float32.tflite,GPU_SUPPORTED
2026-04-01 21:57:48,4,274.839,273.973,241.071,0,0,NNAPI,29.973,SEVERE,yolov8n_640_5-class_03-29-2026_saved_model/yolov8n_640_5-class_03-29-2026_float32.tflite,GPU_SUPPORTED
2026-04-01 21:57:49,3,273.427,273.365,240.955,0,0,NNAPI,29.973,SEVERE,yolov8n_640_5-class_03-29-2026_saved_model/yolov8n_640_5-class_03-29-2026_float32.tflite,GPU_SUPPORTED
2026-04-01 21:57:50,4,272.758,272.610,240.694,0,0,NNAPI,13.559,SEVERE,yolov8n_640_5-class_03-29-2026_saved_model/yolov8n_640_5-class_03-29-2026_float32.tflite,GPU_SUPPORTED
2026-04-01 21:57:51,4,273.163,273.465,240.420,0,0,NNAPI,16.422,SEVERE,yolov8n_640_5-class_03-29-2026_saved_model/yolov8n_640_5-class_03-29-2026_float32.tflite,GPU_SUPPORTED
2026-04-01 21:57:52,3,274.218,274.320,242.100,0,0,NNAPI,16.578,SEVERE,yolov8n_640_5-class_03-29-2026_saved_model/yolov8n_640_5-class_03-29-2026_float32.tflite,GPU_SUPPORTED
2026-04-01 21:57:53,4,274.165,275.091,242.593,0,1,NNAPI,30.004,SEVERE,yolov8n_640_5-class_03-29-2026_saved_model/yolov8n_640_5-class_03-29-2026_float32.tflite,GPU_SUPPORTED
2026-04-01 21:57:54,4,273.466,273.656,240.944,0,0,NNAPI,13.430,SEVERE,yolov8n_640_5-class_03-29-2026_saved_model/yolov8n_640_5-class_03-29-2026_float32.tflite,GPU_SUPPORTED
2026-04-01 21:57:55,3,329.912,273.098,240.584,0,0,NNAPI,13.398,SEVERE,yolov8n_640_5-class_03-29-2026_saved_model/yolov8n_640_5-class_03-29-2026_float32.tflite,GPU_SUPPORTED
2026-04-01 21:57:56,3,274.403,274.031,242.164,0,0,NNAPI,13.457,SEVERE,yolov8n_640_5-class_03-29-2026_saved_model/yolov8n_640_5-class_03-29-2026_float32.tflite,GPU_SUPPORTED
2026-04-01 21:57:57,4,273.798,273.924,241.111,0,0,NNAPI,16.578,SEVERE,yolov8n_640_5-class_03-29-2026_saved_model/yolov8n_640_5-class_03-29-2026_float32.tflite,GPU_SUPPORTED
2026-04-01 21:57:58,4,273.774,274.160,241.044,0,0,NNAPI,29.973,SEVERE,yolov8n_640_5-class_03-29-2026_saved_model/yolov8n_640_5-class_03-29-2026_float32.tflite,GPU_SUPPORTED
2026-04-01 21:57:59,3,272.831,272.910,240.871,0,0,NNAPI,13.070,SEVERE,yolov8n_640_5-class_03-29-2026_saved_model/yolov8n_640_5-class_03-29-2026_float32.tflite,GPU_SUPPORTED
2026-04-01 21:58:00,4,273.124,273.583,240.351,0,0,NNAPI,16.609,SEVERE,yolov8n_640_5-class_03-29-2026_saved_model/yolov8n_640_5-class_03-29-2026_float32.tflite,GPU_SUPPORTED
2026-04-01 21:58:01,4,273.038,273.083,241.346,0,0,NNAPI,25.250,SEVERE,yolov8n_640_5-class_03-29-2026_saved_model/yolov8n_640_5-class_03-29-2026_float32.tflite,GPU_SUPPORTED
2026-04-01 21:58:02,3,273.139,273.288,240.557,0,0,NNAPI,30.004,SEVERE,yolov8n_640_5-class_03-29-2026_saved_model/yolov8n_640_5-class_03-29-2026_float32.tflite,GPU_SUPPORTED
2026-04-01 21:58:03,4,273.028,273.608,240.339,0,0,NNAPI,13.496,SEVERE,yolov8n_640_5-class_03-29-2026_saved_model/yolov8n_640_5-class_03-29-2026_float32.tflite,GPU_SUPPORTED
2026-04-01 21:58:04,4,272.972,272.892,240.927,0,0,NNAPI,21.770,SEVERE,yolov8n_640_5-class_03-29-2026_saved_model/yolov8n_640_5-class_03-29-2026_float32.tflite,GPU_SUPPORTED
2026-04-01 21:58:05,3,273.212,273.042,240.626,0,0,NNAPI,16.582,SEVERE,yolov8n_640_5-class_03-29-2026_saved_model/yolov8n_640_5-class_03-29-2026_float32.tflite,GPU_SUPPORTED
2026-04-01 21:58:06,4,273.096,273.645,240.707,0,0,NNAPI,29.977,SEVERE,yolov8n_640_5-class_03-29-2026_saved_model/yolov8n_640_5-class_03-29-2026_float32.tflite,GPU_SUPPORTED
2026-04-01 21:58:07,4,272.370,272.474,240.049,0,0,NNAPI,30.008,SEVERE,yolov8n_640_5-class_03-29-2026_saved_model/yolov8n_640_5-class_03-29-2026_float32.tflite,GPU_SUPPORTED
2026-04-01 21:58:08,3,272.925,273.068,240.543,0,0,NNAPI,13.109,SEVERE,yolov8n_640_5-class_03-29-2026_saved_model/yolov8n_640_5-class_03-29-2026_float32.tflite,GPU_SUPPORTED
2026-04-01 21:58:09,4,273.522,273.892,240.889,0,0,NNAPI,16.519,SEVERE,yolov8n_640_5-class_03-29-2026_saved_model/yolov8n_640_5-class_03-29-2026_float32.tflite,GPU_SUPPORTED
2026-04-01 21:58:10,3,272.626,272.351,240.462,0,0,NNAPI,16.590,SEVERE,yolov8n_640_5-class_03-29-2026_saved_model/yolov8n_640_5-class_03-29-2026_float32.tflite,GPU_SUPPORTED
2026-04-01 21:58:11,4,273.338,273.508,240.869,0,0,NNAPI,30.008,SEVERE,yolov8n_640_5-class_03-29-2026_saved_model/yolov8n_640_5-class_03-29-2026_float32.tflite,GPU_SUPPORTED
2026-04-01 21:58:12,4,273.149,273.504,241.116,0,0,NNAPI,31.192,SEVERE,yolov8n_640_5-class_03-29-2026_saved_model/yolov8n_640_5-class_03-29-2026_float32.tflite,GPU_SUPPORTED
2026-04-01 21:58:13,3,273.617,273.787,241.171,0,0,NNAPI,17.766,SEVERE,yolov8n_640_5-class_03-29-2026_saved_model/yolov8n_640_5-class_03-29-2026_float32.tflite,GPU_SUPPORTED
2026-04-01 21:58:14,4,273.511,272.933,240.674,0,0,NNAPI,30.008,SEVERE,yolov8n_640_5-class_03-29-2026_saved_model/yolov8n_640_5-class_03-29-2026_float32.tflite,GPU_SUPPORTED
2026-04-01 21:58:15,4,273.200,273.498,240.545,0,0,NNAPI,17.609,SEVERE,yolov8n_640_5-class_03-29-2026_saved_model/yolov8n_640_5-class_03-29-2026_float32.tflite,GPU_SUPPORTED
2026-04-01 21:58:16,3,314.343,272.954,240.240,0,0,NNAPI,16.590,SEVERE,yolov8n_640_5-class_03-29-2026_saved_model/yolov8n_640_5-class_03-29-2026_float32.tflite,GPU_SUPPORTED
2026-04-01 21:58:17,4,272.829,273.178,240.788,0,0,NNAPI,25.316,SEVERE,yolov8n_640_5-class_03-29-2026_saved_model/yolov8n_640_5-class_03-29-2026_float32.tflite,GPU_SUPPORTED
2026-04-01 21:58:18,3,272.452,272.327,240.187,0,0,NNAPI,30.008,SEVERE,yolov8n_640_5-class_03-29-2026_saved_model/yolov8n_640_5-class_03-29-2026_float32.tflite,GPU_SUPPORTED
2026-04-01 21:58:19,4,272.465,272.845,240.269,0,0,NNAPI,13.441,SEVERE,yolov8n_640_5-class_03-29-2026_saved_model/yolov8n_640_5-class_03-29-2026_float32.tflite,GPU_SUPPORTED
2026-04-01 21:58:20,4,272.291,272.942,241.043,0,0,NNAPI,22.168,SEVERE,yolov8n_640_5-class_03-29-2026_saved_model/yolov8n_640_5-class_03-29-2026_float32.tflite,GPU_SUPPORTED
2026-04-01 21:58:21,3,273.369,273.161,242.063,0,0,NNAPI,16.613,SEVERE,yolov8n_640_5-class_03-29-2026_saved_model/yolov8n_640_5-class_03-29-2026_float32.tflite,GPU_SUPPORTED
2026-04-01 21:58:22,4,272.653,273.050,239.987,0,0,NNAPI,29.977,SEVERE,yolov8n_640_5-class_03-29-2026_saved_model/yolov8n_640_5-class_03-29-2026_float32.tflite,GPU_SUPPORTED
2026-04-01 21:58:23,4,272.865,273.246,239.831,0,0,NNAPI,38.653,SEVERE,yolov8n_640_5-class_03-29-2026_saved_model/yolov8n_640_5-class_03-29-2026_float32.tflite,GPU_SUPPORTED
2026-04-01 21:58:24,3,272.579,272.578,240.284,0,0,NNAPI,13.113,SEVERE,yolov8n_640_5-class_03-29-2026_saved_model/yolov8n_640_5-class_03-29-2026_float32.tflite,GPU_SUPPORTED
2026-04-01 21:58:25,4,272.727,272.679,240.008,0,0,NNAPI,16.582,SEVERE,yolov8n_640_5-class_03-29-2026_saved_model/yolov8n_640_5-class_03-29-2026_float32.tflite,GPU_SUPPORTED
2026-04-01 21:58:26,4,273.247,273.050,240.763,0,1,NNAPI,18.242,SEVERE,yolov8n_640_5-class_03-29-2026_saved_model/yolov8n_640_5-class_03-29-2026_float32.tflite,GPU_SUPPORTED
2026-04-01 21:58:27,3,273.989,273.516,241.063,0,1,NNAPI,30.008,SEVERE,yolov8n_640_5-class_03-29-2026_saved_model/yolov8n_640_5-class_03-29-2026_float32.tflite,GPU_SUPPORTED
2026-04-01 21:58:28,4,273.025,273.058,240.979,0,0,NNAPI,13.465,SEVERE,yolov8n_640_5-class_03-29-2026_saved_model/yolov8n_640_5-class_03-29-2026_float32.tflite,GPU_SUPPORTED
2026-04-01 21:58:29,4,272.875,273.228,240.969,0,0,NNAPI,13.172,SEVERE,yolov8n_640_5-class_03-29-2026_saved_model/yolov8n_640_5-class_03-29-2026_float32.tflite,GPU_SUPPORTED
2026-04-01 21:58:30,3,272.804,272.693,241.209,0,0,NNAPI,16.613,SEVERE,yolov8n_640_5-class_03-29-2026_saved_model/yolov8n_640_5-class_03-29-2026_float32.tflite,GPU_SUPPORTED
2026-04-01 21:58:31,4,272.692,272.753,240.113,0,0,NNAPI,29.977,SEVERE,yolov8n_640_5-class_03-29-2026_saved_model/yolov8n_640_5-class_03-29-2026_float32.tflite,GPU_SUPPORTED
2026-04-01 21:58:32,3,272.633,272.427,239.818,0,0,NNAPI,30.008,SEVERE,yolov8n_640_5-class_03-29-2026_saved_model/yolov8n_640_5-class_03-29-2026_float32.tflite,GPU_SUPPORTED
2026-04-01 21:58:33,4,273.090,273.368,240.543,0,0,NNAPI,13.070,SEVERE,yolov8n_640_5-class_03-29-2026_saved_model/yolov8n_640_5-class_03-29-2026_float32.tflite,GPU_SUPPORTED
2026-04-01 21:58:34,4,272.643,272.911,240.369,0,0,NNAPI,16.519,SEVERE,yolov8n_640_5-class_03-29-2026_saved_model/yolov8n_640_5-class_03-29-2026_float32.tflite,GPU_SUPPORTED
2026-04-01 21:58:35,3,272.318,272.616,240.260,0,0,NNAPI,16.582,SEVERE,yolov8n_640_5-class_03-29-2026_saved_model/yolov8n_640_5-class_03-29-2026_float32.tflite,GPU_SUPPORTED
2026-04-01 21:58:36,4,274.511,274.146,240.840,0,0,NNAPI,29.977,SEVERE,yolov8n_640_5-class_03-29-2026_saved_model/yolov8n_640_5-class_03-29-2026_float32.tflite,GPU_SUPPORTED
2026-04-01 21:58:37,4,274.293,273.588,240.122,0,0,NNAPI,12.984,SEVERE,yolov8n_640_5-class_03-29-2026_saved_model/yolov8n_640_5-class_03-29-2026_float32.tflite,GPU_SUPPORTED
2026-04-01 21:58:38,3,272.526,272.192,240.111,0,0,NNAPI,18.187,SEVERE,yolov8n_640_5-class_03-29-2026_saved_model/yolov8n_640_5-class_03-29-2026_float32.tflite,GPU_SUPPORTED
2026-04-01 21:58:39,4,272.757,273.484,241.498,0,1,NNAPI,30.102,SEVERE,yolov8n_640_5-class_03-29-2026_saved_model/yolov8n_640_5-class_03-29-2026_float32.tflite,GPU_SUPPORTED
2026-04-01 21:58:40,4,272.896,273.374,239.574,0,0,NNAPI,19.262,SEVERE,yolov8n_640_5-class_03-29-2026_saved_model/yolov8n_640_5-class_03-29-2026_float32.tflite,GPU_SUPPORTED
2026-04-01 21:58:41,3,272.867,272.955,240.508,0,0,NNAPI,13.465,SEVERE,yolov8n_640_5-class_03-29-2026_saved_model/yolov8n_640_5-class_03-29-2026_float32.tflite,GPU_SUPPORTED
2026-04-01 21:58:42,4,275.144,274.402,241.039,0,0,NNAPI,16.582,SEVERE,yolov8n_640_5-class_03-29-2026_saved_model/yolov8n_640_5-class_03-29-2026_float32.tflite,GPU_SUPPORTED
2026-04-01 21:58:43,4,273.792,274.274,241.035,0,0,NNAPI,29.977,SEVERE,yolov8n_640_5-class_03-29-2026_saved_model/yolov8n_640_5-class_03-29-2026_float32.tflite,GPU_SUPPORTED
2026-04-01 21:58:44,3,272.768,273.406,241.486,0,0,NNAPI,30.012,SEVERE,yolov8n_640_5-class_03-29-2026_saved_model/yolov8n_640_5-class_03-29-2026_float32.tflite,GPU_SUPPORTED
2026-04-01 21:58:45,4,273.533,273.397,241.096,0,0,NNAPI,13.469,SEVERE,yolov8n_640_5-class_03-29-2026_saved_model/yolov8n_640_5-class_03-29-2026_float32.tflite,GPU_SUPPORTED
2026-04-01 21:58:46,4,274.212,274.289,241.192,0,0,NNAPI,14.773,SEVERE,yolov8n_640_5-class_03-29-2026_saved_model/yolov8n_640_5-class_03-29-2026_float32.tflite,GPU_SUPPORTED
2026-04-01 21:58:47,3,273.886,273.540,241.989,0,1,NNAPI,16.613,SEVERE,yolov8n_640_5-class_03-29-2026_saved_model/yolov8n_640_5-class_03-29-2026_float32.tflite,GPU_SUPPORTED
2026-04-01 21:58:48,4,274.934,275.422,242.822,0,0,NNAPI,30.039,SEVERE,yolov8n_640_5-class_03-29-2026_saved_model/yolov8n_640_5-class_03-29-2026_float32.tflite,GPU_SUPPORTED
2026-04-01 21:58:49,3,273.869,273.810,241.453,0,0,NNAPI,30.008,SEVERE,yolov8n_640_5-class_03-29-2026_saved_model/yolov8n_640_5-class_03-29-2026_float32.tflite,GPU_SUPPORTED
2026-04-01 21:58:50,4,273.569,273.645,241.069,0,0,NNAPI,13.504,SEVERE,yolov8n_640_5-class_03-29-2026_saved_model/yolov8n_640_5-class_03-29-2026_float32.tflite,GPU_SUPPORTED
2026-04-01 21:58:51,4,274.655,274.784,243.116,0,0,NNAPI,16.457,SEVERE,yolov8n_640_5-class_03-29-2026_saved_model/yolov8n_640_5-class_03-29-2026_float32.tflite,GPU_SUPPORTED
2026-04-01 21:58:52,3,273.305,273.758,241.517,0,0,NNAPI,16.613,SEVERE,yolov8n_640_5-class_03-29-2026_saved_model/yolov8n_640_5-class_03-29-2026_float32.tflite,GPU_SUPPORTED
2026-04-01 21:58:53,4,273.836,273.796,240.370,0,0,NNAPI,29.977,SEVERE,yolov8n_640_5-class_03-29-2026_saved_model/yolov8n_640_5-class_03-29-2026_float32.tflite,GPU_SUPPORTED
2026-04-01 21:58:54,4,272.644,273.228,239.781,0,0,NNAPI,13.246,SEVERE,yolov8n_640_5-class_03-29-2026_saved_model/yolov8n_640_5-class_03-29-2026_float32.tflite,GPU_SUPPORTED
2026-04-01 21:58:55,3,272.682,272.264,240.138,0,0,NNAPI,13.500,SEVERE,yolov8n_640_5-class_03-29-2026_saved_model/yolov8n_640_5-class_03-29-2026_float32.tflite,GPU_SUPPORTED
2026-04-01 21:58:56,4,274.003,272.750,240.148,0,0,NNAPI,16.582,SEVERE,yolov8n_640_5-class_03-29-2026_saved_model/yolov8n_640_5-class_03-29-2026_float32.tflite,GPU_SUPPORTED
2026-04-01 21:58:57,4,272.838,273.650,240.948,0,0,NNAPI,29.981,SEVERE,yolov8n_640_5-class_03-29-2026_saved_model/yolov8n_640_5-class_03-29-2026_float32.tflite,GPU_SUPPORTED
2026-04-01 21:58:58,3,273.177,272.779,240.482,0,0,NNAPI,30.039,SEVERE,yolov8n_640_5-class_03-29-2026_saved_model/yolov8n_640_5-class_03-29-2026_float32.tflite,GPU_SUPPORTED
2026-04-01 21:58:59,4,273.147,273.145,240.753,0,0,NNAPI,13.140,SEVERE,yolov8n_640_5-class_03-29-2026_saved_model/yolov8n_640_5-class_03-29-2026_float32.tflite,GPU_SUPPORTED
2026-04-01 21:59:00,4,273.557,273.448,240.317,0,0,NNAPI,21.742,SEVERE,yolov8n_640_5-class_03-29-2026_saved_model/yolov8n_640_5-class_03-29-2026_float32.tflite,GPU_SUPPORTED
2026-04-01 21:59:01,3,273.038,272.506,239.957,0,0,NNAPI,16.582,SEVERE,yolov8n_640_5-class_03-29-2026_saved_model/yolov8n_640_5-class_03-29-2026_float32.tflite,GPU_SUPPORTED
2026-04-01 21:59:02,4,273.596,273.803,241.923,0,1,NNAPI,30.008,SEVERE,yolov8n_640_5-class_03-29-2026_saved_model/yolov8n_640_5-class_03-29-2026_float32.tflite,GPU_SUPPORTED
2026-04-01 21:59:03,4,272.796,272.689,240.912,0,0,NNAPI,30.008,SEVERE,yolov8n_640_5-class_03-29-2026_saved_model/yolov8n_640_5-class_03-29-2026_float32.tflite,GPU_SUPPORTED
2026-04-01 21:59:04,3,272.792,273.032,240.666,0,0,NNAPI,16.582,SEVERE,yolov8n_640_5-class_03-29-2026_saved_model/yolov8n_640_5-class_03-29-2026_float32.tflite,GPU_SUPPORTED
2026-04-01 21:59:05,4,272.279,272.631,240.535,0,0,NNAPI,30.008,SEVERE,yolov8n_640_5-class_03-29-2026_saved_model/yolov8n_640_5-class_03-29-2026_float32.tflite,GPU_SUPPORTED
2026-04-01 21:59:06,4,272.383,272.153,240.043,0,1,NNAPI,31.575,SEVERE,yolov8n_640_5-class_03-29-2026_saved_model/yolov8n_640_5-class_03-29-2026_float32.tflite,GPU_SUPPORTED
2026-04-01 21:59:07,3,272.564,272.203,239.901,0,0,NNAPI,13.074,SEVERE,yolov8n_640_5-class_03-29-2026_saved_model/yolov8n_640_5-class_03-29-2026_float32.tflite,GPU_SUPPORTED
2026-04-01 21:59:08,4,272.838,273.350,240.576,0,0,NNAPI,16.519,SEVERE,yolov8n_640_5-class_03-29-2026_saved_model/yolov8n_640_5-class_03-29-2026_float32.tflite,GPU_SUPPORTED
2026-04-01 21:59:09,4,272.130,272.211,240.407,0,0,NNAPI,16.652,SEVERE,yolov8n_640_5-class_03-29-2026_saved_model/yolov8n_640_5-class_03-29-2026_float32.tflite,GPU_SUPPORTED
2026-04-01 21:59:10,3,272.414,272.105,240.722,0,0,NNAPI,30.008,SEVERE,yolov8n_640_5-class_03-29-2026_saved_model/yolov8n_640_5-class_03-29-2026_float32.tflite,GPU_SUPPORTED
2026-04-01 21:59:11,4,273.104,272.841,240.358,0,0,NNAPI,13.465,SEVERE,yolov8n_640_5-class_03-29-2026_saved_model/yolov8n_640_5-class_03-29-2026_float32.tflite,GPU_SUPPORTED
2026-04-01 21:59:12,3,273.104,273.223,240.747,0,0,NNAPI,13.535,SEVERE,yolov8n_640_5-class_03-29-2026_saved_model/yolov8n_640_5-class_03-29-2026_float32.tflite,GPU_SUPPORTED
2026-04-01 21:59:13,4,272.719,272.641,240.846,0,0,NNAPI,16.648,SEVERE,yolov8n_640_5-class_03-29-2026_saved_model/yolov8n_640_5-class_03-29-2026_float32.tflite,GPU_SUPPORTED
2026-04-01 21:59:14,4,273.219,273.627,242.299,0,0,NNAPI,29.977,SEVERE,yolov8n_640_5-class_03-29-2026_saved_model/yolov8n_640_5-class_03-29-2026_float32.tflite,GPU_SUPPORTED
2026-04-01 21:59:15,3,273.088,273.186,241.087,0,0,NNAPI,30.008,SEVERE,yolov8n_640_5-class_03-29-2026_saved_model/yolov8n_640_5-class_03-29-2026_float32.tflite,GPU_SUPPORTED
2026-04-01 21:59:16,4,272.868,273.296,241.302,0,0,NNAPI,13.074,SEVERE,yolov8n_640_5-class_03-29-2026_saved_model/yolov8n_640_5-class_03-29-2026_float32.tflite,GPU_SUPPORTED
2026-04-01 21:59:17,4,272.662,272.797,240.699,0,1,NNAPI,16.488,SEVERE,yolov8n_640_5-class_03-29-2026_saved_model/yolov8n_640_5-class_03-29-2026_float32.tflite,GPU_SUPPORTED
2026-04-01 21:59:18,3,272.607,272.815,240.419,0,0,NNAPI,31.614,SEVERE,yolov8n_640_5-class_03-29-2026_saved_model/yolov8n_640_5-class_03-29-2026_float32.tflite,GPU_SUPPORTED
2026-04-01 21:59:19,4,272.879,273.481,240.620,0,0,NNAPI,16.582,SEVERE,yolov8n_640_5-class_03-29-2026_saved_model/yolov8n_640_5-class_03-29-2026_float32.tflite,GPU_SUPPORTED
2026-04-01 21:59:20,4,272.877,272.972,241.125,0,1,NNAPI,13.012,SEVERE,yolov8n_640_5-class_03-29-2026_saved_model/yolov8n_640_5-class_03-29-2026_float32.tflite,GPU_SUPPORTED
2026-04-01 21:59:21,3,272.096,272.192,239.552,0,0,NNAPI,18.250,SEVERE,yolov8n_640_5-class_03-29-2026_saved_model/yolov8n_640_5-class_03-29-2026_float32.tflite,GPU_SUPPORTED
2026-04-01 21:59:22,4,272.845,273.380,240.291,0,0,NNAPI,13.070,SEVERE,yolov8n_640_5-class_03-29-2026_saved_model/yolov8n_640_5-class_03-29-2026_float32.tflite,GPU_SUPPORTED
2026-04-01 21:59:23,4,273.436,273.578,240.769,0,1,NNAPI,26.500,SEVERE,yolov8n_640_5-class_03-29-2026_saved_model/yolov8n_640_5-class_03-29-2026_float32.tflite,GPU_SUPPORTED
2026-04-01 21:59:24,3,272.613,272.453,240.415,0,0,NNAPI,16.621,SEVERE,yolov8n_640_5-class_03-29-2026_saved_model/yolov8n_640_5-class_03-29-2026_float32.tflite,GPU_SUPPORTED
2026-04-01 21:59:25,4,272.601,272.559,241.019,0,0,NNAPI,30.008,SEVERE,yolov8n_640_5-class_03-29-2026_saved_model/yolov8n_640_5-class_03-29-2026_float32.tflite,GPU_SUPPORTED
2026-04-01 21:59:26,4,273.435,273.376,240.697,0,0,NNAPI,31.160,SEVERE,yolov8n_640_5-class_03-29-2026_saved_model/yolov8n_640_5-class_03-29-2026_float32.tflite,GPU_SUPPORTED
2026-04-01 21:59:27,3,272.897,272.185,241.086,0,0,NNAPI,13.074,SEVERE,yolov8n_640_5-class_03-29-2026_saved_model/yolov8n_640_5-class_03-29-2026_float32.tflite,GPU_SUPPORTED
2026-04-01 21:59:28,4,272.487,272.505,240.747,0,0,NNAPI,16.582,SEVERE,yolov8n_640_5-class_03-29-2026_saved_model/yolov8n_640_5-class_03-29-2026_float32.tflite,GPU_SUPPORTED
2026-04-01 21:59:29,4,272.656,273.111,240.561,0,0,NNAPI,30.016,SEVERE,yolov8n_640_5-class_03-29-2026_saved_model/yolov8n_640_5-class_03-29-2026_float32.tflite,GPU_SUPPORTED
2026-04-01 21:59:30,3,272.439,272.437,240.161,0,0,NNAPI,29.977,SEVERE,yolov8n_640_5-class_03-29-2026_saved_model/yolov8n_640_5-class_03-29-2026_float32.tflite,GPU_SUPPORTED
2026-04-01 21:59:31,4,272.407,273.225,239.904,0,0,NNAPI,13.465,SEVERE,yolov8n_640_5-class_03-29-2026_saved_model/yolov8n_640_5-class_03-29-2026_float32.tflite,GPU_SUPPORTED
2026-04-01 21:59:32,4,274.296,272.848,246.567,0,0,NNAPI,26.899,SEVERE,yolov8n_640_5-class_03-29-2026_saved_model/yolov8n_640_5-class_03-29-2026_float32.tflite,GPU_SUPPORTED
2026-04-01 21:59:33,3,272.696,272.330,241.578,0,0,NNAPI,16.586,SEVERE,yolov8n_640_5-class_03-29-2026_saved_model/yolov8n_640_5-class_03-29-2026_float32.tflite,GPU_SUPPORTED
2026-04-01 21:59:34,4,272.811,273.032,240.559,0,0,NNAPI,30.016,SEVERE,yolov8n_640_5-class_03-29-2026_saved_model/yolov8n_640_5-class_03-29-2026_float32.tflite,GPU_SUPPORTED
2026-04-01 21:59:35,4,272.459,272.611,240.846,0,0,NNAPI,38.618,SEVERE,yolov8n_640_5-class_03-29-2026_saved_model/yolov8n_640_5-class_03-29-2026_float32.tflite,GPU_SUPPORTED
2026-04-01 21:59:36,3,325.612,273.200,240.790,0,0,NNAPI,26.512,SEVERE,yolov8n_640_5-class_03-29-2026_saved_model/yolov8n_640_5-class_03-29-2026_float32.tflite,GPU_SUPPORTED
2026-04-01 21:59:37,3,273.407,273.555,240.862,0,0,NNAPI,16.586,SEVERE,yolov8n_640_5-class_03-29-2026_saved_model/yolov8n_640_5-class_03-29-2026_float32.tflite,GPU_SUPPORTED
2026-04-01 21:59:38,4,275.144,274.825,241.290,0,0,NNAPI,30.012,SEVERE,yolov8n_640_5-class_03-29-2026_saved_model/yolov8n_640_5-class_03-29-2026_float32.tflite,GPU_SUPPORTED
2026-04-01 21:59:39,4,274.636,273.713,240.587,0,0,NNAPI,38.653,SEVERE,yolov8n_640_5-class_03-29-2026_saved_model/yolov8n_640_5-class_03-29-2026_float32.tflite,GPU_SUPPORTED
2026-04-01 21:59:40,3,273.642,273.714,240.397,0,0,NNAPI,13.504,SEVERE,yolov8n_640_5-class_03-29-2026_saved_model/yolov8n_640_5-class_03-29-2026_float32.tflite,GPU_SUPPORTED
2026-04-01 21:59:41,4,273.837,273.947,240.641,0,0,NNAPI,16.582,SEVERE,yolov8n_640_5-class_03-29-2026_saved_model/yolov8n_640_5-class_03-29-2026_float32.tflite,GPU_SUPPORTED
2026-04-01 21:59:42,4,273.608,273.846,240.742,0,0,NNAPI,16.676,SEVERE,yolov8n_640_5-class_03-29-2026_saved_model/yolov8n_640_5-class_03-29-2026_float32.tflite,GPU_SUPPORTED
2026-04-01 21:59:43,3,273.150,272.933,240.967,0,0,NNAPI,29.977,SEVERE,yolov8n_640_5-class_03-29-2026_saved_model/yolov8n_640_5-class_03-29-2026_float32.tflite,GPU_SUPPORTED
2026-04-01 21:59:44,4,273.071,273.427,240.288,0,0,NNAPI,13.074,SEVERE,yolov8n_640_5-class_03-29-2026_saved_model/yolov8n_640_5-class_03-29-2026_float32.tflite,GPU_SUPPORTED
2026-04-01 21:59:45,3,272.528,272.627,239.928,0,0,NNAPI,13.531,SEVERE,yolov8n_640_5-class_03-29-2026_saved_model/yolov8n_640_5-class_03-29-2026_float32.tflite,GPU_SUPPORTED
2026-04-01 21:59:46,4,274.621,273.401,240.292,0,0,NNAPI,16.582,SEVERE,yolov8n_640_5-class_03-29-2026_saved_model/yolov8n_640_5-class_03-29-2026_float32.tflite,GPU_SUPPORTED
2026-04-01 21:59:47,4,273.085,273.488,240.884,0,0,NNAPI,29.977,SEVERE,yolov8n_640_5-class_03-29-2026_saved_model/yolov8n_640_5-class_03-29-2026_float32.tflite,GPU_SUPPORTED
2026-04-01 21:59:48,3,274.997,273.279,240.204,0,0,NNAPI,29.977,SEVERE,yolov8n_640_5-class_03-29-2026_saved_model/yolov8n_640_5-class_03-29-2026_float32.tflite,GPU_SUPPORTED
2026-04-01 21:59:49,4,273.143,273.151,240.251,0,1,NNAPI,13.082,SEVERE,yolov8n_640_5-class_03-29-2026_saved_model/yolov8n_640_5-class_03-29-2026_float32.tflite,GPU_SUPPORTED
2026-04-01 21:59:50,4,274.356,273.061,245.069,0,0,NNAPI,31.551,SEVERE,yolov8n_640_5-class_03-29-2026_saved_model/yolov8n_640_5-class_03-29-2026_float32.tflite,GPU_SUPPORTED
2026-04-01 21:59:51,3,272.796,272.856,241.125,0,0,NNAPI,29.977,SEVERE,yolov8n_640_5-class_03-29-2026_saved_model/yolov8n_640_5-class_03-29-2026_float32.tflite,GPU_SUPPORTED
2026-04-01 21:59:52,4,272.839,272.825,240.576,0,1,NNAPI,13.496,SEVERE,yolov8n_640_5-class_03-29-2026_saved_model/yolov8n_640_5-class_03-29-2026_float32.tflite,GPU_SUPPORTED
2026-04-01 21:59:53,4,274.089,274.575,241.316,0,0,NNAPI,25.324,SEVERE,yolov8n_640_5-class_03-29-2026_saved_model/yolov8n_640_5-class_03-29-2026_float32.tflite,GPU_SUPPORTED
2026-04-01 21:59:54,3,273.733,273.796,241.468,0,0,NNAPI,16.613,SEVERE,yolov8n_640_5-class_03-29-2026_saved_model/yolov8n_640_5-class_03-29-2026_float32.tflite,GPU_SUPPORTED
2026-04-01 21:59:55,4,272.729,272.757,240.811,0,0,NNAPI,16.582,SEVERE,yolov8n_640_5-class_03-29-2026_saved_model/yolov8n_640_5-class_03-29-2026_float32.tflite,GPU_SUPPORTED
2026-04-01 21:59:56,4,272.577,272.580,241.377,0,0,NNAPI,29.945,SEVERE,yolov8n_640_5-class_03-29-2026_saved_model/yolov8n_640_5-class_03-29-2026_float32.tflite,GPU_SUPPORTED
2026-04-01 21:59:57,3,272.770,272.606,241.225,0,0,NNAPI,30.008,SEVERE,yolov8n_640_5-class_03-29-2026_saved_model/yolov8n_640_5-class_03-29-2026_float32.tflite,GPU_SUPPORTED
2026-04-01 21:59:58,4,272.355,272.545,240.256,0,0,NNAPI,13.492,SEVERE,yolov8n_640_5-class_03-29-2026_saved_model/yolov8n_640_5-class_03-29-2026_float32.tflite,GPU_SUPPORTED
2026-04-01 21:59:59,4,273.050,272.712,240.364,0,0,NNAPI,22.168,SEVERE,yolov8n_640_5-class_03-29-2026_saved_model/yolov8n_640_5-class_03-29-2026_float32.tflite,GPU_SUPPORTED
2026-04-01 22:00:00,3,296.267,275.001,241.063,0,0,NNAPI,16.582,SEVERE,yolov8n_640_5-class_03-29-2026_saved_model/yolov8n_640_5-class_03-29-2026_float32.tflite,GPU_SUPPORTED
2026-04-01 22:00:01,4,272.937,273.598,241.760,0,0,NNAPI,30.039,SEVERE,yolov8n_640_5-class_03-29-2026_saved_model/yolov8n_640_5-class_03-29-2026_float32.tflite,GPU_SUPPORTED
2026-04-01 22:00:02,3,272.985,272.826,240.533,0,0,NNAPI,30.008,SEVERE,yolov8n_640_5-class_03-29-2026_saved_model/yolov8n_640_5-class_03-29-2026_float32.tflite,GPU_SUPPORTED
2026-04-01 22:00:03,4,272.805,272.915,240.308,0,0,NNAPI,13.465,SEVERE,yolov8n_640_5-class_03-29-2026_saved_model/yolov8n_640_5-class_03-29-2026_float32.tflite,GPU_SUPPORTED
2026-04-01 22:00:04,4,272.626,272.613,240.974,0,0,NNAPI,26.859,SEVERE,yolov8n_640_5-class_03-29-2026_saved_model/yolov8n_640_5-class_03-29-2026_float32.tflite,GPU_SUPPORTED
2026-04-01 22:00:05,3,273.289,273.565,240.625,0,0,NNAPI,16.582,SEVERE,yolov8n_640_5-class_03-29-2026_saved_model/yolov8n_640_5-class_03-29-2026_float32.tflite,GPU_SUPPORTED
2026-04-01 22:00:06,4,272.800,273.190,241.236,0,0,NNAPI,30.008,SEVERE,yolov8n_640_5-class_03-29-2026_saved_model/yolov8n_640_5-class_03-29-2026_float32.tflite,GPU_SUPPORTED
2026-04-01 22:00:07,4,272.781,273.164,239.678,0,0,NNAPI,38.618,SEVERE,yolov8n_640_5-class_03-29-2026_saved_model/yolov8n_640_5-class_03-29-2026_float32.tflite,GPU_SUPPORTED
2026-04-01 22:00:08,3,272.354,272.294,240.663,0,0,NNAPI,13.465,SEVERE,yolov8n_640_5-class_03-29-2026_saved_model/yolov8n_640_5-class_03-29-2026_float32.tflite,GPU_SUPPORTED
2026-04-01 22:00:09,4,273.122,273.161,240.738,0,0,NNAPI,16.551,SEVERE,yolov8n_640_5-class_03-29-2026_saved_model/yolov8n_640_5-class_03-29-2026_float32.tflite,GPU_SUPPORTED
2026-04-01 22:00:10,4,274.016,272.907,239.457,0,0,NNAPI,16.680,SEVERE,yolov8n_640_5-class_03-29-2026_saved_model/yolov8n_640_5-class_03-29-2026_float32.tflite,GPU_SUPPORTED
2026-04-01 22:00:11,3,272.849,272.882,241.663,0,0,NNAPI,30.008,SEVERE,yolov8n_640_5-class_03-29-2026_saved_model/yolov8n_640_5-class_03-29-2026_float32.tflite,GPU_SUPPORTED
2026-04-01 22:00:12,4,272.688,272.927,241.514,0,0,NNAPI,13.527,SEVERE,yolov8n_640_5-class_03-29-2026_saved_model/yolov8n_640_5-class_03-29-2026_float32.tflite,GPU_SUPPORTED
2026-04-01 22:00:13,4,272.748,273.193,240.675,0,0,NNAPI,13.137,SEVERE,yolov8n_640_5-class_03-29-2026_saved_model/yolov8n_640_5-class_03-29-2026_float32.tflite,GPU_SUPPORTED
2026-04-01 22:00:14,3,273.291,273.488,241.432,0,0,NNAPI,31.164,SEVERE,yolov8n_640_5-class_03-29-2026_saved_model/yolov8n_640_5-class_03-29-2026_float32.tflite,GPU_SUPPORTED
2026-04-01 22:00:15,4,272.807,273.698,239.973,0,0,NNAPI,13.469,SEVERE,yolov8n_640_5-class_03-29-2026_saved_model/yolov8n_640_5-class_03-29-2026_float32.tflite,GPU_SUPPORTED
2026-04-01 22:00:16,3,273.438,273.689,241.266,0,0,NNAPI,29.977,SEVERE,yolov8n_640_5-class_03-29-2026_saved_model/yolov8n_640_5-class_03-29-2026_float32.tflite,GPU_SUPPORTED
2026-04-01 22:00:17,4,273.361,273.633,241.060,0,0,NNAPI,13.113,SEVERE,yolov8n_640_5-class_03-29-2026_saved_model/yolov8n_640_5-class_03-29-2026_float32.tflite,GPU_SUPPORTED
2026-04-01 22:00:18,4,277.048,274.355,251.212,0,0,NNAPI,26.469,SEVERE,yolov8n_640_5-class_03-29-2026_saved_model/yolov8n_640_5-class_03-29-2026_float32.tflite,GPU_SUPPORTED
2026-04-01 22:00:20,3,292.014,272.364,240.865,0,0,NNAPI,16.582,SEVERE,yolov8n_640_5-class_03-29-2026_saved_model/yolov8n_640_5-class_03-29-2026_float32.tflite,GPU_SUPPORTED
2026-04-01 22:00:21,4,273.105,273.334,240.268,0,0,NNAPI,30.008,SEVERE,yolov8n_640_5-class_03-29-2026_saved_model/yolov8n_640_5-class_03-29-2026_float32.tflite,GPU_SUPPORTED
2026-04-01 22:00:22,3,274.929,273.580,240.335,0,0,NNAPI,30.008,SEVERE,yolov8n_640_5-class_03-29-2026_saved_model/yolov8n_640_5-class_03-29-2026_float32.tflite,GPU_SUPPORTED
2026-04-01 22:00:23,4,272.960,273.152,240.030,0,0,NNAPI,17.766,SEVERE,yolov8n_640_5-class_03-29-2026_saved_model/yolov8n_640_5-class_03-29-2026_float32.tflite,GPU_SUPPORTED
2026-04-01 22:00:24,4,272.950,273.429,241.008,0,0,NNAPI,13.074,SEVERE,yolov8n_640_5-class_03-29-2026_saved_model/yolov8n_640_5-class_03-29-2026_float32.tflite,GPU_SUPPORTED
2026-04-01 22:00:25,3,272.722,272.710,240.883,0,0,NNAPI,17.801,SEVERE,yolov8n_640_5-class_03-29-2026_saved_model/yolov8n_640_5-class_03-29-2026_float32.tflite,GPU_SUPPORTED
2026-04-01 22:00:26,4,273.059,273.269,240.797,0,0,NNAPI,29.977,SEVERE,yolov8n_640_5-class_03-29-2026_saved_model/yolov8n_640_5-class_03-29-2026_float32.tflite,GPU_SUPPORTED
2026-04-01 22:00:27,4,273.040,273.127,240.454,0,1,NNAPI,13.465,SEVERE,yolov8n_640_5-class_03-29-2026_saved_model/yolov8n_640_5-class_03-29-2026_float32.tflite,GPU_SUPPORTED
2026-04-01 22:00:28,3,273.142,273.131,240.145,0,0,NNAPI,13.527,SEVERE,yolov8n_640_5-class_03-29-2026_saved_model/yolov8n_640_5-class_03-29-2026_float32.tflite,GPU_SUPPORTED
2026-04-01 22:00:29,4,273.025,273.443,240.364,0,0,NNAPI,16.582,SEVERE,yolov8n_640_5-class_03-29-2026_saved_model/yolov8n_640_5-class_03-29-2026_float32.tflite,GPU_SUPPORTED
2026-04-01 22:00:30,4,273.832,274.314,240.338,0,0,NNAPI,12.887,SEVERE,yolov8n_640_5-class_03-29-2026_saved_model/yolov8n_640_5-class_03-29-2026_float32.tflite,GPU_SUPPORTED
2026-04-01 22:00:31,3,273.370,273.313,240.592,0,0,NNAPI,13.078,SEVERE,yolov8n_640_5-class_03-29-2026_saved_model/yolov8n_640_5-class_03-29-2026_float32.tflite,GPU_SUPPORTED
2026-04-01 22:00:32,4,273.809,274.001,241.213,0,0,NNAPI,16.613,SEVERE,yolov8n_640_5-class_03-29-2026_saved_model/yolov8n_640_5-class_03-29-2026_float32.tflite,GPU_SUPPORTED
2026-04-01 22:00:33,4,274.032,274.644,240.483,0,0,NNAPI,44.946,SEVERE,yolov8n_640_5-class_03-29-2026_saved_model/yolov8n_640_5-class_03-29-2026_float32.tflite,GPU_SUPPORTED
2026-04-01 22:00:34,3,272.545,272.734,240.425,0,0,NNAPI,16.621,SEVERE,yolov8n_640_5-class_03-29-2026_saved_model/yolov8n_640_5-class_03-29-2026_float32.tflite,GPU_SUPPORTED
2026-04-01 22:00:35,4,273.367,273.886,241.233,0,0,NNAPI,30.008,SEVERE,yolov8n_640_5-class_03-29-2026_saved_model/yolov8n_640_5-class_03-29-2026_float32.tflite,GPU_SUPPORTED
2026-04-01 22:00:36,4,272.912,273.043,239.898,0,0,NNAPI,43.340,SEVERE,yolov8n_640_5-class_03-29-2026_saved_model/yolov8n_640_5-class_03-29-2026_float32.tflite,GPU_SUPPORTED
2026-04-01 22:00:37,3,273.700,273.568,240.824,0,0,NNAPI,13.469,SEVERE,yolov8n_640_5-class_03-29-2026_saved_model/yolov8n_640_5-class_03-29-2026_float32.tflite,GPU_SUPPORTED
2026-04-01 22:00:38,4,272.664,272.878,241.248,0,0,NNAPI,16.582,SEVERE,yolov8n_640_5-class_03-29-2026_saved_model/yolov8n_640_5-class_03-29-2026_float32.tflite,GPU_SUPPORTED
2026-04-01 22:00:39,4,272.394,272.881,240.203,0,0,NNAPI,25.285,SEVERE,yolov8n_640_5-class_03-29-2026_saved_model/yolov8n_640_5-class_03-29-2026_float32.tflite,GPU_SUPPORTED
2026-04-01 22:00:40,3,272.612,272.508,240.117,0,0,NNAPI,30.008,SEVERE,yolov8n_640_5-class_03-29-2026_saved_model/yolov8n_640_5-class_03-29-2026_float32.tflite,GPU_SUPPORTED
2026-04-01 22:00:41,4,273.963,273.270,240.215,0,0,NNAPI,13.496,SEVERE,yolov8n_640_5-class_03-29-2026_saved_model/yolov8n_640_5-class_03-29-2026_float32.tflite,GPU_SUPPORTED
2026-04-01 22:00:42,4,273.394,273.563,240.639,0,0,NNAPI,22.145,SEVERE,yolov8n_640_5-class_03-29-2026_saved_model/yolov8n_640_5-class_03-29-2026_float32.tflite,GPU_SUPPORTED
2026-04-01 22:00:43,3,273.187,273.040,241.116,0,0,NNAPI,16.613,SEVERE,yolov8n_640_5-class_03-29-2026_saved_model/yolov8n_640_5-class_03-29-2026_float32.tflite,GPU_SUPPORTED
2026-04-01 22:00:44,4,272.886,273.263,239.881,0,1,NNAPI,29.977,SEVERE,yolov8n_640_5-class_03-29-2026_saved_model/yolov8n_640_5-class_03-29-2026_float32.tflite,GPU_SUPPORTED
2026-04-01 22:00:45,4,273.114,273.412,240.765,0,0,NNAPI,31.606,SEVERE,yolov8n_640_5-class_03-29-2026_saved_model/yolov8n_640_5-class_03-29-2026_float32.tflite,GPU_SUPPORTED
2026-04-01 22:00:46,3,272.646,272.725,239.843,0,0,NNAPI,13.465,SEVERE,yolov8n_640_5-class_03-29-2026_saved_model/yolov8n_640_5-class_03-29-2026_float32.tflite,GPU_SUPPORTED
2026-04-01 22:00:47,4,273.113,273.698,240.772,0,0,NNAPI,16.613,SEVERE,yolov8n_640_5-class_03-29-2026_saved_model/yolov8n_640_5-class_03-29-2026_float32.tflite,GPU_SUPPORTED
2026-04-01 22:00:48,4,272.872,273.183,241.404,0,0,NNAPI,16.645,SEVERE,yolov8n_640_5-class_03-29-2026_saved_model/yolov8n_640_5-class_03-29-2026_float32.tflite,GPU_SUPPORTED
2026-04-01 22:00:49,3,272.404,271.876,240.822,0,0,NNAPI,29.981,SEVERE,yolov8n_640_5-class_03-29-2026_saved_model/yolov8n_640_5-class_03-29-2026_float32.tflite,GPU_SUPPORTED
2026-04-01 22:00:50,4,272.981,272.886,241.097,0,0,NNAPI,13.504,SEVERE,yolov8n_640_5-class_03-29-2026_saved_model/yolov8n_640_5-class_03-29-2026_float32.tflite,GPU_SUPPORTED
2026-04-01 22:00:51,3,273.163,272.863,240.386,0,1,NNAPI,13.492,SEVERE,yolov8n_640_5-class_03-29-2026_saved_model/yolov8n_640_5-class_03-29-2026_float32.tflite,GPU_SUPPORTED
2026-04-01 22:00:52,4,272.649,272.762,241.202,0,0,NNAPI,30.016,SEVERE,yolov8n_640_5-class_03-29-2026_saved_model/yolov8n_640_5-class_03-29-2026_float32.tflite,GPU_SUPPORTED
2026-04-01 22:00:53,4,272.712,273.674,239.774,0,0,NNAPI,13.465,SEVERE,yolov8n_640_5-class_03-29-2026_saved_model/yolov8n_640_5-class_03-29-2026_float32.tflite,GPU_SUPPORTED
2026-04-01 22:00:54,3,272.768,272.929,240.368,0,0,NNAPI,13.504,SEVERE,yolov8n_640_5-class_03-29-2026_saved_model/yolov8n_640_5-class_03-29-2026_float32.tflite,GPU_SUPPORTED
2026-04-01 22:00:55,4,272.732,273.318,241.011,0,0,NNAPI,16.582,SEVERE,yolov8n_640_5-class_03-29-2026_saved_model/yolov8n_640_5-class_03-29-2026_float32.tflite,GPU_SUPPORTED
2026-04-01 22:00:56,4,272.249,272.589,240.239,0,0,NNAPI,30.008,SEVERE,yolov8n_640_5-class_03-29-2026_saved_model/yolov8n_640_5-class_03-29-2026_float32.tflite,GPU_SUPPORTED
2026-04-01 22:00:57,3,272.900,272.554,240.228,0,1,NNAPI,30.008,SEVERE,yolov8n_640_5-class_03-29-2026_saved_model/yolov8n_640_5-class_03-29-2026_float32.tflite,GPU_SUPPORTED
2026-04-01 22:00:58,4,272.715,272.682,240.828,0,0,NNAPI,13.078,SEVERE,yolov8n_640_5-class_03-29-2026_saved_model/yolov8n_640_5-class_03-29-2026_float32.tflite,GPU_SUPPORTED
2026-04-01 22:00:59,4,272.963,272.924,240.828,0,0,NNAPI,16.398,SEVERE,yolov8n_640_5-class_03-29-2026_saved_model/yolov8n_640_5-class_03-29-2026_float32.tflite,GPU_SUPPORTED
2026-04-01 22:01:00,3,273.296,273.284,241.406,0,0,NNAPI,16.582,SEVERE,yolov8n_640_5-class_03-29-2026_saved_model/yolov8n_640_5-class_03-29-2026_float32.tflite,GPU_SUPPORTED
2026-04-01 22:01:01,4,275.179,274.741,245.916,0,0,NNAPI,30.008,SEVERE,yolov8n_640_5-class_03-29-2026_saved_model/yolov8n_640_5-class_03-29-2026_float32.tflite,GPU_SUPPORTED
2026-04-01 22:01:02,4,275.853,274.585,241.802,0,0,NNAPI,43.402,SEVERE,yolov8n_640_5-class_03-29-2026_saved_model/yolov8n_640_5-class_03-29-2026_float32.tflite,GPU_SUPPORTED
2026-04-01 22:01:03,3,273.034,272.952,241.189,0,0,NNAPI,31.192,SEVERE,yolov8n_640_5-class_03-29-2026_saved_model/yolov8n_640_5-class_03-29-2026_float32.tflite,GPU_SUPPORTED
2026-04-01 22:01:04,4,273.768,274.244,240.264,0,1,NNAPI,13.105,SEVERE,yolov8n_640_5-class_03-29-2026_saved_model/yolov8n_640_5-class_03-29-2026_float32.tflite,GPU_SUPPORTED
2026-04-01 22:01:05,4,272.752,272.819,240.660,0,0,NNAPI,26.859,SEVERE,yolov8n_640_5-class_03-29-2026_saved_model/yolov8n_640_5-class_03-29-2026_float32.tflite,GPU_SUPPORTED
2026-04-01 22:01:06,3,272.705,272.545,240.863,0,0,NNAPI,16.582,SEVERE,yolov8n_640_5-class_03-29-2026_saved_model/yolov8n_640_5-class_03-29-2026_float32.tflite,GPU_SUPPORTED
2026-04-01 22:01:07,4,272.328,272.615,240.484,0,0,NNAPI,17.773,SEVERE,yolov8n_640_5-class_03-29-2026_saved_model/yolov8n_640_5-class_03-29-2026_float32.tflite,GPU_SUPPORTED
2026-04-01 22:01:08,4,273.227,273.395,240.783,0,0,NNAPI,44.555,SEVERE,yolov8n_640_5-class_03-29-2026_saved_model/yolov8n_640_5-class_03-29-2026_float32.tflite,GPU_SUPPORTED
2026-04-01 22:01:09,3,272.841,272.681,240.486,0,0,NNAPI,13.102,SEVERE,yolov8n_640_5-class_03-29-2026_saved_model/yolov8n_640_5-class_03-29-2026_float32.tflite,GPU_SUPPORTED
2026-04-01 22:01:10,4,272.279,272.458,240.446,0,0,NNAPI,16.551,SEVERE,yolov8n_640_5-class_03-29-2026_saved_model/yolov8n_640_5-class_03-29-2026_float32.tflite,GPU_SUPPORTED
2026-04-01 22:01:11,4,272.364,273.042,240.324,0,0,NNAPI,30.008,SEVERE,yolov8n_640_5-class_03-29-2026_saved_model/yolov8n_640_5-class_03-29-2026_float32.tflite,GPU_SUPPORTED
2026-04-01 22:01:12,3,273.175,273.384,241.218,0,0,NNAPI,29.977,SEVERE,yolov8n_640_5-class_03-29-2026_saved_model/yolov8n_640_5-class_03-29-2026_float32.tflite,GPU_SUPPORTED
2026-04-01 22:01:13,4,272.764,272.957,240.644,0,0,NNAPI,13.105,SEVERE,yolov8n_640_5-class_03-29-2026_saved_model/yolov8n_640_5-class_03-29-2026_float32.tflite,GPU_SUPPORTED
2026-04-01 22:01:14,4,273.965,274.510,241.151,0,0,NNAPI,22.199,SEVERE,yolov8n_640_5-class_03-29-2026_saved_model/yolov8n_640_5-class_03-29-2026_float32.tflite,GPU_SUPPORTED
2026-04-01 22:01:15,3,277.682,275.087,243.632,0,0,NNAPI,16.621,SEVERE,yolov8n_640_5-class_03-29-2026_saved_model/yolov8n_640_5-class_03-29-2026_float32.tflite,GPU_SUPPORTED
2026-04-01 22:01:16,4,275.990,274.737,241.248,0,1,NNAPI,29.977,SEVERE,yolov8n_640_5-class_03-29-2026_saved_model/yolov8n_640_5-class_03-29-2026_float32.tflite,GPU_SUPPORTED
2026-04-01 22:01:17,3,273.228,273.489,241.113,0,0,NNAPI,30.008,SEVERE,yolov8n_640_5-class_03-29-2026_saved_model/yolov8n_640_5-class_03-29-2026_float32.tflite,GPU_SUPPORTED
2026-04-01 22:01:18,4,273.312,273.325,240.964,0,0,NNAPI,13.465,SEVERE,yolov8n_640_5-class_03-29-2026_saved_model/yolov8n_640_5-class_03-29-2026_float32.tflite,GPU_SUPPORTED
2026-04-01 22:01:19,4,272.772,273.190,241.067,0,0,NNAPI,16.394,SEVERE,yolov8n_640_5-class_03-29-2026_saved_model/yolov8n_640_5-class_03-29-2026_float32.tflite,GPU_SUPPORTED
2026-04-01 22:01:20,3,272.363,272.379,240.928,0,0,NNAPI,16.582,SEVERE,yolov8n_640_5-class_03-29-2026_saved_model/yolov8n_640_5-class_03-29-2026_float32.tflite,GPU_SUPPORTED
2026-04-01 22:01:21,4,274.522,273.462,240.622,0,0,NNAPI,16.582,SEVERE,yolov8n_640_5-class_03-29-2026_saved_model/yolov8n_640_5-class_03-29-2026_float32.tflite,GPU_SUPPORTED
2026-04-01 22:01:22,4,273.676,273.664,240.862,0,0,NNAPI,29.977,SEVERE,yolov8n_640_5-class_03-29-2026_saved_model/yolov8n_640_5-class_03-29-2026_float32.tflite,GPU_SUPPORTED
2026-04-01 22:01:23,3,272.300,271.916,241.519,0,0,NNAPI,30.008,SEVERE,yolov8n_640_5-class_03-29-2026_saved_model/yolov8n_640_5-class_03-29-2026_float32.tflite,GPU_SUPPORTED
2026-04-01 22:01:24,4,274.171,274.309,240.704,0,0,NNAPI,13.558,SEVERE,yolov8n_640_5-class_03-29-2026_saved_model/yolov8n_640_5-class_03-29-2026_float32.tflite,GPU_SUPPORTED
2026-04-01 22:01:25,4,273.445,274.284,242.220,0,0,NNAPI,26.895,SEVERE,yolov8n_640_5-class_03-29-2026_saved_model/yolov8n_640_5-class_03-29-2026_float32.tflite,GPU_SUPPORTED
2026-04-01 22:01:26,3,274.240,274.092,243.047,0,0,NNAPI,16.613,SEVERE,yolov8n_640_5-class_03-29-2026_saved_model/yolov8n_640_5-class_03-29-2026_float32.tflite,GPU_SUPPORTED
2026-04-01 22:01:27,3,316.821,274.052,241.981,0,0,NNAPI,16.613,SEVERE,yolov8n_640_5-class_03-29-2026_saved_model/yolov8n_640_5-class_03-29-2026_float32.tflite,GPU_SUPPORTED
2026-04-01 22:01:28,4,275.198,274.197,247.261,0,0,NNAPI,30.039,SEVERE,yolov8n_640_5-class_03-29-2026_saved_model/yolov8n_640_5-class_03-29-2026_float32.tflite,GPU_SUPPORTED
2026-04-01 22:01:29,4,272.688,273.700,239.778,0,0,NNAPI,16.426,SEVERE,yolov8n_640_5-class_03-29-2026_saved_model/yolov8n_640_5-class_03-29-2026_float32.tflite,GPU_SUPPORTED
2026-04-01 22:01:30,3,273.946,273.969,241.852,0,0,NNAPI,16.582,SEVERE,yolov8n_640_5-class_03-29-2026_saved_model/yolov8n_640_5-class_03-29-2026_float32.tflite,GPU_SUPPORTED
2026-04-01 22:01:31,4,274.300,274.522,241.970,0,0,NNAPI,30.012,SEVERE,yolov8n_640_5-class_03-29-2026_saved_model/yolov8n_640_5-class_03-29-2026_float32.tflite,GPU_SUPPORTED
2026-04-01 22:01:32,4,273.833,273.867,240.829,0,0,NNAPI,43.379,SEVERE,yolov8n_640_5-class_03-29-2026_saved_model/yolov8n_640_5-class_03-29-2026_float32.tflite,GPU_SUPPORTED
2026-04-01 22:01:33,3,274.254,274.054,241.753,0,0,NNAPI,16.652,SEVERE,yolov8n_640_5-class_03-29-2026_saved_model/yolov8n_640_5-class_03-29-2026_float32.tflite,GPU_SUPPORTED
2026-04-01 22:01:34,3,327.125,273.287,241.275,0,0,NNAPI,16.582,SEVERE,yolov8n_640_5-class_03-29-2026_saved_model/yolov8n_640_5-class_03-29-2026_float32.tflite,GPU_SUPPORTED
2026-04-01 22:01:35,4,273.530,273.636,241.886,0,0,NNAPI,29.977,SEVERE,yolov8n_640_5-class_03-29-2026_saved_model/yolov8n_640_5-class_03-29-2026_float32.tflite,GPU_SUPPORTED
2026-04-01 22:01:36,4,273.067,273.155,240.359,0,0,NNAPI,13.308,SEVERE,yolov8n_640_5-class_03-29-2026_saved_model/yolov8n_640_5-class_03-29-2026_float32.tflite,GPU_SUPPORTED
2026-04-01 22:01:37,3,272.667,272.742,240.550,0,0,NNAPI,13.504,SEVERE,yolov8n_640_5-class_03-29-2026_saved_model/yolov8n_640_5-class_03-29-2026_float32.tflite,GPU_SUPPORTED
2026-04-01 22:01:38,4,272.658,272.684,240.090,0,0,NNAPI,16.613,SEVERE,yolov8n_640_5-class_03-29-2026_saved_model/yolov8n_640_5-class_03-29-2026_float32.tflite,GPU_SUPPORTED
2026-04-01 22:01:39,4,272.805,273.049,240.689,0,0,NNAPI,44.617,SEVERE,yolov8n_640_5-class_03-29-2026_saved_model/yolov8n_640_5-class_03-29-2026_float32.tflite,GPU_SUPPORTED
2026-04-01 22:01:40,3,273.242,273.539,239.940,0,0,NNAPI,13.074,SEVERE,yolov8n_640_5-class_03-29-2026_saved_model/yolov8n_640_5-class_03-29-2026_float32.tflite,GPU_SUPPORTED
2026-04-01 22:01:41,4,272.557,272.771,239.770,0,0,NNAPI,16.582,SEVERE,yolov8n_640_5-class_03-29-2026_saved_model/yolov8n_640_5-class_03-29-2026_float32.tflite,GPU_SUPPORTED
2026-04-01 22:01:42,4,272.719,272.998,240.737,0,0,NNAPI,29.977,SEVERE,yolov8n_640_5-class_03-29-2026_saved_model/yolov8n_640_5-class_03-29-2026_float32.tflite,GPU_SUPPORTED
2026-04-01 22:01:43,3,272.406,272.642,240.448,0,0,NNAPI,29.977,SEVERE,yolov8n_640_5-class_03-29-2026_saved_model/yolov8n_640_5-class_03-29-2026_float32.tflite,GPU_SUPPORTED
2026-04-01 22:01:44,4,272.750,273.009,240.613,0,0,NNAPI,13.461,SEVERE,yolov8n_640_5-class_03-29-2026_saved_model/yolov8n_640_5-class_03-29-2026_float32.tflite,GPU_SUPPORTED
2026-04-01 22:01:45,4,273.285,273.311,241.735,0,0,NNAPI,26.887,SEVERE,yolov8n_640_5-class_03-29-2026_saved_model/yolov8n_640_5-class_03-29-2026_float32.tflite,GPU_SUPPORTED
2026-04-01 22:01:46,3,273.320,273.426,240.963,0,0,NNAPI,16.582,SEVERE,yolov8n_640_5-class_03-29-2026_saved_model/yolov8n_640_5-class_03-29-2026_float32.tflite,GPU_SUPPORTED
2026-04-01 22:01:47,4,273.239,273.518,241.008,0,0,NNAPI,29.977,SEVERE,yolov8n_640_5-class_03-29-2026_saved_model/yolov8n_640_5-class_03-29-2026_float32.tflite,GPU_SUPPORTED
2026-04-01 22:01:48,4,272.987,273.188,241.127,0,0,NNAPI,32.719,SEVERE,yolov8n_640_5-class_03-29-2026_saved_model/yolov8n_640_5-class_03-29-2026_float32.tflite,GPU_SUPPORTED
2026-04-01 22:01:49,3,273.224,273.305,240.774,0,0,NNAPI,13.496,SEVERE,yolov8n_640_5-class_03-29-2026_saved_model/yolov8n_640_5-class_03-29-2026_float32.tflite,GPU_SUPPORTED
2026-04-01 22:01:50,4,273.384,273.350,240.804,0,0,NNAPI,16.519,SEVERE,yolov8n_640_5-class_03-29-2026_saved_model/yolov8n_640_5-class_03-29-2026_float32.tflite,GPU_SUPPORTED
2026-04-01 22:01:51,4,272.932,273.139,240.472,0,0,NNAPI,16.645,SEVERE,yolov8n_640_5-class_03-29-2026_saved_model/yolov8n_640_5-class_03-29-2026_float32.tflite,GPU_SUPPORTED
2026-04-01 22:01:52,3,272.838,273.152,240.463,0,0,NNAPI,30.008,SEVERE,yolov8n_640_5-class_03-29-2026_saved_model/yolov8n_640_5-class_03-29-2026_float32.tflite,GPU_SUPPORTED
2026-04-01 22:01:53,4,272.821,272.711,240.974,0,0,NNAPI,13.469,SEVERE,yolov8n_640_5-class_03-29-2026_saved_model/yolov8n_640_5-class_03-29-2026_float32.tflite,GPU_SUPPORTED
2026-04-01 22:01:54,3,271.881,271.904,240.005,0,0,NNAPI,13.465,SEVERE,yolov8n_640_5-class_03-29-2026_saved_model/yolov8n_640_5-class_03-29-2026_float32.tflite,GPU_SUPPORTED
2026-04-01 22:01:55,4,273.191,273.512,242.245,0,1,NNAPI,16.613,SEVERE,yolov8n_640_5-class_03-29-2026_saved_model/yolov8n_640_5-class_03-29-2026_float32.tflite,GPU_SUPPORTED
2026-04-01 22:01:56,4,272.659,273.161,240.774,0,0,NNAPI,30.008,SEVERE,yolov8n_640_5-class_03-29-2026_saved_model/yolov8n_640_5-class_03-29-2026_float32.tflite,GPU_SUPPORTED
2026-04-01 22:01:57,3,273.305,273.427,240.905,0,0,NNAPI,29.981,SEVERE,yolov8n_640_5-class_03-29-2026_saved_model/yolov8n_640_5-class_03-29-2026_float32.tflite,GPU_SUPPORTED
2026-04-01 22:01:58,4,272.750,272.981,241.599,0,0,NNAPI,13.504,SEVERE,yolov8n_640_5-class_03-29-2026_saved_model/yolov8n_640_5-class_03-29-2026_float32.tflite,GPU_SUPPORTED
2026-04-01 22:01:59,4,273.177,273.239,240.876,0,0,NNAPI,16.367,SEVERE,yolov8n_640_5-class_03-29-2026_saved_model/yolov8n_640_5-class_03-29-2026_float32.tflite,GPU_SUPPORTED
2026-04-01 22:02:00,3,276.939,274.697,244.237,0,0,NNAPI,16.586,SEVERE,yolov8n_640_5-class_03-29-2026_saved_model/yolov8n_640_5-class_03-29-2026_float32.tflite,GPU_SUPPORTED
2026-04-01 22:02:01,4,273.244,273.139,241.733,0,0,NNAPI,30.016,SEVERE,yolov8n_640_5-class_03-29-2026_saved_model/yolov8n_640_5-class_03-29-2026_float32.tflite,GPU_SUPPORTED
2026-04-01 22:02:02,4,274.149,275.214,241.491,0,0,NNAPI,13.738,SEVERE,yolov8n_640_5-class_03-29-2026_saved_model/yolov8n_640_5-class_03-29-2026_float32.tflite,GPU_SUPPORTED
2026-04-01 22:02:03,3,272.610,272.688,240.248,0,0,NNAPI,13.523,SEVERE,yolov8n_640_5-class_03-29-2026_saved_model/yolov8n_640_5-class_03-29-2026_float32.tflite,GPU_SUPPORTED
2026-04-01 22:02:04,4,272.647,272.601,241.083,0,0,NNAPI,16.582,SEVERE,yolov8n_640_5-class_03-29-2026_saved_model/yolov8n_640_5-class_03-29-2026_float32.tflite,GPU_SUPPORTED
2026-04-01 22:02:05,4,273.062,273.231,240.819,0,0,NNAPI,30.008,SEVERE,yolov8n_640_5-class_03-29-2026_saved_model/yolov8n_640_5-class_03-29-2026_float32.tflite,GPU_SUPPORTED
2026-04-01 22:02:06,3,273.130,272.976,240.488,0,0,NNAPI,29.977,SEVERE,yolov8n_640_5-class_03-29-2026_saved_model/yolov8n_640_5-class_03-29-2026_float32.tflite,GPU_SUPPORTED
2026-04-01 22:02:07,4,271.880,272.079,240.419,0,0,NNAPI,13.504,SEVERE,yolov8n_640_5-class_03-29-2026_saved_model/yolov8n_640_5-class_03-29-2026_float32.tflite,GPU_SUPPORTED
2026-04-01 22:02:08,4,272.946,273.450,240.446,0,0,NNAPI,22.168,SEVERE,yolov8n_640_5-class_03-29-2026_saved_model/yolov8n_640_5-class_03-29-2026_float32.tflite,GPU_SUPPORTED
2026-04-01 22:02:09,3,297.840,285.822,293.821,0,0,NNAPI,31.582,SEVERE,yolov8n_640_5-class_03-29-2026_saved_model/yolov8n_640_5-class_03-29-2026_float32.tflite,GPU_SUPPORTED
2026-04-01 22:02:10,3,315.963,306.808,303.605,0,0,NNAPI,30.008,SEVERE,yolov8n_640_5-class_03-29-2026_saved_model/yolov8n_640_5-class_03-29-2026_float32.tflite,GPU_SUPPORTED
2026-04-01 22:02:11,4,281.185,286.115,240.717,0,0,NNAPI,12.949,SEVERE,yolov8n_640_5-class_03-29-2026_saved_model/yolov8n_640_5-class_03-29-2026_float32.tflite,GPU_SUPPORTED
2026-04-01 22:02:12,3,273.272,273.509,241.993,0,0,NNAPI,18.191,SEVERE,yolov8n_640_5-class_03-29-2026_saved_model/yolov8n_640_5-class_03-29-2026_float32.tflite,GPU_SUPPORTED
2026-04-01 22:02:13,4,282.887,274.203,240.761,0,0,NNAPI,17.836,SEVERE,yolov8n_640_5-class_03-29-2026_saved_model/yolov8n_640_5-class_03-29-2026_float32.tflite,GPU_SUPPORTED
2026-04-01 22:02:14,3,275.272,272.324,240.452,0,1,NNAPI,16.617,SEVERE,yolov8n_640_5-class_03-29-2026_saved_model/yolov8n_640_5-class_03-29-2026_float32.tflite,GPU_SUPPORTED
2026-04-01 22:02:15,4,306.214,272.893,241.262,0,0,NNAPI,43.476,SEVERE,yolov8n_640_5-class_03-29-2026_saved_model/yolov8n_640_5-class_03-29-2026_float32.tflite,GPU_SUPPORTED
2026-04-01 22:02:16,3,343.200,273.890,240.870,0,0,NNAPI,13.277,SEVERE,yolov8n_640_5-class_03-29-2026_saved_model/yolov8n_640_5-class_03-29-2026_float32.tflite,GPU_SUPPORTED
2026-04-01 22:02:17,3,273.377,273.293,241.370,0,0,NNAPI,13.465,SEVERE,yolov8n_640_5-class_03-29-2026_saved_model/yolov8n_640_5-class_03-29-2026_float32.tflite,GPU_SUPPORTED
2026-04-01 22:02:18,4,272.676,272.612,240.791,0,0,NNAPI,31.164,SEVERE,yolov8n_640_5-class_03-29-2026_saved_model/yolov8n_640_5-class_03-29-2026_float32.tflite,GPU_SUPPORTED
2026-04-01 22:02:19,4,273.323,273.839,241.374,0,0,NNAPI,13.254,SEVERE,yolov8n_640_5-class_03-29-2026_saved_model/yolov8n_640_5-class_03-29-2026_float32.tflite,GPU_SUPPORTED
2026-04-01 22:02:20,3,272.662,272.654,239.928,0,0,NNAPI,13.504,SEVERE,yolov8n_640_5-class_03-29-2026_saved_model/yolov8n_640_5-class_03-29-2026_float32.tflite,GPU_SUPPORTED
2026-04-01 22:02:21,4,272.227,272.402,240.245,0,0,NNAPI,16.582,SEVERE,yolov8n_640_5-class_03-29-2026_saved_model/yolov8n_640_5-class_03-29-2026_float32.tflite,GPU_SUPPORTED
2026-04-01 22:02:22,4,273.911,274.340,241.288,0,0,NNAPI,30.008,SEVERE,yolov8n_640_5-class_03-29-2026_saved_model/yolov8n_640_5-class_03-29-2026_float32.tflite,GPU_SUPPORTED
2026-04-01 22:02:23,3,272.736,273.019,240.013,0,0,NNAPI,30.008,SEVERE,yolov8n_640_5-class_03-29-2026_saved_model/yolov8n_640_5-class_03-29-2026_float32.tflite,GPU_SUPPORTED
2026-04-01 22:02:24,4,272.420,272.272,240.147,0,0,NNAPI,13.469,SEVERE,yolov8n_640_5-class_03-29-2026_saved_model/yolov8n_640_5-class_03-29-2026_float32.tflite,GPU_SUPPORTED
2026-04-01 22:02:25,4,273.132,273.495,241.352,0,0,NNAPI,22.207,SEVERE,yolov8n_640_5-class_03-29-2026_saved_model/yolov8n_640_5-class_03-29-2026_float32.tflite,GPU_SUPPORTED
2026-04-01 22:02:26,3,273.678,274.271,241.772,0,0,NNAPI,16.582,SEVERE,yolov8n_640_5-class_03-29-2026_saved_model/yolov8n_640_5-class_03-29-2026_float32.tflite,GPU_SUPPORTED
2026-04-01 22:02:27,4,273.135,272.828,240.848,0,0,NNAPI,29.977,SEVERE,yolov8n_640_5-class_03-29-2026_saved_model/yolov8n_640_5-class_03-29-2026_float32.tflite,GPU_SUPPORTED
2026-04-01 22:02:28,4,272.813,273.244,241.215,0,0,NNAPI,38.621,SEVERE,yolov8n_640_5-class_03-29-2026_saved_model/yolov8n_640_5-class_03-29-2026_float32.tflite,GPU_SUPPORTED
2026-04-01 22:02:29,3,272.700,272.685,239.810,0,0,NNAPI,13.531,SEVERE,yolov8n_640_5-class_03-29-2026_saved_model/yolov8n_640_5-class_03-29-2026_float32.tflite,GPU_SUPPORTED
2026-04-01 22:02:30,4,273.175,273.038,241.307,0,0,NNAPI,31.199,SEVERE,yolov8n_640_5-class_03-29-2026_saved_model/yolov8n_640_5-class_03-29-2026_float32.tflite,GPU_SUPPORTED
2026-04-01 22:02:31,4,273.357,273.751,240.904,0,0,NNAPI,30.008,SEVERE,yolov8n_640_5-class_03-29-2026_saved_model/yolov8n_640_5-class_03-29-2026_float32.tflite,GPU_SUPPORTED
2026-04-01 22:02:32,3,273.725,273.859,240.637,0,0,NNAPI,13.105,SEVERE,yolov8n_640_5-class_03-29-2026_saved_model/yolov8n_640_5-class_03-29-2026_float32.tflite,GPU_SUPPORTED
2026-04-01 22:02:33,4,272.953,273.037,240.760,0,0,NNAPI,31.192,SEVERE,yolov8n_640_5-class_03-29-2026_saved_model/yolov8n_640_5-class_03-29-2026_float32.tflite,GPU_SUPPORTED
2026-04-01 22:02:34,3,272.934,273.272,240.594,0,0,NNAPI,30.012,SEVERE,yolov8n_640_5-class_03-29-2026_saved_model/yolov8n_640_5-class_03-29-2026_float32.tflite,GPU_SUPPORTED
2026-04-01 22:02:35,4,274.093,272.988,246.014,0,0,NNAPI,16.582,SEVERE,yolov8n_640_5-class_03-29-2026_saved_model/yolov8n_640_5-class_03-29-2026_float32.tflite,GPU_SUPPORTED
2026-04-01 22:02:36,4,274.450,274.656,241.884,0,0,NNAPI,30.008,SEVERE,yolov8n_640_5-class_03-29-2026_saved_model/yolov8n_640_5-class_03-29-2026_float32.tflite,GPU_SUPPORTED
2026-04-01 22:02:37,3,272.934,272.612,241.129,0,0,NNAPI,29.977,SEVERE,yolov8n_640_5-class_03-29-2026_saved_model/yolov8n_640_5-class_03-29-2026_float32.tflite,GPU_SUPPORTED
2026-04-01 22:02:38,4,272.879,273.040,240.051,0,0,NNAPI,31.223,SEVERE,yolov8n_640_5-class_03-29-2026_saved_model/yolov8n_640_5-class_03-29-2026_float32.tflite,GPU_SUPPORTED
2026-04-01 22:02:39,4,272.599,272.913,240.882,0,0,NNAPI,13.371,SEVERE,yolov8n_640_5-class_03-29-2026_saved_model/yolov8n_640_5-class_03-29-2026_float32.tflite,GPU_SUPPORTED
2026-04-01 22:02:40,3,273.128,273.111,239.940,0,0,NNAPI,13.465,SEVERE,yolov8n_640_5-class_03-29-2026_saved_model/yolov8n_640_5-class_03-29-2026_float32.tflite,GPU_SUPPORTED
2026-04-01 22:02:41,4,272.858,273.284,240.615,0,0,NNAPI,16.582,SEVERE,yolov8n_640_5-class_03-29-2026_saved_model/yolov8n_640_5-class_03-29-2026_float32.tflite,GPU_SUPPORTED
2026-04-01 22:02:42,4,272.733,273.019,241.042,0,0,NNAPI,12.988,SEVERE,yolov8n_640_5-class_03-29-2026_saved_model/yolov8n_640_5-class_03-29-2026_float32.tflite,GPU_SUPPORTED
2026-04-01 22:02:43,3,273.055,272.611,240.388,0,0,NNAPI,13.559,SEVERE,yolov8n_640_5-class_03-29-2026_saved_model/yolov8n_640_5-class_03-29-2026_float32.tflite,GPU_SUPPORTED
2026-04-01 22:02:44,4,273.327,273.178,240.861,0,0,NNAPI,16.582,SEVERE,yolov8n_640_5-class_03-29-2026_saved_model/yolov8n_640_5-class_03-29-2026_float32.tflite,GPU_SUPPORTED
2026-04-01 22:02:45,4,273.126,273.137,241.366,0,0,NNAPI,30.008,SEVERE,yolov8n_640_5-class_03-29-2026_saved_model/yolov8n_640_5-class_03-29-2026_float32.tflite,GPU_SUPPORTED
2026-04-01 22:02:46,3,273.503,273.441,240.958,0,0,NNAPI,17.766,SEVERE,yolov8n_640_5-class_03-29-2026_saved_model/yolov8n_640_5-class_03-29-2026_float32.tflite,GPU_SUPPORTED
2026-04-01 22:02:47,4,273.517,273.670,240.819,0,0,NNAPI,30.008,SEVERE,yolov8n_640_5-class_03-29-2026_saved_model/yolov8n_640_5-class_03-29-2026_float32.tflite,GPU_SUPPORTED
2026-04-01 22:02:48,4,272.993,273.183,240.984,0,0,NNAPI,43.465,SEVERE,yolov8n_640_5-class_03-29-2026_saved_model/yolov8n_640_5-class_03-29-2026_float32.tflite,GPU_SUPPORTED
2026-04-01 22:02:49,3,273.440,273.596,240.123,0,0,NNAPI,13.516,SEVERE,yolov8n_640_5-class_03-29-2026_saved_model/yolov8n_640_5-class_03-29-2026_float32.tflite,GPU_SUPPORTED
2026-04-01 22:02:50,4,273.083,273.032,241.806,0,0,NNAPI,16.629,SEVERE,yolov8n_640_5-class_03-29-2026_saved_model/yolov8n_640_5-class_03-29-2026_float32.tflite,GPU_SUPPORTED
2026-04-01 22:02:51,4,272.698,273.123,239.872,0,0,NNAPI,29.992,SEVERE,yolov8n_640_5-class_03-29-2026_saved_model/yolov8n_640_5-class_03-29-2026_float32.tflite,GPU_SUPPORTED
2026-04-01 22:02:52,3,275.379,273.797,240.661,0,0,NNAPI,30.024,SEVERE,yolov8n_640_5-class_03-29-2026_saved_model/yolov8n_640_5-class_03-29-2026_float32.tflite,GPU_SUPPORTED
2026-04-01 22:02:53,4,273.132,273.169,240.227,0,0,NNAPI,13.086,SEVERE,yolov8n_640_5-class_03-29-2026_saved_model/yolov8n_640_5-class_03-29-2026_float32.tflite,GPU_SUPPORTED
2026-04-01 22:02:54,4,273.373,273.689,241.552,0,0,NNAPI,13.582,SEVERE,yolov8n_640_5-class_03-29-2026_saved_model/yolov8n_640_5-class_03-29-2026_float32.tflite,GPU_SUPPORTED
2026-04-01 22:02:55,3,272.501,272.568,240.321,0,0,NNAPI,16.664,SEVERE,yolov8n_640_5-class_03-29-2026_saved_model/yolov8n_640_5-class_03-29-2026_float32.tflite,GPU_SUPPORTED
2026-04-01 22:02:56,4,273.548,273.683,241.544,0,0,NNAPI,30.020,SEVERE,yolov8n_640_5-class_03-29-2026_saved_model/yolov8n_640_5-class_03-29-2026_float32.tflite,GPU_SUPPORTED
2026-04-01 22:02:57,3,284.464,274.768,240.801,0,0,NNAPI,29.992,SEVERE,yolov8n_640_5-class_03-29-2026_saved_model/yolov8n_640_5-class_03-29-2026_float32.tflite,GPU_SUPPORTED
2026-04-01 22:02:58,4,273.403,273.417,241.042,0,0,NNAPI,13.476,SEVERE,yolov8n_640_5-class_03-29-2026_saved_model/yolov8n_640_5-class_03-29-2026_float32.tflite,GPU_SUPPORTED
2026-04-01 22:02:59,4,273.736,273.749,241.967,0,0,NNAPI,26.879,SEVERE,yolov8n_640_5-class_03-29-2026_saved_model/yolov8n_640_5-class_03-29-2026_float32.tflite,GPU_SUPPORTED
2026-04-01 22:03:00,3,273.343,273.375,241.456,0,0,NNAPI,16.598,SEVERE,yolov8n_640_5-class_03-29-2026_saved_model/yolov8n_640_5-class_03-29-2026_float32.tflite,GPU_SUPPORTED
2026-04-01 22:03:01,4,273.790,274.146,241.485,0,0,NNAPI,17.777,SEVERE,yolov8n_640_5-class_03-29-2026_saved_model/yolov8n_640_5-class_03-29-2026_float32.tflite,GPU_SUPPORTED
2026-04-01 22:03:02,4,273.140,273.353,241.785,0,0,NNAPI,29.961,SEVERE,yolov8n_640_5-class_03-29-2026_saved_model/yolov8n_640_5-class_03-29-2026_float32.tflite,GPU_SUPPORTED
2026-04-01 22:03:03,3,273.252,273.267,241.125,0,0,NNAPI,29.992,SEVERE,yolov8n_640_5-class_03-29-2026_saved_model/yolov8n_640_5-class_03-29-2026_float32.tflite,GPU_SUPPORTED
2026-04-01 22:03:04,4,272.757,272.967,240.462,0,0,NNAPI,13.508,SEVERE,yolov8n_640_5-class_03-29-2026_saved_model/yolov8n_640_5-class_03-29-2026_float32.tflite,GPU_SUPPORTED
2026-04-01 22:03:05,4,274.501,273.498,246.845,0,0,NNAPI,22.219,SEVERE,yolov8n_640_5-class_03-29-2026_saved_model/yolov8n_640_5-class_03-29-2026_float32.tflite,GPU_SUPPORTED
2026-04-01 22:03:06,3,272.776,272.499,239.991,0,0,NNAPI,30.020,SEVERE,yolov8n_640_5-class_03-29-2026_saved_model/yolov8n_640_5-class_03-29-2026_float32.tflite,GPU_SUPPORTED
2026-04-01 22:03:07,4,272.690,272.906,240.815,0,0,NNAPI,13.125,SEVERE,yolov8n_640_5-class_03-29-2026_saved_model/yolov8n_640_5-class_03-29-2026_float32.tflite,GPU_SUPPORTED
2026-04-01 22:03:08,4,272.661,273.049,240.778,0,0,NNAPI,13.148,SEVERE,yolov8n_640_5-class_03-29-2026_saved_model/yolov8n_640_5-class_03-29-2026_float32.tflite,GPU_SUPPORTED
2026-04-01 22:03:09,3,273.288,273.500,241.384,0,0,NNAPI,16.629,SEVERE,yolov8n_640_5-class_03-29-2026_saved_model/yolov8n_640_5-class_03-29-2026_float32.tflite,GPU_SUPPORTED
2026-04-01 22:03:10,4,273.484,273.553,241.127,0,0,NNAPI,30.024,SEVERE,yolov8n_640_5-class_03-29-2026_saved_model/yolov8n_640_5-class_03-29-2026_float32.tflite,GPU_SUPPORTED
2026-04-01 22:03:11,3,273.090,273.015,240.938,0,0,NNAPI,17.777,SEVERE,yolov8n_640_5-class_03-29-2026_saved_model/yolov8n_640_5-class_03-29-2026_float32.tflite,GPU_SUPPORTED
2026-04-01 22:03:12,4,273.285,273.661,240.433,0,0,NNAPI,30.024,SEVERE,yolov8n_640_5-class_03-29-2026_saved_model/yolov8n_640_5-class_03-29-2026_float32.tflite,GPU_SUPPORTED
2026-04-01 22:03:13,4,272.987,273.151,240.436,0,0,NNAPI,13.515,SEVERE,yolov8n_640_5-class_03-29-2026_saved_model/yolov8n_640_5-class_03-29-2026_float32.tflite,GPU_SUPPORTED
2026-04-01 22:03:14,3,273.298,273.092,240.687,0,0,NNAPI,13.512,SEVERE,yolov8n_640_5-class_03-29-2026_saved_model/yolov8n_640_5-class_03-29-2026_float32.tflite,GPU_SUPPORTED
2026-04-01 22:03:15,4,272.675,272.969,239.629,0,1,NNAPI,16.598,SEVERE,yolov8n_640_5-class_03-29-2026_saved_model/yolov8n_640_5-class_03-29-2026_float32.tflite,GPU_SUPPORTED
2026-04-01 22:03:16,3,305.356,273.777,240.995,0,0,NNAPI,16.598,SEVERE,yolov8n_640_5-class_03-29-2026_saved_model/yolov8n_640_5-class_03-29-2026_float32.tflite,GPU_SUPPORTED
2026-04-01 22:03:17,4,273.286,273.697,241.361,0,0,NNAPI,30.024,SEVERE,yolov8n_640_5-class_03-29-2026_saved_model/yolov8n_640_5-class_03-29-2026_float32.tflite,GPU_SUPPORTED
2026-04-01 22:03:18,4,273.168,273.395,241.307,0,0,NNAPI,13.426,SEVERE,yolov8n_640_5-class_03-29-2026_saved_model/yolov8n_640_5-class_03-29-2026_float32.tflite,GPU_SUPPORTED
2026-04-01 22:03:19,3,273.044,273.328,239.761,0,0,NNAPI,13.508,SEVERE,yolov8n_640_5-class_03-29-2026_saved_model/yolov8n_640_5-class_03-29-2026_float32.tflite,GPU_SUPPORTED
2026-04-01 22:03:20,4,272.487,272.142,239.914,0,0,NNAPI,16.598,SEVERE,yolov8n_640_5-class_03-29-2026_saved_model/yolov8n_640_5-class_03-29-2026_float32.tflite,GPU_SUPPORTED
2026-04-01 22:03:21,4,274.266,273.149,240.503,0,1,NNAPI,29.992,SEVERE,yolov8n_640_5-class_03-29-2026_saved_model/yolov8n_640_5-class_03-29-2026_float32.tflite,GPU_SUPPORTED
2026-04-01 22:03:22,3,276.408,272.418,240.120,0,0,NNAPI,30.024,SEVERE,yolov8n_640_5-class_03-29-2026_saved_model/yolov8n_640_5-class_03-29-2026_float32.tflite,GPU_SUPPORTED
2026-04-01 22:03:23,4,274.176,272.878,240.415,0,0,NNAPI,13.476,SEVERE,yolov8n_640_5-class_03-29-2026_saved_model/yolov8n_640_5-class_03-29-2026_float32.tflite,GPU_SUPPORTED
2026-04-01 22:03:24,4,273.716,274.022,241.434,0,0,NNAPI,22.188,SEVERE,yolov8n_640_5-class_03-29-2026_saved_model/yolov8n_640_5-class_03-29-2026_float32.tflite,GPU_SUPPORTED
2026-04-01 22:03:25,3,274.799,273.653,244.006,0,0,NNAPI,31.633,SEVERE,yolov8n_640_5-class_03-29-2026_saved_model/yolov8n_640_5-class_03-29-2026_float32.tflite,GPU_SUPPORTED
2026-04-01 22:03:26,4,273.453,273.535,240.968,0,0,NNAPI,31.211,SEVERE,yolov8n_640_5-class_03-29-2026_saved_model/yolov8n_640_5-class_03-29-2026_float32.tflite,GPU_SUPPORTED
2026-04-01 22:03:27,4,272.964,273.568,240.942,0,0,NNAPI,30.024,SEVERE,yolov8n_640_5-class_03-29-2026_saved_model/yolov8n_640_5-class_03-29-2026_float32.tflite,GPU_SUPPORTED
2026-04-01 22:03:28,3,273.048,272.940,240.559,0,1,NNAPI,13.148,SEVERE,yolov8n_640_5-class_03-29-2026_saved_model/yolov8n_640_5-class_03-29-2026_float32.tflite,GPU_SUPPORTED
2026-04-01 22:03:29,4,272.281,272.459,239.772,0,0,NNAPI,16.566,SEVERE,yolov8n_640_5-class_03-29-2026_saved_model/yolov8n_640_5-class_03-29-2026_float32.tflite,GPU_SUPPORTED
2026-04-01 22:03:30,3,272.954,273.218,241.032,0,0,NNAPI,16.594,SEVERE,yolov8n_640_5-class_03-29-2026_saved_model/yolov8n_640_5-class_03-29-2026_float32.tflite,GPU_SUPPORTED
2026-04-01 22:03:31,4,272.395,272.581,240.851,0,0,NNAPI,30.028,SEVERE,yolov8n_640_5-class_03-29-2026_saved_model/yolov8n_640_5-class_03-29-2026_float32.tflite,GPU_SUPPORTED
2026-04-01 22:03:32,4,272.461,272.613,239.973,0,1,NNAPI,13.519,SEVERE,yolov8n_640_5-class_03-29-2026_saved_model/yolov8n_640_5-class_03-29-2026_float32.tflite,GPU_SUPPORTED
2026-04-01 22:03:33,3,272.054,272.023,239.702,0,0,NNAPI,13.477,SEVERE,yolov8n_640_5-class_03-29-2026_saved_model/yolov8n_640_5-class_03-29-2026_float32.tflite,GPU_SUPPORTED
2026-04-01 22:03:34,4,272.248,272.289,239.870,0,0,NNAPI,16.598,SEVERE,yolov8n_640_5-class_03-29-2026_saved_model/yolov8n_640_5-class_03-29-2026_float32.tflite,GPU_SUPPORTED
2026-04-01 22:03:35,4,273.036,273.062,240.627,0,0,NNAPI,17.754,SEVERE,yolov8n_640_5-class_03-29-2026_saved_model/yolov8n_640_5-class_03-29-2026_float32.tflite,GPU_SUPPORTED
2026-04-01 22:03:36,3,272.633,272.592,240.087,0,0,NNAPI,16.594,SEVERE,yolov8n_640_5-class_03-29-2026_saved_model/yolov8n_640_5-class_03-29-2026_float32.tflite,GPU_SUPPORTED
2026-04-01 22:03:37,4,272.790,272.802,240.613,0,0,NNAPI,30.024,SEVERE,yolov8n_640_5-class_03-29-2026_saved_model/yolov8n_640_5-class_03-29-2026_float32.tflite,GPU_SUPPORTED
2026-04-01 22:03:38,4,272.941,273.158,240.574,0,0,NNAPI,31.180,SEVERE,yolov8n_640_5-class_03-29-2026_saved_model/yolov8n_640_5-class_03-29-2026_float32.tflite,GPU_SUPPORTED
2026-04-01 22:03:39,3,273.166,272.883,241.321,0,1,NNAPI,30.032,SEVERE,yolov8n_640_5-class_03-29-2026_saved_model/yolov8n_640_5-class_03-29-2026_float32.tflite,GPU_SUPPORTED
2026-04-01 22:03:40,4,272.497,272.509,239.528,0,0,NNAPI,13.125,SEVERE,yolov8n_640_5-class_03-29-2026_saved_model/yolov8n_640_5-class_03-29-2026_float32.tflite,GPU_SUPPORTED
2026-04-01 22:03:41,4,272.086,272.548,240.657,0,0,NNAPI,16.410,SEVERE,yolov8n_640_5-class_03-29-2026_saved_model/yolov8n_640_5-class_03-29-2026_float32.tflite,GPU_SUPPORTED
2026-04-01 22:03:42,3,272.626,272.445,241.216,0,0,NNAPI,16.598,SEVERE,yolov8n_640_5-class_03-29-2026_saved_model/yolov8n_640_5-class_03-29-2026_float32.tflite,GPU_SUPPORTED
2026-04-01 22:03:43,4,272.470,272.506,240.735,0,0,NNAPI,29.996,SEVERE,yolov8n_640_5-class_03-29-2026_saved_model/yolov8n_640_5-class_03-29-2026_float32.tflite,GPU_SUPPORTED
2026-04-01 22:03:44,4,272.121,272.010,239.842,0,0,NNAPI,13.445,SEVERE,yolov8n_640_5-class_03-29-2026_saved_model/yolov8n_640_5-class_03-29-2026_float32.tflite,GPU_SUPPORTED
2026-04-01 22:03:45,3,272.263,271.970,239.916,0,0,NNAPI,13.508,SEVERE,yolov8n_640_5-class_03-29-2026_saved_model/yolov8n_640_5-class_03-29-2026_float32.tflite,GPU_SUPPORTED
2026-04-01 22:03:46,4,272.200,272.432,239.629,0,0,NNAPI,16.594,SEVERE,yolov8n_640_5-class_03-29-2026_saved_model/yolov8n_640_5-class_03-29-2026_float32.tflite,GPU_SUPPORTED
2026-04-01 22:03:47,4,272.542,273.009,240.749,0,0,NNAPI,30.027,SEVERE,yolov8n_640_5-class_03-29-2026_saved_model/yolov8n_640_5-class_03-29-2026_float32.tflite,GPU_SUPPORTED
2026-04-01 22:03:48,3,272.858,273.112,241.331,0,0,NNAPI,29.989,SEVERE,yolov8n_640_5-class_03-29-2026_saved_model/yolov8n_640_5-class_03-29-2026_float32.tflite,GPU_SUPPORTED
2026-04-01 22:03:49,3,299.399,278.241,313.194,0,0,NNAPI,17.785,SEVERE,yolov8n_640_5-class_03-29-2026_saved_model/yolov8n_640_5-class_03-29-2026_float32.tflite,GPU_SUPPORTED
2026-04-01 22:03:51,1,1378.538,1378.538,1238.034,0,0,NNAPI,32.118,SEVERE,yolov8n_640_5-class_03-29-2026_saved_model/yolov8n_640_5-class_03-29-2026_float32.tflite,GPU_SUPPORTED
2026-04-01 22:03:52,1,549.068,549.068,501.794,0,0,NNAPI,13.523,SEVERE,yolov8n_640_5-class_03-29-2026_saved_model/yolov8n_640_5-class_03-29-2026_float32.tflite,GPU_SUPPORTED
2026-04-01 22:03:53,4,248.310,248.398,220.093,0,0,NNAPI,16.605,SEVERE,yolov8n_640_5-class_03-29-2026_saved_model/yolov8n_640_5-class_03-29-2026_float32.tflite,GPU_SUPPORTED
2026-04-01 22:03:54,4,265.568,253.944,214.714,0,0,NNAPI,13.098,SEVERE,yolov8n_640_5-class_03-29-2026_saved_model/yolov8n_640_5-class_03-29-2026_float32.tflite,GPU_SUPPORTED
2026-04-01 22:03:55,4,249.649,251.263,217.703,0,0,NNAPI,16.605,SEVERE,yolov8n_640_5-class_03-29-2026_saved_model/yolov8n_640_5-class_03-29-2026_float32.tflite,GPU_SUPPORTED
2026-04-01 22:03:56,3,295.082,276.465,244.264,0,0,NNAPI,16.605,SEVERE,yolov8n_640_5-class_03-29-2026_saved_model/yolov8n_640_5-class_03-29-2026_float32.tflite,GPU_SUPPORTED
2026-04-01 22:03:57,4,272.671,272.907,240.767,0,0,NNAPI,30.039,SEVERE,yolov8n_640_5-class_03-29-2026_saved_model/yolov8n_640_5-class_03-29-2026_float32.tflite,GPU_SUPPORTED
2026-04-01 22:03:58,4,274.447,273.376,240.785,0,0,NNAPI,13.137,SEVERE,yolov8n_640_5-class_03-29-2026_saved_model/yolov8n_640_5-class_03-29-2026_float32.tflite,GPU_SUPPORTED
2026-04-01 22:03:59,3,272.825,273.176,240.644,0,0,NNAPI,13.520,SEVERE,yolov8n_640_5-class_03-29-2026_saved_model/yolov8n_640_5-class_03-29-2026_float32.tflite,GPU_SUPPORTED
2026-04-01 22:04:00,4,274.590,274.166,240.845,0,0,NNAPI,16.605,SEVERE,yolov8n_640_5-class_03-29-2026_saved_model/yolov8n_640_5-class_03-29-2026_float32.tflite,GPU_SUPPORTED
2026-04-01 22:04:01,4,273.367,273.310,241.131,0,0,NNAPI,30.000,SEVERE,yolov8n_640_5-class_03-29-2026_saved_model/yolov8n_640_5-class_03-29-2026_float32.tflite,GPU_SUPPORTED
2026-04-01 22:04:02,3,273.199,273.273,242.010,0,0,NNAPI,30.032,SEVERE,yolov8n_640_5-class_03-29-2026_saved_model/yolov8n_640_5-class_03-29-2026_float32.tflite,GPU_SUPPORTED
2026-04-01 22:04:03,4,273.545,273.922,240.939,0,0,NNAPI,13.164,SEVERE,yolov8n_640_5-class_03-29-2026_saved_model/yolov8n_640_5-class_03-29-2026_float32.tflite,GPU_SUPPORTED
2026-04-01 22:04:04,4,273.070,273.967,241.134,0,0,NNAPI,16.355,SEVERE,yolov8n_640_5-class_03-29-2026_saved_model/yolov8n_640_5-class_03-29-2026_float32.tflite,GPU_SUPPORTED
2026-04-01 22:04:05,3,273.506,273.300,242.369,0,0,NNAPI,16.605,SEVERE,yolov8n_640_5-class_03-29-2026_saved_model/yolov8n_640_5-class_03-29-2026_float32.tflite,GPU_SUPPORTED
2026-04-01 22:04:06,4,273.794,272.709,241.041,0,0,NNAPI,17.789,SEVERE,yolov8n_640_5-class_03-29-2026_saved_model/yolov8n_640_5-class_03-29-2026_float32.tflite,GPU_SUPPORTED
2026-04-01 22:04:07,4,272.631,273.137,241.146,0,0,NNAPI,30.000,SEVERE,yolov8n_640_5-class_03-29-2026_saved_model/yolov8n_640_5-class_03-29-2026_float32.tflite,GPU_SUPPORTED
2026-04-01 22:04:08,3,272.070,272.128,240.406,0,0,NNAPI,30.000,SEVERE,yolov8n_640_5-class_03-29-2026_saved_model/yolov8n_640_5-class_03-29-2026_float32.tflite,GPU_SUPPORTED
2026-04-01 22:04:09,4,272.316,272.432,240.637,0,0,NNAPI,18.242,SEVERE,yolov8n_640_5-class_03-29-2026_saved_model/yolov8n_640_5-class_03-29-2026_float32.tflite,GPU_SUPPORTED
2026-04-01 22:04:10,4,272.405,272.464,240.525,0,0,NNAPI,12.976,SEVERE,yolov8n_640_5-class_03-29-2026_saved_model/yolov8n_640_5-class_03-29-2026_float32.tflite,GPU_SUPPORTED
2026-04-01 22:04:11,3,272.585,272.418,241.135,0,0,NNAPI,13.133,SEVERE,yolov8n_640_5-class_03-29-2026_saved_model/yolov8n_640_5-class_03-29-2026_float32.tflite,GPU_SUPPORTED
2026-04-01 22:04:12,4,272.996,273.153,241.473,0,0,NNAPI,16.605,SEVERE,yolov8n_640_5-class_03-29-2026_saved_model/yolov8n_640_5-class_03-29-2026_float32.tflite,GPU_SUPPORTED
2026-04-01 22:04:13,4,272.892,272.948,240.326,0,0,NNAPI,30.000,SEVERE,yolov8n_640_5-class_03-29-2026_saved_model/yolov8n_640_5-class_03-29-2026_float32.tflite,GPU_SUPPORTED
2026-04-01 22:04:14,3,272.829,272.842,241.452,0,0,NNAPI,30.035,SEVERE,yolov8n_640_5-class_03-29-2026_saved_model/yolov8n_640_5-class_03-29-2026_float32.tflite,GPU_SUPPORTED
2026-04-01 22:04:15,4,272.936,272.878,240.797,0,0,NNAPI,13.101,SEVERE,yolov8n_640_5-class_03-29-2026_saved_model/yolov8n_640_5-class_03-29-2026_float32.tflite,GPU_SUPPORTED
2026-04-01 22:04:16,4,273.113,273.335,240.272,0,0,NNAPI,26.523,SEVERE,yolov8n_640_5-class_03-29-2026_saved_model/yolov8n_640_5-class_03-29-2026_float32.tflite,GPU_SUPPORTED
2026-04-01 22:04:17,3,273.287,273.208,241.321,0,1,NNAPI,16.605,SEVERE,yolov8n_640_5-class_03-29-2026_saved_model/yolov8n_640_5-class_03-29-2026_float32.tflite,GPU_SUPPORTED
2026-04-01 22:04:18,4,272.550,272.799,240.913,0,0,NNAPI,30.031,SEVERE,yolov8n_640_5-class_03-29-2026_saved_model/yolov8n_640_5-class_03-29-2026_float32.tflite,GPU_SUPPORTED
2026-04-01 22:04:19,4,272.524,272.661,240.413,0,0,NNAPI,38.672,SEVERE,yolov8n_640_5-class_03-29-2026_saved_model/yolov8n_640_5-class_03-29-2026_float32.tflite,GPU_SUPPORTED
2026-04-01 22:04:20,3,272.657,272.015,240.289,0,0,NNAPI,13.492,SEVERE,yolov8n_640_5-class_03-29-2026_saved_model/yolov8n_640_5-class_03-29-2026_float32.tflite,GPU_SUPPORTED
2026-04-01 22:04:21,4,272.641,272.831,240.836,0,0,NNAPI,16.605,SEVERE,yolov8n_640_5-class_03-29-2026_saved_model/yolov8n_640_5-class_03-29-2026_float32.tflite,GPU_SUPPORTED
2026-04-01 22:04:22,4,272.213,272.277,240.584,0,0,NNAPI,25.309,SEVERE,yolov8n_640_5-class_03-29-2026_saved_model/yolov8n_640_5-class_03-29-2026_float32.tflite,GPU_SUPPORTED
2026-04-01 22:04:23,3,272.361,272.414,240.570,0,0,NNAPI,30.031,SEVERE,yolov8n_640_5-class_03-29-2026_saved_model/yolov8n_640_5-class_03-29-2026_float32.tflite,GPU_SUPPORTED
2026-04-01 22:04:24,4,272.077,271.913,239.698,0,0,NNAPI,13.137,SEVERE,yolov8n_640_5-class_03-29-2026_saved_model/yolov8n_640_5-class_03-29-2026_float32.tflite,GPU_SUPPORTED
2026-04-01 22:04:25,4,272.033,272.617,241.271,0,0,NNAPI,22.195,SEVERE,yolov8n_640_5-class_03-29-2026_saved_model/yolov8n_640_5-class_03-29-2026_float32.tflite,GPU_SUPPORTED
2026-04-01 22:04:26,3,272.833,272.828,241.025,0,0,NNAPI,16.605,SEVERE,yolov8n_640_5-class_03-29-2026_saved_model/yolov8n_640_5-class_03-29-2026_float32.tflite,GPU_SUPPORTED
2026-04-01 22:04:27,4,273.655,273.738,241.356,0,0,NNAPI,30.000,SEVERE,yolov8n_640_5-class_03-29-2026_saved_model/yolov8n_640_5-class_03-29-2026_float32.tflite,GPU_SUPPORTED
2026-04-01 22:04:28,4,274.309,273.732,240.821,0,1,NNAPI,30.004,SEVERE,yolov8n_640_5-class_03-29-2026_saved_model/yolov8n_640_5-class_03-29-2026_float32.tflite,GPU_SUPPORTED
2026-04-01 22:04:29,3,275.083,274.162,243.917,0,0,NNAPI,13.551,SEVERE,yolov8n_640_5-class_03-29-2026_saved_model/yolov8n_640_5-class_03-29-2026_float32.tflite,GPU_SUPPORTED
2026-04-01 22:04:30,4,276.132,276.470,242.123,0,0,NNAPI,16.449,SEVERE,yolov8n_640_5-class_03-29-2026_saved_model/yolov8n_640_5-class_03-29-2026_float32.tflite,GPU_SUPPORTED
2026-04-01 22:04:31,3,273.886,273.916,240.828,0,0,NNAPI,16.637,SEVERE,yolov8n_640_5-class_03-29-2026_saved_model/yolov8n_640_5-class_03-29-2026_float32.tflite,GPU_SUPPORTED
2026-04-01 22:04:32,4,273.748,274.021,240.998,0,0,NNAPI,30.063,SEVERE,yolov8n_640_5-class_03-29-2026_saved_model/yolov8n_640_5-class_03-29-2026_float32.tflite,GPU_SUPPORTED
2026-04-01 22:04:33,4,272.590,272.859,240.062,0,0,NNAPI,12.906,SEVERE,yolov8n_640_5-class_03-29-2026_saved_model/yolov8n_640_5-class_03-29-2026_float32.tflite,GPU_SUPPORTED
2026-04-01 22:04:34,3,272.834,272.906,240.665,0,0,NNAPI,13.519,SEVERE,yolov8n_640_5-class_03-29-2026_saved_model/yolov8n_640_5-class_03-29-2026_float32.tflite,GPU_SUPPORTED
2026-04-01 22:04:35,4,272.761,273.028,240.656,0,0,NNAPI,16.605,SEVERE,yolov8n_640_5-class_03-29-2026_saved_model/yolov8n_640_5-class_03-29-2026_float32.tflite,GPU_SUPPORTED
2026-04-01 22:04:36,4,272.672,272.763,240.485,0,0,NNAPI,24.133,SEVERE,yolov8n_640_5-class_03-29-2026_saved_model/yolov8n_640_5-class_03-29-2026_float32.tflite,GPU_SUPPORTED
2026-04-01 22:04:37,3,272.822,272.660,240.481,0,0,NNAPI,16.605,SEVERE,yolov8n_640_5-class_03-29-2026_saved_model/yolov8n_640_5-class_03-29-2026_float32.tflite,GPU_SUPPORTED
2026-04-01 22:04:38,4,272.972,273.503,240.326,0,0,NNAPI,30.031,SEVERE,yolov8n_640_5-class_03-29-2026_saved_model/yolov8n_640_5-class_03-29-2026_float32.tflite,GPU_SUPPORTED
2026-04-01 22:04:39,4,272.976,273.350,240.748,0,0,NNAPI,43.394,SEVERE,yolov8n_640_5-class_03-29-2026_saved_model/yolov8n_640_5-class_03-29-2026_float32.tflite,GPU_SUPPORTED
2026-04-01 22:04:40,3,272.205,271.781,239.705,0,0,NNAPI,13.488,SEVERE,yolov8n_640_5-class_03-29-2026_saved_model/yolov8n_640_5-class_03-29-2026_float32.tflite,GPU_SUPPORTED
2026-04-01 22:04:41,3,273.637,273.364,241.041,0,0,NNAPI,18.242,SEVERE,yolov8n_640_5-class_03-29-2026_saved_model/yolov8n_640_5-class_03-29-2026_float32.tflite,GPU_SUPPORTED
2026-04-01 22:04:42,4,308.511,277.554,244.834,0,0,NNAPI,30.000,SEVERE,yolov8n_640_5-class_03-29-2026_saved_model/yolov8n_640_5-class_03-29-2026_float32.tflite,GPU_SUPPORTED
2026-04-01 22:04:43,4,272.889,272.537,241.371,0,0,NNAPI,13.429,SEVERE,yolov8n_640_5-class_03-29-2026_saved_model/yolov8n_640_5-class_03-29-2026_float32.tflite,GPU_SUPPORTED
2026-04-01 22:04:44,3,273.382,273.342,240.318,0,0,NNAPI,13.105,SEVERE,yolov8n_640_5-class_03-29-2026_saved_model/yolov8n_640_5-class_03-29-2026_float32.tflite,GPU_SUPPORTED
2026-04-01 22:04:45,4,272.943,273.167,240.109,0,0,NNAPI,16.613,SEVERE,yolov8n_640_5-class_03-29-2026_saved_model/yolov8n_640_5-class_03-29-2026_float32.tflite,GPU_SUPPORTED
2026-04-01 22:04:46,4,273.113,273.452,241.051,0,1,NNAPI,30.031,SEVERE,yolov8n_640_5-class_03-29-2026_saved_model/yolov8n_640_5-class_03-29-2026_float32.tflite,GPU_SUPPORTED
2026-04-01 22:04:47,3,272.983,273.116,241.246,0,0,NNAPI,30.032,SEVERE,yolov8n_640_5-class_03-29-2026_saved_model/yolov8n_640_5-class_03-29-2026_float32.tflite,GPU_SUPPORTED
2026-04-01 22:04:48,4,272.798,272.756,240.914,0,0,NNAPI,13.527,SEVERE,yolov8n_640_5-class_03-29-2026_saved_model/yolov8n_640_5-class_03-29-2026_float32.tflite,GPU_SUPPORTED
2026-04-01 22:04:49,4,272.765,273.217,241.048,0,0,NNAPI,16.480,SEVERE,yolov8n_640_5-class_03-29-2026_saved_model/yolov8n_640_5-class_03-29-2026_float32.tflite,GPU_SUPPORTED
2026-04-01 22:04:50,3,272.839,272.863,240.672,0,0,NNAPI,16.605,SEVERE,yolov8n_640_5-class_03-29-2026_saved_model/yolov8n_640_5-class_03-29-2026_float32.tflite,GPU_SUPPORTED
2026-04-01 22:04:51,4,273.383,273.622,241.294,0,0,NNAPI,30.000,SEVERE,yolov8n_640_5-class_03-29-2026_saved_model/yolov8n_640_5-class_03-29-2026_float32.tflite,GPU_SUPPORTED
2026-04-01 22:04:52,4,272.882,273.148,241.123,0,0,NNAPI,11.765,SEVERE,yolov8n_640_5-class_03-29-2026_saved_model/yolov8n_640_5-class_03-29-2026_float32.tflite,GPU_SUPPORTED
2026-04-01 22:04:53,3,272.830,272.766,239.961,0,0,NNAPI,13.168,SEVERE,yolov8n_640_5-class_03-29-2026_saved_model/yolov8n_640_5-class_03-29-2026_float32.tflite,GPU_SUPPORTED
2026-04-01 22:04:54,4,272.916,272.928,240.878,0,0,NNAPI,16.644,SEVERE,yolov8n_640_5-class_03-29-2026_saved_model/yolov8n_640_5-class_03-29-2026_float32.tflite,GPU_SUPPORTED
2026-04-01 22:04:55,4,273.575,273.492,241.030,0,0,NNAPI,30.000,SEVERE,yolov8n_640_5-class_03-29-2026_saved_model/yolov8n_640_5-class_03-29-2026_float32.tflite,GPU_SUPPORTED
2026-04-01 22:04:56,3,273.741,273.167,241.204,0,0,NNAPI,30.000,SEVERE,yolov8n_640_5-class_03-29-2026_saved_model/yolov8n_640_5-class_03-29-2026_float32.tflite,GPU_SUPPORTED
2026-04-01 22:04:57,4,273.042,273.228,240.913,0,0,NNAPI,13.492,SEVERE,yolov8n_640_5-class_03-29-2026_saved_model/yolov8n_640_5-class_03-29-2026_float32.tflite,GPU_SUPPORTED
2026-04-01 22:04:58,4,273.284,273.353,241.418,0,0,NNAPI,26.922,SEVERE,yolov8n_640_5-class_03-29-2026_saved_model/yolov8n_640_5-class_03-29-2026_float32.tflite,GPU_SUPPORTED
2026-04-01 22:04:59,3,274.188,274.763,243.211,0,0,NNAPI,16.637,SEVERE,yolov8n_640_5-class_03-29-2026_saved_model/yolov8n_640_5-class_03-29-2026_float32.tflite,GPU_SUPPORTED
2026-04-01 22:05:00,4,273.250,273.444,241.701,0,0,NNAPI,30.031,SEVERE,yolov8n_640_5-class_03-29-2026_saved_model/yolov8n_640_5-class_03-29-2026_float32.tflite,GPU_SUPPORTED
2026-04-01 22:05:01,3,287.110,280.248,273.100,0,0,NNAPI,30.032,SEVERE,yolov8n_640_5-class_03-29-2026_saved_model/yolov8n_640_5-class_03-29-2026_float32.tflite,GPU_SUPPORTED
2026-04-01 22:05:02,3,338.273,308.498,364.142,0,0,NNAPI,30.063,SEVERE,yolov8n_640_5-class_03-29-2026_saved_model/yolov8n_640_5-class_03-29-2026_float32.tflite,GPU_SUPPORTED
2026-04-01 22:05:03,4,305.066,306.234,269.989,0,0,NNAPI,30.036,SEVERE,yolov8n_640_5-class_03-29-2026_saved_model/yolov8n_640_5-class_03-29-2026_float32.tflite,GPU_SUPPORTED
2026-04-01 22:05:04,3,306.389,306.309,273.446,0,0,NNAPI,13.523,SEVERE,yolov8n_640_5-class_03-29-2026_saved_model/yolov8n_640_5-class_03-29-2026_float32.tflite,GPU_SUPPORTED
2026-04-01 22:05:05,3,305.676,306.421,270.161,0,0,NNAPI,13.129,SEVERE,yolov8n_640_5-class_03-29-2026_saved_model/yolov8n_640_5-class_03-29-2026_float32.tflite,GPU_SUPPORTED
2026-04-01 22:05:06,3,305.557,304.604,268.434,0,0,NNAPI,17.793,SEVERE,yolov8n_640_5-class_03-29-2026_saved_model/yolov8n_640_5-class_03-29-2026_float32.tflite,GPU_SUPPORTED
2026-04-01 22:05:07,4,308.027,308.098,274.445,0,0,NNAPI,32.782,SEVERE,yolov8n_640_5-class_03-29-2026_saved_model/yolov8n_640_5-class_03-29-2026_float32.tflite,GPU_SUPPORTED
2026-04-01 22:05:08,3,305.598,306.566,271.946,0,0,NNAPI,16.644,SEVERE,yolov8n_640_5-class_03-29-2026_saved_model/yolov8n_640_5-class_03-29-2026_float32.tflite,GPU_SUPPORTED
2026-04-01 22:05:09,3,306.405,307.276,268.622,0,1,NNAPI,16.637,SEVERE,yolov8n_640_5-class_03-29-2026_saved_model/yolov8n_640_5-class_03-29-2026_float32.tflite,GPU_SUPPORTED
2026-04-01 22:05:10,3,307.238,306.526,272.898,0,0,NNAPI,31.610,SEVERE,yolov8n_640_5-class_03-29-2026_saved_model/yolov8n_640_5-class_03-29-2026_float32.tflite,GPU_SUPPORTED
2026-04-01 22:05:11,3,324.038,306.588,318.451,0,0,NNAPI,30.032,SEVERE,yolov8n_640_5-class_03-29-2026_saved_model/yolov8n_640_5-class_03-29-2026_float32.tflite,GPU_SUPPORTED
2026-04-01 22:05:12,3,360.445,361.419,316.798,0,0,NNAPI,30.032,SEVERE,yolov8n_640_5-class_03-29-2026_saved_model/yolov8n_640_5-class_03-29-2026_float32.tflite,GPU_SUPPORTED
2026-04-01 22:05:13,3,383.604,363.932,377.093,0,0,NNAPI,30.000,SEVERE,yolov8n_640_5-class_03-29-2026_saved_model/yolov8n_640_5-class_03-29-2026_float32.tflite,GPU_SUPPORTED
2026-04-01 22:05:14,2,362.095,359.929,319.725,0,0,NNAPI,16.609,SEVERE,yolov8n_640_5-class_03-29-2026_saved_model/yolov8n_640_5-class_03-29-2026_float32.tflite,GPU_SUPPORTED
2026-04-01 22:05:15,3,346.868,341.844,301.955,0,0,NNAPI,16.637,SEVERE,yolov8n_640_5-class_03-29-2026_saved_model/yolov8n_640_5-class_03-29-2026_float32.tflite,GPU_SUPPORTED
2026-04-01 22:05:16,3,380.571,347.738,392.551,0,0,NNAPI,31.610,SEVERE,yolov8n_640_5-class_03-29-2026_saved_model/yolov8n_640_5-class_03-29-2026_float32.tflite,GPU_SUPPORTED
2026-04-01 22:05:17,3,361.351,360.385,322.389,0,0,NNAPI,12.976,SEVERE,yolov8n_640_5-class_03-29-2026_saved_model/yolov8n_640_5-class_03-29-2026_float32.tflite,GPU_SUPPORTED
2026-04-01 22:05:18,2,357.351,356.158,317.706,0,0,NNAPI,30.067,SEVERE,yolov8n_640_5-class_03-29-2026_saved_model/yolov8n_640_5-class_03-29-2026_float32.tflite,GPU_SUPPORTED
2026-04-01 22:05:19,3,363.341,361.729,316.713,0,0,NNAPI,30.032,SEVERE,yolov8n_640_5-class_03-29-2026_saved_model/yolov8n_640_5-class_03-29-2026_float32.tflite,GPU_SUPPORTED
2026-04-01 22:05:20,3,362.479,360.384,326.799,0,0,NNAPI,30.035,SEVERE,yolov8n_640_5-class_03-29-2026_saved_model/yolov8n_640_5-class_03-29-2026_float32.tflite,GPU_SUPPORTED
2026-04-01 22:05:21,3,362.853,362.621,320.489,0,1,NNAPI,30.031,SEVERE,yolov8n_640_5-class_03-29-2026_saved_model/yolov8n_640_5-class_03-29-2026_float32.tflite,GPU_SUPPORTED
2026-04-01 22:05:22,2,363.876,363.155,321.318,0,0,NNAPI,16.641,SEVERE,yolov8n_640_5-class_03-29-2026_saved_model/yolov8n_640_5-class_03-29-2026_float32.tflite,GPU_SUPPORTED
2026-04-01 22:05:23,3,361.332,362.140,319.955,0,0,NNAPI,16.605,SEVERE,yolov8n_640_5-class_03-29-2026_saved_model/yolov8n_640_5-class_03-29-2026_float32.tflite,GPU_SUPPORTED
2026-04-01 22:05:24,3,364.101,364.137,318.793,0,0,NNAPI,31.617,SEVERE,yolov8n_640_5-class_03-29-2026_saved_model/yolov8n_640_5-class_03-29-2026_float32.tflite,GPU_SUPPORTED
2026-04-01 22:05:25,3,369.260,369.166,328.907,0,0,NNAPI,13.043,SEVERE,yolov8n_640_5-class_03-29-2026_saved_model/yolov8n_640_5-class_03-29-2026_float32.tflite,GPU_SUPPORTED
2026-04-01 22:05:26,2,363.767,362.713,322.412,0,0,NNAPI,30.004,SEVERE,yolov8n_640_5-class_03-29-2026_saved_model/yolov8n_640_5-class_03-29-2026_float32.tflite,GPU_SUPPORTED
2026-04-01 22:05:27,3,360.754,361.281,320.398,0,0,NNAPI,30.032,SEVERE,yolov8n_640_5-class_03-29-2026_saved_model/yolov8n_640_5-class_03-29-2026_float32.tflite,GPU_SUPPORTED
2026-04-01 22:05:28,3,360.055,362.670,321.009,0,0,NNAPI,30.004,SEVERE,yolov8n_640_5-class_03-29-2026_saved_model/yolov8n_640_5-class_03-29-2026_float32.tflite,GPU_SUPPORTED
2026-04-01 22:05:29,3,364.528,365.597,320.853,0,0,NNAPI,30.035,SEVERE,yolov8n_640_5-class_03-29-2026_saved_model/yolov8n_640_5-class_03-29-2026_float32.tflite,GPU_SUPPORTED
2026-04-01 22:05:30,2,361.616,360.548,321.034,0,0,NNAPI,16.609,SEVERE,yolov8n_640_5-class_03-29-2026_saved_model/yolov8n_640_5-class_03-29-2026_float32.tflite,GPU_SUPPORTED
2026-04-01 22:05:31,3,362.752,363.317,323.206,0,0,NNAPI,16.609,SEVERE,yolov8n_640_5-class_03-29-2026_saved_model/yolov8n_640_5-class_03-29-2026_float32.tflite,GPU_SUPPORTED
2026-04-01 22:05:32,3,360.680,361.864,321.937,0,0,NNAPI,16.641,SEVERE,yolov8n_640_5-class_03-29-2026_saved_model/yolov8n_640_5-class_03-29-2026_float32.tflite,GPU_SUPPORTED
2026-04-01 22:05:33,3,359.196,356.773,312.677,0,0,NNAPI,16.551,SEVERE,yolov8n_640_5-class_03-29-2026_saved_model/yolov8n_640_5-class_03-29-2026_float32.tflite,GPU_SUPPORTED
2026-04-01 22:05:34,3,363.846,364.959,325.331,0,0,NNAPI,13.555,SEVERE,yolov8n_640_5-class_03-29-2026_saved_model/yolov8n_640_5-class_03-29-2026_float32.tflite,GPU_SUPPORTED
2026-04-01 22:05:35,2,362.248,361.435,322.349,0,0,NNAPI,13.102,SEVERE,yolov8n_640_5-class_03-29-2026_saved_model/yolov8n_640_5-class_03-29-2026_float32.tflite,GPU_SUPPORTED
2026-04-01 22:05:36,3,360.771,360.512,324.696,0,0,NNAPI,13.172,SEVERE,yolov8n_640_5-class_03-29-2026_saved_model/yolov8n_640_5-class_03-29-2026_float32.tflite,GPU_SUPPORTED
2026-04-01 22:05:37,3,363.593,366.525,324.141,0,0,NNAPI,13.531,SEVERE,yolov8n_640_5-class_03-29-2026_saved_model/yolov8n_640_5-class_03-29-2026_float32.tflite,GPU_SUPPORTED
2026-04-01 22:05:38,3,363.333,363.631,325.936,0,0,NNAPI,38.676,SEVERE,yolov8n_640_5-class_03-29-2026_saved_model/yolov8n_640_5-class_03-29-2026_float32.tflite,GPU_SUPPORTED
2026-04-01 22:05:39,2,362.316,359.617,319.461,0,0,NNAPI,30.036,SEVERE,yolov8n_640_5-class_03-29-2026_saved_model/yolov8n_640_5-class_03-29-2026_float32.tflite,GPU_SUPPORTED
2026-04-01 22:05:40,3,362.883,362.919,316.486,0,0,NNAPI,30.035,SEVERE,yolov8n_640_5-class_03-29-2026_saved_model/yolov8n_640_5-class_03-29-2026_float32.tflite,GPU_SUPPORTED
2026-04-01 22:05:41,3,361.864,361.818,319.832,0,1,NNAPI,30.067,SEVERE,yolov8n_640_5-class_03-29-2026_saved_model/yolov8n_640_5-class_03-29-2026_float32.tflite,GPU_SUPPORTED
2026-04-01 22:05:42,3,364.718,364.428,323.935,0,0,NNAPI,25.344,SEVERE,yolov8n_640_5-class_03-29-2026_saved_model/yolov8n_640_5-class_03-29-2026_float32.tflite,GPU_SUPPORTED
2026-04-01 22:05:43,2,358.997,358.618,320.378,0,0,NNAPI,31.219,SEVERE,yolov8n_640_5-class_03-29-2026_saved_model/yolov8n_640_5-class_03-29-2026_float32.tflite,GPU_SUPPORTED
2026-04-01 22:05:44,3,362.236,362.111,318.621,0,0,NNAPI,30.035,SEVERE,yolov8n_640_5-class_03-29-2026_saved_model/yolov8n_640_5-class_03-29-2026_float32.tflite,GPU_SUPPORTED
2026-04-01 22:05:45,3,361.963,361.264,320.247,0,0,NNAPI,30.000,SEVERE,yolov8n_640_5-class_03-29-2026_saved_model/yolov8n_640_5-class_03-29-2026_float32.tflite,GPU_SUPPORTED
2026-04-01 22:05:46,3,362.136,362.409,320.581,0,0,NNAPI,30.031,SEVERE,yolov8n_640_5-class_03-29-2026_saved_model/yolov8n_640_5-class_03-29-2026_float32.tflite,GPU_SUPPORTED
2026-04-01 22:05:47,2,362.514,362.038,320.883,0,0,NNAPI,16.609,SEVERE,yolov8n_640_5-class_03-29-2026_saved_model/yolov8n_640_5-class_03-29-2026_float32.tflite,GPU_SUPPORTED
2026-04-01 22:05:48,3,361.754,361.439,321.688,0,0,NNAPI,16.605,SEVERE,yolov8n_640_5-class_03-29-2026_saved_model/yolov8n_640_5-class_03-29-2026_float32.tflite,GPU_SUPPORTED
2026-04-01 22:05:49,3,362.194,362.471,321.018,0,1,NNAPI,16.605,SEVERE,yolov8n_640_5-class_03-29-2026_saved_model/yolov8n_640_5-class_03-29-2026_float32.tflite,GPU_SUPPORTED
2026-04-01 22:05:50,3,366.139,366.394,322.304,0,0,NNAPI,26.887,SEVERE,yolov8n_640_5-class_03-29-2026_saved_model/yolov8n_640_5-class_03-29-2026_float32.tflite,GPU_SUPPORTED
2026-04-01 22:05:51,2,362.234,359.995,322.801,0,0,NNAPI,13.531,SEVERE,yolov8n_640_5-class_03-29-2026_saved_model/yolov8n_640_5-class_03-29-2026_float32.tflite,GPU_SUPPORTED
2026-04-01 22:05:52,3,363.572,365.297,323.996,0,0,NNAPI,13.172,SEVERE,yolov8n_640_5-class_03-29-2026_saved_model/yolov8n_640_5-class_03-29-2026_float32.tflite,GPU_SUPPORTED
2026-04-01 22:05:53,3,361.929,360.548,324.375,0,0,NNAPI,13.133,SEVERE,yolov8n_640_5-class_03-29-2026_saved_model/yolov8n_640_5-class_03-29-2026_float32.tflite,GPU_SUPPORTED
2026-04-01 22:05:54,3,363.357,364.356,324.146,0,0,NNAPI,13.496,SEVERE,yolov8n_640_5-class_03-29-2026_saved_model/yolov8n_640_5-class_03-29-2026_float32.tflite,GPU_SUPPORTED
2026-04-01 22:05:55,2,360.368,358.834,318.703,0,1,NNAPI,30.036,SEVERE,yolov8n_640_5-class_03-29-2026_saved_model/yolov8n_640_5-class_03-29-2026_float32.tflite,GPU_SUPPORTED
2026-04-01 22:05:56,3,351.772,352.035,299.940,0,1,NNAPI,30.004,SEVERE,yolov8n_640_5-class_03-29-2026_saved_model/yolov8n_640_5-class_03-29-2026_float32.tflite,GPU_SUPPORTED
2026-04-01 22:05:57,3,355.010,356.185,318.089,0,0,NNAPI,30.032,SEVERE,yolov8n_640_5-class_03-29-2026_saved_model/yolov8n_640_5-class_03-29-2026_float32.tflite,GPU_SUPPORTED
2026-04-01 22:05:58,3,362.253,362.434,322.004,0,0,NNAPI,30.035,SEVERE,yolov8n_640_5-class_03-29-2026_saved_model/yolov8n_640_5-class_03-29-2026_float32.tflite,GPU_SUPPORTED
2026-04-01 22:05:59,3,362.256,360.293,320.261,0,0,NNAPI,30.004,SEVERE,yolov8n_640_5-class_03-29-2026_saved_model/yolov8n_640_5-class_03-29-2026_float32.tflite,GPU_SUPPORTED
2026-04-01 22:06:00,2,362.470,358.848,318.268,0,0,NNAPI,16.613,SEVERE,yolov8n_640_5-class_03-29-2026_saved_model/yolov8n_640_5-class_03-29-2026_float32.tflite,GPU_SUPPORTED
