timestamp,analysis_fps,avg_analyze_ms,p95_analyze_ms,last_inference_ms,dropped_frames,queue_depth,delegate_mode,ram_mb,thermal_status,model_used,gpu_status
2026-04-01 18:36:10,0,0.000,0.000,0.000,0,0,CPU,0.000,UNKNOWN,yolov8n_saved_model/yolov8n_float16.tflite,GPU_SUPPORTED
2026-04-01 18:36:11,0,0.000,0.000,0.000,0,0,CPU,9.356,NONE,yolov8n_saved_model/yolov8n_float16.tflite,GPU_SUPPORTED
2026-04-01 18:36:12,0,0.000,0.000,0.000,0,0,CPU,9.482,NONE,yolov8n_saved_model/yolov8n_float16.tflite,GPU_SUPPORTED
2026-04-01 18:36:15,0,0.000,0.000,0.000,0,0,CPU,9.544,NONE,yolov8n_saved_model/yolov8n_float16.tflite,GPU_SUPPORTED
2026-04-01 18:36:44,0,0.000,0.000,0.000,0,0,CPU,4.191,NONE,yolov8n_saved_model/yolov8n_float16.tflite,GPU_SUPPORTED
2026-04-01 18:36:49,0,0.000,0.000,0.000,0,0,CPU,4.409,NONE,yolov8n_saved_model/yolov8n_float16.tflite,GPU_SUPPORTED
2026-04-01 18:36:50,0,0.000,0.000,0.000,0,0,CPU,5.585,NONE,yolov8n_saved_model/yolov8n_float16.tflite,GPU_SUPPORTED
2026-04-01 18:36:51,0,0.000,0.000,0.000,0,0,CPU,7.493,NONE,yolov8n_saved_model/yolov8n_float16.tflite,GPU_SUPPORTED
2026-04-01 18:36:52,0,0.000,0.000,0.000,0,0,CPU,7.744,NONE,yolov8n_saved_model/yolov8n_float16.tflite,GPU_SUPPORTED
2026-04-01 18:36:53,0,0.000,0.000,0.000,0,0,CPU,8.288,NONE,yolov8n_saved_model/yolov8n_float16.tflite,GPU_SUPPORTED
2026-04-01 18:36:54,0,0.000,0.000,0.000,0,0,CPU,5.820,NONE,yolov8n_saved_model/yolov8n_float16.tflite,GPU_SUPPORTED
2026-04-01 18:36:55,0,0.000,0.000,0.000,0,0,GPU,8.993,NONE,yolov8n_saved_model/yolov8n_float16.tflite,GPU_SUPPORTED
2026-04-01 18:36:56,0,0.000,0.000,0.000,0,0,GPU,9.432,NONE,yolov8n_saved_model/yolov8n_float16.tflite,GPU_SUPPORTED
2026-04-01 18:36:57,0,0.000,0.000,0.000,0,0,GPU,9.839,NONE,yolov8n_saved_model/yolov8n_float16.tflite,GPU_SUPPORTED
2026-04-01 18:36:58,0,0.000,0.000,0.000,0,0,GPU,10.344,NONE,yolov8n_640_5-class_03-29-2026_saved_model/yolov8n_640_5-class_03-29-2026_float16.tflite,GPU_SUPPORTED
2026-04-01 18:36:59,0,0.000,0.000,0.000,0,0,GPU,8.656,NONE,yolov8n_640_5-class_03-29-2026_saved_model/yolov8n_640_5-class_03-29-2026_float16.tflite,GPU_SUPPORTED
2026-04-01 18:37:00,12,171.314,71.283,23.736,0,0,GPU,27.941,NONE,yolov8n_640_5-class_03-29-2026_saved_model/yolov8n_640_5-class_03-29-2026_float16.tflite,GPU_SUPPORTED
2026-04-01 18:37:01,18,55.287,65.883,23.708,0,0,GPU,30.945,NONE,yolov8n_640_5-class_03-29-2026_saved_model/yolov8n_640_5-class_03-29-2026_float16.tflite,GPU_SUPPORTED
2026-04-01 18:37:02,19,52.121,63.340,22.824,0,0,GPU,33.746,NONE,yolov8n_640_5-class_03-29-2026_saved_model/yolov8n_640_5-class_03-29-2026_float16.tflite,GPU_SUPPORTED
2026-04-01 18:37:03,18,52.678,61.313,23.001,0,0,GPU,25.172,NONE,yolov8n_640_5-class_03-29-2026_saved_model/yolov8n_640_5-class_03-29-2026_float16.tflite,GPU_SUPPORTED
2026-04-01 18:37:04,16,59.612,70.062,22.850,0,0,GPU,12.859,NONE,yolov8n_640_5-class_03-29-2026_saved_model/yolov8n_640_5-class_03-29-2026_float16.tflite,GPU_SUPPORTED
2026-04-01 18:37:05,17,57.974,66.218,23.505,0,0,GPU,17.945,NONE,yolov8n_640_5-class_03-29-2026_saved_model/yolov8n_640_5-class_03-29-2026_float16.tflite,GPU_SUPPORTED
2026-04-01 18:37:06,18,54.477,61.457,22.808,0,0,GPU,44.433,NONE,yolov8n_640_5-class_03-29-2026_saved_model/yolov8n_640_5-class_03-29-2026_float16.tflite,GPU_SUPPORTED
2026-04-01 18:37:07,18,55.299,63.819,22.812,0,0,GPU,26.343,NONE,yolov8n_640_5-class_03-29-2026_saved_model/yolov8n_640_5-class_03-29-2026_float16.tflite,GPU_SUPPORTED
2026-04-01 18:37:08,16,58.393,70.869,23.424,0,0,GPU,17.523,NONE,yolov8n_640_5-class_03-29-2026_saved_model/yolov8n_640_5-class_03-29-2026_float16.tflite,GPU_SUPPORTED
2026-04-01 18:37:09,17,58.950,76.956,22.779,0,0,GPU,26.257,NONE,yolov8n_640_5-class_03-29-2026_saved_model/yolov8n_640_5-class_03-29-2026_float16.tflite,GPU_SUPPORTED
2026-04-01 18:37:10,20,48.431,60.104,24.927,0,0,GPU,26.257,NONE,yolov8n_640_5-class_03-29-2026_saved_model/yolov8n_640_5-class_03-29-2026_float16.tflite,GPU_SUPPORTED
2026-04-01 18:37:11,20,48.894,58.725,23.431,0,0,GPU,41.320,NONE,yolov8n_640_5-class_03-29-2026_saved_model/yolov8n_640_5-class_03-29-2026_float16.tflite,GPU_SUPPORTED
2026-04-01 18:37:12,19,51.993,61.851,22.617,0,0,GPU,31.465,NONE,yolov8n_640_5-class_03-29-2026_saved_model/yolov8n_640_5-class_03-29-2026_float16.tflite,GPU_SUPPORTED
2026-04-01 18:37:13,19,50.602,58.469,23.677,0,1,GPU,29.804,NONE,yolov8n_640_5-class_03-29-2026_saved_model/yolov8n_640_5-class_03-29-2026_float16.tflite,GPU_SUPPORTED
2026-04-01 18:37:14,18,53.753,60.977,22.533,0,0,GPU,39.722,NONE,yolov8n_640_5-class_03-29-2026_saved_model/yolov8n_640_5-class_03-29-2026_float16.tflite,GPU_SUPPORTED
2026-04-01 18:37:15,18,52.760,56.055,23.873,0,0,GPU,29.867,NONE,yolov8n_640_5-class_03-29-2026_saved_model/yolov8n_640_5-class_03-29-2026_float16.tflite,GPU_SUPPORTED
2026-04-01 18:37:16,19,52.036,59.592,23.317,0,0,GPU,31.011,NONE,yolov8n_640_5-class_03-29-2026_saved_model/yolov8n_640_5-class_03-29-2026_float16.tflite,GPU_SUPPORTED
2026-04-01 18:37:17,18,55.221,69.082,24.849,0,0,GPU,16.441,NONE,yolov8n_640_5-class_03-29-2026_saved_model/yolov8n_640_5-class_03-29-2026_float16.tflite,GPU_SUPPORTED
2026-04-01 18:37:18,18,53.443,59.442,24.286,0,0,GPU,25.113,NONE,yolov8n_640_5-class_03-29-2026_saved_model/yolov8n_640_5-class_03-29-2026_float16.tflite,GPU_SUPPORTED
2026-04-01 18:37:19,18,54.933,63.477,23.046,0,0,GPU,31.078,NONE,yolov8n_640_5-class_03-29-2026_saved_model/yolov8n_640_5-class_03-29-2026_float16.tflite,GPU_SUPPORTED
2026-04-01 18:37:20,17,54.953,69.196,24.177,0,0,GPU,32.613,NONE,yolov8n_640_5-class_03-29-2026_saved_model/yolov8n_640_5-class_03-29-2026_float16.tflite,GPU_SUPPORTED
2026-04-01 18:37:21,18,55.881,65.783,23.507,0,0,GPU,18.070,NONE,yolov8n_640_5-class_03-29-2026_saved_model/yolov8n_640_5-class_03-29-2026_float16.tflite,GPU_SUPPORTED
2026-04-01 18:37:22,18,54.359,60.891,24.245,0,0,GPU,20.394,NONE,yolov8n_640_5-class_03-29-2026_saved_model/yolov8n_640_5-class_03-29-2026_float16.tflite,GPU_SUPPORTED
2026-04-01 18:37:23,18,53.908,61.108,25.391,0,1,GPU,14.523,NONE,yolov8n_640_5-class_03-29-2026_saved_model/yolov8n_640_5-class_03-29-2026_float16.tflite,GPU_SUPPORTED
2026-04-01 18:37:24,18,53.268,63.332,24.543,0,0,GPU,29.804,NONE,yolov8n_640_5-class_03-29-2026_saved_model/yolov8n_640_5-class_03-29-2026_float16.tflite,GPU_SUPPORTED
2026-04-01 18:37:25,17,56.976,63.794,25.103,0,1,GPU,26.355,NONE,yolov8n_640_5-class_03-29-2026_saved_model/yolov8n_640_5-class_03-29-2026_float16.tflite,GPU_SUPPORTED
2026-04-01 18:37:26,17,56.198,63.136,22.508,0,1,GPU,17.429,NONE,yolov8n_640_5-class_03-29-2026_saved_model/yolov8n_640_5-class_03-29-2026_float16.tflite,GPU_SUPPORTED
2026-04-01 18:37:27,17,56.066,63.646,22.548,0,0,GPU,17.824,NONE,yolov8n_640_5-class_03-29-2026_saved_model/yolov8n_640_5-class_03-29-2026_float16.tflite,GPU_SUPPORTED
2026-04-01 18:37:28,18,54.703,63.460,23.705,0,0,GPU,17.492,NONE,yolov8n_640_5-class_03-29-2026_saved_model/yolov8n_640_5-class_03-29-2026_float16.tflite,GPU_SUPPORTED
2026-04-01 18:37:29,18,56.177,64.792,23.533,0,0,GPU,12.960,NONE,yolov8n_640_5-class_03-29-2026_saved_model/yolov8n_640_5-class_03-29-2026_float16.tflite,GPU_SUPPORTED
2026-04-01 18:37:30,17,54.221,63.064,25.335,0,0,GPU,16.253,NONE,yolov8n_640_5-class_03-29-2026_saved_model/yolov8n_640_5-class_03-29-2026_float16.tflite,GPU_SUPPORTED
2026-04-01 18:37:31,18,55.936,67.311,22.859,0,0,GPU,44.828,NONE,yolov8n_640_5-class_03-29-2026_saved_model/yolov8n_640_5-class_03-29-2026_float16.tflite,GPU_SUPPORTED
2026-04-01 18:37:32,18,54.314,63.192,22.522,0,0,GPU,26.746,NONE,yolov8n_640_5-class_03-29-2026_saved_model/yolov8n_640_5-class_03-29-2026_float16.tflite,GPU_SUPPORTED
2026-04-01 18:37:33,18,53.081,62.014,24.208,0,0,GPU,31.445,NONE,yolov8n_640_5-class_03-29-2026_saved_model/yolov8n_640_5-class_03-29-2026_float16.tflite,GPU_SUPPORTED
2026-04-01 18:37:34,18,56.311,65.036,23.181,0,0,GPU,17.652,NONE,yolov8n_640_5-class_03-29-2026_saved_model/yolov8n_640_5-class_03-29-2026_float16.tflite,GPU_SUPPORTED
2026-04-01 18:37:35,18,52.971,60.461,24.024,0,0,GPU,40.109,NONE,yolov8n_640_5-class_03-29-2026_saved_model/yolov8n_640_5-class_03-29-2026_float16.tflite,GPU_SUPPORTED
2026-04-01 18:37:36,18,55.268,70.641,23.164,0,1,GPU,31.047,NONE,yolov8n_640_5-class_03-29-2026_saved_model/yolov8n_640_5-class_03-29-2026_float16.tflite,GPU_SUPPORTED
2026-04-01 18:37:37,18,54.141,65.098,21.976,0,0,GPU,31.047,NONE,yolov8n_640_5-class_03-29-2026_saved_model/yolov8n_640_5-class_03-29-2026_float16.tflite,GPU_SUPPORTED
2026-04-01 18:37:38,17,56.875,68.368,24.500,0,0,GPU,32.675,NONE,yolov8n_640_5-class_03-29-2026_saved_model/yolov8n_640_5-class_03-29-2026_float16.tflite,GPU_SUPPORTED
2026-04-01 18:37:39,17,56.567,62.608,23.243,0,0,GPU,40.078,NONE,yolov8n_640_5-class_03-29-2026_saved_model/yolov8n_640_5-class_03-29-2026_float16.tflite,GPU_SUPPORTED
2026-04-01 18:37:40,19,51.397,61.952,22.724,0,0,GPU,32.644,NONE,yolov8n_640_5-class_03-29-2026_saved_model/yolov8n_640_5-class_03-29-2026_float16.tflite,GPU_SUPPORTED
2026-04-01 18:37:41,17,57.590,64.752,23.455,0,0,GPU,25.148,NONE,yolov8n_640_5-class_03-29-2026_saved_model/yolov8n_640_5-class_03-29-2026_float16.tflite,GPU_SUPPORTED
2026-04-01 18:37:42,17,55.326,63.207,24.880,0,0,GPU,31.047,NONE,yolov8n_640_5-class_03-29-2026_saved_model/yolov8n_640_5-class_03-29-2026_float16.tflite,GPU_SUPPORTED
2026-04-01 18:37:43,17,58.563,67.189,22.367,0,0,GPU,33.097,NONE,yolov8n_640_5-class_03-29-2026_saved_model/yolov8n_640_5-class_03-29-2026_float16.tflite,GPU_SUPPORTED
2026-04-01 18:37:44,17,56.957,65.853,22.251,0,0,GPU,40.078,NONE,yolov8n_640_5-class_03-29-2026_saved_model/yolov8n_640_5-class_03-29-2026_float16.tflite,GPU_SUPPORTED
2026-04-01 18:37:45,17,56.614,66.536,21.714,0,1,GPU,13.132,NONE,yolov8n_640_5-class_03-29-2026_saved_model/yolov8n_640_5-class_03-29-2026_float16.tflite,GPU_SUPPORTED
2026-04-01 18:37:46,17,57.085,66.124,22.864,0,1,GPU,12.773,NONE,yolov8n_640_5-class_03-29-2026_saved_model/yolov8n_640_5-class_03-29-2026_float16.tflite,GPU_SUPPORTED
2026-04-01 18:37:47,18,54.186,65.408,24.879,0,0,GPU,31.437,NONE,yolov8n_640_5-class_03-29-2026_saved_model/yolov8n_640_5-class_03-29-2026_float16.tflite,GPU_SUPPORTED
2026-04-01 18:37:48,18,55.506,68.251,22.194,0,0,GPU,32.644,NONE,yolov8n_640_5-class_03-29-2026_saved_model/yolov8n_640_5-class_03-29-2026_float16.tflite,GPU_SUPPORTED
2026-04-01 18:37:49,17,57.627,65.114,21.840,0,1,GPU,19.250,NONE,yolov8n_640_5-class_03-29-2026_saved_model/yolov8n_640_5-class_03-29-2026_float16.tflite,GPU_SUPPORTED
2026-04-01 18:37:50,17,56.029,68.386,22.510,0,1,GPU,29.839,NONE,yolov8n_640_5-class_03-29-2026_saved_model/yolov8n_640_5-class_03-29-2026_float16.tflite,GPU_SUPPORTED
2026-04-01 18:37:51,19,52.020,62.652,21.984,0,0,GPU,17.621,NONE,yolov8n_640_5-class_03-29-2026_saved_model/yolov8n_640_5-class_03-29-2026_float16.tflite,GPU_SUPPORTED
2026-04-01 18:37:52,17,54.833,65.606,23.015,0,0,GPU,29.871,NONE,yolov8n_640_5-class_03-29-2026_saved_model/yolov8n_640_5-class_03-29-2026_float16.tflite,GPU_SUPPORTED
2026-04-01 18:37:53,18,53.954,66.147,22.219,0,1,GPU,17.464,NONE,yolov8n_640_5-class_03-29-2026_saved_model/yolov8n_640_5-class_03-29-2026_float16.tflite,GPU_SUPPORTED
2026-04-01 18:37:54,18,53.338,64.711,22.367,0,0,GPU,13.195,NONE,yolov8n_640_5-class_03-29-2026_saved_model/yolov8n_640_5-class_03-29-2026_float16.tflite,GPU_SUPPORTED
2026-04-01 18:37:55,18,55.325,65.314,23.105,0,0,GPU,39.656,NONE,yolov8n_640_5-class_03-29-2026_saved_model/yolov8n_640_5-class_03-29-2026_float16.tflite,GPU_SUPPORTED
2026-04-01 18:37:56,17,56.650,68.570,23.575,0,0,GPU,17.886,NONE,yolov8n_640_5-class_03-29-2026_saved_model/yolov8n_640_5-class_03-29-2026_float16.tflite,GPU_SUPPORTED
2026-04-01 18:37:57,18,53.126,64.034,24.067,0,0,GPU,18.043,NONE,yolov8n_640_5-class_03-29-2026_saved_model/yolov8n_640_5-class_03-29-2026_float16.tflite,GPU_SUPPORTED
2026-04-01 18:37:58,18,56.325,63.706,21.888,0,1,GPU,29.871,NONE,yolov8n_640_5-class_03-29-2026_saved_model/yolov8n_640_5-class_03-29-2026_float16.tflite,GPU_SUPPORTED
2026-04-01 18:37:59,17,54.744,65.295,23.412,0,0,GPU,16.289,NONE,yolov8n_640_5-class_03-29-2026_saved_model/yolov8n_640_5-class_03-29-2026_float16.tflite,GPU_SUPPORTED
2026-04-01 18:38:00,17,56.651,69.384,26.516,0,0,GPU,31.468,NONE,yolov8n_640_5-class_03-29-2026_saved_model/yolov8n_640_5-class_03-29-2026_float16.tflite,GPU_SUPPORTED
2026-04-01 18:38:01,18,56.364,65.039,24.106,0,0,GPU,32.644,NONE,yolov8n_640_5-class_03-29-2026_saved_model/yolov8n_640_5-class_03-29-2026_float16.tflite,GPU_SUPPORTED
2026-04-01 18:38:02,17,56.976,65.215,23.025,0,0,GPU,26.715,NONE,yolov8n_640_5-class_03-29-2026_saved_model/yolov8n_640_5-class_03-29-2026_float16.tflite,GPU_SUPPORTED
2026-04-01 18:38:03,18,53.669,61.837,23.367,0,0,GPU,31.015,NONE,yolov8n_640_5-class_03-29-2026_saved_model/yolov8n_640_5-class_03-29-2026_float16.tflite,GPU_SUPPORTED
2026-04-01 18:38:04,18,53.737,62.458,21.623,0,0,GPU,26.355,NONE,yolov8n_640_5-class_03-29-2026_saved_model/yolov8n_640_5-class_03-29-2026_float16.tflite,GPU_SUPPORTED
2026-04-01 18:38:05,19,52.990,61.704,22.624,0,1,GPU,29.902,NONE,yolov8n_640_5-class_03-29-2026_saved_model/yolov8n_640_5-class_03-29-2026_float16.tflite,GPU_SUPPORTED
2026-04-01 18:38:06,18,53.673,60.326,22.969,0,0,GPU,31.472,NONE,yolov8n_640_5-class_03-29-2026_saved_model/yolov8n_640_5-class_03-29-2026_float16.tflite,GPU_SUPPORTED
2026-04-01 18:38:07,18,53.628,60.176,21.964,0,0,GPU,32.644,NONE,yolov8n_640_5-class_03-29-2026_saved_model/yolov8n_640_5-class_03-29-2026_float16.tflite,GPU_SUPPORTED
2026-04-01 18:38:08,18,54.685,61.830,22.633,0,0,GPU,21.964,NONE,yolov8n_640_5-class_03-29-2026_saved_model/yolov8n_640_5-class_03-29-2026_float16.tflite,GPU_SUPPORTED
2026-04-01 18:38:09,18,52.605,60.345,22.341,0,0,GPU,44.808,NONE,yolov8n_640_5-class_03-29-2026_saved_model/yolov8n_640_5-class_03-29-2026_float16.tflite,GPU_SUPPORTED
2026-04-01 18:38:10,18,52.302,56.440,22.726,0,0,GPU,17.468,NONE,yolov8n_640_5-class_03-29-2026_saved_model/yolov8n_640_5-class_03-29-2026_float16.tflite,GPU_SUPPORTED
2026-04-01 18:38:11,17,57.087,63.563,22.536,0,0,GPU,31.051,NONE,yolov8n_640_5-class_03-29-2026_saved_model/yolov8n_640_5-class_03-29-2026_float16.tflite,GPU_SUPPORTED
2026-04-01 18:38:12,18,54.515,68.471,22.924,0,0,GPU,31.050,NONE,yolov8n_640_5-class_03-29-2026_saved_model/yolov8n_640_5-class_03-29-2026_float16.tflite,GPU_SUPPORTED
2026-04-01 18:38:13,18,54.645,65.145,24.147,0,0,GPU,26.363,NONE,yolov8n_640_5-class_03-29-2026_saved_model/yolov8n_640_5-class_03-29-2026_float16.tflite,GPU_SUPPORTED
2026-04-01 18:38:14,18,53.924,60.467,22.725,0,0,GPU,31.050,NONE,yolov8n_640_5-class_03-29-2026_saved_model/yolov8n_640_5-class_03-29-2026_float16.tflite,GPU_SUPPORTED
2026-04-01 18:38:15,18,53.761,69.319,23.437,0,0,GPU,26.390,NONE,yolov8n_640_5-class_03-29-2026_saved_model/yolov8n_640_5-class_03-29-2026_float16.tflite,GPU_SUPPORTED
2026-04-01 18:38:16,19,52.761,61.217,23.057,0,0,GPU,33.824,NONE,yolov8n_640_5-class_03-29-2026_saved_model/yolov8n_640_5-class_03-29-2026_float16.tflite,GPU_SUPPORTED
2026-04-01 18:38:17,17,55.684,67.548,23.298,0,1,GPU,16.261,NONE,yolov8n_640_5-class_03-29-2026_saved_model/yolov8n_640_5-class_03-29-2026_float16.tflite,GPU_SUPPORTED
2026-04-01 18:38:18,18,54.734,61.247,22.483,0,0,GPU,31.410,NONE,yolov8n_640_5-class_03-29-2026_saved_model/yolov8n_640_5-class_03-29-2026_float16.tflite,GPU_SUPPORTED
2026-04-01 18:38:19,18,54.138,64.022,23.722,0,0,GPU,31.019,NONE,yolov8n_640_5-class_03-29-2026_saved_model/yolov8n_640_5-class_03-29-2026_float16.tflite,GPU_SUPPORTED
2026-04-01 18:38:20,18,53.784,61.055,22.051,0,0,GPU,17.562,NONE,yolov8n_640_5-class_03-29-2026_saved_model/yolov8n_640_5-class_03-29-2026_float16.tflite,GPU_SUPPORTED
2026-04-01 18:38:21,18,55.544,64.329,22.738,0,0,GPU,39.691,NONE,yolov8n_640_5-class_03-29-2026_saved_model/yolov8n_640_5-class_03-29-2026_float16.tflite,GPU_SUPPORTED
2026-04-01 18:38:22,18,53.790,64.112,23.359,0,0,GPU,39.691,NONE,yolov8n_640_5-class_03-29-2026_saved_model/yolov8n_640_5-class_03-29-2026_float16.tflite,GPU_SUPPORTED
2026-04-01 18:38:23,18,54.641,63.986,24.042,0,0,GPU,39.730,NONE,yolov8n_640_5-class_03-29-2026_saved_model/yolov8n_640_5-class_03-29-2026_float16.tflite,GPU_SUPPORTED
2026-04-01 18:38:24,18,53.162,62.381,22.553,0,0,GPU,13.136,NONE,yolov8n_640_5-class_03-29-2026_saved_model/yolov8n_640_5-class_03-29-2026_float16.tflite,GPU_SUPPORTED
2026-04-01 18:38:25,19,50.746,54.460,22.384,0,0,GPU,44.414,NONE,yolov8n_640_5-class_03-29-2026_saved_model/yolov8n_640_5-class_03-29-2026_float16.tflite,GPU_SUPPORTED
2026-04-01 18:38:26,18,54.939,62.609,23.077,0,0,GPU,31.019,NONE,yolov8n_640_5-class_03-29-2026_saved_model/yolov8n_640_5-class_03-29-2026_float16.tflite,GPU_SUPPORTED
2026-04-01 18:38:27,18,53.552,61.813,22.750,0,0,GPU,29.875,NONE,yolov8n_640_5-class_03-29-2026_saved_model/yolov8n_640_5-class_03-29-2026_float16.tflite,GPU_SUPPORTED
2026-04-01 18:38:28,18,54.345,63.845,22.359,0,0,GPU,44.835,NONE,yolov8n_640_5-class_03-29-2026_saved_model/yolov8n_640_5-class_03-29-2026_float16.tflite,GPU_SUPPORTED
2026-04-01 18:38:29,18,54.069,64.235,21.880,0,0,GPU,31.050,NONE,yolov8n_640_5-class_03-29-2026_saved_model/yolov8n_640_5-class_03-29-2026_float16.tflite,GPU_SUPPORTED
2026-04-01 18:38:30,17,57.994,65.073,23.288,0,0,GPU,40.082,NONE,yolov8n_640_5-class_03-29-2026_saved_model/yolov8n_640_5-class_03-29-2026_float16.tflite,GPU_SUPPORTED
2026-04-01 18:38:31,18,55.716,63.489,27.079,0,0,GPU,16.293,NONE,yolov8n_640_5-class_03-29-2026_saved_model/yolov8n_640_5-class_03-29-2026_float16.tflite,GPU_SUPPORTED
2026-04-01 18:38:32,17,57.261,64.539,23.145,0,0,GPU,16.355,NONE,yolov8n_640_5-class_03-29-2026_saved_model/yolov8n_640_5-class_03-29-2026_float16.tflite,GPU_SUPPORTED
2026-04-01 18:38:33,17,55.126,61.232,24.937,0,0,GPU,29.781,NONE,yolov8n_640_5-class_03-29-2026_saved_model/yolov8n_640_5-class_03-29-2026_float16.tflite,GPU_SUPPORTED
2026-04-01 18:38:34,19,51.380,60.597,25.092,0,0,GPU,31.086,NONE,yolov8n_640_5-class_03-29-2026_saved_model/yolov8n_640_5-class_03-29-2026_float16.tflite,GPU_SUPPORTED
2026-04-01 18:38:35,19,53.627,67.043,22.083,0,0,GPU,29.875,NONE,yolov8n_640_5-class_03-29-2026_saved_model/yolov8n_640_5-class_03-29-2026_float16.tflite,GPU_SUPPORTED
2026-04-01 18:38:36,18,53.926,61.791,21.753,0,0,GPU,14.562,NONE,yolov8n_640_5-class_03-29-2026_saved_model/yolov8n_640_5-class_03-29-2026_float16.tflite,GPU_SUPPORTED
2026-04-01 18:38:37,18,53.938,59.704,23.699,0,0,GPU,32.679,NONE,yolov8n_640_5-class_03-29-2026_saved_model/yolov8n_640_5-class_03-29-2026_float16.tflite,GPU_SUPPORTED
2026-04-01 18:38:38,18,54.471,63.342,22.573,0,0,GPU,35.394,NONE,yolov8n_640_5-class_03-29-2026_saved_model/yolov8n_640_5-class_03-29-2026_float16.tflite,GPU_SUPPORTED
2026-04-01 18:38:39,17,56.972,68.665,22.099,0,0,GPU,38.515,NONE,yolov8n_640_5-class_03-29-2026_saved_model/yolov8n_640_5-class_03-29-2026_float16.tflite,GPU_SUPPORTED
2026-04-01 18:38:40,17,57.675,64.747,22.388,0,0,GPU,38.547,NONE,yolov8n_640_5-class_03-29-2026_saved_model/yolov8n_640_5-class_03-29-2026_float16.tflite,GPU_SUPPORTED
2026-04-01 18:38:41,18,53.759,60.887,22.961,0,0,GPU,33.824,NONE,yolov8n_640_5-class_03-29-2026_saved_model/yolov8n_640_5-class_03-29-2026_float16.tflite,GPU_SUPPORTED
2026-04-01 18:38:42,17,55.707,65.706,25.454,0,0,GPU,17.894,NONE,yolov8n_640_5-class_03-29-2026_saved_model/yolov8n_640_5-class_03-29-2026_float16.tflite,GPU_SUPPORTED
2026-04-01 18:38:43,18,54.765,61.806,24.288,0,1,GPU,17.472,NONE,yolov8n_640_5-class_03-29-2026_saved_model/yolov8n_640_5-class_03-29-2026_float16.tflite,GPU_SUPPORTED
2026-04-01 18:38:44,18,55.607,61.314,22.524,0,0,GPU,14.531,NONE,yolov8n_640_5-class_03-29-2026_saved_model/yolov8n_640_5-class_03-29-2026_float16.tflite,GPU_SUPPORTED
2026-04-01 18:38:45,18,54.506,65.671,22.220,0,0,GPU,29.937,NONE,yolov8n_640_5-class_03-29-2026_saved_model/yolov8n_640_5-class_03-29-2026_float16.tflite,GPU_SUPPORTED
2026-04-01 18:38:46,17,57.773,65.904,21.909,0,0,GPU,31.051,NONE,yolov8n_640_5-class_03-29-2026_saved_model/yolov8n_640_5-class_03-29-2026_float16.tflite,GPU_SUPPORTED
2026-04-01 18:38:47,17,56.084,67.977,23.468,0,0,GPU,26.750,NONE,yolov8n_640_5-class_03-29-2026_saved_model/yolov8n_640_5-class_03-29-2026_float16.tflite,GPU_SUPPORTED
2026-04-01 18:38:48,16,58.973,65.297,22.629,0,1,GPU,17.625,NONE,yolov8n_640_5-class_03-29-2026_saved_model/yolov8n_640_5-class_03-29-2026_float16.tflite,GPU_SUPPORTED
2026-04-01 18:38:49,17,58.050,67.539,22.848,0,0,GPU,31.480,NONE,yolov8n_640_5-class_03-29-2026_saved_model/yolov8n_640_5-class_03-29-2026_float16.tflite,GPU_SUPPORTED
2026-04-01 18:38:50,17,56.815,61.382,22.188,0,0,GPU,12.875,NONE,yolov8n_640_5-class_03-29-2026_saved_model/yolov8n_640_5-class_03-29-2026_float16.tflite,GPU_SUPPORTED
2026-04-01 18:38:51,18,56.109,61.171,23.060,0,0,GPU,38.515,NONE,yolov8n_640_5-class_03-29-2026_saved_model/yolov8n_640_5-class_03-29-2026_float16.tflite,GPU_SUPPORTED
2026-04-01 18:38:52,17,58.680,65.086,22.930,0,0,GPU,31.019,NONE,yolov8n_640_5-class_03-29-2026_saved_model/yolov8n_640_5-class_03-29-2026_float16.tflite,GPU_SUPPORTED
2026-04-01 18:38:53,17,56.795,64.459,24.368,0,0,GPU,20.492,NONE,yolov8n_640_5-class_03-29-2026_saved_model/yolov8n_640_5-class_03-29-2026_float16.tflite,GPU_SUPPORTED
2026-04-01 18:38:54,17,55.401,63.981,22.845,0,0,GPU,31.445,NONE,yolov8n_640_5-class_03-29-2026_saved_model/yolov8n_640_5-class_03-29-2026_float16.tflite,GPU_SUPPORTED
2026-04-01 18:38:55,18,56.116,66.024,22.387,0,0,GPU,33.836,NONE,yolov8n_640_5-class_03-29-2026_saved_model/yolov8n_640_5-class_03-29-2026_float16.tflite,GPU_SUPPORTED
2026-04-01 18:38:56,17,57.596,64.492,22.658,0,0,GPU,26.363,NONE,yolov8n_640_5-class_03-29-2026_saved_model/yolov8n_640_5-class_03-29-2026_float16.tflite,GPU_SUPPORTED
2026-04-01 18:38:57,17,56.634,61.267,25.654,0,0,GPU,31.019,NONE,yolov8n_640_5-class_03-29-2026_saved_model/yolov8n_640_5-class_03-29-2026_float16.tflite,GPU_SUPPORTED
2026-04-01 18:38:58,17,58.829,64.984,22.430,0,0,GPU,32.679,NONE,yolov8n_640_5-class_03-29-2026_saved_model/yolov8n_640_5-class_03-29-2026_float16.tflite,GPU_SUPPORTED
2026-04-01 18:38:59,17,56.460,66.868,22.810,0,0,GPU,43.269,NONE,yolov8n_640_5-class_03-29-2026_saved_model/yolov8n_640_5-class_03-29-2026_float16.tflite,GPU_SUPPORTED
2026-04-01 18:39:00,18,56.207,63.105,22.748,0,0,GPU,17.691,NONE,yolov8n_640_5-class_03-29-2026_saved_model/yolov8n_640_5-class_03-29-2026_float16.tflite,GPU_SUPPORTED
2026-04-01 18:39:01,17,53.826,60.240,22.858,0,0,GPU,31.441,LIGHT,yolov8n_640_5-class_03-29-2026_saved_model/yolov8n_640_5-class_03-29-2026_float16.tflite,GPU_SUPPORTED
2026-04-01 18:39:02,18,57.085,62.945,22.820,0,0,GPU,19.254,LIGHT,yolov8n_640_5-class_03-29-2026_saved_model/yolov8n_640_5-class_03-29-2026_float16.tflite,GPU_SUPPORTED
2026-04-01 18:39:03,16,59.107,73.454,22.442,0,0,GPU,44.805,LIGHT,yolov8n_640_5-class_03-29-2026_saved_model/yolov8n_640_5-class_03-29-2026_float16.tflite,GPU_SUPPORTED
2026-04-01 18:39:04,17,57.128,65.015,22.862,0,0,GPU,29.875,LIGHT,yolov8n_640_5-class_03-29-2026_saved_model/yolov8n_640_5-class_03-29-2026_float16.tflite,GPU_SUPPORTED
2026-04-01 18:39:05,18,55.185,60.576,22.189,0,0,GPU,40.090,LIGHT,yolov8n_640_5-class_03-29-2026_saved_model/yolov8n_640_5-class_03-29-2026_float16.tflite,GPU_SUPPORTED
2026-04-01 18:39:06,17,57.075,65.151,23.647,0,0,GPU,43.269,LIGHT,yolov8n_640_5-class_03-29-2026_saved_model/yolov8n_640_5-class_03-29-2026_float16.tflite,GPU_SUPPORTED
2026-04-01 18:39:07,17,58.725,67.617,25.888,0,0,GPU,34.218,LIGHT,yolov8n_640_5-class_03-29-2026_saved_model/yolov8n_640_5-class_03-29-2026_float16.tflite,GPU_SUPPORTED
2026-04-01 18:39:08,15,63.630,69.449,25.708,0,0,GPU,31.054,LIGHT,yolov8n_640_5-class_03-29-2026_saved_model/yolov8n_640_5-class_03-29-2026_float16.tflite,GPU_SUPPORTED
2026-04-01 18:39:09,16,63.275,68.700,26.990,0,0,GPU,12.968,LIGHT,yolov8n_640_5-class_03-29-2026_saved_model/yolov8n_640_5-class_03-29-2026_float16.tflite,GPU_SUPPORTED
2026-04-01 18:39:10,13,64.335,65.049,39.473,0,0,GPU,26.496,LIGHT,yolov8n_640_5-class_03-29-2026_saved_model/yolov8n_640_5-class_03-29-2026_float16.tflite,GPU_SUPPORTED
2026-04-01 18:39:11,2,167.585,166.361,42.398,0,0,GPU,17.847,LIGHT,yolov8n_640_5-class_03-29-2026_saved_model/yolov8n_640_5-class_03-29-2026_float16.tflite,GPU_SUPPORTED
2026-04-01 18:39:13,0,0.000,0.000,42.398,0,0,GPU,17.879,LIGHT,yolov8n_640_5-class_03-29-2026_saved_model/yolov8n_640_5-class_03-29-2026_float16.tflite,GPU_SUPPORTED
2026-04-01 18:39:19,0,0.000,0.000,42.398,0,0,GPU,17.941,LIGHT,yolov8n_640_5-class_03-29-2026_saved_model/yolov8n_640_5-class_03-29-2026_float16.tflite,GPU_SUPPORTED
2026-04-01 18:39:23,0,0.000,0.000,42.398,0,0,GPU,19.004,LIGHT,yolov8n_640_5-class_03-29-2026_saved_model/yolov8n_640_5-class_03-29-2026_float16.tflite,GPU_SUPPORTED
2026-04-01 18:39:24,17,50.201,57.220,27.011,0,0,GPU,32.633,LIGHT,yolov8n_640_5-class_03-29-2026_saved_model/yolov8n_640_5-class_03-29-2026_float16.tflite,GPU_SUPPORTED
2026-04-01 18:39:25,14,66.350,82.739,29.981,0,0,GPU,29.883,LIGHT,yolov8n_640_5-class_03-29-2026_saved_model/yolov8n_640_5-class_03-29-2026_float16.tflite,GPU_SUPPORTED
2026-04-01 18:39:26,18,57.012,63.461,33.809,0,0,GPU,13.035,LIGHT,yolov8n_640_5-class_03-29-2026_saved_model/yolov8n_640_5-class_03-29-2026_float16.tflite,GPU_SUPPORTED
2026-04-01 18:39:27,16,60.089,65.144,31.926,0,0,GPU,40.121,LIGHT,yolov8n_640_5-class_03-29-2026_saved_model/yolov8n_640_5-class_03-29-2026_float16.tflite,GPU_SUPPORTED
2026-04-01 18:39:28,16,58.787,68.816,33.118,0,0,GPU,31.453,LIGHT,yolov8n_640_5-class_03-29-2026_saved_model/yolov8n_640_5-class_03-29-2026_float16.tflite,GPU_SUPPORTED
2026-04-01 18:39:29,13,75.373,89.176,32.465,0,0,GPU,38.941,LIGHT,yolov8n_640_5-class_03-29-2026_saved_model/yolov8n_640_5-class_03-29-2026_float16.tflite,GPU_SUPPORTED
2026-04-01 18:39:30,13,73.276,92.334,33.767,0,0,GPU,16.300,LIGHT,yolov8n_640_5-class_03-29-2026_saved_model/yolov8n_640_5-class_03-29-2026_float16.tflite,GPU_SUPPORTED
2026-04-01 18:39:31,17,60.248,66.802,32.347,0,0,GPU,13.394,LIGHT,yolov8n_640_5-class_03-29-2026_saved_model/yolov8n_640_5-class_03-29-2026_float16.tflite,GPU_SUPPORTED
2026-04-01 18:39:32,16,60.848,67.133,32.082,0,0,GPU,13.371,LIGHT,yolov8n_640_5-class_03-29-2026_saved_model/yolov8n_640_5-class_03-29-2026_float16.tflite,GPU_SUPPORTED
2026-04-01 18:39:33,15,61.993,66.259,30.346,0,0,GPU,16.285,LIGHT,yolov8n_640_5-class_03-29-2026_saved_model/yolov8n_640_5-class_03-29-2026_float16.tflite,GPU_SUPPORTED
2026-04-01 18:39:34,15,64.705,69.863,34.889,0,0,GPU,44.961,LIGHT,yolov8n_640_5-class_03-29-2026_saved_model/yolov8n_640_5-class_03-29-2026_float16.tflite,GPU_SUPPORTED
2026-04-01 18:39:35,15,64.426,67.677,34.018,0,0,GPU,31.461,LIGHT,yolov8n_640_5-class_03-29-2026_saved_model/yolov8n_640_5-class_03-29-2026_float16.tflite,GPU_SUPPORTED
2026-04-01 18:39:36,16,62.447,68.256,36.196,0,0,GPU,39.715,LIGHT,yolov8n_640_5-class_03-29-2026_saved_model/yolov8n_640_5-class_03-29-2026_float16.tflite,GPU_SUPPORTED
2026-04-01 18:39:37,15,63.263,69.852,31.268,0,0,GPU,26.777,LIGHT,yolov8n_640_5-class_03-29-2026_saved_model/yolov8n_640_5-class_03-29-2026_float16.tflite,GPU_SUPPORTED
2026-04-01 18:39:38,16,62.593,67.633,32.694,0,0,GPU,25.109,LIGHT,yolov8n_640_5-class_03-29-2026_saved_model/yolov8n_640_5-class_03-29-2026_float16.tflite,GPU_SUPPORTED
2026-04-01 18:39:39,15,64.677,66.962,31.723,0,0,GPU,40.144,LIGHT,yolov8n_640_5-class_03-29-2026_saved_model/yolov8n_640_5-class_03-29-2026_float16.tflite,GPU_SUPPORTED
2026-04-01 18:39:40,15,63.545,68.749,32.851,0,0,GPU,17.976,LIGHT,yolov8n_640_5-class_03-29-2026_saved_model/yolov8n_640_5-class_03-29-2026_float16.tflite,GPU_SUPPORTED
2026-04-01 18:39:41,15,65.499,72.928,31.990,0,1,GPU,33.844,LIGHT,yolov8n_640_5-class_03-29-2026_saved_model/yolov8n_640_5-class_03-29-2026_float16.tflite,GPU_SUPPORTED
2026-04-01 18:39:42,12,78.760,90.288,40.423,0,0,GPU,29.894,LIGHT,yolov8n_640_5-class_03-29-2026_saved_model/yolov8n_640_5-class_03-29-2026_float16.tflite,GPU_SUPPORTED
2026-04-01 18:39:43,16,63.166,65.793,29.405,0,0,GPU,19.277,LIGHT,yolov8n_640_5-class_03-29-2026_saved_model/yolov8n_640_5-class_03-29-2026_float16.tflite,GPU_SUPPORTED
2026-04-01 18:39:44,15,65.795,75.328,32.216,0,0,GPU,17.711,LIGHT,yolov8n_640_5-class_03-29-2026_saved_model/yolov8n_640_5-class_03-29-2026_float16.tflite,GPU_SUPPORTED
2026-04-01 18:39:45,13,72.540,77.622,30.893,0,0,GPU,31.074,LIGHT,yolov8n_640_5-class_03-29-2026_saved_model/yolov8n_640_5-class_03-29-2026_float16.tflite,GPU_SUPPORTED
2026-04-01 18:39:46,13,73.931,79.004,31.812,0,0,GPU,17.648,LIGHT,yolov8n_640_5-class_03-29-2026_saved_model/yolov8n_640_5-class_03-29-2026_float16.tflite,GPU_SUPPORTED
2026-04-01 18:39:47,14,72.609,79.254,31.338,0,0,GPU,20.937,LIGHT,yolov8n_640_5-class_03-29-2026_saved_model/yolov8n_640_5-class_03-29-2026_float16.tflite,GPU_SUPPORTED
2026-04-01 18:39:48,13,71.961,79.534,30.868,0,0,GPU,17.648,LIGHT,yolov8n_640_5-class_03-29-2026_saved_model/yolov8n_640_5-class_03-29-2026_float16.tflite,GPU_SUPPORTED
2026-04-01 18:39:49,14,71.314,78.563,33.343,0,0,GPU,31.074,LIGHT,yolov8n_640_5-class_03-29-2026_saved_model/yolov8n_640_5-class_03-29-2026_float16.tflite,GPU_SUPPORTED
2026-04-01 18:39:50,14,71.648,78.588,33.209,0,0,GPU,40.105,LIGHT,yolov8n_640_5-class_03-29-2026_saved_model/yolov8n_640_5-class_03-29-2026_float16.tflite,GPU_SUPPORTED
2026-04-01 18:39:51,13,73.330,81.966,31.027,0,0,GPU,29.894,LIGHT,yolov8n_640_5-class_03-29-2026_saved_model/yolov8n_640_5-class_03-29-2026_float16.tflite,GPU_SUPPORTED
2026-04-01 18:39:52,14,71.043,85.563,30.383,0,0,GPU,44.531,LIGHT,yolov8n_640_5-class_03-29-2026_saved_model/yolov8n_640_5-class_03-29-2026_float16.tflite,GPU_SUPPORTED
2026-04-01 18:39:53,15,66.381,72.332,30.039,0,0,GPU,27.949,LIGHT,yolov8n_640_5-class_03-29-2026_saved_model/yolov8n_640_5-class_03-29-2026_float16.tflite,GPU_SUPPORTED
2026-04-01 18:39:54,15,65.511,72.789,30.930,0,0,GPU,15.793,LIGHT,yolov8n_640_5-class_03-29-2026_saved_model/yolov8n_640_5-class_03-29-2026_float16.tflite,GPU_SUPPORTED
2026-04-01 18:39:55,14,70.043,77.542,30.867,0,0,GPU,35.023,LIGHT,yolov8n_640_5-class_03-29-2026_saved_model/yolov8n_640_5-class_03-29-2026_float16.tflite,GPU_SUPPORTED
2026-04-01 18:39:56,13,71.596,77.860,33.280,0,0,GPU,18.007,LIGHT,yolov8n_640_5-class_03-29-2026_saved_model/yolov8n_640_5-class_03-29-2026_float16.tflite,GPU_SUPPORTED
2026-04-01 18:39:57,14,70.263,76.423,31.948,0,0,GPU,18.039,LIGHT,yolov8n_640_5-class_03-29-2026_saved_model/yolov8n_640_5-class_03-29-2026_float16.tflite,GPU_SUPPORTED
2026-04-01 18:39:58,14,72.552,79.708,34.000,0,0,GPU,39.746,LIGHT,yolov8n_640_5-class_03-29-2026_saved_model/yolov8n_640_5-class_03-29-2026_float16.tflite,GPU_SUPPORTED
2026-04-01 18:39:59,13,75.273,82.925,34.630,0,0,GPU,19.340,LIGHT,yolov8n_640_5-class_03-29-2026_saved_model/yolov8n_640_5-class_03-29-2026_float16.tflite,GPU_SUPPORTED
2026-04-01 18:40:00,13,77.102,84.298,34.284,0,0,GPU,18.133,LIGHT,yolov8n_640_5-class_03-29-2026_saved_model/yolov8n_640_5-class_03-29-2026_float16.tflite,GPU_SUPPORTED
2026-04-01 18:40:01,12,78.878,84.481,36.578,0,0,GPU,44.562,LIGHT,yolov8n_640_5-class_03-29-2026_saved_model/yolov8n_640_5-class_03-29-2026_float16.tflite,GPU_SUPPORTED
2026-04-01 18:40:02,13,75.671,84.766,35.968,0,0,GPU,18.011,LIGHT,yolov8n_640_5-class_03-29-2026_saved_model/yolov8n_640_5-class_03-29-2026_float16.tflite,GPU_SUPPORTED
2026-04-01 18:40:03,13,76.803,80.916,36.188,0,0,GPU,26.351,LIGHT,yolov8n_640_5-class_03-29-2026_saved_model/yolov8n_640_5-class_03-29-2026_float16.tflite,GPU_SUPPORTED
2026-04-01 18:40:04,12,81.169,85.565,37.709,0,0,GPU,39.715,LIGHT,yolov8n_640_5-class_03-29-2026_saved_model/yolov8n_640_5-class_03-29-2026_float16.tflite,GPU_SUPPORTED
2026-04-01 18:40:05,12,80.525,86.060,36.326,0,0,GPU,31.105,LIGHT,yolov8n_640_5-class_03-29-2026_saved_model/yolov8n_640_5-class_03-29-2026_float16.tflite,GPU_SUPPORTED
2026-04-01 18:40:06,12,83.325,85.976,36.334,0,0,GPU,19.340,LIGHT,yolov8n_640_5-class_03-29-2026_saved_model/yolov8n_640_5-class_03-29-2026_float16.tflite,GPU_SUPPORTED
2026-04-01 18:40:07,12,83.227,89.651,36.661,0,0,GPU,19.308,LIGHT,yolov8n_640_5-class_03-29-2026_saved_model/yolov8n_640_5-class_03-29-2026_float16.tflite,GPU_SUPPORTED
2026-04-01 18:40:08,12,80.850,86.301,36.144,0,0,GPU,19.308,LIGHT,yolov8n_640_5-class_03-29-2026_saved_model/yolov8n_640_5-class_03-29-2026_float16.tflite,GPU_SUPPORTED
2026-04-01 18:40:09,12,78.701,84.013,36.085,0,0,GPU,31.074,LIGHT,yolov8n_640_5-class_03-29-2026_saved_model/yolov8n_640_5-class_03-29-2026_float16.tflite,GPU_SUPPORTED
2026-04-01 18:40:10,14,70.958,78.586,33.698,0,0,GPU,17.523,LIGHT,yolov8n_640_5-class_03-29-2026_saved_model/yolov8n_640_5-class_03-29-2026_float16.tflite,GPU_SUPPORTED
2026-04-01 18:40:11,12,78.675,85.627,41.445,0,0,GPU,12.925,LIGHT,yolov8n_640_5-class_03-29-2026_saved_model/yolov8n_640_5-class_03-29-2026_float16.tflite,GPU_SUPPORTED
2026-04-01 18:40:12,13,81.091,86.858,37.435,0,0,GPU,18.070,LIGHT,yolov8n_640_5-class_03-29-2026_saved_model/yolov8n_640_5-class_03-29-2026_float16.tflite,GPU_SUPPORTED
2026-04-01 18:40:13,12,78.196,85.004,37.145,0,1,GPU,39.715,LIGHT,yolov8n_640_5-class_03-29-2026_saved_model/yolov8n_640_5-class_03-29-2026_float16.tflite,GPU_SUPPORTED
2026-04-01 18:40:14,12,82.648,91.665,35.592,0,0,GPU,26.383,LIGHT,yolov8n_640_5-class_03-29-2026_saved_model/yolov8n_640_5-class_03-29-2026_float16.tflite,GPU_SUPPORTED
2026-04-01 18:40:15,12,79.896,84.665,35.958,0,0,GPU,17.586,LIGHT,yolov8n_640_5-class_03-29-2026_saved_model/yolov8n_640_5-class_03-29-2026_float16.tflite,GPU_SUPPORTED
2026-04-01 18:40:16,12,81.442,84.773,36.205,0,1,GPU,31.043,LIGHT,yolov8n_640_5-class_03-29-2026_saved_model/yolov8n_640_5-class_03-29-2026_float16.tflite,GPU_SUPPORTED
2026-04-01 18:40:17,12,81.654,89.014,34.979,0,1,GPU,31.074,LIGHT,yolov8n_640_5-class_03-29-2026_saved_model/yolov8n_640_5-class_03-29-2026_float16.tflite,GPU_SUPPORTED
2026-04-01 18:40:18,12,80.118,84.250,36.986,0,0,GPU,31.074,LIGHT,yolov8n_640_5-class_03-29-2026_saved_model/yolov8n_640_5-class_03-29-2026_float16.tflite,GPU_SUPPORTED
2026-04-01 18:40:19,12,87.269,97.043,49.076,0,0,GPU,31.074,LIGHT,yolov8n_640_5-class_03-29-2026_saved_model/yolov8n_640_5-class_03-29-2026_float16.tflite,GPU_SUPPORTED
2026-04-01 18:40:20,11,87.581,94.258,47.372,0,0,GPU,26.804,LIGHT,yolov8n_640_5-class_03-29-2026_saved_model/yolov8n_640_5-class_03-29-2026_float16.tflite,GPU_SUPPORTED
2026-04-01 18:40:21,11,87.977,95.472,47.269,0,0,GPU,26.414,LIGHT,yolov8n_640_5-class_03-29-2026_saved_model/yolov8n_640_5-class_03-29-2026_float16.tflite,GPU_SUPPORTED
2026-04-01 18:40:22,10,93.898,96.175,48.104,0,0,GPU,12.988,LIGHT,yolov8n_640_5-class_03-29-2026_saved_model/yolov8n_640_5-class_03-29-2026_float16.tflite,GPU_SUPPORTED
2026-04-01 18:40:23,11,95.567,103.157,49.956,0,0,GPU,35.117,LIGHT,yolov8n_640_5-class_03-29-2026_saved_model/yolov8n_640_5-class_03-29-2026_float16.tflite,GPU_SUPPORTED
2026-04-01 18:40:24,10,92.497,98.606,48.900,0,0,GPU,17.679,LIGHT,yolov8n_640_5-class_03-29-2026_saved_model/yolov8n_640_5-class_03-29-2026_float16.tflite,GPU_SUPPORTED
2026-04-01 18:40:25,11,94.065,100.354,48.959,0,0,GPU,26.383,LIGHT,yolov8n_640_5-class_03-29-2026_saved_model/yolov8n_640_5-class_03-29-2026_float16.tflite,GPU_SUPPORTED
2026-04-01 18:40:26,10,91.805,99.578,48.642,0,0,GPU,18.101,LIGHT,yolov8n_640_5-class_03-29-2026_saved_model/yolov8n_640_5-class_03-29-2026_float16.tflite,GPU_SUPPORTED
2026-04-01 18:40:27,11,92.025,98.423,47.099,0,0,GPU,17.711,LIGHT,yolov8n_640_5-class_03-29-2026_saved_model/yolov8n_640_5-class_03-29-2026_float16.tflite,GPU_SUPPORTED
2026-04-01 18:40:28,11,93.762,99.520,47.797,0,0,GPU,20.547,LIGHT,yolov8n_640_5-class_03-29-2026_saved_model/yolov8n_640_5-class_03-29-2026_float16.tflite,GPU_SUPPORTED
2026-04-01 18:40:29,10,94.790,98.324,48.298,0,0,GPU,17.648,LIGHT,yolov8n_640_5-class_03-29-2026_saved_model/yolov8n_640_5-class_03-29-2026_float16.tflite,GPU_SUPPORTED
2026-04-01 18:40:30,11,92.599,97.728,52.149,0,0,GPU,31.105,LIGHT,yolov8n_640_5-class_03-29-2026_saved_model/yolov8n_640_5-class_03-29-2026_float16.tflite,GPU_SUPPORTED
2026-04-01 18:40:31,10,94.036,101.889,47.774,0,0,GPU,29.898,LIGHT,yolov8n_640_5-class_03-29-2026_saved_model/yolov8n_640_5-class_03-29-2026_float16.tflite,GPU_SUPPORTED
2026-04-01 18:40:32,10,95.688,103.088,49.417,0,0,GPU,31.137,LIGHT,yolov8n_640_5-class_03-29-2026_saved_model/yolov8n_640_5-class_03-29-2026_float16.tflite,GPU_SUPPORTED
2026-04-01 18:40:33,11,94.819,99.523,50.681,0,0,GPU,22.051,LIGHT,yolov8n_640_5-class_03-29-2026_saved_model/yolov8n_640_5-class_03-29-2026_float16.tflite,GPU_SUPPORTED
2026-04-01 18:40:34,11,87.769,98.149,50.890,0,1,GPU,26.414,LIGHT,yolov8n_640_5-class_03-29-2026_saved_model/yolov8n_640_5-class_03-29-2026_float16.tflite,GPU_SUPPORTED
2026-04-01 18:40:35,11,93.143,97.482,49.719,0,0,GPU,16.566,LIGHT,yolov8n_640_5-class_03-29-2026_saved_model/yolov8n_640_5-class_03-29-2026_float16.tflite,GPU_SUPPORTED
2026-04-01 18:40:36,10,93.880,98.970,45.884,0,0,GPU,31.105,LIGHT,yolov8n_640_5-class_03-29-2026_saved_model/yolov8n_640_5-class_03-29-2026_float16.tflite,GPU_SUPPORTED
2026-04-01 18:40:37,11,91.179,99.655,47.713,0,0,GPU,26.383,LIGHT,yolov8n_640_5-class_03-29-2026_saved_model/yolov8n_640_5-class_03-29-2026_float16.tflite,GPU_SUPPORTED
2026-04-01 18:40:38,10,94.379,98.035,49.086,0,0,GPU,17.648,LIGHT,yolov8n_640_5-class_03-29-2026_saved_model/yolov8n_640_5-class_03-29-2026_float16.tflite,GPU_SUPPORTED
2026-04-01 18:40:39,10,99.244,106.018,51.326,0,0,GPU,31.496,LIGHT,yolov8n_640_5-class_03-29-2026_saved_model/yolov8n_640_5-class_03-29-2026_float16.tflite,GPU_SUPPORTED
2026-04-01 18:40:40,10,97.074,101.216,54.337,0,0,GPU,12.961,LIGHT,yolov8n_640_5-class_03-29-2026_saved_model/yolov8n_640_5-class_03-29-2026_float16.tflite,GPU_SUPPORTED
2026-04-01 18:40:41,10,98.056,103.762,52.583,0,0,GPU,31.074,LIGHT,yolov8n_640_5-class_03-29-2026_saved_model/yolov8n_640_5-class_03-29-2026_float16.tflite,GPU_SUPPORTED
2026-04-01 18:40:42,10,98.413,104.684,57.386,0,0,GPU,31.074,LIGHT,yolov8n_640_5-class_03-29-2026_saved_model/yolov8n_640_5-class_03-29-2026_float16.tflite,GPU_SUPPORTED
2026-04-01 18:40:43,10,97.356,105.567,55.429,0,0,GPU,31.105,LIGHT,yolov8n_640_5-class_03-29-2026_saved_model/yolov8n_640_5-class_03-29-2026_float16.tflite,GPU_SUPPORTED
2026-04-01 18:40:44,10,99.813,103.348,52.501,0,0,GPU,31.105,LIGHT,yolov8n_640_5-class_03-29-2026_saved_model/yolov8n_640_5-class_03-29-2026_float16.tflite,GPU_SUPPORTED
2026-04-01 18:40:45,10,100.161,103.386,54.865,0,0,GPU,31.074,LIGHT,yolov8n_640_5-class_03-29-2026_saved_model/yolov8n_640_5-class_03-29-2026_float16.tflite,GPU_SUPPORTED
2026-04-01 18:40:46,10,98.027,106.258,51.524,0,0,GPU,31.074,LIGHT,yolov8n_640_5-class_03-29-2026_saved_model/yolov8n_640_5-class_03-29-2026_float16.tflite,GPU_SUPPORTED
2026-04-01 18:40:47,10,97.956,100.261,54.565,0,0,GPU,31.074,LIGHT,yolov8n_640_5-class_03-29-2026_saved_model/yolov8n_640_5-class_03-29-2026_float16.tflite,GPU_SUPPORTED
2026-04-01 18:40:48,11,94.394,102.157,54.625,0,0,GPU,29.930,LIGHT,yolov8n_640_5-class_03-29-2026_saved_model/yolov8n_640_5-class_03-29-2026_float16.tflite,GPU_SUPPORTED
2026-04-01 18:40:49,10,94.064,103.281,56.836,0,0,GPU,31.469,LIGHT,yolov8n_640_5-class_03-29-2026_saved_model/yolov8n_640_5-class_03-29-2026_float16.tflite,GPU_SUPPORTED
2026-04-01 18:40:50,10,95.209,98.920,51.445,0,0,GPU,16.472,LIGHT,yolov8n_640_5-class_03-29-2026_saved_model/yolov8n_640_5-class_03-29-2026_float16.tflite,GPU_SUPPORTED
2026-04-01 18:40:51,11,94.318,102.924,52.647,0,0,GPU,31.074,LIGHT,yolov8n_640_5-class_03-29-2026_saved_model/yolov8n_640_5-class_03-29-2026_float16.tflite,GPU_SUPPORTED
2026-04-01 18:40:52,10,94.914,98.110,52.106,0,0,GPU,17.711,LIGHT,yolov8n_640_5-class_03-29-2026_saved_model/yolov8n_640_5-class_03-29-2026_float16.tflite,GPU_SUPPORTED
2026-04-01 18:40:53,11,96.616,105.038,50.760,0,0,GPU,17.773,LIGHT,yolov8n_640_5-class_03-29-2026_saved_model/yolov8n_640_5-class_03-29-2026_float16.tflite,GPU_SUPPORTED
2026-04-01 18:40:54,10,97.791,101.520,53.768,0,0,GPU,19.340,LIGHT,yolov8n_640_5-class_03-29-2026_saved_model/yolov8n_640_5-class_03-29-2026_float16.tflite,GPU_SUPPORTED
2026-04-01 18:40:55,10,99.002,104.607,57.626,0,0,GPU,31.527,LIGHT,yolov8n_640_5-class_03-29-2026_saved_model/yolov8n_640_5-class_03-29-2026_float16.tflite,GPU_SUPPORTED
2026-04-01 18:40:56,10,93.118,100.717,57.103,0,0,GPU,16.285,LIGHT,yolov8n_640_5-class_03-29-2026_saved_model/yolov8n_640_5-class_03-29-2026_float16.tflite,GPU_SUPPORTED
2026-04-01 18:40:57,10,95.483,103.578,53.647,0,0,GPU,17.715,LIGHT,yolov8n_640_5-class_03-29-2026_saved_model/yolov8n_640_5-class_03-29-2026_float16.tflite,GPU_SUPPORTED
2026-04-01 18:40:58,10,98.036,102.742,52.909,0,0,GPU,31.074,LIGHT,yolov8n_640_5-class_03-29-2026_saved_model/yolov8n_640_5-class_03-29-2026_float16.tflite,GPU_SUPPORTED
2026-04-01 18:40:59,10,100.979,110.197,64.088,0,0,GPU,17.648,LIGHT,yolov8n_640_5-class_03-29-2026_saved_model/yolov8n_640_5-class_03-29-2026_float16.tflite,GPU_SUPPORTED
2026-04-01 18:41:00,10,100.313,109.213,56.649,0,1,GPU,31.074,LIGHT,yolov8n_640_5-class_03-29-2026_saved_model/yolov8n_640_5-class_03-29-2026_float16.tflite,GPU_SUPPORTED
2026-04-01 18:41:01,9,108.453,112.479,65.721,0,0,GPU,17.554,LIGHT,yolov8n_640_5-class_03-29-2026_saved_model/yolov8n_640_5-class_03-29-2026_float16.tflite,GPU_SUPPORTED
2026-04-01 18:41:02,10,99.377,106.613,60.669,0,0,GPU,31.465,LIGHT,yolov8n_640_5-class_03-29-2026_saved_model/yolov8n_640_5-class_03-29-2026_float16.tflite,GPU_SUPPORTED
2026-04-01 18:41:03,10,96.879,101.628,59.327,0,0,GPU,26.383,LIGHT,yolov8n_640_5-class_03-29-2026_saved_model/yolov8n_640_5-class_03-29-2026_float16.tflite,GPU_SUPPORTED
2026-04-01 18:41:04,10,98.616,102.103,61.669,0,0,GPU,17.918,LIGHT,yolov8n_640_5-class_03-29-2026_saved_model/yolov8n_640_5-class_03-29-2026_float16.tflite,GPU_SUPPORTED
2026-04-01 18:41:05,10,100.429,105.167,58.151,0,0,GPU,39.746,LIGHT,yolov8n_640_5-class_03-29-2026_saved_model/yolov8n_640_5-class_03-29-2026_float16.tflite,GPU_SUPPORTED
2026-04-01 18:41:06,9,104.055,106.466,58.051,0,0,GPU,31.465,LIGHT,yolov8n_640_5-class_03-29-2026_saved_model/yolov8n_640_5-class_03-29-2026_float16.tflite,GPU_SUPPORTED
2026-04-01 18:41:07,10,105.761,112.067,62.091,0,0,GPU,17.781,LIGHT,yolov8n_640_5-class_03-29-2026_saved_model/yolov8n_640_5-class_03-29-2026_float16.tflite,GPU_SUPPORTED
2026-04-01 18:41:08,9,105.393,110.661,59.353,0,0,GPU,44.566,LIGHT,yolov8n_640_5-class_03-29-2026_saved_model/yolov8n_640_5-class_03-29-2026_float16.tflite,GPU_SUPPORTED
2026-04-01 18:41:09,9,104.565,107.942,64.091,0,0,GPU,16.285,LIGHT,yolov8n_640_5-class_03-29-2026_saved_model/yolov8n_640_5-class_03-29-2026_float16.tflite,GPU_SUPPORTED
2026-04-01 18:41:10,10,105.489,111.641,59.862,0,0,GPU,33.941,LIGHT,yolov8n_640_5-class_03-29-2026_saved_model/yolov8n_640_5-class_03-29-2026_float16.tflite,GPU_SUPPORTED
2026-04-01 18:41:11,9,103.761,110.101,59.878,0,0,GPU,17.648,LIGHT,yolov8n_640_5-class_03-29-2026_saved_model/yolov8n_640_5-class_03-29-2026_float16.tflite,GPU_SUPPORTED
2026-04-01 18:41:12,10,101.329,107.179,59.031,0,1,GPU,17.492,LIGHT,yolov8n_640_5-class_03-29-2026_saved_model/yolov8n_640_5-class_03-29-2026_float16.tflite,GPU_SUPPORTED
2026-04-01 18:41:13,10,101.242,107.010,63.802,0,0,GPU,19.340,LIGHT,yolov8n_640_5-class_03-29-2026_saved_model/yolov8n_640_5-class_03-29-2026_float16.tflite,GPU_SUPPORTED
2026-04-01 18:41:14,10,99.421,108.099,59.423,0,0,GPU,31.109,LIGHT,yolov8n_640_5-class_03-29-2026_saved_model/yolov8n_640_5-class_03-29-2026_float16.tflite,GPU_SUPPORTED
2026-04-01 18:41:15,9,102.058,107.580,56.021,0,0,GPU,17.679,LIGHT,yolov8n_640_5-class_03-29-2026_saved_model/yolov8n_640_5-class_03-29-2026_float16.tflite,GPU_SUPPORTED
2026-04-01 18:41:16,10,100.046,104.209,62.982,0,0,GPU,18.039,LIGHT,yolov8n_640_5-class_03-29-2026_saved_model/yolov8n_640_5-class_03-29-2026_float16.tflite,GPU_SUPPORTED
2026-04-01 18:41:17,10,104.113,110.623,62.440,0,0,GPU,31.074,LIGHT,yolov8n_640_5-class_03-29-2026_saved_model/yolov8n_640_5-class_03-29-2026_float16.tflite,GPU_SUPPORTED
2026-04-01 18:41:18,9,101.027,104.853,60.467,0,0,GPU,17.617,LIGHT,yolov8n_640_5-class_03-29-2026_saved_model/yolov8n_640_5-class_03-29-2026_float16.tflite,GPU_SUPPORTED
2026-04-01 18:41:19,10,101.717,107.258,62.931,0,0,GPU,26.414,LIGHT,yolov8n_640_5-class_03-29-2026_saved_model/yolov8n_640_5-class_03-29-2026_float16.tflite,GPU_SUPPORTED
2026-04-01 18:41:20,9,106.911,110.609,60.746,0,0,GPU,12.773,LIGHT,yolov8n_640_5-class_03-29-2026_saved_model/yolov8n_640_5-class_03-29-2026_float16.tflite,GPU_SUPPORTED
2026-04-01 18:41:21,10,101.261,106.706,63.298,0,0,GPU,38.570,LIGHT,yolov8n_640_5-class_03-29-2026_saved_model/yolov8n_640_5-class_03-29-2026_float16.tflite,GPU_SUPPORTED
2026-04-01 18:41:22,9,103.832,111.720,63.041,0,0,GPU,29.898,LIGHT,yolov8n_640_5-class_03-29-2026_saved_model/yolov8n_640_5-class_03-29-2026_float16.tflite,GPU_SUPPORTED
2026-04-01 18:41:23,10,104.898,110.860,61.804,0,0,GPU,20.488,LIGHT,yolov8n_640_5-class_03-29-2026_saved_model/yolov8n_640_5-class_03-29-2026_float16.tflite,GPU_SUPPORTED
2026-04-01 18:41:24,9,102.762,108.499,60.759,0,0,GPU,17.711,LIGHT,yolov8n_640_5-class_03-29-2026_saved_model/yolov8n_640_5-class_03-29-2026_float16.tflite,GPU_SUPPORTED
2026-04-01 18:41:25,10,101.885,107.656,60.452,0,0,GPU,31.074,LIGHT,yolov8n_640_5-class_03-29-2026_saved_model/yolov8n_640_5-class_03-29-2026_float16.tflite,GPU_SUPPORTED
2026-04-01 18:41:26,9,104.984,111.408,59.607,0,0,GPU,17.742,LIGHT,yolov8n_640_5-class_03-29-2026_saved_model/yolov8n_640_5-class_03-29-2026_float16.tflite,GPU_SUPPORTED
2026-04-01 18:41:27,10,98.668,103.447,63.853,0,0,GPU,29.898,LIGHT,yolov8n_640_5-class_03-29-2026_saved_model/yolov8n_640_5-class_03-29-2026_float16.tflite,GPU_SUPPORTED
2026-04-01 18:41:28,10,104.148,108.550,57.354,0,0,GPU,26.414,LIGHT,yolov8n_640_5-class_03-29-2026_saved_model/yolov8n_640_5-class_03-29-2026_float16.tflite,GPU_SUPPORTED
2026-04-01 18:41:29,9,105.411,112.170,62.668,0,0,GPU,12.898,LIGHT,yolov8n_640_5-class_03-29-2026_saved_model/yolov8n_640_5-class_03-29-2026_float16.tflite,GPU_SUPPORTED
2026-04-01 18:41:30,10,102.551,110.536,62.366,0,0,GPU,20.547,LIGHT,yolov8n_640_5-class_03-29-2026_saved_model/yolov8n_640_5-class_03-29-2026_float16.tflite,GPU_SUPPORTED
2026-04-01 18:41:31,9,103.095,105.810,57.321,0,0,GPU,31.074,LIGHT,yolov8n_640_5-class_03-29-2026_saved_model/yolov8n_640_5-class_03-29-2026_float16.tflite,GPU_SUPPORTED
2026-04-01 18:41:32,10,100.009,104.496,63.300,0,0,GPU,17.648,LIGHT,yolov8n_640_5-class_03-29-2026_saved_model/yolov8n_640_5-class_03-29-2026_float16.tflite,GPU_SUPPORTED
2026-04-01 18:41:33,9,105.394,111.699,58.029,0,1,GPU,18.101,LIGHT,yolov8n_640_5-class_03-29-2026_saved_model/yolov8n_640_5-class_03-29-2026_float16.tflite,GPU_SUPPORTED
2026-04-01 18:41:34,11,95.696,104.173,58.799,0,0,GPU,31.465,LIGHT,yolov8n_640_5-class_03-29-2026_saved_model/yolov8n_640_5-class_03-29-2026_float16.tflite,GPU_SUPPORTED
2026-04-01 18:41:35,11,91.847,94.179,56.894,0,1,GPU,16.597,LIGHT,yolov8n_640_5-class_03-29-2026_saved_model/yolov8n_640_5-class_03-29-2026_float16.tflite,GPU_SUPPORTED
2026-04-01 18:41:36,10,91.852,95.164,58.735,0,0,GPU,13.191,LIGHT,yolov8n_640_5-class_03-29-2026_saved_model/yolov8n_640_5-class_03-29-2026_float16.tflite,GPU_SUPPORTED
2026-04-01 18:41:37,11,94.118,101.616,57.088,0,0,GPU,26.383,LIGHT,yolov8n_640_5-class_03-29-2026_saved_model/yolov8n_640_5-class_03-29-2026_float16.tflite,GPU_SUPPORTED
2026-04-01 18:41:38,10,93.903,99.747,56.458,0,0,GPU,12.988,LIGHT,yolov8n_640_5-class_03-29-2026_saved_model/yolov8n_640_5-class_03-29-2026_float16.tflite,GPU_SUPPORTED
2026-04-01 18:41:39,11,92.710,98.154,57.719,0,0,GPU,31.078,LIGHT,yolov8n_640_5-class_03-29-2026_saved_model/yolov8n_640_5-class_03-29-2026_float16.tflite,GPU_SUPPORTED
2026-04-01 18:41:40,10,100.577,110.573,62.259,0,0,GPU,39.746,LIGHT,yolov8n_640_5-class_03-29-2026_saved_model/yolov8n_640_5-class_03-29-2026_float16.tflite,GPU_SUPPORTED
2026-04-01 18:41:41,9,103.360,105.078,57.322,0,0,GPU,31.078,LIGHT,yolov8n_640_5-class_03-29-2026_saved_model/yolov8n_640_5-class_03-29-2026_float16.tflite,GPU_SUPPORTED
2026-04-01 18:41:42,10,98.514,102.784,58.051,0,0,GPU,17.711,LIGHT,yolov8n_640_5-class_03-29-2026_saved_model/yolov8n_640_5-class_03-29-2026_float16.tflite,GPU_SUPPORTED
2026-04-01 18:41:43,10,99.868,108.257,62.227,0,0,GPU,18.070,LIGHT,yolov8n_640_5-class_03-29-2026_saved_model/yolov8n_640_5-class_03-29-2026_float16.tflite,GPU_SUPPORTED
2026-04-01 18:41:44,10,100.818,106.440,61.072,0,0,GPU,31.105,LIGHT,yolov8n_640_5-class_03-29-2026_saved_model/yolov8n_640_5-class_03-29-2026_float16.tflite,GPU_SUPPORTED
2026-04-01 18:41:45,10,102.424,109.905,59.194,0,0,GPU,17.773,LIGHT,yolov8n_640_5-class_03-29-2026_saved_model/yolov8n_640_5-class_03-29-2026_float16.tflite,GPU_SUPPORTED
2026-04-01 18:41:46,9,103.797,108.433,59.466,0,0,GPU,29.898,LIGHT,yolov8n_640_5-class_03-29-2026_saved_model/yolov8n_640_5-class_03-29-2026_float16.tflite,GPU_SUPPORTED
2026-04-01 18:41:47,10,97.886,103.232,59.031,0,0,GPU,31.527,LIGHT,yolov8n_640_5-class_03-29-2026_saved_model/yolov8n_640_5-class_03-29-2026_float16.tflite,GPU_SUPPORTED
2026-04-01 18:41:48,9,105.419,110.450,66.569,0,0,GPU,17.711,LIGHT,yolov8n_640_5-class_03-29-2026_saved_model/yolov8n_640_5-class_03-29-2026_float16.tflite,GPU_SUPPORTED
2026-04-01 18:41:49,10,103.059,106.474,64.227,0,0,GPU,29.898,LIGHT,yolov8n_640_5-class_03-29-2026_saved_model/yolov8n_640_5-class_03-29-2026_float16.tflite,GPU_SUPPORTED
2026-04-01 18:41:50,9,103.698,107.552,64.055,0,0,GPU,31.109,LIGHT,yolov8n_640_5-class_03-29-2026_saved_model/yolov8n_640_5-class_03-29-2026_float16.tflite,GPU_SUPPORTED
2026-04-01 18:41:51,10,102.552,108.902,56.078,0,0,GPU,16.504,LIGHT,yolov8n_640_5-class_03-29-2026_saved_model/yolov8n_640_5-class_03-29-2026_float16.tflite,GPU_SUPPORTED
2026-04-01 18:41:52,10,98.880,104.057,63.205,0,0,GPU,31.496,LIGHT,yolov8n_640_5-class_03-29-2026_saved_model/yolov8n_640_5-class_03-29-2026_float16.tflite,GPU_SUPPORTED
2026-04-01 18:41:53,10,103.269,108.324,59.104,0,0,GPU,32.707,LIGHT,yolov8n_640_5-class_03-29-2026_saved_model/yolov8n_640_5-class_03-29-2026_float16.tflite,GPU_SUPPORTED
2026-04-01 18:41:54,9,107.731,117.905,58.870,0,0,GPU,31.074,LIGHT,yolov8n_640_5-class_03-29-2026_saved_model/yolov8n_640_5-class_03-29-2026_float16.tflite,GPU_SUPPORTED
2026-04-01 18:41:55,9,103.313,108.920,60.296,0,0,GPU,17.711,LIGHT,yolov8n_640_5-class_03-29-2026_saved_model/yolov8n_640_5-class_03-29-2026_float16.tflite,GPU_SUPPORTED
2026-04-01 18:41:56,10,104.858,110.247,60.291,0,0,GPU,25.207,LIGHT,yolov8n_640_5-class_03-29-2026_saved_model/yolov8n_640_5-class_03-29-2026_float16.tflite,GPU_SUPPORTED
2026-04-01 18:41:57,9,103.053,108.398,64.116,0,0,GPU,17.679,LIGHT,yolov8n_640_5-class_03-29-2026_saved_model/yolov8n_640_5-class_03-29-2026_float16.tflite,GPU_SUPPORTED
2026-04-01 18:41:58,10,105.096,109.007,57.257,0,1,GPU,26.742,LIGHT,yolov8n_640_5-class_03-29-2026_saved_model/yolov8n_640_5-class_03-29-2026_float16.tflite,GPU_SUPPORTED
2026-04-01 18:41:59,9,105.430,109.681,59.193,0,0,GPU,16.410,LIGHT,yolov8n_640_5-class_03-29-2026_saved_model/yolov8n_640_5-class_03-29-2026_float16.tflite,GPU_SUPPORTED
2026-04-01 18:42:00,10,101.571,105.768,64.945,0,0,GPU,32.734,LIGHT,yolov8n_640_5-class_03-29-2026_saved_model/yolov8n_640_5-class_03-29-2026_float16.tflite,GPU_SUPPORTED
2026-04-01 18:42:01,9,105.316,110.552,57.545,0,0,GPU,17.617,LIGHT,yolov8n_640_5-class_03-29-2026_saved_model/yolov8n_640_5-class_03-29-2026_float16.tflite,GPU_SUPPORTED
2026-04-01 18:42:02,9,104.168,110.405,57.369,0,0,GPU,17.711,LIGHT,yolov8n_640_5-class_03-29-2026_saved_model/yolov8n_640_5-class_03-29-2026_float16.tflite,GPU_SUPPORTED
2026-04-01 18:42:03,10,105.700,109.676,58.019,0,0,GPU,35.055,LIGHT,yolov8n_640_5-class_03-29-2026_saved_model/yolov8n_640_5-class_03-29-2026_float16.tflite,GPU_SUPPORTED
2026-04-01 18:42:04,9,105.542,110.233,59.207,0,0,GPU,31.105,LIGHT,yolov8n_640_5-class_03-29-2026_saved_model/yolov8n_640_5-class_03-29-2026_float16.tflite,GPU_SUPPORTED
2026-04-01 18:42:05,10,103.043,110.590,60.144,0,0,GPU,39.781,LIGHT,yolov8n_640_5-class_03-29-2026_saved_model/yolov8n_640_5-class_03-29-2026_float16.tflite,GPU_SUPPORTED
2026-04-01 18:42:06,9,105.053,116.569,59.930,0,0,GPU,17.648,LIGHT,yolov8n_640_5-class_03-29-2026_saved_model/yolov8n_640_5-class_03-29-2026_float16.tflite,GPU_SUPPORTED
2026-04-01 18:42:07,10,103.491,110.118,59.033,0,0,GPU,33.094,LIGHT,yolov8n_640_5-class_03-29-2026_saved_model/yolov8n_640_5-class_03-29-2026_float16.tflite,GPU_SUPPORTED
2026-04-01 18:42:08,9,106.782,110.734,65.145,0,0,GPU,44.593,LIGHT,yolov8n_640_5-class_03-29-2026_saved_model/yolov8n_640_5-class_03-29-2026_float16.tflite,GPU_SUPPORTED
2026-04-01 18:42:09,10,100.926,107.440,64.085,0,0,GPU,21.722,LIGHT,yolov8n_640_5-class_03-29-2026_saved_model/yolov8n_640_5-class_03-29-2026_float16.tflite,GPU_SUPPORTED
2026-04-01 18:42:10,9,105.099,107.047,63.997,0,0,GPU,18.043,LIGHT,yolov8n_640_5-class_03-29-2026_saved_model/yolov8n_640_5-class_03-29-2026_float16.tflite,GPU_SUPPORTED
2026-04-01 18:42:11,9,105.354,111.245,59.472,0,0,GPU,16.535,LIGHT,yolov8n_640_5-class_03-29-2026_saved_model/yolov8n_640_5-class_03-29-2026_float16.tflite,GPU_SUPPORTED
2026-04-01 18:42:12,11,96.980,104.564,59.104,0,0,GPU,31.496,LIGHT,yolov8n_640_5-class_03-29-2026_saved_model/yolov8n_640_5-class_03-29-2026_float16.tflite,GPU_SUPPORTED
2026-04-01 18:42:13,9,105.480,111.517,59.440,0,0,GPU,31.074,LIGHT,yolov8n_640_5-class_03-29-2026_saved_model/yolov8n_640_5-class_03-29-2026_float16.tflite,GPU_SUPPORTED
2026-04-01 18:42:14,10,101.852,108.961,59.838,0,0,GPU,33.910,LIGHT,yolov8n_640_5-class_03-29-2026_saved_model/yolov8n_640_5-class_03-29-2026_float16.tflite,GPU_SUPPORTED
2026-04-01 18:42:15,9,101.535,108.440,60.132,0,0,GPU,13.379,LIGHT,yolov8n_640_5-class_03-29-2026_saved_model/yolov8n_640_5-class_03-29-2026_float16.tflite,GPU_SUPPORTED
2026-04-01 18:42:16,10,102.728,107.253,58.390,0,0,GPU,31.074,LIGHT,yolov8n_640_5-class_03-29-2026_saved_model/yolov8n_640_5-class_03-29-2026_float16.tflite,GPU_SUPPORTED
2026-04-01 18:42:17,9,107.213,109.572,59.439,0,0,GPU,17.648,LIGHT,yolov8n_640_5-class_03-29-2026_saved_model/yolov8n_640_5-class_03-29-2026_float16.tflite,GPU_SUPPORTED
2026-04-01 18:42:18,10,103.674,110.911,59.656,0,0,GPU,19.730,LIGHT,yolov8n_640_5-class_03-29-2026_saved_model/yolov8n_640_5-class_03-29-2026_float16.tflite,GPU_SUPPORTED
2026-04-01 18:42:19,9,104.582,108.207,63.675,0,0,GPU,12.929,LIGHT,yolov8n_640_5-class_03-29-2026_saved_model/yolov8n_640_5-class_03-29-2026_float16.tflite,GPU_SUPPORTED
2026-04-01 18:42:20,10,102.134,105.737,62.262,0,0,GPU,38.601,LIGHT,yolov8n_640_5-class_03-29-2026_saved_model/yolov8n_640_5-class_03-29-2026_float16.tflite,GPU_SUPPORTED
2026-04-01 18:42:21,9,105.333,113.504,58.128,0,0,GPU,31.105,LIGHT,yolov8n_640_5-class_03-29-2026_saved_model/yolov8n_640_5-class_03-29-2026_float16.tflite,GPU_SUPPORTED
2026-04-01 18:42:22,10,102.584,110.188,63.407,0,0,GPU,26.414,LIGHT,yolov8n_640_5-class_03-29-2026_saved_model/yolov8n_640_5-class_03-29-2026_float16.tflite,GPU_SUPPORTED
2026-04-01 18:42:23,9,103.441,107.843,62.309,0,0,GPU,29.930,LIGHT,yolov8n_640_5-class_03-29-2026_saved_model/yolov8n_640_5-class_03-29-2026_float16.tflite,GPU_SUPPORTED
2026-04-01 18:42:24,10,101.369,109.105,65.225,0,0,GPU,12.836,LIGHT,yolov8n_640_5-class_03-29-2026_saved_model/yolov8n_640_5-class_03-29-2026_float16.tflite,GPU_SUPPORTED
2026-04-01 18:42:25,10,102.415,114.326,63.229,0,0,GPU,20.547,LIGHT,yolov8n_640_5-class_03-29-2026_saved_model/yolov8n_640_5-class_03-29-2026_float16.tflite,GPU_SUPPORTED
2026-04-01 18:42:26,9,103.549,109.174,59.076,0,0,GPU,12.961,LIGHT,yolov8n_640_5-class_03-29-2026_saved_model/yolov8n_640_5-class_03-29-2026_float16.tflite,GPU_SUPPORTED
2026-04-01 18:42:28,10,102.351,107.849,59.917,0,0,GPU,21.726,LIGHT,yolov8n_640_5-class_03-29-2026_saved_model/yolov8n_640_5-class_03-29-2026_float16.tflite,GPU_SUPPORTED
2026-04-01 18:42:29,9,101.151,106.050,58.794,0,0,GPU,17.715,LIGHT,yolov8n_640_5-class_03-29-2026_saved_model/yolov8n_640_5-class_03-29-2026_float16.tflite,GPU_SUPPORTED
2026-04-01 18:42:30,10,104.940,111.802,59.195,0,0,GPU,29.898,LIGHT,yolov8n_640_5-class_03-29-2026_saved_model/yolov8n_640_5-class_03-29-2026_float16.tflite,GPU_SUPPORTED
2026-04-01 18:42:31,9,105.072,111.828,63.088,0,0,GPU,31.074,LIGHT,yolov8n_640_5-class_03-29-2026_saved_model/yolov8n_640_5-class_03-29-2026_float16.tflite,GPU_SUPPORTED
2026-04-01 18:42:32,10,102.922,107.775,60.713,0,0,GPU,26.414,LIGHT,yolov8n_640_5-class_03-29-2026_saved_model/yolov8n_640_5-class_03-29-2026_float16.tflite,GPU_SUPPORTED
2026-04-01 18:42:33,9,102.746,106.229,60.379,0,0,GPU,13.019,LIGHT,yolov8n_640_5-class_03-29-2026_saved_model/yolov8n_640_5-class_03-29-2026_float16.tflite,GPU_SUPPORTED
2026-04-01 18:42:34,10,105.666,112.824,61.887,0,0,GPU,19.340,LIGHT,yolov8n_640_5-class_03-29-2026_saved_model/yolov8n_640_5-class_03-29-2026_float16.tflite,GPU_SUPPORTED
2026-04-01 18:42:35,9,106.273,111.269,57.958,0,0,GPU,44.469,LIGHT,yolov8n_640_5-class_03-29-2026_saved_model/yolov8n_640_5-class_03-29-2026_float16.tflite,GPU_SUPPORTED
2026-04-01 18:42:36,9,104.886,110.448,62.543,0,0,GPU,17.683,LIGHT,yolov8n_640_5-class_03-29-2026_saved_model/yolov8n_640_5-class_03-29-2026_float16.tflite,GPU_SUPPORTED
2026-04-01 18:42:37,10,101.779,106.991,60.361,0,0,GPU,17.617,LIGHT,yolov8n_640_5-class_03-29-2026_saved_model/yolov8n_640_5-class_03-29-2026_float16.tflite,GPU_SUPPORTED
2026-04-01 18:42:38,10,99.242,104.381,59.513,0,0,GPU,31.465,LIGHT,yolov8n_640_5-class_03-29-2026_saved_model/yolov8n_640_5-class_03-29-2026_float16.tflite,GPU_SUPPORTED
2026-04-01 18:42:39,9,106.246,111.664,59.665,0,0,GPU,17.621,LIGHT,yolov8n_640_5-class_03-29-2026_saved_model/yolov8n_640_5-class_03-29-2026_float16.tflite,GPU_SUPPORTED
2026-04-01 18:42:40,10,103.143,109.630,58.744,0,0,GPU,19.340,LIGHT,yolov8n_640_5-class_03-29-2026_saved_model/yolov8n_640_5-class_03-29-2026_float16.tflite,GPU_SUPPORTED
2026-04-01 18:42:41,9,104.364,108.505,59.890,0,1,GPU,17.679,LIGHT,yolov8n_640_5-class_03-29-2026_saved_model/yolov8n_640_5-class_03-29-2026_float16.tflite,GPU_SUPPORTED
2026-04-01 18:42:42,10,102.647,110.455,60.959,0,0,GPU,20.488,LIGHT,yolov8n_640_5-class_03-29-2026_saved_model/yolov8n_640_5-class_03-29-2026_float16.tflite,GPU_SUPPORTED
2026-04-01 18:42:43,9,104.373,112.478,62.427,0,0,GPU,12.898,LIGHT,yolov8n_640_5-class_03-29-2026_saved_model/yolov8n_640_5-class_03-29-2026_float16.tflite,GPU_SUPPORTED
2026-04-01 18:42:44,10,104.107,110.929,66.089,0,0,GPU,19.308,LIGHT,yolov8n_640_5-class_03-29-2026_saved_model/yolov8n_640_5-class_03-29-2026_float16.tflite,GPU_SUPPORTED
2026-04-01 18:42:45,9,103.522,112.530,58.524,0,0,GPU,17.679,LIGHT,yolov8n_640_5-class_03-29-2026_saved_model/yolov8n_640_5-class_03-29-2026_float16.tflite,GPU_SUPPORTED
2026-04-01 18:42:46,10,100.962,108.339,58.693,0,0,GPU,17.464,LIGHT,yolov8n_640_5-class_03-29-2026_saved_model/yolov8n_640_5-class_03-29-2026_float16.tflite,GPU_SUPPORTED
2026-04-01 18:42:47,10,100.505,104.226,58.133,0,0,GPU,39.746,LIGHT,yolov8n_640_5-class_03-29-2026_saved_model/yolov8n_640_5-class_03-29-2026_float16.tflite,GPU_SUPPORTED
2026-04-01 18:42:48,9,103.509,104.709,58.772,0,0,GPU,16.441,LIGHT,yolov8n_640_5-class_03-29-2026_saved_model/yolov8n_640_5-class_03-29-2026_float16.tflite,GPU_SUPPORTED
2026-04-01 18:42:49,10,100.854,108.488,59.886,0,0,GPU,12.894,LIGHT,yolov8n_640_5-class_03-29-2026_saved_model/yolov8n_640_5-class_03-29-2026_float16.tflite,GPU_SUPPORTED
2026-04-01 18:42:50,10,100.503,109.661,56.931,0,0,GPU,26.363,LIGHT,yolov8n_640_5-class_03-29-2026_saved_model/yolov8n_640_5-class_03-29-2026_float16.tflite,GPU_SUPPORTED
2026-04-01 18:42:51,9,105.002,112.067,59.944,0,0,GPU,17.648,LIGHT,yolov8n_640_5-class_03-29-2026_saved_model/yolov8n_640_5-class_03-29-2026_float16.tflite,GPU_SUPPORTED
2026-04-01 18:42:52,10,97.724,103.263,59.650,0,0,GPU,18.070,LIGHT,yolov8n_640_5-class_03-29-2026_saved_model/yolov8n_640_5-class_03-29-2026_float16.tflite,GPU_SUPPORTED
2026-04-01 18:42:53,10,101.905,104.962,62.502,0,0,GPU,31.469,LIGHT,yolov8n_640_5-class_03-29-2026_saved_model/yolov8n_640_5-class_03-29-2026_float16.tflite,GPU_SUPPORTED
2026-04-01 18:42:54,9,105.909,107.822,61.594,0,0,GPU,17.711,LIGHT,yolov8n_640_5-class_03-29-2026_saved_model/yolov8n_640_5-class_03-29-2026_float16.tflite,GPU_SUPPORTED
2026-04-01 18:42:55,10,104.317,109.030,61.326,0,0,GPU,39.715,LIGHT,yolov8n_640_5-class_03-29-2026_saved_model/yolov8n_640_5-class_03-29-2026_float16.tflite,GPU_SUPPORTED
2026-04-01 18:42:56,9,102.476,108.438,60.741,0,0,GPU,18.101,LIGHT,yolov8n_640_5-class_03-29-2026_saved_model/yolov8n_640_5-class_03-29-2026_float16.tflite,GPU_SUPPORTED
2026-04-01 18:42:57,10,102.618,106.886,63.412,0,1,GPU,17.464,LIGHT,yolov8n_640_5-class_03-29-2026_saved_model/yolov8n_640_5-class_03-29-2026_float16.tflite,GPU_SUPPORTED
2026-04-01 18:42:58,10,102.931,110.996,63.112,0,0,GPU,33.910,LIGHT,yolov8n_640_5-class_03-29-2026_saved_model/yolov8n_640_5-class_03-29-2026_float16.tflite,GPU_SUPPORTED
2026-04-01 18:42:59,9,100.353,107.676,58.876,0,0,GPU,17.711,LIGHT,yolov8n_640_5-class_03-29-2026_saved_model/yolov8n_640_5-class_03-29-2026_float16.tflite,GPU_SUPPORTED
2026-04-01 18:43:00,10,105.145,111.394,57.544,0,0,GPU,39.839,LIGHT,yolov8n_640_5-class_03-29-2026_saved_model/yolov8n_640_5-class_03-29-2026_float16.tflite,GPU_SUPPORTED
2026-04-01 18:43:01,10,101.471,107.087,58.854,0,0,GPU,32.672,LIGHT,yolov8n_640_5-class_03-29-2026_saved_model/yolov8n_640_5-class_03-29-2026_float16.tflite,GPU_SUPPORTED
2026-04-01 18:43:02,9,103.040,108.143,61.285,0,0,GPU,31.109,LIGHT,yolov8n_640_5-class_03-29-2026_saved_model/yolov8n_640_5-class_03-29-2026_float16.tflite,GPU_SUPPORTED
2026-04-01 18:43:03,10,104.545,114.012,63.457,0,0,GPU,32.703,LIGHT,yolov8n_640_5-class_03-29-2026_saved_model/yolov8n_640_5-class_03-29-2026_float16.tflite,GPU_SUPPORTED
2026-04-01 18:43:04,9,101.680,106.257,57.758,0,0,GPU,31.074,LIGHT,yolov8n_640_5-class_03-29-2026_saved_model/yolov8n_640_5-class_03-29-2026_float16.tflite,GPU_SUPPORTED
2026-04-01 18:43:05,10,98.482,103.945,57.691,0,0,GPU,18.101,LIGHT,yolov8n_640_5-class_03-29-2026_saved_model/yolov8n_640_5-class_03-29-2026_float16.tflite,GPU_SUPPORTED
2026-04-01 18:43:06,11,97.623,100.790,64.289,0,0,GPU,17.746,LIGHT,yolov8n_640_5-class_03-29-2026_saved_model/yolov8n_640_5-class_03-29-2026_float16.tflite,GPU_SUPPORTED
2026-04-01 18:43:07,9,103.423,108.280,58.399,0,0,GPU,31.105,LIGHT,yolov8n_640_5-class_03-29-2026_saved_model/yolov8n_640_5-class_03-29-2026_float16.tflite,GPU_SUPPORTED
2026-04-01 18:43:08,9,102.849,109.854,58.047,0,0,GPU,31.074,LIGHT,yolov8n_640_5-class_03-29-2026_saved_model/yolov8n_640_5-class_03-29-2026_float16.tflite,GPU_SUPPORTED
2026-04-01 18:43:09,10,103.459,109.280,58.880,0,0,GPU,12.804,LIGHT,yolov8n_640_5-class_03-29-2026_saved_model/yolov8n_640_5-class_03-29-2026_float16.tflite,GPU_SUPPORTED
2026-04-01 18:43:10,9,104.629,115.486,61.756,0,0,GPU,12.992,LIGHT,yolov8n_640_5-class_03-29-2026_saved_model/yolov8n_640_5-class_03-29-2026_float16.tflite,GPU_SUPPORTED
2026-04-01 18:43:11,10,102.538,109.927,62.816,0,0,GPU,26.418,LIGHT,yolov8n_640_5-class_03-29-2026_saved_model/yolov8n_640_5-class_03-29-2026_float16.tflite,GPU_SUPPORTED
2026-04-01 18:43:12,9,106.148,108.422,65.938,0,0,GPU,18.101,LIGHT,yolov8n_640_5-class_03-29-2026_saved_model/yolov8n_640_5-class_03-29-2026_float16.tflite,GPU_SUPPORTED
2026-04-01 18:43:13,10,104.114,111.756,58.879,0,0,GPU,20.515,LIGHT,yolov8n_640_5-class_03-29-2026_saved_model/yolov8n_640_5-class_03-29-2026_float16.tflite,GPU_SUPPORTED
2026-04-01 18:43:14,9,106.405,110.615,60.293,0,0,GPU,17.586,LIGHT,yolov8n_640_5-class_03-29-2026_saved_model/yolov8n_640_5-class_03-29-2026_float16.tflite,GPU_SUPPORTED
2026-04-01 18:43:15,9,104.655,110.307,57.775,0,0,GPU,31.137,LIGHT,yolov8n_640_5-class_03-29-2026_saved_model/yolov8n_640_5-class_03-29-2026_float16.tflite,GPU_SUPPORTED
2026-04-01 18:43:16,10,105.450,109.598,58.305,0,1,GPU,39.750,LIGHT,yolov8n_640_5-class_03-29-2026_saved_model/yolov8n_640_5-class_03-29-2026_float16.tflite,GPU_SUPPORTED
2026-04-01 18:43:17,9,103.927,107.142,57.062,0,0,GPU,31.105,LIGHT,yolov8n_640_5-class_03-29-2026_saved_model/yolov8n_640_5-class_03-29-2026_float16.tflite,GPU_SUPPORTED
2026-04-01 18:43:18,10,101.631,107.220,60.113,0,0,GPU,31.074,LIGHT,yolov8n_640_5-class_03-29-2026_saved_model/yolov8n_640_5-class_03-29-2026_float16.tflite,GPU_SUPPORTED
2026-04-01 18:43:19,9,104.878,114.461,61.979,0,0,GPU,17.711,LIGHT,yolov8n_640_5-class_03-29-2026_saved_model/yolov8n_640_5-class_03-29-2026_float16.tflite,GPU_SUPPORTED
2026-04-01 18:43:20,10,102.887,106.886,59.027,0,0,GPU,17.586,LIGHT,yolov8n_640_5-class_03-29-2026_saved_model/yolov8n_640_5-class_03-29-2026_float16.tflite,GPU_SUPPORTED
2026-04-01 18:43:21,9,106.436,109.986,59.471,0,0,GPU,31.156,LIGHT,yolov8n_640_5-class_03-29-2026_saved_model/yolov8n_640_5-class_03-29-2026_float16.tflite,GPU_SUPPORTED
2026-04-01 18:43:22,10,105.095,111.223,60.917,0,0,GPU,17.761,LIGHT,yolov8n_640_5-class_03-29-2026_saved_model/yolov8n_640_5-class_03-29-2026_float16.tflite,GPU_SUPPORTED
2026-04-01 18:43:23,9,105.488,116.272,61.011,0,0,GPU,17.574,LIGHT,yolov8n_640_5-class_03-29-2026_saved_model/yolov8n_640_5-class_03-29-2026_float16.tflite,GPU_SUPPORTED
2026-04-01 18:43:24,10,101.364,109.706,55.544,0,0,GPU,26.832,LIGHT,yolov8n_640_5-class_03-29-2026_saved_model/yolov8n_640_5-class_03-29-2026_float16.tflite,GPU_SUPPORTED
2026-04-01 18:43:25,10,98.856,106.953,63.918,0,0,GPU,39.769,LIGHT,yolov8n_640_5-class_03-29-2026_saved_model/yolov8n_640_5-class_03-29-2026_float16.tflite,GPU_SUPPORTED
2026-04-01 18:43:26,9,104.867,114.673,58.036,0,0,GPU,16.367,LIGHT,yolov8n_640_5-class_03-29-2026_saved_model/yolov8n_640_5-class_03-29-2026_float16.tflite,GPU_SUPPORTED
2026-04-01 18:43:27,9,106.107,111.677,59.773,0,0,GPU,17.730,LIGHT,yolov8n_640_5-class_03-29-2026_saved_model/yolov8n_640_5-class_03-29-2026_float16.tflite,GPU_SUPPORTED
2026-04-01 18:43:28,10,103.619,107.019,62.515,0,0,GPU,31.484,LIGHT,yolov8n_640_5-class_03-29-2026_saved_model/yolov8n_640_5-class_03-29-2026_float16.tflite,GPU_SUPPORTED
2026-04-01 18:43:29,10,102.709,109.075,60.452,0,0,GPU,13.101,LIGHT,yolov8n_640_5-class_03-29-2026_saved_model/yolov8n_640_5-class_03-29-2026_float16.tflite,GPU_SUPPORTED
2026-04-01 18:43:30,9,103.329,108.594,58.003,0,0,GPU,31.129,LIGHT,yolov8n_640_5-class_03-29-2026_saved_model/yolov8n_640_5-class_03-29-2026_float16.tflite,GPU_SUPPORTED
2026-04-01 18:43:31,10,101.561,114.733,59.424,0,0,GPU,29.918,LIGHT,yolov8n_640_5-class_03-29-2026_saved_model/yolov8n_640_5-class_03-29-2026_float16.tflite,GPU_SUPPORTED
2026-04-01 18:43:32,9,102.500,110.941,59.056,0,0,GPU,18.152,LIGHT,yolov8n_640_5-class_03-29-2026_saved_model/yolov8n_640_5-class_03-29-2026_float16.tflite,GPU_SUPPORTED
2026-04-01 18:43:33,10,104.644,111.750,65.515,0,0,GPU,25.258,LIGHT,yolov8n_640_5-class_03-29-2026_saved_model/yolov8n_640_5-class_03-29-2026_float16.tflite,GPU_SUPPORTED
2026-04-01 18:43:34,9,104.563,109.069,60.349,0,0,GPU,29.918,LIGHT,yolov8n_640_5-class_03-29-2026_saved_model/yolov8n_640_5-class_03-29-2026_float16.tflite,GPU_SUPPORTED
2026-04-01 18:43:35,10,104.244,112.049,57.707,0,0,GPU,26.402,LIGHT,yolov8n_640_5-class_03-29-2026_saved_model/yolov8n_640_5-class_03-29-2026_float16.tflite,GPU_SUPPORTED
2026-04-01 18:43:36,9,104.264,109.579,64.772,0,0,GPU,17.699,LIGHT,yolov8n_640_5-class_03-29-2026_saved_model/yolov8n_640_5-class_03-29-2026_float16.tflite,GPU_SUPPORTED
2026-04-01 18:43:37,10,104.073,111.824,59.666,0,0,GPU,32.758,LIGHT,yolov8n_640_5-class_03-29-2026_saved_model/yolov8n_640_5-class_03-29-2026_float16.tflite,GPU_SUPPORTED
2026-04-01 18:43:38,9,104.135,109.276,63.773,0,0,GPU,31.094,LIGHT,yolov8n_640_5-class_03-29-2026_saved_model/yolov8n_640_5-class_03-29-2026_float16.tflite,GPU_SUPPORTED
2026-04-01 18:43:39,10,102.094,107.981,59.338,0,0,GPU,25.226,LIGHT,yolov8n_640_5-class_03-29-2026_saved_model/yolov8n_640_5-class_03-29-2026_float16.tflite,GPU_SUPPORTED
2026-04-01 18:43:40,10,99.457,107.933,59.051,0,0,GPU,21.715,LIGHT,yolov8n_640_5-class_03-29-2026_saved_model/yolov8n_640_5-class_03-29-2026_float16.tflite,GPU_SUPPORTED
2026-04-01 18:43:41,9,105.402,110.041,57.985,0,0,GPU,31.094,LIGHT,yolov8n_640_5-class_03-29-2026_saved_model/yolov8n_640_5-class_03-29-2026_float16.tflite,GPU_SUPPORTED
2026-04-01 18:43:42,10,100.925,106.039,59.942,0,0,GPU,38.590,LIGHT,yolov8n_640_5-class_03-29-2026_saved_model/yolov8n_640_5-class_03-29-2026_float16.tflite,GPU_SUPPORTED
2026-04-01 18:43:43,9,103.815,107.646,57.321,0,0,GPU,31.125,LIGHT,yolov8n_640_5-class_03-29-2026_saved_model/yolov8n_640_5-class_03-29-2026_float16.tflite,GPU_SUPPORTED
2026-04-01 18:43:44,11,97.873,105.023,61.251,0,0,GPU,16.617,LIGHT,yolov8n_640_5-class_03-29-2026_saved_model/yolov8n_640_5-class_03-29-2026_float16.tflite,GPU_SUPPORTED
2026-04-01 18:43:45,9,101.502,102.500,63.085,0,0,GPU,17.699,LIGHT,yolov8n_640_5-class_03-29-2026_saved_model/yolov8n_640_5-class_03-29-2026_float16.tflite,GPU_SUPPORTED
2026-04-01 18:43:46,10,104.159,108.699,65.174,0,0,GPU,31.578,LIGHT,yolov8n_640_5-class_03-29-2026_saved_model/yolov8n_640_5-class_03-29-2026_float16.tflite,GPU_SUPPORTED
2026-04-01 18:43:47,10,98.934,104.372,59.236,0,0,GPU,20.504,LIGHT,yolov8n_640_5-class_03-29-2026_saved_model/yolov8n_640_5-class_03-29-2026_float16.tflite,GPU_SUPPORTED
2026-04-01 18:43:48,9,103.994,107.882,63.883,0,0,GPU,31.156,LIGHT,yolov8n_640_5-class_03-29-2026_saved_model/yolov8n_640_5-class_03-29-2026_float16.tflite,GPU_SUPPORTED
2026-04-01 18:43:49,10,101.635,108.536,61.919,0,0,GPU,26.402,LIGHT,yolov8n_640_5-class_03-29-2026_saved_model/yolov8n_640_5-class_03-29-2026_float16.tflite,GPU_SUPPORTED
2026-04-01 18:43:50,10,100.833,107.117,63.675,0,0,GPU,26.406,LIGHT,yolov8n_640_5-class_03-29-2026_saved_model/yolov8n_640_5-class_03-29-2026_float16.tflite,GPU_SUPPORTED
2026-04-01 18:43:51,9,103.197,109.975,60.499,0,0,GPU,17.730,LIGHT,yolov8n_640_5-class_03-29-2026_saved_model/yolov8n_640_5-class_03-29-2026_float16.tflite,GPU_SUPPORTED
2026-04-01 18:43:52,10,103.035,108.661,56.725,0,0,GPU,26.406,LIGHT,yolov8n_640_5-class_03-29-2026_saved_model/yolov8n_640_5-class_03-29-2026_float16.tflite,GPU_SUPPORTED
2026-04-01 18:43:53,9,105.772,111.492,62.864,0,0,GPU,17.636,LIGHT,yolov8n_640_5-class_03-29-2026_saved_model/yolov8n_640_5-class_03-29-2026_float16.tflite,GPU_SUPPORTED
2026-04-01 18:43:54,9,105.739,110.797,62.140,0,0,GPU,31.129,LIGHT,yolov8n_640_5-class_03-29-2026_saved_model/yolov8n_640_5-class_03-29-2026_float16.tflite,GPU_SUPPORTED
2026-04-01 18:43:55,10,106.554,110.791,60.257,0,0,GPU,31.160,LIGHT,yolov8n_640_5-class_03-29-2026_saved_model/yolov8n_640_5-class_03-29-2026_float16.tflite,GPU_SUPPORTED
2026-04-01 18:43:56,9,102.995,109.816,61.527,0,0,GPU,12.820,LIGHT,yolov8n_640_5-class_03-29-2026_saved_model/yolov8n_640_5-class_03-29-2026_float16.tflite,GPU_SUPPORTED
2026-04-01 18:43:57,10,102.193,107.226,57.602,0,1,GPU,20.504,LIGHT,yolov8n_640_5-class_03-29-2026_saved_model/yolov8n_640_5-class_03-29-2026_float16.tflite,GPU_SUPPORTED
2026-04-01 18:43:58,9,102.329,110.580,65.186,0,0,GPU,31.097,LIGHT,yolov8n_640_5-class_03-29-2026_saved_model/yolov8n_640_5-class_03-29-2026_float16.tflite,GPU_SUPPORTED
2026-04-01 18:43:59,10,100.719,104.800,58.990,0,0,GPU,31.094,LIGHT,yolov8n_640_5-class_03-29-2026_saved_model/yolov8n_640_5-class_03-29-2026_float16.tflite,GPU_SUPPORTED
2026-04-01 18:44:00,10,101.380,106.221,62.785,0,0,GPU,25.289,LIGHT,yolov8n_640_5-class_03-29-2026_saved_model/yolov8n_640_5-class_03-29-2026_float16.tflite,GPU_SUPPORTED
2026-04-01 18:44:01,10,97.374,103.348,58.187,0,1,GPU,17.605,LIGHT,yolov8n_640_5-class_03-29-2026_saved_model/yolov8n_640_5-class_03-29-2026_float16.tflite,GPU_SUPPORTED
2026-04-01 18:44:02,11,93.241,97.219,57.055,0,0,GPU,13.105,LIGHT,yolov8n_640_5-class_03-29-2026_saved_model/yolov8n_640_5-class_03-29-2026_float16.tflite,GPU_SUPPORTED
2026-04-01 18:44:03,10,94.132,100.668,62.170,0,0,GPU,29.918,LIGHT,yolov8n_640_5-class_03-29-2026_saved_model/yolov8n_640_5-class_03-29-2026_float16.tflite,GPU_SUPPORTED
2026-04-01 18:44:04,10,97.070,105.579,60.684,0,0,GPU,31.125,LIGHT,yolov8n_640_5-class_03-29-2026_saved_model/yolov8n_640_5-class_03-29-2026_float16.tflite,GPU_SUPPORTED
2026-04-01 18:44:05,10,102.557,105.559,58.073,0,0,GPU,26.371,LIGHT,yolov8n_640_5-class_03-29-2026_saved_model/yolov8n_640_5-class_03-29-2026_float16.tflite,GPU_SUPPORTED
2026-04-01 18:44:06,9,101.558,107.241,57.239,0,0,GPU,29.949,LIGHT,yolov8n_640_5-class_03-29-2026_saved_model/yolov8n_640_5-class_03-29-2026_float16.tflite,GPU_SUPPORTED
2026-04-01 18:44:07,10,98.337,106.424,61.135,0,0,GPU,31.484,LIGHT,yolov8n_640_5-class_03-29-2026_saved_model/yolov8n_640_5-class_03-29-2026_float16.tflite,GPU_SUPPORTED
2026-04-01 18:44:08,10,104.480,111.683,62.260,0,0,GPU,26.437,LIGHT,yolov8n_640_5-class_03-29-2026_saved_model/yolov8n_640_5-class_03-29-2026_float16.tflite,GPU_SUPPORTED
2026-04-01 18:44:09,9,104.578,111.432,58.684,0,0,GPU,31.156,LIGHT,yolov8n_640_5-class_03-29-2026_saved_model/yolov8n_640_5-class_03-29-2026_float16.tflite,GPU_SUPPORTED
2026-04-01 18:44:10,10,100.587,105.052,59.431,0,0,GPU,31.094,LIGHT,yolov8n_640_5-class_03-29-2026_saved_model/yolov8n_640_5-class_03-29-2026_float16.tflite,GPU_SUPPORTED
2026-04-01 18:44:11,9,105.763,111.509,59.660,0,0,GPU,31.125,LIGHT,yolov8n_640_5-class_03-29-2026_saved_model/yolov8n_640_5-class_03-29-2026_float16.tflite,GPU_SUPPORTED
2026-04-01 18:44:12,10,104.707,111.747,61.470,0,0,GPU,26.402,MODERATE,yolov8n_640_5-class_03-29-2026_saved_model/yolov8n_640_5-class_03-29-2026_float16.tflite,GPU_SUPPORTED
2026-04-01 18:44:13,9,101.835,107.474,58.098,0,0,GPU,17.699,MODERATE,yolov8n_640_5-class_03-29-2026_saved_model/yolov8n_640_5-class_03-29-2026_float16.tflite,GPU_SUPPORTED
2026-04-01 18:44:14,10,105.757,111.062,62.258,0,0,GPU,26.855,MODERATE,yolov8n_640_5-class_03-29-2026_saved_model/yolov8n_640_5-class_03-29-2026_float16.tflite,GPU_SUPPORTED
2026-04-01 18:44:15,9,104.607,109.758,59.025,0,0,GPU,17.636,MODERATE,yolov8n_640_5-class_03-29-2026_saved_model/yolov8n_640_5-class_03-29-2026_float16.tflite,GPU_SUPPORTED
2026-04-01 18:44:16,10,100.502,107.604,58.080,0,0,GPU,29.949,MODERATE,yolov8n_640_5-class_03-29-2026_saved_model/yolov8n_640_5-class_03-29-2026_float16.tflite,GPU_SUPPORTED
2026-04-01 18:44:17,10,103.132,108.314,62.342,0,0,GPU,32.723,MODERATE,yolov8n_640_5-class_03-29-2026_saved_model/yolov8n_640_5-class_03-29-2026_float16.tflite,GPU_SUPPORTED
2026-04-01 18:44:18,9,105.671,109.788,63.244,0,0,GPU,31.094,MODERATE,yolov8n_640_5-class_03-29-2026_saved_model/yolov8n_640_5-class_03-29-2026_float16.tflite,GPU_SUPPORTED
2026-04-01 18:44:19,9,103.918,108.584,58.275,0,0,GPU,31.519,MODERATE,yolov8n_640_5-class_03-29-2026_saved_model/yolov8n_640_5-class_03-29-2026_float16.tflite,GPU_SUPPORTED
2026-04-01 18:44:20,10,104.385,109.591,57.832,0,0,GPU,31.125,MODERATE,yolov8n_640_5-class_03-29-2026_saved_model/yolov8n_640_5-class_03-29-2026_float16.tflite,GPU_SUPPORTED
2026-04-01 18:44:21,9,104.128,107.863,60.559,0,1,GPU,17.730,MODERATE,yolov8n_640_5-class_03-29-2026_saved_model/yolov8n_640_5-class_03-29-2026_float16.tflite,GPU_SUPPORTED
2026-04-01 18:44:22,10,102.311,108.625,60.615,0,0,GPU,17.574,MODERATE,yolov8n_640_5-class_03-29-2026_saved_model/yolov8n_640_5-class_03-29-2026_float16.tflite,GPU_SUPPORTED
2026-04-01 18:44:23,10,102.045,111.014,64.259,0,0,GPU,35.074,MODERATE,yolov8n_640_5-class_03-29-2026_saved_model/yolov8n_640_5-class_03-29-2026_float16.tflite,GPU_SUPPORTED
2026-04-01 18:44:24,10,96.440,104.462,57.712,0,0,GPU,31.125,MODERATE,yolov8n_640_5-class_03-29-2026_saved_model/yolov8n_640_5-class_03-29-2026_float16.tflite,GPU_SUPPORTED
2026-04-01 18:44:25,10,103.023,111.603,59.600,0,1,GPU,31.094,MODERATE,yolov8n_640_5-class_03-29-2026_saved_model/yolov8n_640_5-class_03-29-2026_float16.tflite,GPU_SUPPORTED
2026-04-01 18:44:26,9,106.232,109.699,63.843,0,0,GPU,40.156,MODERATE,yolov8n_640_5-class_03-29-2026_saved_model/yolov8n_640_5-class_03-29-2026_float16.tflite,GPU_SUPPORTED
2026-04-01 18:44:27,10,100.804,105.384,60.371,0,0,GPU,15.847,MODERATE,yolov8n_640_5-class_03-29-2026_saved_model/yolov8n_640_5-class_03-29-2026_float16.tflite,GPU_SUPPORTED
2026-04-01 18:44:28,10,98.348,100.049,59.954,0,0,GPU,39.766,MODERATE,yolov8n_640_5-class_03-29-2026_saved_model/yolov8n_640_5-class_03-29-2026_float16.tflite,GPU_SUPPORTED
2026-04-01 18:44:29,9,100.744,103.673,57.625,0,0,GPU,31.515,MODERATE,yolov8n_640_5-class_03-29-2026_saved_model/yolov8n_640_5-class_03-29-2026_float16.tflite,GPU_SUPPORTED
2026-04-01 18:44:30,10,101.587,108.771,58.827,0,0,GPU,18.121,MODERATE,yolov8n_640_5-class_03-29-2026_saved_model/yolov8n_640_5-class_03-29-2026_float16.tflite,GPU_SUPPORTED
2026-04-01 18:44:31,10,101.859,106.577,61.319,0,0,GPU,26.402,MODERATE,yolov8n_640_5-class_03-29-2026_saved_model/yolov8n_640_5-class_03-29-2026_float16.tflite,GPU_SUPPORTED
2026-04-01 18:44:32,9,105.591,108.598,59.325,0,0,GPU,29.918,MODERATE,yolov8n_640_5-class_03-29-2026_saved_model/yolov8n_640_5-class_03-29-2026_float16.tflite,GPU_SUPPORTED
2026-04-01 18:44:33,10,102.789,108.808,61.418,0,0,GPU,14.668,MODERATE,yolov8n_640_5-class_03-29-2026_saved_model/yolov8n_640_5-class_03-29-2026_float16.tflite,GPU_SUPPORTED
2026-04-01 18:44:34,9,100.564,106.636,58.495,0,0,GPU,31.094,MODERATE,yolov8n_640_5-class_03-29-2026_saved_model/yolov8n_640_5-class_03-29-2026_float16.tflite,GPU_SUPPORTED
2026-04-01 18:44:35,10,102.193,105.873,59.489,0,0,GPU,17.640,MODERATE,yolov8n_640_5-class_03-29-2026_saved_model/yolov8n_640_5-class_03-29-2026_float16.tflite,GPU_SUPPORTED
2026-04-01 18:44:36,10,100.707,109.378,56.159,0,0,GPU,12.882,MODERATE,yolov8n_640_5-class_03-29-2026_saved_model/yolov8n_640_5-class_03-29-2026_float16.tflite,GPU_SUPPORTED
2026-04-01 18:44:37,9,103.317,107.827,64.275,0,0,GPU,17.734,MODERATE,yolov8n_640_5-class_03-29-2026_saved_model/yolov8n_640_5-class_03-29-2026_float16.tflite,GPU_SUPPORTED
2026-04-01 18:44:38,10,104.191,108.130,58.328,0,0,GPU,44.520,MODERATE,yolov8n_640_5-class_03-29-2026_saved_model/yolov8n_640_5-class_03-29-2026_float16.tflite,GPU_SUPPORTED
2026-04-01 18:44:39,10,102.452,108.082,58.495,0,0,GPU,17.765,MODERATE,yolov8n_640_5-class_03-29-2026_saved_model/yolov8n_640_5-class_03-29-2026_float16.tflite,GPU_SUPPORTED
2026-04-01 18:44:40,9,101.009,105.894,58.450,0,0,GPU,31.125,MODERATE,yolov8n_640_5-class_03-29-2026_saved_model/yolov8n_640_5-class_03-29-2026_float16.tflite,GPU_SUPPORTED
2026-04-01 18:44:41,10,106.342,110.320,59.014,0,0,GPU,17.761,MODERATE,yolov8n_640_5-class_03-29-2026_saved_model/yolov8n_640_5-class_03-29-2026_float16.tflite,GPU_SUPPORTED
2026-04-01 18:44:42,9,107.144,114.953,62.861,0,0,GPU,39.766,MODERATE,yolov8n_640_5-class_03-29-2026_saved_model/yolov8n_640_5-class_03-29-2026_float16.tflite,GPU_SUPPORTED
2026-04-01 18:44:43,9,106.019,112.939,68.310,0,0,GPU,17.996,MODERATE,yolov8n_640_5-class_03-29-2026_saved_model/yolov8n_640_5-class_03-29-2026_float16.tflite,GPU_SUPPORTED
2026-04-01 18:44:44,10,99.561,104.877,57.322,0,0,GPU,31.094,MODERATE,yolov8n_640_5-class_03-29-2026_saved_model/yolov8n_640_5-class_03-29-2026_float16.tflite,GPU_SUPPORTED
2026-04-01 18:44:45,10,98.984,104.133,62.082,0,0,GPU,31.094,MODERATE,yolov8n_640_5-class_03-29-2026_saved_model/yolov8n_640_5-class_03-29-2026_float16.tflite,GPU_SUPPORTED
2026-04-01 18:44:46,10,100.553,108.975,58.887,0,0,GPU,18.152,MODERATE,yolov8n_640_5-class_03-29-2026_saved_model/yolov8n_640_5-class_03-29-2026_float16.tflite,GPU_SUPPORTED
2026-04-01 18:44:47,9,102.433,108.206,62.279,0,0,GPU,31.125,MODERATE,yolov8n_640_5-class_03-29-2026_saved_model/yolov8n_640_5-class_03-29-2026_float16.tflite,GPU_SUPPORTED
2026-04-01 18:44:48,10,104.987,111.713,58.064,0,0,GPU,26.402,MODERATE,yolov8n_640_5-class_03-29-2026_saved_model/yolov8n_640_5-class_03-29-2026_float16.tflite,GPU_SUPPORTED
2026-04-01 18:44:49,9,106.042,109.471,59.816,0,0,GPU,17.605,MODERATE,yolov8n_640_5-class_03-29-2026_saved_model/yolov8n_640_5-class_03-29-2026_float16.tflite,GPU_SUPPORTED
2026-04-01 18:44:50,9,104.218,109.836,56.812,0,0,GPU,29.949,MODERATE,yolov8n_640_5-class_03-29-2026_saved_model/yolov8n_640_5-class_03-29-2026_float16.tflite,GPU_SUPPORTED
2026-04-01 18:44:51,11,98.752,106.154,58.124,0,0,GPU,17.761,MODERATE,yolov8n_640_5-class_03-29-2026_saved_model/yolov8n_640_5-class_03-29-2026_float16.tflite,GPU_SUPPORTED
2026-04-01 18:44:52,9,100.473,104.664,61.242,0,0,GPU,31.125,MODERATE,yolov8n_640_5-class_03-29-2026_saved_model/yolov8n_640_5-class_03-29-2026_float16.tflite,GPU_SUPPORTED
2026-04-01 18:44:53,10,101.659,105.673,57.969,0,0,GPU,31.094,MODERATE,yolov8n_640_5-class_03-29-2026_saved_model/yolov8n_640_5-class_03-29-2026_float16.tflite,GPU_SUPPORTED
2026-04-01 18:44:54,10,100.948,107.848,63.454,0,0,GPU,31.515,MODERATE,yolov8n_640_5-class_03-29-2026_saved_model/yolov8n_640_5-class_03-29-2026_float16.tflite,GPU_SUPPORTED
2026-04-01 18:44:55,10,98.203,102.518,61.989,0,0,GPU,20.926,MODERATE,yolov8n_640_5-class_03-29-2026_saved_model/yolov8n_640_5-class_03-29-2026_float16.tflite,GPU_SUPPORTED
2026-04-01 18:44:56,9,102.560,109.128,56.248,0,0,GPU,31.094,MODERATE,yolov8n_640_5-class_03-29-2026_saved_model/yolov8n_640_5-class_03-29-2026_float16.tflite,GPU_SUPPORTED
2026-04-01 18:44:57,10,103.152,110.925,56.748,0,0,GPU,26.402,MODERATE,yolov8n_640_5-class_03-29-2026_saved_model/yolov8n_640_5-class_03-29-2026_float16.tflite,GPU_SUPPORTED
2026-04-01 18:44:58,9,103.958,107.184,63.781,0,0,GPU,31.129,MODERATE,yolov8n_640_5-class_03-29-2026_saved_model/yolov8n_640_5-class_03-29-2026_float16.tflite,GPU_SUPPORTED
2026-04-01 18:44:59,10,102.916,112.373,57.948,0,0,GPU,26.402,MODERATE,yolov8n_640_5-class_03-29-2026_saved_model/yolov8n_640_5-class_03-29-2026_float16.tflite,GPU_SUPPORTED
2026-04-01 18:45:00,10,101.775,112.458,55.864,0,0,GPU,18.125,MODERATE,yolov8n_640_5-class_03-29-2026_saved_model/yolov8n_640_5-class_03-29-2026_float16.tflite,GPU_SUPPORTED
2026-04-01 18:45:01,10,98.066,102.421,63.204,0,0,GPU,32.723,MODERATE,yolov8n_640_5-class_03-29-2026_saved_model/yolov8n_640_5-class_03-29-2026_float16.tflite,GPU_SUPPORTED
2026-04-01 18:45:02,10,98.672,103.550,58.063,0,0,GPU,29.949,MODERATE,yolov8n_640_5-class_03-29-2026_saved_model/yolov8n_640_5-class_03-29-2026_float16.tflite,GPU_SUPPORTED
2026-04-01 18:45:03,9,101.677,108.018,64.788,0,0,GPU,13.398,MODERATE,yolov8n_640_5-class_03-29-2026_saved_model/yolov8n_640_5-class_03-29-2026_float16.tflite,GPU_SUPPORTED
2026-04-01 18:45:04,10,102.966,109.286,58.488,0,0,GPU,31.125,MODERATE,yolov8n_640_5-class_03-29-2026_saved_model/yolov8n_640_5-class_03-29-2026_float16.tflite,GPU_SUPPORTED
2026-04-01 18:45:05,9,104.890,109.431,58.735,0,0,GPU,17.730,MODERATE,yolov8n_640_5-class_03-29-2026_saved_model/yolov8n_640_5-class_03-29-2026_float16.tflite,GPU_SUPPORTED
2026-04-01 18:45:06,10,103.752,111.747,57.899,0,0,GPU,31.515,MODERATE,yolov8n_640_5-class_03-29-2026_saved_model/yolov8n_640_5-class_03-29-2026_float16.tflite,GPU_SUPPORTED
2026-04-01 18:45:07,10,100.872,106.011,58.527,0,0,GPU,20.894,MODERATE,yolov8n_640_5-class_03-29-2026_saved_model/yolov8n_640_5-class_03-29-2026_float16.tflite,GPU_SUPPORTED
2026-04-01 18:45:08,10,96.856,98.629,61.173,0,0,GPU,21.715,MODERATE,yolov8n_640_5-class_03-29-2026_saved_model/yolov8n_640_5-class_03-29-2026_float16.tflite,GPU_SUPPORTED
2026-04-01 18:45:09,9,101.312,105.464,57.665,0,0,GPU,31.125,MODERATE,yolov8n_640_5-class_03-29-2026_saved_model/yolov8n_640_5-class_03-29-2026_float16.tflite,GPU_SUPPORTED
2026-04-01 18:45:10,10,101.698,108.347,63.818,0,0,GPU,31.097,MODERATE,yolov8n_640_5-class_03-29-2026_saved_model/yolov8n_640_5-class_03-29-2026_float16.tflite,GPU_SUPPORTED
2026-04-01 18:45:11,10,101.987,109.941,63.936,0,0,GPU,21.711,MODERATE,yolov8n_640_5-class_03-29-2026_saved_model/yolov8n_640_5-class_03-29-2026_float16.tflite,GPU_SUPPORTED
2026-04-01 18:45:12,9,101.885,105.586,59.129,0,1,GPU,31.129,MODERATE,yolov8n_640_5-class_03-29-2026_saved_model/yolov8n_640_5-class_03-29-2026_float16.tflite,GPU_SUPPORTED
2026-04-01 18:45:13,10,101.044,106.270,63.423,0,0,GPU,31.515,MODERATE,yolov8n_640_5-class_03-29-2026_saved_model/yolov8n_640_5-class_03-29-2026_float16.tflite,GPU_SUPPORTED
2026-04-01 18:45:14,10,103.216,104.775,57.408,0,0,GPU,26.402,MODERATE,yolov8n_640_5-class_03-29-2026_saved_model/yolov8n_640_5-class_03-29-2026_float16.tflite,GPU_SUPPORTED
2026-04-01 18:45:15,10,97.545,104.340,60.037,0,1,GPU,17.918,MODERATE,yolov8n_640_5-class_03-29-2026_saved_model/yolov8n_640_5-class_03-29-2026_float16.tflite,GPU_SUPPORTED
2026-04-01 18:45:16,11,92.229,100.360,57.129,0,0,GPU,44.551,MODERATE,yolov8n_640_5-class_03-29-2026_saved_model/yolov8n_640_5-class_03-29-2026_float16.tflite,GPU_SUPPORTED
2026-04-01 18:45:17,10,98.247,111.716,56.245,0,0,GPU,26.371,MODERATE,yolov8n_640_5-class_03-29-2026_saved_model/yolov8n_640_5-class_03-29-2026_float16.tflite,GPU_SUPPORTED
2026-04-01 18:45:18,10,97.150,109.334,61.439,0,0,GPU,12.851,MODERATE,yolov8n_640_5-class_03-29-2026_saved_model/yolov8n_640_5-class_03-29-2026_float16.tflite,GPU_SUPPORTED
2026-04-01 18:45:19,10,101.434,115.296,57.327,0,0,GPU,39.769,MODERATE,yolov8n_640_5-class_03-29-2026_saved_model/yolov8n_640_5-class_03-29-2026_float16.tflite,GPU_SUPPORTED
2026-04-01 18:45:20,10,94.040,102.634,56.793,0,0,GPU,17.636,MODERATE,yolov8n_640_5-class_03-29-2026_saved_model/yolov8n_640_5-class_03-29-2026_float16.tflite,GPU_SUPPORTED
2026-04-01 18:45:21,10,101.033,108.961,58.500,0,0,GPU,17.547,MODERATE,yolov8n_640_5-class_03-29-2026_saved_model/yolov8n_640_5-class_03-29-2026_float16.tflite,GPU_SUPPORTED
2026-04-01 18:45:22,9,106.167,111.932,59.053,0,0,GPU,29.949,MODERATE,yolov8n_640_5-class_03-29-2026_saved_model/yolov8n_640_5-class_03-29-2026_float16.tflite,GPU_SUPPORTED
2026-04-01 18:45:23,10,103.164,108.011,57.570,0,0,GPU,26.402,MODERATE,yolov8n_640_5-class_03-29-2026_saved_model/yolov8n_640_5-class_03-29-2026_float16.tflite,GPU_SUPPORTED
2026-04-01 18:45:24,9,107.279,115.477,60.794,0,0,GPU,31.094,MODERATE,yolov8n_640_5-class_03-29-2026_saved_model/yolov8n_640_5-class_03-29-2026_float16.tflite,GPU_SUPPORTED
2026-04-01 18:45:25,10,97.760,104.834,58.148,0,0,GPU,31.094,MODERATE,yolov8n_640_5-class_03-29-2026_saved_model/yolov8n_640_5-class_03-29-2026_float16.tflite,GPU_SUPPORTED
2026-04-01 18:45:26,10,101.055,106.552,55.361,0,0,GPU,31.125,MODERATE,yolov8n_640_5-class_03-29-2026_saved_model/yolov8n_640_5-class_03-29-2026_float16.tflite,GPU_SUPPORTED
2026-04-01 18:45:27,10,98.505,100.157,61.477,0,0,GPU,29.918,MODERATE,yolov8n_640_5-class_03-29-2026_saved_model/yolov8n_640_5-class_03-29-2026_float16.tflite,GPU_SUPPORTED
2026-04-01 18:45:28,10,98.348,103.324,57.244,0,0,GPU,17.933,MODERATE,yolov8n_640_5-class_03-29-2026_saved_model/yolov8n_640_5-class_03-29-2026_float16.tflite,GPU_SUPPORTED
2026-04-01 18:45:29,10,102.175,112.293,56.846,0,0,GPU,18.152,MODERATE,yolov8n_640_5-class_03-29-2026_saved_model/yolov8n_640_5-class_03-29-2026_float16.tflite,GPU_SUPPORTED
2026-04-01 18:45:30,9,106.214,109.848,59.983,0,0,GPU,12.851,MODERATE,yolov8n_640_5-class_03-29-2026_saved_model/yolov8n_640_5-class_03-29-2026_float16.tflite,GPU_SUPPORTED
2026-04-01 18:45:31,10,101.434,108.487,57.182,0,0,GPU,19.328,MODERATE,yolov8n_640_5-class_03-29-2026_saved_model/yolov8n_640_5-class_03-29-2026_float16.tflite,GPU_SUPPORTED
2026-04-01 18:45:32,9,109.130,115.329,60.256,0,0,GPU,39.797,MODERATE,yolov8n_640_5-class_03-29-2026_saved_model/yolov8n_640_5-class_03-29-2026_float16.tflite,GPU_SUPPORTED
2026-04-01 18:45:33,9,101.693,107.589,58.699,0,0,GPU,31.125,MODERATE,yolov8n_640_5-class_03-29-2026_saved_model/yolov8n_640_5-class_03-29-2026_float16.tflite,GPU_SUPPORTED
2026-04-01 18:45:34,10,103.543,108.652,59.692,0,0,GPU,17.543,MODERATE,yolov8n_640_5-class_03-29-2026_saved_model/yolov8n_640_5-class_03-29-2026_float16.tflite,GPU_SUPPORTED
2026-04-01 18:45:35,9,105.374,109.261,57.044,0,1,GPU,31.094,MODERATE,yolov8n_640_5-class_03-29-2026_saved_model/yolov8n_640_5-class_03-29-2026_float16.tflite,GPU_SUPPORTED
2026-04-01 18:45:36,10,102.974,109.699,59.192,0,0,GPU,39.797,MODERATE,yolov8n_640_5-class_03-29-2026_saved_model/yolov8n_640_5-class_03-29-2026_float16.tflite,GPU_SUPPORTED
2026-04-01 18:45:38,9,104.202,116.086,58.109,0,0,GPU,13.007,MODERATE,yolov8n_640_5-class_03-29-2026_saved_model/yolov8n_640_5-class_03-29-2026_float16.tflite,GPU_SUPPORTED
2026-04-01 18:45:39,10,105.158,109.274,57.577,0,0,GPU,26.433,MODERATE,yolov8n_640_5-class_03-29-2026_saved_model/yolov8n_640_5-class_03-29-2026_float16.tflite,GPU_SUPPORTED
2026-04-01 18:45:40,9,104.181,107.820,58.847,0,0,GPU,17.672,MODERATE,yolov8n_640_5-class_03-29-2026_saved_model/yolov8n_640_5-class_03-29-2026_float16.tflite,GPU_SUPPORTED
2026-04-01 18:45:41,10,103.662,111.778,59.497,0,0,GPU,44.519,MODERATE,yolov8n_640_5-class_03-29-2026_saved_model/yolov8n_640_5-class_03-29-2026_float16.tflite,GPU_SUPPORTED
2026-04-01 18:45:42,9,104.330,110.273,61.189,0,0,GPU,31.125,MODERATE,yolov8n_640_5-class_03-29-2026_saved_model/yolov8n_640_5-class_03-29-2026_float16.tflite,GPU_SUPPORTED
2026-04-01 18:45:43,10,98.325,101.180,57.929,0,0,GPU,17.640,MODERATE,yolov8n_640_5-class_03-29-2026_saved_model/yolov8n_640_5-class_03-29-2026_float16.tflite,GPU_SUPPORTED
2026-04-01 18:45:44,10,100.280,105.535,57.597,0,0,GPU,17.543,MODERATE,yolov8n_640_5-class_03-29-2026_saved_model/yolov8n_640_5-class_03-29-2026_float16.tflite,GPU_SUPPORTED
2026-04-01 18:45:45,10,102.157,108.894,60.175,0,0,GPU,26.793,MODERATE,yolov8n_640_5-class_03-29-2026_saved_model/yolov8n_640_5-class_03-29-2026_float16.tflite,GPU_SUPPORTED
2026-04-01 18:45:46,10,96.444,100.886,56.733,0,0,GPU,29.918,MODERATE,yolov8n_640_5-class_03-29-2026_saved_model/yolov8n_640_5-class_03-29-2026_float16.tflite,GPU_SUPPORTED
2026-04-01 18:45:47,10,100.300,111.667,57.273,0,0,GPU,33.867,MODERATE,yolov8n_640_5-class_03-29-2026_saved_model/yolov8n_640_5-class_03-29-2026_float16.tflite,GPU_SUPPORTED
2026-04-01 18:45:48,9,103.039,108.349,58.606,0,0,GPU,17.730,MODERATE,yolov8n_640_5-class_03-29-2026_saved_model/yolov8n_640_5-class_03-29-2026_float16.tflite,GPU_SUPPORTED
2026-04-01 18:45:49,10,105.546,109.139,58.590,0,0,GPU,19.328,MODERATE,yolov8n_640_5-class_03-29-2026_saved_model/yolov8n_640_5-class_03-29-2026_float16.tflite,GPU_SUPPORTED
2026-04-01 18:45:50,9,104.911,110.697,60.623,0,0,GPU,17.605,MODERATE,yolov8n_640_5-class_03-29-2026_saved_model/yolov8n_640_5-class_03-29-2026_float16.tflite,GPU_SUPPORTED
2026-04-01 18:45:51,10,97.233,103.914,57.159,0,0,GPU,12.949,MODERATE,yolov8n_640_5-class_03-29-2026_saved_model/yolov8n_640_5-class_03-29-2026_float16.tflite,GPU_SUPPORTED
2026-04-01 18:45:52,11,95.476,103.569,61.355,0,1,GPU,18.152,MODERATE,yolov8n_640_5-class_03-29-2026_saved_model/yolov8n_640_5-class_03-29-2026_float16.tflite,GPU_SUPPORTED
2026-04-01 18:45:53,9,104.746,112.097,57.744,0,0,GPU,31.488,MODERATE,yolov8n_640_5-class_03-29-2026_saved_model/yolov8n_640_5-class_03-29-2026_float16.tflite,GPU_SUPPORTED
2026-04-01 18:45:54,10,104.152,111.942,58.498,0,0,GPU,31.547,MODERATE,yolov8n_640_5-class_03-29-2026_saved_model/yolov8n_640_5-class_03-29-2026_float16.tflite,GPU_SUPPORTED
2026-04-01 18:45:55,9,104.047,105.407,64.047,0,0,GPU,31.125,MODERATE,yolov8n_640_5-class_03-29-2026_saved_model/yolov8n_640_5-class_03-29-2026_float16.tflite,GPU_SUPPORTED
2026-04-01 18:45:56,10,104.230,110.833,62.376,0,0,GPU,31.515,MODERATE,yolov8n_640_5-class_03-29-2026_saved_model/yolov8n_640_5-class_03-29-2026_float16.tflite,GPU_SUPPORTED
2026-04-01 18:45:57,9,104.311,109.322,58.220,0,0,GPU,12.793,MODERATE,yolov8n_640_5-class_03-29-2026_saved_model/yolov8n_640_5-class_03-29-2026_float16.tflite,GPU_SUPPORTED
2026-04-01 18:45:58,10,99.841,107.639,62.814,0,0,GPU,40.156,MODERATE,yolov8n_640_5-class_03-29-2026_saved_model/yolov8n_640_5-class_03-29-2026_float16.tflite,GPU_SUPPORTED
2026-04-01 18:45:59,10,100.561,105.261,57.989,0,0,GPU,31.219,MODERATE,yolov8n_640_5-class_03-29-2026_saved_model/yolov8n_640_5-class_03-29-2026_float16.tflite,GPU_SUPPORTED
2026-04-01 18:46:00,9,101.966,111.840,65.994,0,0,GPU,31.094,MODERATE,yolov8n_640_5-class_03-29-2026_saved_model/yolov8n_640_5-class_03-29-2026_float16.tflite,GPU_SUPPORTED
2026-04-01 18:46:01,10,106.859,114.382,62.959,0,0,GPU,19.328,MODERATE,yolov8n_640_5-class_03-29-2026_saved_model/yolov8n_640_5-class_03-29-2026_float16.tflite,GPU_SUPPORTED
2026-04-01 18:46:02,9,101.782,108.085,58.705,0,0,GPU,19.297,MODERATE,yolov8n_640_5-class_03-29-2026_saved_model/yolov8n_640_5-class_03-29-2026_float16.tflite,GPU_SUPPORTED
2026-04-01 18:46:03,10,102.415,109.462,65.341,0,0,GPU,31.484,MODERATE,yolov8n_640_5-class_03-29-2026_saved_model/yolov8n_640_5-class_03-29-2026_float16.tflite,GPU_SUPPORTED
2026-04-01 18:46:04,10,101.991,107.759,59.442,0,0,GPU,31.156,MODERATE,yolov8n_640_5-class_03-29-2026_saved_model/yolov8n_640_5-class_03-29-2026_float16.tflite,GPU_SUPPORTED
2026-04-01 18:46:05,9,103.480,111.595,57.572,0,0,GPU,16.398,MODERATE,yolov8n_640_5-class_03-29-2026_saved_model/yolov8n_640_5-class_03-29-2026_float16.tflite,GPU_SUPPORTED
2026-04-01 18:46:06,10,103.115,107.885,58.085,0,0,GPU,20.535,MODERATE,yolov8n_640_5-class_03-29-2026_saved_model/yolov8n_640_5-class_03-29-2026_float16.tflite,GPU_SUPPORTED
2026-04-01 18:46:07,9,103.026,108.532,57.965,0,0,GPU,17.699,MODERATE,yolov8n_640_5-class_03-29-2026_saved_model/yolov8n_640_5-class_03-29-2026_float16.tflite,GPU_SUPPORTED
2026-04-01 18:46:08,10,102.814,107.876,62.513,0,0,GPU,31.484,MODERATE,yolov8n_640_5-class_03-29-2026_saved_model/yolov8n_640_5-class_03-29-2026_float16.tflite,GPU_SUPPORTED
2026-04-01 18:46:09,10,98.865,104.944,60.797,0,0,GPU,44.941,MODERATE,yolov8n_640_5-class_03-29-2026_saved_model/yolov8n_640_5-class_03-29-2026_float16.tflite,GPU_SUPPORTED
2026-04-01 18:46:10,10,101.332,113.481,62.367,0,0,GPU,17.793,MODERATE,yolov8n_640_5-class_03-29-2026_saved_model/yolov8n_640_5-class_03-29-2026_float16.tflite,GPU_SUPPORTED
2026-04-01 18:46:11,9,107.359,114.659,58.772,0,0,GPU,44.430,MODERATE,yolov8n_640_5-class_03-29-2026_saved_model/yolov8n_640_5-class_03-29-2026_float16.tflite,GPU_SUPPORTED
2026-04-01 18:46:12,10,99.612,107.527,57.855,0,0,GPU,29.980,MODERATE,yolov8n_640_5-class_03-29-2026_saved_model/yolov8n_640_5-class_03-29-2026_float16.tflite,GPU_SUPPORTED
2026-04-01 18:46:13,10,93.780,96.054,58.541,0,0,GPU,16.429,MODERATE,yolov8n_640_5-class_03-29-2026_saved_model/yolov8n_640_5-class_03-29-2026_float16.tflite,GPU_SUPPORTED
2026-04-01 18:46:14,11,95.710,110.428,57.323,0,0,GPU,18.183,MODERATE,yolov8n_640_5-class_03-29-2026_saved_model/yolov8n_640_5-class_03-29-2026_float16.tflite,GPU_SUPPORTED
2026-04-01 18:46:15,10,98.178,107.377,59.834,0,0,GPU,26.402,MODERATE,yolov8n_640_5-class_03-29-2026_saved_model/yolov8n_640_5-class_03-29-2026_float16.tflite,GPU_SUPPORTED
2026-04-01 18:46:16,10,98.076,105.718,62.072,0,0,GPU,33.117,MODERATE,yolov8n_640_5-class_03-29-2026_saved_model/yolov8n_640_5-class_03-29-2026_float16.tflite,GPU_SUPPORTED
2026-04-01 18:46:17,9,104.954,115.897,63.930,0,0,GPU,17.699,MODERATE,yolov8n_640_5-class_03-29-2026_saved_model/yolov8n_640_5-class_03-29-2026_float16.tflite,GPU_SUPPORTED
2026-04-01 18:46:18,10,99.257,106.538,59.397,0,0,GPU,17.543,MODERATE,yolov8n_640_5-class_03-29-2026_saved_model/yolov8n_640_5-class_03-29-2026_float16.tflite,GPU_SUPPORTED
2026-04-01 18:46:19,9,104.709,110.349,60.543,0,0,GPU,17.699,MODERATE,yolov8n_640_5-class_03-29-2026_saved_model/yolov8n_640_5-class_03-29-2026_float16.tflite,GPU_SUPPORTED
2026-04-01 18:46:20,10,102.492,109.527,63.918,0,0,GPU,31.129,MODERATE,yolov8n_640_5-class_03-29-2026_saved_model/yolov8n_640_5-class_03-29-2026_float16.tflite,GPU_SUPPORTED
2026-04-01 18:46:21,9,104.387,111.148,61.075,0,0,GPU,17.765,MODERATE,yolov8n_640_5-class_03-29-2026_saved_model/yolov8n_640_5-class_03-29-2026_float16.tflite,GPU_SUPPORTED
2026-04-01 18:46:22,10,102.272,109.346,57.543,0,0,GPU,17.668,MODERATE,yolov8n_640_5-class_03-29-2026_saved_model/yolov8n_640_5-class_03-29-2026_float16.tflite,GPU_SUPPORTED
2026-04-01 18:46:23,10,101.114,110.524,62.047,0,0,GPU,31.094,MODERATE,yolov8n_640_5-class_03-29-2026_saved_model/yolov8n_640_5-class_03-29-2026_float16.tflite,GPU_SUPPORTED
2026-04-01 18:46:24,9,104.021,108.994,64.447,0,0,GPU,31.125,MODERATE,yolov8n_640_5-class_03-29-2026_saved_model/yolov8n_640_5-class_03-29-2026_float16.tflite,GPU_SUPPORTED
2026-04-01 18:46:25,10,106.005,110.256,58.614,0,0,GPU,19.359,MODERATE,yolov8n_640_5-class_03-29-2026_saved_model/yolov8n_640_5-class_03-29-2026_float16.tflite,GPU_SUPPORTED
2026-04-01 18:46:26,9,105.707,108.893,62.608,0,0,GPU,44.582,MODERATE,yolov8n_640_5-class_03-29-2026_saved_model/yolov8n_640_5-class_03-29-2026_float16.tflite,GPU_SUPPORTED
2026-04-01 18:46:27,10,102.029,114.403,59.214,0,0,GPU,21.711,MODERATE,yolov8n_640_5-class_03-29-2026_saved_model/yolov8n_640_5-class_03-29-2026_float16.tflite,GPU_SUPPORTED
2026-04-01 18:46:28,10,99.145,106.026,59.009,0,0,GPU,32.758,MODERATE,yolov8n_640_5-class_03-29-2026_saved_model/yolov8n_640_5-class_03-29-2026_float16.tflite,GPU_SUPPORTED
2026-04-01 18:46:29,9,103.796,112.823,64.609,0,0,GPU,17.547,MODERATE,yolov8n_640_5-class_03-29-2026_saved_model/yolov8n_640_5-class_03-29-2026_float16.tflite,GPU_SUPPORTED
2026-04-01 18:46:30,9,105.380,109.419,62.307,0,0,GPU,31.062,MODERATE,yolov8n_640_5-class_03-29-2026_saved_model/yolov8n_640_5-class_03-29-2026_float16.tflite,GPU_SUPPORTED
2026-04-01 18:46:31,10,104.102,107.668,62.308,0,0,GPU,39.734,MODERATE,yolov8n_640_5-class_03-29-2026_saved_model/yolov8n_640_5-class_03-29-2026_float16.tflite,GPU_SUPPORTED
2026-04-01 18:46:32,9,103.413,107.978,59.351,0,0,GPU,31.515,MODERATE,yolov8n_640_5-class_03-29-2026_saved_model/yolov8n_640_5-class_03-29-2026_float16.tflite,GPU_SUPPORTED
2026-04-01 18:46:33,10,104.706,110.369,56.405,0,0,GPU,31.101,MODERATE,yolov8n_640_5-class_03-29-2026_saved_model/yolov8n_640_5-class_03-29-2026_float16.tflite,GPU_SUPPORTED
2026-04-01 18:46:34,10,96.935,102.438,62.625,0,0,GPU,38.590,MODERATE,yolov8n_640_5-class_03-29-2026_saved_model/yolov8n_640_5-class_03-29-2026_float16.tflite,GPU_SUPPORTED
2026-04-01 18:46:35,9,105.969,111.736,59.992,0,0,GPU,17.672,MODERATE,yolov8n_640_5-class_03-29-2026_saved_model/yolov8n_640_5-class_03-29-2026_float16.tflite,GPU_SUPPORTED
2026-04-01 18:46:36,10,101.506,106.981,59.736,0,0,GPU,17.543,MODERATE,yolov8n_640_5-class_03-29-2026_saved_model/yolov8n_640_5-class_03-29-2026_float16.tflite,GPU_SUPPORTED
2026-04-01 18:46:37,9,105.931,112.652,61.433,0,0,GPU,31.125,MODERATE,yolov8n_640_5-class_03-29-2026_saved_model/yolov8n_640_5-class_03-29-2026_float16.tflite,GPU_SUPPORTED
2026-04-01 18:46:38,10,100.515,108.030,58.555,0,0,GPU,17.636,MODERATE,yolov8n_640_5-class_03-29-2026_saved_model/yolov8n_640_5-class_03-29-2026_float16.tflite,GPU_SUPPORTED
2026-04-01 18:46:39,9,103.858,110.500,66.021,0,0,GPU,31.125,MODERATE,yolov8n_640_5-class_03-29-2026_saved_model/yolov8n_640_5-class_03-29-2026_float16.tflite,GPU_SUPPORTED
2026-04-01 18:46:40,10,107.212,116.525,58.233,0,0,GPU,26.433,MODERATE,yolov8n_640_5-class_03-29-2026_saved_model/yolov8n_640_5-class_03-29-2026_float16.tflite,GPU_SUPPORTED
2026-04-01 18:46:41,9,106.261,111.516,61.825,0,0,GPU,44.582,MODERATE,yolov8n_640_5-class_03-29-2026_saved_model/yolov8n_640_5-class_03-29-2026_float16.tflite,GPU_SUPPORTED
2026-04-01 18:46:42,10,102.102,114.075,56.969,0,1,GPU,13.074,MODERATE,yolov8n_640_5-class_03-29-2026_saved_model/yolov8n_640_5-class_03-29-2026_float16.tflite,GPU_SUPPORTED
2026-04-01 18:46:43,9,102.717,108.347,62.276,0,0,GPU,31.125,MODERATE,yolov8n_640_5-class_03-29-2026_saved_model/yolov8n_640_5-class_03-29-2026_float16.tflite,GPU_SUPPORTED
2026-04-01 18:46:44,10,100.771,108.969,59.539,0,0,GPU,17.937,MODERATE,yolov8n_640_5-class_03-29-2026_saved_model/yolov8n_640_5-class_03-29-2026_float16.tflite,GPU_SUPPORTED
2026-04-01 18:46:45,9,105.281,113.239,56.704,0,0,GPU,31.094,MODERATE,yolov8n_640_5-class_03-29-2026_saved_model/yolov8n_640_5-class_03-29-2026_float16.tflite,GPU_SUPPORTED
2026-04-01 18:46:46,10,101.843,105.922,58.561,0,0,GPU,17.668,MODERATE,yolov8n_640_5-class_03-29-2026_saved_model/yolov8n_640_5-class_03-29-2026_float16.tflite,GPU_SUPPORTED
2026-04-01 18:46:47,10,99.829,104.289,59.316,0,0,GPU,38.558,MODERATE,yolov8n_640_5-class_03-29-2026_saved_model/yolov8n_640_5-class_03-29-2026_float16.tflite,GPU_SUPPORTED
2026-04-01 18:46:48,9,103.420,109.206,60.092,0,0,GPU,31.515,MODERATE,yolov8n_640_5-class_03-29-2026_saved_model/yolov8n_640_5-class_03-29-2026_float16.tflite,GPU_SUPPORTED
2026-04-01 18:46:49,10,101.439,104.179,58.637,0,0,GPU,31.097,MODERATE,yolov8n_640_5-class_03-29-2026_saved_model/yolov8n_640_5-class_03-29-2026_float16.tflite,GPU_SUPPORTED
2026-04-01 18:46:50,10,95.928,99.273,63.947,0,0,GPU,16.336,MODERATE,yolov8n_640_5-class_03-29-2026_saved_model/yolov8n_640_5-class_03-29-2026_float16.tflite,GPU_SUPPORTED
2026-04-01 18:46:51,10,104.492,108.021,58.134,0,0,GPU,20.504,MODERATE,yolov8n_640_5-class_03-29-2026_saved_model/yolov8n_640_5-class_03-29-2026_float16.tflite,GPU_SUPPORTED
2026-04-01 18:46:52,10,94.720,104.276,57.260,0,0,GPU,31.125,MODERATE,yolov8n_640_5-class_03-29-2026_saved_model/yolov8n_640_5-class_03-29-2026_float16.tflite,GPU_SUPPORTED
2026-04-01 18:46:53,10,101.640,107.308,57.607,0,0,GPU,38.652,MODERATE,yolov8n_640_5-class_03-29-2026_saved_model/yolov8n_640_5-class_03-29-2026_float16.tflite,GPU_SUPPORTED
2026-04-01 18:46:54,9,101.887,106.760,60.414,0,0,GPU,31.125,MODERATE,yolov8n_640_5-class_03-29-2026_saved_model/yolov8n_640_5-class_03-29-2026_float16.tflite,GPU_SUPPORTED
2026-04-01 18:46:55,10,103.399,109.238,59.415,0,0,GPU,31.094,MODERATE,yolov8n_640_5-class_03-29-2026_saved_model/yolov8n_640_5-class_03-29-2026_float16.tflite,GPU_SUPPORTED
2026-04-01 18:46:56,9,104.950,108.321,60.181,0,0,GPU,13.011,MODERATE,yolov8n_640_5-class_03-29-2026_saved_model/yolov8n_640_5-class_03-29-2026_float16.tflite,GPU_SUPPORTED
2026-04-01 18:46:57,10,98.755,105.510,59.479,0,0,GPU,17.730,MODERATE,yolov8n_640_5-class_03-29-2026_saved_model/yolov8n_640_5-class_03-29-2026_float16.tflite,GPU_SUPPORTED
2026-04-01 18:46:58,10,102.922,108.304,58.126,0,0,GPU,20.566,MODERATE,yolov8n_640_5-class_03-29-2026_saved_model/yolov8n_640_5-class_03-29-2026_float16.tflite,GPU_SUPPORTED
2026-04-01 18:46:59,9,100.591,102.436,58.491,0,0,GPU,17.734,MODERATE,yolov8n_640_5-class_03-29-2026_saved_model/yolov8n_640_5-class_03-29-2026_float16.tflite,GPU_SUPPORTED
2026-04-01 18:47:00,10,101.859,107.645,60.878,0,0,GPU,31.125,MODERATE,yolov8n_640_5-class_03-29-2026_saved_model/yolov8n_640_5-class_03-29-2026_float16.tflite,GPU_SUPPORTED
2026-04-01 18:47:01,10,103.427,107.410,62.242,0,0,GPU,35.074,MODERATE,yolov8n_640_5-class_03-29-2026_saved_model/yolov8n_640_5-class_03-29-2026_float16.tflite,GPU_SUPPORTED
2026-04-01 18:47:02,9,101.521,105.541,61.466,0,0,GPU,31.129,MODERATE,yolov8n_640_5-class_03-29-2026_saved_model/yolov8n_640_5-class_03-29-2026_float16.tflite,GPU_SUPPORTED
2026-04-01 18:47:03,10,102.188,107.680,64.469,0,1,GPU,13.336,MODERATE,yolov8n_640_5-class_03-29-2026_saved_model/yolov8n_640_5-class_03-29-2026_float16.tflite,GPU_SUPPORTED
2026-04-01 18:47:04,10,99.944,105.453,63.422,0,0,GPU,44.488,MODERATE,yolov8n_640_5-class_03-29-2026_saved_model/yolov8n_640_5-class_03-29-2026_float16.tflite,GPU_SUPPORTED
2026-04-01 18:47:05,10,101.975,108.897,59.116,0,0,GPU,17.761,MODERATE,yolov8n_640_5-class_03-29-2026_saved_model/yolov8n_640_5-class_03-29-2026_float16.tflite,GPU_SUPPORTED
2026-04-01 18:47:06,9,103.363,110.130,58.652,0,0,GPU,17.636,MODERATE,yolov8n_640_5-class_03-29-2026_saved_model/yolov8n_640_5-class_03-29-2026_float16.tflite,GPU_SUPPORTED
2026-04-01 18:47:07,10,102.510,110.120,58.440,0,1,GPU,33.871,MODERATE,yolov8n_640_5-class_03-29-2026_saved_model/yolov8n_640_5-class_03-29-2026_float16.tflite,GPU_SUPPORTED
2026-04-01 18:47:08,9,106.349,111.060,58.821,0,0,GPU,13.242,MODERATE,yolov8n_640_5-class_03-29-2026_saved_model/yolov8n_640_5-class_03-29-2026_float16.tflite,GPU_SUPPORTED
2026-04-01 18:47:09,10,100.897,106.388,58.735,0,0,GPU,38.590,MODERATE,yolov8n_640_5-class_03-29-2026_saved_model/yolov8n_640_5-class_03-29-2026_float16.tflite,GPU_SUPPORTED
2026-04-01 18:47:10,9,106.393,110.796,61.656,0,0,GPU,31.129,MODERATE,yolov8n_640_5-class_03-29-2026_saved_model/yolov8n_640_5-class_03-29-2026_float16.tflite,GPU_SUPPORTED
2026-04-01 18:47:11,9,103.829,115.824,57.108,0,0,GPU,17.734,MODERATE,yolov8n_640_5-class_03-29-2026_saved_model/yolov8n_640_5-class_03-29-2026_float16.tflite,GPU_SUPPORTED
2026-04-01 18:47:12,10,104.959,110.871,62.836,0,0,GPU,21.715,MODERATE,yolov8n_640_5-class_03-29-2026_saved_model/yolov8n_640_5-class_03-29-2026_float16.tflite,GPU_SUPPORTED
2026-04-01 18:47:13,10,99.332,107.470,64.065,0,0,GPU,34.289,MODERATE,yolov8n_640_5-class_03-29-2026_saved_model/yolov8n_640_5-class_03-29-2026_float16.tflite,GPU_SUPPORTED
2026-04-01 18:47:14,9,103.621,106.821,56.587,0,0,GPU,31.097,MODERATE,yolov8n_640_5-class_03-29-2026_saved_model/yolov8n_640_5-class_03-29-2026_float16.tflite,GPU_SUPPORTED
2026-04-01 18:47:15,10,97.606,106.541,58.430,0,0,GPU,17.730,MODERATE,yolov8n_640_5-class_03-29-2026_saved_model/yolov8n_640_5-class_03-29-2026_float16.tflite,GPU_SUPPORTED
2026-04-01 18:47:16,10,99.868,104.613,64.008,0,0,GPU,17.636,MODERATE,yolov8n_640_5-class_03-29-2026_saved_model/yolov8n_640_5-class_03-29-2026_float16.tflite,GPU_SUPPORTED
2026-04-01 18:47:17,10,101.757,114.384,58.016,0,0,GPU,39.766,MODERATE,yolov8n_640_5-class_03-29-2026_saved_model/yolov8n_640_5-class_03-29-2026_float16.tflite,GPU_SUPPORTED
2026-04-01 18:47:18,9,105.111,111.867,58.014,0,0,GPU,31.125,MODERATE,yolov8n_640_5-class_03-29-2026_saved_model/yolov8n_640_5-class_03-29-2026_float16.tflite,GPU_SUPPORTED
2026-04-01 18:47:19,10,103.421,108.016,59.405,0,0,GPU,44.488,MODERATE,yolov8n_640_5-class_03-29-2026_saved_model/yolov8n_640_5-class_03-29-2026_float16.tflite,GPU_SUPPORTED
2026-04-01 18:47:20,10,99.414,107.568,62.115,0,0,GPU,35.465,MODERATE,yolov8n_640_5-class_03-29-2026_saved_model/yolov8n_640_5-class_03-29-2026_float16.tflite,GPU_SUPPORTED
2026-04-01 18:47:21,9,104.267,108.843,59.340,0,0,GPU,17.699,MODERATE,yolov8n_640_5-class_03-29-2026_saved_model/yolov8n_640_5-class_03-29-2026_float16.tflite,GPU_SUPPORTED
2026-04-01 18:47:22,10,104.274,109.122,58.705,0,0,GPU,32.723,MODERATE,yolov8n_640_5-class_03-29-2026_saved_model/yolov8n_640_5-class_03-29-2026_float16.tflite,GPU_SUPPORTED
2026-04-01 18:47:23,9,104.507,107.861,62.184,0,0,GPU,16.367,MODERATE,yolov8n_640_5-class_03-29-2026_saved_model/yolov8n_640_5-class_03-29-2026_float16.tflite,GPU_SUPPORTED
2026-04-01 18:47:24,10,98.547,106.210,59.323,0,0,GPU,17.668,MODERATE,yolov8n_640_5-class_03-29-2026_saved_model/yolov8n_640_5-class_03-29-2026_float16.tflite,GPU_SUPPORTED
2026-04-01 18:47:25,10,103.329,107.376,64.629,0,0,GPU,31.156,MODERATE,yolov8n_640_5-class_03-29-2026_saved_model/yolov8n_640_5-class_03-29-2026_float16.tflite,GPU_SUPPORTED
2026-04-01 18:47:26,9,105.250,110.302,56.851,0,0,GPU,17.668,MODERATE,yolov8n_640_5-class_03-29-2026_saved_model/yolov8n_640_5-class_03-29-2026_float16.tflite,GPU_SUPPORTED
2026-04-01 18:47:27,10,103.046,107.722,58.700,0,0,GPU,31.160,MODERATE,yolov8n_640_5-class_03-29-2026_saved_model/yolov8n_640_5-class_03-29-2026_float16.tflite,GPU_SUPPORTED
2026-04-01 18:47:28,9,107.071,111.108,56.944,0,0,GPU,26.433,MODERATE,yolov8n_640_5-class_03-29-2026_saved_model/yolov8n_640_5-class_03-29-2026_float16.tflite,GPU_SUPPORTED
2026-04-01 18:47:29,9,106.628,110.081,59.313,0,0,GPU,17.636,MODERATE,yolov8n_640_5-class_03-29-2026_saved_model/yolov8n_640_5-class_03-29-2026_float16.tflite,GPU_SUPPORTED
2026-04-01 18:47:30,10,99.205,107.817,59.154,0,0,GPU,31.125,MODERATE,yolov8n_640_5-class_03-29-2026_saved_model/yolov8n_640_5-class_03-29-2026_float16.tflite,GPU_SUPPORTED
2026-04-01 18:47:31,10,99.826,108.330,59.148,0,0,GPU,44.519,MODERATE,yolov8n_640_5-class_03-29-2026_saved_model/yolov8n_640_5-class_03-29-2026_float16.tflite,GPU_SUPPORTED
2026-04-01 18:47:32,10,99.738,105.449,56.725,0,0,GPU,38.621,MODERATE,yolov8n_640_5-class_03-29-2026_saved_model/yolov8n_640_5-class_03-29-2026_float16.tflite,GPU_SUPPORTED
2026-04-01 18:47:33,9,102.740,109.705,57.199,0,0,GPU,31.125,MODERATE,yolov8n_640_5-class_03-29-2026_saved_model/yolov8n_640_5-class_03-29-2026_float16.tflite,GPU_SUPPORTED
2026-04-01 18:47:34,10,107.352,114.130,59.562,0,0,GPU,17.761,MODERATE,yolov8n_640_5-class_03-29-2026_saved_model/yolov8n_640_5-class_03-29-2026_float16.tflite,GPU_SUPPORTED
2026-04-01 18:47:35,9,101.544,106.515,58.271,0,0,GPU,17.668,MODERATE,yolov8n_640_5-class_03-29-2026_saved_model/yolov8n_640_5-class_03-29-2026_float16.tflite,GPU_SUPPORTED
2026-04-01 18:47:36,10,104.479,111.853,55.534,0,0,GPU,17.793,MODERATE,yolov8n_640_5-class_03-29-2026_saved_model/yolov8n_640_5-class_03-29-2026_float16.tflite,GPU_SUPPORTED
2026-04-01 18:47:37,9,103.894,108.735,56.378,0,0,GPU,17.668,MODERATE,yolov8n_640_5-class_03-29-2026_saved_model/yolov8n_640_5-class_03-29-2026_float16.tflite,GPU_SUPPORTED
2026-04-01 18:47:38,10,104.546,112.856,57.070,0,0,GPU,16.523,MODERATE,yolov8n_640_5-class_03-29-2026_saved_model/yolov8n_640_5-class_03-29-2026_float16.tflite,GPU_SUPPORTED
2026-04-01 18:47:39,9,102.481,108.948,56.022,0,0,GPU,17.668,MODERATE,yolov8n_640_5-class_03-29-2026_saved_model/yolov8n_640_5-class_03-29-2026_float16.tflite,GPU_SUPPORTED
2026-04-01 18:47:40,10,104.114,108.977,58.300,0,0,GPU,35.043,MODERATE,yolov8n_640_5-class_03-29-2026_saved_model/yolov8n_640_5-class_03-29-2026_float16.tflite,GPU_SUPPORTED
2026-04-01 18:47:41,9,101.502,105.015,61.489,0,0,GPU,17.730,MODERATE,yolov8n_640_5-class_03-29-2026_saved_model/yolov8n_640_5-class_03-29-2026_float16.tflite,GPU_SUPPORTED
2026-04-01 18:47:42,10,103.356,108.772,58.926,0,0,GPU,26.402,MODERATE,yolov8n_640_5-class_03-29-2026_saved_model/yolov8n_640_5-class_03-29-2026_float16.tflite,GPU_SUPPORTED
2026-04-01 18:47:43,9,105.350,110.556,57.720,0,0,GPU,17.668,MODERATE,yolov8n_640_5-class_03-29-2026_saved_model/yolov8n_640_5-class_03-29-2026_float16.tflite,GPU_SUPPORTED
2026-04-01 18:47:44,10,102.494,106.260,56.895,0,0,GPU,44.488,MODERATE,yolov8n_640_5-class_03-29-2026_saved_model/yolov8n_640_5-class_03-29-2026_float16.tflite,GPU_SUPPORTED
2026-04-01 18:47:45,10,102.150,107.169,60.868,0,0,GPU,31.094,MODERATE,yolov8n_640_5-class_03-29-2026_saved_model/yolov8n_640_5-class_03-29-2026_float16.tflite,GPU_SUPPORTED
2026-04-01 18:47:46,10,96.620,106.525,60.684,0,0,GPU,39.734,MODERATE,yolov8n_640_5-class_03-29-2026_saved_model/yolov8n_640_5-class_03-29-2026_float16.tflite,GPU_SUPPORTED
2026-04-01 18:47:47,9,102.570,107.895,55.516,0,0,GPU,31.094,MODERATE,yolov8n_640_5-class_03-29-2026_saved_model/yolov8n_640_5-class_03-29-2026_float16.tflite,GPU_SUPPORTED
2026-04-01 18:47:48,10,104.177,110.253,58.249,0,0,GPU,39.734,MODERATE,yolov8n_640_5-class_03-29-2026_saved_model/yolov8n_640_5-class_03-29-2026_float16.tflite,GPU_SUPPORTED
2026-04-01 18:47:49,9,107.714,112.730,57.062,0,0,GPU,31.062,MODERATE,yolov8n_640_5-class_03-29-2026_saved_model/yolov8n_640_5-class_03-29-2026_float16.tflite,GPU_SUPPORTED
2026-04-01 18:47:50,9,105.179,112.893,61.614,0,0,GPU,17.730,MODERATE,yolov8n_640_5-class_03-29-2026_saved_model/yolov8n_640_5-class_03-29-2026_float16.tflite,GPU_SUPPORTED
2026-04-01 18:47:51,10,101.020,105.575,59.227,0,0,GPU,31.129,MODERATE,yolov8n_640_5-class_03-29-2026_saved_model/yolov8n_640_5-class_03-29-2026_float16.tflite,GPU_SUPPORTED
2026-04-01 18:47:52,10,96.650,102.848,55.945,0,0,GPU,17.668,MODERATE,yolov8n_640_5-class_03-29-2026_saved_model/yolov8n_640_5-class_03-29-2026_float16.tflite,GPU_SUPPORTED
2026-04-01 18:47:53,10,102.544,108.908,58.202,0,0,GPU,29.918,MODERATE,yolov8n_640_5-class_03-29-2026_saved_model/yolov8n_640_5-class_03-29-2026_float16.tflite,GPU_SUPPORTED
2026-04-01 18:47:54,9,108.108,113.037,63.320,0,0,GPU,17.511,MODERATE,yolov8n_640_5-class_03-29-2026_saved_model/yolov8n_640_5-class_03-29-2026_float16.tflite,GPU_SUPPORTED
2026-04-01 18:47:55,9,105.029,107.825,58.516,0,0,GPU,18.121,MODERATE,yolov8n_640_5-class_03-29-2026_saved_model/yolov8n_640_5-class_03-29-2026_float16.tflite,GPU_SUPPORTED
2026-04-01 18:47:56,10,106.779,109.121,56.616,0,0,GPU,32.723,MODERATE,yolov8n_640_5-class_03-29-2026_saved_model/yolov8n_640_5-class_03-29-2026_float16.tflite,GPU_SUPPORTED
2026-04-01 18:47:57,9,105.714,110.595,61.929,0,0,GPU,31.125,MODERATE,yolov8n_640_5-class_03-29-2026_saved_model/yolov8n_640_5-class_03-29-2026_float16.tflite,GPU_SUPPORTED
2026-04-01 18:47:58,9,105.580,108.941,58.717,0,0,GPU,12.914,MODERATE,yolov8n_640_5-class_03-29-2026_saved_model/yolov8n_640_5-class_03-29-2026_float16.tflite,GPU_SUPPORTED
2026-04-01 18:47:59,10,106.362,111.968,58.985,0,0,GPU,17.761,MODERATE,yolov8n_640_5-class_03-29-2026_saved_model/yolov8n_640_5-class_03-29-2026_float16.tflite,GPU_SUPPORTED
2026-04-01 18:48:00,9,102.402,104.967,57.995,0,0,GPU,31.125,MODERATE,yolov8n_640_5-class_03-29-2026_saved_model/yolov8n_640_5-class_03-29-2026_float16.tflite,GPU_SUPPORTED
2026-04-01 18:48:01,10,104.285,113.073,63.706,0,0,GPU,31.515,MODERATE,yolov8n_640_5-class_03-29-2026_saved_model/yolov8n_640_5-class_03-29-2026_float16.tflite,GPU_SUPPORTED
2026-04-01 18:48:02,9,104.877,111.339,56.691,0,0,GPU,31.094,MODERATE,yolov8n_640_5-class_03-29-2026_saved_model/yolov8n_640_5-class_03-29-2026_float16.tflite,GPU_SUPPORTED
2026-04-01 18:48:03,10,104.482,112.897,62.472,0,0,GPU,31.125,MODERATE,yolov8n_640_5-class_03-29-2026_saved_model/yolov8n_640_5-class_03-29-2026_float16.tflite,GPU_SUPPORTED
2026-04-01 18:48:04,9,103.840,111.813,61.374,0,0,GPU,17.605,MODERATE,yolov8n_640_5-class_03-29-2026_saved_model/yolov8n_640_5-class_03-29-2026_float16.tflite,GPU_SUPPORTED
2026-04-01 18:48:05,9,105.760,112.261,56.915,0,0,GPU,31.094,MODERATE,yolov8n_640_5-class_03-29-2026_saved_model/yolov8n_640_5-class_03-29-2026_float16.tflite,GPU_SUPPORTED
2026-04-01 18:48:06,10,100.922,105.974,56.981,0,0,GPU,32.691,MODERATE,yolov8n_640_5-class_03-29-2026_saved_model/yolov8n_640_5-class_03-29-2026_float16.tflite,GPU_SUPPORTED
2026-04-01 18:48:07,10,100.357,104.666,61.406,0,0,GPU,29.949,MODERATE,yolov8n_640_5-class_03-29-2026_saved_model/yolov8n_640_5-class_03-29-2026_float16.tflite,GPU_SUPPORTED
2026-04-01 18:48:08,10,103.208,108.488,62.683,0,0,GPU,17.793,MODERATE,yolov8n_640_5-class_03-29-2026_saved_model/yolov8n_640_5-class_03-29-2026_float16.tflite,GPU_SUPPORTED
2026-04-01 18:48:09,9,103.597,110.499,63.390,0,0,GPU,29.949,MODERATE,yolov8n_640_5-class_03-29-2026_saved_model/yolov8n_640_5-class_03-29-2026_float16.tflite,GPU_SUPPORTED
2026-04-01 18:48:10,10,100.387,107.348,57.865,0,0,GPU,29.918,MODERATE,yolov8n_640_5-class_03-29-2026_saved_model/yolov8n_640_5-class_03-29-2026_float16.tflite,GPU_SUPPORTED
2026-04-01 18:48:11,10,99.891,106.490,59.895,0,0,GPU,38.621,MODERATE,yolov8n_640_5-class_03-29-2026_saved_model/yolov8n_640_5-class_03-29-2026_float16.tflite,GPU_SUPPORTED
2026-04-01 18:48:12,10,99.094,101.463,58.237,0,0,GPU,16.586,MODERATE,yolov8n_640_5-class_03-29-2026_saved_model/yolov8n_640_5-class_03-29-2026_float16.tflite,GPU_SUPPORTED
2026-04-01 18:48:13,9,100.697,106.051,57.737,0,0,GPU,29.918,MODERATE,yolov8n_640_5-class_03-29-2026_saved_model/yolov8n_640_5-class_03-29-2026_float16.tflite,GPU_SUPPORTED
2026-04-01 18:48:14,10,102.277,105.410,58.562,0,0,GPU,31.094,MODERATE,yolov8n_640_5-class_03-29-2026_saved_model/yolov8n_640_5-class_03-29-2026_float16.tflite,GPU_SUPPORTED
2026-04-01 18:48:15,10,100.769,106.603,62.850,0,0,GPU,26.765,MODERATE,yolov8n_640_5-class_03-29-2026_saved_model/yolov8n_640_5-class_03-29-2026_float16.tflite,GPU_SUPPORTED
2026-04-01 18:48:16,9,103.563,106.602,63.766,0,0,GPU,12.976,MODERATE,yolov8n_640_5-class_03-29-2026_saved_model/yolov8n_640_5-class_03-29-2026_float16.tflite,GPU_SUPPORTED
2026-04-01 18:48:17,10,102.202,105.412,61.607,0,0,GPU,26.406,MODERATE,yolov8n_640_5-class_03-29-2026_saved_model/yolov8n_640_5-class_03-29-2026_float16.tflite,GPU_SUPPORTED
2026-04-01 18:48:18,10,97.644,102.635,57.235,0,0,GPU,39.797,MODERATE,yolov8n_640_5-class_03-29-2026_saved_model/yolov8n_640_5-class_03-29-2026_float16.tflite,GPU_SUPPORTED
2026-04-01 18:48:19,9,104.881,111.038,60.064,0,0,GPU,31.094,MODERATE,yolov8n_640_5-class_03-29-2026_saved_model/yolov8n_640_5-class_03-29-2026_float16.tflite,GPU_SUPPORTED
2026-04-01 18:48:20,10,102.653,107.095,61.940,0,0,GPU,40.156,MODERATE,yolov8n_640_5-class_03-29-2026_saved_model/yolov8n_640_5-class_03-29-2026_float16.tflite,GPU_SUPPORTED
2026-04-01 18:48:21,9,102.068,106.967,63.616,0,0,GPU,17.730,MODERATE,yolov8n_640_5-class_03-29-2026_saved_model/yolov8n_640_5-class_03-29-2026_float16.tflite,GPU_SUPPORTED
2026-04-01 18:48:22,10,104.345,108.295,58.044,0,0,GPU,17.480,MODERATE,yolov8n_640_5-class_03-29-2026_saved_model/yolov8n_640_5-class_03-29-2026_float16.tflite,GPU_SUPPORTED
2026-04-01 18:48:23,10,102.909,105.930,59.418,0,0,GPU,31.094,MODERATE,yolov8n_640_5-class_03-29-2026_saved_model/yolov8n_640_5-class_03-29-2026_float16.tflite,GPU_SUPPORTED
2026-04-01 18:48:24,9,104.804,110.741,62.485,0,0,GPU,31.125,MODERATE,yolov8n_640_5-class_03-29-2026_saved_model/yolov8n_640_5-class_03-29-2026_float16.tflite,GPU_SUPPORTED
2026-04-01 18:48:25,9,102.691,106.227,62.266,0,0,GPU,16.523,MODERATE,yolov8n_640_5-class_03-29-2026_saved_model/yolov8n_640_5-class_03-29-2026_float16.tflite,GPU_SUPPORTED
2026-04-01 18:48:26,10,102.021,107.869,58.150,0,0,GPU,31.097,MODERATE,yolov8n_640_5-class_03-29-2026_saved_model/yolov8n_640_5-class_03-29-2026_float16.tflite,GPU_SUPPORTED
2026-04-01 18:48:27,10,101.986,107.814,61.601,0,0,GPU,26.402,MODERATE,yolov8n_640_5-class_03-29-2026_saved_model/yolov8n_640_5-class_03-29-2026_float16.tflite,GPU_SUPPORTED
2026-04-01 18:48:28,10,98.853,100.978,61.021,0,0,GPU,15.879,MODERATE,yolov8n_640_5-class_03-29-2026_saved_model/yolov8n_640_5-class_03-29-2026_float16.tflite,GPU_SUPPORTED
2026-04-01 18:48:29,9,105.033,108.591,62.770,0,0,GPU,31.094,MODERATE,yolov8n_640_5-class_03-29-2026_saved_model/yolov8n_640_5-class_03-29-2026_float16.tflite,GPU_SUPPORTED
2026-04-01 18:48:30,10,103.054,110.104,59.090,0,0,GPU,26.402,MODERATE,yolov8n_640_5-class_03-29-2026_saved_model/yolov8n_640_5-class_03-29-2026_float16.tflite,GPU_SUPPORTED
2026-04-01 18:48:31,9,106.182,111.350,58.405,0,0,GPU,17.574,MODERATE,yolov8n_640_5-class_03-29-2026_saved_model/yolov8n_640_5-class_03-29-2026_float16.tflite,GPU_SUPPORTED
2026-04-01 18:48:32,9,104.320,109.500,58.864,0,0,GPU,17.761,MODERATE,yolov8n_640_5-class_03-29-2026_saved_model/yolov8n_640_5-class_03-29-2026_float16.tflite,GPU_SUPPORTED
2026-04-01 18:48:33,10,102.727,107.587,59.618,0,1,GPU,17.636,MODERATE,yolov8n_640_5-class_03-29-2026_saved_model/yolov8n_640_5-class_03-29-2026_float16.tflite,GPU_SUPPORTED
2026-04-01 18:48:34,10,100.728,104.630,58.280,0,0,GPU,39.797,MODERATE,yolov8n_640_5-class_03-29-2026_saved_model/yolov8n_640_5-class_03-29-2026_float16.tflite,GPU_SUPPORTED
2026-04-01 18:48:35,9,105.010,109.687,58.793,0,0,GPU,31.125,MODERATE,yolov8n_640_5-class_03-29-2026_saved_model/yolov8n_640_5-class_03-29-2026_float16.tflite,GPU_SUPPORTED
2026-04-01 18:48:36,10,101.275,106.087,58.840,0,0,GPU,44.582,MODERATE,yolov8n_640_5-class_03-29-2026_saved_model/yolov8n_640_5-class_03-29-2026_float16.tflite,GPU_SUPPORTED
2026-04-01 18:48:37,10,102.331,107.497,58.954,0,0,GPU,31.156,MODERATE,yolov8n_640_5-class_03-29-2026_saved_model/yolov8n_640_5-class_03-29-2026_float16.tflite,GPU_SUPPORTED
2026-04-01 18:48:38,10,95.639,99.541,60.027,0,0,GPU,31.094,MODERATE,yolov8n_640_5-class_03-29-2026_saved_model/yolov8n_640_5-class_03-29-2026_float16.tflite,GPU_SUPPORTED
2026-04-01 18:48:39,10,101.330,108.837,59.898,0,0,GPU,17.761,MODERATE,yolov8n_640_5-class_03-29-2026_saved_model/yolov8n_640_5-class_03-29-2026_float16.tflite,GPU_SUPPORTED
2026-04-01 18:48:40,9,106.481,112.123,59.144,0,0,GPU,35.109,MODERATE,yolov8n_640_5-class_03-29-2026_saved_model/yolov8n_640_5-class_03-29-2026_float16.tflite,GPU_SUPPORTED
2026-04-01 18:48:41,9,107.265,112.886,56.928,0,0,GPU,31.097,MODERATE,yolov8n_640_5-class_03-29-2026_saved_model/yolov8n_640_5-class_03-29-2026_float16.tflite,GPU_SUPPORTED
2026-04-01 18:48:42,10,100.553,106.923,56.724,0,0,GPU,40.187,MODERATE,yolov8n_640_5-class_03-29-2026_saved_model/yolov8n_640_5-class_03-29-2026_float16.tflite,GPU_SUPPORTED
2026-04-01 18:48:43,10,99.179,104.646,61.911,0,0,GPU,39.766,MODERATE,yolov8n_640_5-class_03-29-2026_saved_model/yolov8n_640_5-class_03-29-2026_float16.tflite,GPU_SUPPORTED
2026-04-01 18:48:44,9,101.086,107.155,57.596,0,0,GPU,17.703,MODERATE,yolov8n_640_5-class_03-29-2026_saved_model/yolov8n_640_5-class_03-29-2026_float16.tflite,GPU_SUPPORTED
2026-04-01 18:48:45,10,104.456,110.876,63.937,0,0,GPU,44.550,MODERATE,yolov8n_640_5-class_03-29-2026_saved_model/yolov8n_640_5-class_03-29-2026_float16.tflite,GPU_SUPPORTED
2026-04-01 18:48:46,10,100.791,109.206,58.079,0,0,GPU,32.754,MODERATE,yolov8n_640_5-class_03-29-2026_saved_model/yolov8n_640_5-class_03-29-2026_float16.tflite,GPU_SUPPORTED
2026-04-01 18:48:47,9,104.517,109.000,59.605,0,0,GPU,31.094,MODERATE,yolov8n_640_5-class_03-29-2026_saved_model/yolov8n_640_5-class_03-29-2026_float16.tflite,GPU_SUPPORTED
2026-04-01 18:48:48,10,102.471,108.912,62.319,0,0,GPU,14.640,MODERATE,yolov8n_640_5-class_03-29-2026_saved_model/yolov8n_640_5-class_03-29-2026_float16.tflite,GPU_SUPPORTED
2026-04-01 18:48:49,9,103.660,110.485,63.017,0,0,GPU,31.125,MODERATE,yolov8n_640_5-class_03-29-2026_saved_model/yolov8n_640_5-class_03-29-2026_float16.tflite,GPU_SUPPORTED
2026-04-01 18:48:50,10,102.844,107.832,61.152,0,0,GPU,26.402,MODERATE,yolov8n_640_5-class_03-29-2026_saved_model/yolov8n_640_5-class_03-29-2026_float16.tflite,GPU_SUPPORTED
2026-04-01 18:48:51,10,97.244,103.860,60.940,0,1,GPU,17.933,MODERATE,yolov8n_640_5-class_03-29-2026_saved_model/yolov8n_640_5-class_03-29-2026_float16.tflite,GPU_SUPPORTED
2026-04-01 18:48:52,10,99.589,103.682,63.226,0,1,GPU,21.715,MODERATE,yolov8n_640_5-class_03-29-2026_saved_model/yolov8n_640_5-class_03-29-2026_float16.tflite,GPU_SUPPORTED
2026-04-01 18:48:53,10,100.520,109.077,55.753,0,0,GPU,31.094,MODERATE,yolov8n_640_5-class_03-29-2026_saved_model/yolov8n_640_5-class_03-29-2026_float16.tflite,GPU_SUPPORTED
2026-04-01 18:48:54,10,98.399,108.167,57.862,0,0,GPU,17.761,MODERATE,yolov8n_640_5-class_03-29-2026_saved_model/yolov8n_640_5-class_03-29-2026_float16.tflite,GPU_SUPPORTED
2026-04-01 18:48:55,9,102.795,109.827,62.215,0,0,GPU,31.094,MODERATE,yolov8n_640_5-class_03-29-2026_saved_model/yolov8n_640_5-class_03-29-2026_float16.tflite,GPU_SUPPORTED
2026-04-01 18:48:56,10,103.380,111.287,58.750,0,0,GPU,31.129,MODERATE,yolov8n_640_5-class_03-29-2026_saved_model/yolov8n_640_5-class_03-29-2026_float16.tflite,GPU_SUPPORTED
2026-04-01 18:48:57,9,105.462,111.404,58.409,0,0,GPU,17.511,MODERATE,yolov8n_640_5-class_03-29-2026_saved_model/yolov8n_640_5-class_03-29-2026_float16.tflite,GPU_SUPPORTED
2026-04-01 18:48:58,9,103.005,108.745,63.411,0,0,GPU,18.121,MODERATE,yolov8n_640_5-class_03-29-2026_saved_model/yolov8n_640_5-class_03-29-2026_float16.tflite,GPU_SUPPORTED
2026-04-01 18:48:59,10,99.444,103.304,58.449,0,0,GPU,17.730,MODERATE,yolov8n_640_5-class_03-29-2026_saved_model/yolov8n_640_5-class_03-29-2026_float16.tflite,GPU_SUPPORTED
2026-04-01 18:49:00,10,107.352,110.605,63.322,0,0,GPU,33.902,MODERATE,yolov8n_640_5-class_03-29-2026_saved_model/yolov8n_640_5-class_03-29-2026_float16.tflite,GPU_SUPPORTED
2026-04-01 18:49:01,10,100.990,109.329,63.461,0,0,GPU,17.761,MODERATE,yolov8n_640_5-class_03-29-2026_saved_model/yolov8n_640_5-class_03-29-2026_float16.tflite,GPU_SUPPORTED
2026-04-01 18:49:02,9,102.953,108.275,58.514,0,0,GPU,17.668,MODERATE,yolov8n_640_5-class_03-29-2026_saved_model/yolov8n_640_5-class_03-29-2026_float16.tflite,GPU_SUPPORTED
2026-04-01 18:49:03,9,109.647,111.694,61.986,0,0,GPU,31.097,MODERATE,yolov8n_640_5-class_03-29-2026_saved_model/yolov8n_640_5-class_03-29-2026_float16.tflite,GPU_SUPPORTED
2026-04-01 18:49:04,10,101.003,109.959,59.023,0,0,GPU,39.766,MODERATE,yolov8n_640_5-class_03-29-2026_saved_model/yolov8n_640_5-class_03-29-2026_float16.tflite,GPU_SUPPORTED
2026-04-01 18:49:05,9,106.010,110.182,64.916,0,0,GPU,16.336,MODERATE,yolov8n_640_5-class_03-29-2026_saved_model/yolov8n_640_5-class_03-29-2026_float16.tflite,GPU_SUPPORTED
2026-04-01 18:49:06,10,102.040,107.877,58.184,0,0,GPU,44.519,MODERATE,yolov8n_640_5-class_03-29-2026_saved_model/yolov8n_640_5-class_03-29-2026_float16.tflite,GPU_SUPPORTED
2026-04-01 18:49:07,10,99.505,106.747,58.896,0,0,GPU,13.105,MODERATE,yolov8n_640_5-class_03-29-2026_saved_model/yolov8n_640_5-class_03-29-2026_float16.tflite,GPU_SUPPORTED
2026-04-01 18:49:08,9,105.360,107.978,61.242,0,0,GPU,31.094,MODERATE,yolov8n_640_5-class_03-29-2026_saved_model/yolov8n_640_5-class_03-29-2026_float16.tflite,GPU_SUPPORTED
2026-04-01 18:49:09,10,98.682,103.803,62.054,0,0,GPU,17.964,MODERATE,yolov8n_640_5-class_03-29-2026_saved_model/yolov8n_640_5-class_03-29-2026_float16.tflite,GPU_SUPPORTED
2026-04-01 18:49:10,10,103.302,107.977,60.086,0,0,GPU,29.980,MODERATE,yolov8n_640_5-class_03-29-2026_saved_model/yolov8n_640_5-class_03-29-2026_float16.tflite,GPU_SUPPORTED
2026-04-01 18:49:11,9,100.395,105.724,58.033,0,0,GPU,31.125,MODERATE,yolov8n_640_5-class_03-29-2026_saved_model/yolov8n_640_5-class_03-29-2026_float16.tflite,GPU_SUPPORTED
2026-04-01 18:49:12,10,104.832,112.157,61.864,0,0,GPU,31.125,MODERATE,yolov8n_640_5-class_03-29-2026_saved_model/yolov8n_640_5-class_03-29-2026_float16.tflite,GPU_SUPPORTED
2026-04-01 18:49:13,9,105.094,111.478,55.817,0,0,GPU,31.484,MODERATE,yolov8n_640_5-class_03-29-2026_saved_model/yolov8n_640_5-class_03-29-2026_float16.tflite,GPU_SUPPORTED
2026-04-01 18:49:14,10,97.911,104.453,61.019,0,0,GPU,31.484,MODERATE,yolov8n_640_5-class_03-29-2026_saved_model/yolov8n_640_5-class_03-29-2026_float16.tflite,GPU_SUPPORTED
2026-04-01 18:49:15,10,98.838,107.096,61.033,0,0,GPU,31.094,MODERATE,yolov8n_640_5-class_03-29-2026_saved_model/yolov8n_640_5-class_03-29-2026_float16.tflite,GPU_SUPPORTED
2026-04-01 18:49:16,10,104.540,107.284,62.049,0,0,GPU,19.363,MODERATE,yolov8n_640_5-class_03-29-2026_saved_model/yolov8n_640_5-class_03-29-2026_float16.tflite,GPU_SUPPORTED
2026-04-01 18:49:17,9,103.980,105.726,58.551,0,0,GPU,12.945,MODERATE,yolov8n_640_5-class_03-29-2026_saved_model/yolov8n_640_5-class_03-29-2026_float16.tflite,GPU_SUPPORTED
2026-04-01 18:49:19,10,104.830,111.907,56.835,0,0,GPU,17.730,MODERATE,yolov8n_640_5-class_03-29-2026_saved_model/yolov8n_640_5-class_03-29-2026_float16.tflite,GPU_SUPPORTED
2026-04-01 18:49:20,9,103.119,107.418,57.310,0,1,GPU,31.094,MODERATE,yolov8n_640_5-class_03-29-2026_saved_model/yolov8n_640_5-class_03-29-2026_float16.tflite,GPU_SUPPORTED
2026-04-01 18:49:21,10,101.691,106.612,62.703,0,0,GPU,39.766,MODERATE,yolov8n_640_5-class_03-29-2026_saved_model/yolov8n_640_5-class_03-29-2026_float16.tflite,GPU_SUPPORTED
2026-04-01 18:49:22,9,107.287,112.665,62.147,0,0,GPU,31.125,MODERATE,yolov8n_640_5-class_03-29-2026_saved_model/yolov8n_640_5-class_03-29-2026_float16.tflite,GPU_SUPPORTED
2026-04-01 18:49:23,10,101.678,106.349,62.129,0,0,GPU,44.972,MODERATE,yolov8n_640_5-class_03-29-2026_saved_model/yolov8n_640_5-class_03-29-2026_float16.tflite,GPU_SUPPORTED
2026-04-01 18:49:24,9,103.238,105.805,64.187,0,0,GPU,17.699,MODERATE,yolov8n_640_5-class_03-29-2026_saved_model/yolov8n_640_5-class_03-29-2026_float16.tflite,GPU_SUPPORTED
2026-04-01 18:49:25,10,98.688,106.432,60.849,0,0,GPU,31.515,MODERATE,yolov8n_640_5-class_03-29-2026_saved_model/yolov8n_640_5-class_03-29-2026_float16.tflite,GPU_SUPPORTED
2026-04-01 18:49:26,10,105.612,109.447,60.956,0,0,GPU,26.402,MODERATE,yolov8n_640_5-class_03-29-2026_saved_model/yolov8n_640_5-class_03-29-2026_float16.tflite,GPU_SUPPORTED
2026-04-01 18:49:27,9,106.009,111.651,57.469,0,0,GPU,29.949,MODERATE,yolov8n_640_5-class_03-29-2026_saved_model/yolov8n_640_5-class_03-29-2026_float16.tflite,GPU_SUPPORTED
2026-04-01 18:49:28,10,101.367,105.796,58.983,0,0,GPU,19.328,MODERATE,yolov8n_640_5-class_03-29-2026_saved_model/yolov8n_640_5-class_03-29-2026_float16.tflite,GPU_SUPPORTED
2026-04-01 18:49:29,9,103.869,107.989,57.931,0,0,GPU,29.918,MODERATE,yolov8n_640_5-class_03-29-2026_saved_model/yolov8n_640_5-class_03-29-2026_float16.tflite,GPU_SUPPORTED
2026-04-01 18:49:30,10,97.453,103.028,58.779,0,0,GPU,17.703,MODERATE,yolov8n_640_5-class_03-29-2026_saved_model/yolov8n_640_5-class_03-29-2026_float16.tflite,GPU_SUPPORTED
2026-04-01 18:49:31,10,102.397,109.196,62.649,0,0,GPU,17.480,MODERATE,yolov8n_640_5-class_03-29-2026_saved_model/yolov8n_640_5-class_03-29-2026_float16.tflite,GPU_SUPPORTED
2026-04-01 18:49:32,10,97.830,101.561,63.046,0,0,GPU,17.484,MODERATE,yolov8n_640_5-class_03-29-2026_saved_model/yolov8n_640_5-class_03-29-2026_float16.tflite,GPU_SUPPORTED
2026-04-01 18:49:33,10,101.674,104.193,62.694,0,0,GPU,19.359,MODERATE,yolov8n_640_5-class_03-29-2026_saved_model/yolov8n_640_5-class_03-29-2026_float16.tflite,GPU_SUPPORTED
2026-04-01 18:49:34,10,98.230,103.540,62.683,0,0,GPU,40.156,MODERATE,yolov8n_640_5-class_03-29-2026_saved_model/yolov8n_640_5-class_03-29-2026_float16.tflite,GPU_SUPPORTED
2026-04-01 18:49:35,9,103.336,108.198,58.898,0,0,GPU,17.730,MODERATE,yolov8n_640_5-class_03-29-2026_saved_model/yolov8n_640_5-class_03-29-2026_float16.tflite,GPU_SUPPORTED
2026-04-01 18:49:36,10,101.296,105.029,59.750,0,0,GPU,29.949,MODERATE,yolov8n_640_5-class_03-29-2026_saved_model/yolov8n_640_5-class_03-29-2026_float16.tflite,GPU_SUPPORTED
2026-04-01 18:49:37,10,102.594,108.809,60.004,0,0,GPU,32.754,MODERATE,yolov8n_640_5-class_03-29-2026_saved_model/yolov8n_640_5-class_03-29-2026_float16.tflite,GPU_SUPPORTED
2026-04-01 18:49:38,9,103.528,106.758,57.114,0,0,GPU,31.125,MODERATE,yolov8n_640_5-class_03-29-2026_saved_model/yolov8n_640_5-class_03-29-2026_float16.tflite,GPU_SUPPORTED
2026-04-01 18:49:39,10,100.444,105.684,59.699,0,0,GPU,29.918,MODERATE,yolov8n_640_5-class_03-29-2026_saved_model/yolov8n_640_5-class_03-29-2026_float16.tflite,GPU_SUPPORTED
2026-04-01 18:49:40,10,100.374,103.503,57.696,0,0,GPU,25.258,MODERATE,yolov8n_640_5-class_03-29-2026_saved_model/yolov8n_640_5-class_03-29-2026_float16.tflite,GPU_SUPPORTED
2026-04-01 18:49:41,9,105.405,110.782,58.552,0,0,GPU,17.730,MODERATE,yolov8n_640_5-class_03-29-2026_saved_model/yolov8n_640_5-class_03-29-2026_float16.tflite,GPU_SUPPORTED
2026-04-01 18:49:42,10,102.735,110.813,59.284,0,0,GPU,38.590,MODERATE,yolov8n_640_5-class_03-29-2026_saved_model/yolov8n_640_5-class_03-29-2026_float16.tflite,GPU_SUPPORTED
2026-04-01 18:49:43,9,102.628,105.415,64.142,0,0,GPU,31.515,MODERATE,yolov8n_640_5-class_03-29-2026_saved_model/yolov8n_640_5-class_03-29-2026_float16.tflite,GPU_SUPPORTED
2026-04-01 18:49:44,10,106.286,111.261,58.407,0,0,GPU,18.152,MODERATE,yolov8n_640_5-class_03-29-2026_saved_model/yolov8n_640_5-class_03-29-2026_float16.tflite,GPU_SUPPORTED
2026-04-01 18:49:45,9,103.100,111.835,59.346,0,0,GPU,29.918,MODERATE,yolov8n_640_5-class_03-29-2026_saved_model/yolov8n_640_5-class_03-29-2026_float16.tflite,GPU_SUPPORTED
2026-04-01 18:49:46,10,99.644,107.207,58.401,0,0,GPU,29.918,MODERATE,yolov8n_640_5-class_03-29-2026_saved_model/yolov8n_640_5-class_03-29-2026_float16.tflite,GPU_SUPPORTED
2026-04-01 18:49:47,10,103.684,105.666,59.122,0,0,GPU,17.793,MODERATE,yolov8n_640_5-class_03-29-2026_saved_model/yolov8n_640_5-class_03-29-2026_float16.tflite,GPU_SUPPORTED
2026-04-01 18:49:48,9,105.231,115.640,64.257,0,0,GPU,17.605,MODERATE,yolov8n_640_5-class_03-29-2026_saved_model/yolov8n_640_5-class_03-29-2026_float16.tflite,GPU_SUPPORTED
2026-04-01 18:49:49,10,99.902,106.363,58.491,0,0,GPU,40.187,MODERATE,yolov8n_640_5-class_03-29-2026_saved_model/yolov8n_640_5-class_03-29-2026_float16.tflite,GPU_SUPPORTED
2026-04-01 18:49:50,9,103.550,107.185,60.774,0,0,GPU,31.129,MODERATE,yolov8n_640_5-class_03-29-2026_saved_model/yolov8n_640_5-class_03-29-2026_float16.tflite,GPU_SUPPORTED
2026-04-01 18:49:51,10,104.451,109.972,62.467,0,0,GPU,44.941,MODERATE,yolov8n_640_5-class_03-29-2026_saved_model/yolov8n_640_5-class_03-29-2026_float16.tflite,GPU_SUPPORTED
2026-04-01 18:49:52,9,102.337,107.237,59.233,0,0,GPU,17.668,MODERATE,yolov8n_640_5-class_03-29-2026_saved_model/yolov8n_640_5-class_03-29-2026_float16.tflite,GPU_SUPPORTED
2026-04-01 18:49:53,10,102.608,110.505,58.947,0,0,GPU,31.097,MODERATE,yolov8n_640_5-class_03-29-2026_saved_model/yolov8n_640_5-class_03-29-2026_float16.tflite,GPU_SUPPORTED
2026-04-01 18:49:54,9,103.183,107.070,63.274,0,0,GPU,18.121,MODERATE,yolov8n_640_5-class_03-29-2026_saved_model/yolov8n_640_5-class_03-29-2026_float16.tflite,GPU_SUPPORTED
2026-04-01 18:49:55,10,100.354,112.908,57.176,0,0,GPU,12.976,MODERATE,yolov8n_640_5-class_03-29-2026_saved_model/yolov8n_640_5-class_03-29-2026_float16.tflite,GPU_SUPPORTED
2026-04-01 18:49:56,10,100.794,105.092,58.906,0,0,GPU,17.636,MODERATE,yolov8n_640_5-class_03-29-2026_saved_model/yolov8n_640_5-class_03-29-2026_float16.tflite,GPU_SUPPORTED
2026-04-01 18:49:57,10,101.998,108.393,60.516,0,0,GPU,40.125,MODERATE,yolov8n_640_5-class_03-29-2026_saved_model/yolov8n_640_5-class_03-29-2026_float16.tflite,GPU_SUPPORTED
2026-04-01 18:49:58,9,102.597,108.936,63.119,0,0,GPU,31.094,MODERATE,yolov8n_640_5-class_03-29-2026_saved_model/yolov8n_640_5-class_03-29-2026_float16.tflite,GPU_SUPPORTED
2026-04-01 18:49:59,10,103.354,108.388,61.441,0,0,GPU,39.828,MODERATE,yolov8n_640_5-class_03-29-2026_saved_model/yolov8n_640_5-class_03-29-2026_float16.tflite,GPU_SUPPORTED
2026-04-01 18:50:00,10,102.533,107.755,63.597,0,0,GPU,18.152,MODERATE,yolov8n_640_5-class_03-29-2026_saved_model/yolov8n_640_5-class_03-29-2026_float16.tflite,GPU_SUPPORTED
2026-04-01 18:50:01,9,100.881,104.263,62.542,0,0,GPU,16.398,MODERATE,yolov8n_640_5-class_03-29-2026_saved_model/yolov8n_640_5-class_03-29-2026_float16.tflite,GPU_SUPPORTED
2026-04-01 18:50:02,10,103.109,110.954,58.172,0,0,GPU,39.801,MODERATE,yolov8n_640_5-class_03-29-2026_saved_model/yolov8n_640_5-class_03-29-2026_float16.tflite,GPU_SUPPORTED
2026-04-01 18:50:03,9,104.515,107.548,58.577,0,0,GPU,31.125,MODERATE,yolov8n_640_5-class_03-29-2026_saved_model/yolov8n_640_5-class_03-29-2026_float16.tflite,GPU_SUPPORTED
2026-04-01 18:50:04,10,105.652,110.158,61.339,0,0,GPU,17.761,MODERATE,yolov8n_640_5-class_03-29-2026_saved_model/yolov8n_640_5-class_03-29-2026_float16.tflite,GPU_SUPPORTED
2026-04-01 18:50:05,9,105.399,109.195,56.861,0,0,GPU,17.636,MODERATE,yolov8n_640_5-class_03-29-2026_saved_model/yolov8n_640_5-class_03-29-2026_float16.tflite,GPU_SUPPORTED
2026-04-01 18:50:06,10,103.749,109.248,59.290,0,1,GPU,31.094,MODERATE,yolov8n_640_5-class_03-29-2026_saved_model/yolov8n_640_5-class_03-29-2026_float16.tflite,GPU_SUPPORTED
2026-04-01 18:50:07,9,105.293,113.614,56.812,0,0,GPU,17.902,MODERATE,yolov8n_640_5-class_03-29-2026_saved_model/yolov8n_640_5-class_03-29-2026_float16.tflite,GPU_SUPPORTED
2026-04-01 18:50:08,10,99.020,105.314,56.122,0,0,GPU,25.226,MODERATE,yolov8n_640_5-class_03-29-2026_saved_model/yolov8n_640_5-class_03-29-2026_float16.tflite,GPU_SUPPORTED
2026-04-01 18:50:09,10,96.957,102.664,60.480,0,0,GPU,29.949,MODERATE,yolov8n_640_5-class_03-29-2026_saved_model/yolov8n_640_5-class_03-29-2026_float16.tflite,GPU_SUPPORTED
2026-04-01 18:50:10,10,98.546,108.843,57.596,0,0,GPU,17.605,MODERATE,yolov8n_640_5-class_03-29-2026_saved_model/yolov8n_640_5-class_03-29-2026_float16.tflite,GPU_SUPPORTED
2026-04-01 18:50:11,9,102.774,107.439,62.119,0,0,GPU,31.156,MODERATE,yolov8n_640_5-class_03-29-2026_saved_model/yolov8n_640_5-class_03-29-2026_float16.tflite,GPU_SUPPORTED
2026-04-01 18:50:12,10,100.028,107.288,62.205,0,0,GPU,16.554,MODERATE,yolov8n_640_5-class_03-29-2026_saved_model/yolov8n_640_5-class_03-29-2026_float16.tflite,GPU_SUPPORTED
2026-04-01 18:50:13,11,95.739,98.876,62.194,0,1,GPU,32.723,MODERATE,yolov8n_640_5-class_03-29-2026_saved_model/yolov8n_640_5-class_03-29-2026_float16.tflite,GPU_SUPPORTED
2026-04-01 18:50:14,8,98.148,100.222,64.136,0,0,GPU,31.445,MODERATE,yolov8n_640_5-class_03-29-2026_saved_model/yolov8n_640_5-class_03-29-2026_float16.tflite,GPU_SUPPORTED
2026-04-01 18:50:15,0,0.000,0.000,64.136,0,0,GPU,31.665,MODERATE,yolov8n_640_5-class_03-29-2026_saved_model/yolov8n_640_5-class_03-29-2026_float16.tflite,GPU_SUPPORTED
2026-04-01 18:50:16,0,0.000,0.000,64.136,0,0,GPU,32.260,MODERATE,yolov8n_640_5-class_03-29-2026_saved_model/yolov8n_640_5-class_03-29-2026_float16.tflite,GPU_SUPPORTED
2026-04-01 18:50:17,0,0.000,0.000,64.136,0,0,GPU,32.417,MODERATE,yolov8n_640_5-class_03-29-2026_saved_model/yolov8n_640_5-class_03-29-2026_float16.tflite,GPU_SUPPORTED
