timestamp,analysis_fps,avg_analyze_ms,p95_analyze_ms,last_inference_ms,dropped_frames,queue_depth,delegate_mode,ram_mb,thermal_status,model_used,gpu_status
2026-04-01 18:51:43,0,0.000,0.000,0.000,0,0,CPU,0.000,UNKNOWN,yolov8n_saved_model/yolov8n_float16.tflite,GPU_SUPPORTED
2026-04-01 18:51:44,0,0.000,0.000,0.000,0,0,CPU,12.702,MODERATE,yolov8n_saved_model/yolov8n_float16.tflite,GPU_SUPPORTED
2026-04-01 18:51:45,0,0.000,0.000,0.000,0,0,CPU,12.953,MODERATE,yolov8n_saved_model/yolov8n_float16.tflite,GPU_SUPPORTED
2026-04-01 18:51:46,0,0.000,0.000,0.000,0,0,CPU,13.172,MODERATE,yolov8n_saved_model/yolov8n_float16.tflite,GPU_SUPPORTED
2026-04-01 18:51:47,0,0.000,0.000,0.000,0,0,CPU,13.486,MODERATE,yolov8n_saved_model/yolov8n_float16.tflite,GPU_SUPPORTED
2026-04-01 18:51:48,0,0.000,0.000,0.000,0,0,CPU,13.799,MODERATE,yolov8n_saved_model/yolov8n_float16.tflite,GPU_SUPPORTED
2026-04-01 18:51:49,0,0.000,0.000,0.000,0,0,CPU,14.238,MODERATE,yolov8n_saved_model/yolov8n_float16.tflite,GPU_SUPPORTED
2026-04-01 18:51:50,0,0.000,0.000,0.000,0,0,CPU,14.676,MODERATE,yolov8n_640_5-class_03-29-2026_saved_model/yolov8n_640_5-class_03-29-2026_float16.tflite,GPU_SUPPORTED
2026-04-01 18:51:51,0,0.000,0.000,0.000,0,0,CPU,28.751,MODERATE,yolov8n_640_5-class_03-29-2026_saved_model/yolov8n_640_5-class_03-29-2026_float16.tflite,GPU_SUPPORTED
2026-04-01 18:51:52,4,281.194,252.413,207.284,0,0,CPU,32.688,MODERATE,yolov8n_640_5-class_03-29-2026_saved_model/yolov8n_640_5-class_03-29-2026_float16.tflite,GPU_SUPPORTED
2026-04-01 18:51:53,5,233.098,232.243,209.087,0,0,CPU,29.879,MODERATE,yolov8n_640_5-class_03-29-2026_saved_model/yolov8n_640_5-class_03-29-2026_float16.tflite,GPU_SUPPORTED
2026-04-01 18:51:54,4,232.098,232.580,208.799,0,0,CPU,13.398,MODERATE,yolov8n_640_5-class_03-29-2026_saved_model/yolov8n_640_5-class_03-29-2026_float16.tflite,GPU_SUPPORTED
2026-04-01 18:51:55,4,233.858,235.460,212.765,0,0,CPU,16.523,MODERATE,yolov8n_640_5-class_03-29-2026_saved_model/yolov8n_640_5-class_03-29-2026_float16.tflite,GPU_SUPPORTED
2026-04-01 18:51:56,4,234.070,234.337,207.840,0,0,CPU,29.887,MODERATE,yolov8n_640_5-class_03-29-2026_saved_model/yolov8n_640_5-class_03-29-2026_float16.tflite,GPU_SUPPORTED
2026-04-01 18:51:57,5,234.380,236.005,208.757,0,0,CPU,16.296,MODERATE,yolov8n_640_5-class_03-29-2026_saved_model/yolov8n_640_5-class_03-29-2026_float16.tflite,GPU_SUPPORTED
2026-04-01 18:51:58,4,233.304,231.720,210.888,0,0,CPU,29.883,MODERATE,yolov8n_640_5-class_03-29-2026_saved_model/yolov8n_640_5-class_03-29-2026_float16.tflite,GPU_SUPPORTED
2026-04-01 18:51:59,4,229.872,230.008,206.173,0,0,CPU,13.433,MODERATE,yolov8n_640_5-class_03-29-2026_saved_model/yolov8n_640_5-class_03-29-2026_float16.tflite,GPU_SUPPORTED
2026-04-01 18:52:00,5,233.687,235.044,206.913,0,0,CPU,29.848,MODERATE,yolov8n_640_5-class_03-29-2026_saved_model/yolov8n_640_5-class_03-29-2026_float16.tflite,GPU_SUPPORTED
2026-04-01 18:52:01,4,231.222,231.082,207.025,0,0,CPU,29.914,MODERATE,yolov8n_640_5-class_03-29-2026_saved_model/yolov8n_640_5-class_03-29-2026_float16.tflite,GPU_SUPPORTED
2026-04-01 18:52:02,4,231.197,231.818,208.527,0,0,CPU,13.398,MODERATE,yolov8n_640_5-class_03-29-2026_saved_model/yolov8n_640_5-class_03-29-2026_float16.tflite,GPU_SUPPORTED
2026-04-01 18:52:03,5,233.154,234.631,207.601,0,0,CPU,19.328,MODERATE,yolov8n_640_5-class_03-29-2026_saved_model/yolov8n_640_5-class_03-29-2026_float16.tflite,GPU_SUPPORTED
2026-04-01 18:52:04,4,231.411,231.418,203.034,0,0,CPU,13.429,MODERATE,yolov8n_640_5-class_03-29-2026_saved_model/yolov8n_640_5-class_03-29-2026_float16.tflite,GPU_SUPPORTED
2026-04-01 18:52:05,5,201.118,202.413,180.081,0,0,CPU,29.914,MODERATE,yolov8n_640_5-class_03-29-2026_saved_model/yolov8n_640_5-class_03-29-2026_float16.tflite,GPU_SUPPORTED
2026-04-01 18:52:06,4,217.000,227.902,208.703,0,0,CPU,13.433,MODERATE,yolov8n_640_5-class_03-29-2026_saved_model/yolov8n_640_5-class_03-29-2026_float16.tflite,GPU_SUPPORTED
2026-04-01 18:52:07,5,231.009,231.332,208.051,0,0,CPU,29.883,MODERATE,yolov8n_640_5-class_03-29-2026_saved_model/yolov8n_640_5-class_03-29-2026_float16.tflite,GPU_SUPPORTED
2026-04-01 18:52:08,4,232.280,233.192,207.570,0,0,CPU,13.429,MODERATE,yolov8n_640_5-class_03-29-2026_saved_model/yolov8n_640_5-class_03-29-2026_float16.tflite,GPU_SUPPORTED
2026-04-01 18:52:09,4,232.345,233.611,207.647,0,0,CPU,31.578,MODERATE,yolov8n_640_5-class_03-29-2026_saved_model/yolov8n_640_5-class_03-29-2026_float16.tflite,GPU_SUPPORTED
2026-04-01 18:52:10,5,232.271,233.426,206.734,0,0,CPU,26.793,MODERATE,yolov8n_640_5-class_03-29-2026_saved_model/yolov8n_640_5-class_03-29-2026_float16.tflite,GPU_SUPPORTED
2026-04-01 18:52:11,4,231.063,233.153,208.907,0,0,CPU,29.914,MODERATE,yolov8n_640_5-class_03-29-2026_saved_model/yolov8n_640_5-class_03-29-2026_float16.tflite,GPU_SUPPORTED
2026-04-01 18:52:12,4,231.564,231.743,205.694,0,0,CPU,13.437,MODERATE,yolov8n_640_5-class_03-29-2026_saved_model/yolov8n_640_5-class_03-29-2026_float16.tflite,GPU_SUPPORTED
2026-04-01 18:52:13,5,230.863,231.586,207.024,0,0,CPU,25.191,MODERATE,yolov8n_640_5-class_03-29-2026_saved_model/yolov8n_640_5-class_03-29-2026_float16.tflite,GPU_SUPPORTED
2026-04-01 18:52:14,4,233.156,233.980,208.065,0,0,CPU,13.406,MODERATE,yolov8n_640_5-class_03-29-2026_saved_model/yolov8n_640_5-class_03-29-2026_float16.tflite,GPU_SUPPORTED
2026-04-01 18:52:15,4,232.100,231.891,210.033,0,0,CPU,16.488,MODERATE,yolov8n_640_5-class_03-29-2026_saved_model/yolov8n_640_5-class_03-29-2026_float16.tflite,GPU_SUPPORTED
2026-04-01 18:52:16,4,230.437,231.140,207.135,0,0,CPU,29.914,MODERATE,yolov8n_640_5-class_03-29-2026_saved_model/yolov8n_640_5-class_03-29-2026_float16.tflite,GPU_SUPPORTED
2026-04-01 18:52:17,5,230.814,231.738,206.225,0,0,CPU,16.464,MODERATE,yolov8n_640_5-class_03-29-2026_saved_model/yolov8n_640_5-class_03-29-2026_float16.tflite,GPU_SUPPORTED
2026-04-01 18:52:18,4,230.659,231.321,205.267,0,0,CPU,29.922,MODERATE,yolov8n_640_5-class_03-29-2026_saved_model/yolov8n_640_5-class_03-29-2026_float16.tflite,GPU_SUPPORTED
2026-04-01 18:52:19,4,232.129,233.157,207.860,0,0,CPU,13.398,MODERATE,yolov8n_640_5-class_03-29-2026_saved_model/yolov8n_640_5-class_03-29-2026_float16.tflite,GPU_SUPPORTED
2026-04-01 18:52:20,5,231.584,231.975,205.985,0,0,CPU,29.890,MODERATE,yolov8n_640_5-class_03-29-2026_saved_model/yolov8n_640_5-class_03-29-2026_float16.tflite,GPU_SUPPORTED
2026-04-01 18:52:21,4,231.581,231.978,207.946,0,0,CPU,13.461,MODERATE,yolov8n_640_5-class_03-29-2026_saved_model/yolov8n_640_5-class_03-29-2026_float16.tflite,GPU_SUPPORTED
2026-04-01 18:52:22,4,233.055,233.929,206.425,0,0,CPU,16.527,MODERATE,yolov8n_640_5-class_03-29-2026_saved_model/yolov8n_640_5-class_03-29-2026_float16.tflite,GPU_SUPPORTED
2026-04-01 18:52:23,5,232.859,232.801,207.952,0,1,CPU,29.918,MODERATE,yolov8n_640_5-class_03-29-2026_saved_model/yolov8n_640_5-class_03-29-2026_float16.tflite,GPU_SUPPORTED
2026-04-01 18:52:24,4,233.223,233.141,207.076,0,0,CPU,10.558,MODERATE,yolov8n_640_5-class_03-29-2026_saved_model/yolov8n_640_5-class_03-29-2026_float16.tflite,GPU_SUPPORTED
2026-04-01 18:52:25,4,231.619,231.422,209.435,0,0,CPU,16.519,MODERATE,yolov8n_640_5-class_03-29-2026_saved_model/yolov8n_640_5-class_03-29-2026_float16.tflite,GPU_SUPPORTED
2026-04-01 18:52:26,4,232.106,232.834,205.929,0,0,CPU,29.883,MODERATE,yolov8n_640_5-class_03-29-2026_saved_model/yolov8n_640_5-class_03-29-2026_float16.tflite,GPU_SUPPORTED
2026-04-01 18:52:27,5,232.498,233.209,207.199,0,0,CPU,26.832,MODERATE,yolov8n_640_5-class_03-29-2026_saved_model/yolov8n_640_5-class_03-29-2026_float16.tflite,GPU_SUPPORTED
2026-04-01 18:52:28,4,230.340,232.295,199.852,0,0,CPU,29.914,MODERATE,yolov8n_640_5-class_03-29-2026_saved_model/yolov8n_640_5-class_03-29-2026_float16.tflite,GPU_SUPPORTED
2026-04-01 18:52:29,4,265.722,234.108,206.764,0,0,CPU,13.281,MODERATE,yolov8n_640_5-class_03-29-2026_saved_model/yolov8n_640_5-class_03-29-2026_float16.tflite,GPU_SUPPORTED
2026-04-01 18:52:30,4,232.761,234.750,209.157,0,0,CPU,13.406,MODERATE,yolov8n_640_5-class_03-29-2026_saved_model/yolov8n_640_5-class_03-29-2026_float16.tflite,GPU_SUPPORTED
2026-04-01 18:52:31,4,230.797,231.531,206.721,0,0,CPU,16.527,MODERATE,yolov8n_640_5-class_03-29-2026_saved_model/yolov8n_640_5-class_03-29-2026_float16.tflite,GPU_SUPPORTED
2026-04-01 18:52:32,5,231.468,233.200,208.183,0,0,CPU,43.223,MODERATE,yolov8n_640_5-class_03-29-2026_saved_model/yolov8n_640_5-class_03-29-2026_float16.tflite,GPU_SUPPORTED
2026-04-01 18:52:33,4,230.812,231.391,205.823,0,1,CPU,16.527,MODERATE,yolov8n_640_5-class_03-29-2026_saved_model/yolov8n_640_5-class_03-29-2026_float16.tflite,GPU_SUPPORTED
2026-04-01 18:52:34,4,231.448,231.675,206.357,0,0,CPU,29.949,MODERATE,yolov8n_640_5-class_03-29-2026_saved_model/yolov8n_640_5-class_03-29-2026_float16.tflite,GPU_SUPPORTED
2026-04-01 18:52:35,4,231.909,232.865,208.332,0,0,CPU,13.429,MODERATE,yolov8n_640_5-class_03-29-2026_saved_model/yolov8n_640_5-class_03-29-2026_float16.tflite,GPU_SUPPORTED
2026-04-01 18:52:36,5,231.434,231.760,207.168,0,0,CPU,29.883,MODERATE,yolov8n_640_5-class_03-29-2026_saved_model/yolov8n_640_5-class_03-29-2026_float16.tflite,GPU_SUPPORTED
2026-04-01 18:52:37,4,231.358,231.668,207.460,0,0,CPU,13.402,MODERATE,yolov8n_640_5-class_03-29-2026_saved_model/yolov8n_640_5-class_03-29-2026_float16.tflite,GPU_SUPPORTED
2026-04-01 18:52:38,4,232.265,233.467,205.527,0,0,CPU,16.519,MODERATE,yolov8n_640_5-class_03-29-2026_saved_model/yolov8n_640_5-class_03-29-2026_float16.tflite,GPU_SUPPORTED
2026-04-01 18:52:39,5,230.369,230.977,205.931,0,0,CPU,13.375,MODERATE,yolov8n_640_5-class_03-29-2026_saved_model/yolov8n_640_5-class_03-29-2026_float16.tflite,GPU_SUPPORTED
2026-04-01 18:52:40,4,231.575,232.364,206.163,0,0,CPU,29.918,MODERATE,yolov8n_640_5-class_03-29-2026_saved_model/yolov8n_640_5-class_03-29-2026_float16.tflite,GPU_SUPPORTED
2026-04-01 18:52:41,4,232.395,232.151,209.188,0,0,CPU,13.437,MODERATE,yolov8n_640_5-class_03-29-2026_saved_model/yolov8n_640_5-class_03-29-2026_float16.tflite,GPU_SUPPORTED
2026-04-01 18:52:42,5,231.574,233.174,208.196,0,0,CPU,29.855,MODERATE,yolov8n_640_5-class_03-29-2026_saved_model/yolov8n_640_5-class_03-29-2026_float16.tflite,GPU_SUPPORTED
2026-04-01 18:52:43,4,230.778,231.418,206.323,0,1,CPU,13.367,MODERATE,yolov8n_640_5-class_03-29-2026_saved_model/yolov8n_640_5-class_03-29-2026_float16.tflite,GPU_SUPPORTED
2026-04-01 18:52:44,4,230.618,230.959,206.171,0,0,CPU,16.527,MODERATE,yolov8n_640_5-class_03-29-2026_saved_model/yolov8n_640_5-class_03-29-2026_float16.tflite,GPU_SUPPORTED
2026-04-01 18:52:45,5,232.520,233.388,207.095,0,0,CPU,29.922,MODERATE,yolov8n_640_5-class_03-29-2026_saved_model/yolov8n_640_5-class_03-29-2026_float16.tflite,GPU_SUPPORTED
2026-04-01 18:52:46,4,212.407,209.286,205.899,0,0,CPU,10.621,MODERATE,yolov8n_640_5-class_03-29-2026_saved_model/yolov8n_640_5-class_03-29-2026_float16.tflite,GPU_SUPPORTED
2026-04-01 18:52:47,4,231.923,232.072,203.931,0,0,CPU,16.551,MODERATE,yolov8n_640_5-class_03-29-2026_saved_model/yolov8n_640_5-class_03-29-2026_float16.tflite,GPU_SUPPORTED
2026-04-01 18:52:48,5,231.349,233.210,210.132,0,0,CPU,13.277,MODERATE,yolov8n_640_5-class_03-29-2026_saved_model/yolov8n_640_5-class_03-29-2026_float16.tflite,GPU_SUPPORTED
2026-04-01 18:52:49,4,231.546,230.538,210.078,0,0,CPU,16.527,MODERATE,yolov8n_640_5-class_03-29-2026_saved_model/yolov8n_640_5-class_03-29-2026_float16.tflite,GPU_SUPPORTED
2026-04-01 18:52:50,4,230.757,230.772,205.846,0,0,CPU,29.910,MODERATE,yolov8n_640_5-class_03-29-2026_saved_model/yolov8n_640_5-class_03-29-2026_float16.tflite,GPU_SUPPORTED
2026-04-01 18:52:51,5,229.411,231.331,198.875,0,0,CPU,16.363,MODERATE,yolov8n_640_5-class_03-29-2026_saved_model/yolov8n_640_5-class_03-29-2026_float16.tflite,GPU_SUPPORTED
2026-04-01 18:52:52,4,260.230,233.234,206.417,0,0,CPU,29.883,MODERATE,yolov8n_640_5-class_03-29-2026_saved_model/yolov8n_640_5-class_03-29-2026_float16.tflite,GPU_SUPPORTED
2026-04-01 18:52:53,4,231.705,232.033,205.565,0,0,CPU,13.406,MODERATE,yolov8n_640_5-class_03-29-2026_saved_model/yolov8n_640_5-class_03-29-2026_float16.tflite,GPU_SUPPORTED
2026-04-01 18:52:54,4,232.262,232.133,208.067,0,0,CPU,16.488,MODERATE,yolov8n_640_5-class_03-29-2026_saved_model/yolov8n_640_5-class_03-29-2026_float16.tflite,GPU_SUPPORTED
2026-04-01 18:52:55,5,231.857,232.264,208.477,0,0,CPU,29.918,MODERATE,yolov8n_640_5-class_03-29-2026_saved_model/yolov8n_640_5-class_03-29-2026_float16.tflite,GPU_SUPPORTED
2026-04-01 18:52:56,4,232.181,233.186,208.581,0,0,CPU,16.425,MODERATE,yolov8n_640_5-class_03-29-2026_saved_model/yolov8n_640_5-class_03-29-2026_float16.tflite,GPU_SUPPORTED
2026-04-01 18:52:57,4,232.892,232.393,207.336,0,0,CPU,29.883,MODERATE,yolov8n_640_5-class_03-29-2026_saved_model/yolov8n_640_5-class_03-29-2026_float16.tflite,GPU_SUPPORTED
2026-04-01 18:52:58,4,231.077,231.360,205.793,0,0,CPU,29.914,MODERATE,yolov8n_640_5-class_03-29-2026_saved_model/yolov8n_640_5-class_03-29-2026_float16.tflite,GPU_SUPPORTED
2026-04-01 18:52:59,5,239.434,233.288,241.008,0,0,CPU,18.187,MODERATE,yolov8n_640_5-class_03-29-2026_saved_model/yolov8n_640_5-class_03-29-2026_float16.tflite,GPU_SUPPORTED
2026-04-01 18:53:00,4,231.330,231.685,208.857,0,0,CPU,13.371,MODERATE,yolov8n_640_5-class_03-29-2026_saved_model/yolov8n_640_5-class_03-29-2026_float16.tflite,GPU_SUPPORTED
2026-04-01 18:53:01,4,231.862,231.485,206.175,0,0,CPU,16.492,MODERATE,yolov8n_640_5-class_03-29-2026_saved_model/yolov8n_640_5-class_03-29-2026_float16.tflite,GPU_SUPPORTED
2026-04-01 18:53:02,4,231.371,231.639,205.057,0,0,CPU,29.922,MODERATE,yolov8n_640_5-class_03-29-2026_saved_model/yolov8n_640_5-class_03-29-2026_float16.tflite,GPU_SUPPORTED
2026-04-01 18:53:03,5,232.247,232.823,206.169,0,0,CPU,16.402,MODERATE,yolov8n_640_5-class_03-29-2026_saved_model/yolov8n_640_5-class_03-29-2026_float16.tflite,GPU_SUPPORTED
2026-04-01 18:53:04,4,232.120,232.284,208.108,0,0,CPU,29.891,MODERATE,yolov8n_640_5-class_03-29-2026_saved_model/yolov8n_640_5-class_03-29-2026_float16.tflite,GPU_SUPPORTED
2026-04-01 18:53:05,4,231.662,231.911,207.154,0,0,CPU,13.461,MODERATE,yolov8n_640_5-class_03-29-2026_saved_model/yolov8n_640_5-class_03-29-2026_float16.tflite,GPU_SUPPORTED
2026-04-01 18:53:06,5,231.231,231.652,206.208,0,1,CPU,29.922,MODERATE,yolov8n_640_5-class_03-29-2026_saved_model/yolov8n_640_5-class_03-29-2026_float16.tflite,GPU_SUPPORTED
2026-04-01 18:53:07,4,230.681,230.488,205.547,0,0,CPU,13.371,MODERATE,yolov8n_640_5-class_03-29-2026_saved_model/yolov8n_640_5-class_03-29-2026_float16.tflite,GPU_SUPPORTED
2026-04-01 18:53:08,4,231.151,230.984,205.924,0,0,CPU,16.488,MODERATE,yolov8n_640_5-class_03-29-2026_saved_model/yolov8n_640_5-class_03-29-2026_float16.tflite,GPU_SUPPORTED
2026-04-01 18:53:09,5,231.424,232.408,207.958,0,0,CPU,31.481,MODERATE,yolov8n_640_5-class_03-29-2026_saved_model/yolov8n_640_5-class_03-29-2026_float16.tflite,GPU_SUPPORTED
2026-04-01 18:53:10,4,231.741,231.984,206.109,0,0,CPU,16.488,MODERATE,yolov8n_640_5-class_03-29-2026_saved_model/yolov8n_640_5-class_03-29-2026_float16.tflite,GPU_SUPPORTED
2026-04-01 18:53:11,4,230.913,232.149,204.228,0,0,CPU,29.914,MODERATE,yolov8n_640_5-class_03-29-2026_saved_model/yolov8n_640_5-class_03-29-2026_float16.tflite,GPU_SUPPORTED
2026-04-01 18:53:12,4,232.733,233.257,208.296,0,0,CPU,13.406,MODERATE,yolov8n_640_5-class_03-29-2026_saved_model/yolov8n_640_5-class_03-29-2026_float16.tflite,GPU_SUPPORTED
2026-04-01 18:53:13,5,231.210,231.804,205.801,0,0,CPU,29.883,MODERATE,yolov8n_640_5-class_03-29-2026_saved_model/yolov8n_640_5-class_03-29-2026_float16.tflite,GPU_SUPPORTED
2026-04-01 18:53:14,4,232.490,232.976,208.979,0,0,CPU,13.375,MODERATE,yolov8n_640_5-class_03-29-2026_saved_model/yolov8n_640_5-class_03-29-2026_float16.tflite,GPU_SUPPORTED
2026-04-01 18:53:15,4,231.591,231.856,206.938,0,0,CPU,10.621,MODERATE,yolov8n_640_5-class_03-29-2026_saved_model/yolov8n_640_5-class_03-29-2026_float16.tflite,GPU_SUPPORTED
2026-04-01 18:53:16,5,231.204,231.638,205.464,0,0,CPU,23.988,MODERATE,yolov8n_640_5-class_03-29-2026_saved_model/yolov8n_640_5-class_03-29-2026_float16.tflite,GPU_SUPPORTED
2026-04-01 18:53:17,4,231.041,231.512,205.598,0,0,CPU,29.922,MODERATE,yolov8n_640_5-class_03-29-2026_saved_model/yolov8n_640_5-class_03-29-2026_float16.tflite,GPU_SUPPORTED
2026-04-01 18:53:18,4,232.726,235.091,210.569,0,0,CPU,13.402,MODERATE,yolov8n_640_5-class_03-29-2026_saved_model/yolov8n_640_5-class_03-29-2026_float16.tflite,GPU_SUPPORTED
2026-04-01 18:53:19,5,233.149,234.633,208.531,0,1,CPU,16.586,MODERATE,yolov8n_640_5-class_03-29-2026_saved_model/yolov8n_640_5-class_03-29-2026_float16.tflite,GPU_SUPPORTED
2026-04-01 18:53:20,4,232.493,232.051,205.910,0,0,CPU,13.375,MODERATE,yolov8n_640_5-class_03-29-2026_saved_model/yolov8n_640_5-class_03-29-2026_float16.tflite,GPU_SUPPORTED
2026-04-01 18:53:21,4,233.289,232.809,208.796,0,1,CPU,16.488,MODERATE,yolov8n_640_5-class_03-29-2026_saved_model/yolov8n_640_5-class_03-29-2026_float16.tflite,GPU_SUPPORTED
2026-04-01 18:53:22,4,234.566,234.934,209.515,0,0,CPU,29.914,MODERATE,yolov8n_640_5-class_03-29-2026_saved_model/yolov8n_640_5-class_03-29-2026_float16.tflite,GPU_SUPPORTED
2026-04-01 18:53:23,5,233.326,233.849,209.907,0,0,CPU,22.043,MODERATE,yolov8n_640_5-class_03-29-2026_saved_model/yolov8n_640_5-class_03-29-2026_float16.tflite,GPU_SUPPORTED
2026-04-01 18:53:24,4,234.513,235.114,209.133,0,0,CPU,29.953,MODERATE,yolov8n_640_5-class_03-29-2026_saved_model/yolov8n_640_5-class_03-29-2026_float16.tflite,GPU_SUPPORTED
2026-04-01 18:53:25,4,234.183,234.424,209.377,0,0,CPU,13.406,MODERATE,yolov8n_640_5-class_03-29-2026_saved_model/yolov8n_640_5-class_03-29-2026_float16.tflite,GPU_SUPPORTED
2026-04-01 18:53:26,4,231.411,232.794,202.564,0,1,CPU,13.437,MODERATE,yolov8n_640_5-class_03-29-2026_saved_model/yolov8n_640_5-class_03-29-2026_float16.tflite,GPU_SUPPORTED
2026-04-01 18:53:28,5,223.369,230.514,207.877,0,0,CPU,29.914,MODERATE,yolov8n_640_5-class_03-29-2026_saved_model/yolov8n_640_5-class_03-29-2026_float16.tflite,GPU_SUPPORTED
2026-04-01 18:53:29,4,231.250,230.813,208.026,0,0,CPU,13.371,MODERATE,yolov8n_640_5-class_03-29-2026_saved_model/yolov8n_640_5-class_03-29-2026_float16.tflite,GPU_SUPPORTED
2026-04-01 18:53:30,4,231.867,232.946,206.874,0,0,CPU,16.488,MODERATE,yolov8n_640_5-class_03-29-2026_saved_model/yolov8n_640_5-class_03-29-2026_float16.tflite,GPU_SUPPORTED
2026-04-01 18:53:31,5,231.024,231.539,206.104,0,0,CPU,13.367,MODERATE,yolov8n_640_5-class_03-29-2026_saved_model/yolov8n_640_5-class_03-29-2026_float16.tflite,GPU_SUPPORTED
2026-04-01 18:53:32,4,231.603,232.486,209.276,0,0,CPU,16.527,MODERATE,yolov8n_640_5-class_03-29-2026_saved_model/yolov8n_640_5-class_03-29-2026_float16.tflite,GPU_SUPPORTED
2026-04-01 18:53:33,4,232.879,233.627,209.698,0,1,CPU,29.922,MODERATE,yolov8n_640_5-class_03-29-2026_saved_model/yolov8n_640_5-class_03-29-2026_float16.tflite,GPU_SUPPORTED
2026-04-01 18:53:34,5,231.040,231.726,208.435,0,0,CPU,16.308,MODERATE,yolov8n_640_5-class_03-29-2026_saved_model/yolov8n_640_5-class_03-29-2026_float16.tflite,GPU_SUPPORTED
2026-04-01 18:53:35,4,231.018,232.159,205.267,0,0,CPU,29.891,MODERATE,yolov8n_640_5-class_03-29-2026_saved_model/yolov8n_640_5-class_03-29-2026_float16.tflite,GPU_SUPPORTED
2026-04-01 18:53:36,4,229.658,229.942,208.334,0,0,CPU,13.375,MODERATE,yolov8n_640_5-class_03-29-2026_saved_model/yolov8n_640_5-class_03-29-2026_float16.tflite,GPU_SUPPORTED
2026-04-01 18:53:37,5,231.131,231.521,206.597,0,0,CPU,29.914,MODERATE,yolov8n_640_5-class_03-29-2026_saved_model/yolov8n_640_5-class_03-29-2026_float16.tflite,GPU_SUPPORTED
2026-04-01 18:53:38,4,231.323,232.041,209.959,0,0,CPU,13.406,MODERATE,yolov8n_640_5-class_03-29-2026_saved_model/yolov8n_640_5-class_03-29-2026_float16.tflite,GPU_SUPPORTED
2026-04-01 18:53:39,4,230.771,231.915,206.754,0,0,CPU,16.488,MODERATE,yolov8n_640_5-class_03-29-2026_saved_model/yolov8n_640_5-class_03-29-2026_float16.tflite,GPU_SUPPORTED
2026-04-01 18:53:40,5,231.911,232.714,208.636,0,0,CPU,38.500,MODERATE,yolov8n_640_5-class_03-29-2026_saved_model/yolov8n_640_5-class_03-29-2026_float16.tflite,GPU_SUPPORTED
2026-04-01 18:53:41,4,230.802,231.009,204.065,0,0,CPU,16.558,MODERATE,yolov8n_640_5-class_03-29-2026_saved_model/yolov8n_640_5-class_03-29-2026_float16.tflite,GPU_SUPPORTED
2026-04-01 18:53:42,4,230.674,231.501,205.451,0,0,CPU,29.883,MODERATE,yolov8n_640_5-class_03-29-2026_saved_model/yolov8n_640_5-class_03-29-2026_float16.tflite,GPU_SUPPORTED
2026-04-01 18:53:43,4,264.042,233.882,335.828,0,0,CPU,13.379,MODERATE,yolov8n_640_5-class_03-29-2026_saved_model/yolov8n_640_5-class_03-29-2026_float16.tflite,GPU_SUPPORTED
2026-04-01 18:53:44,4,231.681,232.133,206.254,0,0,CPU,16.488,MODERATE,yolov8n_640_5-class_03-29-2026_saved_model/yolov8n_640_5-class_03-29-2026_float16.tflite,GPU_SUPPORTED
2026-04-01 18:53:45,5,231.781,233.439,206.501,0,0,CPU,38.492,MODERATE,yolov8n_640_5-class_03-29-2026_saved_model/yolov8n_640_5-class_03-29-2026_float16.tflite,GPU_SUPPORTED
2026-04-01 18:53:46,4,231.745,232.079,209.666,0,0,CPU,16.488,MODERATE,yolov8n_640_5-class_03-29-2026_saved_model/yolov8n_640_5-class_03-29-2026_float16.tflite,GPU_SUPPORTED
2026-04-01 18:53:47,4,231.286,231.413,205.808,0,0,CPU,16.488,MODERATE,yolov8n_640_5-class_03-29-2026_saved_model/yolov8n_640_5-class_03-29-2026_float16.tflite,GPU_SUPPORTED
2026-04-01 18:53:48,4,239.673,231.262,240.591,0,0,CPU,29.914,MODERATE,yolov8n_640_5-class_03-29-2026_saved_model/yolov8n_640_5-class_03-29-2026_float16.tflite,GPU_SUPPORTED
2026-04-01 18:53:49,4,267.493,267.559,240.158,0,0,CPU,13.410,MODERATE,yolov8n_640_5-class_03-29-2026_saved_model/yolov8n_640_5-class_03-29-2026_float16.tflite,GPU_SUPPORTED
2026-04-01 18:53:50,4,267.697,267.873,239.981,0,0,CPU,26.766,MODERATE,yolov8n_640_5-class_03-29-2026_saved_model/yolov8n_640_5-class_03-29-2026_float16.tflite,GPU_SUPPORTED
2026-04-01 18:53:51,3,268.295,268.276,241.197,0,0,CPU,16.496,MODERATE,yolov8n_640_5-class_03-29-2026_saved_model/yolov8n_640_5-class_03-29-2026_float16.tflite,GPU_SUPPORTED
2026-04-01 18:53:52,3,267.843,267.507,241.520,0,1,CPU,16.488,SEVERE,yolov8n_640_5-class_03-29-2026_saved_model/yolov8n_640_5-class_03-29-2026_float16.tflite,GPU_SUPPORTED
2026-04-01 18:53:53,4,319.080,268.900,240.815,0,0,CPU,29.914,SEVERE,yolov8n_640_5-class_03-29-2026_saved_model/yolov8n_640_5-class_03-29-2026_float16.tflite,GPU_SUPPORTED
2026-04-01 18:53:54,4,267.924,268.499,240.981,0,1,CPU,13.433,SEVERE,yolov8n_640_5-class_03-29-2026_saved_model/yolov8n_640_5-class_03-29-2026_float16.tflite,GPU_SUPPORTED
2026-04-01 18:53:55,4,268.776,268.810,241.127,0,0,CPU,13.472,SEVERE,yolov8n_640_5-class_03-29-2026_saved_model/yolov8n_640_5-class_03-29-2026_float16.tflite,GPU_SUPPORTED
2026-04-01 18:53:56,3,268.911,268.816,241.303,0,0,CPU,16.492,SEVERE,yolov8n_640_5-class_03-29-2026_saved_model/yolov8n_640_5-class_03-29-2026_float16.tflite,GPU_SUPPORTED
2026-04-01 18:53:57,4,268.144,268.203,240.937,0,0,CPU,29.887,SEVERE,yolov8n_640_5-class_03-29-2026_saved_model/yolov8n_640_5-class_03-29-2026_float16.tflite,GPU_SUPPORTED
2026-04-01 18:53:58,4,268.573,268.675,241.558,0,0,CPU,13.257,SEVERE,yolov8n_640_5-class_03-29-2026_saved_model/yolov8n_640_5-class_03-29-2026_float16.tflite,GPU_SUPPORTED
2026-04-01 18:53:59,3,267.952,268.257,240.430,0,0,CPU,13.441,SEVERE,yolov8n_640_5-class_03-29-2026_saved_model/yolov8n_640_5-class_03-29-2026_float16.tflite,GPU_SUPPORTED
2026-04-01 18:54:00,4,268.696,268.945,241.101,0,0,CPU,16.500,SEVERE,yolov8n_640_5-class_03-29-2026_saved_model/yolov8n_640_5-class_03-29-2026_float16.tflite,GPU_SUPPORTED
2026-04-01 18:54:01,4,268.922,269.165,241.611,0,0,CPU,29.918,SEVERE,yolov8n_640_5-class_03-29-2026_saved_model/yolov8n_640_5-class_03-29-2026_float16.tflite,GPU_SUPPORTED
2026-04-01 18:54:02,4,267.756,268.215,240.124,0,0,CPU,29.918,SEVERE,yolov8n_640_5-class_03-29-2026_saved_model/yolov8n_640_5-class_03-29-2026_float16.tflite,GPU_SUPPORTED
2026-04-01 18:54:03,3,268.731,268.673,240.193,0,0,CPU,13.433,SEVERE,yolov8n_640_5-class_03-29-2026_saved_model/yolov8n_640_5-class_03-29-2026_float16.tflite,GPU_SUPPORTED
2026-04-01 18:54:04,4,268.286,269.033,240.079,0,0,CPU,16.492,SEVERE,yolov8n_640_5-class_03-29-2026_saved_model/yolov8n_640_5-class_03-29-2026_float16.tflite,GPU_SUPPORTED
2026-04-01 18:54:05,4,267.647,268.028,240.349,0,0,CPU,29.887,SEVERE,yolov8n_640_5-class_03-29-2026_saved_model/yolov8n_640_5-class_03-29-2026_float16.tflite,GPU_SUPPORTED
2026-04-01 18:54:06,3,267.289,267.488,239.708,0,1,CPU,13.011,SEVERE,yolov8n_640_5-class_03-29-2026_saved_model/yolov8n_640_5-class_03-29-2026_float16.tflite,GPU_SUPPORTED
2026-04-01 18:54:07,4,267.796,268.585,240.604,0,0,CPU,16.500,SEVERE,yolov8n_640_5-class_03-29-2026_saved_model/yolov8n_640_5-class_03-29-2026_float16.tflite,GPU_SUPPORTED
2026-04-01 18:54:08,4,268.012,267.845,240.940,0,0,CPU,29.887,SEVERE,yolov8n_640_5-class_03-29-2026_saved_model/yolov8n_640_5-class_03-29-2026_float16.tflite,GPU_SUPPORTED
2026-04-01 18:54:09,4,267.481,268.314,240.394,0,0,CPU,38.559,SEVERE,yolov8n_640_5-class_03-29-2026_saved_model/yolov8n_640_5-class_03-29-2026_float16.tflite,GPU_SUPPORTED
2026-04-01 18:54:10,3,268.188,268.091,240.603,0,0,CPU,16.523,SEVERE,yolov8n_640_5-class_03-29-2026_saved_model/yolov8n_640_5-class_03-29-2026_float16.tflite,GPU_SUPPORTED
2026-04-01 18:54:11,4,268.022,268.087,239.839,0,0,CPU,29.949,SEVERE,yolov8n_640_5-class_03-29-2026_saved_model/yolov8n_640_5-class_03-29-2026_float16.tflite,GPU_SUPPORTED
2026-04-01 18:54:12,4,269.083,269.704,241.638,0,0,CPU,31.109,SEVERE,yolov8n_640_5-class_03-29-2026_saved_model/yolov8n_640_5-class_03-29-2026_float16.tflite,GPU_SUPPORTED
2026-04-01 18:54:13,3,268.577,268.277,241.077,0,0,CPU,29.918,SEVERE,yolov8n_640_5-class_03-29-2026_saved_model/yolov8n_640_5-class_03-29-2026_float16.tflite,GPU_SUPPORTED
2026-04-01 18:54:14,4,268.048,268.334,240.912,0,0,CPU,18.187,SEVERE,yolov8n_640_5-class_03-29-2026_saved_model/yolov8n_640_5-class_03-29-2026_float16.tflite,GPU_SUPPORTED
2026-04-01 18:54:15,4,268.169,268.100,240.861,0,0,CPU,29.918,SEVERE,yolov8n_640_5-class_03-29-2026_saved_model/yolov8n_640_5-class_03-29-2026_float16.tflite,GPU_SUPPORTED
2026-04-01 18:54:16,4,267.820,268.013,240.674,0,0,CPU,43.281,SEVERE,yolov8n_640_5-class_03-29-2026_saved_model/yolov8n_640_5-class_03-29-2026_float16.tflite,GPU_SUPPORTED
2026-04-01 18:54:17,3,267.875,267.871,240.750,0,0,CPU,13.433,SEVERE,yolov8n_640_5-class_03-29-2026_saved_model/yolov8n_640_5-class_03-29-2026_float16.tflite,GPU_SUPPORTED
2026-04-01 18:54:18,4,268.239,268.881,241.252,0,0,CPU,16.492,SEVERE,yolov8n_640_5-class_03-29-2026_saved_model/yolov8n_640_5-class_03-29-2026_float16.tflite,GPU_SUPPORTED
2026-04-01 18:54:19,4,267.868,267.748,240.412,0,0,CPU,29.918,SEVERE,yolov8n_640_5-class_03-29-2026_saved_model/yolov8n_640_5-class_03-29-2026_float16.tflite,GPU_SUPPORTED
2026-04-01 18:54:20,4,267.455,267.176,240.776,0,0,CPU,29.918,SEVERE,yolov8n_640_5-class_03-29-2026_saved_model/yolov8n_640_5-class_03-29-2026_float16.tflite,GPU_SUPPORTED
2026-04-01 18:54:21,3,267.485,267.843,240.783,0,0,CPU,13.437,SEVERE,yolov8n_640_5-class_03-29-2026_saved_model/yolov8n_640_5-class_03-29-2026_float16.tflite,GPU_SUPPORTED
2026-04-01 18:54:22,4,267.675,267.915,240.703,0,0,CPU,16.461,SEVERE,yolov8n_640_5-class_03-29-2026_saved_model/yolov8n_640_5-class_03-29-2026_float16.tflite,GPU_SUPPORTED
2026-04-01 18:54:23,4,268.012,268.136,240.148,0,0,CPU,17.617,SEVERE,yolov8n_640_5-class_03-29-2026_saved_model/yolov8n_640_5-class_03-29-2026_float16.tflite,GPU_SUPPORTED
2026-04-01 18:54:24,3,268.106,268.317,241.154,0,0,CPU,16.523,SEVERE,yolov8n_640_5-class_03-29-2026_saved_model/yolov8n_640_5-class_03-29-2026_float16.tflite,GPU_SUPPORTED
2026-04-01 18:54:25,4,267.910,268.107,240.251,0,0,CPU,29.926,SEVERE,yolov8n_640_5-class_03-29-2026_saved_model/yolov8n_640_5-class_03-29-2026_float16.tflite,GPU_SUPPORTED
2026-04-01 18:54:26,4,269.277,269.210,241.120,0,0,CPU,13.379,SEVERE,yolov8n_640_5-class_03-29-2026_saved_model/yolov8n_640_5-class_03-29-2026_float16.tflite,GPU_SUPPORTED
2026-04-01 18:54:27,4,268.342,268.720,240.923,0,0,CPU,22.043,SEVERE,yolov8n_640_5-class_03-29-2026_saved_model/yolov8n_640_5-class_03-29-2026_float16.tflite,GPU_SUPPORTED
2026-04-01 18:54:28,3,267.948,267.576,240.164,0,0,CPU,16.492,SEVERE,yolov8n_640_5-class_03-29-2026_saved_model/yolov8n_640_5-class_03-29-2026_float16.tflite,GPU_SUPPORTED
2026-04-01 18:54:29,4,267.830,267.900,240.696,0,0,CPU,29.918,SEVERE,yolov8n_640_5-class_03-29-2026_saved_model/yolov8n_640_5-class_03-29-2026_float16.tflite,GPU_SUPPORTED
2026-04-01 18:54:30,4,267.437,267.555,240.474,0,0,CPU,13.308,SEVERE,yolov8n_640_5-class_03-29-2026_saved_model/yolov8n_640_5-class_03-29-2026_float16.tflite,GPU_SUPPORTED
2026-04-01 18:54:31,3,267.466,267.298,239.655,0,0,CPU,13.011,SEVERE,yolov8n_640_5-class_03-29-2026_saved_model/yolov8n_640_5-class_03-29-2026_float16.tflite,GPU_SUPPORTED
2026-04-01 18:54:32,4,268.137,268.551,241.070,0,1,CPU,16.500,SEVERE,yolov8n_640_5-class_03-29-2026_saved_model/yolov8n_640_5-class_03-29-2026_float16.tflite,GPU_SUPPORTED
2026-04-01 18:54:33,4,268.080,268.219,240.626,0,0,CPU,29.918,SEVERE,yolov8n_640_5-class_03-29-2026_saved_model/yolov8n_640_5-class_03-29-2026_float16.tflite,GPU_SUPPORTED
2026-04-01 18:54:34,4,267.781,267.764,240.509,0,0,CPU,18.339,SEVERE,yolov8n_640_5-class_03-29-2026_saved_model/yolov8n_640_5-class_03-29-2026_float16.tflite,GPU_SUPPORTED
2026-04-01 18:54:35,3,267.099,267.794,240.201,0,1,CPU,16.492,SEVERE,yolov8n_640_5-class_03-29-2026_saved_model/yolov8n_640_5-class_03-29-2026_float16.tflite,GPU_SUPPORTED
2026-04-01 18:54:36,4,269.341,268.963,241.725,0,0,CPU,29.887,SEVERE,yolov8n_640_5-class_03-29-2026_saved_model/yolov8n_640_5-class_03-29-2026_float16.tflite,GPU_SUPPORTED
2026-04-01 18:54:37,4,269.135,269.099,241.012,0,0,CPU,13.343,SEVERE,yolov8n_640_5-class_03-29-2026_saved_model/yolov8n_640_5-class_03-29-2026_float16.tflite,GPU_SUPPORTED
2026-04-01 18:54:38,3,268.152,268.206,240.210,0,0,CPU,13.433,SEVERE,yolov8n_640_5-class_03-29-2026_saved_model/yolov8n_640_5-class_03-29-2026_float16.tflite,GPU_SUPPORTED
2026-04-01 18:54:39,4,269.843,268.623,246.839,0,0,CPU,16.492,SEVERE,yolov8n_640_5-class_03-29-2026_saved_model/yolov8n_640_5-class_03-29-2026_float16.tflite,GPU_SUPPORTED
2026-04-01 18:54:40,4,268.985,269.061,241.945,0,0,CPU,29.887,SEVERE,yolov8n_640_5-class_03-29-2026_saved_model/yolov8n_640_5-class_03-29-2026_float16.tflite,GPU_SUPPORTED
2026-04-01 18:54:41,4,269.315,270.274,241.024,0,0,CPU,43.382,SEVERE,yolov8n_640_5-class_03-29-2026_saved_model/yolov8n_640_5-class_03-29-2026_float16.tflite,GPU_SUPPORTED
2026-04-01 18:54:42,3,268.682,268.896,240.845,0,0,CPU,13.406,SEVERE,yolov8n_640_5-class_03-29-2026_saved_model/yolov8n_640_5-class_03-29-2026_float16.tflite,GPU_SUPPORTED
2026-04-01 18:54:43,4,268.149,268.227,239.899,0,0,CPU,16.562,SEVERE,yolov8n_640_5-class_03-29-2026_saved_model/yolov8n_640_5-class_03-29-2026_float16.tflite,GPU_SUPPORTED
2026-04-01 18:54:44,4,268.220,268.552,240.320,0,0,CPU,17.648,SEVERE,yolov8n_640_5-class_03-29-2026_saved_model/yolov8n_640_5-class_03-29-2026_float16.tflite,GPU_SUPPORTED
2026-04-01 18:54:45,4,270.370,269.263,240.562,0,0,CPU,16.586,SEVERE,yolov8n_640_5-class_03-29-2026_saved_model/yolov8n_640_5-class_03-29-2026_float16.tflite,GPU_SUPPORTED
2026-04-01 18:54:46,3,268.348,268.395,240.820,0,0,CPU,29.926,SEVERE,yolov8n_640_5-class_03-29-2026_saved_model/yolov8n_640_5-class_03-29-2026_float16.tflite,GPU_SUPPORTED
2026-04-01 18:54:47,4,268.645,268.299,241.213,0,0,CPU,29.918,SEVERE,yolov8n_640_5-class_03-29-2026_saved_model/yolov8n_640_5-class_03-29-2026_float16.tflite,GPU_SUPPORTED
2026-04-01 18:54:48,4,268.273,268.704,241.180,0,0,CPU,13.214,SEVERE,yolov8n_640_5-class_03-29-2026_saved_model/yolov8n_640_5-class_03-29-2026_float16.tflite,GPU_SUPPORTED
2026-04-01 18:54:49,3,268.445,268.912,239.983,0,0,CPU,13.379,SEVERE,yolov8n_640_5-class_03-29-2026_saved_model/yolov8n_640_5-class_03-29-2026_float16.tflite,GPU_SUPPORTED
2026-04-01 18:54:50,4,268.007,267.789,240.741,0,0,CPU,16.492,SEVERE,yolov8n_640_5-class_03-29-2026_saved_model/yolov8n_640_5-class_03-29-2026_float16.tflite,GPU_SUPPORTED
2026-04-01 18:54:51,4,268.959,269.463,242.333,0,1,CPU,29.918,SEVERE,yolov8n_640_5-class_03-29-2026_saved_model/yolov8n_640_5-class_03-29-2026_float16.tflite,GPU_SUPPORTED
2026-04-01 18:54:52,3,332.195,268.567,241.073,0,0,CPU,29.957,SEVERE,yolov8n_640_5-class_03-29-2026_saved_model/yolov8n_640_5-class_03-29-2026_float16.tflite,GPU_SUPPORTED
2026-04-01 18:54:53,4,268.149,268.606,240.189,0,0,CPU,29.918,SEVERE,yolov8n_640_5-class_03-29-2026_saved_model/yolov8n_640_5-class_03-29-2026_float16.tflite,GPU_SUPPORTED
2026-04-01 18:54:54,3,270.981,268.741,241.304,0,0,CPU,13.441,SEVERE,yolov8n_640_5-class_03-29-2026_saved_model/yolov8n_640_5-class_03-29-2026_float16.tflite,GPU_SUPPORTED
2026-04-01 18:54:55,4,268.303,268.524,240.600,0,0,CPU,16.523,SEVERE,yolov8n_640_5-class_03-29-2026_saved_model/yolov8n_640_5-class_03-29-2026_float16.tflite,GPU_SUPPORTED
2026-04-01 18:54:56,4,267.350,267.715,239.992,0,0,CPU,29.918,SEVERE,yolov8n_640_5-class_03-29-2026_saved_model/yolov8n_640_5-class_03-29-2026_float16.tflite,GPU_SUPPORTED
2026-04-01 18:54:57,3,268.366,268.574,240.564,0,0,CPU,29.895,SEVERE,yolov8n_640_5-class_03-29-2026_saved_model/yolov8n_640_5-class_03-29-2026_float16.tflite,GPU_SUPPORTED
2026-04-01 18:54:58,4,267.765,268.367,239.849,0,0,CPU,13.410,SEVERE,yolov8n_640_5-class_03-29-2026_saved_model/yolov8n_640_5-class_03-29-2026_float16.tflite,GPU_SUPPORTED
2026-04-01 18:54:59,4,267.776,268.114,240.078,0,0,CPU,16.429,SEVERE,yolov8n_640_5-class_03-29-2026_saved_model/yolov8n_640_5-class_03-29-2026_float16.tflite,GPU_SUPPORTED
2026-04-01 18:55:00,4,268.100,268.500,240.813,0,0,CPU,16.625,SEVERE,yolov8n_640_5-class_03-29-2026_saved_model/yolov8n_640_5-class_03-29-2026_float16.tflite,GPU_SUPPORTED
2026-04-01 18:55:01,3,267.670,267.579,240.489,0,0,CPU,29.887,SEVERE,yolov8n_640_5-class_03-29-2026_saved_model/yolov8n_640_5-class_03-29-2026_float16.tflite,GPU_SUPPORTED
2026-04-01 18:55:02,4,267.534,267.499,240.858,0,0,CPU,13.410,SEVERE,yolov8n_640_5-class_03-29-2026_saved_model/yolov8n_640_5-class_03-29-2026_float16.tflite,GPU_SUPPORTED
2026-04-01 18:55:03,4,268.410,268.891,241.794,0,0,CPU,16.718,SEVERE,yolov8n_640_5-class_03-29-2026_saved_model/yolov8n_640_5-class_03-29-2026_float16.tflite,GPU_SUPPORTED
2026-04-01 18:55:04,3,269.226,268.278,243.626,0,0,CPU,16.492,SEVERE,yolov8n_640_5-class_03-29-2026_saved_model/yolov8n_640_5-class_03-29-2026_float16.tflite,GPU_SUPPORTED
2026-04-01 18:55:05,4,268.407,268.680,241.043,0,0,CPU,29.918,SEVERE,yolov8n_640_5-class_03-29-2026_saved_model/yolov8n_640_5-class_03-29-2026_float16.tflite,GPU_SUPPORTED
2026-04-01 18:55:06,4,268.508,268.520,240.957,0,0,CPU,13.371,SEVERE,yolov8n_640_5-class_03-29-2026_saved_model/yolov8n_640_5-class_03-29-2026_float16.tflite,GPU_SUPPORTED
2026-04-01 18:55:07,4,269.542,268.772,244.929,0,0,CPU,15.035,SEVERE,yolov8n_640_5-class_03-29-2026_saved_model/yolov8n_640_5-class_03-29-2026_float16.tflite,GPU_SUPPORTED
2026-04-01 18:55:08,3,269.006,269.027,241.627,0,0,CPU,16.492,SEVERE,yolov8n_640_5-class_03-29-2026_saved_model/yolov8n_640_5-class_03-29-2026_float16.tflite,GPU_SUPPORTED
2026-04-01 18:55:09,3,349.584,319.574,282.409,0,0,CPU,16.523,SEVERE,yolov8n_640_5-class_03-29-2026_saved_model/yolov8n_640_5-class_03-29-2026_float16.tflite,GPU_SUPPORTED
2026-04-01 18:55:10,4,267.976,268.302,240.747,0,0,CPU,29.918,SEVERE,yolov8n_640_5-class_03-29-2026_saved_model/yolov8n_640_5-class_03-29-2026_float16.tflite,GPU_SUPPORTED
2026-04-01 18:55:11,3,268.756,269.188,241.188,0,0,CPU,29.918,SEVERE,yolov8n_640_5-class_03-29-2026_saved_model/yolov8n_640_5-class_03-29-2026_float16.tflite,GPU_SUPPORTED
2026-04-01 18:55:12,4,267.679,267.722,240.730,0,0,CPU,13.406,SEVERE,yolov8n_640_5-class_03-29-2026_saved_model/yolov8n_640_5-class_03-29-2026_float16.tflite,GPU_SUPPORTED
2026-04-01 18:55:13,4,268.352,268.878,240.854,0,0,CPU,16.492,SEVERE,yolov8n_640_5-class_03-29-2026_saved_model/yolov8n_640_5-class_03-29-2026_float16.tflite,GPU_SUPPORTED
2026-04-01 18:55:14,4,267.800,267.744,240.077,0,0,CPU,29.918,SEVERE,yolov8n_640_5-class_03-29-2026_saved_model/yolov8n_640_5-class_03-29-2026_float16.tflite,GPU_SUPPORTED
2026-04-01 18:55:15,3,267.866,268.109,240.480,0,0,CPU,29.918,SEVERE,yolov8n_640_5-class_03-29-2026_saved_model/yolov8n_640_5-class_03-29-2026_float16.tflite,GPU_SUPPORTED
2026-04-01 18:55:16,4,267.399,267.101,239.821,0,0,CPU,13.437,SEVERE,yolov8n_640_5-class_03-29-2026_saved_model/yolov8n_640_5-class_03-29-2026_float16.tflite,GPU_SUPPORTED
2026-04-01 18:55:17,4,268.538,268.800,242.173,0,0,CPU,16.461,SEVERE,yolov8n_640_5-class_03-29-2026_saved_model/yolov8n_640_5-class_03-29-2026_float16.tflite,GPU_SUPPORTED
2026-04-01 18:55:18,4,268.010,268.130,240.670,0,0,CPU,25.195,SEVERE,yolov8n_640_5-class_03-29-2026_saved_model/yolov8n_640_5-class_03-29-2026_float16.tflite,GPU_SUPPORTED
2026-04-01 18:55:19,3,268.922,268.795,241.131,0,0,CPU,29.926,SEVERE,yolov8n_640_5-class_03-29-2026_saved_model/yolov8n_640_5-class_03-29-2026_float16.tflite,GPU_SUPPORTED
2026-04-01 18:55:20,4,268.606,269.012,240.341,0,0,CPU,13.414,SEVERE,yolov8n_640_5-class_03-29-2026_saved_model/yolov8n_640_5-class_03-29-2026_float16.tflite,GPU_SUPPORTED
2026-04-01 18:55:21,4,268.401,268.589,240.930,0,0,CPU,16.367,SEVERE,yolov8n_640_5-class_03-29-2026_saved_model/yolov8n_640_5-class_03-29-2026_float16.tflite,GPU_SUPPORTED
2026-04-01 18:55:22,3,268.498,268.396,241.294,0,0,CPU,16.500,SEVERE,yolov8n_640_5-class_03-29-2026_saved_model/yolov8n_640_5-class_03-29-2026_float16.tflite,GPU_SUPPORTED
2026-04-01 18:55:23,4,268.681,268.224,240.528,0,0,CPU,29.918,SEVERE,yolov8n_640_5-class_03-29-2026_saved_model/yolov8n_640_5-class_03-29-2026_float16.tflite,GPU_SUPPORTED
2026-04-01 18:55:24,4,267.816,268.122,240.570,0,0,CPU,17.703,SEVERE,yolov8n_640_5-class_03-29-2026_saved_model/yolov8n_640_5-class_03-29-2026_float16.tflite,GPU_SUPPORTED
2026-04-01 18:55:25,4,267.947,268.083,240.900,0,1,CPU,25.234,SEVERE,yolov8n_640_5-class_03-29-2026_saved_model/yolov8n_640_5-class_03-29-2026_float16.tflite,GPU_SUPPORTED
2026-04-01 18:55:26,3,268.198,268.187,240.983,0,0,CPU,29.918,SEVERE,yolov8n_640_5-class_03-29-2026_saved_model/yolov8n_640_5-class_03-29-2026_float16.tflite,GPU_SUPPORTED
2026-04-01 18:55:27,4,267.674,267.725,240.442,0,0,CPU,13.382,SEVERE,yolov8n_640_5-class_03-29-2026_saved_model/yolov8n_640_5-class_03-29-2026_float16.tflite,GPU_SUPPORTED
2026-04-01 18:55:28,4,269.492,269.188,241.335,0,0,CPU,16.375,SEVERE,yolov8n_640_5-class_03-29-2026_saved_model/yolov8n_640_5-class_03-29-2026_float16.tflite,GPU_SUPPORTED
2026-04-01 18:55:29,3,268.829,268.934,241.610,0,0,CPU,16.527,SEVERE,yolov8n_640_5-class_03-29-2026_saved_model/yolov8n_640_5-class_03-29-2026_float16.tflite,GPU_SUPPORTED
2026-04-01 18:55:30,4,272.728,268.710,241.535,0,0,CPU,29.918,SEVERE,yolov8n_640_5-class_03-29-2026_saved_model/yolov8n_640_5-class_03-29-2026_float16.tflite,GPU_SUPPORTED
2026-04-01 18:55:31,4,269.232,269.559,241.114,0,0,CPU,18.035,SEVERE,yolov8n_640_5-class_03-29-2026_saved_model/yolov8n_640_5-class_03-29-2026_float16.tflite,GPU_SUPPORTED
2026-04-01 18:55:32,3,283.003,281.308,245.395,0,0,CPU,16.492,SEVERE,yolov8n_640_5-class_03-29-2026_saved_model/yolov8n_640_5-class_03-29-2026_float16.tflite,GPU_SUPPORTED
2026-04-01 18:55:33,4,272.312,273.686,243.173,0,0,CPU,29.949,SEVERE,yolov8n_640_5-class_03-29-2026_saved_model/yolov8n_640_5-class_03-29-2026_float16.tflite,GPU_SUPPORTED
2026-04-01 18:55:34,4,270.136,269.320,240.879,0,0,CPU,43.281,SEVERE,yolov8n_640_5-class_03-29-2026_saved_model/yolov8n_640_5-class_03-29-2026_float16.tflite,GPU_SUPPORTED
2026-04-01 18:55:35,3,289.035,268.510,240.623,0,0,CPU,13.402,SEVERE,yolov8n_640_5-class_03-29-2026_saved_model/yolov8n_640_5-class_03-29-2026_float16.tflite,GPU_SUPPORTED
2026-04-01 18:55:36,4,268.912,269.454,241.465,0,0,CPU,16.492,SEVERE,yolov8n_640_5-class_03-29-2026_saved_model/yolov8n_640_5-class_03-29-2026_float16.tflite,GPU_SUPPORTED
2026-04-01 18:55:37,4,271.110,269.378,251.335,0,0,CPU,25.226,SEVERE,yolov8n_640_5-class_03-29-2026_saved_model/yolov8n_640_5-class_03-29-2026_float16.tflite,GPU_SUPPORTED
2026-04-01 18:55:38,3,271.872,269.699,241.388,0,0,CPU,29.922,SEVERE,yolov8n_640_5-class_03-29-2026_saved_model/yolov8n_640_5-class_03-29-2026_float16.tflite,GPU_SUPPORTED
2026-04-01 18:55:39,4,268.422,268.438,240.700,0,0,CPU,13.375,SEVERE,yolov8n_640_5-class_03-29-2026_saved_model/yolov8n_640_5-class_03-29-2026_float16.tflite,GPU_SUPPORTED
2026-04-01 18:55:40,4,268.743,269.213,240.810,0,0,CPU,16.250,SEVERE,yolov8n_640_5-class_03-29-2026_saved_model/yolov8n_640_5-class_03-29-2026_float16.tflite,GPU_SUPPORTED
2026-04-01 18:55:41,3,267.456,267.503,240.265,0,0,CPU,16.492,SEVERE,yolov8n_640_5-class_03-29-2026_saved_model/yolov8n_640_5-class_03-29-2026_float16.tflite,GPU_SUPPORTED
2026-04-01 18:55:42,4,267.887,268.236,242.256,0,1,CPU,29.918,SEVERE,yolov8n_640_5-class_03-29-2026_saved_model/yolov8n_640_5-class_03-29-2026_float16.tflite,GPU_SUPPORTED
2026-04-01 18:55:43,4,271.754,268.577,240.088,0,0,CPU,13.414,SEVERE,yolov8n_640_5-class_03-29-2026_saved_model/yolov8n_640_5-class_03-29-2026_float16.tflite,GPU_SUPPORTED
2026-04-01 18:55:44,4,268.318,268.578,240.742,0,1,CPU,13.078,SEVERE,yolov8n_640_5-class_03-29-2026_saved_model/yolov8n_640_5-class_03-29-2026_float16.tflite,GPU_SUPPORTED
2026-04-01 18:55:45,3,267.540,267.616,239.775,0,0,CPU,16.492,SEVERE,yolov8n_640_5-class_03-29-2026_saved_model/yolov8n_640_5-class_03-29-2026_float16.tflite,GPU_SUPPORTED
2026-04-01 18:55:46,4,268.353,268.662,240.243,0,0,CPU,29.918,SEVERE,yolov8n_640_5-class_03-29-2026_saved_model/yolov8n_640_5-class_03-29-2026_float16.tflite,GPU_SUPPORTED
2026-04-01 18:55:47,4,268.219,268.473,239.894,0,0,CPU,13.253,SEVERE,yolov8n_640_5-class_03-29-2026_saved_model/yolov8n_640_5-class_03-29-2026_float16.tflite,GPU_SUPPORTED
2026-04-01 18:55:48,3,268.649,268.896,240.709,0,0,CPU,13.437,SEVERE,yolov8n_640_5-class_03-29-2026_saved_model/yolov8n_640_5-class_03-29-2026_float16.tflite,GPU_SUPPORTED
2026-04-01 18:55:49,4,268.574,268.018,240.682,0,0,CPU,16.492,SEVERE,yolov8n_640_5-class_03-29-2026_saved_model/yolov8n_640_5-class_03-29-2026_float16.tflite,GPU_SUPPORTED
2026-04-01 18:55:50,4,269.645,269.425,241.402,0,0,CPU,29.887,SEVERE,yolov8n_640_5-class_03-29-2026_saved_model/yolov8n_640_5-class_03-29-2026_float16.tflite,GPU_SUPPORTED
2026-04-01 18:55:51,4,269.083,269.374,240.575,0,0,CPU,29.918,SEVERE,yolov8n_640_5-class_03-29-2026_saved_model/yolov8n_640_5-class_03-29-2026_float16.tflite,GPU_SUPPORTED
2026-04-01 18:55:52,3,331.538,275.176,413.017,0,0,CPU,29.918,SEVERE,yolov8n_640_5-class_03-29-2026_saved_model/yolov8n_640_5-class_03-29-2026_float16.tflite,GPU_SUPPORTED
2026-04-01 18:55:53,3,268.896,269.285,240.572,0,0,CPU,13.441,SEVERE,yolov8n_640_5-class_03-29-2026_saved_model/yolov8n_640_5-class_03-29-2026_float16.tflite,GPU_SUPPORTED
2026-04-01 18:55:54,4,268.950,269.169,241.393,0,0,CPU,16.492,SEVERE,yolov8n_640_5-class_03-29-2026_saved_model/yolov8n_640_5-class_03-29-2026_float16.tflite,GPU_SUPPORTED
2026-04-01 18:55:55,4,268.500,268.612,240.642,0,0,CPU,29.926,SEVERE,yolov8n_640_5-class_03-29-2026_saved_model/yolov8n_640_5-class_03-29-2026_float16.tflite,GPU_SUPPORTED
2026-04-01 18:55:56,3,268.535,268.285,241.406,0,0,CPU,29.949,SEVERE,yolov8n_640_5-class_03-29-2026_saved_model/yolov8n_640_5-class_03-29-2026_float16.tflite,GPU_SUPPORTED
2026-04-01 18:55:57,4,268.289,268.427,240.606,0,1,CPU,13.375,SEVERE,yolov8n_640_5-class_03-29-2026_saved_model/yolov8n_640_5-class_03-29-2026_float16.tflite,GPU_SUPPORTED
2026-04-01 18:55:58,4,268.563,268.618,241.267,0,0,CPU,16.437,SEVERE,yolov8n_640_5-class_03-29-2026_saved_model/yolov8n_640_5-class_03-29-2026_float16.tflite,GPU_SUPPORTED
2026-04-01 18:55:59,3,269.127,269.036,241.101,0,0,CPU,16.523,SEVERE,yolov8n_640_5-class_03-29-2026_saved_model/yolov8n_640_5-class_03-29-2026_float16.tflite,GPU_SUPPORTED
2026-04-01 18:56:00,4,268.233,267.897,240.173,0,0,CPU,29.918,SEVERE,yolov8n_640_5-class_03-29-2026_saved_model/yolov8n_640_5-class_03-29-2026_float16.tflite,GPU_SUPPORTED
2026-04-01 18:56:01,4,268.410,268.538,240.803,0,0,CPU,13.406,SEVERE,yolov8n_640_5-class_03-29-2026_saved_model/yolov8n_640_5-class_03-29-2026_float16.tflite,GPU_SUPPORTED
2026-04-01 18:56:02,4,269.169,268.994,241.619,0,0,CPU,26.840,SEVERE,yolov8n_640_5-class_03-29-2026_saved_model/yolov8n_640_5-class_03-29-2026_float16.tflite,GPU_SUPPORTED
2026-04-01 18:56:03,3,268.095,267.783,240.854,0,0,CPU,31.496,SEVERE,yolov8n_640_5-class_03-29-2026_saved_model/yolov8n_640_5-class_03-29-2026_float16.tflite,GPU_SUPPORTED
2026-04-01 18:56:04,4,269.102,269.096,241.076,0,1,CPU,13.437,SEVERE,yolov8n_640_5-class_03-29-2026_saved_model/yolov8n_640_5-class_03-29-2026_float16.tflite,GPU_SUPPORTED
2026-04-01 18:56:05,4,268.628,268.987,240.192,0,0,CPU,16.429,SEVERE,yolov8n_640_5-class_03-29-2026_saved_model/yolov8n_640_5-class_03-29-2026_float16.tflite,GPU_SUPPORTED
2026-04-01 18:56:06,3,268.824,268.852,241.299,0,0,CPU,16.523,SEVERE,yolov8n_640_5-class_03-29-2026_saved_model/yolov8n_640_5-class_03-29-2026_float16.tflite,GPU_SUPPORTED
2026-04-01 18:56:07,4,269.571,270.078,241.673,0,0,CPU,29.926,SEVERE,yolov8n_640_5-class_03-29-2026_saved_model/yolov8n_640_5-class_03-29-2026_float16.tflite,GPU_SUPPORTED
2026-04-01 18:56:08,4,269.425,269.560,240.812,0,0,CPU,13.375,SEVERE,yolov8n_640_5-class_03-29-2026_saved_model/yolov8n_640_5-class_03-29-2026_float16.tflite,GPU_SUPPORTED
2026-04-01 18:56:09,4,268.221,268.162,240.314,0,0,CPU,26.828,SEVERE,yolov8n_640_5-class_03-29-2026_saved_model/yolov8n_640_5-class_03-29-2026_float16.tflite,GPU_SUPPORTED
2026-04-01 18:56:10,3,270.113,270.153,244.724,0,0,CPU,16.523,SEVERE,yolov8n_640_5-class_03-29-2026_saved_model/yolov8n_640_5-class_03-29-2026_float16.tflite,GPU_SUPPORTED
2026-04-01 18:56:11,4,268.502,269.491,239.962,0,0,CPU,29.918,SEVERE,yolov8n_640_5-class_03-29-2026_saved_model/yolov8n_640_5-class_03-29-2026_float16.tflite,GPU_SUPPORTED
2026-04-01 18:56:12,4,268.090,268.249,240.236,0,0,CPU,13.414,SEVERE,yolov8n_640_5-class_03-29-2026_saved_model/yolov8n_640_5-class_03-29-2026_float16.tflite,GPU_SUPPORTED
2026-04-01 18:56:13,4,268.403,268.560,241.078,0,0,CPU,11.902,SEVERE,yolov8n_640_5-class_03-29-2026_saved_model/yolov8n_640_5-class_03-29-2026_float16.tflite,GPU_SUPPORTED
2026-04-01 18:56:14,3,268.001,267.973,240.776,0,0,CPU,16.523,SEVERE,yolov8n_640_5-class_03-29-2026_saved_model/yolov8n_640_5-class_03-29-2026_float16.tflite,GPU_SUPPORTED
2026-04-01 18:56:15,4,268.175,268.225,240.702,0,0,CPU,29.918,SEVERE,yolov8n_640_5-class_03-29-2026_saved_model/yolov8n_640_5-class_03-29-2026_float16.tflite,GPU_SUPPORTED
2026-04-01 18:56:16,4,268.308,268.082,240.378,0,0,CPU,13.343,SEVERE,yolov8n_640_5-class_03-29-2026_saved_model/yolov8n_640_5-class_03-29-2026_float16.tflite,GPU_SUPPORTED
2026-04-01 18:56:17,3,268.396,268.321,240.691,0,0,CPU,13.480,SEVERE,yolov8n_640_5-class_03-29-2026_saved_model/yolov8n_640_5-class_03-29-2026_float16.tflite,GPU_SUPPORTED
2026-04-01 18:56:18,4,269.389,269.928,241.409,0,0,CPU,16.496,SEVERE,yolov8n_640_5-class_03-29-2026_saved_model/yolov8n_640_5-class_03-29-2026_float16.tflite,GPU_SUPPORTED
2026-04-01 18:56:19,4,268.300,268.910,239.949,0,0,CPU,29.891,SEVERE,yolov8n_640_5-class_03-29-2026_saved_model/yolov8n_640_5-class_03-29-2026_float16.tflite,GPU_SUPPORTED
2026-04-01 18:56:20,4,268.385,268.566,240.271,0,0,CPU,31.492,SEVERE,yolov8n_640_5-class_03-29-2026_saved_model/yolov8n_640_5-class_03-29-2026_float16.tflite,GPU_SUPPORTED
2026-04-01 18:56:21,3,268.523,268.569,240.285,0,0,CPU,13.410,SEVERE,yolov8n_640_5-class_03-29-2026_saved_model/yolov8n_640_5-class_03-29-2026_float16.tflite,GPU_SUPPORTED
2026-04-01 18:56:22,4,268.160,267.999,242.407,0,0,CPU,16.496,SEVERE,yolov8n_640_5-class_03-29-2026_saved_model/yolov8n_640_5-class_03-29-2026_float16.tflite,GPU_SUPPORTED
2026-04-01 18:56:23,4,269.528,269.560,241.092,0,1,CPU,29.922,SEVERE,yolov8n_640_5-class_03-29-2026_saved_model/yolov8n_640_5-class_03-29-2026_float16.tflite,GPU_SUPPORTED
2026-04-01 18:56:24,3,334.045,268.210,430.609,0,0,CPU,29.891,SEVERE,yolov8n_640_5-class_03-29-2026_saved_model/yolov8n_640_5-class_03-29-2026_float16.tflite,GPU_SUPPORTED
2026-04-01 18:56:25,3,268.262,268.180,240.396,0,0,CPU,29.922,SEVERE,yolov8n_640_5-class_03-29-2026_saved_model/yolov8n_640_5-class_03-29-2026_float16.tflite,GPU_SUPPORTED
2026-04-01 18:56:26,4,267.908,268.205,240.148,0,0,CPU,13.449,SEVERE,yolov8n_640_5-class_03-29-2026_saved_model/yolov8n_640_5-class_03-29-2026_float16.tflite,GPU_SUPPORTED
2026-04-01 18:56:27,4,267.859,267.945,239.944,0,0,CPU,16.464,SEVERE,yolov8n_640_5-class_03-29-2026_saved_model/yolov8n_640_5-class_03-29-2026_float16.tflite,GPU_SUPPORTED
2026-04-01 18:56:28,4,268.258,268.716,240.660,0,0,CPU,25.199,SEVERE,yolov8n_640_5-class_03-29-2026_saved_model/yolov8n_640_5-class_03-29-2026_float16.tflite,GPU_SUPPORTED
2026-04-01 18:56:29,3,268.541,268.711,241.612,0,0,CPU,29.898,SEVERE,yolov8n_640_5-class_03-29-2026_saved_model/yolov8n_640_5-class_03-29-2026_float16.tflite,GPU_SUPPORTED
2026-04-01 18:56:30,4,268.455,268.591,241.673,0,0,CPU,13.418,SEVERE,yolov8n_640_5-class_03-29-2026_saved_model/yolov8n_640_5-class_03-29-2026_float16.tflite,GPU_SUPPORTED
2026-04-01 18:56:31,4,269.180,269.236,241.690,0,0,CPU,16.308,SEVERE,yolov8n_640_5-class_03-29-2026_saved_model/yolov8n_640_5-class_03-29-2026_float16.tflite,GPU_SUPPORTED
2026-04-01 18:56:32,3,268.667,268.821,240.483,0,0,CPU,16.531,SEVERE,yolov8n_640_5-class_03-29-2026_saved_model/yolov8n_640_5-class_03-29-2026_float16.tflite,GPU_SUPPORTED
2026-04-01 18:56:33,4,268.847,268.930,241.074,0,0,CPU,29.922,SEVERE,yolov8n_640_5-class_03-29-2026_saved_model/yolov8n_640_5-class_03-29-2026_float16.tflite,GPU_SUPPORTED
2026-04-01 18:56:34,4,268.644,268.828,240.964,0,0,CPU,13.406,SEVERE,yolov8n_640_5-class_03-29-2026_saved_model/yolov8n_640_5-class_03-29-2026_float16.tflite,GPU_SUPPORTED
2026-04-01 18:56:35,4,268.728,268.934,241.225,0,0,CPU,22.125,SEVERE,yolov8n_640_5-class_03-29-2026_saved_model/yolov8n_640_5-class_03-29-2026_float16.tflite,GPU_SUPPORTED
2026-04-01 18:56:36,3,268.216,268.334,240.625,0,0,CPU,16.531,SEVERE,yolov8n_640_5-class_03-29-2026_saved_model/yolov8n_640_5-class_03-29-2026_float16.tflite,GPU_SUPPORTED
2026-04-01 18:56:37,4,268.015,268.218,240.529,0,0,CPU,29.922,SEVERE,yolov8n_640_5-class_03-29-2026_saved_model/yolov8n_640_5-class_03-29-2026_float16.tflite,GPU_SUPPORTED
2026-04-01 18:56:38,4,268.351,268.491,240.453,0,0,CPU,13.386,SEVERE,yolov8n_640_5-class_03-29-2026_saved_model/yolov8n_640_5-class_03-29-2026_float16.tflite,GPU_SUPPORTED
2026-04-01 18:56:39,3,269.002,268.447,240.345,0,0,CPU,18.136,SEVERE,yolov8n_640_5-class_03-29-2026_saved_model/yolov8n_640_5-class_03-29-2026_float16.tflite,GPU_SUPPORTED
2026-04-01 18:56:40,4,268.649,268.754,240.461,0,0,CPU,12.988,SEVERE,yolov8n_640_5-class_03-29-2026_saved_model/yolov8n_640_5-class_03-29-2026_float16.tflite,GPU_SUPPORTED
2026-04-01 18:56:41,4,268.522,268.531,240.495,0,0,CPU,16.468,SEVERE,yolov8n_640_5-class_03-29-2026_saved_model/yolov8n_640_5-class_03-29-2026_float16.tflite,GPU_SUPPORTED
2026-04-01 18:56:42,4,268.365,268.589,240.383,0,0,CPU,25.168,SEVERE,yolov8n_640_5-class_03-29-2026_saved_model/yolov8n_640_5-class_03-29-2026_float16.tflite,GPU_SUPPORTED
2026-04-01 18:56:43,3,267.533,267.346,240.352,0,0,CPU,29.922,SEVERE,yolov8n_640_5-class_03-29-2026_saved_model/yolov8n_640_5-class_03-29-2026_float16.tflite,GPU_SUPPORTED
2026-04-01 18:56:44,4,270.289,269.505,240.991,0,0,CPU,13.449,SEVERE,yolov8n_640_5-class_03-29-2026_saved_model/yolov8n_640_5-class_03-29-2026_float16.tflite,GPU_SUPPORTED
2026-04-01 18:56:45,4,269.158,269.397,241.480,0,0,CPU,16.343,SEVERE,yolov8n_640_5-class_03-29-2026_saved_model/yolov8n_640_5-class_03-29-2026_float16.tflite,GPU_SUPPORTED
2026-04-01 18:56:46,3,267.991,268.035,240.850,0,0,CPU,16.531,SEVERE,yolov8n_640_5-class_03-29-2026_saved_model/yolov8n_640_5-class_03-29-2026_float16.tflite,GPU_SUPPORTED
2026-04-01 18:56:47,4,268.820,268.552,240.858,0,0,CPU,29.926,SEVERE,yolov8n_640_5-class_03-29-2026_saved_model/yolov8n_640_5-class_03-29-2026_float16.tflite,GPU_SUPPORTED
2026-04-01 18:56:48,4,268.545,268.597,240.480,0,0,CPU,13.379,SEVERE,yolov8n_640_5-class_03-29-2026_saved_model/yolov8n_640_5-class_03-29-2026_float16.tflite,GPU_SUPPORTED
2026-04-01 18:56:49,4,267.739,268.050,240.082,0,0,CPU,22.082,SEVERE,yolov8n_640_5-class_03-29-2026_saved_model/yolov8n_640_5-class_03-29-2026_float16.tflite,GPU_SUPPORTED
2026-04-01 18:56:50,3,268.944,269.124,241.196,0,0,CPU,16.527,SEVERE,yolov8n_640_5-class_03-29-2026_saved_model/yolov8n_640_5-class_03-29-2026_float16.tflite,GPU_SUPPORTED
2026-04-01 18:56:51,4,268.666,268.928,241.119,0,0,CPU,29.922,SEVERE,yolov8n_640_5-class_03-29-2026_saved_model/yolov8n_640_5-class_03-29-2026_float16.tflite,GPU_SUPPORTED
2026-04-01 18:56:52,4,268.046,268.025,240.623,0,0,CPU,13.261,SEVERE,yolov8n_640_5-class_03-29-2026_saved_model/yolov8n_640_5-class_03-29-2026_float16.tflite,GPU_SUPPORTED
2026-04-01 18:56:53,3,267.437,267.452,240.642,0,0,CPU,13.379,SEVERE,yolov8n_640_5-class_03-29-2026_saved_model/yolov8n_640_5-class_03-29-2026_float16.tflite,GPU_SUPPORTED
2026-04-01 18:56:54,4,267.479,267.407,240.707,0,0,CPU,31.105,SEVERE,yolov8n_640_5-class_03-29-2026_saved_model/yolov8n_640_5-class_03-29-2026_float16.tflite,GPU_SUPPORTED
2026-04-01 18:56:55,4,267.707,267.729,241.151,0,0,CPU,13.386,SEVERE,yolov8n_640_5-class_03-29-2026_saved_model/yolov8n_640_5-class_03-29-2026_float16.tflite,GPU_SUPPORTED
2026-04-01 18:56:56,4,268.538,268.408,240.988,0,0,CPU,22.082,SEVERE,yolov8n_640_5-class_03-29-2026_saved_model/yolov8n_640_5-class_03-29-2026_float16.tflite,GPU_SUPPORTED
2026-04-01 18:56:57,3,268.192,268.391,240.630,0,0,CPU,31.496,SEVERE,yolov8n_640_5-class_03-29-2026_saved_model/yolov8n_640_5-class_03-29-2026_float16.tflite,GPU_SUPPORTED
2026-04-01 18:56:58,4,268.468,268.622,240.632,0,0,CPU,13.386,SEVERE,yolov8n_640_5-class_03-29-2026_saved_model/yolov8n_640_5-class_03-29-2026_float16.tflite,GPU_SUPPORTED
2026-04-01 18:56:59,4,268.058,268.409,241.046,0,0,CPU,16.402,SEVERE,yolov8n_640_5-class_03-29-2026_saved_model/yolov8n_640_5-class_03-29-2026_float16.tflite,GPU_SUPPORTED
2026-04-01 18:57:00,3,268.567,268.632,241.180,0,0,CPU,16.535,SEVERE,yolov8n_640_5-class_03-29-2026_saved_model/yolov8n_640_5-class_03-29-2026_float16.tflite,GPU_SUPPORTED
2026-04-01 18:57:01,4,267.376,267.819,239.849,0,0,CPU,16.527,SEVERE,yolov8n_640_5-class_03-29-2026_saved_model/yolov8n_640_5-class_03-29-2026_float16.tflite,GPU_SUPPORTED
2026-04-01 18:57:02,4,268.009,268.257,240.733,0,0,CPU,29.922,SEVERE,yolov8n_640_5-class_03-29-2026_saved_model/yolov8n_640_5-class_03-29-2026_float16.tflite,GPU_SUPPORTED
2026-04-01 18:57:03,4,267.798,267.848,240.165,0,0,CPU,43.382,SEVERE,yolov8n_640_5-class_03-29-2026_saved_model/yolov8n_640_5-class_03-29-2026_float16.tflite,GPU_SUPPORTED
2026-04-01 18:57:04,3,267.533,267.413,239.948,0,0,CPU,13.441,SEVERE,yolov8n_640_5-class_03-29-2026_saved_model/yolov8n_640_5-class_03-29-2026_float16.tflite,GPU_SUPPORTED
2026-04-01 18:57:05,4,268.155,268.352,240.277,0,0,CPU,16.496,SEVERE,yolov8n_640_5-class_03-29-2026_saved_model/yolov8n_640_5-class_03-29-2026_float16.tflite,GPU_SUPPORTED
2026-04-01 18:57:06,4,268.569,269.102,241.321,0,0,CPU,29.894,SEVERE,yolov8n_640_5-class_03-29-2026_saved_model/yolov8n_640_5-class_03-29-2026_float16.tflite,GPU_SUPPORTED
2026-04-01 18:57:07,4,267.774,267.691,240.623,0,0,CPU,38.563,SEVERE,yolov8n_640_5-class_03-29-2026_saved_model/yolov8n_640_5-class_03-29-2026_float16.tflite,GPU_SUPPORTED
2026-04-01 18:57:08,3,268.263,268.305,240.726,0,0,CPU,13.410,SEVERE,yolov8n_640_5-class_03-29-2026_saved_model/yolov8n_640_5-class_03-29-2026_float16.tflite,GPU_SUPPORTED
2026-04-01 18:57:09,4,269.364,269.234,241.462,0,0,CPU,16.500,SEVERE,yolov8n_640_5-class_03-29-2026_saved_model/yolov8n_640_5-class_03-29-2026_float16.tflite,GPU_SUPPORTED
2026-04-01 18:57:10,4,269.892,270.107,240.992,0,0,CPU,29.953,SEVERE,yolov8n_640_5-class_03-29-2026_saved_model/yolov8n_640_5-class_03-29-2026_float16.tflite,GPU_SUPPORTED
2026-04-01 18:57:11,3,269.126,269.213,241.361,0,0,CPU,29.926,SEVERE,yolov8n_640_5-class_03-29-2026_saved_model/yolov8n_640_5-class_03-29-2026_float16.tflite,GPU_SUPPORTED
2026-04-01 18:57:12,4,268.271,268.487,240.785,0,0,CPU,13.379,SEVERE,yolov8n_640_5-class_03-29-2026_saved_model/yolov8n_640_5-class_03-29-2026_float16.tflite,GPU_SUPPORTED
2026-04-01 18:57:13,4,268.915,268.993,240.828,0,0,CPU,16.503,SEVERE,yolov8n_640_5-class_03-29-2026_saved_model/yolov8n_640_5-class_03-29-2026_float16.tflite,GPU_SUPPORTED
2026-04-01 18:57:14,4,268.776,268.768,240.792,0,1,CPU,16.590,SEVERE,yolov8n_640_5-class_03-29-2026_saved_model/yolov8n_640_5-class_03-29-2026_float16.tflite,GPU_SUPPORTED
2026-04-01 18:57:15,3,323.811,268.954,241.283,0,0,CPU,29.890,SEVERE,yolov8n_640_5-class_03-29-2026_saved_model/yolov8n_640_5-class_03-29-2026_float16.tflite,GPU_SUPPORTED
2026-04-01 18:57:16,3,268.355,268.903,239.682,0,0,CPU,29.922,SEVERE,yolov8n_640_5-class_03-29-2026_saved_model/yolov8n_640_5-class_03-29-2026_float16.tflite,GPU_SUPPORTED
2026-04-01 18:57:17,4,268.854,268.849,240.656,0,0,CPU,13.449,SEVERE,yolov8n_640_5-class_03-29-2026_saved_model/yolov8n_640_5-class_03-29-2026_float16.tflite,GPU_SUPPORTED
2026-04-01 18:57:18,4,268.074,267.932,240.196,0,0,CPU,16.371,SEVERE,yolov8n_640_5-class_03-29-2026_saved_model/yolov8n_640_5-class_03-29-2026_float16.tflite,GPU_SUPPORTED
2026-04-01 18:57:19,3,268.265,268.313,240.966,0,0,CPU,16.496,SEVERE,yolov8n_640_5-class_03-29-2026_saved_model/yolov8n_640_5-class_03-29-2026_float16.tflite,GPU_SUPPORTED
2026-04-01 18:57:20,4,268.210,268.474,241.264,0,0,CPU,29.891,SEVERE,yolov8n_640_5-class_03-29-2026_saved_model/yolov8n_640_5-class_03-29-2026_float16.tflite,GPU_SUPPORTED
2026-04-01 18:57:21,4,268.420,268.533,240.257,0,0,CPU,13.414,SEVERE,yolov8n_640_5-class_03-29-2026_saved_model/yolov8n_640_5-class_03-29-2026_float16.tflite,GPU_SUPPORTED
2026-04-01 18:57:22,4,269.270,269.362,241.157,0,0,CPU,26.742,SEVERE,yolov8n_640_5-class_03-29-2026_saved_model/yolov8n_640_5-class_03-29-2026_float16.tflite,GPU_SUPPORTED
2026-04-01 18:57:23,3,268.130,268.569,240.674,0,0,CPU,16.468,SEVERE,yolov8n_640_5-class_03-29-2026_saved_model/yolov8n_640_5-class_03-29-2026_float16.tflite,GPU_SUPPORTED
2026-04-01 18:57:24,3,332.656,269.445,423.453,0,0,CPU,16.535,SEVERE,yolov8n_640_5-class_03-29-2026_saved_model/yolov8n_640_5-class_03-29-2026_float16.tflite,GPU_SUPPORTED
2026-04-01 18:57:26,4,268.709,268.732,241.177,0,0,CPU,29.953,SEVERE,yolov8n_640_5-class_03-29-2026_saved_model/yolov8n_640_5-class_03-29-2026_float16.tflite,GPU_SUPPORTED
2026-04-01 18:57:27,4,268.361,268.449,240.186,0,0,CPU,13.378,SEVERE,yolov8n_640_5-class_03-29-2026_saved_model/yolov8n_640_5-class_03-29-2026_float16.tflite,GPU_SUPPORTED
2026-04-01 18:57:28,3,270.751,269.196,240.455,0,0,CPU,13.418,SEVERE,yolov8n_640_5-class_03-29-2026_saved_model/yolov8n_640_5-class_03-29-2026_float16.tflite,GPU_SUPPORTED
2026-04-01 18:57:29,4,268.726,269.246,240.559,0,0,CPU,16.527,SEVERE,yolov8n_640_5-class_03-29-2026_saved_model/yolov8n_640_5-class_03-29-2026_float16.tflite,GPU_SUPPORTED
2026-04-01 18:57:30,4,268.404,268.181,240.326,0,0,CPU,17.718,SEVERE,yolov8n_640_5-class_03-29-2026_saved_model/yolov8n_640_5-class_03-29-2026_float16.tflite,GPU_SUPPORTED
2026-04-01 18:57:31,4,269.616,270.472,240.236,0,0,CPU,25.172,SEVERE,yolov8n_640_5-class_03-29-2026_saved_model/yolov8n_640_5-class_03-29-2026_float16.tflite,GPU_SUPPORTED
2026-04-01 18:57:32,3,268.584,268.692,240.072,0,0,CPU,29.922,SEVERE,yolov8n_640_5-class_03-29-2026_saved_model/yolov8n_640_5-class_03-29-2026_float16.tflite,GPU_SUPPORTED
2026-04-01 18:57:33,4,268.244,268.628,240.473,0,0,CPU,13.441,SEVERE,yolov8n_640_5-class_03-29-2026_saved_model/yolov8n_640_5-class_03-29-2026_float16.tflite,GPU_SUPPORTED
2026-04-01 18:57:34,4,269.404,268.393,241.584,0,0,CPU,16.250,SEVERE,yolov8n_640_5-class_03-29-2026_saved_model/yolov8n_640_5-class_03-29-2026_float16.tflite,GPU_SUPPORTED
2026-04-01 18:57:35,3,268.431,268.902,240.999,0,0,CPU,31.504,SEVERE,yolov8n_640_5-class_03-29-2026_saved_model/yolov8n_640_5-class_03-29-2026_float16.tflite,GPU_SUPPORTED
2026-04-01 18:57:36,4,268.356,268.251,240.200,0,0,CPU,13.379,SEVERE,yolov8n_640_5-class_03-29-2026_saved_model/yolov8n_640_5-class_03-29-2026_float16.tflite,GPU_SUPPORTED
2026-04-01 18:57:37,4,267.781,267.957,240.546,0,0,CPU,16.504,SEVERE,yolov8n_640_5-class_03-29-2026_saved_model/yolov8n_640_5-class_03-29-2026_float16.tflite,GPU_SUPPORTED
2026-04-01 18:57:38,4,269.107,269.428,241.853,0,0,CPU,29.863,SEVERE,yolov8n_640_5-class_03-29-2026_saved_model/yolov8n_640_5-class_03-29-2026_float16.tflite,GPU_SUPPORTED
2026-04-01 18:57:39,3,267.929,267.870,240.900,0,0,CPU,29.922,SEVERE,yolov8n_640_5-class_03-29-2026_saved_model/yolov8n_640_5-class_03-29-2026_float16.tflite,GPU_SUPPORTED
2026-04-01 18:57:40,4,268.610,268.747,241.437,0,0,CPU,13.410,SEVERE,yolov8n_640_5-class_03-29-2026_saved_model/yolov8n_640_5-class_03-29-2026_float16.tflite,GPU_SUPPORTED
2026-04-01 18:57:41,4,269.364,269.727,241.501,0,0,CPU,16.433,SEVERE,yolov8n_640_5-class_03-29-2026_saved_model/yolov8n_640_5-class_03-29-2026_float16.tflite,GPU_SUPPORTED
2026-04-01 18:57:42,3,268.011,267.685,240.438,0,0,CPU,16.531,SEVERE,yolov8n_640_5-class_03-29-2026_saved_model/yolov8n_640_5-class_03-29-2026_float16.tflite,GPU_SUPPORTED
2026-04-01 18:57:43,4,267.162,267.339,239.884,0,0,CPU,29.922,SEVERE,yolov8n_640_5-class_03-29-2026_saved_model/yolov8n_640_5-class_03-29-2026_float16.tflite,GPU_SUPPORTED
2026-04-01 18:57:44,4,268.697,268.064,241.116,0,1,CPU,13.410,SEVERE,yolov8n_640_5-class_03-29-2026_saved_model/yolov8n_640_5-class_03-29-2026_float16.tflite,GPU_SUPPORTED
2026-04-01 18:57:45,4,269.541,268.363,240.663,0,0,CPU,26.809,SEVERE,yolov8n_640_5-class_03-29-2026_saved_model/yolov8n_640_5-class_03-29-2026_float16.tflite,GPU_SUPPORTED
2026-04-01 18:57:46,3,268.861,267.657,240.253,0,0,CPU,16.504,SEVERE,yolov8n_640_5-class_03-29-2026_saved_model/yolov8n_640_5-class_03-29-2026_float16.tflite,GPU_SUPPORTED
2026-04-01 18:57:47,4,267.790,267.613,240.177,0,0,CPU,29.926,SEVERE,yolov8n_640_5-class_03-29-2026_saved_model/yolov8n_640_5-class_03-29-2026_float16.tflite,GPU_SUPPORTED
2026-04-01 18:57:48,4,268.118,268.244,240.188,0,0,CPU,18.109,SEVERE,yolov8n_640_5-class_03-29-2026_saved_model/yolov8n_640_5-class_03-29-2026_float16.tflite,GPU_SUPPORTED
2026-04-01 18:57:49,4,267.506,267.456,239.680,0,0,CPU,39.746,SEVERE,yolov8n_640_5-class_03-29-2026_saved_model/yolov8n_640_5-class_03-29-2026_float16.tflite,GPU_SUPPORTED
2026-04-01 18:57:50,3,267.423,267.188,239.866,0,0,CPU,13.441,SEVERE,yolov8n_640_5-class_03-29-2026_saved_model/yolov8n_640_5-class_03-29-2026_float16.tflite,GPU_SUPPORTED
2026-04-01 18:57:51,4,268.783,268.920,241.289,0,0,CPU,16.531,SEVERE,yolov8n_640_5-class_03-29-2026_saved_model/yolov8n_640_5-class_03-29-2026_float16.tflite,GPU_SUPPORTED
2026-04-01 18:57:52,4,268.380,268.691,240.566,0,0,CPU,29.891,SEVERE,yolov8n_640_5-class_03-29-2026_saved_model/yolov8n_640_5-class_03-29-2026_float16.tflite,GPU_SUPPORTED
2026-04-01 18:57:53,3,268.776,268.913,240.905,0,0,CPU,29.922,SEVERE,yolov8n_640_5-class_03-29-2026_saved_model/yolov8n_640_5-class_03-29-2026_float16.tflite,GPU_SUPPORTED
2026-04-01 18:57:54,4,268.582,268.852,240.659,0,0,CPU,13.418,SEVERE,yolov8n_640_5-class_03-29-2026_saved_model/yolov8n_640_5-class_03-29-2026_float16.tflite,GPU_SUPPORTED
2026-04-01 18:57:55,4,268.081,268.188,240.632,0,0,CPU,16.496,SEVERE,yolov8n_640_5-class_03-29-2026_saved_model/yolov8n_640_5-class_03-29-2026_float16.tflite,GPU_SUPPORTED
2026-04-01 18:57:56,4,267.849,268.155,239.821,0,0,CPU,25.234,SEVERE,yolov8n_640_5-class_03-29-2026_saved_model/yolov8n_640_5-class_03-29-2026_float16.tflite,GPU_SUPPORTED
2026-04-01 18:57:57,3,268.139,267.506,241.396,0,0,CPU,29.891,SEVERE,yolov8n_640_5-class_03-29-2026_saved_model/yolov8n_640_5-class_03-29-2026_float16.tflite,GPU_SUPPORTED
2026-04-01 18:57:58,4,267.619,267.969,239.933,0,0,CPU,13.418,SEVERE,yolov8n_640_5-class_03-29-2026_saved_model/yolov8n_640_5-class_03-29-2026_float16.tflite,GPU_SUPPORTED
2026-04-01 18:57:59,4,268.080,268.202,240.336,0,0,CPU,16.464,SEVERE,yolov8n_640_5-class_03-29-2026_saved_model/yolov8n_640_5-class_03-29-2026_float16.tflite,GPU_SUPPORTED
2026-04-01 18:58:00,3,267.101,266.758,240.244,0,0,CPU,16.500,SEVERE,yolov8n_640_5-class_03-29-2026_saved_model/yolov8n_640_5-class_03-29-2026_float16.tflite,GPU_SUPPORTED
2026-04-01 18:58:01,4,267.809,268.246,239.884,0,0,CPU,13.019,SEVERE,yolov8n_640_5-class_03-29-2026_saved_model/yolov8n_640_5-class_03-29-2026_float16.tflite,GPU_SUPPORTED
2026-04-01 18:58:02,4,295.663,273.077,244.066,0,0,CPU,16.254,SEVERE,yolov8n_640_5-class_03-29-2026_saved_model/yolov8n_640_5-class_03-29-2026_float16.tflite,GPU_SUPPORTED
2026-04-01 18:58:03,3,266.964,267.084,239.717,0,0,CPU,16.496,SEVERE,yolov8n_640_5-class_03-29-2026_saved_model/yolov8n_640_5-class_03-29-2026_float16.tflite,GPU_SUPPORTED
2026-04-01 18:58:04,4,268.264,268.432,241.094,0,0,CPU,29.922,SEVERE,yolov8n_640_5-class_03-29-2026_saved_model/yolov8n_640_5-class_03-29-2026_float16.tflite,GPU_SUPPORTED
2026-04-01 18:58:05,4,268.469,268.676,240.175,0,0,CPU,18.046,SEVERE,yolov8n_640_5-class_03-29-2026_saved_model/yolov8n_640_5-class_03-29-2026_float16.tflite,GPU_SUPPORTED
2026-04-01 18:58:06,3,269.696,269.528,240.641,0,0,CPU,31.074,SEVERE,yolov8n_640_5-class_03-29-2026_saved_model/yolov8n_640_5-class_03-29-2026_float16.tflite,GPU_SUPPORTED
2026-04-01 18:58:07,4,268.370,268.935,240.156,0,0,CPU,31.105,SEVERE,yolov8n_640_5-class_03-29-2026_saved_model/yolov8n_640_5-class_03-29-2026_float16.tflite,GPU_SUPPORTED
2026-04-01 18:58:08,4,267.935,267.810,240.394,0,0,CPU,13.418,SEVERE,yolov8n_640_5-class_03-29-2026_saved_model/yolov8n_640_5-class_03-29-2026_float16.tflite,GPU_SUPPORTED
2026-04-01 18:58:09,4,267.830,268.559,240.271,0,0,CPU,26.781,SEVERE,yolov8n_640_5-class_03-29-2026_saved_model/yolov8n_640_5-class_03-29-2026_float16.tflite,GPU_SUPPORTED
2026-04-01 18:58:10,3,282.615,269.490,245.450,0,0,CPU,31.496,SEVERE,yolov8n_640_5-class_03-29-2026_saved_model/yolov8n_640_5-class_03-29-2026_float16.tflite,GPU_SUPPORTED
2026-04-01 18:58:11,4,272.019,268.849,239.770,0,0,CPU,16.433,SEVERE,yolov8n_640_5-class_03-29-2026_saved_model/yolov8n_640_5-class_03-29-2026_float16.tflite,GPU_SUPPORTED
2026-04-01 18:58:12,4,266.721,267.027,239.841,0,0,CPU,25.168,SEVERE,yolov8n_640_5-class_03-29-2026_saved_model/yolov8n_640_5-class_03-29-2026_float16.tflite,GPU_SUPPORTED
2026-04-01 18:58:13,3,267.062,267.489,239.520,0,0,CPU,29.898,SEVERE,yolov8n_640_5-class_03-29-2026_saved_model/yolov8n_640_5-class_03-29-2026_float16.tflite,GPU_SUPPORTED
2026-04-01 18:58:14,4,267.970,267.568,239.445,0,0,CPU,13.386,SEVERE,yolov8n_640_5-class_03-29-2026_saved_model/yolov8n_640_5-class_03-29-2026_float16.tflite,GPU_SUPPORTED
2026-04-01 18:58:15,4,266.927,267.208,239.840,0,0,CPU,16.402,SEVERE,yolov8n_640_5-class_03-29-2026_saved_model/yolov8n_640_5-class_03-29-2026_float16.tflite,GPU_SUPPORTED
2026-04-01 18:58:16,3,267.287,266.993,239.377,0,0,CPU,31.496,SEVERE,yolov8n_640_5-class_03-29-2026_saved_model/yolov8n_640_5-class_03-29-2026_float16.tflite,GPU_SUPPORTED
2026-04-01 18:58:17,4,267.010,267.459,239.459,0,0,CPU,16.496,SEVERE,yolov8n_640_5-class_03-29-2026_saved_model/yolov8n_640_5-class_03-29-2026_float16.tflite,GPU_SUPPORTED
2026-04-01 18:58:18,4,267.217,267.722,239.320,0,0,CPU,29.922,SEVERE,yolov8n_640_5-class_03-29-2026_saved_model/yolov8n_640_5-class_03-29-2026_float16.tflite,GPU_SUPPORTED
2026-04-01 18:58:19,4,266.610,266.780,238.699,0,0,CPU,13.218,SEVERE,yolov8n_640_5-class_03-29-2026_saved_model/yolov8n_640_5-class_03-29-2026_float16.tflite,GPU_SUPPORTED
2026-04-01 18:58:20,3,272.557,268.066,245.096,0,0,CPU,13.406,SEVERE,yolov8n_640_5-class_03-29-2026_saved_model/yolov8n_640_5-class_03-29-2026_float16.tflite,GPU_SUPPORTED
2026-04-01 18:58:21,4,267.740,267.738,239.580,0,0,CPU,16.496,SEVERE,yolov8n_640_5-class_03-29-2026_saved_model/yolov8n_640_5-class_03-29-2026_float16.tflite,GPU_SUPPORTED
2026-04-01 18:58:22,4,266.766,266.912,239.202,0,0,CPU,29.922,SEVERE,yolov8n_640_5-class_03-29-2026_saved_model/yolov8n_640_5-class_03-29-2026_float16.tflite,GPU_SUPPORTED
2026-04-01 18:58:23,4,266.959,267.258,239.428,0,0,CPU,38.531,SEVERE,yolov8n_640_5-class_03-29-2026_saved_model/yolov8n_640_5-class_03-29-2026_float16.tflite,GPU_SUPPORTED
2026-04-01 18:58:24,3,267.530,267.553,239.592,0,0,CPU,16.496,SEVERE,yolov8n_640_5-class_03-29-2026_saved_model/yolov8n_640_5-class_03-29-2026_float16.tflite,GPU_SUPPORTED
2026-04-01 18:58:25,3,328.746,269.137,239.536,0,0,CPU,16.496,SEVERE,yolov8n_640_5-class_03-29-2026_saved_model/yolov8n_640_5-class_03-29-2026_float16.tflite,GPU_SUPPORTED
2026-04-01 18:58:26,4,267.173,267.084,239.185,0,0,CPU,17.707,SEVERE,yolov8n_640_5-class_03-29-2026_saved_model/yolov8n_640_5-class_03-29-2026_float16.tflite,GPU_SUPPORTED
2026-04-01 18:58:27,4,266.761,266.600,239.747,0,0,CPU,29.922,SEVERE,yolov8n_640_5-class_03-29-2026_saved_model/yolov8n_640_5-class_03-29-2026_float16.tflite,GPU_SUPPORTED
2026-04-01 18:58:28,4,266.910,267.338,238.766,0,0,CPU,38.531,SEVERE,yolov8n_640_5-class_03-29-2026_saved_model/yolov8n_640_5-class_03-29-2026_float16.tflite,GPU_SUPPORTED
2026-04-01 18:58:29,3,266.808,266.503,238.556,0,0,CPU,13.375,SEVERE,yolov8n_640_5-class_03-29-2026_saved_model/yolov8n_640_5-class_03-29-2026_float16.tflite,GPU_SUPPORTED
2026-04-01 18:58:30,4,266.424,266.434,238.102,0,0,CPU,16.496,SEVERE,yolov8n_640_5-class_03-29-2026_saved_model/yolov8n_640_5-class_03-29-2026_float16.tflite,GPU_SUPPORTED
2026-04-01 18:58:31,4,267.958,268.177,239.477,0,0,CPU,29.890,SEVERE,yolov8n_640_5-class_03-29-2026_saved_model/yolov8n_640_5-class_03-29-2026_float16.tflite,GPU_SUPPORTED
2026-04-01 18:58:32,3,266.782,266.794,239.548,0,0,CPU,29.922,SEVERE,yolov8n_640_5-class_03-29-2026_saved_model/yolov8n_640_5-class_03-29-2026_float16.tflite,GPU_SUPPORTED
2026-04-01 18:58:33,4,267.726,266.437,238.737,0,0,CPU,31.105,SEVERE,yolov8n_640_5-class_03-29-2026_saved_model/yolov8n_640_5-class_03-29-2026_float16.tflite,GPU_SUPPORTED
2026-04-01 18:58:34,2,363.584,269.927,429.822,0,0,CPU,16.605,SEVERE,yolov8n_640_5-class_03-29-2026_saved_model/yolov8n_640_5-class_03-29-2026_float16.tflite,GPU_SUPPORTED
2026-04-01 18:58:35,1,1441.460,1441.460,1326.885,0,0,CPU,16.668,SEVERE,yolov8n_640_5-class_03-29-2026_saved_model/yolov8n_640_5-class_03-29-2026_float16.tflite,GPU_SUPPORTED
2026-04-01 18:58:36,0,0.000,0.000,1326.885,0,0,CPU,16.668,SEVERE,yolov8n_640_5-class_03-29-2026_saved_model/yolov8n_640_5-class_03-29-2026_float16.tflite,GPU_SUPPORTED
2026-04-01 18:58:37,0,0.000,0.000,1326.885,0,0,CPU,16.699,SEVERE,yolov8n_640_5-class_03-29-2026_saved_model/yolov8n_640_5-class_03-29-2026_float16.tflite,GPU_SUPPORTED
2026-04-01 18:59:01,0,0.000,0.000,1326.885,0,0,CPU,16.761,SEVERE,yolov8n_640_5-class_03-29-2026_saved_model/yolov8n_640_5-class_03-29-2026_float16.tflite,GPU_SUPPORTED
2026-04-01 18:59:07,0,0.000,0.000,1326.885,0,0,CPU,16.824,SEVERE,yolov8n_640_5-class_03-29-2026_saved_model/yolov8n_640_5-class_03-29-2026_float16.tflite,GPU_SUPPORTED
2026-04-01 18:59:09,0,0.000,0.000,1326.885,0,0,CPU,17.137,SEVERE,yolov8n_640_5-class_03-29-2026_saved_model/yolov8n_640_5-class_03-29-2026_float16.tflite,GPU_SUPPORTED
2026-04-01 18:59:10,0,0.000,0.000,1326.885,0,0,CPU,17.856,SEVERE,yolov8n_640_5-class_03-29-2026_saved_model/yolov8n_640_5-class_03-29-2026_float16.tflite,GPU_SUPPORTED
2026-04-01 18:59:11,2,291.481,264.784,239.853,0,0,CPU,16.504,SEVERE,yolov8n_640_5-class_03-29-2026_saved_model/yolov8n_640_5-class_03-29-2026_float16.tflite,GPU_SUPPORTED
2026-04-01 18:59:12,3,267.341,267.157,241.247,0,0,CPU,16.531,SEVERE,yolov8n_640_5-class_03-29-2026_saved_model/yolov8n_640_5-class_03-29-2026_float16.tflite,GPU_SUPPORTED
2026-04-01 18:59:13,4,325.594,268.727,241.543,0,0,CPU,29.926,SEVERE,yolov8n_640_5-class_03-29-2026_saved_model/yolov8n_640_5-class_03-29-2026_float16.tflite,GPU_SUPPORTED
2026-04-01 18:59:14,3,268.704,269.093,241.610,0,0,CPU,29.926,SEVERE,yolov8n_640_5-class_03-29-2026_saved_model/yolov8n_640_5-class_03-29-2026_float16.tflite,GPU_SUPPORTED
2026-04-01 18:59:15,4,268.027,268.561,242.860,0,0,CPU,13.453,SEVERE,yolov8n_640_5-class_03-29-2026_saved_model/yolov8n_640_5-class_03-29-2026_float16.tflite,GPU_SUPPORTED
2026-04-01 18:59:16,4,273.456,274.085,241.556,0,0,CPU,16.437,SEVERE,yolov8n_640_5-class_03-29-2026_saved_model/yolov8n_640_5-class_03-29-2026_float16.tflite,GPU_SUPPORTED
2026-04-01 18:59:17,3,270.833,269.312,247.231,0,0,CPU,16.500,SEVERE,yolov8n_640_5-class_03-29-2026_saved_model/yolov8n_640_5-class_03-29-2026_float16.tflite,GPU_SUPPORTED
2026-04-01 18:59:18,4,269.525,267.919,242.103,0,0,CPU,29.902,SEVERE,yolov8n_640_5-class_03-29-2026_saved_model/yolov8n_640_5-class_03-29-2026_float16.tflite,GPU_SUPPORTED
2026-04-01 18:59:19,4,268.599,268.738,241.758,0,0,CPU,16.500,SEVERE,yolov8n_640_5-class_03-29-2026_saved_model/yolov8n_640_5-class_03-29-2026_float16.tflite,GPU_SUPPORTED
2026-04-01 18:59:20,4,268.007,268.125,241.796,0,0,CPU,29.926,SEVERE,yolov8n_640_5-class_03-29-2026_saved_model/yolov8n_640_5-class_03-29-2026_float16.tflite,GPU_SUPPORTED
2026-04-01 18:59:21,3,267.284,266.521,240.723,0,0,CPU,17.679,SEVERE,yolov8n_640_5-class_03-29-2026_saved_model/yolov8n_640_5-class_03-29-2026_float16.tflite,GPU_SUPPORTED
2026-04-01 18:59:22,4,267.903,268.164,240.995,0,0,CPU,29.926,SEVERE,yolov8n_640_5-class_03-29-2026_saved_model/yolov8n_640_5-class_03-29-2026_float16.tflite,GPU_SUPPORTED
2026-04-01 18:59:23,4,267.952,267.717,241.073,0,0,CPU,13.445,SEVERE,yolov8n_640_5-class_03-29-2026_saved_model/yolov8n_640_5-class_03-29-2026_float16.tflite,GPU_SUPPORTED
2026-04-01 18:59:24,4,268.486,268.476,241.585,0,0,CPU,26.781,SEVERE,yolov8n_640_5-class_03-29-2026_saved_model/yolov8n_640_5-class_03-29-2026_float16.tflite,GPU_SUPPORTED
2026-04-01 18:59:25,3,266.734,267.010,240.139,0,0,CPU,16.500,SEVERE,yolov8n_640_5-class_03-29-2026_saved_model/yolov8n_640_5-class_03-29-2026_float16.tflite,GPU_SUPPORTED
2026-04-01 18:59:26,4,266.316,266.543,240.371,0,0,CPU,29.895,SEVERE,yolov8n_640_5-class_03-29-2026_saved_model/yolov8n_640_5-class_03-29-2026_float16.tflite,GPU_SUPPORTED
2026-04-01 18:59:27,4,266.805,266.652,241.235,0,0,CPU,13.379,SEVERE,yolov8n_640_5-class_03-29-2026_saved_model/yolov8n_640_5-class_03-29-2026_float16.tflite,GPU_SUPPORTED
2026-04-01 18:59:28,4,266.711,267.344,240.427,0,0,CPU,26.805,SEVERE,yolov8n_640_5-class_03-29-2026_saved_model/yolov8n_640_5-class_03-29-2026_float16.tflite,GPU_SUPPORTED
2026-04-01 18:59:29,3,266.578,266.306,240.285,0,1,CPU,31.469,SEVERE,yolov8n_640_5-class_03-29-2026_saved_model/yolov8n_640_5-class_03-29-2026_float16.tflite,GPU_SUPPORTED
2026-04-01 18:59:30,4,267.500,267.706,240.727,0,0,CPU,13.410,SEVERE,yolov8n_640_5-class_03-29-2026_saved_model/yolov8n_640_5-class_03-29-2026_float16.tflite,GPU_SUPPORTED
2026-04-01 18:59:31,4,267.591,267.906,241.413,0,0,CPU,16.437,SEVERE,yolov8n_640_5-class_03-29-2026_saved_model/yolov8n_640_5-class_03-29-2026_float16.tflite,GPU_SUPPORTED
2026-04-01 18:59:32,4,267.377,267.525,241.018,0,0,CPU,16.562,SEVERE,yolov8n_640_5-class_03-29-2026_saved_model/yolov8n_640_5-class_03-29-2026_float16.tflite,GPU_SUPPORTED
2026-04-01 18:59:33,3,267.603,267.183,241.166,0,0,CPU,29.926,SEVERE,yolov8n_640_5-class_03-29-2026_saved_model/yolov8n_640_5-class_03-29-2026_float16.tflite,GPU_SUPPORTED
2026-04-01 18:59:34,4,267.619,268.463,241.327,0,0,CPU,13.379,SEVERE,yolov8n_640_5-class_03-29-2026_saved_model/yolov8n_640_5-class_03-29-2026_float16.tflite,GPU_SUPPORTED
2026-04-01 18:59:35,4,268.087,268.163,240.632,0,0,CPU,26.875,SEVERE,yolov8n_640_5-class_03-29-2026_saved_model/yolov8n_640_5-class_03-29-2026_float16.tflite,GPU_SUPPORTED
2026-04-01 18:59:36,3,267.164,266.866,240.481,0,1,CPU,16.500,SEVERE,yolov8n_640_5-class_03-29-2026_saved_model/yolov8n_640_5-class_03-29-2026_float16.tflite,GPU_SUPPORTED
2026-04-01 18:59:37,4,267.280,267.567,240.186,0,0,CPU,29.926,SEVERE,yolov8n_640_5-class_03-29-2026_saved_model/yolov8n_640_5-class_03-29-2026_float16.tflite,GPU_SUPPORTED
2026-04-01 18:59:38,4,266.388,266.223,239.412,0,0,CPU,13.382,SEVERE,yolov8n_640_5-class_03-29-2026_saved_model/yolov8n_640_5-class_03-29-2026_float16.tflite,GPU_SUPPORTED
2026-04-01 18:59:39,4,267.063,267.119,239.978,0,0,CPU,26.808,SEVERE,yolov8n_640_5-class_03-29-2026_saved_model/yolov8n_640_5-class_03-29-2026_float16.tflite,GPU_SUPPORTED
2026-04-01 18:59:40,3,267.709,267.209,241.110,0,0,CPU,16.508,SEVERE,yolov8n_640_5-class_03-29-2026_saved_model/yolov8n_640_5-class_03-29-2026_float16.tflite,GPU_SUPPORTED
2026-04-01 18:59:41,4,266.849,267.053,241.222,0,1,CPU,13.023,SEVERE,yolov8n_640_5-class_03-29-2026_saved_model/yolov8n_640_5-class_03-29-2026_float16.tflite,GPU_SUPPORTED
2026-04-01 18:59:42,4,268.012,268.420,240.344,0,0,CPU,16.468,SEVERE,yolov8n_640_5-class_03-29-2026_saved_model/yolov8n_640_5-class_03-29-2026_float16.tflite,GPU_SUPPORTED
2026-04-01 18:59:43,4,266.188,266.792,239.318,0,0,CPU,29.863,SEVERE,yolov8n_640_5-class_03-29-2026_saved_model/yolov8n_640_5-class_03-29-2026_float16.tflite,GPU_SUPPORTED
2026-04-01 18:59:44,3,266.004,265.967,239.456,0,0,CPU,29.895,SEVERE,yolov8n_640_5-class_03-29-2026_saved_model/yolov8n_640_5-class_03-29-2026_float16.tflite,GPU_SUPPORTED
2026-04-01 18:59:45,4,266.639,266.976,239.555,0,1,CPU,13.382,SEVERE,yolov8n_640_5-class_03-29-2026_saved_model/yolov8n_640_5-class_03-29-2026_float16.tflite,GPU_SUPPORTED
2026-04-01 18:59:46,4,266.202,266.380,238.933,0,0,CPU,16.496,SEVERE,yolov8n_640_5-class_03-29-2026_saved_model/yolov8n_640_5-class_03-29-2026_float16.tflite,GPU_SUPPORTED
2026-04-01 18:59:47,4,265.406,265.235,239.607,0,0,CPU,29.890,SEVERE,yolov8n_640_5-class_03-29-2026_saved_model/yolov8n_640_5-class_03-29-2026_float16.tflite,GPU_SUPPORTED
2026-04-01 18:59:48,3,270.273,267.395,240.838,0,0,CPU,29.926,SEVERE,yolov8n_640_5-class_03-29-2026_saved_model/yolov8n_640_5-class_03-29-2026_float16.tflite,GPU_SUPPORTED
2026-04-01 18:59:49,4,267.855,266.319,239.343,0,0,CPU,13.379,SEVERE,yolov8n_640_5-class_03-29-2026_saved_model/yolov8n_640_5-class_03-29-2026_float16.tflite,GPU_SUPPORTED
2026-04-01 18:59:50,4,267.106,266.968,239.437,0,0,CPU,16.375,SEVERE,yolov8n_640_5-class_03-29-2026_saved_model/yolov8n_640_5-class_03-29-2026_float16.tflite,GPU_SUPPORTED
2026-04-01 18:59:51,3,265.502,265.623,240.045,0,0,CPU,16.531,SEVERE,yolov8n_640_5-class_03-29-2026_saved_model/yolov8n_640_5-class_03-29-2026_float16.tflite,GPU_SUPPORTED
2026-04-01 18:59:52,4,266.072,266.864,239.649,0,0,CPU,29.894,SEVERE,yolov8n_640_5-class_03-29-2026_saved_model/yolov8n_640_5-class_03-29-2026_float16.tflite,GPU_SUPPORTED
2026-04-01 18:59:53,4,265.946,266.083,239.323,0,0,CPU,13.375,SEVERE,yolov8n_640_5-class_03-29-2026_saved_model/yolov8n_640_5-class_03-29-2026_float16.tflite,GPU_SUPPORTED
2026-04-01 18:59:54,4,266.530,266.125,242.368,0,0,CPU,16.468,SEVERE,yolov8n_640_5-class_03-29-2026_saved_model/yolov8n_640_5-class_03-29-2026_float16.tflite,GPU_SUPPORTED
2026-04-01 18:59:55,4,265.812,266.387,240.235,0,0,CPU,16.531,SEVERE,yolov8n_640_5-class_03-29-2026_saved_model/yolov8n_640_5-class_03-29-2026_float16.tflite,GPU_SUPPORTED
2026-04-01 18:59:56,3,266.185,266.329,240.340,0,0,CPU,29.926,SEVERE,yolov8n_640_5-class_03-29-2026_saved_model/yolov8n_640_5-class_03-29-2026_float16.tflite,GPU_SUPPORTED
2026-04-01 18:59:57,4,265.862,266.306,239.489,0,0,CPU,13.382,SEVERE,yolov8n_640_5-class_03-29-2026_saved_model/yolov8n_640_5-class_03-29-2026_float16.tflite,GPU_SUPPORTED
2026-04-01 18:59:58,4,266.311,266.595,239.828,0,1,CPU,16.375,SEVERE,yolov8n_640_5-class_03-29-2026_saved_model/yolov8n_640_5-class_03-29-2026_float16.tflite,GPU_SUPPORTED
2026-04-01 18:59:59,3,266.382,266.376,239.832,0,0,CPU,16.500,SEVERE,yolov8n_640_5-class_03-29-2026_saved_model/yolov8n_640_5-class_03-29-2026_float16.tflite,GPU_SUPPORTED
2026-04-01 19:00:00,4,290.174,281.126,308.549,0,0,CPU,17.679,SEVERE,yolov8n_640_5-class_03-29-2026_saved_model/yolov8n_640_5-class_03-29-2026_float16.tflite,GPU_SUPPORTED
2026-04-01 19:00:01,4,266.628,266.459,239.288,0,0,CPU,44.406,SEVERE,yolov8n_640_5-class_03-29-2026_saved_model/yolov8n_640_5-class_03-29-2026_float16.tflite,GPU_SUPPORTED
2026-04-01 19:00:02,3,265.924,265.708,239.679,0,0,CPU,16.500,SEVERE,yolov8n_640_5-class_03-29-2026_saved_model/yolov8n_640_5-class_03-29-2026_float16.tflite,GPU_SUPPORTED
2026-04-01 19:00:03,4,266.800,267.341,239.016,0,0,CPU,29.894,SEVERE,yolov8n_640_5-class_03-29-2026_saved_model/yolov8n_640_5-class_03-29-2026_float16.tflite,GPU_SUPPORTED
2026-04-01 19:00:04,4,266.601,266.421,238.589,0,0,CPU,13.379,SEVERE,yolov8n_640_5-class_03-29-2026_saved_model/yolov8n_640_5-class_03-29-2026_float16.tflite,GPU_SUPPORTED
2026-04-01 19:00:05,4,266.599,266.720,238.877,0,0,CPU,26.742,SEVERE,yolov8n_640_5-class_03-29-2026_saved_model/yolov8n_640_5-class_03-29-2026_float16.tflite,GPU_SUPPORTED
2026-04-01 19:00:06,3,266.434,266.323,238.945,0,0,CPU,16.500,SEVERE,yolov8n_640_5-class_03-29-2026_saved_model/yolov8n_640_5-class_03-29-2026_float16.tflite,GPU_SUPPORTED
2026-04-01 19:00:07,4,266.124,266.132,238.906,0,1,CPU,29.894,SEVERE,yolov8n_640_5-class_03-29-2026_saved_model/yolov8n_640_5-class_03-29-2026_float16.tflite,GPU_SUPPORTED
2026-04-01 19:00:08,4,266.568,267.439,238.862,0,0,CPU,13.382,SEVERE,yolov8n_640_5-class_03-29-2026_saved_model/yolov8n_640_5-class_03-29-2026_float16.tflite,GPU_SUPPORTED
2026-04-01 19:00:09,4,266.552,266.912,241.006,0,0,CPU,22.082,SEVERE,yolov8n_640_5-class_03-29-2026_saved_model/yolov8n_640_5-class_03-29-2026_float16.tflite,GPU_SUPPORTED
2026-04-01 19:00:10,0,0.000,0.000,241.006,0,0,CPU,16.875,SEVERE,yolov8n_640_5-class_03-29-2026_saved_model/yolov8n_640_5-class_03-29-2026_float16.tflite,GPU_SUPPORTED
2026-04-01 19:00:11,1,1043.184,1043.184,1015.577,0,0,CPU,30.269,SEVERE,yolov8n_640_5-class_03-29-2026_saved_model/yolov8n_640_5-class_03-29-2026_float16.tflite,GPU_SUPPORTED
2026-04-01 19:00:12,1,1192.198,1192.198,1080.411,0,0,CPU,30.269,SEVERE,yolov8n_640_5-class_03-29-2026_saved_model/yolov8n_640_5-class_03-29-2026_float16.tflite,GPU_SUPPORTED
2026-04-01 19:00:13,0,0.000,0.000,1080.411,0,0,CPU,30.269,SEVERE,yolov8n_640_5-class_03-29-2026_saved_model/yolov8n_640_5-class_03-29-2026_float16.tflite,GPU_SUPPORTED
2026-04-01 19:00:14,0,0.000,0.000,1080.411,0,0,CPU,30.301,SEVERE,yolov8n_640_5-class_03-29-2026_saved_model/yolov8n_640_5-class_03-29-2026_float16.tflite,GPU_SUPPORTED
2026-04-01 19:00:51,0,0.000,0.000,1080.411,0,0,CPU,30.363,SEVERE,yolov8n_640_5-class_03-29-2026_saved_model/yolov8n_640_5-class_03-29-2026_float16.tflite,GPU_SUPPORTED
2026-04-01 19:00:57,0,0.000,0.000,1080.411,0,0,CPU,30.394,SEVERE,yolov8n_640_5-class_03-29-2026_saved_model/yolov8n_640_5-class_03-29-2026_float16.tflite,GPU_SUPPORTED
2026-04-01 19:00:58,0,0.000,0.000,1080.411,0,0,CPU,31.207,SEVERE,yolov8n_640_5-class_03-29-2026_saved_model/yolov8n_640_5-class_03-29-2026_float16.tflite,GPU_SUPPORTED
2026-04-01 19:00:59,1,303.817,303.817,254.585,0,0,CPU,31.539,SEVERE,yolov8n_640_5-class_03-29-2026_saved_model/yolov8n_640_5-class_03-29-2026_float16.tflite,GPU_SUPPORTED
2026-04-01 19:01:00,3,293.652,289.361,239.939,0,0,CPU,13.027,SEVERE,yolov8n_640_5-class_03-29-2026_saved_model/yolov8n_640_5-class_03-29-2026_float16.tflite,GPU_SUPPORTED
2026-04-01 19:01:01,3,268.862,269.034,241.574,0,0,CPU,18.137,SEVERE,yolov8n_640_5-class_03-29-2026_saved_model/yolov8n_640_5-class_03-29-2026_float16.tflite,GPU_SUPPORTED
2026-04-01 19:01:02,4,315.540,272.020,244.631,0,0,CPU,12.996,SEVERE,yolov8n_640_5-class_03-29-2026_saved_model/yolov8n_640_5-class_03-29-2026_float16.tflite,GPU_SUPPORTED
2026-04-01 19:01:03,4,268.050,268.052,240.439,0,0,CPU,16.472,SEVERE,yolov8n_640_5-class_03-29-2026_saved_model/yolov8n_640_5-class_03-29-2026_float16.tflite,GPU_SUPPORTED
2026-04-01 19:01:04,2,275.402,269.232,253.438,0,0,CPU,13.825,SEVERE,yolov8n_640_5-class_03-29-2026_saved_model/yolov8n_640_5-class_03-29-2026_float16.tflite,GPU_SUPPORTED
2026-04-01 19:01:05,1,997.287,997.287,957.683,0,0,CPU,16.496,SEVERE,yolov8n_640_5-class_03-29-2026_saved_model/yolov8n_640_5-class_03-29-2026_float16.tflite,GPU_SUPPORTED
2026-04-01 19:01:07,1,1333.428,1333.428,1097.939,0,0,CPU,16.558,SEVERE,yolov8n_640_5-class_03-29-2026_saved_model/yolov8n_640_5-class_03-29-2026_float16.tflite,GPU_SUPPORTED
2026-04-01 19:01:08,0,0.000,0.000,1097.939,0,0,CPU,31.079,SEVERE,yolov8n_640_5-class_03-29-2026_saved_model/yolov8n_640_5-class_03-29-2026_float16.tflite,GPU_SUPPORTED
2026-04-01 19:01:09,2,409.761,269.911,242.989,0,0,CPU,16.555,SEVERE,yolov8n_640_5-class_03-29-2026_saved_model/yolov8n_640_5-class_03-29-2026_float16.tflite,GPU_SUPPORTED
2026-04-01 19:01:10,4,268.329,267.351,241.038,0,0,CPU,29.973,SEVERE,yolov8n_640_5-class_03-29-2026_saved_model/yolov8n_640_5-class_03-29-2026_float16.tflite,GPU_SUPPORTED
2026-04-01 19:01:11,4,269.765,269.177,240.207,0,0,CPU,13.008,SEVERE,yolov8n_640_5-class_03-29-2026_saved_model/yolov8n_640_5-class_03-29-2026_float16.tflite,GPU_SUPPORTED
2026-04-01 19:01:12,4,268.707,268.813,242.002,0,0,CPU,31.547,SEVERE,yolov8n_640_5-class_03-29-2026_saved_model/yolov8n_640_5-class_03-29-2026_float16.tflite,GPU_SUPPORTED
2026-04-01 19:01:13,3,268.068,267.826,241.579,0,0,CPU,29.942,SEVERE,yolov8n_640_5-class_03-29-2026_saved_model/yolov8n_640_5-class_03-29-2026_float16.tflite,GPU_SUPPORTED
2026-04-01 19:01:14,4,269.506,268.657,242.735,0,0,CPU,17.730,SEVERE,yolov8n_640_5-class_03-29-2026_saved_model/yolov8n_640_5-class_03-29-2026_float16.tflite,GPU_SUPPORTED
2026-04-01 19:01:15,4,282.464,286.977,241.350,0,0,CPU,44.465,SEVERE,yolov8n_640_5-class_03-29-2026_saved_model/yolov8n_640_5-class_03-29-2026_float16.tflite,GPU_SUPPORTED
2026-04-01 19:01:16,3,268.228,268.802,240.878,0,0,CPU,13.398,SEVERE,yolov8n_640_5-class_03-29-2026_saved_model/yolov8n_640_5-class_03-29-2026_float16.tflite,GPU_SUPPORTED
2026-04-01 19:01:17,4,268.148,268.188,240.920,0,0,CPU,16.523,SEVERE,yolov8n_640_5-class_03-29-2026_saved_model/yolov8n_640_5-class_03-29-2026_float16.tflite,GPU_SUPPORTED
2026-04-01 19:01:18,4,268.387,268.781,242.845,0,0,CPU,29.941,SEVERE,yolov8n_640_5-class_03-29-2026_saved_model/yolov8n_640_5-class_03-29-2026_float16.tflite,GPU_SUPPORTED
2026-04-01 19:01:19,3,270.911,268.801,241.881,0,0,CPU,29.910,SEVERE,yolov8n_640_5-class_03-29-2026_saved_model/yolov8n_640_5-class_03-29-2026_float16.tflite,GPU_SUPPORTED
2026-04-01 19:01:20,4,268.394,268.771,241.132,0,0,CPU,13.398,SEVERE,yolov8n_640_5-class_03-29-2026_saved_model/yolov8n_640_5-class_03-29-2026_float16.tflite,GPU_SUPPORTED
2026-04-01 19:01:21,4,268.453,268.812,241.509,0,0,CPU,16.515,SEVERE,yolov8n_640_5-class_03-29-2026_saved_model/yolov8n_640_5-class_03-29-2026_float16.tflite,GPU_SUPPORTED
2026-04-01 19:01:22,4,267.542,267.630,241.119,0,0,CPU,29.941,SEVERE,yolov8n_640_5-class_03-29-2026_saved_model/yolov8n_640_5-class_03-29-2026_float16.tflite,GPU_SUPPORTED
2026-04-01 19:01:23,3,268.455,268.276,242.435,0,0,CPU,29.942,SEVERE,yolov8n_640_5-class_03-29-2026_saved_model/yolov8n_640_5-class_03-29-2026_float16.tflite,GPU_SUPPORTED
2026-04-01 19:01:24,4,267.301,267.328,239.854,0,0,CPU,13.430,SEVERE,yolov8n_640_5-class_03-29-2026_saved_model/yolov8n_640_5-class_03-29-2026_float16.tflite,GPU_SUPPORTED
2026-04-01 19:01:25,3,322.701,286.238,376.942,0,0,CPU,13.434,SEVERE,yolov8n_640_5-class_03-29-2026_saved_model/yolov8n_640_5-class_03-29-2026_float16.tflite,GPU_SUPPORTED
2026-04-01 19:01:26,4,267.571,267.634,240.966,0,0,CPU,16.523,SEVERE,yolov8n_640_5-class_03-29-2026_saved_model/yolov8n_640_5-class_03-29-2026_float16.tflite,GPU_SUPPORTED
2026-04-01 19:01:27,4,267.729,268.492,241.504,0,0,CPU,29.910,SEVERE,yolov8n_640_5-class_03-29-2026_saved_model/yolov8n_640_5-class_03-29-2026_float16.tflite,GPU_SUPPORTED
2026-04-01 19:01:28,3,266.995,266.859,239.777,0,0,CPU,29.942,SEVERE,yolov8n_640_5-class_03-29-2026_saved_model/yolov8n_640_5-class_03-29-2026_float16.tflite,GPU_SUPPORTED
2026-04-01 19:01:29,4,267.018,267.017,239.875,0,0,CPU,13.433,SEVERE,yolov8n_640_5-class_03-29-2026_saved_model/yolov8n_640_5-class_03-29-2026_float16.tflite,GPU_SUPPORTED
2026-04-01 19:01:30,3,343.201,275.019,458.201,0,0,CPU,19.332,SEVERE,yolov8n_640_5-class_03-29-2026_saved_model/yolov8n_640_5-class_03-29-2026_float16.tflite,GPU_SUPPORTED
2026-04-01 19:01:31,3,314.417,269.924,242.307,0,0,CPU,31.098,SEVERE,yolov8n_640_5-class_03-29-2026_saved_model/yolov8n_640_5-class_03-29-2026_float16.tflite,GPU_SUPPORTED
2026-04-01 19:01:32,4,270.221,270.492,243.846,0,0,CPU,16.484,SEVERE,yolov8n_640_5-class_03-29-2026_saved_model/yolov8n_640_5-class_03-29-2026_float16.tflite,GPU_SUPPORTED
2026-04-01 19:01:33,3,326.396,285.907,240.427,0,0,CPU,16.515,SEVERE,yolov8n_640_5-class_03-29-2026_saved_model/yolov8n_640_5-class_03-29-2026_float16.tflite,GPU_SUPPORTED
2026-04-01 19:01:34,3,338.080,267.411,240.410,0,0,CPU,31.527,SEVERE,yolov8n_640_5-class_03-29-2026_saved_model/yolov8n_640_5-class_03-29-2026_float16.tflite,GPU_SUPPORTED
2026-04-01 19:01:35,4,268.764,268.942,241.866,0,0,CPU,16.390,SEVERE,yolov8n_640_5-class_03-29-2026_saved_model/yolov8n_640_5-class_03-29-2026_float16.tflite,GPU_SUPPORTED
2026-04-01 19:01:36,3,268.029,268.591,241.861,0,0,CPU,16.516,SEVERE,yolov8n_640_5-class_03-29-2026_saved_model/yolov8n_640_5-class_03-29-2026_float16.tflite,GPU_SUPPORTED
2026-04-01 19:01:37,4,268.339,268.336,241.186,0,0,CPU,29.973,SEVERE,yolov8n_640_5-class_03-29-2026_saved_model/yolov8n_640_5-class_03-29-2026_float16.tflite,GPU_SUPPORTED
2026-04-01 19:01:38,4,267.951,267.762,240.555,0,0,CPU,13.402,SEVERE,yolov8n_640_5-class_03-29-2026_saved_model/yolov8n_640_5-class_03-29-2026_float16.tflite,GPU_SUPPORTED
2026-04-01 19:01:39,3,269.075,268.272,241.305,0,0,CPU,18.121,SEVERE,yolov8n_640_5-class_03-29-2026_saved_model/yolov8n_640_5-class_03-29-2026_float16.tflite,GPU_SUPPORTED
2026-04-01 19:01:40,4,280.456,269.211,240.992,0,0,CPU,29.910,SEVERE,yolov8n_640_5-class_03-29-2026_saved_model/yolov8n_640_5-class_03-29-2026_float16.tflite,GPU_SUPPORTED
2026-04-01 19:01:41,4,267.418,267.421,240.625,0,0,CPU,13.367,SEVERE,yolov8n_640_5-class_03-29-2026_saved_model/yolov8n_640_5-class_03-29-2026_float16.tflite,GPU_SUPPORTED
2026-04-01 19:01:42,4,267.619,267.754,240.401,0,0,CPU,26.793,SEVERE,yolov8n_640_5-class_03-29-2026_saved_model/yolov8n_640_5-class_03-29-2026_float16.tflite,GPU_SUPPORTED
2026-04-01 19:01:43,3,268.710,268.358,240.661,0,0,CPU,16.555,SEVERE,yolov8n_640_5-class_03-29-2026_saved_model/yolov8n_640_5-class_03-29-2026_float16.tflite,GPU_SUPPORTED
2026-04-01 19:01:44,4,268.156,268.455,240.646,0,0,CPU,29.942,SEVERE,yolov8n_640_5-class_03-29-2026_saved_model/yolov8n_640_5-class_03-29-2026_float16.tflite,GPU_SUPPORTED
2026-04-01 19:01:45,4,268.227,268.470,240.564,0,0,CPU,13.336,SEVERE,yolov8n_640_5-class_03-29-2026_saved_model/yolov8n_640_5-class_03-29-2026_float16.tflite,GPU_SUPPORTED
2026-04-01 19:01:46,3,268.362,268.218,240.315,0,0,CPU,13.461,SEVERE,yolov8n_640_5-class_03-29-2026_saved_model/yolov8n_640_5-class_03-29-2026_float16.tflite,GPU_SUPPORTED
2026-04-01 19:01:47,4,268.619,268.648,241.496,0,0,CPU,16.547,SEVERE,yolov8n_640_5-class_03-29-2026_saved_model/yolov8n_640_5-class_03-29-2026_float16.tflite,GPU_SUPPORTED
2026-04-01 19:01:48,4,268.377,268.492,241.032,0,0,CPU,29.910,SEVERE,yolov8n_640_5-class_03-29-2026_saved_model/yolov8n_640_5-class_03-29-2026_float16.tflite,GPU_SUPPORTED
2026-04-01 19:01:49,4,268.774,268.808,240.347,0,0,CPU,13.207,SEVERE,yolov8n_640_5-class_03-29-2026_saved_model/yolov8n_640_5-class_03-29-2026_float16.tflite,GPU_SUPPORTED
2026-04-01 19:01:50,3,268.113,268.367,240.123,0,0,CPU,18.125,SEVERE,yolov8n_640_5-class_03-29-2026_saved_model/yolov8n_640_5-class_03-29-2026_float16.tflite,GPU_SUPPORTED
2026-04-01 19:01:51,4,268.265,268.735,241.201,0,0,CPU,29.942,SEVERE,yolov8n_640_5-class_03-29-2026_saved_model/yolov8n_640_5-class_03-29-2026_float16.tflite,GPU_SUPPORTED
2026-04-01 19:01:52,4,268.371,268.429,240.468,0,0,CPU,18.090,SEVERE,yolov8n_640_5-class_03-29-2026_saved_model/yolov8n_640_5-class_03-29-2026_float16.tflite,GPU_SUPPORTED
2026-04-01 19:01:53,4,269.101,267.679,240.391,0,0,CPU,31.157,SEVERE,yolov8n_640_5-class_03-29-2026_saved_model/yolov8n_640_5-class_03-29-2026_float16.tflite,GPU_SUPPORTED
2026-04-01 19:01:54,3,268.797,269.052,241.341,0,0,CPU,13.437,SEVERE,yolov8n_640_5-class_03-29-2026_saved_model/yolov8n_640_5-class_03-29-2026_float16.tflite,GPU_SUPPORTED
2026-04-01 19:01:55,4,269.363,269.317,245.707,0,0,CPU,31.520,SEVERE,yolov8n_640_5-class_03-29-2026_saved_model/yolov8n_640_5-class_03-29-2026_float16.tflite,GPU_SUPPORTED
2026-04-01 19:01:56,4,267.800,267.803,240.177,0,0,CPU,26.429,SEVERE,yolov8n_640_5-class_03-29-2026_saved_model/yolov8n_640_5-class_03-29-2026_float16.tflite,GPU_SUPPORTED
2026-04-01 19:01:57,3,268.830,269.004,241.145,0,0,CPU,16.519,SEVERE,yolov8n_640_5-class_03-29-2026_saved_model/yolov8n_640_5-class_03-29-2026_float16.tflite,GPU_SUPPORTED
2026-04-01 19:01:58,4,268.501,269.220,241.436,0,0,CPU,29.942,SEVERE,yolov8n_640_5-class_03-29-2026_saved_model/yolov8n_640_5-class_03-29-2026_float16.tflite,GPU_SUPPORTED
2026-04-01 19:01:59,4,268.659,269.137,240.410,0,0,CPU,11.859,SEVERE,yolov8n_640_5-class_03-29-2026_saved_model/yolov8n_640_5-class_03-29-2026_float16.tflite,GPU_SUPPORTED
2026-04-01 19:02:00,4,268.159,268.177,240.857,0,0,CPU,22.133,SEVERE,yolov8n_640_5-class_03-29-2026_saved_model/yolov8n_640_5-class_03-29-2026_float16.tflite,GPU_SUPPORTED
2026-04-01 19:02:01,3,268.305,268.291,241.618,0,0,CPU,16.547,SEVERE,yolov8n_640_5-class_03-29-2026_saved_model/yolov8n_640_5-class_03-29-2026_float16.tflite,GPU_SUPPORTED
2026-04-01 19:02:02,4,268.007,268.317,240.418,0,0,CPU,29.942,SEVERE,yolov8n_640_5-class_03-29-2026_saved_model/yolov8n_640_5-class_03-29-2026_float16.tflite,GPU_SUPPORTED
2026-04-01 19:02:03,4,267.767,268.116,239.855,0,0,CPU,18.117,SEVERE,yolov8n_640_5-class_03-29-2026_saved_model/yolov8n_640_5-class_03-29-2026_float16.tflite,GPU_SUPPORTED
2026-04-01 19:02:04,3,268.982,269.156,241.555,0,0,CPU,16.547,SEVERE,yolov8n_640_5-class_03-29-2026_saved_model/yolov8n_640_5-class_03-29-2026_float16.tflite,GPU_SUPPORTED
2026-04-01 19:02:05,4,268.924,268.975,241.247,0,0,CPU,29.942,SEVERE,yolov8n_640_5-class_03-29-2026_saved_model/yolov8n_640_5-class_03-29-2026_float16.tflite,GPU_SUPPORTED
2026-04-01 19:02:06,4,267.845,268.148,240.682,0,0,CPU,13.394,SEVERE,yolov8n_640_5-class_03-29-2026_saved_model/yolov8n_640_5-class_03-29-2026_float16.tflite,GPU_SUPPORTED
2026-04-01 19:02:07,4,268.636,268.990,240.562,0,0,CPU,26.863,SEVERE,yolov8n_640_5-class_03-29-2026_saved_model/yolov8n_640_5-class_03-29-2026_float16.tflite,GPU_SUPPORTED
2026-04-01 19:02:08,3,269.982,269.178,245.871,0,0,CPU,16.516,SEVERE,yolov8n_640_5-class_03-29-2026_saved_model/yolov8n_640_5-class_03-29-2026_float16.tflite,GPU_SUPPORTED
2026-04-01 19:02:09,4,268.452,269.050,240.998,0,0,CPU,29.942,SEVERE,yolov8n_640_5-class_03-29-2026_saved_model/yolov8n_640_5-class_03-29-2026_float16.tflite,GPU_SUPPORTED
2026-04-01 19:02:10,4,269.068,269.466,241.239,0,0,CPU,13.437,SEVERE,yolov8n_640_5-class_03-29-2026_saved_model/yolov8n_640_5-class_03-29-2026_float16.tflite,GPU_SUPPORTED
2026-04-01 19:02:11,3,268.252,268.098,240.281,0,0,CPU,13.434,SEVERE,yolov8n_640_5-class_03-29-2026_saved_model/yolov8n_640_5-class_03-29-2026_float16.tflite,GPU_SUPPORTED
2026-04-01 19:02:12,4,268.862,269.009,241.245,0,0,CPU,16.516,SEVERE,yolov8n_640_5-class_03-29-2026_saved_model/yolov8n_640_5-class_03-29-2026_float16.tflite,GPU_SUPPORTED
2026-04-01 19:02:13,4,268.922,269.128,241.787,0,0,CPU,29.910,SEVERE,yolov8n_640_5-class_03-29-2026_saved_model/yolov8n_640_5-class_03-29-2026_float16.tflite,GPU_SUPPORTED
2026-04-01 19:02:14,4,268.006,268.136,240.621,0,0,CPU,32.715,SEVERE,yolov8n_640_5-class_03-29-2026_saved_model/yolov8n_640_5-class_03-29-2026_float16.tflite,GPU_SUPPORTED
2026-04-01 19:02:15,3,270.242,270.320,241.421,0,0,CPU,13.402,SEVERE,yolov8n_640_5-class_03-29-2026_saved_model/yolov8n_640_5-class_03-29-2026_float16.tflite,GPU_SUPPORTED
2026-04-01 19:02:16,4,268.710,269.154,240.828,0,0,CPU,16.515,SEVERE,yolov8n_640_5-class_03-29-2026_saved_model/yolov8n_640_5-class_03-29-2026_float16.tflite,GPU_SUPPORTED
2026-04-01 19:02:17,4,268.789,269.197,241.209,0,0,CPU,29.918,SEVERE,yolov8n_640_5-class_03-29-2026_saved_model/yolov8n_640_5-class_03-29-2026_float16.tflite,GPU_SUPPORTED
2026-04-01 19:02:18,3,268.544,268.541,241.340,0,0,CPU,29.942,SEVERE,yolov8n_640_5-class_03-29-2026_saved_model/yolov8n_640_5-class_03-29-2026_float16.tflite,GPU_SUPPORTED
2026-04-01 19:02:19,4,267.504,267.623,240.122,0,0,CPU,13.398,SEVERE,yolov8n_640_5-class_03-29-2026_saved_model/yolov8n_640_5-class_03-29-2026_float16.tflite,GPU_SUPPORTED
2026-04-01 19:02:20,4,268.964,269.053,241.169,0,0,CPU,16.523,SEVERE,yolov8n_640_5-class_03-29-2026_saved_model/yolov8n_640_5-class_03-29-2026_float16.tflite,GPU_SUPPORTED
2026-04-01 19:02:21,4,269.253,268.057,240.389,0,0,CPU,18.145,SEVERE,yolov8n_640_5-class_03-29-2026_saved_model/yolov8n_640_5-class_03-29-2026_float16.tflite,GPU_SUPPORTED
2026-04-01 19:02:22,3,267.940,267.982,240.499,0,0,CPU,29.910,SEVERE,yolov8n_640_5-class_03-29-2026_saved_model/yolov8n_640_5-class_03-29-2026_float16.tflite,GPU_SUPPORTED
2026-04-01 19:02:23,4,267.785,268.051,240.410,0,1,CPU,13.398,SEVERE,yolov8n_640_5-class_03-29-2026_saved_model/yolov8n_640_5-class_03-29-2026_float16.tflite,GPU_SUPPORTED
2026-04-01 19:02:24,4,269.533,270.181,240.610,0,0,CPU,26.855,SEVERE,yolov8n_640_5-class_03-29-2026_saved_model/yolov8n_640_5-class_03-29-2026_float16.tflite,GPU_SUPPORTED
2026-04-01 19:02:25,3,269.744,268.834,246.627,0,0,CPU,31.555,SEVERE,yolov8n_640_5-class_03-29-2026_saved_model/yolov8n_640_5-class_03-29-2026_float16.tflite,GPU_SUPPORTED
2026-04-01 19:02:26,4,268.148,268.429,240.351,0,0,CPU,16.558,SEVERE,yolov8n_640_5-class_03-29-2026_saved_model/yolov8n_640_5-class_03-29-2026_float16.tflite,GPU_SUPPORTED
2026-04-01 19:02:27,4,269.244,269.230,241.242,0,0,CPU,29.961,SEVERE,yolov8n_640_5-class_03-29-2026_saved_model/yolov8n_640_5-class_03-29-2026_float16.tflite,GPU_SUPPORTED
2026-04-01 19:02:28,4,268.385,268.627,240.825,0,0,CPU,43.321,SEVERE,yolov8n_640_5-class_03-29-2026_saved_model/yolov8n_640_5-class_03-29-2026_float16.tflite,GPU_SUPPORTED
2026-04-01 19:02:29,3,335.269,301.635,264.927,0,0,CPU,43.352,SEVERE,yolov8n_640_5-class_03-29-2026_saved_model/yolov8n_640_5-class_03-29-2026_float16.tflite,GPU_SUPPORTED
2026-04-01 19:02:30,3,268.600,268.508,242.062,0,1,CPU,13.414,SEVERE,yolov8n_640_5-class_03-29-2026_saved_model/yolov8n_640_5-class_03-29-2026_float16.tflite,GPU_SUPPORTED
2026-04-01 19:02:31,4,267.532,268.211,240.725,0,0,CPU,16.531,SEVERE,yolov8n_640_5-class_03-29-2026_saved_model/yolov8n_640_5-class_03-29-2026_float16.tflite,GPU_SUPPORTED
2026-04-01 19:02:32,4,268.455,268.421,240.514,0,1,CPU,29.953,SEVERE,yolov8n_640_5-class_03-29-2026_saved_model/yolov8n_640_5-class_03-29-2026_float16.tflite,GPU_SUPPORTED
2026-04-01 19:02:33,3,268.169,268.382,240.979,0,0,CPU,29.989,SEVERE,yolov8n_640_5-class_03-29-2026_saved_model/yolov8n_640_5-class_03-29-2026_float16.tflite,GPU_SUPPORTED
2026-04-01 19:02:34,4,268.624,268.941,241.063,0,0,CPU,13.441,SEVERE,yolov8n_640_5-class_03-29-2026_saved_model/yolov8n_640_5-class_03-29-2026_float16.tflite,GPU_SUPPORTED
2026-04-01 19:02:35,4,268.227,268.570,240.956,0,0,CPU,16.566,SEVERE,yolov8n_640_5-class_03-29-2026_saved_model/yolov8n_640_5-class_03-29-2026_float16.tflite,GPU_SUPPORTED
2026-04-01 19:02:36,4,268.151,268.308,240.177,0,0,CPU,29.926,SEVERE,yolov8n_640_5-class_03-29-2026_saved_model/yolov8n_640_5-class_03-29-2026_float16.tflite,GPU_SUPPORTED
2026-04-01 19:02:37,3,269.893,267.727,240.418,0,0,CPU,13.051,SEVERE,yolov8n_640_5-class_03-29-2026_saved_model/yolov8n_640_5-class_03-29-2026_float16.tflite,GPU_SUPPORTED
2026-04-01 19:02:38,4,268.426,268.695,240.723,0,0,CPU,16.535,SEVERE,yolov8n_640_5-class_03-29-2026_saved_model/yolov8n_640_5-class_03-29-2026_float16.tflite,GPU_SUPPORTED
2026-04-01 19:02:39,3,268.132,268.082,240.645,0,0,CPU,31.567,SEVERE,yolov8n_640_5-class_03-29-2026_saved_model/yolov8n_640_5-class_03-29-2026_float16.tflite,GPU_SUPPORTED
2026-04-01 19:02:40,4,322.052,268.378,240.496,0,0,CPU,26.508,SEVERE,yolov8n_640_5-class_03-29-2026_saved_model/yolov8n_640_5-class_03-29-2026_float16.tflite,GPU_SUPPORTED
2026-04-01 19:02:41,3,267.600,267.627,240.509,0,0,CPU,16.562,SEVERE,yolov8n_640_5-class_03-29-2026_saved_model/yolov8n_640_5-class_03-29-2026_float16.tflite,GPU_SUPPORTED
2026-04-01 19:02:42,4,267.691,268.228,239.723,0,0,CPU,29.953,SEVERE,yolov8n_640_5-class_03-29-2026_saved_model/yolov8n_640_5-class_03-29-2026_float16.tflite,GPU_SUPPORTED
2026-04-01 19:02:43,4,267.483,267.519,240.000,0,0,CPU,13.410,SEVERE,yolov8n_640_5-class_03-29-2026_saved_model/yolov8n_640_5-class_03-29-2026_float16.tflite,GPU_SUPPORTED
2026-04-01 19:02:44,4,267.478,267.414,240.329,0,0,CPU,26.836,SEVERE,yolov8n_640_5-class_03-29-2026_saved_model/yolov8n_640_5-class_03-29-2026_float16.tflite,GPU_SUPPORTED
2026-04-01 19:02:45,3,268.178,268.144,240.704,0,0,CPU,16.562,SEVERE,yolov8n_640_5-class_03-29-2026_saved_model/yolov8n_640_5-class_03-29-2026_float16.tflite,GPU_SUPPORTED
2026-04-01 19:02:46,4,267.872,267.933,240.888,0,0,CPU,29.957,SEVERE,yolov8n_640_5-class_03-29-2026_saved_model/yolov8n_640_5-class_03-29-2026_float16.tflite,GPU_SUPPORTED
2026-04-01 19:02:47,4,267.251,267.209,240.047,0,0,CPU,31.141,SEVERE,yolov8n_640_5-class_03-29-2026_saved_model/yolov8n_640_5-class_03-29-2026_float16.tflite,GPU_SUPPORTED
2026-04-01 19:02:48,4,268.553,268.854,240.368,0,0,CPU,38.625,SEVERE,yolov8n_640_5-class_03-29-2026_saved_model/yolov8n_640_5-class_03-29-2026_float16.tflite,GPU_SUPPORTED
2026-04-01 19:02:49,3,268.659,268.431,240.652,0,0,CPU,13.504,SEVERE,yolov8n_640_5-class_03-29-2026_saved_model/yolov8n_640_5-class_03-29-2026_float16.tflite,GPU_SUPPORTED
2026-04-01 19:02:50,4,268.287,268.526,240.454,0,0,CPU,16.531,SEVERE,yolov8n_640_5-class_03-29-2026_saved_model/yolov8n_640_5-class_03-29-2026_float16.tflite,GPU_SUPPORTED
2026-04-01 19:02:51,4,267.856,268.097,240.576,0,0,CPU,29.922,SEVERE,yolov8n_640_5-class_03-29-2026_saved_model/yolov8n_640_5-class_03-29-2026_float16.tflite,GPU_SUPPORTED
2026-04-01 19:02:52,3,267.704,267.349,240.236,0,0,CPU,29.957,SEVERE,yolov8n_640_5-class_03-29-2026_saved_model/yolov8n_640_5-class_03-29-2026_float16.tflite,GPU_SUPPORTED
2026-04-01 19:02:53,4,267.587,267.523,240.747,0,0,CPU,13.449,SEVERE,yolov8n_640_5-class_03-29-2026_saved_model/yolov8n_640_5-class_03-29-2026_float16.tflite,GPU_SUPPORTED
2026-04-01 19:02:54,4,268.318,268.546,240.615,0,0,CPU,16.531,SEVERE,yolov8n_640_5-class_03-29-2026_saved_model/yolov8n_640_5-class_03-29-2026_float16.tflite,GPU_SUPPORTED
2026-04-01 19:02:55,4,267.776,267.780,240.331,0,0,CPU,29.988,SEVERE,yolov8n_640_5-class_03-29-2026_saved_model/yolov8n_640_5-class_03-29-2026_float16.tflite,GPU_SUPPORTED
2026-04-01 19:02:56,3,267.694,267.786,240.885,0,0,CPU,29.922,SEVERE,yolov8n_640_5-class_03-29-2026_saved_model/yolov8n_640_5-class_03-29-2026_float16.tflite,GPU_SUPPORTED
2026-04-01 19:02:57,4,267.738,267.887,240.405,0,0,CPU,13.473,SEVERE,yolov8n_640_5-class_03-29-2026_saved_model/yolov8n_640_5-class_03-29-2026_float16.tflite,GPU_SUPPORTED
2026-04-01 19:02:58,4,267.590,267.700,239.798,0,0,CPU,16.469,SEVERE,yolov8n_640_5-class_03-29-2026_saved_model/yolov8n_640_5-class_03-29-2026_float16.tflite,GPU_SUPPORTED
2026-04-01 19:02:59,4,267.582,267.513,239.885,0,0,CPU,40.145,SEVERE,yolov8n_640_5-class_03-29-2026_saved_model/yolov8n_640_5-class_03-29-2026_float16.tflite,GPU_SUPPORTED
2026-04-01 19:03:00,3,268.911,268.929,241.676,0,0,CPU,31.137,SEVERE,yolov8n_640_5-class_03-29-2026_saved_model/yolov8n_640_5-class_03-29-2026_float16.tflite,GPU_SUPPORTED
2026-04-01 19:03:01,4,268.524,268.886,240.195,0,0,CPU,13.441,SEVERE,yolov8n_640_5-class_03-29-2026_saved_model/yolov8n_640_5-class_03-29-2026_float16.tflite,GPU_SUPPORTED
2026-04-01 19:03:02,4,268.890,268.763,241.095,0,0,CPU,26.937,SEVERE,yolov8n_640_5-class_03-29-2026_saved_model/yolov8n_640_5-class_03-29-2026_float16.tflite,GPU_SUPPORTED
2026-04-01 19:03:03,3,268.663,268.611,240.977,0,0,CPU,16.559,SEVERE,yolov8n_640_5-class_03-29-2026_saved_model/yolov8n_640_5-class_03-29-2026_float16.tflite,GPU_SUPPORTED
2026-04-01 19:03:04,4,268.346,268.452,240.162,0,0,CPU,29.961,SEVERE,yolov8n_640_5-class_03-29-2026_saved_model/yolov8n_640_5-class_03-29-2026_float16.tflite,GPU_SUPPORTED
2026-04-01 19:03:05,4,268.411,268.329,241.228,0,0,CPU,13.480,SEVERE,yolov8n_640_5-class_03-29-2026_saved_model/yolov8n_640_5-class_03-29-2026_float16.tflite,GPU_SUPPORTED
2026-04-01 19:03:06,4,267.991,268.081,240.533,0,0,CPU,25.270,SEVERE,yolov8n_640_5-class_03-29-2026_saved_model/yolov8n_640_5-class_03-29-2026_float16.tflite,GPU_SUPPORTED
2026-04-01 19:03:07,3,267.666,267.993,240.162,0,0,CPU,29.926,SEVERE,yolov8n_640_5-class_03-29-2026_saved_model/yolov8n_640_5-class_03-29-2026_float16.tflite,GPU_SUPPORTED
2026-04-01 19:03:08,4,267.665,267.720,240.523,0,0,CPU,13.472,SEVERE,yolov8n_640_5-class_03-29-2026_saved_model/yolov8n_640_5-class_03-29-2026_float16.tflite,GPU_SUPPORTED
2026-04-01 19:03:09,4,268.474,268.536,240.009,0,0,CPU,16.433,SEVERE,yolov8n_640_5-class_03-29-2026_saved_model/yolov8n_640_5-class_03-29-2026_float16.tflite,GPU_SUPPORTED
2026-04-01 19:03:10,3,267.769,267.454,240.928,0,0,CPU,16.562,SEVERE,yolov8n_640_5-class_03-29-2026_saved_model/yolov8n_640_5-class_03-29-2026_float16.tflite,GPU_SUPPORTED
2026-04-01 19:03:11,4,267.417,267.060,239.275,0,0,CPU,13.019,SEVERE,yolov8n_640_5-class_03-29-2026_saved_model/yolov8n_640_5-class_03-29-2026_float16.tflite,GPU_SUPPORTED
2026-04-01 19:03:12,4,267.905,268.547,240.104,0,0,CPU,16.562,SEVERE,yolov8n_640_5-class_03-29-2026_saved_model/yolov8n_640_5-class_03-29-2026_float16.tflite,GPU_SUPPORTED
2026-04-01 19:03:13,4,268.355,268.894,240.515,0,0,CPU,29.953,SEVERE,yolov8n_640_5-class_03-29-2026_saved_model/yolov8n_640_5-class_03-29-2026_float16.tflite,GPU_SUPPORTED
2026-04-01 19:03:14,3,267.626,267.752,240.286,0,0,CPU,29.957,SEVERE,yolov8n_640_5-class_03-29-2026_saved_model/yolov8n_640_5-class_03-29-2026_float16.tflite,GPU_SUPPORTED
2026-04-01 19:03:15,4,268.438,268.817,240.794,0,0,CPU,13.441,SEVERE,yolov8n_640_5-class_03-29-2026_saved_model/yolov8n_640_5-class_03-29-2026_float16.tflite,GPU_SUPPORTED
2026-04-01 19:03:16,4,268.496,268.138,243.193,0,0,CPU,16.500,SEVERE,yolov8n_640_5-class_03-29-2026_saved_model/yolov8n_640_5-class_03-29-2026_float16.tflite,GPU_SUPPORTED
2026-04-01 19:03:17,4,268.504,268.927,241.161,0,0,CPU,16.594,SEVERE,yolov8n_640_5-class_03-29-2026_saved_model/yolov8n_640_5-class_03-29-2026_float16.tflite,GPU_SUPPORTED
2026-04-01 19:03:18,3,268.279,268.243,240.777,0,0,CPU,29.953,SEVERE,yolov8n_640_5-class_03-29-2026_saved_model/yolov8n_640_5-class_03-29-2026_float16.tflite,GPU_SUPPORTED
2026-04-01 19:03:19,4,268.933,269.331,240.515,0,0,CPU,13.449,SEVERE,yolov8n_640_5-class_03-29-2026_saved_model/yolov8n_640_5-class_03-29-2026_float16.tflite,GPU_SUPPORTED
2026-04-01 19:03:20,4,269.320,269.296,241.243,0,0,CPU,26.813,SEVERE,yolov8n_640_5-class_03-29-2026_saved_model/yolov8n_640_5-class_03-29-2026_float16.tflite,GPU_SUPPORTED
2026-04-01 19:03:21,3,268.745,268.856,241.725,0,1,CPU,31.137,SEVERE,yolov8n_640_5-class_03-29-2026_saved_model/yolov8n_640_5-class_03-29-2026_float16.tflite,GPU_SUPPORTED
2026-04-01 19:03:22,4,267.950,268.194,240.180,0,0,CPU,18.195,SEVERE,yolov8n_640_5-class_03-29-2026_saved_model/yolov8n_640_5-class_03-29-2026_float16.tflite,GPU_SUPPORTED
2026-04-01 19:03:23,4,268.355,268.777,241.138,0,0,CPU,13.058,SEVERE,yolov8n_640_5-class_03-29-2026_saved_model/yolov8n_640_5-class_03-29-2026_float16.tflite,GPU_SUPPORTED
2026-04-01 19:03:24,4,268.006,268.604,240.091,0,0,CPU,22.082,SEVERE,yolov8n_640_5-class_03-29-2026_saved_model/yolov8n_640_5-class_03-29-2026_float16.tflite,GPU_SUPPORTED
2026-04-01 19:03:25,3,267.493,267.347,240.328,0,0,CPU,16.562,SEVERE,yolov8n_640_5-class_03-29-2026_saved_model/yolov8n_640_5-class_03-29-2026_float16.tflite,GPU_SUPPORTED
2026-04-01 19:03:26,4,268.316,268.703,240.066,0,0,CPU,29.953,SEVERE,yolov8n_640_5-class_03-29-2026_saved_model/yolov8n_640_5-class_03-29-2026_float16.tflite,GPU_SUPPORTED
2026-04-01 19:03:27,4,268.037,268.141,240.284,0,0,CPU,13.324,SEVERE,yolov8n_640_5-class_03-29-2026_saved_model/yolov8n_640_5-class_03-29-2026_float16.tflite,GPU_SUPPORTED
2026-04-01 19:03:28,3,267.736,267.349,239.450,0,0,CPU,13.449,SEVERE,yolov8n_640_5-class_03-29-2026_saved_model/yolov8n_640_5-class_03-29-2026_float16.tflite,GPU_SUPPORTED
2026-04-01 19:03:29,4,268.448,268.576,241.371,0,0,CPU,31.528,SEVERE,yolov8n_640_5-class_03-29-2026_saved_model/yolov8n_640_5-class_03-29-2026_float16.tflite,GPU_SUPPORTED
2026-04-01 19:03:30,4,267.532,267.735,240.128,0,0,CPU,13.445,SEVERE,yolov8n_640_5-class_03-29-2026_saved_model/yolov8n_640_5-class_03-29-2026_float16.tflite,GPU_SUPPORTED
2026-04-01 19:03:31,4,268.995,268.956,241.404,0,0,CPU,26.813,SEVERE,yolov8n_640_5-class_03-29-2026_saved_model/yolov8n_640_5-class_03-29-2026_float16.tflite,GPU_SUPPORTED
2026-04-01 19:03:32,3,268.328,268.370,241.618,0,0,CPU,16.558,SEVERE,yolov8n_640_5-class_03-29-2026_saved_model/yolov8n_640_5-class_03-29-2026_float16.tflite,GPU_SUPPORTED
2026-04-01 19:03:33,4,268.943,269.282,241.385,0,0,CPU,29.930,SEVERE,yolov8n_640_5-class_03-29-2026_saved_model/yolov8n_640_5-class_03-29-2026_float16.tflite,GPU_SUPPORTED
2026-04-01 19:03:34,4,268.866,269.152,240.778,0,0,CPU,13.418,SEVERE,yolov8n_640_5-class_03-29-2026_saved_model/yolov8n_640_5-class_03-29-2026_float16.tflite,GPU_SUPPORTED
2026-04-01 19:03:35,3,267.876,267.950,240.496,0,0,CPU,13.410,SEVERE,yolov8n_640_5-class_03-29-2026_saved_model/yolov8n_640_5-class_03-29-2026_float16.tflite,GPU_SUPPORTED
2026-04-01 19:03:36,4,267.312,267.324,240.249,0,0,CPU,16.531,SEVERE,yolov8n_640_5-class_03-29-2026_saved_model/yolov8n_640_5-class_03-29-2026_float16.tflite,GPU_SUPPORTED
2026-04-01 19:03:37,4,269.296,268.927,241.379,0,0,CPU,29.957,SEVERE,yolov8n_640_5-class_03-29-2026_saved_model/yolov8n_640_5-class_03-29-2026_float16.tflite,GPU_SUPPORTED
2026-04-01 19:03:38,3,323.846,269.336,241.131,0,0,CPU,29.961,SEVERE,yolov8n_640_5-class_03-29-2026_saved_model/yolov8n_640_5-class_03-29-2026_float16.tflite,GPU_SUPPORTED
2026-04-01 19:03:39,4,267.937,268.618,239.076,0,0,CPU,18.133,SEVERE,yolov8n_640_5-class_03-29-2026_saved_model/yolov8n_640_5-class_03-29-2026_float16.tflite,GPU_SUPPORTED
2026-04-01 19:03:40,3,269.202,267.338,240.061,0,1,CPU,31.176,SEVERE,yolov8n_640_5-class_03-29-2026_saved_model/yolov8n_640_5-class_03-29-2026_float16.tflite,GPU_SUPPORTED
2026-04-01 19:03:41,4,268.371,269.178,239.794,0,0,CPU,13.418,SEVERE,yolov8n_640_5-class_03-29-2026_saved_model/yolov8n_640_5-class_03-29-2026_float16.tflite,GPU_SUPPORTED
2026-04-01 19:03:42,4,267.083,267.129,240.298,0,0,CPU,16.562,SEVERE,yolov8n_640_5-class_03-29-2026_saved_model/yolov8n_640_5-class_03-29-2026_float16.tflite,GPU_SUPPORTED
2026-04-01 19:03:43,4,268.288,268.244,240.564,0,0,CPU,29.922,SEVERE,yolov8n_640_5-class_03-29-2026_saved_model/yolov8n_640_5-class_03-29-2026_float16.tflite,GPU_SUPPORTED
2026-04-01 19:03:44,3,268.896,268.964,240.997,0,0,CPU,29.996,SEVERE,yolov8n_640_5-class_03-29-2026_saved_model/yolov8n_640_5-class_03-29-2026_float16.tflite,GPU_SUPPORTED
2026-04-01 19:03:45,4,268.491,268.519,240.946,0,0,CPU,31.145,SEVERE,yolov8n_640_5-class_03-29-2026_saved_model/yolov8n_640_5-class_03-29-2026_float16.tflite,GPU_SUPPORTED
2026-04-01 19:03:46,4,268.960,268.538,240.555,0,0,CPU,13.347,SEVERE,yolov8n_640_5-class_03-29-2026_saved_model/yolov8n_640_5-class_03-29-2026_float16.tflite,GPU_SUPPORTED
2026-04-01 19:03:47,3,269.424,269.432,241.432,0,0,CPU,13.477,SEVERE,yolov8n_640_5-class_03-29-2026_saved_model/yolov8n_640_5-class_03-29-2026_float16.tflite,GPU_SUPPORTED
2026-04-01 19:03:48,4,268.704,268.633,241.318,0,0,CPU,16.562,SEVERE,yolov8n_640_5-class_03-29-2026_saved_model/yolov8n_640_5-class_03-29-2026_float16.tflite,GPU_SUPPORTED
2026-04-01 19:03:49,4,268.326,268.413,240.520,0,0,CPU,29.953,SEVERE,yolov8n_640_5-class_03-29-2026_saved_model/yolov8n_640_5-class_03-29-2026_float16.tflite,GPU_SUPPORTED
2026-04-01 19:03:50,4,268.355,268.314,240.537,0,0,CPU,13.293,SEVERE,yolov8n_640_5-class_03-29-2026_saved_model/yolov8n_640_5-class_03-29-2026_float16.tflite,GPU_SUPPORTED
2026-04-01 19:03:51,3,268.837,268.552,241.526,0,0,CPU,29.957,SEVERE,yolov8n_640_5-class_03-29-2026_saved_model/yolov8n_640_5-class_03-29-2026_float16.tflite,GPU_SUPPORTED
2026-04-01 19:03:52,3,330.207,268.788,240.694,0,0,CPU,30.000,SEVERE,yolov8n_640_5-class_03-29-2026_saved_model/yolov8n_640_5-class_03-29-2026_float16.tflite,GPU_SUPPORTED
2026-04-01 19:03:53,4,268.400,268.720,240.404,0,1,CPU,13.019,SEVERE,yolov8n_640_5-class_03-29-2026_saved_model/yolov8n_640_5-class_03-29-2026_float16.tflite,GPU_SUPPORTED
2026-04-01 19:03:54,4,268.080,268.299,241.175,0,0,CPU,31.527,SEVERE,yolov8n_640_5-class_03-29-2026_saved_model/yolov8n_640_5-class_03-29-2026_float16.tflite,GPU_SUPPORTED
2026-04-01 19:03:55,4,268.020,268.047,240.826,0,0,CPU,21.730,SEVERE,yolov8n_640_5-class_03-29-2026_saved_model/yolov8n_640_5-class_03-29-2026_float16.tflite,GPU_SUPPORTED
2026-04-01 19:03:56,3,270.204,268.777,246.517,0,0,CPU,16.594,SEVERE,yolov8n_640_5-class_03-29-2026_saved_model/yolov8n_640_5-class_03-29-2026_float16.tflite,GPU_SUPPORTED
2026-04-01 19:03:57,4,269.072,269.511,240.767,0,0,CPU,29.957,SEVERE,yolov8n_640_5-class_03-29-2026_saved_model/yolov8n_640_5-class_03-29-2026_float16.tflite,GPU_SUPPORTED
2026-04-01 19:03:58,4,268.404,268.944,240.519,0,0,CPU,13.332,SEVERE,yolov8n_640_5-class_03-29-2026_saved_model/yolov8n_640_5-class_03-29-2026_float16.tflite,GPU_SUPPORTED
2026-04-01 19:03:59,1,269.194,269.194,240.570,0,0,CPU,13.864,SEVERE,yolov8n_640_5-class_03-29-2026_saved_model/yolov8n_640_5-class_03-29-2026_float16.tflite,GPU_SUPPORTED
2026-04-01 19:04:00,0,0.000,0.000,240.570,0,0,CPU,14.084,SEVERE,yolov8n_640_5-class_03-29-2026_saved_model/yolov8n_640_5-class_03-29-2026_float16.tflite,GPU_SUPPORTED
2026-04-01 19:04:01,0,0.000,0.000,240.570,0,0,CPU,14.334,SEVERE,yolov8n_640_5-class_03-29-2026_saved_model/yolov8n_640_5-class_03-29-2026_float16.tflite,GPU_SUPPORTED
2026-04-01 19:04:02,0,0.000,0.000,240.570,0,0,CPU,14.554,SEVERE,yolov8n_640_5-class_03-29-2026_saved_model/yolov8n_640_5-class_03-29-2026_float16.tflite,GPU_SUPPORTED
2026-04-01 19:04:03,0,0.000,0.000,240.570,0,0,CPU,15.212,SEVERE,yolov8n_640_5-class_03-29-2026_saved_model/yolov8n_640_5-class_03-29-2026_float16.tflite,GPU_SUPPORTED
2026-04-01 19:04:04,0,0.000,0.000,240.570,0,0,CPU,15.305,SEVERE,yolov8n_640_5-class_03-29-2026_saved_model/yolov8n_640_5-class_03-29-2026_float16.tflite,GPU_SUPPORTED
