timestamp,frame_total_ms,yolo_preprocess_ms,yolo_inference_ms,yolo_nms_ms,pose_crop_ms,pose_preprocess_ms,pose_inference_ms,pose_postprocess_ms,pose_skipped,ram_mb,thermal_status,fps_1s_window,rotation_degrees,mode,device,gpu_mode
2026-04-22 23:15:29.331,205.950,133.287,25.875,24.064,5.238,4.401,6.077,0.249,false,21.508,NONE,0,0,sequential_yolo_pose,SM-S906U1,GPU
2026-04-22 23:15:29.433,94.623,18.243,24.773,37.384,1.212,5.032,5.122,0.146,false,21.512,NONE,0,0,sequential_yolo_pose,SM-S906U1,GPU
2026-04-22 23:15:29.495,57.043,20.404,21.571,0.527,0.889,5.062,4.998,0.133,false,38.364,NONE,0,0,sequential_yolo_pose,SM-S906U1,GPU
2026-04-22 23:15:29.551,50.403,24.336,20.983,0.499,0.000,0.000,0.000,0.000,true,16.742,NONE,0,0,sequential_yolo_pose,SM-S906U1,GPU
2026-04-22 23:15:29.601,45.898,19.888,22.952,0.388,0.000,0.000,0.000,0.000,true,30.481,NONE,4,0,sequential_yolo_pose,SM-S906U1,GPU
2026-04-22 23:15:29.667,61.288,24.893,21.715,0.601,0.884,4.728,4.883,0.161,false,16.738,NONE,4,0,sequential_yolo_pose,SM-S906U1,GPU
2026-04-22 23:15:29.731,59.663,21.718,22.117,0.556,0.977,5.200,5.644,0.133,false,20.203,NONE,4,0,sequential_yolo_pose,SM-S906U1,GPU
2026-04-22 23:15:29.794,59.147,21.317,22.402,0.569,0.878,5.387,5.150,0.129,false,20.207,NONE,4,0,sequential_yolo_pose,SM-S906U1,GPU
2026-04-22 23:15:29.858,60.292,23.330,21.808,0.756,0.894,5.253,4.882,0.133,false,20.109,NONE,4,0,sequential_yolo_pose,SM-S906U1,GPU
2026-04-22 23:15:29.922,59.571,21.666,23.096,0.490,0.966,5.281,4.888,0.140,false,20.168,NONE,4,0,sequential_yolo_pose,SM-S906U1,GPU
2026-04-22 23:15:29.986,59.170,22.355,21.497,0.729,0.953,4.951,5.060,0.189,false,20.164,NONE,4,0,sequential_yolo_pose,SM-S906U1,GPU
2026-04-22 23:15:30.054,63.623,25.526,21.527,1.699,0.965,5.531,4.995,0.172,false,20.195,NONE,4,0,sequential_yolo_pose,SM-S906U1,GPU
2026-04-22 23:15:30.119,61.658,23.149,22.269,0.846,1.138,4.868,5.263,0.146,false,20.195,NONE,4,0,sequential_yolo_pose,SM-S906U1,GPU
2026-04-22 23:15:30.182,59.248,20.760,21.363,1.463,1.172,5.823,5.232,0.155,false,20.133,NONE,4,0,sequential_yolo_pose,SM-S906U1,GPU
2026-04-22 23:15:30.244,58.165,20.337,20.099,1.437,1.143,5.487,5.510,0.155,false,20.188,NONE,4,0,sequential_yolo_pose,SM-S906U1,GPU
2026-04-22 23:15:30.306,57.737,20.244,20.904,0.484,1.172,6.720,4.942,0.140,false,37.164,NONE,4,0,sequential_yolo_pose,SM-S906U1,GPU
2026-04-22 23:15:30.380,64.344,26.988,20.689,0.576,1.133,5.088,5.192,0.140,false,20.266,NONE,4,0,sequential_yolo_pose,SM-S906U1,GPU
2026-04-22 23:15:30.443,57.554,21.030,21.231,0.526,0.904,5.087,5.773,0.134,false,20.188,NONE,4,0,sequential_yolo_pose,SM-S906U1,GPU
2026-04-22 23:15:30.509,60.733,22.296,22.193,0.664,0.953,5.131,6.138,0.156,false,20.176,NONE,4,0,sequential_yolo_pose,SM-S906U1,GPU
2026-04-22 23:15:30.583,67.783,27.569,23.360,0.676,1.128,6.002,5.216,0.146,false,20.129,NONE,4,0,sequential_yolo_pose,SM-S906U1,GPU
2026-04-22 23:15:30.648,60.986,22.143,21.051,0.706,1.017,4.603,7.876,0.129,false,20.070,NONE,16,0,sequential_yolo_pose,SM-S906U1,GPU
2026-04-22 23:15:30.715,62.281,22.911,22.883,0.783,0.728,6.175,5.748,0.148,false,20.188,NONE,16,0,sequential_yolo_pose,SM-S906U1,GPU
2026-04-22 23:15:30.781,62.082,23.368,23.208,0.786,0.798,5.966,4.858,0.152,false,20.242,NONE,16,0,sequential_yolo_pose,SM-S906U1,GPU
2026-04-22 23:15:30.843,58.394,21.191,22.270,0.978,1.000,5.058,4.773,0.132,false,20.215,NONE,16,0,sequential_yolo_pose,SM-S906U1,GPU
2026-04-22 23:15:30.906,57.121,20.470,20.663,0.915,0.898,5.640,5.469,0.143,false,20.180,NONE,16,0,sequential_yolo_pose,SM-S906U1,GPU
2026-04-22 23:15:30.966,56.693,21.221,20.786,0.817,0.935,5.056,4.770,0.149,false,20.180,NONE,16,0,sequential_yolo_pose,SM-S906U1,GPU
2026-04-22 23:15:31.030,59.803,22.734,21.223,0.845,0.913,5.273,5.598,0.134,false,20.148,NONE,16,0,sequential_yolo_pose,SM-S906U1,GPU
2026-04-22 23:15:31.094,59.090,22.311,21.691,0.767,0.967,5.085,4.981,0.153,false,20.211,NONE,16,0,sequential_yolo_pose,SM-S906U1,GPU
2026-04-22 23:15:31.160,61.947,24.549,21.927,1.006,0.887,5.082,4.901,0.162,false,20.160,NONE,16,0,sequential_yolo_pose,SM-S906U1,GPU
2026-04-22 23:15:31.222,58.133,21.750,21.187,0.858,0.993,5.421,4.809,0.128,false,20.242,NONE,16,0,sequential_yolo_pose,SM-S906U1,GPU
2026-04-22 23:15:31.289,61.903,24.056,21.660,1.192,1.061,5.815,4.981,0.155,false,20.133,NONE,16,0,sequential_yolo_pose,SM-S906U1,GPU
2026-04-22 23:15:31.351,58.083,20.109,21.322,1.414,1.006,5.932,5.010,0.168,false,20.168,NONE,16,0,sequential_yolo_pose,SM-S906U1,GPU
2026-04-22 23:15:31.417,61.844,23.638,22.343,1.024,0.871,5.262,4.947,0.138,false,20.266,NONE,16,0,sequential_yolo_pose,SM-S906U1,GPU
2026-04-22 23:15:31.489,68.514,25.442,22.608,1.533,1.910,6.640,5.374,0.151,false,20.180,NONE,16,0,sequential_yolo_pose,SM-S906U1,GPU
2026-04-22 23:15:31.549,55.528,20.361,20.227,1.081,0.879,4.889,4.957,0.135,false,20.211,NONE,16,0,sequential_yolo_pose,SM-S906U1,GPU
2026-04-22 23:15:31.610,57.449,21.315,21.016,1.288,0.960,4.705,5.189,0.144,false,20.246,NONE,16,0,sequential_yolo_pose,SM-S906U1,GPU
2026-04-22 23:15:31.676,61.906,23.977,22.097,0.744,1.448,5.269,5.189,0.140,false,20.281,NONE,16,0,sequential_yolo_pose,SM-S906U1,GPU
2026-04-22 23:15:31.746,65.023,23.600,23.223,0.958,1.023,6.351,6.261,0.201,false,20.211,NONE,16,0,sequential_yolo_pose,SM-S906U1,GPU
2026-04-22 23:15:31.818,66.158,24.219,25.116,1.277,1.068,6.164,5.058,0.146,false,20.195,NONE,16,0,sequential_yolo_pose,SM-S906U1,GPU
2026-04-22 23:15:31.887,65.676,24.928,22.390,1.118,2.161,6.079,5.984,0.114,false,20.230,NONE,16,0,sequential_yolo_pose,SM-S906U1,GPU
2026-04-22 23:15:31.947,56.185,20.286,21.131,0.993,0.562,4.030,5.681,0.125,false,20.219,NONE,16,0,sequential_yolo_pose,SM-S906U1,GPU
2026-04-22 23:15:32.014,61.857,19.968,21.228,0.874,0.889,8.389,7.432,0.157,false,37.133,NONE,16,0,sequential_yolo_pose,SM-S906U1,GPU
2026-04-22 23:15:32.083,62.817,22.748,20.902,1.032,1.005,6.758,6.683,0.138,false,30.192,NONE,16,0,sequential_yolo_pose,SM-S906U1,GPU
2026-04-22 23:15:32.151,60.395,22.519,20.866,0.899,1.277,5.855,4.851,0.124,false,14.348,NONE,16,0,sequential_yolo_pose,SM-S906U1,GPU
2026-04-22 23:15:32.215,58.909,21.733,21.176,0.957,1.341,5.483,5.179,0.142,false,21.457,NONE,16,0,sequential_yolo_pose,SM-S906U1,GPU
2026-04-22 23:15:32.285,64.584,22.593,22.334,1.138,0.832,8.549,5.782,0.144,false,38.403,NONE,16,0,sequential_yolo_pose,SM-S906U1,GPU
2026-04-22 23:15:32.357,66.196,21.814,21.013,1.128,1.089,8.402,6.172,0.150,false,29.066,NONE,16,0,sequential_yolo_pose,SM-S906U1,GPU
2026-04-22 23:15:32.427,63.243,24.633,22.877,0.979,1.007,5.208,4.926,0.145,false,20.281,NONE,16,0,sequential_yolo_pose,SM-S906U1,GPU
2026-04-22 23:15:32.495,63.020,24.008,22.619,1.118,0.953,5.271,5.140,0.148,false,20.211,NONE,16,0,sequential_yolo_pose,SM-S906U1,GPU
2026-04-22 23:15:32.559,60.071,23.317,21.296,0.928,0.957,5.205,4.873,0.162,false,20.184,NONE,16,0,sequential_yolo_pose,SM-S906U1,GPU
2026-04-22 23:15:32.625,61.402,25.740,21.492,0.709,0.754,4.294,4.858,0.114,false,20.184,NONE,16,0,sequential_yolo_pose,SM-S906U1,GPU
2026-04-22 23:15:32.692,63.698,24.908,22.294,1.406,0.894,5.131,5.079,0.143,false,20.141,NONE,15,0,sequential_yolo_pose,SM-S906U1,GPU
2026-04-22 23:15:32.756,60.465,20.561,21.411,0.965,0.890,7.365,5.843,0.172,false,37.211,NONE,15,0,sequential_yolo_pose,SM-S906U1,GPU
2026-04-22 23:15:32.824,62.577,23.209,21.180,0.888,1.014,6.214,5.613,0.212,false,30.207,NONE,15,0,sequential_yolo_pose,SM-S906U1,GPU
2026-04-22 23:15:32.893,64.061,24.841,21.051,0.965,1.057,6.795,5.222,0.131,false,29.328,NONE,15,0,sequential_yolo_pose,SM-S906U1,GPU
2026-04-22 23:15:32.962,63.413,24.609,21.442,0.769,1.014,5.436,4.980,0.129,false,20.148,NONE,15,0,sequential_yolo_pose,SM-S906U1,GPU
2026-04-22 23:15:33.028,62.171,23.894,21.554,1.107,1.051,5.920,4.987,0.148,false,20.148,NONE,15,0,sequential_yolo_pose,SM-S906U1,GPU
2026-04-22 23:15:33.093,60.827,22.440,21.205,0.902,1.130,6.427,4.908,0.141,false,20.234,NONE,15,0,sequential_yolo_pose,SM-S906U1,GPU
2026-04-22 23:15:33.159,61.306,24.492,21.749,0.707,0.934,5.157,4.815,0.134,false,20.219,NONE,15,0,sequential_yolo_pose,SM-S906U1,GPU
2026-04-22 23:15:33.225,62.130,24.904,22.063,1.315,0.799,4.635,4.987,0.118,false,20.215,NONE,15,0,sequential_yolo_pose,SM-S906U1,GPU
2026-04-22 23:15:33.289,60.350,22.459,21.091,0.793,0.907,6.408,5.558,0.147,false,20.277,NONE,15,0,sequential_yolo_pose,SM-S906U1,GPU
2026-04-22 23:15:33.354,60.220,23.017,21.981,0.693,0.939,5.372,4.743,0.143,false,20.230,NONE,15,0,sequential_yolo_pose,SM-S906U1,GPU
2026-04-22 23:15:33.423,65.320,25.416,22.320,0.942,1.227,6.209,5.666,0.146,false,20.281,NONE,15,0,sequential_yolo_pose,SM-S906U1,GPU
2026-04-22 23:15:33.490,61.769,24.310,21.747,0.985,1.069,4.774,5.443,0.127,false,20.219,NONE,15,0,sequential_yolo_pose,SM-S906U1,GPU
2026-04-22 23:15:33.557,63.751,25.503,21.946,0.722,1.059,5.724,5.583,0.133,false,20.250,NONE,15,0,sequential_yolo_pose,SM-S906U1,GPU
2026-04-22 23:15:33.625,63.025,24.944,21.180,0.594,1.183,6.011,5.611,0.143,false,20.273,NONE,15,0,sequential_yolo_pose,SM-S906U1,GPU
2026-04-22 23:15:33.681,51.475,25.538,22.472,0.438,0.000,0.000,0.000,0.000,true,16.918,NONE,15,0,sequential_yolo_pose,SM-S906U1,GPU
2026-04-22 23:15:33.735,47.967,22.911,21.487,0.649,0.000,0.000,0.000,0.000,true,30.563,NONE,16,0,sequential_yolo_pose,SM-S906U1,GPU
2026-04-22 23:15:33.811,70.786,27.492,23.713,0.557,1.220,5.712,7.132,0.146,false,21.965,NONE,16,0,sequential_yolo_pose,SM-S906U1,GPU
2026-04-22 23:15:33.886,67.693,24.552,21.035,0.727,0.908,7.761,8.562,0.196,false,38.824,NONE,16,0,sequential_yolo_pose,SM-S906U1,GPU
2026-04-22 23:15:33.968,74.335,23.637,24.711,2.352,1.575,9.817,8.000,0.110,false,29.652,NONE,16,0,sequential_yolo_pose,SM-S906U1,GPU
2026-04-22 23:15:34.037,60.502,18.999,21.952,0.675,0.999,6.253,5.533,0.112,false,29.305,NONE,16,0,sequential_yolo_pose,SM-S906U1,GPU
2026-04-22 23:15:34.108,65.759,27.516,22.445,0.857,0.816,4.881,5.943,0.129,false,20.164,NONE,16,0,sequential_yolo_pose,SM-S906U1,GPU
2026-04-22 23:15:34.165,49.306,21.443,24.053,0.949,0.000,0.000,0.000,0.000,true,16.680,NONE,16,0,sequential_yolo_pose,SM-S906U1,GPU
2026-04-22 23:15:34.244,72.889,25.708,22.057,0.983,0.977,6.111,13.453,0.077,false,33.969,NONE,16,0,sequential_yolo_pose,SM-S906U1,GPU
2026-04-22 23:15:34.311,62.337,24.378,22.188,0.373,0.905,5.466,5.627,0.121,false,30.106,NONE,16,0,sequential_yolo_pose,SM-S906U1,GPU
2026-04-22 23:15:34.382,61.834,23.748,21.899,0.444,0.988,5.287,5.994,0.123,false,17.055,NONE,16,0,sequential_yolo_pose,SM-S906U1,GPU
2026-04-22 23:15:34.442,55.464,27.384,24.836,0.258,0.000,0.000,0.000,0.000,true,16.836,NONE,16,0,sequential_yolo_pose,SM-S906U1,GPU
2026-04-22 23:15:34.525,76.634,22.182,24.064,0.434,0.976,11.992,10.467,0.112,false,33.883,NONE,16,0,sequential_yolo_pose,SM-S906U1,GPU
2026-04-22 23:15:34.615,76.115,27.663,23.913,0.552,1.046,5.677,10.704,0.136,false,20.230,NONE,16,0,sequential_yolo_pose,SM-S906U1,GPU
2026-04-22 23:15:34.685,66.274,26.711,21.219,1.147,1.087,5.747,6.869,0.122,false,20.258,NONE,16,0,sequential_yolo_pose,SM-S906U1,GPU
2026-04-22 23:15:34.749,59.306,20.748,23.606,0.634,1.009,5.607,5.109,0.126,false,20.285,NONE,14,0,sequential_yolo_pose,SM-S906U1,GPU
2026-04-22 23:15:34.814,60.823,23.781,21.330,0.483,0.926,4.874,6.045,0.199,false,20.230,NONE,14,0,sequential_yolo_pose,SM-S906U1,GPU
2026-04-22 23:15:34.890,71.618,24.366,26.330,1.029,3.444,7.144,5.338,0.203,false,20.191,NONE,14,0,sequential_yolo_pose,SM-S906U1,GPU
2026-04-22 23:15:34.966,70.124,26.955,21.704,1.253,1.253,6.765,5.108,0.119,false,20.211,NONE,14,0,sequential_yolo_pose,SM-S906U1,GPU
2026-04-22 23:15:35.030,58.107,21.763,21.040,0.813,0.834,4.693,5.459,0.090,false,20.234,NONE,14,0,sequential_yolo_pose,SM-S906U1,GPU
2026-04-22 23:15:35.093,59.597,20.510,21.426,1.448,1.877,4.761,5.469,0.097,false,20.223,NONE,14,0,sequential_yolo_pose,SM-S906U1,GPU
2026-04-22 23:15:35.156,59.194,22.086,22.223,1.151,1.659,4.116,4.738,0.079,false,20.254,NONE,14,0,sequential_yolo_pose,SM-S906U1,GPU
2026-04-22 23:15:35.219,59.380,21.227,21.814,1.011,0.892,6.291,4.781,0.082,false,14.270,NONE,14,0,sequential_yolo_pose,SM-S906U1,GPU
2026-04-22 23:15:35.282,58.674,23.889,20.762,0.441,0.788,4.918,4.768,0.092,false,20.215,NONE,14,0,sequential_yolo_pose,SM-S906U1,GPU
2026-04-22 23:15:35.346,60.845,20.018,22.140,0.905,1.241,7.234,5.519,0.069,false,20.207,NONE,14,0,sequential_yolo_pose,SM-S906U1,GPU
2026-04-22 23:15:35.398,49.115,15.680,20.711,0.497,0.812,4.439,4.764,0.112,false,37.059,NONE,14,0,sequential_yolo_pose,SM-S906U1,GPU
2026-04-22 23:15:35.458,56.535,19.593,21.457,2.151,0.972,4.225,4.912,0.104,false,17.137,NONE,14,0,sequential_yolo_pose,SM-S906U1,GPU
2026-04-22 23:15:35.520,57.870,21.001,22.365,0.586,0.895,5.025,4.891,0.099,false,20.230,NONE,14,0,sequential_yolo_pose,SM-S906U1,GPU
2026-04-22 23:15:35.585,60.373,22.373,22.352,0.532,2.066,4.774,4.872,0.096,false,20.215,NONE,14,0,sequential_yolo_pose,SM-S906U1,GPU
2026-04-22 23:15:35.653,64.885,20.778,22.503,1.124,1.696,9.737,5.035,0.090,false,14.328,NONE,14,0,sequential_yolo_pose,SM-S906U1,GPU
2026-04-22 23:15:35.717,58.987,21.147,22.242,0.942,0.842,5.856,5.133,0.082,false,20.309,NONE,14,0,sequential_yolo_pose,SM-S906U1,GPU
2026-04-22 23:15:35.778,57.277,21.324,20.251,0.716,1.042,5.419,5.554,0.098,false,20.289,NONE,16,0,sequential_yolo_pose,SM-S906U1,GPU
2026-04-22 23:15:35.843,60.188,21.871,21.899,1.055,0.917,5.188,5.588,0.110,false,20.184,NONE,16,0,sequential_yolo_pose,SM-S906U1,GPU
2026-04-22 23:15:35.918,69.796,22.447,22.440,0.608,1.033,5.401,14.628,0.097,false,37.160,NONE,16,0,sequential_yolo_pose,SM-S906U1,GPU
2026-04-22 23:15:35.982,53.938,16.984,20.479,0.526,1.155,5.254,5.292,0.090,false,30.231,NONE,16,0,sequential_yolo_pose,SM-S906U1,GPU
2026-04-22 23:15:36.044,58.041,19.291,21.877,0.796,1.211,5.923,6.296,0.102,false,17.211,NONE,16,0,sequential_yolo_pose,SM-S906U1,GPU
2026-04-22 23:15:36.104,55.510,19.563,21.221,1.118,0.836,4.232,5.381,0.110,false,20.191,NONE,16,0,sequential_yolo_pose,SM-S906U1,GPU
2026-04-22 23:15:36.165,56.266,20.297,21.398,0.489,0.869,5.245,5.141,0.106,false,37.231,NONE,16,0,sequential_yolo_pose,SM-S906U1,GPU
2026-04-22 23:15:36.230,60.915,24.489,20.898,0.527,0.934,5.500,5.256,0.114,false,17.180,NONE,16,0,sequential_yolo_pose,SM-S906U1,GPU
2026-04-22 23:15:36.296,60.675,24.905,21.763,0.447,0.592,3.848,5.366,0.093,false,20.223,NONE,16,0,sequential_yolo_pose,SM-S906U1,GPU
2026-04-22 23:15:36.353,52.888,16.910,20.889,0.504,0.859,5.689,5.202,0.090,false,37.137,NONE,16,0,sequential_yolo_pose,SM-S906U1,GPU
2026-04-22 23:15:36.428,69.977,23.320,21.285,0.677,2.126,9.840,9.080,0.109,false,29.703,NONE,16,0,sequential_yolo_pose,SM-S906U1,GPU
2026-04-22 23:15:36.506,71.572,32.812,21.109,0.579,1.041,6.130,5.792,0.146,false,20.223,NONE,16,0,sequential_yolo_pose,SM-S906U1,GPU
2026-04-22 23:15:36.581,69.039,28.148,22.301,0.562,1.009,5.042,8.306,0.093,false,20.223,NONE,16,0,sequential_yolo_pose,SM-S906U1,GPU
2026-04-22 23:15:36.644,57.959,20.981,21.011,0.645,1.152,5.406,5.492,0.118,false,20.105,NONE,16,0,sequential_yolo_pose,SM-S906U1,GPU
2026-04-22 23:15:36.715,65.334,22.555,24.599,1.070,0.989,5.920,6.784,0.081,false,20.184,NONE,16,0,sequential_yolo_pose,SM-S906U1,GPU
2026-04-22 23:15:36.776,56.341,19.441,22.487,0.670,0.876,4.673,5.191,0.094,false,20.160,NONE,15,0,sequential_yolo_pose,SM-S906U1,GPU
2026-04-22 23:15:36.846,64.435,20.008,23.947,0.841,5.733,4.769,6.103,0.095,false,20.219,NONE,15,0,sequential_yolo_pose,SM-S906U1,GPU
2026-04-22 23:15:36.905,54.512,20.774,20.855,0.559,0.531,3.700,5.179,0.080,false,20.246,NONE,15,0,sequential_yolo_pose,SM-S906U1,GPU
2026-04-22 23:15:36.971,59.092,18.103,20.665,0.977,1.449,8.775,5.563,0.129,false,37.223,NONE,15,0,sequential_yolo_pose,SM-S906U1,GPU
2026-04-22 23:15:37.044,61.838,21.943,21.028,0.548,0.961,6.210,6.048,0.108,false,29.645,NONE,15,0,sequential_yolo_pose,SM-S906U1,GPU
2026-04-22 23:15:37.112,62.312,20.338,24.497,0.738,1.098,5.964,6.171,0.120,false,29.645,NONE,15,0,sequential_yolo_pose,SM-S906U1,GPU
2026-04-22 23:15:37.183,65.353,28.851,21.833,0.567,0.861,4.267,4.985,0.087,false,17.156,NONE,15,0,sequential_yolo_pose,SM-S906U1,GPU
2026-04-22 23:15:37.242,55.270,18.727,22.194,0.673,0.875,4.583,5.163,0.094,false,20.219,NONE,15,0,sequential_yolo_pose,SM-S906U1,GPU
2026-04-22 23:15:37.318,69.893,19.559,23.570,0.796,1.498,6.682,11.063,0.161,false,20.258,NONE,15,0,sequential_yolo_pose,SM-S906U1,GPU
2026-04-22 23:15:37.395,69.576,29.634,24.039,0.540,0.866,4.524,5.288,0.087,false,20.250,NONE,15,0,sequential_yolo_pose,SM-S906U1,GPU
2026-04-22 23:15:37.450,50.594,15.340,20.972,0.548,0.789,5.345,5.116,0.086,false,20.258,NONE,15,0,sequential_yolo_pose,SM-S906U1,GPU
2026-04-22 23:15:37.515,60.194,21.026,23.052,0.543,0.582,5.665,6.271,0.096,false,20.242,NONE,15,0,sequential_yolo_pose,SM-S906U1,GPU
2026-04-22 23:15:37.578,58.175,18.191,23.960,0.773,0.901,6.575,5.170,0.092,false,20.316,NONE,15,0,sequential_yolo_pose,SM-S906U1,GPU
2026-04-22 23:15:37.658,73.352,26.702,21.417,0.933,2.567,12.659,5.502,0.094,false,20.289,NONE,15,0,sequential_yolo_pose,SM-S906U1,GPU
2026-04-22 23:15:37.727,62.985,24.922,21.914,0.815,0.968,5.564,4.991,0.115,false,20.191,NONE,15,0,sequential_yolo_pose,SM-S906U1,GPU
2026-04-22 23:15:37.794,62.032,23.321,23.652,0.612,0.842,4.597,5.407,0.088,false,20.227,NONE,15,0,sequential_yolo_pose,SM-S906U1,GPU
2026-04-22 23:15:37.858,58.276,20.308,21.419,0.676,0.895,6.538,5.257,0.134,false,20.191,NONE,15,0,sequential_yolo_pose,SM-S906U1,GPU
2026-04-22 23:15:37.930,65.906,24.912,24.943,0.527,0.834,4.383,6.340,0.085,false,20.223,NONE,15,0,sequential_yolo_pose,SM-S906U1,GPU
2026-04-22 23:15:37.993,58.551,20.296,22.125,1.020,1.350,4.618,5.089,0.117,false,20.223,NONE,15,0,sequential_yolo_pose,SM-S906U1,GPU
2026-04-22 23:15:38.060,62.195,22.389,21.069,0.896,0.996,7.457,5.323,0.127,false,20.191,NONE,15,0,sequential_yolo_pose,SM-S906U1,GPU
2026-04-22 23:15:38.110,43.930,21.038,19.745,0.325,0.000,0.000,0.000,0.000,true,33.836,NONE,15,0,sequential_yolo_pose,SM-S906U1,GPU
2026-04-22 23:15:38.176,59.249,33.037,21.271,0.283,0.000,0.000,0.000,0.000,true,18.004,NONE,15,0,sequential_yolo_pose,SM-S906U1,GPU
2026-04-22 23:15:38.225,44.602,20.689,20.715,0.438,0.000,0.000,0.000,0.000,true,31.680,NONE,15,0,sequential_yolo_pose,SM-S906U1,GPU
2026-04-22 23:15:38.306,75.060,33.821,21.815,0.620,1.174,7.038,5.769,0.098,false,21.543,NONE,15,0,sequential_yolo_pose,SM-S906U1,GPU
2026-04-22 23:15:38.375,60.914,20.409,21.777,0.789,1.225,6.718,6.126,0.209,false,38.371,NONE,15,0,sequential_yolo_pose,SM-S906U1,GPU
2026-04-22 23:15:38.456,70.997,25.109,20.915,1.093,1.583,8.892,9.626,0.103,false,29.711,NONE,15,0,sequential_yolo_pose,SM-S906U1,GPU
2026-04-22 23:15:38.527,59.054,20.048,22.424,0.939,0.884,4.743,4.756,0.090,false,20.160,NONE,15,0,sequential_yolo_pose,SM-S906U1,GPU
2026-04-22 23:15:38.596,64.830,24.697,24.415,1.052,0.784,4.910,5.177,0.141,false,20.195,NONE,15,0,sequential_yolo_pose,SM-S906U1,GPU
2026-04-22 23:15:38.657,57.077,20.812,21.159,0.716,1.698,4.686,4.858,0.097,false,37.203,NONE,15,0,sequential_yolo_pose,SM-S906U1,GPU
2026-04-22 23:15:38.723,61.343,23.518,20.999,0.624,1.369,5.100,4.758,0.083,false,21.766,NONE,15,0,sequential_yolo_pose,SM-S906U1,GPU
2026-04-22 23:15:38.789,63.132,17.708,21.454,0.372,0.963,7.627,11.335,0.136,false,13.328,NONE,15,0,sequential_yolo_pose,SM-S906U1,GPU
2026-04-22 23:15:38.854,60.263,21.010,21.086,0.698,0.901,5.863,5.294,0.093,false,20.219,NONE,15,0,sequential_yolo_pose,SM-S906U1,GPU
2026-04-22 23:15:38.917,59.293,21.519,20.907,1.206,0.888,5.257,6.222,0.090,false,20.297,NONE,15,0,sequential_yolo_pose,SM-S906U1,GPU
2026-04-22 23:15:38.983,61.763,23.960,21.263,0.883,0.898,5.270,5.685,0.087,false,20.254,NONE,15,0,sequential_yolo_pose,SM-S906U1,GPU
2026-04-22 23:15:39.043,56.491,18.726,21.581,0.462,0.817,4.217,6.653,0.116,false,37.168,NONE,15,0,sequential_yolo_pose,SM-S906U1,GPU
2026-04-22 23:15:39.118,64.844,19.606,20.721,0.806,1.226,9.239,8.757,0.087,false,30.156,NONE,15,0,sequential_yolo_pose,SM-S906U1,GPU
2026-04-22 23:15:39.180,58.360,21.548,20.931,0.853,1.007,4.766,5.823,0.088,false,29.426,NONE,15,0,sequential_yolo_pose,SM-S906U1,GPU
2026-04-22 23:15:39.242,57.465,22.678,21.251,0.408,0.685,3.361,5.898,0.091,false,20.234,NONE,15,0,sequential_yolo_pose,SM-S906U1,GPU
2026-04-22 23:15:39.302,54.959,18.584,20.900,0.573,1.014,4.995,5.755,0.099,false,20.227,NONE,15,0,sequential_yolo_pose,SM-S906U1,GPU
2026-04-22 23:15:39.367,60.454,22.087,22.082,0.652,0.731,3.895,6.990,0.084,false,20.223,NONE,15,0,sequential_yolo_pose,SM-S906U1,GPU
2026-04-22 23:15:39.427,54.864,19.917,20.916,0.575,0.810,4.052,4.986,0.079,false,37.137,NONE,15,0,sequential_yolo_pose,SM-S906U1,GPU
2026-04-22 23:15:39.489,56.591,18.994,21.320,0.504,0.897,5.062,4.861,0.086,false,30.121,NONE,15,0,sequential_yolo_pose,SM-S906U1,GPU
2026-04-22 23:15:39.557,63.497,21.264,21.628,1.326,3.180,7.079,5.218,0.145,false,20.164,NONE,15,0,sequential_yolo_pose,SM-S906U1,GPU
2026-04-22 23:15:39.626,63.538,26.065,21.140,1.040,1.003,4.996,4.942,0.090,false,20.133,NONE,15,0,sequential_yolo_pose,SM-S906U1,GPU
2026-04-22 23:15:39.700,68.800,25.251,22.379,1.016,1.663,8.335,6.508,0.150,false,37.078,NONE,15,0,sequential_yolo_pose,SM-S906U1,GPU
2026-04-22 23:15:39.771,63.582,20.993,22.315,0.597,0.966,5.806,5.597,0.116,false,21.906,NONE,15,0,sequential_yolo_pose,SM-S906U1,GPU
2026-04-22 23:15:39.837,57.430,21.110,21.054,0.522,0.886,5.127,5.449,0.087,false,38.914,NONE,16,0,sequential_yolo_pose,SM-S906U1,GPU
2026-04-22 23:15:39.899,56.002,19.085,20.705,0.430,0.691,3.697,6.301,0.139,false,29.707,NONE,16,0,sequential_yolo_pose,SM-S906U1,GPU
2026-04-22 23:15:39.978,60.947,21.150,21.774,1.428,0.937,4.724,5.762,0.090,false,20.160,NONE,16,0,sequential_yolo_pose,SM-S906U1,GPU
2026-04-22 23:15:40.037,54.659,18.936,21.819,0.425,0.771,4.225,5.593,0.089,false,37.137,NONE,16,0,sequential_yolo_pose,SM-S906U1,GPU
2026-04-22 23:15:40.109,66.358,30.767,21.526,0.531,0.983,3.989,5.076,0.089,false,21.855,NONE,16,0,sequential_yolo_pose,SM-S906U1,GPU
2026-04-22 23:15:40.177,59.609,18.545,21.631,0.679,0.817,5.288,9.362,0.166,false,38.676,NONE,16,0,sequential_yolo_pose,SM-S906U1,GPU
2026-04-22 23:15:40.252,67.096,27.518,21.701,0.615,1.031,4.900,8.203,0.119,false,29.555,NONE,16,0,sequential_yolo_pose,SM-S906U1,GPU
2026-04-22 23:15:40.319,62.305,22.870,22.516,0.909,0.816,5.926,5.472,0.092,false,20.195,NONE,16,0,sequential_yolo_pose,SM-S906U1,GPU
2026-04-22 23:15:40.385,61.914,21.374,20.519,0.493,0.517,3.503,6.060,0.300,false,37.203,NONE,16,0,sequential_yolo_pose,SM-S906U1,GPU
2026-04-22 23:15:40.461,68.022,30.284,21.343,0.793,1.032,4.796,5.568,0.115,false,30.141,NONE,16,0,sequential_yolo_pose,SM-S906U1,GPU
2026-04-22 23:15:40.528,61.951,23.653,22.952,0.914,0.781,4.714,4.790,0.161,false,20.156,NONE,16,0,sequential_yolo_pose,SM-S906U1,GPU
2026-04-22 23:15:40.588,55.599,19.768,20.892,0.389,1.063,5.665,4.761,0.145,false,37.195,NONE,16,0,sequential_yolo_pose,SM-S906U1,GPU
2026-04-22 23:15:40.650,56.677,22.248,20.874,0.393,0.709,3.619,5.980,0.079,false,17.168,NONE,16,0,sequential_yolo_pose,SM-S906U1,GPU
2026-04-22 23:15:40.715,60.503,19.608,21.739,1.632,1.276,5.062,7.243,0.091,false,20.223,NONE,16,0,sequential_yolo_pose,SM-S906U1,GPU
2026-04-22 23:15:40.778,58.243,19.252,23.666,0.983,1.906,3.941,5.610,0.093,false,37.137,NONE,16,0,sequential_yolo_pose,SM-S906U1,GPU
2026-04-22 23:15:40.839,55.847,19.425,21.541,0.523,0.938,4.608,5.732,0.080,false,17.227,NONE,15,0,sequential_yolo_pose,SM-S906U1,GPU
2026-04-22 23:15:40.904,61.634,25.388,21.731,0.961,0.698,3.680,5.121,0.107,false,20.133,NONE,15,0,sequential_yolo_pose,SM-S906U1,GPU
2026-04-22 23:15:40.965,57.007,20.002,20.878,0.883,0.958,5.377,5.637,0.121,false,37.078,NONE,15,0,sequential_yolo_pose,SM-S906U1,GPU
2026-04-22 23:15:41.038,65.716,26.757,21.299,0.681,0.962,4.974,5.790,0.078,false,21.883,NONE,15,0,sequential_yolo_pose,SM-S906U1,GPU
2026-04-22 23:15:41.098,55.807,19.489,21.473,0.461,0.644,3.716,7.125,0.114,false,38.828,NONE,15,0,sequential_yolo_pose,SM-S906U1,GPU
2026-04-22 23:15:41.169,65.294,23.422,21.124,0.694,1.154,6.011,7.932,0.117,false,29.711,NONE,15,0,sequential_yolo_pose,SM-S906U1,GPU
2026-04-22 23:15:41.245,64.068,21.749,23.512,0.615,1.058,7.365,5.898,0.193,false,29.391,NONE,15,0,sequential_yolo_pose,SM-S906U1,GPU
2026-04-22 23:15:41.316,64.629,26.872,21.791,0.592,1.329,4.443,5.789,0.135,false,20.195,NONE,15,0,sequential_yolo_pose,SM-S906U1,GPU
2026-04-22 23:15:41.383,61.875,21.874,20.757,0.637,1.059,6.878,7.572,0.091,false,20.227,NONE,15,0,sequential_yolo_pose,SM-S906U1,GPU
2026-04-22 23:15:41.449,62.688,16.944,22.106,0.866,0.963,6.307,12.502,0.084,false,20.227,NONE,15,0,sequential_yolo_pose,SM-S906U1,GPU
2026-04-22 23:15:41.510,56.227,19.307,21.502,0.878,1.469,4.382,5.254,0.092,false,20.223,NONE,15,0,sequential_yolo_pose,SM-S906U1,GPU
2026-04-22 23:15:41.572,57.826,20.831,20.851,0.496,0.835,4.815,6.926,0.096,false,37.137,NONE,15,0,sequential_yolo_pose,SM-S906U1,GPU
2026-04-22 23:15:41.650,73.508,32.995,23.927,0.606,0.833,6.081,4.898,0.094,false,21.988,NONE,15,0,sequential_yolo_pose,SM-S906U1,GPU
2026-04-22 23:15:41.713,59.361,20.246,22.293,1.272,0.960,6.178,5.054,0.116,false,38.871,NONE,15,0,sequential_yolo_pose,SM-S906U1,GPU
2026-04-22 23:15:41.781,61.494,25.581,20.842,0.654,0.956,4.131,5.497,0.127,false,29.637,NONE,15,0,sequential_yolo_pose,SM-S906U1,GPU
2026-04-22 23:15:41.849,62.624,20.887,21.054,3.448,1.147,4.858,6.865,0.072,false,20.250,NONE,15,0,sequential_yolo_pose,SM-S906U1,GPU
2026-04-22 23:15:41.908,55.482,16.081,22.135,1.002,1.059,6.213,5.782,0.091,false,37.258,NONE,15,0,sequential_yolo_pose,SM-S906U1,GPU
2026-04-22 23:15:41.976,62.463,23.295,23.146,0.748,1.104,5.299,5.546,0.096,false,17.137,NONE,15,0,sequential_yolo_pose,SM-S906U1,GPU
2026-04-22 23:15:42.042,60.591,22.412,22.887,0.610,0.882,5.123,5.061,0.110,false,20.211,NONE,15,0,sequential_yolo_pose,SM-S906U1,GPU
2026-04-22 23:15:42.108,60.112,21.878,21.802,1.421,1.239,4.571,5.130,0.111,false,20.211,NONE,15,0,sequential_yolo_pose,SM-S906U1,GPU
2026-04-22 23:15:42.170,57.298,18.964,21.104,1.860,0.929,5.246,5.915,0.132,false,37.094,NONE,15,0,sequential_yolo_pose,SM-S906U1,GPU
2026-04-22 23:15:42.248,71.508,28.024,24.150,0.668,1.045,4.829,7.163,0.109,false,21.906,NONE,15,0,sequential_yolo_pose,SM-S906U1,GPU
2026-04-22 23:15:42.309,57.338,21.031,21.217,0.474,0.951,4.065,6.286,0.093,false,38.945,NONE,15,0,sequential_yolo_pose,SM-S906U1,GPU
2026-04-22 23:15:42.383,61.142,23.011,22.700,0.613,0.905,4.839,5.679,0.093,false,20.191,NONE,15,0,sequential_yolo_pose,SM-S906U1,GPU
2026-04-22 23:15:42.444,56.266,19.351,21.784,0.934,0.996,4.662,5.321,0.087,false,20.289,NONE,15,0,sequential_yolo_pose,SM-S906U1,GPU
2026-04-22 23:15:42.506,57.141,19.397,20.551,1.066,1.005,5.398,6.040,0.117,false,20.176,NONE,15,0,sequential_yolo_pose,SM-S906U1,GPU
2026-04-22 23:15:42.571,55.480,20.053,21.529,0.596,0.610,3.609,5.615,0.128,false,37.153,NONE,15,0,sequential_yolo_pose,SM-S906U1,GPU
2026-04-22 23:15:42.629,45.722,20.454,22.441,0.264,0.000,0.000,0.000,0.000,true,13.730,NONE,15,0,sequential_yolo_pose,SM-S906U1,GPU
2026-04-22 23:15:42.682,48.340,23.312,22.265,0.423,0.000,0.000,0.000,0.000,true,16.793,NONE,15,0,sequential_yolo_pose,SM-S906U1,GPU
2026-04-22 23:15:42.737,50.002,20.958,26.198,0.329,0.000,0.000,0.000,0.000,true,30.469,NONE,15,0,sequential_yolo_pose,SM-S906U1,GPU
2026-04-22 23:15:42.793,52.350,18.575,21.741,0.453,0.556,2.923,5.360,0.094,false,16.781,NONE,15,0,sequential_yolo_pose,SM-S906U1,GPU
2026-04-22 23:15:42.857,58.936,21.111,22.174,0.605,1.385,4.529,5.630,0.091,false,20.246,NONE,16,0,sequential_yolo_pose,SM-S906U1,GPU
2026-04-22 23:15:42.919,57.397,20.189,20.960,0.829,0.864,4.636,4.916,0.093,false,20.227,NONE,16,0,sequential_yolo_pose,SM-S906U1,GPU
2026-04-22 23:15:42.984,60.031,20.372,21.076,0.440,1.057,4.656,9.051,0.128,false,37.235,NONE,16,0,sequential_yolo_pose,SM-S906U1,GPU
2026-04-22 23:15:43.049,59.319,20.306,20.908,0.717,1.209,5.507,6.536,0.174,false,30.141,NONE,16,0,sequential_yolo_pose,SM-S906U1,GPU
2026-04-22 23:15:43.121,66.763,27.723,23.392,1.017,0.839,5.301,4.829,0.082,false,20.242,NONE,16,0,sequential_yolo_pose,SM-S906U1,GPU
2026-04-22 23:15:43.186,60.732,22.812,21.666,1.065,2.231,3.600,6.355,0.079,false,20.223,NONE,16,0,sequential_yolo_pose,SM-S906U1,GPU
2026-04-22 23:15:43.250,59.367,20.893,22.317,0.613,1.168,4.234,6.742,0.274,false,20.223,NONE,16,0,sequential_yolo_pose,SM-S906U1,GPU
2026-04-22 23:15:43.326,70.031,22.748,23.034,0.628,10.004,3.978,5.409,0.094,false,20.285,NONE,16,0,sequential_yolo_pose,SM-S906U1,GPU
2026-04-22 23:15:43.386,55.979,18.999,20.860,0.651,1.033,5.491,5.645,0.163,false,37.137,NONE,16,0,sequential_yolo_pose,SM-S906U1,GPU
2026-04-22 23:15:43.461,66.802,25.567,21.211,3.393,1.157,4.945,5.468,0.114,false,17.191,NONE,16,0,sequential_yolo_pose,SM-S906U1,GPU
2026-04-22 23:15:43.527,60.998,20.621,21.045,2.801,1.249,5.812,5.314,0.117,false,20.102,NONE,16,0,sequential_yolo_pose,SM-S906U1,GPU
2026-04-22 23:15:43.590,58.719,19.868,21.769,0.510,1.101,6.170,6.176,0.092,false,37.235,NONE,16,0,sequential_yolo_pose,SM-S906U1,GPU
2026-04-22 23:15:43.654,59.146,20.893,21.100,0.460,0.891,6.433,4.720,0.076,false,17.141,NONE,16,0,sequential_yolo_pose,SM-S906U1,GPU
2026-04-22 23:15:43.718,60.130,20.047,22.131,0.548,0.908,8.724,4.862,0.100,false,20.262,NONE,16,0,sequential_yolo_pose,SM-S906U1,GPU
2026-04-22 23:15:43.785,60.957,21.683,21.231,1.526,2.236,4.520,4.936,0.091,false,20.254,NONE,16,0,sequential_yolo_pose,SM-S906U1,GPU
2026-04-22 23:15:43.847,57.981,19.560,20.645,0.540,1.171,6.194,6.826,0.104,false,37.231,NONE,16,0,sequential_yolo_pose,SM-S906U1,GPU
2026-04-22 23:15:43.919,64.825,23.779,21.920,0.522,1.107,7.520,6.142,0.164,false,30.082,NONE,15,0,sequential_yolo_pose,SM-S906U1,GPU
2026-04-22 23:15:43.991,65.783,24.676,23.027,4.073,0.854,4.116,5.313,0.090,false,20.258,NONE,15,0,sequential_yolo_pose,SM-S906U1,GPU
2026-04-22 23:15:44.054,57.188,18.952,21.844,3.095,0.853,4.820,4.768,0.077,false,20.191,NONE,15,0,sequential_yolo_pose,SM-S906U1,GPU
2026-04-22 23:15:44.116,57.828,20.414,21.575,0.791,0.875,4.322,6.933,0.087,false,20.230,NONE,15,0,sequential_yolo_pose,SM-S906U1,GPU
2026-04-22 23:15:44.180,59.748,20.167,22.050,0.664,1.172,5.514,7.154,0.137,false,20.195,NONE,15,0,sequential_yolo_pose,SM-S906U1,GPU
2026-04-22 23:15:44.252,65.434,23.000,20.901,2.803,1.081,7.059,5.455,0.102,false,20.164,NONE,15,0,sequential_yolo_pose,SM-S906U1,GPU
2026-04-22 23:15:44.311,55.262,18.319,21.809,0.784,0.953,4.615,6.131,0.090,false,37.235,NONE,15,0,sequential_yolo_pose,SM-S906U1,GPU
2026-04-22 23:15:44.379,64.588,29.694,20.893,0.620,1.111,3.992,5.025,0.083,false,17.098,NONE,15,0,sequential_yolo_pose,SM-S906U1,GPU
2026-04-22 23:15:44.450,63.433,24.623,21.319,0.821,0.851,5.922,5.088,0.093,false,20.176,NONE,15,0,sequential_yolo_pose,SM-S906U1,GPU
2026-04-22 23:15:44.522,64.490,24.645,23.348,0.378,1.117,6.476,5.231,0.123,false,37.090,NONE,15,0,sequential_yolo_pose,SM-S906U1,GPU
2026-04-22 23:15:44.595,64.986,26.868,20.334,1.029,0.986,4.152,6.058,0.084,false,20.230,NONE,15,0,sequential_yolo_pose,SM-S906U1,GPU
2026-04-22 23:15:44.662,60.868,21.282,23.323,1.724,1.016,5.316,4.975,0.095,false,20.230,NONE,15,0,sequential_yolo_pose,SM-S906U1,GPU
2026-04-22 23:15:44.726,59.878,20.101,22.015,1.617,1.033,5.728,5.520,0.091,false,20.223,NONE,15,0,sequential_yolo_pose,SM-S906U1,GPU
2026-04-22 23:15:44.787,56.639,20.905,22.173,0.542,0.834,4.418,4.828,0.095,false,37.168,NONE,15,0,sequential_yolo_pose,SM-S906U1,GPU
2026-04-22 23:15:44.852,59.890,21.008,22.495,0.834,0.892,5.480,6.236,0.085,false,17.199,NONE,15,0,sequential_yolo_pose,SM-S906U1,GPU
2026-04-22 23:15:44.920,62.588,22.168,22.692,1.126,2.534,6.083,4.657,0.095,false,20.199,NONE,16,0,sequential_yolo_pose,SM-S906U1,GPU
2026-04-22 23:15:44.982,56.994,20.846,20.364,0.903,0.911,5.539,5.167,0.118,false,37.113,NONE,16,0,sequential_yolo_pose,SM-S906U1,GPU
2026-04-22 23:15:45.047,59.465,23.745,21.144,0.605,0.915,4.437,5.111,0.108,false,17.102,NONE,16,0,sequential_yolo_pose,SM-S906U1,GPU
2026-04-22 23:15:45.113,58.549,21.991,21.607,0.734,0.976,3.878,5.278,0.089,false,20.207,NONE,16,0,sequential_yolo_pose,SM-S906U1,GPU
2026-04-22 23:15:45.176,58.215,19.093,24.120,0.653,0.923,3.853,6.213,0.404,false,20.191,NONE,16,0,sequential_yolo_pose,SM-S906U1,GPU
2026-04-22 23:15:45.240,56.507,20.398,22.190,0.658,0.665,3.607,5.659,0.082,false,20.188,NONE,16,0,sequential_yolo_pose,SM-S906U1,GPU
2026-04-22 23:15:45.298,52.937,19.188,20.558,0.547,0.843,4.212,4.918,0.088,false,37.164,NONE,16,0,sequential_yolo_pose,SM-S906U1,GPU
2026-04-22 23:15:45.385,76.983,26.596,24.114,0.595,1.098,5.886,13.115,0.084,false,30.211,NONE,16,0,sequential_yolo_pose,SM-S906U1,GPU
2026-04-22 23:15:45.453,60.582,20.066,21.239,0.648,0.975,6.551,7.846,0.164,false,29.356,NONE,16,0,sequential_yolo_pose,SM-S906U1,GPU
2026-04-22 23:15:45.531,68.207,30.597,21.809,0.611,0.852,5.099,5.259,0.116,false,29.676,NONE,16,0,sequential_yolo_pose,SM-S906U1,GPU
2026-04-22 23:15:45.597,55.503,20.969,20.513,0.657,0.858,3.728,4.902,0.080,false,29.649,NONE,16,0,sequential_yolo_pose,SM-S906U1,GPU
2026-04-22 23:15:45.665,62.351,20.946,21.025,0.643,0.542,3.260,11.015,0.089,false,20.277,NONE,16,0,sequential_yolo_pose,SM-S906U1,GPU
2026-04-22 23:15:45.726,54.069,15.125,21.064,0.478,0.548,7.898,5.905,0.169,false,14.176,NONE,16,0,sequential_yolo_pose,SM-S906U1,GPU
2026-04-22 23:15:45.795,62.318,24.407,22.699,0.754,0.896,4.430,5.587,0.121,false,20.227,NONE,16,0,sequential_yolo_pose,SM-S906U1,GPU
2026-04-22 23:15:45.864,63.539,23.924,22.928,1.152,0.952,5.695,5.086,0.082,false,20.168,NONE,16,0,sequential_yolo_pose,SM-S906U1,GPU
2026-04-22 23:15:45.928,57.723,19.073,21.707,0.777,1.112,5.368,6.385,0.132,false,37.207,NONE,15,0,sequential_yolo_pose,SM-S906U1,GPU
2026-04-22 23:15:45.994,58.355,21.166,22.007,0.614,0.859,4.586,6.041,0.115,false,29.649,NONE,15,0,sequential_yolo_pose,SM-S906U1,GPU
2026-04-22 23:15:46.062,61.449,22.799,21.888,1.178,0.848,4.692,5.871,0.102,false,20.137,NONE,15,0,sequential_yolo_pose,SM-S906U1,GPU
2026-04-22 23:15:46.121,52.070,17.766,21.625,0.658,0.553,3.113,5.438,0.088,false,37.113,NONE,15,0,sequential_yolo_pose,SM-S906U1,GPU
2026-04-22 23:15:46.187,59.032,22.262,21.596,0.574,1.063,4.658,5.005,0.110,false,28.609,NONE,15,0,sequential_yolo_pose,SM-S906U1,GPU
2026-04-22 23:15:46.250,55.456,19.376,20.426,0.547,0.485,3.401,6.381,0.089,false,29.652,NONE,15,0,sequential_yolo_pose,SM-S906U1,GPU
2026-04-22 23:15:46.316,52.882,15.381,20.546,0.622,0.620,5.386,7.565,0.091,false,20.289,NONE,15,0,sequential_yolo_pose,SM-S906U1,GPU
2026-04-22 23:15:46.393,71.416,21.163,20.979,0.519,0.659,5.357,19.416,0.097,false,13.387,NONE,15,0,sequential_yolo_pose,SM-S906U1,GPU
2026-04-22 23:15:46.460,60.484,21.331,21.167,1.369,1.665,4.182,5.062,0.110,false,20.215,NONE,15,0,sequential_yolo_pose,SM-S906U1,GPU
2026-04-22 23:15:46.519,55.329,19.352,20.684,0.865,0.864,4.950,5.302,0.094,false,20.254,NONE,15,0,sequential_yolo_pose,SM-S906U1,GPU
2026-04-22 23:15:46.586,62.820,20.760,20.965,0.819,1.086,9.202,6.671,0.081,false,37.262,NONE,15,0,sequential_yolo_pose,SM-S906U1,GPU
2026-04-22 23:15:46.658,65.888,23.764,23.636,1.495,1.628,5.773,5.617,0.128,false,20.148,NONE,15,0,sequential_yolo_pose,SM-S906U1,GPU
2026-04-22 23:15:46.734,69.555,29.796,22.452,1.291,1.074,5.269,5.041,0.081,false,20.164,NONE,15,0,sequential_yolo_pose,SM-S906U1,GPU
2026-04-22 23:15:46.794,57.004,19.043,21.738,0.509,0.679,5.920,6.131,0.095,false,37.078,NONE,15,0,sequential_yolo_pose,SM-S906U1,GPU
2026-04-22 23:15:46.865,65.786,27.213,20.695,0.421,0.764,4.508,5.598,0.081,false,30.149,NONE,15,0,sequential_yolo_pose,SM-S906U1,GPU
2026-04-22 23:15:46.931,61.868,22.357,22.952,0.977,0.936,4.923,5.921,0.123,false,20.262,NONE,15,0,sequential_yolo_pose,SM-S906U1,GPU
2026-04-22 23:15:47.001,64.149,25.839,21.829,0.753,1.032,5.140,5.496,0.277,false,37.113,NONE,15,0,sequential_yolo_pose,SM-S906U1,GPU
2026-04-22 23:15:47.068,49.636,21.787,24.259,0.403,0.000,0.000,0.000,0.000,true,16.852,NONE,15,0,sequential_yolo_pose,SM-S906U1,GPU
2026-04-22 23:15:47.113,41.911,17.194,20.803,0.407,0.000,0.000,0.000,0.000,true,30.527,NONE,15,0,sequential_yolo_pose,SM-S906U1,GPU
2026-04-22 23:15:47.169,51.729,21.619,27.095,0.413,0.000,0.000,0.000,0.000,true,18.492,NONE,15,0,sequential_yolo_pose,SM-S906U1,GPU
2026-04-22 23:15:47.219,45.824,19.915,21.930,0.725,0.000,0.000,0.000,0.000,true,32.137,NONE,15,0,sequential_yolo_pose,SM-S906U1,GPU
2026-04-22 23:15:47.284,59.059,23.579,20.956,0.452,0.943,4.416,5.103,0.093,false,16.676,NONE,15,0,sequential_yolo_pose,SM-S906U1,GPU
2026-04-22 23:15:47.337,49.929,21.217,23.027,1.266,0.000,0.000,0.000,0.000,true,16.797,NONE,15,0,sequential_yolo_pose,SM-S906U1,GPU
2026-04-22 23:15:47.389,43.859,18.724,21.154,0.537,0.000,0.000,0.000,0.000,true,30.566,NONE,15,0,sequential_yolo_pose,SM-S906U1,GPU
2026-04-22 23:15:47.456,62.877,34.267,24.363,0.368,0.000,0.000,0.000,0.000,true,18.145,NONE,15,0,sequential_yolo_pose,SM-S906U1,GPU
2026-04-22 23:15:47.508,46.158,22.579,20.532,0.516,0.000,0.000,0.000,0.000,true,31.664,NONE,15,0,sequential_yolo_pose,SM-S906U1,GPU
2026-04-22 23:15:47.568,52.560,26.558,22.091,0.384,0.000,0.000,0.000,0.000,true,13.312,NONE,15,0,sequential_yolo_pose,SM-S906U1,GPU
2026-04-22 23:15:47.618,46.259,18.958,20.961,0.806,0.000,0.000,0.000,0.000,true,16.855,NONE,15,0,sequential_yolo_pose,SM-S906U1,GPU
2026-04-22 23:15:47.673,51.701,18.809,20.362,0.491,0.572,3.134,4.977,0.079,false,33.801,NONE,15,0,sequential_yolo_pose,SM-S906U1,GPU
2026-04-22 23:15:47.735,52.633,19.608,20.854,0.558,0.613,3.512,4.922,0.134,false,30.059,NONE,15,0,sequential_yolo_pose,SM-S906U1,GPU
2026-04-22 23:15:47.796,56.776,16.762,21.730,0.937,2.225,3.910,4.919,0.091,false,20.168,NONE,15,0,sequential_yolo_pose,SM-S906U1,GPU
2026-04-22 23:15:47.863,62.323,20.924,25.827,0.692,1.204,5.020,5.563,0.084,false,37.207,NONE,15,0,sequential_yolo_pose,SM-S906U1,GPU
2026-04-22 23:15:47.928,61.303,25.302,22.022,0.506,0.840,4.086,5.559,0.086,false,21.895,NONE,17,0,sequential_yolo_pose,SM-S906U1,GPU
2026-04-22 23:15:47.993,60.315,19.657,22.272,1.138,2.974,5.863,5.271,0.098,false,38.809,NONE,17,0,sequential_yolo_pose,SM-S906U1,GPU
2026-04-22 23:15:48.058,57.807,17.994,22.014,0.513,1.078,5.202,4.991,0.121,false,29.649,NONE,17,0,sequential_yolo_pose,SM-S906U1,GPU
2026-04-22 23:15:48.127,64.073,28.011,21.921,0.758,0.852,3.968,4.931,0.089,false,21.926,NONE,17,0,sequential_yolo_pose,SM-S906U1,GPU
2026-04-22 23:15:48.201,67.556,28.267,22.041,0.599,0.859,6.059,5.481,0.130,false,38.871,NONE,17,0,sequential_yolo_pose,SM-S906U1,GPU
2026-04-22 23:15:48.276,66.062,22.251,23.236,0.745,1.178,5.927,7.056,0.128,false,29.707,NONE,17,0,sequential_yolo_pose,SM-S906U1,GPU
2026-04-22 23:15:48.349,62.491,23.420,23.233,1.298,0.825,4.440,5.746,0.083,false,20.230,NONE,17,0,sequential_yolo_pose,SM-S906U1,GPU
2026-04-22 23:15:48.421,66.585,19.957,26.859,1.043,1.516,9.241,4.914,0.090,false,20.258,NONE,17,0,sequential_yolo_pose,SM-S906U1,GPU
2026-04-22 23:15:48.486,60.312,21.146,21.412,0.816,1.087,6.641,5.944,0.110,false,37.203,NONE,17,0,sequential_yolo_pose,SM-S906U1,GPU
2026-04-22 23:15:48.555,62.573,23.255,22.296,0.732,1.275,4.344,4.608,0.099,false,20.219,NONE,17,0,sequential_yolo_pose,SM-S906U1,GPU
2026-04-22 23:15:48.622,62.648,22.922,21.403,1.064,1.343,6.831,5.171,0.127,false,14.270,NONE,17,0,sequential_yolo_pose,SM-S906U1,GPU
2026-04-22 23:15:48.700,69.618,19.500,20.430,1.591,0.964,11.402,12.582,0.151,false,31.246,NONE,17,0,sequential_yolo_pose,SM-S906U1,GPU
2026-04-22 23:15:48.761,51.510,16.829,22.049,0.818,0.628,3.343,4.743,0.074,false,20.152,NONE,17,0,sequential_yolo_pose,SM-S906U1,GPU
2026-04-22 23:15:48.822,57.083,18.982,20.873,1.554,0.994,6.968,4.965,0.083,false,37.223,NONE,17,0,sequential_yolo_pose,SM-S906U1,GPU
2026-04-22 23:15:48.887,59.075,22.865,21.505,0.733,0.927,4.557,4.809,0.066,false,21.824,NONE,17,0,sequential_yolo_pose,SM-S906U1,GPU
2026-04-22 23:15:48.951,60.844,21.416,22.683,0.741,0.813,7.118,5.426,0.072,false,38.801,NONE,14,0,sequential_yolo_pose,SM-S906U1,GPU
2026-04-22 23:15:49.025,68.570,27.602,21.647,1.330,1.975,6.711,5.437,0.081,false,29.641,NONE,14,0,sequential_yolo_pose,SM-S906U1,GPU
2026-04-22 23:15:49.092,62.436,27.002,21.365,0.875,1.007,4.040,4.767,0.070,false,21.828,NONE,14,0,sequential_yolo_pose,SM-S906U1,GPU
2026-04-22 23:15:49.168,72.195,25.978,21.309,2.735,1.620,9.798,6.348,0.152,false,38.774,NONE,14,0,sequential_yolo_pose,SM-S906U1,GPU
2026-04-22 23:15:49.256,70.709,31.723,23.328,0.838,1.535,4.497,4.900,0.071,false,29.613,NONE,14,0,sequential_yolo_pose,SM-S906U1,GPU
2026-04-22 23:15:49.322,62.881,20.505,22.490,2.744,3.616,4.126,4.996,0.069,false,20.199,NONE,14,0,sequential_yolo_pose,SM-S906U1,GPU
2026-04-22 23:15:49.385,57.850,19.192,21.896,3.845,0.616,3.458,5.471,0.062,false,20.090,NONE,14,0,sequential_yolo_pose,SM-S906U1,GPU
2026-04-22 23:15:49.445,56.807,19.660,20.125,0.816,0.868,5.622,7.017,0.064,false,37.192,NONE,14,0,sequential_yolo_pose,SM-S906U1,GPU
2026-04-22 23:15:49.511,61.232,20.331,22.458,1.267,1.544,6.188,6.035,0.125,false,21.926,NONE,14,0,sequential_yolo_pose,SM-S906U1,GPU
2026-04-22 23:15:49.590,72.083,35.297,20.911,0.723,0.882,4.514,5.170,0.061,false,38.871,NONE,14,0,sequential_yolo_pose,SM-S906U1,GPU
2026-04-22 23:15:49.652,57.486,20.554,21.064,0.984,0.959,4.176,5.632,0.066,false,20.242,NONE,14,0,sequential_yolo_pose,SM-S906U1,GPU
2026-04-22 23:15:49.718,62.607,21.797,21.672,1.264,1.205,7.073,6.323,0.082,false,20.289,NONE,14,0,sequential_yolo_pose,SM-S906U1,GPU
2026-04-22 23:15:49.785,62.653,20.558,22.454,0.851,1.819,5.735,8.143,0.074,false,20.285,NONE,14,0,sequential_yolo_pose,SM-S906U1,GPU
2026-04-22 23:15:49.852,63.366,22.961,21.266,1.178,0.863,4.038,8.820,0.067,false,20.273,NONE,14,0,sequential_yolo_pose,SM-S906U1,GPU
2026-04-22 23:15:49.907,51.240,15.143,22.281,0.873,0.836,4.123,5.166,0.111,false,37.250,NONE,15,0,sequential_yolo_pose,SM-S906U1,GPU
2026-04-22 23:15:49.978,63.826,23.469,21.504,0.844,1.102,4.797,8.406,0.107,false,21.879,NONE,15,0,sequential_yolo_pose,SM-S906U1,GPU
2026-04-22 23:15:50.056,71.271,21.628,23.582,2.228,3.003,10.080,6.929,0.072,false,38.887,NONE,15,0,sequential_yolo_pose,SM-S906U1,GPU
2026-04-22 23:15:50.128,66.768,27.652,21.942,1.292,1.075,4.909,5.192,0.081,false,29.594,NONE,15,0,sequential_yolo_pose,SM-S906U1,GPU
2026-04-22 23:15:50.195,60.876,24.502,22.489,0.903,0.918,3.692,4.773,0.050,false,20.164,NONE,15,0,sequential_yolo_pose,SM-S906U1,GPU
2026-04-22 23:15:50.264,63.419,23.170,25.645,1.069,1.109,4.249,5.362,0.067,false,20.164,NONE,15,0,sequential_yolo_pose,SM-S906U1,GPU
2026-04-22 23:15:50.327,57.569,21.144,23.478,0.788,0.715,3.808,4.688,0.062,false,20.230,NONE,15,0,sequential_yolo_pose,SM-S906U1,GPU
2026-04-22 23:15:50.392,58.313,20.830,21.652,2.047,0.882,4.287,5.127,0.050,false,20.133,NONE,15,0,sequential_yolo_pose,SM-S906U1,GPU
2026-04-22 23:15:50.449,53.862,19.594,19.955,0.703,0.887,4.579,5.385,0.082,false,37.078,NONE,15,0,sequential_yolo_pose,SM-S906U1,GPU
2026-04-22 23:15:50.511,57.712,22.985,21.169,0.730,0.871,3.748,5.076,0.055,false,21.863,NONE,15,0,sequential_yolo_pose,SM-S906U1,GPU
2026-04-22 23:15:50.572,56.523,18.868,20.933,0.678,0.546,5.080,7.439,0.107,false,38.778,NONE,15,0,sequential_yolo_pose,SM-S906U1,GPU
2026-04-22 23:15:50.642,61.294,23.212,20.925,0.721,0.833,4.351,5.853,0.068,false,29.617,NONE,15,0,sequential_yolo_pose,SM-S906U1,GPU
2026-04-22 23:15:50.700,54.583,19.805,21.173,0.708,0.831,3.741,5.195,0.045,false,21.895,NONE,15,0,sequential_yolo_pose,SM-S906U1,GPU
2026-04-22 23:15:50.756,51.287,15.743,21.010,1.005,0.970,5.094,5.059,0.076,false,38.778,NONE,15,0,sequential_yolo_pose,SM-S906U1,GPU
2026-04-22 23:15:50.823,62.601,25.172,21.649,1.065,0.915,5.032,5.159,0.052,false,29.586,NONE,15,0,sequential_yolo_pose,SM-S906U1,GPU
2026-04-22 23:15:50.882,55.781,18.812,22.199,1.228,0.975,4.454,5.049,0.062,false,16.730,NONE,15,0,sequential_yolo_pose,SM-S906U1,GPU
2026-04-22 23:15:50.948,61.821,20.755,25.856,1.385,0.829,3.984,5.534,0.062,false,20.305,NONE,16,0,sequential_yolo_pose,SM-S906U1,GPU
2026-04-22 23:15:51.012,60.684,21.614,23.170,1.398,0.982,4.361,5.240,0.085,false,20.230,NONE,16,0,sequential_yolo_pose,SM-S906U1,GPU
2026-04-22 23:15:51.075,58.810,22.187,20.935,0.840,1.026,4.868,5.575,0.088,false,37.145,NONE,16,0,sequential_yolo_pose,SM-S906U1,GPU
2026-04-22 23:15:51.144,58.476,21.018,20.356,0.909,0.946,4.828,6.589,0.047,false,30.180,NONE,16,0,sequential_yolo_pose,SM-S906U1,GPU
2026-04-22 23:15:51.210,60.080,20.613,21.189,0.548,0.857,4.768,7.840,0.104,false,29.395,NONE,16,0,sequential_yolo_pose,SM-S906U1,GPU
2026-04-22 23:15:51.284,66.380,24.041,20.564,1.172,1.098,6.608,5.932,0.120,false,29.617,NONE,16,0,sequential_yolo_pose,SM-S906U1,GPU
2026-04-22 23:15:51.354,64.466,23.553,22.405,0.643,1.294,7.681,5.475,0.064,false,17.172,NONE,16,0,sequential_yolo_pose,SM-S906U1,GPU
2026-04-22 23:15:51.414,56.988,18.927,23.132,0.468,0.846,4.975,5.618,0.070,false,20.195,NONE,16,0,sequential_yolo_pose,SM-S906U1,GPU
2026-04-22 23:15:51.479,59.692,20.121,21.576,1.260,1.031,4.705,7.241,0.076,false,20.227,NONE,16,0,sequential_yolo_pose,SM-S906U1,GPU
2026-04-22 23:15:51.554,69.064,22.133,21.466,0.791,1.345,13.397,6.176,0.075,false,37.141,NONE,16,0,sequential_yolo_pose,SM-S906U1,GPU
2026-04-22 23:15:51.612,51.797,25.045,21.011,0.351,0.000,0.000,0.000,0.000,true,18.559,NONE,16,0,sequential_yolo_pose,SM-S906U1,GPU
2026-04-22 23:15:51.662,45.258,19.786,22.536,0.353,0.000,0.000,0.000,0.000,true,32.180,NONE,16,0,sequential_yolo_pose,SM-S906U1,GPU
2026-04-22 23:15:51.728,58.904,30.057,23.198,0.363,0.000,0.000,0.000,0.000,true,18.086,NONE,16,0,sequential_yolo_pose,SM-S906U1,GPU
2026-04-22 23:15:51.789,54.122,28.160,21.102,0.234,0.000,0.000,0.000,0.000,true,31.699,NONE,16,0,sequential_yolo_pose,SM-S906U1,GPU
2026-04-22 23:15:51.840,47.876,24.071,20.879,0.253,0.000,0.000,0.000,0.000,true,18.070,NONE,16,0,sequential_yolo_pose,SM-S906U1,GPU
2026-04-22 23:15:51.899,55.316,28.612,23.484,0.486,0.000,0.000,0.000,0.000,true,31.684,NONE,16,0,sequential_yolo_pose,SM-S906U1,GPU
2026-04-22 23:15:51.971,67.466,30.919,20.977,0.553,0.929,4.405,4.894,0.063,false,21.570,NONE,16,0,sequential_yolo_pose,SM-S906U1,GPU
2026-04-22 23:15:52.035,58.219,21.431,21.600,0.517,0.960,5.250,5.230,0.081,false,38.422,NONE,16,0,sequential_yolo_pose,SM-S906U1,GPU
2026-04-22 23:15:52.113,64.848,21.789,21.479,0.586,1.076,6.132,9.099,0.064,false,29.680,NONE,16,0,sequential_yolo_pose,SM-S906U1,GPU
2026-04-22 23:15:52.168,47.472,22.998,20.712,0.391,0.000,0.000,0.000,0.000,true,25.293,NONE,16,0,sequential_yolo_pose,SM-S906U1,GPU
2026-04-22 23:15:52.220,45.970,21.276,21.220,0.397,0.000,0.000,0.000,0.000,true,38.883,NONE,16,0,sequential_yolo_pose,SM-S906U1,GPU
2026-04-22 23:15:52.286,62.405,35.901,21.871,0.773,0.000,0.000,0.000,0.000,true,18.461,NONE,16,0,sequential_yolo_pose,SM-S906U1,GPU
2026-04-22 23:15:52.337,45.428,20.644,21.326,0.521,0.000,0.000,0.000,0.000,true,32.168,NONE,16,0,sequential_yolo_pose,SM-S906U1,GPU
2026-04-22 23:15:52.391,50.096,25.945,20.674,0.399,0.000,0.000,0.000,0.000,true,17.965,NONE,16,0,sequential_yolo_pose,SM-S906U1,GPU
2026-04-22 23:15:52.447,51.318,27.931,20.410,0.409,0.000,0.000,0.000,0.000,true,31.703,NONE,16,0,sequential_yolo_pose,SM-S906U1,GPU
2026-04-22 23:15:52.504,51.760,24.113,24.126,0.454,0.000,0.000,0.000,0.000,true,18.152,NONE,16,0,sequential_yolo_pose,SM-S906U1,GPU
2026-04-22 23:15:52.573,61.714,22.813,22.398,0.560,0.822,3.868,6.918,0.081,false,35.067,NONE,16,0,sequential_yolo_pose,SM-S906U1,GPU
2026-04-22 23:15:52.629,46.409,21.286,21.736,0.371,0.000,0.000,0.000,0.000,true,18.504,NONE,16,0,sequential_yolo_pose,SM-S906U1,GPU
2026-04-22 23:15:52.683,48.964,23.709,21.365,0.375,0.000,0.000,0.000,0.000,true,32.219,NONE,16,0,sequential_yolo_pose,SM-S906U1,GPU
2026-04-22 23:15:52.748,60.689,21.756,24.379,0.978,1.008,4.121,5.526,0.094,false,21.492,NONE,16,0,sequential_yolo_pose,SM-S906U1,GPU
2026-04-22 23:15:52.810,56.717,16.996,22.265,0.682,0.840,5.006,6.666,0.086,false,38.406,NONE,16,0,sequential_yolo_pose,SM-S906U1,GPU
2026-04-22 23:15:52.881,61.526,17.121,22.421,0.520,1.674,7.545,7.970,0.075,false,29.738,NONE,16,0,sequential_yolo_pose,SM-S906U1,GPU
2026-04-22 23:15:52.942,54.262,20.056,20.560,0.368,0.853,3.612,5.802,0.045,false,16.742,NONE,16,0,sequential_yolo_pose,SM-S906U1,GPU
2026-04-22 23:15:53.000,53.226,18.353,21.731,0.436,0.995,4.010,4.945,0.064,false,20.266,NONE,16,0,sequential_yolo_pose,SM-S906U1,GPU
2026-04-22 23:15:53.064,60.388,20.975,23.179,0.893,0.973,4.570,6.074,0.090,false,20.227,NONE,16,0,sequential_yolo_pose,SM-S906U1,GPU
2026-04-22 23:15:53.125,57.204,19.398,20.345,0.698,1.150,5.943,6.252,0.069,false,37.172,NONE,16,0,sequential_yolo_pose,SM-S906U1,GPU
2026-04-22 23:15:53.194,63.088,23.394,24.505,0.587,1.043,4.865,5.036,0.075,false,21.859,NONE,16,0,sequential_yolo_pose,SM-S906U1,GPU
2026-04-22 23:15:53.264,65.692,21.120,21.188,5.384,2.495,6.277,5.542,0.075,false,38.742,NONE,16,0,sequential_yolo_pose,SM-S906U1,GPU
2026-04-22 23:15:53.335,61.413,22.278,21.327,0.495,0.592,2.825,4.894,0.059,false,20.121,NONE,16,0,sequential_yolo_pose,SM-S906U1,GPU
2026-04-22 23:15:53.397,58.073,22.254,20.663,0.785,0.885,4.052,4.910,0.055,false,20.105,NONE,16,0,sequential_yolo_pose,SM-S906U1,GPU
2026-04-22 23:15:53.458,57.938,21.115,21.514,0.818,0.937,5.016,5.476,0.068,false,37.145,NONE,16,0,sequential_yolo_pose,SM-S906U1,GPU
2026-04-22 23:15:53.525,63.222,26.301,20.837,0.675,0.976,4.999,5.921,0.074,false,21.941,NONE,16,0,sequential_yolo_pose,SM-S906U1,GPU
2026-04-22 23:15:53.594,64.618,28.950,21.394,0.526,0.920,3.847,5.404,0.059,false,38.793,NONE,16,0,sequential_yolo_pose,SM-S906U1,GPU
2026-04-22 23:15:53.665,66.664,22.377,25.607,0.781,1.364,7.029,6.017,0.074,false,29.680,NONE,16,0,sequential_yolo_pose,SM-S906U1,GPU
2026-04-22 23:15:53.737,66.275,28.210,22.105,0.463,0.913,4.760,5.626,0.075,false,21.887,NONE,16,0,sequential_yolo_pose,SM-S906U1,GPU
2026-04-22 23:15:53.807,63.786,21.427,22.256,0.497,0.955,7.120,6.469,0.093,false,38.739,NONE,16,0,sequential_yolo_pose,SM-S906U1,GPU
2026-04-22 23:15:53.882,67.870,23.290,21.018,0.687,1.125,7.535,8.955,0.057,false,29.746,NONE,16,0,sequential_yolo_pose,SM-S906U1,GPU
2026-04-22 23:15:53.950,61.950,19.860,22.147,0.854,1.054,6.922,6.575,0.087,false,29.699,NONE,15,0,sequential_yolo_pose,SM-S906U1,GPU
2026-04-22 23:15:54.028,71.141,34.665,20.899,0.559,0.900,4.137,4.985,0.053,false,29.555,NONE,15,0,sequential_yolo_pose,SM-S906U1,GPU
2026-04-22 23:15:54.087,55.422,19.930,21.416,1.462,0.810,3.890,4.669,0.050,false,20.230,NONE,15,0,sequential_yolo_pose,SM-S906U1,GPU
2026-04-22 23:15:54.148,58.167,19.275,23.197,0.598,0.805,4.377,6.987,0.075,false,37.176,NONE,15,0,sequential_yolo_pose,SM-S906U1,GPU
2026-04-22 23:15:54.218,63.127,20.859,21.033,1.667,1.531,8.824,5.013,0.072,false,20.211,NONE,15,0,sequential_yolo_pose,SM-S906U1,GPU
2026-04-22 23:15:54.286,64.163,21.087,23.789,0.650,0.865,7.224,7.297,0.087,false,37.156,NONE,15,0,sequential_yolo_pose,SM-S906U1,GPU
2026-04-22 23:15:54.358,66.057,29.118,21.307,0.677,0.917,4.354,5.713,0.054,false,28.746,NONE,15,0,sequential_yolo_pose,SM-S906U1,GPU
2026-04-22 23:15:54.427,63.560,23.615,23.156,1.574,0.925,4.819,5.499,0.051,false,20.234,NONE,15,0,sequential_yolo_pose,SM-S906U1,GPU
2026-04-22 23:15:54.489,58.320,19.241,22.002,1.733,1.026,5.860,5.373,0.047,false,37.149,NONE,15,0,sequential_yolo_pose,SM-S906U1,GPU
2026-04-22 23:15:54.554,61.064,22.701,20.269,0.530,1.909,7.307,5.038,0.100,false,21.891,NONE,15,0,sequential_yolo_pose,SM-S906U1,GPU
2026-04-22 23:15:54.616,56.963,20.509,20.671,0.536,0.861,4.447,6.090,0.070,false,38.836,NONE,15,0,sequential_yolo_pose,SM-S906U1,GPU
2026-04-22 23:15:54.666,46.961,22.266,21.643,0.419,0.000,0.000,0.000,0.000,true,26.289,NONE,15,0,sequential_yolo_pose,SM-S906U1,GPU
2026-04-22 23:15:54.744,73.156,26.899,21.825,0.616,1.057,5.531,12.568,0.064,false,43.141,NONE,15,0,sequential_yolo_pose,SM-S906U1,GPU
2026-04-22 23:15:54.814,60.811,21.827,21.511,0.511,0.830,5.083,7.478,0.072,false,30.313,NONE,15,0,sequential_yolo_pose,SM-S906U1,GPU
2026-04-22 23:15:54.879,62.386,21.234,21.350,0.380,0.629,5.835,10.665,0.088,false,29.391,NONE,15,0,sequential_yolo_pose,SM-S906U1,GPU
2026-04-22 23:15:54.950,63.929,23.028,20.879,1.498,0.918,5.952,8.318,0.056,false,20.313,NONE,15,0,sequential_yolo_pose,SM-S906U1,GPU
2026-04-22 23:15:55.015,60.121,21.352,20.930,0.777,3.620,3.668,6.492,0.055,false,20.199,NONE,16,0,sequential_yolo_pose,SM-S906U1,GPU
2026-04-22 23:15:55.088,69.084,20.374,21.329,1.581,2.207,12.938,6.892,0.160,false,37.238,NONE,16,0,sequential_yolo_pose,SM-S906U1,GPU
2026-04-22 23:15:55.162,67.383,30.738,21.537,0.492,1.012,3.771,5.369,0.056,false,17.133,NONE,16,0,sequential_yolo_pose,SM-S906U1,GPU
2026-04-22 23:15:55.222,56.972,18.740,22.208,0.818,1.834,3.799,4.865,0.067,false,20.227,NONE,16,0,sequential_yolo_pose,SM-S906U1,GPU
2026-04-22 23:15:55.286,58.493,19.376,21.478,0.708,0.906,6.935,5.855,0.071,false,20.203,NONE,16,0,sequential_yolo_pose,SM-S906U1,GPU
2026-04-22 23:15:55.351,60.335,22.980,21.901,0.427,0.930,5.888,4.814,0.077,false,14.328,NONE,16,0,sequential_yolo_pose,SM-S906U1,GPU
2026-04-22 23:15:55.419,63.275,25.802,21.723,0.461,1.153,5.276,5.031,0.080,false,21.402,NONE,16,0,sequential_yolo_pose,SM-S906U1,GPU
2026-04-22 23:15:55.497,71.274,25.849,20.601,2.993,1.908,9.711,6.188,0.083,false,38.285,NONE,16,0,sequential_yolo_pose,SM-S906U1,GPU
2026-04-22 23:15:55.567,63.865,27.809,20.947,0.940,0.910,4.458,5.079,0.069,false,28.832,NONE,16,0,sequential_yolo_pose,SM-S906U1,GPU
2026-04-22 23:15:55.645,72.508,24.537,21.807,1.243,1.229,8.908,9.155,0.066,false,20.043,NONE,16,0,sequential_yolo_pose,SM-S906U1,GPU
2026-04-22 23:15:55.712,59.390,17.942,22.487,0.708,0.658,3.653,10.263,0.119,false,37.145,NONE,16,0,sequential_yolo_pose,SM-S906U1,GPU
2026-04-22 23:15:55.784,65.816,20.485,22.735,0.552,0.939,6.317,11.333,0.057,false,17.199,NONE,16,0,sequential_yolo_pose,SM-S906U1,GPU
2026-04-22 23:15:55.850,59.732,20.092,20.987,0.432,0.870,5.332,8.583,0.066,false,20.199,NONE,16,0,sequential_yolo_pose,SM-S906U1,GPU
2026-04-22 23:15:55.921,65.354,22.278,21.619,0.447,0.877,7.085,9.649,0.073,false,20.246,NONE,16,0,sequential_yolo_pose,SM-S906U1,GPU
2026-04-22 23:15:55.988,61.101,20.856,22.416,2.529,0.897,5.793,4.604,0.057,false,20.234,NONE,14,0,sequential_yolo_pose,SM-S906U1,GPU
2026-04-22 23:15:56.054,60.832,20.182,20.872,0.591,0.892,5.650,9.933,0.057,false,20.324,NONE,14,0,sequential_yolo_pose,SM-S906U1,GPU
2026-04-22 23:15:56.109,49.094,21.870,21.472,0.789,0.000,0.000,0.000,0.000,true,16.832,NONE,14,0,sequential_yolo_pose,SM-S906U1,GPU
2026-04-22 23:15:56.160,45.058,20.632,21.482,0.243,0.000,0.000,0.000,0.000,true,30.539,NONE,14,0,sequential_yolo_pose,SM-S906U1,GPU
2026-04-22 23:15:56.214,49.413,25.059,21.394,0.337,0.000,0.000,0.000,0.000,true,18.102,NONE,14,0,sequential_yolo_pose,SM-S906U1,GPU
2026-04-22 23:15:56.262,43.941,20.672,20.361,0.414,0.000,0.000,0.000,0.000,true,31.715,NONE,14,0,sequential_yolo_pose,SM-S906U1,GPU
2026-04-22 23:15:56.315,47.954,23.240,21.368,0.524,0.000,0.000,0.000,0.000,true,18.176,NONE,14,0,sequential_yolo_pose,SM-S906U1,GPU
2026-04-22 23:15:56.371,51.828,23.188,24.444,0.899,0.000,0.000,0.000,0.000,true,31.758,NONE,14,0,sequential_yolo_pose,SM-S906U1,GPU
2026-04-22 23:15:56.439,54.709,30.317,20.763,0.403,0.000,0.000,0.000,0.000,true,13.363,NONE,14,0,sequential_yolo_pose,SM-S906U1,GPU
2026-04-22 23:15:56.491,45.874,18.671,22.519,0.999,0.000,0.000,0.000,0.000,true,16.707,NONE,14,0,sequential_yolo_pose,SM-S906U1,GPU
2026-04-22 23:15:56.553,49.163,24.026,21.788,0.426,0.000,0.000,0.000,0.000,true,30.539,NONE,14,0,sequential_yolo_pose,SM-S906U1,GPU
2026-04-22 23:15:56.624,66.191,25.471,23.301,0.643,1.438,6.586,5.554,0.100,false,21.789,NONE,14,0,sequential_yolo_pose,SM-S906U1,GPU
2026-04-22 23:15:56.694,64.684,27.351,22.659,0.501,0.879,4.955,4.999,0.073,false,38.735,NONE,14,0,sequential_yolo_pose,SM-S906U1,GPU
2026-04-22 23:15:56.757,53.882,16.249,20.860,0.605,1.265,5.342,5.875,0.084,false,29.727,NONE,14,0,sequential_yolo_pose,SM-S906U1,GPU
2026-04-22 23:15:56.822,58.947,24.335,22.975,0.316,0.631,2.760,4.495,0.053,false,16.770,NONE,14,0,sequential_yolo_pose,SM-S906U1,GPU
2026-04-22 23:15:56.878,51.065,22.337,23.397,1.241,0.000,0.000,0.000,0.000,true,16.773,NONE,14,0,sequential_yolo_pose,SM-S906U1,GPU
2026-04-22 23:15:56.936,53.854,29.090,20.743,0.272,0.000,0.000,0.000,0.000,true,30.481,NONE,14,0,sequential_yolo_pose,SM-S906U1,GPU
2026-04-22 23:15:56.998,50.010,25.332,21.393,0.268,0.000,0.000,0.000,0.000,true,13.285,NONE,17,0,sequential_yolo_pose,SM-S906U1,GPU
2026-04-22 23:15:57.055,50.337,25.264,21.310,0.428,0.000,0.000,0.000,0.000,true,16.766,NONE,17,0,sequential_yolo_pose,SM-S906U1,GPU
2026-04-22 23:15:57.112,54.091,19.337,21.051,0.441,0.676,3.932,5.849,0.114,false,33.774,NONE,17,0,sequential_yolo_pose,SM-S906U1,GPU
2026-04-22 23:15:57.185,62.388,19.210,23.773,2.906,0.979,6.634,5.991,0.055,false,14.406,NONE,17,0,sequential_yolo_pose,SM-S906U1,GPU
2026-04-22 23:15:57.242,53.879,17.926,22.183,0.291,0.604,3.169,4.944,0.094,false,21.406,NONE,17,0,sequential_yolo_pose,SM-S906U1,GPU
2026-04-22 23:15:57.320,71.839,25.223,21.632,1.158,1.403,8.236,10.049,0.078,false,38.508,NONE,17,0,sequential_yolo_pose,SM-S906U1,GPU
2026-04-22 23:15:57.399,71.277,27.377,23.939,0.517,1.327,5.686,8.332,0.069,false,29.016,NONE,17,0,sequential_yolo_pose,SM-S906U1,GPU
2026-04-22 23:15:57.467,62.552,23.459,21.788,0.778,1.834,5.462,5.875,0.059,false,29.676,NONE,17,0,sequential_yolo_pose,SM-S906U1,GPU
2026-04-22 23:15:57.527,55.462,19.771,22.206,0.727,0.883,3.838,4.737,0.051,false,20.121,NONE,17,0,sequential_yolo_pose,SM-S906U1,GPU
2026-04-22 23:15:57.585,54.552,20.192,21.242,0.346,0.870,3.897,5.120,0.051,false,37.160,NONE,17,0,sequential_yolo_pose,SM-S906U1,GPU
2026-04-22 23:15:57.647,58.114,22.598,21.337,0.453,0.924,3.871,6.135,0.060,false,23.168,NONE,17,0,sequential_yolo_pose,SM-S906U1,GPU
2026-04-22 23:15:57.710,58.921,20.380,22.509,0.507,0.914,4.381,7.115,0.078,false,39.989,NONE,17,0,sequential_yolo_pose,SM-S906U1,GPU
2026-04-22 23:15:57.789,72.609,33.739,20.913,0.558,2.679,2.757,5.291,0.047,false,29.332,NONE,17,0,sequential_yolo_pose,SM-S906U1,GPU
2026-04-22 23:15:57.851,58.636,19.073,20.510,1.092,0.954,5.048,8.497,0.063,false,20.262,NONE,17,0,sequential_yolo_pose,SM-S906U1,GPU
2026-04-22 23:15:57.917,62.653,25.112,21.443,0.818,0.951,5.036,6.107,0.052,false,37.176,NONE,17,0,sequential_yolo_pose,SM-S906U1,GPU
2026-04-22 23:15:57.984,61.165,23.518,20.823,0.623,0.893,4.386,8.067,0.061,false,21.863,NONE,17,0,sequential_yolo_pose,SM-S906U1,GPU
2026-04-22 23:15:58.043,55.224,19.288,21.455,0.360,0.690,3.701,6.875,0.105,false,38.809,NONE,16,0,sequential_yolo_pose,SM-S906U1,GPU
2026-04-22 23:15:58.125,71.028,29.317,21.659,0.858,1.148,5.520,5.102,0.074,false,29.699,NONE,16,0,sequential_yolo_pose,SM-S906U1,GPU
2026-04-22 23:15:58.194,64.568,26.828,24.611,0.538,0.825,3.649,5.118,0.055,false,29.649,NONE,16,0,sequential_yolo_pose,SM-S906U1,GPU
2026-04-22 23:15:58.256,58.326,19.666,22.396,1.017,1.040,5.962,4.670,0.065,false,20.230,NONE,16,0,sequential_yolo_pose,SM-S906U1,GPU
2026-04-22 23:15:58.313,53.987,18.046,20.935,0.517,0.620,4.220,6.875,0.070,false,37.082,NONE,16,0,sequential_yolo_pose,SM-S906U1,GPU
2026-04-22 23:15:58.378,60.164,21.875,20.508,0.526,0.934,5.036,8.002,0.100,false,28.926,NONE,16,0,sequential_yolo_pose,SM-S906U1,GPU
2026-04-22 23:15:58.446,60.973,21.778,25.022,0.565,0.883,3.803,5.454,0.060,false,20.285,NONE,16,0,sequential_yolo_pose,SM-S906U1,GPU
2026-04-22 23:15:58.509,59.854,19.719,21.815,1.122,1.124,5.492,7.479,0.056,false,20.309,NONE,16,0,sequential_yolo_pose,SM-S906U1,GPU
2026-04-22 23:15:58.564,49.217,16.009,20.286,0.676,0.862,3.982,5.139,0.062,false,37.254,NONE,16,0,sequential_yolo_pose,SM-S906U1,GPU
2026-04-22 23:15:58.629,59.609,24.067,21.359,0.608,0.936,3.649,5.129,0.064,false,17.160,NONE,16,0,sequential_yolo_pose,SM-S906U1,GPU
2026-04-22 23:15:58.694,59.766,23.033,22.486,0.578,1.053,4.222,5.390,0.056,false,20.258,NONE,16,0,sequential_yolo_pose,SM-S906U1,GPU
2026-04-22 23:15:58.755,57.023,20.643,20.913,0.710,1.610,5.672,4.551,0.056,false,20.242,NONE,16,0,sequential_yolo_pose,SM-S906U1,GPU
2026-04-22 23:15:58.822,63.407,21.098,21.010,1.153,1.554,9.913,5.339,0.145,false,20.277,NONE,16,0,sequential_yolo_pose,SM-S906U1,GPU
2026-04-22 23:15:58.899,69.637,30.967,20.922,0.998,1.065,5.375,5.434,0.088,false,20.133,NONE,16,0,sequential_yolo_pose,SM-S906U1,GPU
2026-04-22 23:15:58.968,63.020,25.221,22.604,0.514,0.929,4.426,5.709,0.069,false,20.195,NONE,16,0,sequential_yolo_pose,SM-S906U1,GPU
2026-04-22 23:15:59.034,61.279,22.895,24.361,0.443,0.548,3.154,5.532,0.058,false,20.277,NONE,15,0,sequential_yolo_pose,SM-S906U1,GPU
2026-04-22 23:15:59.095,55.705,19.585,21.603,0.787,1.063,4.120,5.208,0.065,false,20.195,NONE,15,0,sequential_yolo_pose,SM-S906U1,GPU
2026-04-22 23:15:59.163,62.574,20.150,22.358,1.742,1.276,6.107,7.910,0.069,false,37.172,NONE,15,0,sequential_yolo_pose,SM-S906U1,GPU
2026-04-22 23:15:59.237,67.962,25.812,21.166,2.697,1.178,5.643,5.779,0.069,false,20.152,NONE,15,0,sequential_yolo_pose,SM-S906U1,GPU
2026-04-22 23:15:59.301,59.747,24.074,21.242,0.514,1.255,4.012,5.629,0.093,false,37.192,NONE,15,0,sequential_yolo_pose,SM-S906U1,GPU
2026-04-22 23:15:59.371,64.995,27.723,20.975,0.610,2.373,3.856,5.057,0.058,false,17.184,NONE,15,0,sequential_yolo_pose,SM-S906U1,GPU
2026-04-22 23:15:59.432,55.230,18.531,21.570,0.949,1.082,4.279,5.381,0.060,false,20.164,NONE,15,0,sequential_yolo_pose,SM-S906U1,GPU
2026-04-22 23:15:59.492,55.692,21.152,20.531,0.492,0.995,4.627,5.045,0.074,false,37.141,NONE,15,0,sequential_yolo_pose,SM-S906U1,GPU
2026-04-22 23:15:59.558,62.637,27.544,21.358,0.468,1.084,3.640,5.053,0.064,false,23.000,NONE,15,0,sequential_yolo_pose,SM-S906U1,GPU
2026-04-22 23:15:59.623,59.338,21.260,21.269,0.503,0.905,7.013,5.063,0.089,false,39.977,NONE,15,0,sequential_yolo_pose,SM-S906U1,GPU
2026-04-22 23:15:59.690,61.479,22.727,21.753,0.443,0.825,4.881,5.243,0.095,false,29.379,NONE,15,0,sequential_yolo_pose,SM-S906U1,GPU
2026-04-22 23:15:59.760,64.766,24.260,23.736,1.364,2.303,4.473,4.961,0.057,false,20.016,NONE,15,0,sequential_yolo_pose,SM-S906U1,GPU
2026-04-22 23:15:59.819,55.203,19.744,20.980,0.355,0.650,5.021,5.466,0.088,false,37.086,NONE,15,0,sequential_yolo_pose,SM-S906U1,GPU
2026-04-22 23:15:59.888,63.798,23.321,20.977,0.597,1.134,6.861,4.989,0.064,false,21.926,NONE,15,0,sequential_yolo_pose,SM-S906U1,GPU
2026-04-22 23:15:59.950,58.314,18.535,22.813,0.514,2.321,5.271,5.603,0.099,false,38.778,NONE,15,0,sequential_yolo_pose,SM-S906U1,GPU
2026-04-22 23:16:00.029,72.986,34.284,21.239,0.640,1.004,4.794,5.654,0.062,false,29.707,NONE,15,0,sequential_yolo_pose,SM-S906U1,GPU
2026-04-22 23:16:00.102,62.726,19.811,22.396,0.682,1.072,10.103,5.520,0.061,false,20.227,NONE,15,0,sequential_yolo_pose,SM-S906U1,GPU
2026-04-22 23:16:00.168,59.294,21.406,21.520,0.786,1.057,5.210,5.299,0.078,false,37.203,NONE,15,0,sequential_yolo_pose,SM-S906U1,GPU
2026-04-22 23:16:00.247,69.824,28.496,25.013,0.842,0.872,4.831,5.075,0.061,false,17.063,NONE,15,0,sequential_yolo_pose,SM-S906U1,GPU
2026-04-22 23:16:00.310,58.454,21.872,20.974,0.768,0.889,4.569,5.998,0.067,false,20.227,NONE,15,0,sequential_yolo_pose,SM-S906U1,GPU
2026-04-22 23:16:00.383,66.482,20.264,25.266,0.378,1.070,10.183,6.169,0.092,false,37.172,NONE,15,0,sequential_yolo_pose,SM-S906U1,GPU
2026-04-22 23:16:00.455,65.366,28.715,21.506,0.604,1.124,5.006,4.902,0.054,false,29.676,NONE,15,0,sequential_yolo_pose,SM-S906U1,GPU
2026-04-22 23:16:00.522,63.048,22.977,24.278,0.556,1.408,5.143,5.096,0.055,false,20.262,NONE,15,0,sequential_yolo_pose,SM-S906U1,GPU
2026-04-22 23:16:00.581,55.790,20.918,21.765,0.282,0.952,4.174,4.837,0.065,false,20.223,NONE,15,0,sequential_yolo_pose,SM-S906U1,GPU
2026-04-22 23:16:00.634,47.607,22.450,22.290,0.190,0.000,0.000,0.000,0.000,true,16.805,NONE,15,0,sequential_yolo_pose,SM-S906U1,GPU
2026-04-22 23:16:00.679,40.333,17.192,20.917,0.241,0.000,0.000,0.000,0.000,true,30.574,NONE,15,0,sequential_yolo_pose,SM-S906U1,GPU
2026-04-22 23:16:00.730,47.130,22.345,21.280,0.233,0.000,0.000,0.000,0.000,true,18.332,NONE,15,0,sequential_yolo_pose,SM-S906U1,GPU
2026-04-22 23:16:00.793,58.650,23.809,21.110,0.426,0.905,3.818,4.976,0.047,false,35.371,NONE,15,0,sequential_yolo_pose,SM-S906U1,GPU
2026-04-22 23:16:00.858,60.922,24.113,22.367,0.422,0.948,3.644,5.206,0.063,false,21.797,NONE,15,0,sequential_yolo_pose,SM-S906U1,GPU
2026-04-22 23:16:00.920,57.569,20.466,19.795,0.420,0.960,4.383,8.399,0.140,false,38.742,NONE,15,0,sequential_yolo_pose,SM-S906U1,GPU
2026-04-22 23:16:00.993,66.216,25.137,21.565,1.068,1.291,7.223,5.206,0.066,false,29.422,NONE,15,0,sequential_yolo_pose,SM-S906U1,GPU
2026-04-22 23:16:01.057,58.152,21.895,20.968,0.432,0.877,4.089,5.052,0.042,false,29.426,NONE,16,0,sequential_yolo_pose,SM-S906U1,GPU
2026-04-22 23:16:01.107,46.612,19.266,23.217,0.660,0.000,0.000,0.000,0.000,true,16.832,NONE,16,0,sequential_yolo_pose,SM-S906U1,GPU
2026-04-22 23:16:01.171,55.642,19.762,20.659,0.519,1.024,4.916,5.924,0.058,false,33.902,NONE,16,0,sequential_yolo_pose,SM-S906U1,GPU
2026-04-22 23:16:01.243,60.424,21.590,23.400,0.535,1.044,5.308,5.135,0.095,false,30.106,NONE,16,0,sequential_yolo_pose,SM-S906U1,GPU
2026-04-22 23:16:01.317,68.753,30.376,21.162,0.525,1.089,4.942,6.060,0.072,false,21.793,NONE,16,0,sequential_yolo_pose,SM-S906U1,GPU
2026-04-22 23:16:01.380,58.268,21.186,21.284,0.381,0.985,5.001,5.548,0.053,false,38.801,NONE,16,0,sequential_yolo_pose,SM-S906U1,GPU
2026-04-22 23:16:01.445,56.447,19.940,21.413,0.490,1.245,4.168,5.694,0.060,false,20.227,NONE,16,0,sequential_yolo_pose,SM-S906U1,GPU
2026-04-22 23:16:01.516,65.899,21.212,21.180,0.433,1.369,7.241,9.101,0.055,false,20.168,NONE,16,0,sequential_yolo_pose,SM-S906U1,GPU
2026-04-22 23:16:01.575,53.756,18.567,20.892,0.301,0.869,4.103,6.335,0.066,false,37.207,NONE,16,0,sequential_yolo_pose,SM-S906U1,GPU
2026-04-22 23:16:01.648,68.879,29.310,21.813,0.484,0.896,6.591,5.766,0.141,false,17.082,NONE,16,0,sequential_yolo_pose,SM-S906U1,GPU
2026-04-22 23:16:01.724,69.315,27.139,27.341,0.335,0.796,3.940,5.373,0.049,false,20.199,NONE,16,0,sequential_yolo_pose,SM-S906U1,GPU
2026-04-22 23:16:01.784,55.568,19.462,20.808,0.729,0.798,5.222,5.551,0.065,false,20.199,NONE,16,0,sequential_yolo_pose,SM-S906U1,GPU
2026-04-22 23:16:01.852,63.462,20.289,21.090,0.464,0.984,6.432,11.261,0.077,false,37.176,NONE,16,0,sequential_yolo_pose,SM-S906U1,GPU
2026-04-22 23:16:01.921,64.010,24.938,22.058,2.158,0.909,5.752,4.758,0.068,false,17.176,NONE,16,0,sequential_yolo_pose,SM-S906U1,GPU
2026-04-22 23:16:01.984,58.458,21.954,21.786,0.577,1.224,4.848,4.973,0.067,false,20.293,NONE,16,0,sequential_yolo_pose,SM-S906U1,GPU
2026-04-22 23:16:02.059,69.817,24.950,22.259,1.370,1.584,10.293,5.324,0.086,false,20.266,NONE,15,0,sequential_yolo_pose,SM-S906U1,GPU
2026-04-22 23:16:02.120,57.468,20.798,20.185,0.716,1.693,3.985,7.308,0.061,false,37.242,NONE,15,0,sequential_yolo_pose,SM-S906U1,GPU
2026-04-22 23:16:02.187,62.565,24.417,22.998,0.551,1.213,4.973,4.978,0.063,false,28.676,NONE,15,0,sequential_yolo_pose,SM-S906U1,GPU
2026-04-22 23:16:02.259,66.891,26.078,22.689,3.512,0.951,4.074,5.589,0.065,false,20.141,NONE,15,0,sequential_yolo_pose,SM-S906U1,GPU
2026-04-22 23:16:02.323,58.994,20.140,20.959,0.665,0.963,4.814,8.533,0.062,false,37.086,NONE,15,0,sequential_yolo_pose,SM-S906U1,GPU
2026-04-22 23:16:02.388,59.011,20.687,23.266,0.906,0.953,4.181,5.481,0.072,false,17.066,NONE,15,0,sequential_yolo_pose,SM-S906U1,GPU
2026-04-22 23:16:02.455,62.965,21.684,23.110,0.676,1.045,5.331,8.727,0.075,false,34.043,NONE,15,0,sequential_yolo_pose,SM-S906U1,GPU
2026-04-22 23:16:02.551,75.517,28.109,29.263,1.126,1.155,5.481,6.567,0.075,false,20.145,NONE,15,0,sequential_yolo_pose,SM-S906U1,GPU
2026-04-22 23:16:02.618,62.634,23.717,21.510,0.847,0.931,4.852,7.362,0.066,false,37.121,NONE,15,0,sequential_yolo_pose,SM-S906U1,GPU
2026-04-22 23:16:02.695,71.359,28.636,21.457,0.602,1.000,4.826,5.137,0.072,false,29.734,NONE,15,0,sequential_yolo_pose,SM-S906U1,GPU
2026-04-22 23:16:02.759,59.621,22.463,22.160,0.520,0.962,4.530,5.504,0.066,false,17.168,NONE,15,0,sequential_yolo_pose,SM-S906U1,GPU
2026-04-22 23:16:02.826,63.939,23.130,26.404,0.561,0.959,4.043,5.594,0.066,false,20.270,NONE,15,0,sequential_yolo_pose,SM-S906U1,GPU
2026-04-22 23:16:02.886,56.150,20.898,21.294,0.477,1.835,3.974,4.641,0.060,false,20.230,NONE,15,0,sequential_yolo_pose,SM-S906U1,GPU
2026-04-22 23:16:02.952,61.423,21.691,23.772,0.962,0.983,5.277,4.917,0.074,false,20.199,NONE,15,0,sequential_yolo_pose,SM-S906U1,GPU
2026-04-22 23:16:03.014,57.350,21.537,22.172,0.490,0.742,3.614,5.908,0.070,false,37.145,NONE,15,0,sequential_yolo_pose,SM-S906U1,GPU
2026-04-22 23:16:03.073,56.235,21.625,21.192,0.539,0.890,3.981,5.222,0.072,false,17.199,NONE,15,0,sequential_yolo_pose,SM-S906U1,GPU
2026-04-22 23:16:03.142,64.165,22.809,22.333,1.112,1.105,6.083,6.045,0.070,false,20.141,NONE,15,0,sequential_yolo_pose,SM-S906U1,GPU
2026-04-22 23:16:03.205,55.387,22.233,20.847,0.429,0.687,2.812,5.181,0.054,false,20.168,NONE,15,0,sequential_yolo_pose,SM-S906U1,GPU
2026-04-22 23:16:03.265,55.849,17.085,21.016,1.151,1.122,5.063,4.953,0.073,false,20.109,NONE,15,0,sequential_yolo_pose,SM-S906U1,GPU
2026-04-22 23:16:03.329,59.865,22.508,20.781,0.662,1.003,4.904,6.227,0.071,false,37.149,NONE,15,0,sequential_yolo_pose,SM-S906U1,GPU
2026-04-22 23:16:03.396,61.997,21.228,23.878,0.673,1.266,5.562,5.848,0.064,false,30.199,NONE,15,0,sequential_yolo_pose,SM-S906U1,GPU
2026-04-22 23:16:03.459,58.990,22.644,21.256,0.867,0.852,4.417,5.477,0.056,false,20.234,NONE,15,0,sequential_yolo_pose,SM-S906U1,GPU
2026-04-22 23:16:03.529,64.274,19.933,23.644,3.125,1.199,6.635,6.059,0.111,false,20.230,NONE,15,0,sequential_yolo_pose,SM-S906U1,GPU
2026-04-22 23:16:03.589,55.166,21.069,20.697,0.581,0.847,3.563,5.035,0.052,false,37.176,NONE,15,0,sequential_yolo_pose,SM-S906U1,GPU
2026-04-22 23:16:03.651,57.688,21.602,21.469,0.573,1.638,4.700,4.842,0.072,false,17.207,NONE,15,0,sequential_yolo_pose,SM-S906U1,GPU
2026-04-22 23:16:03.718,60.888,23.356,21.516,0.471,0.913,5.600,5.570,0.079,false,20.203,NONE,15,0,sequential_yolo_pose,SM-S906U1,GPU
2026-04-22 23:16:03.786,61.918,25.628,21.988,0.375,1.130,4.182,5.040,0.075,false,20.203,NONE,15,0,sequential_yolo_pose,SM-S906U1,GPU
2026-04-22 23:16:03.857,65.114,22.581,25.161,0.512,0.683,7.928,4.896,0.061,false,20.293,NONE,15,0,sequential_yolo_pose,SM-S906U1,GPU
2026-04-22 23:16:03.913,52.178,15.907,20.420,0.468,0.892,4.869,7.323,0.091,false,37.270,NONE,15,0,sequential_yolo_pose,SM-S906U1,GPU
2026-04-22 23:16:03.979,61.392,23.485,22.140,0.515,1.098,3.977,5.185,0.078,false,29.363,NONE,15,0,sequential_yolo_pose,SM-S906U1,GPU
2026-04-22 23:16:04.043,57.980,20.412,23.053,0.425,0.725,2.811,7.470,0.064,false,20.219,NONE,15,0,sequential_yolo_pose,SM-S906U1,GPU
2026-04-22 23:16:04.102,53.709,19.146,21.478,0.544,0.951,3.819,4.863,0.067,false,20.168,NONE,16,0,sequential_yolo_pose,SM-S906U1,GPU
2026-04-22 23:16:04.165,59.477,21.961,21.887,0.757,1.105,4.785,5.217,0.087,false,20.078,NONE,16,0,sequential_yolo_pose,SM-S906U1,GPU
2026-04-22 23:16:04.235,64.060,25.309,22.757,1.059,1.006,4.462,5.621,0.089,false,20.141,NONE,16,0,sequential_yolo_pose,SM-S906U1,GPU
2026-04-22 23:16:04.296,54.869,18.059,20.889,0.552,0.846,4.452,7.228,0.083,false,37.117,NONE,16,0,sequential_yolo_pose,SM-S906U1,GPU
2026-04-22 23:16:04.364,59.951,22.646,21.027,0.350,0.836,3.970,6.778,0.073,false,29.774,NONE,16,0,sequential_yolo_pose,SM-S906U1,GPU
2026-04-22 23:16:04.437,64.355,21.365,20.662,0.743,1.410,6.567,6.237,0.114,false,29.391,NONE,16,0,sequential_yolo_pose,SM-S906U1,GPU
2026-04-22 23:16:04.503,59.495,23.765,21.619,0.418,0.960,3.589,5.163,0.101,false,17.121,NONE,16,0,sequential_yolo_pose,SM-S906U1,GPU
2026-04-22 23:16:04.579,69.900,27.073,21.810,2.903,0.958,4.822,6.783,0.084,false,20.203,NONE,16,0,sequential_yolo_pose,SM-S906U1,GPU
2026-04-22 23:16:04.634,50.250,14.944,21.012,0.387,0.607,4.850,5.991,0.087,false,37.117,NONE,16,0,sequential_yolo_pose,SM-S906U1,GPU
2026-04-22 23:16:04.698,59.466,25.305,20.974,0.529,0.764,3.255,5.178,0.062,false,21.441,NONE,16,0,sequential_yolo_pose,SM-S906U1,GPU
2026-04-22 23:16:04.769,63.664,22.004,21.651,0.588,1.081,6.096,6.662,0.050,false,38.262,NONE,16,0,sequential_yolo_pose,SM-S906U1,GPU
2026-04-22 23:16:04.837,60.579,21.648,22.006,0.605,0.973,4.528,5.960,0.101,false,29.625,NONE,16,0,sequential_yolo_pose,SM-S906U1,GPU
2026-04-22 23:16:04.929,58.134,24.220,20.653,0.551,0.967,3.852,5.630,0.051,false,21.934,NONE,16,0,sequential_yolo_pose,SM-S906U1,GPU
2026-04-22 23:16:04.996,62.414,22.047,21.206,0.732,1.483,7.481,5.729,0.063,false,38.942,NONE,16,0,sequential_yolo_pose,SM-S906U1,GPU
2026-04-22 23:16:05.064,62.990,24.880,21.144,0.941,1.248,5.384,5.774,0.047,false,29.711,NONE,16,0,sequential_yolo_pose,SM-S906U1,GPU
2026-04-22 23:16:05.131,61.745,33.381,24.534,0.389,0.000,0.000,0.000,0.000,true,19.770,NONE,14,0,sequential_yolo_pose,SM-S906U1,GPU
2026-04-22 23:16:05.189,53.418,28.420,21.064,0.313,0.000,0.000,0.000,0.000,true,33.328,NONE,14,0,sequential_yolo_pose,SM-S906U1,GPU
2026-04-22 23:16:05.245,50.326,25.026,22.258,0.163,0.000,0.000,0.000,0.000,true,18.121,NONE,14,0,sequential_yolo_pose,SM-S906U1,GPU
2026-04-22 23:16:05.291,41.191,17.870,20.713,0.281,0.000,0.000,0.000,0.000,true,31.734,NONE,14,0,sequential_yolo_pose,SM-S906U1,GPU
2026-04-22 23:16:05.348,52.786,17.262,22.133,0.358,0.893,3.756,5.604,0.078,false,16.770,NONE,14,0,sequential_yolo_pose,SM-S906U1,GPU
2026-04-22 23:16:05.416,63.958,20.340,23.693,1.174,1.298,5.728,7.893,0.030,false,20.297,NONE,14,0,sequential_yolo_pose,SM-S906U1,GPU
2026-04-22 23:16:05.465,43.406,19.448,20.724,0.536,0.000,0.000,0.000,0.000,true,33.879,NONE,14,0,sequential_yolo_pose,SM-S906U1,GPU
2026-04-22 23:16:05.518,48.126,23.626,21.250,0.264,0.000,0.000,0.000,0.000,true,18.090,NONE,14,0,sequential_yolo_pose,SM-S906U1,GPU
2026-04-22 23:16:05.569,46.866,20.808,22.341,0.732,0.000,0.000,0.000,0.000,true,31.734,NONE,14,0,sequential_yolo_pose,SM-S906U1,GPU
2026-04-22 23:16:05.654,72.070,25.508,20.437,0.427,0.932,11.368,7.801,0.055,false,16.684,NONE,14,0,sequential_yolo_pose,SM-S906U1,GPU
2026-04-22 23:16:05.721,62.787,27.355,21.324,0.447,2.148,2.725,4.872,0.044,false,20.266,NONE,14,0,sequential_yolo_pose,SM-S906U1,GPU
2026-04-22 23:16:05.783,58.822,20.513,22.476,0.914,0.893,4.190,6.577,0.040,false,20.270,NONE,14,0,sequential_yolo_pose,SM-S906U1,GPU
2026-04-22 23:16:05.843,56.786,21.208,20.635,0.423,0.878,4.158,6.463,0.060,false,37.215,NONE,14,0,sequential_yolo_pose,SM-S906U1,GPU
2026-04-22 23:16:05.915,65.173,25.035,22.139,0.346,0.985,5.239,7.720,0.077,false,30.117,NONE,14,0,sequential_yolo_pose,SM-S906U1,GPU
2026-04-22 23:16:05.986,65.839,26.284,21.212,0.894,2.352,4.782,4.966,0.027,false,20.207,NONE,14,0,sequential_yolo_pose,SM-S906U1,GPU
2026-04-22 23:16:06.039,50.085,15.279,20.588,0.468,0.923,4.818,5.743,0.063,false,37.121,NONE,14,0,sequential_yolo_pose,SM-S906U1,GPU
2026-04-22 23:16:06.110,59.877,22.605,21.802,0.403,0.956,4.815,5.907,0.032,false,29.715,NONE,17,0,sequential_yolo_pose,SM-S906U1,GPU
2026-04-22 23:16:06.184,67.486,26.631,22.198,1.560,0.786,4.597,6.406,0.033,false,20.203,NONE,17,0,sequential_yolo_pose,SM-S906U1,GPU
2026-04-22 23:16:06.251,62.512,18.866,20.428,0.529,1.133,5.400,12.688,0.045,false,37.148,NONE,17,0,sequential_yolo_pose,SM-S906U1,GPU
2026-04-22 23:16:06.321,62.361,21.601,20.450,0.671,3.645,4.534,5.880,0.038,false,20.238,NONE,17,0,sequential_yolo_pose,SM-S906U1,GPU
2026-04-22 23:16:06.376,52.916,19.442,20.393,0.565,0.583,2.982,5.478,0.032,false,20.109,NONE,17,0,sequential_yolo_pose,SM-S906U1,GPU
2026-04-22 23:16:06.433,50.523,14.805,21.460,0.437,0.876,3.953,6.103,0.056,false,37.211,NONE,17,0,sequential_yolo_pose,SM-S906U1,GPU
2026-04-22 23:16:06.498,60.314,22.452,20.995,1.300,1.219,5.273,5.703,0.044,false,21.867,NONE,17,0,sequential_yolo_pose,SM-S906U1,GPU
2026-04-22 23:16:06.557,54.908,19.228,22.147,1.211,0.816,3.399,5.019,0.039,false,38.813,NONE,17,0,sequential_yolo_pose,SM-S906U1,GPU
2026-04-22 23:16:06.617,56.255,21.287,20.314,0.430,0.647,3.332,7.033,0.036,false,29.656,NONE,17,0,sequential_yolo_pose,SM-S906U1,GPU
2026-04-22 23:16:06.685,64.597,20.750,22.193,0.794,1.086,4.639,10.963,0.058,false,20.109,NONE,17,0,sequential_yolo_pose,SM-S906U1,GPU
2026-04-22 23:16:06.747,57.832,21.992,20.180,0.383,0.815,5.493,5.655,0.053,false,37.180,NONE,17,0,sequential_yolo_pose,SM-S906U1,GPU
2026-04-22 23:16:06.810,57.055,23.463,20.466,0.569,0.624,2.996,5.705,0.038,false,17.074,NONE,17,0,sequential_yolo_pose,SM-S906U1,GPU
2026-04-22 23:16:06.870,53.318,19.814,20.562,0.476,0.788,3.737,5.047,0.045,false,34.020,NONE,17,0,sequential_yolo_pose,SM-S906U1,GPU
2026-04-22 23:16:06.951,69.589,29.616,20.269,0.524,1.049,5.184,7.017,0.067,false,29.633,NONE,17,0,sequential_yolo_pose,SM-S906U1,GPU
2026-04-22 23:16:07.024,69.195,30.011,21.802,0.778,1.973,6.140,5.123,0.062,false,29.543,NONE,17,0,sequential_yolo_pose,SM-S906U1,GPU
2026-04-22 23:16:07.092,63.175,23.974,22.060,1.265,1.694,4.483,4.983,0.052,false,20.266,NONE,15,0,sequential_yolo_pose,SM-S906U1,GPU
2026-04-22 23:16:07.158,61.946,22.527,23.796,0.918,1.728,4.038,5.046,0.045,false,14.305,NONE,15,0,sequential_yolo_pose,SM-S906U1,GPU
2026-04-22 23:16:07.223,60.884,24.981,21.619,0.692,1.186,4.452,4.763,0.046,false,31.281,NONE,15,0,sequential_yolo_pose,SM-S906U1,GPU
2026-04-22 23:16:07.292,65.879,24.639,24.004,0.430,1.109,7.066,5.359,0.068,false,28.805,NONE,15,0,sequential_yolo_pose,SM-S906U1,GPU
2026-04-22 23:16:07.368,68.919,27.957,23.812,0.424,0.859,6.778,5.581,0.041,false,20.172,NONE,15,0,sequential_yolo_pose,SM-S906U1,GPU
2026-04-22 23:16:07.422,49.847,15.984,20.597,0.476,1.090,3.935,5.041,0.045,false,37.149,NONE,15,0,sequential_yolo_pose,SM-S906U1,GPU
2026-04-22 23:16:07.484,58.893,19.923,22.556,0.413,1.321,5.847,5.933,0.045,false,17.109,NONE,15,0,sequential_yolo_pose,SM-S906U1,GPU
2026-04-22 23:16:07.545,57.026,20.237,22.880,0.806,0.687,3.189,5.654,0.040,false,20.133,NONE,15,0,sequential_yolo_pose,SM-S906U1,GPU
2026-04-22 23:16:07.605,55.160,19.565,21.691,0.518,0.866,4.004,5.516,0.068,false,37.141,NONE,15,0,sequential_yolo_pose,SM-S906U1,GPU
2026-04-22 23:16:07.670,54.850,20.407,20.864,0.524,0.927,4.123,5.200,0.044,false,17.109,NONE,15,0,sequential_yolo_pose,SM-S906U1,GPU
2026-04-22 23:16:07.729,55.334,21.281,20.577,0.756,1.558,3.406,4.886,0.039,false,20.184,NONE,15,0,sequential_yolo_pose,SM-S906U1,GPU
2026-04-22 23:16:07.789,56.174,19.505,21.356,0.793,0.877,4.467,5.912,0.045,false,20.234,NONE,15,0,sequential_yolo_pose,SM-S906U1,GPU
2026-04-22 23:16:07.848,53.514,17.578,22.646,0.563,0.835,3.914,5.401,0.049,false,37.180,NONE,15,0,sequential_yolo_pose,SM-S906U1,GPU
2026-04-22 23:16:07.916,64.309,23.380,24.153,0.469,1.175,4.170,7.898,0.044,false,17.273,NONE,15,0,sequential_yolo_pose,SM-S906U1,GPU
2026-04-22 23:16:07.990,69.177,19.792,24.210,1.252,1.610,13.079,5.875,0.059,false,20.328,NONE,15,0,sequential_yolo_pose,SM-S906U1,GPU
2026-04-22 23:16:08.055,58.620,21.431,22.191,0.711,1.065,4.695,5.490,0.057,false,37.180,NONE,15,0,sequential_yolo_pose,SM-S906U1,GPU
2026-04-22 23:16:08.121,61.601,24.435,21.780,1.216,1.263,4.423,5.573,0.038,false,21.922,NONE,16,0,sequential_yolo_pose,SM-S906U1,GPU
2026-04-22 23:16:08.190,65.074,20.530,22.176,0.605,1.233,11.318,6.088,0.072,false,38.930,NONE,16,0,sequential_yolo_pose,SM-S906U1,GPU
2026-04-22 23:16:08.261,66.563,23.701,21.957,0.869,2.033,8.059,6.085,0.072,false,29.660,NONE,16,0,sequential_yolo_pose,SM-S906U1,GPU
2026-04-22 23:16:08.330,63.520,25.602,22.770,0.904,1.049,4.000,5.018,0.040,false,20.105,NONE,16,0,sequential_yolo_pose,SM-S906U1,GPU
2026-04-22 23:16:08.391,56.542,19.847,21.227,2.319,0.947,4.347,4.671,0.041,false,20.191,NONE,16,0,sequential_yolo_pose,SM-S906U1,GPU
2026-04-22 23:16:08.453,58.364,20.291,20.556,0.461,0.828,5.248,8.197,0.049,false,37.199,NONE,16,0,sequential_yolo_pose,SM-S906U1,GPU
2026-04-22 23:16:08.520,61.504,24.075,21.592,0.574,1.107,5.225,5.980,0.080,false,23.133,NONE,16,0,sequential_yolo_pose,SM-S906U1,GPU
2026-04-22 23:16:08.587,62.963,26.230,21.798,0.529,0.855,4.109,5.923,0.045,false,39.985,NONE,16,0,sequential_yolo_pose,SM-S906U1,GPU
2026-04-22 23:16:08.659,65.962,22.602,22.063,1.495,2.033,6.999,5.563,0.062,false,29.453,NONE,16,0,sequential_yolo_pose,SM-S906U1,GPU
2026-04-22 23:16:08.726,58.411,23.410,20.650,0.655,0.582,3.231,5.326,0.041,false,20.199,NONE,16,0,sequential_yolo_pose,SM-S906U1,GPU
2026-04-22 23:16:08.782,53.160,18.902,20.217,0.554,0.903,4.144,5.460,0.052,false,37.145,NONE,16,0,sequential_yolo_pose,SM-S906U1,GPU
2026-04-22 23:16:08.849,62.523,21.440,23.520,0.507,1.112,5.357,7.327,0.042,false,21.902,NONE,16,0,sequential_yolo_pose,SM-S906U1,GPU
2026-04-22 23:16:08.917,64.520,18.495,21.904,0.340,0.990,4.509,9.968,0.098,false,38.785,NONE,16,0,sequential_yolo_pose,SM-S906U1,GPU
2026-04-22 23:16:08.987,66.734,25.287,22.624,0.543,1.064,8.371,5.673,0.055,false,29.680,NONE,16,0,sequential_yolo_pose,SM-S906U1,GPU
2026-04-22 23:16:09.054,63.465,24.025,21.046,1.107,1.133,5.645,6.050,0.058,false,20.184,NONE,16,0,sequential_yolo_pose,SM-S906U1,GPU
2026-04-22 23:16:09.130,69.814,23.957,21.190,1.025,1.957,12.093,5.463,0.047,false,37.223,NONE,15,0,sequential_yolo_pose,SM-S906U1,GPU
2026-04-22 23:16:09.203,64.768,26.640,21.337,0.545,0.966,3.929,5.913,0.048,false,28.680,NONE,15,0,sequential_yolo_pose,SM-S906U1,GPU
2026-04-22 23:16:09.265,58.162,20.887,22.248,0.908,1.010,3.841,5.515,0.042,false,20.230,NONE,15,0,sequential_yolo_pose,SM-S906U1,GPU
2026-04-22 23:16:09.328,59.205,23.272,22.423,0.533,0.776,3.291,4.799,0.044,false,37.207,NONE,15,0,sequential_yolo_pose,SM-S906U1,GPU
2026-04-22 23:16:09.395,63.113,27.268,22.253,0.495,1.185,4.118,5.002,0.056,false,21.770,NONE,15,0,sequential_yolo_pose,SM-S906U1,GPU
2026-04-22 23:16:09.462,61.248,26.570,21.028,0.519,0.947,3.763,4.900,0.055,false,38.778,NONE,15,0,sequential_yolo_pose,SM-S906U1,GPU
2026-04-22 23:16:09.525,59.578,24.328,21.748,0.510,0.969,3.676,4.868,0.037,false,29.660,NONE,15,0,sequential_yolo_pose,SM-S906U1,GPU
2026-04-22 23:16:09.589,59.912,19.295,24.741,1.562,0.973,5.098,4.891,0.035,false,20.172,NONE,15,0,sequential_yolo_pose,SM-S906U1,GPU
2026-04-22 23:16:09.637,44.249,20.883,20.628,0.208,0.000,0.000,0.000,0.000,true,33.785,NONE,15,0,sequential_yolo_pose,SM-S906U1,GPU
2026-04-22 23:16:09.694,51.542,27.289,21.079,0.210,0.000,0.000,0.000,0.000,true,18.039,NONE,15,0,sequential_yolo_pose,SM-S906U1,GPU
2026-04-22 23:16:09.744,45.404,20.911,21.379,0.181,0.000,0.000,0.000,0.000,true,31.684,NONE,15,0,sequential_yolo_pose,SM-S906U1,GPU
2026-04-22 23:16:09.801,54.065,19.610,21.449,0.353,0.741,3.273,6.100,0.049,false,16.746,NONE,15,0,sequential_yolo_pose,SM-S906U1,GPU
2026-04-22 23:16:09.865,58.806,20.819,22.465,0.641,1.763,4.654,4.892,0.034,false,14.297,NONE,15,0,sequential_yolo_pose,SM-S906U1,GPU
2026-04-22 23:16:09.927,57.873,22.433,23.026,0.342,0.650,3.332,4.854,0.048,false,21.414,NONE,15,0,sequential_yolo_pose,SM-S906U1,GPU
2026-04-22 23:16:09.974,43.432,19.973,20.086,0.239,0.000,0.000,0.000,0.000,true,35.027,NONE,15,0,sequential_yolo_pose,SM-S906U1,GPU
2026-04-22 23:16:10.028,50.126,24.207,22.773,0.282,0.000,0.000,0.000,0.000,true,18.500,NONE,15,0,sequential_yolo_pose,SM-S906U1,GPU
2026-04-22 23:16:10.081,50.675,17.454,20.944,0.304,0.623,3.120,5.749,0.052,false,35.414,NONE,15,0,sequential_yolo_pose,SM-S906U1,GPU
2026-04-22 23:16:10.140,55.139,19.904,20.996,0.446,0.992,4.306,5.344,0.043,false,21.926,NONE,17,0,sequential_yolo_pose,SM-S906U1,GPU
2026-04-22 23:16:10.211,63.352,23.174,25.608,0.465,0.995,4.388,5.450,0.046,false,38.903,NONE,17,0,sequential_yolo_pose,SM-S906U1,GPU
2026-04-22 23:16:10.286,69.213,25.416,22.736,0.470,1.090,5.646,8.810,0.039,false,29.719,NONE,17,0,sequential_yolo_pose,SM-S906U1,GPU
2026-04-22 23:16:10.355,63.343,22.681,21.979,0.928,1.528,7.090,5.564,0.046,false,20.230,NONE,17,0,sequential_yolo_pose,SM-S906U1,GPU
2026-04-22 23:16:10.428,68.438,25.403,23.674,1.695,3.562,5.258,5.181,0.043,false,20.203,NONE,17,0,sequential_yolo_pose,SM-S906U1,GPU
2026-04-22 23:16:10.492,56.863,23.118,21.173,0.354,0.632,3.385,4.891,0.067,false,37.117,NONE,17,0,sequential_yolo_pose,SM-S906U1,GPU
2026-04-22 23:16:10.558,61.495,17.701,22.701,0.604,1.304,4.313,12.101,0.052,false,26.551,NONE,17,0,sequential_yolo_pose,SM-S906U1,GPU
2026-04-22 23:16:10.631,69.433,24.755,23.500,0.291,4.447,5.683,5.938,0.052,false,43.528,NONE,17,0,sequential_yolo_pose,SM-S906U1,GPU
2026-04-22 23:16:10.730,91.518,50.038,22.572,0.394,1.090,4.250,5.986,0.045,false,21.875,NONE,17,0,sequential_yolo_pose,SM-S906U1,GPU
2026-04-22 23:16:10.789,54.919,18.077,21.088,0.584,1.279,5.777,5.640,0.055,false,38.696,NONE,17,0,sequential_yolo_pose,SM-S906U1,GPU
2026-04-22 23:16:10.868,74.738,29.720,25.638,0.613,2.198,4.901,7.634,0.041,false,29.645,NONE,17,0,sequential_yolo_pose,SM-S906U1,GPU
2026-04-22 23:16:10.937,64.683,26.982,21.197,0.466,0.703,3.476,7.712,0.052,false,46.590,NONE,17,0,sequential_yolo_pose,SM-S906U1,GPU
2026-04-22 23:16:11.017,72.673,19.630,25.709,0.413,0.611,14.403,8.459,0.049,false,16.719,NONE,17,0,sequential_yolo_pose,SM-S906U1,GPU
2026-04-22 23:16:11.079,57.800,18.974,21.461,0.402,0.700,4.134,9.785,0.030,false,33.727,NONE,17,0,sequential_yolo_pose,SM-S906U1,GPU
2026-04-22 23:16:11.154,70.100,27.776,21.904,0.700,1.423,7.522,7.529,0.046,false,30.231,NONE,14,0,sequential_yolo_pose,SM-S906U1,GPU
2026-04-22 23:16:11.222,63.717,24.432,22.769,1.059,1.565,4.275,6.061,0.049,false,21.930,NONE,14,0,sequential_yolo_pose,SM-S906U1,GPU
2026-04-22 23:16:11.288,62.418,24.772,21.166,0.609,1.046,5.090,6.443,0.047,false,38.813,NONE,14,0,sequential_yolo_pose,SM-S906U1,GPU
2026-04-22 23:16:11.352,59.828,23.399,21.913,0.527,1.480,4.182,5.080,0.043,false,29.649,NONE,14,0,sequential_yolo_pose,SM-S906U1,GPU
2026-04-22 23:16:11.416,59.765,18.375,21.457,0.945,0.661,4.659,4.958,0.033,false,20.297,NONE,14,0,sequential_yolo_pose,SM-S906U1,GPU
2026-04-22 23:16:11.489,70.375,25.067,23.990,0.587,0.773,8.601,7.690,0.052,false,20.230,NONE,14,0,sequential_yolo_pose,SM-S906U1,GPU
2026-04-22 23:16:11.548,54.350,18.086,21.771,0.422,0.657,4.956,6.035,0.053,false,37.145,NONE,14,0,sequential_yolo_pose,SM-S906U1,GPU
2026-04-22 23:16:11.623,64.331,25.855,22.102,0.754,0.725,5.567,4.825,0.030,false,20.137,NONE,14,0,sequential_yolo_pose,SM-S906U1,GPU
2026-04-22 23:16:11.682,56.102,19.634,22.333,0.627,1.002,4.537,5.556,0.047,false,37.145,NONE,14,0,sequential_yolo_pose,SM-S906U1,GPU
2026-04-22 23:16:11.744,58.039,22.487,20.800,0.457,0.965,4.272,5.812,0.046,false,23.106,NONE,14,0,sequential_yolo_pose,SM-S906U1,GPU
2026-04-22 23:16:11.802,54.363,19.760,21.235,0.348,0.634,3.609,5.795,0.051,false,39.926,NONE,14,0,sequential_yolo_pose,SM-S906U1,GPU
2026-04-22 23:16:11.862,55.490,21.932,20.868,0.407,0.665,3.200,4.994,0.046,false,29.367,NONE,14,0,sequential_yolo_pose,SM-S906U1,GPU
2026-04-22 23:16:11.924,58.556,18.433,22.959,1.076,1.108,5.522,5.598,0.054,false,20.250,NONE,14,0,sequential_yolo_pose,SM-S906U1,GPU
2026-04-22 23:16:11.989,58.384,20.855,21.874,0.579,1.022,5.098,5.759,0.030,false,37.164,NONE,14,0,sequential_yolo_pose,SM-S906U1,GPU
2026-04-22 23:16:12.062,65.224,26.500,22.073,0.537,1.108,4.783,5.153,0.057,false,30.117,NONE,14,0,sequential_yolo_pose,SM-S906U1,GPU
2026-04-22 23:16:12.135,68.988,28.627,24.579,0.612,1.248,4.941,5.335,0.061,false,21.918,NONE,15,0,sequential_yolo_pose,SM-S906U1,GPU
2026-04-22 23:16:12.200,60.610,20.147,21.088,0.490,1.112,4.500,7.586,0.059,false,38.801,NONE,15,0,sequential_yolo_pose,SM-S906U1,GPU
2026-04-22 23:16:12.262,56.041,21.314,21.963,0.522,0.767,3.360,4.758,0.042,false,29.578,NONE,15,0,sequential_yolo_pose,SM-S906U1,GPU
2026-04-22 23:16:12.324,59.546,20.122,20.800,0.375,0.654,7.446,7.102,0.063,false,18.973,NONE,15,0,sequential_yolo_pose,SM-S906U1,GPU
2026-04-22 23:16:12.395,66.100,24.595,26.752,0.355,0.723,5.059,5.185,0.024,false,36.231,NONE,15,0,sequential_yolo_pose,SM-S906U1,GPU
2026-04-22 23:16:12.461,62.136,19.216,28.701,0.550,1.058,4.276,5.267,0.052,false,17.125,NONE,15,0,sequential_yolo_pose,SM-S906U1,GPU
2026-04-22 23:16:12.521,55.820,17.493,22.869,0.962,0.968,4.656,6.142,0.045,false,20.234,NONE,15,0,sequential_yolo_pose,SM-S906U1,GPU
2026-04-22 23:16:12.586,61.141,18.776,26.392,0.626,1.039,4.610,6.311,0.047,false,37.180,NONE,15,0,sequential_yolo_pose,SM-S906U1,GPU
2026-04-22 23:16:12.674,80.046,30.472,27.550,1.578,1.228,6.053,6.731,0.055,false,29.680,NONE,15,0,sequential_yolo_pose,SM-S906U1,GPU
2026-04-22 23:16:12.752,68.332,27.925,24.197,1.305,0.990,4.897,5.148,0.059,false,46.563,NONE,15,0,sequential_yolo_pose,SM-S906U1,GPU
2026-04-22 23:16:12.815,59.284,18.429,24.436,1.058,1.147,4.737,6.917,0.044,false,16.789,NONE,15,0,sequential_yolo_pose,SM-S906U1,GPU
2026-04-22 23:16:12.881,61.640,21.792,24.275,0.993,0.955,4.472,5.223,0.050,false,20.109,NONE,15,0,sequential_yolo_pose,SM-S906U1,GPU
2026-04-22 23:16:12.946,59.758,22.619,22.194,0.473,1.044,3.925,6.289,0.030,false,37.055,NONE,15,0,sequential_yolo_pose,SM-S906U1,GPU
2026-04-22 23:16:13.021,71.961,34.054,23.500,0.526,1.608,4.063,4.856,0.041,false,28.551,NONE,15,0,sequential_yolo_pose,SM-S906U1,GPU
2026-04-22 23:16:13.082,57.426,19.074,21.369,0.366,0.627,6.471,6.521,0.042,false,45.496,NONE,15,0,sequential_yolo_pose,SM-S906U1,GPU
2026-04-22 23:16:13.148,61.946,21.230,25.783,0.534,1.153,4.343,5.455,0.053,false,16.809,NONE,15,0,sequential_yolo_pose,SM-S906U1,GPU
2026-04-22 23:16:13.212,59.385,19.269,21.158,0.427,3.192,5.413,6.497,0.053,false,20.141,NONE,15,0,sequential_yolo_pose,SM-S906U1,GPU
2026-04-22 23:16:13.277,59.900,19.157,25.626,0.485,0.660,3.365,8.075,0.036,false,37.211,NONE,15,0,sequential_yolo_pose,SM-S906U1,GPU
2026-04-22 23:16:13.337,55.385,18.748,21.603,0.733,1.125,5.008,5.569,0.060,false,17.188,NONE,15,0,sequential_yolo_pose,SM-S906U1,GPU
2026-04-22 23:16:13.405,61.497,22.466,20.972,0.502,0.725,6.938,6.132,0.052,false,20.109,NONE,15,0,sequential_yolo_pose,SM-S906U1,GPU
2026-04-22 23:16:13.474,60.334,22.984,22.064,0.668,0.983,4.894,5.136,0.035,false,37.274,NONE,15,0,sequential_yolo_pose,SM-S906U1,GPU
2026-04-22 23:16:13.553,74.736,28.112,29.534,0.637,1.704,4.323,6.804,0.053,false,21.898,NONE,15,0,sequential_yolo_pose,SM-S906U1,GPU
2026-04-22 23:16:13.620,62.845,20.987,23.051,0.688,0.973,8.503,5.171,0.059,false,38.844,NONE,15,0,sequential_yolo_pose,SM-S906U1,GPU
2026-04-22 23:16:13.695,63.963,24.271,20.978,0.701,3.524,4.804,5.829,0.048,false,20.109,NONE,15,0,sequential_yolo_pose,SM-S906U1,GPU
2026-04-22 23:16:13.762,62.543,23.467,22.663,0.819,0.984,4.802,6.329,0.055,false,37.242,NONE,15,0,sequential_yolo_pose,SM-S906U1,GPU
2026-04-22 23:16:13.829,63.527,20.311,28.521,1.638,0.970,3.817,5.682,0.047,false,17.184,NONE,15,0,sequential_yolo_pose,SM-S906U1,GPU
2026-04-22 23:16:13.902,68.099,26.395,23.340,0.919,1.089,5.268,7.157,0.041,false,20.109,NONE,15,0,sequential_yolo_pose,SM-S906U1,GPU
2026-04-22 23:16:13.976,67.197,24.032,24.432,0.785,1.009,4.666,8.541,0.050,false,20.109,NONE,15,0,sequential_yolo_pose,SM-S906U1,GPU
2026-04-22 23:16:14.049,64.498,22.358,23.478,1.124,1.197,5.106,7.181,0.057,false,20.246,NONE,15,0,sequential_yolo_pose,SM-S906U1,GPU
2026-04-22 23:16:14.119,63.984,26.094,23.825,0.586,1.333,3.599,4.905,0.062,false,37.129,NONE,15,0,sequential_yolo_pose,SM-S906U1,GPU
2026-04-22 23:16:14.182,59.026,29.039,26.286,0.243,0.000,0.000,0.000,0.000,true,13.742,NONE,15,0,sequential_yolo_pose,SM-S906U1,GPU
2026-04-22 23:16:14.254,55.760,30.216,21.693,0.248,0.000,0.000,0.000,0.000,true,27.481,NONE,15,0,sequential_yolo_pose,SM-S906U1,GPU
2026-04-22 23:16:14.342,76.777,30.005,22.247,0.569,1.205,5.143,11.664,0.185,false,33.750,NONE,15,0,sequential_yolo_pose,SM-S906U1,GPU
2026-04-22 23:16:14.427,78.229,36.904,21.239,0.478,1.568,7.870,5.958,0.053,false,30.180,NONE,15,0,sequential_yolo_pose,SM-S906U1,GPU
2026-04-22 23:16:14.506,75.069,29.546,21.866,1.402,1.631,8.378,8.256,0.055,false,20.082,NONE,15,0,sequential_yolo_pose,SM-S906U1,GPU
2026-04-22 23:16:14.567,56.525,21.599,22.262,0.311,0.633,3.360,4.962,0.038,false,37.121,NONE,15,0,sequential_yolo_pose,SM-S906U1,GPU
2026-04-22 23:16:14.631,60.744,21.405,24.599,0.825,1.080,4.698,5.107,0.042,false,17.105,NONE,15,0,sequential_yolo_pose,SM-S906U1,GPU
2026-04-22 23:16:14.704,68.705,21.713,24.041,0.605,1.835,10.102,6.587,0.050,false,20.141,NONE,15,0,sequential_yolo_pose,SM-S906U1,GPU
2026-04-22 23:16:14.777,67.163,27.643,21.864,0.617,1.106,5.029,6.861,0.064,false,37.149,NONE,15,0,sequential_yolo_pose,SM-S906U1,GPU
2026-04-22 23:16:14.842,61.031,20.030,21.977,0.400,1.057,5.003,8.487,0.041,false,17.188,NONE,15,0,sequential_yolo_pose,SM-S906U1,GPU
2026-04-22 23:16:14.906,58.176,22.868,21.295,0.602,0.766,3.467,5.145,0.040,false,20.168,NONE,15,0,sequential_yolo_pose,SM-S906U1,GPU
2026-04-22 23:16:14.963,53.521,19.710,21.034,0.274,0.618,3.577,4.768,0.039,false,37.207,NONE,15,0,sequential_yolo_pose,SM-S906U1,GPU
2026-04-22 23:16:15.029,61.567,22.135,22.695,0.623,1.619,4.464,5.768,0.048,false,17.172,NONE,15,0,sequential_yolo_pose,SM-S906U1,GPU
2026-04-22 23:16:15.095,61.576,21.447,21.957,1.546,1.232,6.401,5.639,0.053,false,20.172,NONE,15,0,sequential_yolo_pose,SM-S906U1,GPU
2026-04-22 23:16:15.187,88.690,50.797,20.801,0.461,1.194,6.710,4.712,0.049,false,37.336,NONE,14,0,sequential_yolo_pose,SM-S906U1,GPU
2026-04-22 23:16:15.252,60.974,25.560,21.891,0.388,1.044,4.322,4.975,0.046,false,30.125,NONE,14,0,sequential_yolo_pose,SM-S906U1,GPU
2026-04-22 23:16:15.318,62.331,24.836,21.968,0.360,1.068,4.585,6.184,0.047,false,16.715,NONE,14,0,sequential_yolo_pose,SM-S906U1,GPU
2026-04-22 23:16:15.379,57.143,19.178,21.608,0.693,0.937,4.333,6.904,0.036,false,20.262,NONE,14,0,sequential_yolo_pose,SM-S906U1,GPU
2026-04-22 23:16:15.440,56.449,18.845,20.787,0.419,0.901,4.058,8.380,0.040,false,37.145,NONE,14,0,sequential_yolo_pose,SM-S906U1,GPU
2026-04-22 23:16:15.518,68.061,24.443,25.047,0.525,1.381,5.454,5.314,0.051,false,20.199,NONE,14,0,sequential_yolo_pose,SM-S906U1,GPU
2026-04-22 23:16:15.580,59.073,19.457,22.825,0.845,1.083,5.461,5.491,0.023,false,20.141,NONE,14,0,sequential_yolo_pose,SM-S906U1,GPU
2026-04-22 23:16:15.636,51.826,17.484,22.594,0.355,0.784,3.272,5.131,0.039,false,37.086,NONE,14,0,sequential_yolo_pose,SM-S906U1,GPU
2026-04-22 23:16:15.696,57.283,18.692,23.462,0.457,1.157,4.676,6.445,0.028,false,17.168,NONE,14,0,sequential_yolo_pose,SM-S906U1,GPU
2026-04-22 23:16:15.758,58.544,18.757,21.986,0.837,1.155,6.090,6.670,0.043,false,20.266,NONE,14,0,sequential_yolo_pose,SM-S906U1,GPU
2026-04-22 23:16:15.816,54.588,17.999,20.074,0.366,0.631,3.179,9.014,0.046,false,37.211,NONE,14,0,sequential_yolo_pose,SM-S906U1,GPU
2026-04-22 23:16:15.891,69.813,23.531,24.519,0.683,1.442,11.169,5.155,0.055,false,17.141,NONE,14,0,sequential_yolo_pose,SM-S906U1,GPU
2026-04-22 23:16:15.957,60.897,22.816,21.980,0.893,1.759,4.654,5.106,0.054,false,20.234,NONE,14,0,sequential_yolo_pose,SM-S906U1,GPU
2026-04-22 23:16:16.013,52.772,17.777,21.663,0.369,0.583,3.177,6.741,0.035,false,37.086,NONE,14,0,sequential_yolo_pose,SM-S906U1,GPU
2026-04-22 23:16:16.082,63.820,22.514,25.017,0.602,1.098,4.758,5.818,0.043,false,30.215,NONE,14,0,sequential_yolo_pose,SM-S906U1,GPU
2026-04-22 23:16:16.150,62.601,24.477,22.260,0.589,0.948,5.179,5.744,0.061,false,47.129,NONE,14,0,sequential_yolo_pose,SM-S906U1,GPU
2026-04-22 23:16:16.211,58.020,20.264,21.150,0.591,1.086,4.592,7.307,0.049,false,16.785,NONE,16,0,sequential_yolo_pose,SM-S906U1,GPU
2026-04-22 23:16:16.273,55.539,18.434,21.187,2.904,1.011,3.599,5.215,0.047,false,20.172,NONE,16,0,sequential_yolo_pose,SM-S906U1,GPU
2026-04-22 23:16:16.335,58.229,20.400,21.013,0.597,0.916,4.344,7.600,0.050,false,37.211,NONE,16,0,sequential_yolo_pose,SM-S906U1,GPU
2026-04-22 23:16:16.397,58.553,22.019,20.616,0.660,1.123,4.298,6.535,0.051,false,17.168,NONE,16,0,sequential_yolo_pose,SM-S906U1,GPU
2026-04-22 23:16:16.462,59.923,21.767,23.436,0.654,1.192,4.521,5.065,0.049,false,20.262,NONE,16,0,sequential_yolo_pose,SM-S906U1,GPU
2026-04-22 23:16:16.527,60.120,18.408,21.719,0.820,0.812,9.926,5.471,0.051,false,20.234,NONE,16,0,sequential_yolo_pose,SM-S906U1,GPU
2026-04-22 23:16:16.586,53.954,17.957,21.068,0.506,0.632,3.733,7.746,0.039,false,37.242,NONE,16,0,sequential_yolo_pose,SM-S906U1,GPU
2026-04-22 23:16:16.656,63.980,25.576,21.643,0.758,1.138,4.851,5.131,0.057,false,28.586,NONE,16,0,sequential_yolo_pose,SM-S906U1,GPU
2026-04-22 23:16:16.721,60.090,22.309,20.645,0.658,1.561,3.813,5.225,0.058,false,28.613,NONE,16,0,sequential_yolo_pose,SM-S906U1,GPU
2026-04-22 23:16:16.791,65.516,31.988,22.040,0.467,0.722,3.146,4.760,0.051,false,29.559,NONE,16,0,sequential_yolo_pose,SM-S906U1,GPU
2026-04-22 23:16:16.859,65.198,25.040,22.627,1.125,1.253,5.547,5.533,0.058,false,20.141,NONE,16,0,sequential_yolo_pose,SM-S906U1,GPU
2026-04-22 23:16:16.935,71.292,30.809,22.759,0.832,1.193,5.597,5.292,0.046,false,37.211,NONE,16,0,sequential_yolo_pose,SM-S906U1,GPU
2026-04-22 23:16:17.005,65.597,28.510,21.316,0.777,1.112,5.225,5.089,0.052,false,21.895,NONE,16,0,sequential_yolo_pose,SM-S906U1,GPU
2026-04-22 23:16:17.061,50.670,18.435,20.516,0.507,0.632,3.303,4.891,0.053,false,38.746,NONE,16,0,sequential_yolo_pose,SM-S906U1,GPU
2026-04-22 23:16:17.127,61.593,26.196,22.243,0.458,0.698,3.213,5.490,0.040,false,29.652,NONE,16,0,sequential_yolo_pose,SM-S906U1,GPU
2026-04-22 23:16:17.194,63.336,20.087,23.593,3.360,1.296,5.887,5.135,0.050,false,20.234,NONE,15,0,sequential_yolo_pose,SM-S906U1,GPU
2026-04-22 23:16:17.253,51.132,17.652,21.773,0.516,0.650,3.217,4.918,0.028,false,37.242,NONE,15,0,sequential_yolo_pose,SM-S906U1,GPU
2026-04-22 23:16:17.314,58.817,18.315,24.269,0.615,1.202,5.786,6.311,0.055,false,17.238,NONE,15,0,sequential_yolo_pose,SM-S906U1,GPU
2026-04-22 23:16:17.383,64.084,24.842,21.525,1.087,1.326,4.548,7.029,0.054,false,20.172,NONE,15,0,sequential_yolo_pose,SM-S906U1,GPU
2026-04-22 23:16:17.447,60.651,22.730,21.452,0.561,0.898,5.295,6.163,0.043,false,37.180,NONE,15,0,sequential_yolo_pose,SM-S906U1,GPU
2026-04-22 23:16:17.519,62.772,22.640,20.806,0.720,0.769,3.234,10.538,0.043,false,20.176,NONE,15,0,sequential_yolo_pose,SM-S906U1,GPU
2026-04-22 23:16:17.575,52.598,17.496,20.476,0.817,1.093,4.784,5.589,0.055,false,37.215,NONE,15,0,sequential_yolo_pose,SM-S906U1,GPU
2026-04-22 23:16:17.646,64.757,23.791,22.634,0.998,1.151,6.394,6.116,0.057,false,17.082,NONE,15,0,sequential_yolo_pose,SM-S906U1,GPU
2026-04-22 23:16:17.714,62.497,23.294,20.721,0.549,2.682,4.759,6.849,0.050,false,20.258,NONE,15,0,sequential_yolo_pose,SM-S906U1,GPU
2026-04-22 23:16:17.777,59.016,21.739,20.793,0.613,1.019,4.727,5.114,0.052,false,37.172,NONE,15,0,sequential_yolo_pose,SM-S906U1,GPU
2026-04-22 23:16:17.851,67.569,24.866,20.884,0.478,1.335,7.556,8.944,0.047,false,21.977,NONE,15,0,sequential_yolo_pose,SM-S906U1,GPU
2026-04-22 23:16:17.922,67.114,24.387,21.770,0.510,0.954,9.982,5.461,0.046,false,38.860,NONE,15,0,sequential_yolo_pose,SM-S906U1,GPU
2026-04-22 23:16:17.985,57.034,18.216,22.427,0.567,1.024,4.370,7.012,0.023,false,29.774,NONE,15,0,sequential_yolo_pose,SM-S906U1,GPU
2026-04-22 23:16:18.049,60.473,18.595,24.759,1.350,1.636,5.162,5.760,0.052,false,20.266,NONE,15,0,sequential_yolo_pose,SM-S906U1,GPU
2026-04-22 23:16:18.114,60.347,24.072,19.891,0.558,1.074,4.561,6.052,0.161,false,37.180,NONE,15,0,sequential_yolo_pose,SM-S906U1,GPU
2026-04-22 23:16:18.184,61.356,27.296,20.512,0.402,0.701,3.190,5.860,0.051,false,30.149,NONE,15,0,sequential_yolo_pose,SM-S906U1,GPU
2026-04-22 23:16:18.250,62.093,20.824,26.244,0.627,1.154,4.472,5.701,0.050,false,16.848,NONE,16,0,sequential_yolo_pose,SM-S906U1,GPU
2026-04-22 23:16:18.312,55.919,17.973,23.334,0.833,0.716,3.874,6.181,0.080,false,20.230,NONE,16,0,sequential_yolo_pose,SM-S906U1,GPU
2026-04-22 23:16:18.369,51.669,18.646,20.500,0.403,0.675,3.293,5.827,0.048,false,37.176,NONE,16,0,sequential_yolo_pose,SM-S906U1,GPU
2026-04-22 23:16:18.432,58.922,23.631,22.517,0.422,0.703,3.383,5.207,0.034,false,21.871,NONE,16,0,sequential_yolo_pose,SM-S906U1,GPU
2026-04-22 23:16:18.493,57.919,21.273,22.530,0.572,1.130,4.599,5.236,0.044,false,38.785,NONE,16,0,sequential_yolo_pose,SM-S906U1,GPU
2026-04-22 23:16:18.566,61.576,23.430,22.674,0.648,1.248,4.770,5.025,0.048,false,20.074,NONE,16,0,sequential_yolo_pose,SM-S906U1,GPU
2026-04-22 23:16:18.629,58.015,23.156,21.942,0.744,0.731,3.523,4.871,0.060,false,20.074,NONE,16,0,sequential_yolo_pose,SM-S906U1,GPU
2026-04-22 23:16:18.690,55.525,19.253,21.180,0.315,0.678,5.484,5.047,0.058,false,37.238,NONE,16,0,sequential_yolo_pose,SM-S906U1,GPU
2026-04-22 23:16:18.754,59.854,22.595,21.368,0.497,1.147,5.572,5.939,0.034,false,17.105,NONE,16,0,sequential_yolo_pose,SM-S906U1,GPU
2026-04-22 23:16:18.819,61.693,19.681,24.356,1.015,1.227,6.186,5.806,0.057,false,20.293,NONE,16,0,sequential_yolo_pose,SM-S906U1,GPU
2026-04-22 23:16:18.877,54.287,18.955,21.018,0.414,0.956,4.650,5.614,0.056,false,37.145,NONE,16,0,sequential_yolo_pose,SM-S906U1,GPU
2026-04-22 23:16:18.939,56.709,20.899,21.465,0.416,0.741,4.233,5.293,0.055,false,21.801,NONE,16,0,sequential_yolo_pose,SM-S906U1,GPU
2026-04-22 23:16:18.999,53.172,18.389,21.566,0.345,0.654,3.347,6.502,0.033,false,38.653,NONE,16,0,sequential_yolo_pose,SM-S906U1,GPU
2026-04-22 23:16:19.060,58.323,21.491,25.227,0.282,0.749,3.230,4.770,0.073,false,29.621,NONE,16,0,sequential_yolo_pose,SM-S906U1,GPU
2026-04-22 23:16:19.123,59.816,23.406,21.186,0.768,1.057,4.698,4.935,0.066,false,20.172,NONE,16,0,sequential_yolo_pose,SM-S906U1,GPU
2026-04-22 23:16:19.188,62.018,20.683,20.534,0.919,1.688,8.039,6.120,0.031,false,20.223,NONE,16,0,sequential_yolo_pose,SM-S906U1,GPU
2026-04-22 23:16:19.251,59.704,18.956,25.131,0.827,1.226,5.212,5.172,0.072,false,20.141,NONE,16,0,sequential_yolo_pose,SM-S906U1,GPU
2026-04-22 23:16:19.318,63.270,22.327,21.070,0.481,1.775,5.962,8.317,0.055,false,37.086,NONE,16,0,sequential_yolo_pose,SM-S906U1,GPU
2026-04-22 23:16:19.400,77.824,34.578,25.427,0.392,1.242,5.569,6.929,0.044,false,21.863,NONE,16,0,sequential_yolo_pose,SM-S906U1,GPU
2026-04-22 23:16:19.460,54.667,27.808,22.380,0.500,0.000,0.000,0.000,0.000,true,35.477,NONE,16,0,sequential_yolo_pose,SM-S906U1,GPU
2026-04-22 23:16:19.527,62.436,26.684,22.819,0.281,0.780,3.425,4.786,0.044,false,21.828,NONE,16,0,sequential_yolo_pose,SM-S906U1,GPU
2026-04-22 23:16:19.577,46.829,20.560,22.919,0.299,0.000,0.000,0.000,0.000,true,35.410,NONE,16,0,sequential_yolo_pose,SM-S906U1,GPU
2026-04-22 23:16:19.653,69.448,24.870,26.992,0.553,1.896,6.092,5.459,0.052,false,17.102,NONE,16,0,sequential_yolo_pose,SM-S906U1,GPU
2026-04-22 23:16:19.729,70.936,26.562,25.779,0.908,1.291,4.850,5.084,0.045,false,20.203,NONE,16,0,sequential_yolo_pose,SM-S906U1,GPU
2026-04-22 23:16:19.790,57.022,20.233,21.132,0.536,1.788,4.493,5.499,0.047,false,37.117,NONE,16,0,sequential_yolo_pose,SM-S906U1,GPU
2026-04-22 23:16:19.855,60.425,19.486,23.485,0.445,0.694,7.713,5.604,0.047,false,17.238,NONE,16,0,sequential_yolo_pose,SM-S906U1,GPU
2026-04-22 23:16:19.919,60.964,18.648,25.838,1.062,1.131,4.747,4.996,0.054,false,20.262,NONE,16,0,sequential_yolo_pose,SM-S906U1,GPU
2026-04-22 23:16:20.000,75.829,23.886,22.393,0.509,6.100,4.257,12.494,0.031,false,37.239,NONE,16,0,sequential_yolo_pose,SM-S906U1,GPU
2026-04-22 23:16:20.075,70.576,32.693,23.397,0.543,1.160,4.509,5.844,0.044,false,23.203,NONE,16,0,sequential_yolo_pose,SM-S906U1,GPU
2026-04-22 23:16:20.138,59.232,17.765,23.897,0.719,1.933,4.693,6.724,0.049,false,21.438,NONE,16,0,sequential_yolo_pose,SM-S906U1,GPU
2026-04-22 23:16:20.200,57.151,18.372,25.254,0.445,0.614,3.424,5.850,0.045,false,38.352,NONE,16,0,sequential_yolo_pose,SM-S906U1,GPU
2026-04-22 23:16:20.273,68.079,24.906,27.384,0.559,1.166,4.713,6.934,0.044,false,29.731,NONE,14,0,sequential_yolo_pose,SM-S906U1,GPU
2026-04-22 23:16:20.335,55.635,19.746,21.518,0.597,1.062,4.601,5.521,0.059,false,46.614,NONE,14,0,sequential_yolo_pose,SM-S906U1,GPU
2026-04-22 23:16:20.401,61.719,23.430,21.944,0.624,0.598,5.244,6.390,0.048,false,16.793,NONE,14,0,sequential_yolo_pose,SM-S906U1,GPU
2026-04-22 23:16:20.461,55.274,18.320,22.610,0.607,1.013,4.604,5.513,0.041,false,33.738,NONE,14,0,sequential_yolo_pose,SM-S906U1,GPU
2026-04-22 23:16:20.541,73.418,31.484,20.952,0.644,1.241,5.595,6.037,0.060,false,29.430,NONE,14,0,sequential_yolo_pose,SM-S906U1,GPU
2026-04-22 23:16:20.623,70.977,29.922,21.473,0.677,1.186,7.100,5.697,0.062,false,29.738,NONE,14,0,sequential_yolo_pose,SM-S906U1,GPU
2026-04-22 23:16:20.697,68.737,31.088,21.139,0.697,1.163,5.244,5.325,0.063,false,29.649,NONE,14,0,sequential_yolo_pose,SM-S906U1,GPU
2026-04-22 23:16:20.771,69.429,28.826,22.397,1.221,1.279,5.316,5.865,0.059,false,16.648,NONE,14,0,sequential_yolo_pose,SM-S906U1,GPU
2026-04-22 23:16:20.851,74.871,28.797,23.345,0.775,1.222,9.099,7.717,0.053,false,33.656,NONE,14,0,sequential_yolo_pose,SM-S906U1,GPU
2026-04-22 23:16:20.917,57.911,19.604,20.440,0.668,0.977,4.914,6.424,0.053,false,29.688,NONE,14,0,sequential_yolo_pose,SM-S906U1,GPU
2026-04-22 23:16:20.986,63.860,24.915,23.270,1.014,0.973,4.773,5.033,0.053,false,20.234,NONE,14,0,sequential_yolo_pose,SM-S906U1,GPU
2026-04-22 23:16:21.044,54.138,17.045,20.924,0.531,1.039,4.914,6.676,0.045,false,37.211,NONE,14,0,sequential_yolo_pose,SM-S906U1,GPU
2026-04-22 23:16:21.122,73.505,29.826,21.257,0.515,2.323,7.518,8.880,0.048,false,21.887,NONE,14,0,sequential_yolo_pose,SM-S906U1,GPU
2026-04-22 23:16:21.172,45.761,21.764,20.793,0.348,0.000,0.000,0.000,0.000,true,35.469,NONE,14,0,sequential_yolo_pose,SM-S906U1,GPU
2026-04-22 23:16:21.226,50.294,24.236,23.107,0.180,0.000,0.000,0.000,0.000,true,19.863,NONE,15,0,sequential_yolo_pose,SM-S906U1,GPU
2026-04-22 23:16:21.294,63.090,24.169,22.127,0.782,1.280,6.170,5.198,0.064,false,36.809,NONE,15,0,sequential_yolo_pose,SM-S906U1,GPU
2026-04-22 23:16:21.348,49.246,21.943,23.568,0.374,0.000,0.000,0.000,0.000,true,13.758,NONE,15,0,sequential_yolo_pose,SM-S906U1,GPU
2026-04-22 23:16:21.409,56.625,23.153,28.589,1.690,0.000,0.000,0.000,0.000,true,16.809,NONE,15,0,sequential_yolo_pose,SM-S906U1,GPU
2026-04-22 23:16:21.459,43.870,19.493,21.371,0.214,0.000,0.000,0.000,0.000,true,30.547,NONE,15,0,sequential_yolo_pose,SM-S906U1,GPU
2026-04-22 23:16:21.513,50.862,26.697,20.986,0.210,0.000,0.000,0.000,0.000,true,13.734,NONE,15,0,sequential_yolo_pose,SM-S906U1,GPU
2026-04-22 23:16:21.577,54.659,25.659,24.438,0.848,0.000,0.000,0.000,0.000,true,16.707,NONE,15,0,sequential_yolo_pose,SM-S906U1,GPU
2026-04-22 23:16:21.658,74.089,28.098,22.491,0.560,1.412,9.112,6.974,0.061,false,33.809,NONE,15,0,sequential_yolo_pose,SM-S906U1,GPU
2026-04-22 23:16:21.726,62.889,26.418,20.275,0.617,1.020,5.185,5.606,0.054,false,30.207,NONE,15,0,sequential_yolo_pose,SM-S906U1,GPU
2026-04-22 23:16:21.799,67.621,22.487,27.685,1.016,1.108,5.865,5.056,0.058,false,20.172,NONE,15,0,sequential_yolo_pose,SM-S906U1,GPU
2026-04-22 23:16:21.857,53.090,17.711,20.187,0.492,2.665,4.306,5.105,0.055,false,37.117,NONE,15,0,sequential_yolo_pose,SM-S906U1,GPU
2026-04-22 23:16:21.922,61.439,23.593,24.165,0.489,1.128,4.018,5.004,0.048,false,21.926,NONE,15,0,sequential_yolo_pose,SM-S906U1,GPU
2026-04-22 23:16:21.986,59.947,22.304,21.227,0.681,2.287,4.542,5.389,0.058,false,38.809,NONE,15,0,sequential_yolo_pose,SM-S906U1,GPU
2026-04-22 23:16:22.057,60.790,21.815,22.887,0.493,1.289,5.805,5.210,0.045,false,20.262,NONE,15,0,sequential_yolo_pose,SM-S906U1,GPU
2026-04-22 23:16:22.119,57.511,22.112,21.747,0.725,1.098,3.594,4.726,0.045,false,20.262,NONE,15,0,sequential_yolo_pose,SM-S906U1,GPU
2026-04-22 23:16:22.186,62.813,24.287,21.033,0.832,1.028,4.955,5.983,0.043,false,20.230,NONE,15,0,sequential_yolo_pose,SM-S906U1,GPU
2026-04-22 23:16:22.250,58.598,23.204,20.763,0.558,0.721,5.248,4.702,0.050,false,20.293,NONE,16,0,sequential_yolo_pose,SM-S906U1,GPU
2026-04-22 23:16:22.311,56.149,18.294,20.311,0.969,1.065,5.105,6.187,0.052,false,20.281,NONE,16,0,sequential_yolo_pose,SM-S906U1,GPU
2026-04-22 23:16:22.379,61.611,23.956,21.661,0.502,0.683,5.304,6.298,0.058,false,37.196,NONE,16,0,sequential_yolo_pose,SM-S906U1,GPU
2026-04-22 23:16:22.443,56.136,19.668,22.103,0.509,0.698,3.050,7.250,0.048,false,21.949,NONE,16,0,sequential_yolo_pose,SM-S906U1,GPU
2026-04-22 23:16:22.506,57.315,20.086,21.374,0.457,0.591,4.711,7.038,0.052,false,38.832,NONE,16,0,sequential_yolo_pose,SM-S906U1,GPU
2026-04-22 23:16:22.577,62.965,22.208,22.488,0.749,1.201,5.996,7.878,0.053,false,29.652,NONE,16,0,sequential_yolo_pose,SM-S906U1,GPU
2026-04-22 23:16:22.652,68.317,23.981,21.199,0.534,1.229,10.130,7.751,0.041,false,20.266,NONE,16,0,sequential_yolo_pose,SM-S906U1,GPU
2026-04-22 23:16:22.718,61.988,20.206,22.784,0.417,0.978,6.263,8.712,0.053,false,37.274,NONE,16,0,sequential_yolo_pose,SM-S906U1,GPU
2026-04-22 23:16:22.776,53.487,19.477,20.499,0.256,0.610,3.115,6.175,0.041,false,17.078,NONE,16,0,sequential_yolo_pose,SM-S906U1,GPU
2026-04-22 23:16:22.847,66.351,26.606,23.382,0.478,1.123,4.883,5.823,0.043,false,20.273,NONE,16,0,sequential_yolo_pose,SM-S906U1,GPU
2026-04-22 23:16:22.903,51.895,17.976,21.928,0.612,0.635,3.127,4.744,0.046,false,20.168,NONE,16,0,sequential_yolo_pose,SM-S906U1,GPU
2026-04-22 23:16:22.965,56.283,20.684,21.077,0.502,1.019,4.586,5.225,0.074,false,37.176,NONE,16,0,sequential_yolo_pose,SM-S906U1,GPU
2026-04-22 23:16:23.043,73.149,32.040,22.382,0.626,1.468,5.360,6.941,0.050,false,21.867,NONE,16,0,sequential_yolo_pose,SM-S906U1,GPU
2026-04-22 23:16:23.119,64.882,23.371,22.191,0.422,0.885,7.462,6.707,0.079,false,38.750,NONE,16,0,sequential_yolo_pose,SM-S906U1,GPU
2026-04-22 23:16:23.192,66.783,23.769,21.141,0.687,5.145,7.454,5.544,0.056,false,29.617,NONE,16,0,sequential_yolo_pose,SM-S906U1,GPU
2026-04-22 23:16:23.260,63.016,23.188,25.371,0.684,0.977,4.224,5.119,0.044,false,20.258,NONE,15,0,sequential_yolo_pose,SM-S906U1,GPU
2026-04-22 23:16:23.324,58.965,19.433,23.168,0.540,1.567,6.235,5.203,0.066,false,37.235,NONE,15,0,sequential_yolo_pose,SM-S906U1,GPU
2026-04-22 23:16:23.392,63.736,25.852,21.701,1.426,1.229,5.076,5.017,0.045,false,17.230,NONE,15,0,sequential_yolo_pose,SM-S906U1,GPU
2026-04-22 23:16:23.457,60.275,23.357,22.541,1.992,0.932,3.671,4.732,0.041,false,20.234,NONE,15,0,sequential_yolo_pose,SM-S906U1,GPU
2026-04-22 23:16:23.523,61.751,20.992,21.687,2.470,1.707,6.128,4.922,0.045,false,20.230,NONE,15,0,sequential_yolo_pose,SM-S906U1,GPU
2026-04-22 23:16:23.586,59.217,21.367,21.539,0.725,1.225,5.855,5.508,0.047,false,37.145,NONE,15,0,sequential_yolo_pose,SM-S906U1,GPU
2026-04-22 23:16:23.661,70.032,26.872,21.960,0.484,6.030,4.483,6.530,0.049,false,21.895,NONE,15,0,sequential_yolo_pose,SM-S906U1,GPU
2026-04-22 23:16:23.731,63.585,23.232,21.748,0.684,1.353,4.594,8.417,0.042,false,38.809,NONE,15,0,sequential_yolo_pose,SM-S906U1,GPU
2026-04-22 23:16:23.795,59.577,24.547,20.920,0.514,0.954,3.638,5.861,0.047,false,29.684,NONE,15,0,sequential_yolo_pose,SM-S906U1,GPU
2026-04-22 23:16:23.861,62.698,21.040,27.406,0.557,0.997,4.030,5.629,0.046,false,20.293,NONE,15,0,sequential_yolo_pose,SM-S906U1,GPU
2026-04-22 23:16:23.926,60.983,22.509,21.956,2.502,0.912,4.154,4.768,0.041,false,20.195,NONE,15,0,sequential_yolo_pose,SM-S906U1,GPU
2026-04-22 23:16:23.987,57.071,21.155,21.262,0.437,1.145,4.808,5.277,0.044,false,37.141,NONE,15,0,sequential_yolo_pose,SM-S906U1,GPU
2026-04-22 23:16:24.053,61.728,26.930,21.370,0.317,0.986,3.727,5.017,0.058,false,28.551,NONE,15,0,sequential_yolo_pose,SM-S906U1,GPU
2026-04-22 23:16:24.116,59.067,23.495,21.452,0.438,0.920,4.486,4.954,0.057,false,20.203,NONE,15,0,sequential_yolo_pose,SM-S906U1,GPU
2026-04-22 23:16:24.177,56.998,20.144,22.330,0.616,0.918,4.457,5.416,0.045,false,20.258,NONE,15,0,sequential_yolo_pose,SM-S906U1,GPU
2026-04-22 23:16:24.246,62.756,21.355,23.291,1.228,0.945,5.198,7.445,0.047,false,20.289,NONE,15,0,sequential_yolo_pose,SM-S906U1,GPU
2026-04-22 23:16:24.321,67.482,24.119,21.723,0.491,0.929,6.493,10.319,0.056,false,37.266,NONE,16,0,sequential_yolo_pose,SM-S906U1,GPU
2026-04-22 23:16:24.384,56.862,28.765,23.465,0.192,0.000,0.000,0.000,0.000,true,25.316,NONE,16,0,sequential_yolo_pose,SM-S906U1,GPU
2026-04-22 23:16:24.443,53.277,27.003,22.067,0.592,0.000,0.000,0.000,0.000,true,38.930,NONE,16,0,sequential_yolo_pose,SM-S906U1,GPU
2026-04-22 23:16:24.519,70.801,31.287,20.920,0.353,0.865,5.636,8.226,0.048,false,21.938,NONE,16,0,sequential_yolo_pose,SM-S906U1,GPU
2026-04-22 23:16:24.586,61.827,22.171,20.835,0.485,0.861,7.028,7.476,0.054,false,38.852,NONE,16,0,sequential_yolo_pose,SM-S906U1,GPU
2026-04-22 23:16:24.653,61.686,24.209,20.777,0.417,1.202,4.746,6.538,0.073,false,29.649,NONE,16,0,sequential_yolo_pose,SM-S906U1,GPU
2026-04-22 23:16:24.725,67.831,25.154,22.838,0.606,1.234,8.019,5.349,0.051,false,16.688,NONE,16,0,sequential_yolo_pose,SM-S906U1,GPU
2026-04-22 23:16:24.792,60.702,24.508,22.012,0.345,1.516,2.776,4.942,0.066,false,20.188,NONE,16,0,sequential_yolo_pose,SM-S906U1,GPU
2026-04-22 23:16:24.855,57.892,21.463,22.886,0.582,0.921,4.001,5.014,0.050,false,20.258,NONE,16,0,sequential_yolo_pose,SM-S906U1,GPU
2026-04-22 23:16:24.918,57.973,21.614,20.572,0.955,2.210,4.276,4.831,0.044,false,20.172,NONE,16,0,sequential_yolo_pose,SM-S906U1,GPU
2026-04-22 23:16:24.983,61.476,22.654,21.891,0.476,0.899,7.122,5.600,0.041,false,37.086,NONE,16,0,sequential_yolo_pose,SM-S906U1,GPU
2026-04-22 23:16:25.059,69.777,21.773,21.374,0.540,1.007,11.900,7.122,0.053,false,28.731,NONE,16,0,sequential_yolo_pose,SM-S906U1,GPU
2026-04-22 23:16:25.126,60.640,22.107,21.284,0.503,0.919,4.011,5.777,0.044,false,29.695,NONE,16,0,sequential_yolo_pose,SM-S906U1,GPU
2026-04-22 23:16:25.186,56.423,20.392,23.789,0.430,0.745,2.898,4.763,0.050,false,17.199,NONE,16,0,sequential_yolo_pose,SM-S906U1,GPU
2026-04-22 23:16:25.256,65.161,21.873,22.126,0.841,1.007,6.535,9.680,0.049,false,20.203,NONE,16,0,sequential_yolo_pose,SM-S906U1,GPU
2026-04-22 23:16:25.324,62.119,22.170,22.257,1.049,1.646,5.816,5.343,0.056,false,20.203,NONE,14,0,sequential_yolo_pose,SM-S906U1,GPU
2026-04-22 23:16:25.383,53.462,19.643,20.682,0.490,0.698,3.543,5.591,0.039,false,37.211,NONE,14,0,sequential_yolo_pose,SM-S906U1,GPU
2026-04-22 23:16:25.443,56.535,19.807,21.728,0.541,1.125,4.512,5.768,0.049,false,21.871,NONE,14,0,sequential_yolo_pose,SM-S906U1,GPU
2026-04-22 23:16:25.516,66.213,21.955,22.590,0.343,0.930,4.360,12.346,0.289,false,38.848,NONE,14,0,sequential_yolo_pose,SM-S906U1,GPU
2026-04-22 23:16:25.594,72.712,22.905,21.789,0.631,1.909,14.324,5.418,0.037,false,30.594,NONE,14,0,sequential_yolo_pose,SM-S906U1,GPU
2026-04-22 23:16:25.666,62.390,24.191,21.572,0.544,0.690,3.161,5.165,0.038,false,20.074,NONE,14,0,sequential_yolo_pose,SM-S906U1,GPU
2026-04-22 23:16:25.728,58.488,21.484,23.466,0.452,0.933,4.007,5.284,0.029,false,37.051,NONE,14,0,sequential_yolo_pose,SM-S906U1,GPU
2026-04-22 23:16:25.793,60.288,21.957,20.515,0.551,3.198,6.154,5.109,0.047,false,21.891,NONE,14,0,sequential_yolo_pose,SM-S906U1,GPU
2026-04-22 23:16:25.858,61.247,22.286,20.786,0.424,1.137,8.110,5.233,0.038,false,38.836,NONE,14,0,sequential_yolo_pose,SM-S906U1,GPU
2026-04-22 23:16:25.917,53.950,16.120,21.287,0.585,1.163,4.779,6.128,0.067,false,30.563,NONE,14,0,sequential_yolo_pose,SM-S906U1,GPU
2026-04-22 23:16:25.977,55.469,20.787,21.253,0.629,0.695,3.171,5.647,0.051,false,20.188,NONE,14,0,sequential_yolo_pose,SM-S906U1,GPU
2026-04-22 23:16:26.036,52.234,16.336,21.990,0.383,0.838,4.101,5.782,0.058,false,37.196,NONE,14,0,sequential_yolo_pose,SM-S906U1,GPU
2026-04-22 23:16:26.101,61.100,23.659,22.731,0.393,1.007,4.094,5.943,0.054,false,21.895,NONE,14,0,sequential_yolo_pose,SM-S906U1,GPU
2026-04-22 23:16:26.164,58.241,23.810,20.856,0.521,0.916,4.169,5.049,0.049,false,38.809,NONE,14,0,sequential_yolo_pose,SM-S906U1,GPU
2026-04-22 23:16:26.225,56.454,20.636,22.366,0.459,1.022,3.913,5.060,0.047,false,29.621,NONE,14,0,sequential_yolo_pose,SM-S906U1,GPU
2026-04-22 23:16:26.294,62.781,21.988,25.304,0.884,1.020,5.029,4.944,0.043,false,20.180,NONE,16,0,sequential_yolo_pose,SM-S906U1,GPU
2026-04-22 23:16:26.359,60.724,24.268,22.173,0.881,0.893,4.224,4.851,0.043,false,37.188,NONE,16,0,sequential_yolo_pose,SM-S906U1,GPU
2026-04-22 23:16:26.428,65.182,28.688,21.910,0.684,1.013,4.046,5.177,0.039,false,23.086,NONE,16,0,sequential_yolo_pose,SM-S906U1,GPU
2026-04-22 23:16:26.488,55.108,21.242,20.965,0.560,0.639,3.387,5.131,0.061,false,40.000,NONE,16,0,sequential_yolo_pose,SM-S906U1,GPU
2026-04-22 23:16:26.555,60.045,24.796,20.937,0.478,0.688,5.007,4.883,0.066,false,29.348,NONE,16,0,sequential_yolo_pose,SM-S906U1,GPU
2026-04-22 23:16:26.620,60.444,22.715,21.310,0.773,1.234,5.600,5.478,0.051,false,20.266,NONE,16,0,sequential_yolo_pose,SM-S906U1,GPU
2026-04-22 23:16:26.685,61.773,21.329,21.803,0.565,0.653,3.249,11.245,0.020,false,37.211,NONE,16,0,sequential_yolo_pose,SM-S906U1,GPU
2026-04-22 23:16:26.752,62.651,19.162,22.978,0.618,1.604,5.664,8.631,0.113,false,29.715,NONE,16,0,sequential_yolo_pose,SM-S906U1,GPU
2026-04-22 23:16:26.823,59.291,21.350,24.328,0.544,0.838,3.999,4.557,0.042,false,20.230,NONE,16,0,sequential_yolo_pose,SM-S906U1,GPU
2026-04-22 23:16:26.886,59.604,21.641,21.429,0.861,2.228,4.376,5.575,0.040,false,20.297,NONE,16,0,sequential_yolo_pose,SM-S906U1,GPU
2026-04-22 23:16:26.950,60.567,21.363,21.382,0.489,0.854,4.202,9.494,0.059,false,37.180,NONE,16,0,sequential_yolo_pose,SM-S906U1,GPU
2026-04-22 23:16:27.013,58.481,21.606,22.565,0.597,1.016,3.808,5.577,0.064,false,30.090,NONE,16,0,sequential_yolo_pose,SM-S906U1,GPU
2026-04-22 23:16:27.079,60.478,21.834,20.929,1.053,1.128,4.701,6.256,0.050,false,20.234,NONE,16,0,sequential_yolo_pose,SM-S906U1,GPU
2026-04-22 23:16:27.141,57.688,21.449,20.789,0.590,1.008,4.336,5.944,0.048,false,37.149,NONE,16,0,sequential_yolo_pose,SM-S906U1,GPU
2026-04-22 23:16:27.207,62.068,25.767,20.806,0.590,0.928,4.032,5.378,0.048,false,28.555,NONE,16,0,sequential_yolo_pose,SM-S906U1,GPU
2026-04-22 23:16:27.272,56.896,20.454,22.555,1.155,0.899,3.152,5.265,0.043,false,20.172,NONE,15,0,sequential_yolo_pose,SM-S906U1,GPU
2026-04-22 23:16:27.331,55.569,21.261,21.059,0.672,0.866,3.807,5.003,0.057,false,37.086,NONE,15,0,sequential_yolo_pose,SM-S906U1,GPU
2026-04-22 23:16:27.398,63.568,27.706,22.151,0.614,0.880,3.931,4.967,0.038,false,21.922,NONE,15,0,sequential_yolo_pose,SM-S906U1,GPU
2026-04-22 23:16:27.460,58.255,23.641,20.986,0.532,0.999,3.724,4.898,0.054,false,38.930,NONE,15,0,sequential_yolo_pose,SM-S906U1,GPU
2026-04-22 23:16:27.521,57.954,23.698,20.888,0.510,1.038,3.730,5.000,0.035,false,29.582,NONE,15,0,sequential_yolo_pose,SM-S906U1,GPU
2026-04-22 23:16:27.586,61.506,20.413,22.521,1.246,1.157,7.428,5.437,0.040,false,20.258,NONE,15,0,sequential_yolo_pose,SM-S906U1,GPU
2026-04-22 23:16:27.645,55.733,19.226,19.925,0.441,0.625,3.590,8.730,0.042,false,37.141,NONE,15,0,sequential_yolo_pose,SM-S906U1,GPU
2026-04-22 23:16:27.714,63.137,24.302,21.530,0.535,1.032,4.814,7.307,0.036,false,29.719,NONE,15,0,sequential_yolo_pose,SM-S906U1,GPU
2026-04-22 23:16:27.784,62.043,23.385,21.309,0.556,1.130,4.968,7.466,0.068,false,20.266,NONE,15,0,sequential_yolo_pose,SM-S906U1,GPU
2026-04-22 23:16:27.850,61.468,22.523,21.278,0.459,1.770,4.389,6.661,0.048,false,20.262,NONE,15,0,sequential_yolo_pose,SM-S906U1,GPU
2026-04-22 23:16:27.923,70.214,28.685,20.793,1.012,2.529,7.516,5.524,0.030,false,20.234,NONE,15,0,sequential_yolo_pose,SM-S906U1,GPU
2026-04-22 23:16:27.982,55.775,18.240,22.089,0.785,0.705,3.538,6.132,0.054,false,20.199,NONE,15,0,sequential_yolo_pose,SM-S906U1,GPU
2026-04-22 23:16:28.037,50.955,17.405,21.439,0.395,0.578,3.151,5.869,0.024,false,37.238,NONE,15,0,sequential_yolo_pose,SM-S906U1,GPU
2026-04-22 23:16:28.101,61.325,25.490,22.586,0.564,0.943,3.874,5.538,0.043,false,21.961,NONE,15,0,sequential_yolo_pose,SM-S906U1,GPU
2026-04-22 23:16:28.165,58.376,22.210,21.949,0.564,0.906,4.230,5.243,0.037,false,38.844,NONE,15,0,sequential_yolo_pose,SM-S906U1,GPU
2026-04-22 23:16:28.231,59.872,22.260,21.364,0.393,0.679,3.172,5.189,0.045,false,29.727,NONE,15,0,sequential_yolo_pose,SM-S906U1,GPU
2026-04-22 23:16:28.295,60.150,23.909,22.249,0.536,0.968,4.293,5.084,0.048,false,21.930,NONE,16,0,sequential_yolo_pose,SM-S906U1,GPU
2026-04-22 23:16:28.357,57.457,21.804,21.052,0.555,0.985,4.371,5.164,0.040,false,38.969,NONE,16,0,sequential_yolo_pose,SM-S906U1,GPU
2026-04-22 23:16:28.435,68.739,29.100,23.105,0.972,0.989,4.360,5.858,0.051,false,20.164,NONE,16,0,sequential_yolo_pose,SM-S906U1,GPU
2026-04-22 23:16:28.499,59.809,23.081,20.969,0.554,0.954,4.260,5.476,0.052,false,37.235,NONE,16,0,sequential_yolo_pose,SM-S906U1,GPU
2026-04-22 23:16:28.569,65.580,26.330,23.217,0.557,0.942,4.661,5.888,0.047,false,23.195,NONE,16,0,sequential_yolo_pose,SM-S906U1,GPU
2026-04-22 23:16:28.626,54.159,17.439,21.612,1.130,0.934,4.400,5.289,0.057,false,40.047,NONE,16,0,sequential_yolo_pose,SM-S906U1,GPU
2026-04-22 23:16:28.690,59.855,23.399,20.865,0.692,1.065,5.046,5.274,0.060,false,29.340,NONE,16,0,sequential_yolo_pose,SM-S906U1,GPU
2026-04-22 23:16:28.763,69.718,31.252,22.109,0.525,1.202,5.183,5.439,0.064,false,23.094,NONE,16,0,sequential_yolo_pose,SM-S906U1,GPU
2026-04-22 23:16:28.834,65.563,25.053,21.906,0.633,1.014,5.127,7.789,0.049,false,40.071,NONE,16,0,sequential_yolo_pose,SM-S906U1,GPU
2026-04-22 23:16:28.914,74.999,26.361,22.194,0.523,1.125,9.915,7.119,0.052,false,29.438,NONE,16,0,sequential_yolo_pose,SM-S906U1,GPU
2026-04-22 23:16:28.982,60.085,24.093,21.639,0.557,1.011,3.786,5.220,0.040,false,20.266,NONE,16,0,sequential_yolo_pose,SM-S906U1,GPU
2026-04-22 23:16:29.045,59.766,20.861,23.121,0.910,1.047,5.561,4.973,0.052,false,20.234,NONE,16,0,sequential_yolo_pose,SM-S906U1,GPU
2026-04-22 23:16:29.106,56.414,21.078,20.887,0.462,0.809,4.302,5.986,0.045,false,37.149,NONE,16,0,sequential_yolo_pose,SM-S906U1,GPU
2026-04-22 23:16:29.173,58.679,22.709,21.481,0.525,1.063,3.976,5.743,0.054,false,21.863,NONE,16,0,sequential_yolo_pose,SM-S906U1,GPU
2026-04-22 23:16:29.257,72.718,21.816,20.821,0.451,0.589,7.772,18.089,0.054,false,38.809,NONE,16,0,sequential_yolo_pose,SM-S906U1,GPU
2026-04-22 23:16:29.329,65.519,24.200,21.361,0.538,0.948,4.034,5.113,0.054,false,29.742,NONE,15,0,sequential_yolo_pose,SM-S906U1,GPU
2026-04-22 23:16:29.383,49.022,23.873,20.609,0.335,0.000,0.000,0.000,0.000,true,26.293,NONE,15,0,sequential_yolo_pose,SM-S906U1,GPU
2026-04-22 23:16:29.435,48.354,22.431,23.072,0.190,0.000,0.000,0.000,0.000,true,39.875,NONE,15,0,sequential_yolo_pose,SM-S906U1,GPU
2026-04-22 23:16:29.483,44.911,21.195,20.786,0.174,0.000,0.000,0.000,0.000,true,18.512,NONE,15,0,sequential_yolo_pose,SM-S906U1,GPU
2026-04-22 23:16:29.532,44.507,20.354,21.297,0.229,0.000,0.000,0.000,0.000,true,32.156,NONE,15,0,sequential_yolo_pose,SM-S906U1,GPU
2026-04-22 23:16:29.594,57.605,22.476,21.257,0.358,1.254,4.009,5.290,0.046,false,21.496,NONE,15,0,sequential_yolo_pose,SM-S906U1,GPU
2026-04-22 23:16:29.653,56.171,21.007,21.849,0.421,0.976,3.996,5.077,0.039,false,38.442,NONE,15,0,sequential_yolo_pose,SM-S906U1,GPU
2026-04-22 23:16:29.731,66.134,26.701,21.210,1.317,1.358,5.869,5.858,0.063,false,20.137,NONE,15,0,sequential_yolo_pose,SM-S906U1,GPU
2026-04-22 23:16:29.805,68.731,29.088,21.213,0.657,1.178,5.695,6.303,0.284,false,20.109,NONE,15,0,sequential_yolo_pose,SM-S906U1,GPU
2026-04-22 23:16:29.865,53.912,19.393,21.318,0.461,0.691,2.928,4.782,0.059,false,20.125,NONE,15,0,sequential_yolo_pose,SM-S906U1,GPU
2026-04-22 23:16:29.928,59.279,20.486,24.878,0.676,0.865,4.096,4.981,0.037,false,20.270,NONE,15,0,sequential_yolo_pose,SM-S906U1,GPU
2026-04-22 23:16:29.987,55.199,21.293,20.340,0.485,0.907,4.082,5.077,0.044,false,20.234,NONE,15,0,sequential_yolo_pose,SM-S906U1,GPU
2026-04-22 23:16:30.052,60.791,23.304,22.112,0.912,0.979,4.872,5.020,0.045,false,20.230,NONE,15,0,sequential_yolo_pose,SM-S906U1,GPU
2026-04-22 23:16:30.120,63.771,22.757,20.670,0.645,1.222,5.583,8.600,0.041,false,37.238,NONE,15,0,sequential_yolo_pose,SM-S906U1,GPU
2026-04-22 23:16:30.195,65.261,24.485,26.474,0.848,0.852,3.789,4.849,0.047,false,20.164,NONE,15,0,sequential_yolo_pose,SM-S906U1,GPU
2026-04-22 23:16:30.258,59.327,20.733,21.578,0.987,1.771,5.553,5.500,0.056,false,37.141,NONE,15,0,sequential_yolo_pose,SM-S906U1,GPU
2026-04-22 23:16:30.329,66.420,27.820,23.551,0.546,0.947,4.227,5.943,0.055,false,23.246,NONE,16,0,sequential_yolo_pose,SM-S906U1,GPU
2026-04-22 23:16:30.393,60.257,21.728,21.538,1.185,0.935,5.996,5.647,0.044,false,40.129,NONE,16,0,sequential_yolo_pose,SM-S906U1,GPU
2026-04-22 23:16:30.458,57.518,21.746,20.926,0.403,0.829,3.643,5.461,0.055,false,29.414,NONE,16,0,sequential_yolo_pose,SM-S906U1,GPU
2026-04-22 23:16:30.519,55.453,22.022,20.643,0.425,0.608,3.269,5.112,0.050,false,29.711,NONE,16,0,sequential_yolo_pose,SM-S906U1,GPU
2026-04-22 23:16:30.582,57.035,19.717,20.750,0.504,1.067,4.517,5.993,0.041,false,28.609,NONE,16,0,sequential_yolo_pose,SM-S906U1,GPU
2026-04-22 23:16:30.652,63.567,21.680,22.916,0.887,1.120,5.117,7.206,0.056,false,20.203,NONE,16,0,sequential_yolo_pose,SM-S906U1,GPU
2026-04-22 23:16:30.719,62.841,23.058,21.844,0.798,1.238,6.386,5.917,0.058,false,37.180,NONE,16,0,sequential_yolo_pose,SM-S906U1,GPU
2026-04-22 23:16:30.788,64.706,27.426,22.181,0.376,1.373,4.700,5.084,0.047,false,21.914,NONE,16,0,sequential_yolo_pose,SM-S906U1,GPU
2026-04-22 23:16:30.859,67.217,20.219,22.779,0.715,1.365,11.269,7.826,0.059,false,38.828,NONE,16,0,sequential_yolo_pose,SM-S906U1,GPU
2026-04-22 23:16:30.923,58.573,21.434,22.318,0.629,0.985,4.168,5.477,0.053,false,29.652,NONE,16,0,sequential_yolo_pose,SM-S906U1,GPU
2026-04-22 23:16:30.994,66.377,21.107,26.499,0.704,4.149,5.044,5.719,0.047,false,20.266,NONE,16,0,sequential_yolo_pose,SM-S906U1,GPU
2026-04-22 23:16:31.062,63.584,23.759,24.289,0.775,2.466,3.668,4.992,0.052,false,20.172,NONE,16,0,sequential_yolo_pose,SM-S906U1,GPU
2026-04-22 23:16:31.123,56.678,20.960,21.343,0.773,0.972,4.420,4.895,0.042,false,20.141,NONE,16,0,sequential_yolo_pose,SM-S906U1,GPU
2026-04-22 23:16:31.185,58.174,23.105,22.667,0.323,0.656,3.161,5.245,0.073,false,37.149,NONE,16,0,sequential_yolo_pose,SM-S906U1,GPU
2026-04-22 23:16:31.248,58.278,19.693,22.304,0.501,1.041,4.790,6.774,0.061,false,21.898,NONE,16,0,sequential_yolo_pose,SM-S906U1,GPU
2026-04-22 23:16:31.313,60.799,21.418,21.066,0.420,0.901,4.572,8.370,0.030,false,38.875,NONE,16,0,sequential_yolo_pose,SM-S906U1,GPU
2026-04-22 23:16:31.383,57.385,21.851,21.346,0.727,0.850,3.313,4.755,0.038,false,20.203,NONE,16,0,sequential_yolo_pose,SM-S906U1,GPU
2026-04-22 23:16:31.450,62.805,21.521,20.978,0.551,1.017,4.399,6.215,0.046,false,37.180,NONE,16,0,sequential_yolo_pose,SM-S906U1,GPU
2026-04-22 23:16:31.511,55.671,21.119,21.437,0.400,0.654,3.235,5.527,0.035,false,17.141,NONE,16,0,sequential_yolo_pose,SM-S906U1,GPU
2026-04-22 23:16:31.571,56.011,20.089,21.414,0.862,0.948,4.146,5.361,0.035,false,20.129,NONE,16,0,sequential_yolo_pose,SM-S906U1,GPU
2026-04-22 23:16:31.634,58.643,22.565,20.586,0.611,1.203,4.615,5.842,0.057,false,37.137,NONE,16,0,sequential_yolo_pose,SM-S906U1,GPU
2026-04-22 23:16:31.695,52.802,18.543,20.617,0.671,0.964,4.057,4.888,0.039,false,28.617,NONE,16,0,sequential_yolo_pose,SM-S906U1,GPU
2026-04-22 23:16:31.760,60.787,23.599,23.590,0.568,0.790,3.615,5.353,0.030,false,20.203,NONE,16,0,sequential_yolo_pose,SM-S906U1,GPU
2026-04-22 23:16:31.828,63.848,22.929,23.682,2.386,1.268,4.554,4.929,0.043,false,20.230,NONE,16,0,sequential_yolo_pose,SM-S906U1,GPU
2026-04-22 23:16:31.891,58.661,20.437,20.819,1.096,1.863,4.787,5.190,0.032,false,37.113,NONE,16,0,sequential_yolo_pose,SM-S906U1,GPU
2026-04-22 23:16:31.964,68.939,34.593,21.102,0.393,0.832,3.384,4.909,0.043,false,23.094,NONE,16,0,sequential_yolo_pose,SM-S906U1,GPU
2026-04-22 23:16:32.030,60.647,23.308,20.833,0.657,1.245,5.739,5.723,0.044,false,40.008,NONE,16,0,sequential_yolo_pose,SM-S906U1,GPU
2026-04-22 23:16:32.091,53.326,26.421,22.767,0.419,0.000,0.000,0.000,0.000,true,26.000,NONE,16,0,sequential_yolo_pose,SM-S906U1,GPU
2026-04-22 23:16:32.159,62.718,34.519,23.566,0.287,0.000,0.000,0.000,0.000,true,39.621,NONE,16,0,sequential_yolo_pose,SM-S906U1,GPU
2026-04-22 23:16:32.214,50.927,25.547,21.919,0.358,0.000,0.000,0.000,0.000,true,13.805,NONE,16,0,sequential_yolo_pose,SM-S906U1,GPU
2026-04-22 23:16:32.276,56.827,21.278,20.872,0.477,0.844,3.478,6.706,0.042,false,20.195,NONE,16,0,sequential_yolo_pose,SM-S906U1,GPU
2026-04-22 23:16:32.344,60.380,22.572,22.960,0.482,1.045,4.157,5.764,0.038,false,20.297,NONE,15,0,sequential_yolo_pose,SM-S906U1,GPU
2026-04-22 23:16:32.405,56.928,21.794,21.184,0.547,0.910,3.856,5.390,0.039,false,20.219,NONE,15,0,sequential_yolo_pose,SM-S906U1,GPU
2026-04-22 23:16:32.472,61.309,24.734,23.361,0.377,0.656,2.882,5.159,0.032,false,20.125,NONE,15,0,sequential_yolo_pose,SM-S906U1,GPU
2026-04-22 23:16:32.536,58.354,20.322,23.076,0.751,0.661,3.327,5.422,0.040,false,20.168,NONE,15,0,sequential_yolo_pose,SM-S906U1,GPU
2026-04-22 23:16:32.595,53.132,19.790,20.523,0.494,0.883,4.216,4.971,0.035,false,37.238,NONE,15,0,sequential_yolo_pose,SM-S906U1,GPU
2026-04-22 23:16:32.657,58.010,20.175,22.351,0.482,2.279,4.720,5.006,0.029,false,17.180,NONE,15,0,sequential_yolo_pose,SM-S906U1,GPU
2026-04-22 23:16:32.720,59.175,22.749,21.945,0.830,0.925,4.594,4.880,0.034,false,20.234,NONE,15,0,sequential_yolo_pose,SM-S906U1,GPU
2026-04-22 23:16:32.782,57.758,20.023,22.293,0.862,1.325,4.172,5.474,0.041,false,20.266,NONE,15,0,sequential_yolo_pose,SM-S906U1,GPU
2026-04-22 23:16:32.854,66.885,20.484,20.708,0.372,0.645,4.197,17.487,0.049,false,37.149,NONE,15,0,sequential_yolo_pose,SM-S906U1,GPU
2026-04-22 23:16:32.935,73.602,29.609,21.622,1.453,3.030,4.378,5.379,0.044,false,20.090,NONE,15,0,sequential_yolo_pose,SM-S906U1,GPU
2026-04-22 23:16:33.002,61.850,21.443,21.395,0.783,1.675,6.877,5.928,0.057,false,37.067,NONE,15,0,sequential_yolo_pose,SM-S906U1,GPU
2026-04-22 23:16:33.081,71.640,35.576,20.520,0.439,0.901,3.832,6.374,0.046,false,21.879,NONE,15,0,sequential_yolo_pose,SM-S906U1,GPU
2026-04-22 23:16:33.145,60.175,21.743,21.608,0.495,0.837,4.076,8.258,0.039,false,38.731,NONE,15,0,sequential_yolo_pose,SM-S906U1,GPU
2026-04-22 23:16:33.218,67.662,29.620,21.078,0.690,1.182,5.265,5.086,0.046,false,29.633,NONE,15,0,sequential_yolo_pose,SM-S906U1,GPU
2026-04-22 23:16:33.285,62.333,24.552,21.694,0.829,2.023,4.346,5.127,0.043,false,14.352,NONE,15,0,sequential_yolo_pose,SM-S906U1,GPU
2026-04-22 23:16:33.346,57.651,21.659,20.389,0.444,0.903,4.083,7.216,0.034,false,21.496,NONE,15,0,sequential_yolo_pose,SM-S906U1,GPU
2026-04-22 23:16:33.417,65.677,22.741,21.173,0.581,0.984,6.966,8.959,0.045,false,38.504,NONE,15,0,sequential_yolo_pose,SM-S906U1,GPU
2026-04-22 23:16:33.497,74.769,22.715,24.815,2.912,1.898,7.357,6.286,0.045,false,20.215,NONE,15,0,sequential_yolo_pose,SM-S906U1,GPU
2026-04-22 23:16:33.568,66.331,28.258,22.602,0.858,0.925,4.154,5.013,0.049,false,20.027,NONE,15,0,sequential_yolo_pose,SM-S906U1,GPU
2026-04-22 23:16:33.635,63.378,26.667,21.084,0.899,0.875,3.639,5.250,0.044,false,20.090,NONE,15,0,sequential_yolo_pose,SM-S906U1,GPU
2026-04-22 23:16:33.703,63.277,26.419,22.035,0.452,0.974,4.080,5.451,0.053,false,20.094,NONE,15,0,sequential_yolo_pose,SM-S906U1,GPU
2026-04-22 23:16:33.776,65.446,23.447,22.416,0.856,0.961,4.675,6.456,0.035,false,20.152,NONE,15,0,sequential_yolo_pose,SM-S906U1,GPU
2026-04-22 23:16:33.833,52.826,20.148,20.547,0.412,0.513,3.102,5.261,0.049,false,37.129,NONE,15,0,sequential_yolo_pose,SM-S906U1,GPU
2026-04-22 23:16:33.892,54.267,20.594,20.895,0.448,0.891,3.588,4.848,0.033,false,21.848,NONE,15,0,sequential_yolo_pose,SM-S906U1,GPU
2026-04-22 23:16:33.957,62.134,18.392,20.743,0.749,2.299,10.066,6.796,0.038,false,38.856,NONE,15,0,sequential_yolo_pose,SM-S906U1,GPU
2026-04-22 23:16:34.022,58.287,23.592,21.297,0.388,0.870,3.772,4.769,0.039,false,29.664,NONE,15,0,sequential_yolo_pose,SM-S906U1,GPU
2026-04-22 23:16:34.089,62.679,24.232,22.060,1.854,1.352,4.274,5.027,0.049,false,20.188,NONE,15,0,sequential_yolo_pose,SM-S906U1,GPU
2026-04-22 23:16:34.154,60.357,23.867,22.009,0.527,0.850,3.850,5.294,0.035,false,37.133,NONE,15,0,sequential_yolo_pose,SM-S906U1,GPU
2026-04-22 23:16:34.227,69.341,32.348,20.695,0.464,0.957,3.763,5.192,0.036,false,21.891,NONE,15,0,sequential_yolo_pose,SM-S906U1,GPU
2026-04-22 23:16:34.299,66.995,27.775,21.521,0.457,0.839,5.798,7.112,0.041,false,38.867,NONE,15,0,sequential_yolo_pose,SM-S906U1,GPU
2026-04-22 23:16:34.367,63.170,24.785,21.832,0.501,1.018,4.330,5.208,0.041,false,29.820,NONE,15,0,sequential_yolo_pose,SM-S906U1,GPU
2026-04-22 23:16:34.438,66.974,26.765,22.729,0.522,1.217,4.103,5.932,0.039,false,16.762,NONE,15,0,sequential_yolo_pose,SM-S906U1,GPU
2026-04-22 23:16:34.492,46.245,20.443,21.063,0.695,0.000,0.000,0.000,0.000,true,16.664,NONE,15,0,sequential_yolo_pose,SM-S906U1,GPU
2026-04-22 23:16:34.540,42.968,19.529,20.432,0.414,0.000,0.000,0.000,0.000,true,30.496,NONE,15,0,sequential_yolo_pose,SM-S906U1,GPU
2026-04-22 23:16:34.595,49.994,24.710,21.860,0.331,0.000,0.000,0.000,0.000,true,18.258,NONE,15,0,sequential_yolo_pose,SM-S906U1,GPU
2026-04-22 23:16:34.648,49.353,23.645,21.432,0.898,0.000,0.000,0.000,0.000,true,31.777,NONE,15,0,sequential_yolo_pose,SM-S906U1,GPU
2026-04-22 23:16:34.700,46.311,22.372,21.127,0.337,0.000,0.000,0.000,0.000,true,13.363,NONE,15,0,sequential_yolo_pose,SM-S906U1,GPU
2026-04-22 23:16:34.769,64.465,28.611,21.432,0.708,0.913,3.925,5.206,0.045,false,20.055,NONE,15,0,sequential_yolo_pose,SM-S906U1,GPU
2026-04-22 23:16:34.835,61.133,24.318,20.996,0.668,1.130,4.758,5.672,0.044,false,37.094,NONE,15,0,sequential_yolo_pose,SM-S906U1,GPU
2026-04-22 23:16:34.903,61.170,25.918,21.132,0.450,0.964,3.892,5.399,0.029,false,30.106,NONE,15,0,sequential_yolo_pose,SM-S906U1,GPU
2026-04-22 23:16:34.966,58.844,20.610,21.114,0.962,1.072,4.471,5.363,0.034,false,20.250,NONE,15,0,sequential_yolo_pose,SM-S906U1,GPU
2026-04-22 23:16:35.029,59.357,19.843,21.015,1.178,1.534,6.659,5.646,0.051,false,37.196,NONE,15,0,sequential_yolo_pose,SM-S906U1,GPU
2026-04-22 23:16:35.098,63.645,27.211,21.144,0.437,0.905,3.701,5.953,0.041,false,21.910,NONE,15,0,sequential_yolo_pose,SM-S906U1,GPU
2026-04-22 23:16:35.159,56.169,22.070,21.201,0.382,0.592,3.425,5.337,0.039,false,38.793,NONE,15,0,sequential_yolo_pose,SM-S906U1,GPU
2026-04-22 23:16:35.224,57.893,24.351,21.196,0.363,0.658,3.300,4.618,0.043,false,29.668,NONE,15,0,sequential_yolo_pose,SM-S906U1,GPU
2026-04-22 23:16:35.297,67.768,27.704,21.802,0.828,1.651,6.874,5.652,0.045,false,21.848,NONE,15,0,sequential_yolo_pose,SM-S906U1,GPU
2026-04-22 23:16:35.365,64.012,27.641,21.439,0.377,0.846,4.060,5.948,0.040,false,38.949,NONE,16,0,sequential_yolo_pose,SM-S906U1,GPU
2026-04-22 23:16:35.440,67.798,23.430,21.110,0.578,1.282,6.308,7.726,0.101,false,29.664,NONE,16,0,sequential_yolo_pose,SM-S906U1,GPU
2026-04-22 23:16:35.521,71.044,29.729,20.738,0.502,1.250,5.518,9.503,0.028,false,29.379,NONE,16,0,sequential_yolo_pose,SM-S906U1,GPU
2026-04-22 23:16:35.591,65.632,26.741,21.607,0.776,0.941,6.164,5.257,0.031,false,20.188,NONE,16,0,sequential_yolo_pose,SM-S906U1,GPU
2026-04-22 23:16:35.652,56.046,21.621,20.297,0.657,1.075,4.522,5.089,0.039,false,37.164,NONE,16,0,sequential_yolo_pose,SM-S906U1,GPU
2026-04-22 23:16:35.717,61.921,23.665,19.959,0.354,2.004,5.058,7.733,0.038,false,23.176,NONE,16,0,sequential_yolo_pose,SM-S906U1,GPU
2026-04-22 23:16:35.767,45.090,20.627,21.608,0.228,0.000,0.000,0.000,0.000,true,36.727,NONE,16,0,sequential_yolo_pose,SM-S906U1,GPU
2026-04-22 23:16:35.838,66.459,27.785,22.175,0.372,0.946,3.953,5.691,0.033,false,21.844,NONE,16,0,sequential_yolo_pose,SM-S906U1,GPU
2026-04-22 23:16:35.895,53.262,20.032,20.251,0.354,0.606,3.355,5.514,0.038,false,38.758,NONE,16,0,sequential_yolo_pose,SM-S906U1,GPU
2026-04-22 23:16:35.959,59.062,23.667,22.861,0.369,0.716,3.120,5.023,0.030,false,29.633,NONE,16,0,sequential_yolo_pose,SM-S906U1,GPU
2026-04-22 23:16:36.022,57.669,21.060,21.365,0.825,0.992,4.504,5.005,0.031,false,20.215,NONE,16,0,sequential_yolo_pose,SM-S906U1,GPU
2026-04-22 23:16:36.084,58.001,21.246,20.662,0.425,0.942,4.889,6.912,0.040,false,37.160,NONE,16,0,sequential_yolo_pose,SM-S906U1,GPU
2026-04-22 23:16:36.148,58.401,22.679,20.803,0.400,0.914,3.631,6.975,0.038,false,21.973,NONE,16,0,sequential_yolo_pose,SM-S906U1,GPU
2026-04-22 23:16:36.207,55.100,21.031,20.972,0.359,0.818,4.036,4.879,0.051,false,38.824,NONE,16,0,sequential_yolo_pose,SM-S906U1,GPU
2026-04-22 23:16:36.275,55.779,20.316,20.955,0.488,1.024,3.947,5.071,0.029,false,20.152,NONE,16,0,sequential_yolo_pose,SM-S906U1,GPU
2026-04-22 23:16:36.339,57.294,21.520,20.274,0.819,1.063,4.845,5.486,0.047,false,20.121,NONE,16,0,sequential_yolo_pose,SM-S906U1,GPU
2026-04-22 23:16:36.406,60.675,23.700,22.837,0.646,0.585,3.066,5.067,0.034,false,20.094,NONE,16,0,sequential_yolo_pose,SM-S906U1,GPU
2026-04-22 23:16:36.486,75.121,20.009,21.340,1.160,2.436,11.628,14.211,0.043,false,37.164,NONE,16,0,sequential_yolo_pose,SM-S906U1,GPU
2026-04-22 23:16:36.552,61.471,26.607,21.382,0.373,0.946,3.791,4.841,0.037,false,23.086,NONE,16,0,sequential_yolo_pose,SM-S906U1,GPU
2026-04-22 23:16:36.620,64.747,20.685,22.044,0.391,0.835,4.184,13.689,0.082,false,39.969,NONE,16,0,sequential_yolo_pose,SM-S906U1,GPU
2026-04-22 23:16:36.694,62.148,24.110,21.904,0.978,1.187,4.435,4.804,0.036,false,20.121,NONE,16,0,sequential_yolo_pose,SM-S906U1,GPU
2026-04-22 23:16:36.755,57.371,21.715,21.515,0.639,1.001,4.520,4.954,0.037,false,37.129,NONE,16,0,sequential_yolo_pose,SM-S906U1,GPU
2026-04-22 23:16:36.822,64.286,29.659,21.285,0.532,0.945,3.813,4.870,0.035,false,21.859,NONE,16,0,sequential_yolo_pose,SM-S906U1,GPU
2026-04-22 23:16:36.883,58.162,20.732,20.695,0.578,0.827,5.379,6.781,0.047,false,38.774,NONE,16,0,sequential_yolo_pose,SM-S906U1,GPU
2026-04-22 23:16:36.959,71.667,34.317,22.252,0.814,1.274,4.704,5.054,0.039,false,29.637,NONE,16,0,sequential_yolo_pose,SM-S906U1,GPU
2026-04-22 23:16:37.025,60.471,25.356,20.846,0.602,1.134,4.050,5.069,0.046,false,29.316,NONE,16,0,sequential_yolo_pose,SM-S906U1,GPU
2026-04-22 23:16:37.093,64.688,27.903,22.653,0.871,0.903,3.740,4.889,0.036,false,20.125,NONE,16,0,sequential_yolo_pose,SM-S906U1,GPU
2026-04-22 23:16:37.157,60.942,20.374,21.502,0.799,4.313,6.100,5.008,0.040,false,37.133,NONE,16,0,sequential_yolo_pose,SM-S906U1,GPU
2026-04-22 23:16:37.215,54.396,29.452,21.480,0.237,0.000,0.000,0.000,0.000,true,19.754,NONE,16,0,sequential_yolo_pose,SM-S906U1,GPU
2026-04-22 23:16:37.285,66.160,24.194,22.968,1.000,1.595,6.616,5.803,0.038,false,20.336,NONE,16,0,sequential_yolo_pose,SM-S906U1,GPU
2026-04-22 23:16:37.346,58.535,20.341,23.896,0.477,0.918,4.191,6.008,0.043,false,37.188,NONE,16,0,sequential_yolo_pose,SM-S906U1,GPU
2026-04-22 23:16:37.413,62.254,26.345,22.150,0.483,1.099,3.581,5.065,0.034,false,17.215,NONE,15,0,sequential_yolo_pose,SM-S906U1,GPU
2026-04-22 23:16:37.474,58.482,20.938,22.615,1.114,0.941,4.174,5.114,0.042,false,20.184,NONE,15,0,sequential_yolo_pose,SM-S906U1,GPU
2026-04-22 23:16:37.537,56.487,21.270,20.959,0.564,1.019,4.250,5.503,0.027,false,37.192,NONE,15,0,sequential_yolo_pose,SM-S906U1,GPU
2026-04-22 23:16:37.604,61.750,25.066,21.326,0.470,1.043,4.038,6.231,0.048,false,21.910,NONE,15,0,sequential_yolo_pose,SM-S906U1,GPU
2026-04-22 23:16:37.675,65.996,25.634,21.102,0.493,0.819,5.943,8.150,0.037,false,38.856,NONE,15,0,sequential_yolo_pose,SM-S906U1,GPU
2026-04-22 23:16:37.745,62.361,25.441,21.737,0.590,1.008,4.474,5.279,0.042,false,29.633,NONE,15,0,sequential_yolo_pose,SM-S906U1,GPU
2026-04-22 23:16:37.815,64.650,22.670,21.909,0.553,2.733,5.463,4.958,0.036,false,20.188,NONE,15,0,sequential_yolo_pose,SM-S906U1,GPU
2026-04-22 23:16:37.874,54.288,20.144,20.563,0.436,0.848,3.892,5.181,0.040,false,37.102,NONE,15,0,sequential_yolo_pose,SM-S906U1,GPU
2026-04-22 23:16:37.941,60.194,23.068,22.826,0.389,0.926,3.795,5.145,0.034,false,17.125,NONE,15,0,sequential_yolo_pose,SM-S906U1,GPU
2026-04-22 23:16:38.006,59.524,19.950,24.510,0.885,1.174,4.539,5.168,0.033,false,20.121,NONE,15,0,sequential_yolo_pose,SM-S906U1,GPU
2026-04-22 23:16:38.067,56.757,21.910,20.625,0.518,0.953,4.404,5.236,0.040,false,37.129,NONE,15,0,sequential_yolo_pose,SM-S906U1,GPU
2026-04-22 23:16:38.133,61.993,27.676,20.703,0.600,0.966,3.955,5.053,0.040,false,17.191,NONE,15,0,sequential_yolo_pose,SM-S906U1,GPU
2026-04-22 23:16:38.196,58.670,19.969,23.759,1.135,0.982,4.240,4.996,0.037,false,20.246,NONE,15,0,sequential_yolo_pose,SM-S906U1,GPU
2026-04-22 23:16:38.261,59.203,23.234,21.919,0.468,0.848,4.362,5.143,0.036,false,37.192,NONE,15,0,sequential_yolo_pose,SM-S906U1,GPU
2026-04-22 23:16:38.332,67.383,27.698,24.145,0.462,0.947,3.922,5.002,0.025,false,30.102,NONE,15,0,sequential_yolo_pose,SM-S906U1,GPU
2026-04-22 23:16:38.398,62.673,20.732,25.598,0.849,0.822,4.393,6.663,0.033,false,20.277,NONE,15,0,sequential_yolo_pose,SM-S906U1,GPU
2026-04-22 23:16:38.454,52.850,20.195,20.516,0.352,0.532,3.137,5.414,0.024,false,37.254,NONE,15,0,sequential_yolo_pose,SM-S906U1,GPU
2026-04-22 23:16:38.516,59.054,22.382,22.016,0.472,0.943,4.891,5.175,0.032,false,21.840,NONE,15,0,sequential_yolo_pose,SM-S906U1,GPU
2026-04-22 23:16:38.582,62.631,18.805,21.443,0.730,1.213,6.783,10.723,0.041,false,38.817,NONE,15,0,sequential_yolo_pose,SM-S906U1,GPU
2026-04-22 23:16:38.653,67.153,24.702,22.661,0.824,0.876,5.354,9.205,0.040,false,29.664,NONE,15,0,sequential_yolo_pose,SM-S906U1,GPU
2026-04-22 23:16:38.712,55.219,20.556,21.695,0.584,0.723,3.261,4.923,0.036,false,20.277,NONE,15,0,sequential_yolo_pose,SM-S906U1,GPU
2026-04-22 23:16:38.777,59.724,19.916,21.124,0.539,1.141,4.941,8.890,0.046,false,37.192,NONE,15,0,sequential_yolo_pose,SM-S906U1,GPU
2026-04-22 23:16:38.861,74.690,23.524,22.855,1.797,3.260,14.319,5.391,0.041,false,21.938,NONE,15,0,sequential_yolo_pose,SM-S906U1,GPU
2026-04-22 23:16:38.928,62.274,22.881,21.840,0.798,1.385,6.194,5.385,0.052,false,38.789,NONE,15,0,sequential_yolo_pose,SM-S906U1,GPU
2026-04-22 23:16:39.002,67.650,30.846,21.011,0.451,0.946,4.039,5.299,0.040,false,29.672,NONE,15,0,sequential_yolo_pose,SM-S906U1,GPU
2026-04-22 23:16:39.066,58.370,23.429,21.321,0.720,0.659,3.695,4.856,0.034,false,20.141,NONE,15,0,sequential_yolo_pose,SM-S906U1,GPU
2026-04-22 23:16:39.125,54.497,19.997,21.267,0.391,0.844,3.925,5.032,0.036,false,37.180,NONE,15,0,sequential_yolo_pose,SM-S906U1,GPU
2026-04-22 23:16:39.188,59.422,24.198,21.030,0.448,1.016,4.122,5.515,0.034,false,30.168,NONE,15,0,sequential_yolo_pose,SM-S906U1,GPU
2026-04-22 23:16:39.248,56.105,20.105,21.320,0.779,0.809,4.460,5.150,0.044,false,20.215,NONE,15,0,sequential_yolo_pose,SM-S906U1,GPU
2026-04-22 23:16:39.310,57.417,18.690,21.379,0.206,0.985,4.792,8.061,0.108,false,37.223,NONE,15,0,sequential_yolo_pose,SM-S906U1,GPU
2026-04-22 23:16:39.381,59.077,23.422,20.360,0.405,1.132,4.483,5.722,0.037,false,30.102,NONE,15,0,sequential_yolo_pose,SM-S906U1,GPU
2026-04-22 23:16:39.450,63.827,21.374,20.390,3.554,1.008,7.857,5.544,0.030,false,20.188,NONE,15,0,sequential_yolo_pose,SM-S906U1,GPU
2026-04-22 23:16:39.511,57.578,19.533,22.285,0.564,1.077,4.940,5.808,0.064,false,37.133,NONE,15,0,sequential_yolo_pose,SM-S906U1,GPU
2026-04-22 23:16:39.572,52.553,28.098,20.825,0.335,0.000,0.000,0.000,0.000,true,26.770,NONE,15,0,sequential_yolo_pose,SM-S906U1,GPU
2026-04-22 23:16:39.634,55.218,26.305,23.699,0.372,0.000,0.000,0.000,0.000,true,40.320,NONE,15,0,sequential_yolo_pose,SM-S906U1,GPU
2026-04-22 23:16:39.689,49.931,23.829,22.656,0.364,0.000,0.000,0.000,0.000,true,18.199,NONE,15,0,sequential_yolo_pose,SM-S906U1,GPU
2026-04-22 23:16:39.744,50.743,26.045,21.296,0.222,0.000,0.000,0.000,0.000,true,31.750,NONE,15,0,sequential_yolo_pose,SM-S906U1,GPU
2026-04-22 23:16:39.818,69.967,26.128,28.749,0.357,0.867,5.338,5.268,0.036,false,16.754,NONE,15,0,sequential_yolo_pose,SM-S906U1,GPU
2026-04-22 23:16:39.889,66.624,26.781,22.014,0.925,1.018,5.087,5.932,0.038,false,20.309,NONE,15,0,sequential_yolo_pose,SM-S906U1,GPU
2026-04-22 23:16:39.955,61.755,25.031,21.138,0.467,1.109,4.985,5.391,0.037,false,37.254,NONE,15,0,sequential_yolo_pose,SM-S906U1,GPU
2026-04-22 23:16:40.019,59.391,24.315,21.176,0.472,1.040,4.127,5.007,0.040,false,29.660,NONE,15,0,sequential_yolo_pose,SM-S906U1,GPU
2026-04-22 23:16:40.084,61.472,22.937,20.886,3.362,3.193,2.889,4.729,0.029,false,20.277,NONE,15,0,sequential_yolo_pose,SM-S906U1,GPU
2026-04-22 23:16:40.149,60.316,21.608,22.061,0.880,1.090,5.888,5.514,0.037,false,20.250,NONE,15,0,sequential_yolo_pose,SM-S906U1,GPU
2026-04-22 23:16:40.219,64.497,21.289,22.343,0.658,1.118,10.299,5.383,0.032,false,37.196,NONE,15,0,sequential_yolo_pose,SM-S906U1,GPU
2026-04-22 23:16:40.285,61.896,23.013,21.830,0.502,1.543,4.335,5.095,0.034,false,30.164,NONE,15,0,sequential_yolo_pose,SM-S906U1,GPU
2026-04-22 23:16:40.360,71.324,20.316,26.007,1.677,6.479,6.298,5.346,0.042,false,20.344,NONE,15,0,sequential_yolo_pose,SM-S906U1,GPU
2026-04-22 23:16:40.429,63.296,25.162,22.741,0.896,1.081,4.619,4.954,0.043,false,20.094,NONE,16,0,sequential_yolo_pose,SM-S906U1,GPU
2026-04-22 23:16:40.486,52.209,19.552,20.772,0.407,0.640,3.286,4.781,0.027,false,37.102,NONE,16,0,sequential_yolo_pose,SM-S906U1,GPU
2026-04-22 23:16:40.551,60.136,23.630,21.003,0.435,0.897,6.100,4.720,0.030,false,17.203,NONE,16,0,sequential_yolo_pose,SM-S906U1,GPU
2026-04-22 23:16:40.621,66.076,20.439,24.723,0.853,1.506,6.046,5.145,0.041,false,20.297,NONE,16,0,sequential_yolo_pose,SM-S906U1,GPU
2026-04-22 23:16:40.686,60.890,22.839,23.071,0.575,1.259,5.366,4.842,0.029,false,20.324,NONE,16,0,sequential_yolo_pose,SM-S906U1,GPU
2026-04-22 23:16:40.751,60.577,22.257,23.685,0.430,1.033,3.895,6.242,0.031,false,20.281,NONE,16,0,sequential_yolo_pose,SM-S906U1,GPU
2026-04-22 23:16:40.819,62.324,23.398,22.126,0.796,2.061,5.749,4.862,0.031,false,20.211,NONE,16,0,sequential_yolo_pose,SM-S906U1,GPU
2026-04-22 23:16:40.882,59.645,21.691,23.476,0.759,1.339,4.469,4.856,0.028,false,20.285,NONE,16,0,sequential_yolo_pose,SM-S906U1,GPU
2026-04-22 23:16:40.948,62.943,19.851,24.288,0.933,0.978,4.774,8.787,0.045,false,20.184,NONE,16,0,sequential_yolo_pose,SM-S906U1,GPU
2026-04-22 23:16:41.010,58.457,20.779,22.881,0.405,0.962,4.582,5.662,0.045,false,37.129,NONE,16,0,sequential_yolo_pose,SM-S906U1,GPU
2026-04-22 23:16:41.075,60.953,24.296,21.835,0.370,0.889,3.549,6.948,0.035,false,21.941,NONE,16,0,sequential_yolo_pose,SM-S906U1,GPU
2026-04-22 23:16:41.140,60.991,21.662,21.656,0.513,1.081,5.290,7.610,0.042,false,38.856,NONE,16,0,sequential_yolo_pose,SM-S906U1,GPU
2026-04-22 23:16:41.219,69.453,25.854,22.028,0.788,2.472,7.337,6.353,0.035,false,29.633,NONE,16,0,sequential_yolo_pose,SM-S906U1,GPU
2026-04-22 23:16:41.287,64.187,21.520,25.315,0.560,2.183,6.931,4.694,0.036,false,20.289,NONE,16,0,sequential_yolo_pose,SM-S906U1,GPU
2026-04-22 23:16:41.350,59.668,17.653,24.901,0.770,1.007,6.324,5.594,0.037,false,20.277,NONE,16,0,sequential_yolo_pose,SM-S906U1,GPU
2026-04-22 23:16:41.420,66.777,21.948,20.841,0.471,0.961,8.451,11.418,0.023,false,37.379,NONE,15,0,sequential_yolo_pose,SM-S906U1,GPU
2026-04-22 23:16:41.481,55.931,21.612,20.906,0.584,0.647,3.980,4.716,0.031,false,30.574,NONE,15,0,sequential_yolo_pose,SM-S906U1,GPU
2026-04-22 23:16:41.542,58.327,20.710,22.562,0.364,0.707,3.299,5.248,0.028,false,29.371,NONE,15,0,sequential_yolo_pose,SM-S906U1,GPU
2026-04-22 23:16:41.604,55.260,16.518,20.904,2.457,1.092,4.350,5.665,0.017,false,20.055,NONE,15,0,sequential_yolo_pose,SM-S906U1,GPU
2026-04-22 23:16:41.656,49.456,17.625,20.132,0.337,0.586,3.203,5.327,0.045,false,37.219,NONE,15,0,sequential_yolo_pose,SM-S906U1,GPU
2026-04-22 23:16:41.717,57.598,18.525,25.728,0.322,0.733,3.026,5.855,0.045,false,17.191,NONE,15,0,sequential_yolo_pose,SM-S906U1,GPU
2026-04-22 23:16:41.784,63.020,24.288,23.397,0.665,0.660,3.442,6.949,0.043,false,20.184,NONE,15,0,sequential_yolo_pose,SM-S906U1,GPU
2026-04-22 23:16:41.843,56.409,21.197,20.538,0.521,1.289,4.330,5.554,0.036,false,37.129,NONE,15,0,sequential_yolo_pose,SM-S906U1,GPU
2026-04-22 23:16:41.925,76.864,27.890,22.566,0.570,1.155,15.712,5.839,0.042,false,21.941,NONE,15,0,sequential_yolo_pose,SM-S906U1,GPU
2026-04-22 23:16:41.994,64.172,21.015,21.523,0.993,1.214,9.560,6.299,0.033,false,38.887,NONE,15,0,sequential_yolo_pose,SM-S906U1,GPU
2026-04-22 23:16:42.063,64.116,27.120,21.204,0.766,1.048,4.519,5.435,0.042,false,29.695,NONE,15,0,sequential_yolo_pose,SM-S906U1,GPU
2026-04-22 23:16:42.128,61.070,21.659,22.757,0.500,1.022,6.161,5.755,0.048,false,20.219,NONE,15,0,sequential_yolo_pose,SM-S906U1,GPU
2026-04-22 23:16:42.197,65.094,27.150,22.665,0.964,0.901,4.433,4.939,0.024,false,20.027,NONE,15,0,sequential_yolo_pose,SM-S906U1,GPU
2026-04-22 23:16:42.264,61.942,26.380,20.935,0.608,0.941,4.731,5.186,0.048,false,37.067,NONE,15,0,sequential_yolo_pose,SM-S906U1,GPU
2026-04-22 23:16:42.322,53.186,28.498,21.005,0.273,0.000,0.000,0.000,0.000,true,18.535,NONE,15,0,sequential_yolo_pose,SM-S906U1,GPU
2026-04-22 23:16:42.386,60.023,20.675,21.443,0.475,1.145,6.992,6.608,0.045,false,35.449,NONE,15,0,sequential_yolo_pose,SM-S906U1,GPU
2026-04-22 23:16:42.455,63.640,28.724,20.177,0.547,1.126,4.428,4.770,0.030,false,21.836,NONE,16,0,sequential_yolo_pose,SM-S906U1,GPU
2026-04-22 23:16:42.518,58.676,20.309,21.110,0.826,1.091,5.302,5.575,0.289,false,38.844,NONE,16,0,sequential_yolo_pose,SM-S906U1,GPU
2026-04-22 23:16:42.583,54.814,21.740,20.628,0.504,0.612,2.996,4.990,0.045,false,20.215,NONE,16,0,sequential_yolo_pose,SM-S906U1,GPU
2026-04-22 23:16:42.644,57.376,17.952,21.271,0.475,0.942,4.791,9.093,0.038,false,37.129,NONE,16,0,sequential_yolo_pose,SM-S906U1,GPU
2026-04-22 23:16:42.728,67.941,24.853,21.658,0.797,2.667,6.178,5.965,0.061,false,20.215,NONE,16,0,sequential_yolo_pose,SM-S906U1,GPU
2026-04-22 23:16:42.795,62.247,22.979,24.075,0.864,0.886,4.013,5.508,0.034,false,20.168,NONE,16,0,sequential_yolo_pose,SM-S906U1,GPU
2026-04-22 23:16:42.855,56.135,19.553,20.836,0.647,0.926,4.723,6.432,0.046,false,37.145,NONE,16,0,sequential_yolo_pose,SM-S906U1,GPU
2026-04-22 23:16:42.926,66.805,27.073,22.344,0.503,1.348,4.886,7.565,0.046,false,28.656,NONE,16,0,sequential_yolo_pose,SM-S906U1,GPU
2026-04-22 23:16:42.997,61.247,23.275,22.265,0.869,0.984,5.017,5.061,0.044,false,20.125,NONE,16,0,sequential_yolo_pose,SM-S906U1,GPU
2026-04-22 23:16:43.054,53.512,19.557,21.397,0.474,0.805,3.602,4.998,0.024,false,37.039,NONE,16,0,sequential_yolo_pose,SM-S906U1,GPU
2026-04-22 23:16:43.112,54.400,21.017,20.336,0.307,0.664,2.816,5.867,0.031,false,21.941,NONE,16,0,sequential_yolo_pose,SM-S906U1,GPU
2026-04-22 23:16:43.181,62.459,19.961,20.861,0.582,0.927,4.362,12.605,0.037,false,38.887,NONE,16,0,sequential_yolo_pose,SM-S906U1,GPU
2026-04-22 23:16:43.254,66.504,21.193,22.508,1.054,1.658,8.204,8.074,0.058,false,29.695,NONE,16,0,sequential_yolo_pose,SM-S906U1,GPU
2026-04-22 23:16:43.329,68.960,27.822,22.812,1.265,1.239,3.664,6.441,0.035,false,20.156,NONE,16,0,sequential_yolo_pose,SM-S906U1,GPU
2026-04-22 23:16:43.382,50.276,16.350,21.010,0.526,0.831,4.136,5.055,0.034,false,37.133,NONE,16,0,sequential_yolo_pose,SM-S906U1,GPU
2026-04-22 23:16:43.448,62.076,24.567,21.943,0.374,0.964,4.658,5.923,0.050,false,21.977,NONE,15,0,sequential_yolo_pose,SM-S906U1,GPU
2026-04-22 23:16:43.519,66.142,24.258,21.568,0.507,1.001,8.622,6.416,0.045,false,38.953,NONE,15,0,sequential_yolo_pose,SM-S906U1,GPU
2026-04-22 23:16:43.590,65.649,26.241,21.431,0.963,1.277,6.856,5.452,0.048,false,29.606,NONE,15,0,sequential_yolo_pose,SM-S906U1,GPU
2026-04-22 23:16:43.655,59.990,25.205,21.869,0.389,0.888,3.547,4.599,0.033,false,20.215,NONE,15,0,sequential_yolo_pose,SM-S906U1,GPU
2026-04-22 23:16:43.710,52.398,17.741,21.006,0.415,0.970,3.819,5.462,0.038,false,20.215,NONE,15,0,sequential_yolo_pose,SM-S906U1,GPU
2026-04-22 23:16:43.776,59.834,22.132,23.041,0.534,0.907,3.799,6.372,0.043,false,20.152,NONE,15,0,sequential_yolo_pose,SM-S906U1,GPU
2026-04-22 23:16:43.834,54.904,19.898,21.092,0.661,0.654,3.205,5.458,0.039,false,20.184,NONE,15,0,sequential_yolo_pose,SM-S906U1,GPU
2026-04-22 23:16:43.896,59.318,22.147,21.382,0.505,0.972,4.883,6.334,0.037,false,37.129,NONE,15,0,sequential_yolo_pose,SM-S906U1,GPU
2026-04-22 23:16:43.960,60.372,25.085,21.474,0.412,0.930,4.478,4.894,0.032,false,21.941,NONE,15,0,sequential_yolo_pose,SM-S906U1,GPU
2026-04-22 23:16:44.023,59.075,20.937,22.229,0.585,1.414,4.959,5.685,0.046,false,38.793,NONE,15,0,sequential_yolo_pose,SM-S906U1,GPU
2026-04-22 23:16:44.098,63.137,26.579,20.466,0.696,0.964,3.860,6.338,0.036,false,20.227,NONE,15,0,sequential_yolo_pose,SM-S906U1,GPU
2026-04-22 23:16:44.157,56.167,19.168,21.978,0.819,0.937,3.942,5.100,0.035,false,20.246,NONE,15,0,sequential_yolo_pose,SM-S906U1,GPU
2026-04-22 23:16:44.216,54.123,18.105,21.068,0.440,0.920,4.471,6.680,0.036,false,37.223,NONE,15,0,sequential_yolo_pose,SM-S906U1,GPU
2026-04-22 23:16:44.286,65.139,24.477,21.784,0.522,1.170,7.326,5.949,0.051,false,30.133,NONE,15,0,sequential_yolo_pose,SM-S906U1,GPU
2026-04-22 23:16:44.345,55.086,20.689,20.920,0.596,0.662,3.155,5.257,0.035,false,20.219,NONE,15,0,sequential_yolo_pose,SM-S906U1,GPU
2026-04-22 23:16:44.401,51.915,16.331,21.179,0.455,0.829,4.139,5.842,0.030,false,37.133,NONE,15,0,sequential_yolo_pose,SM-S906U1,GPU
2026-04-22 23:16:44.469,63.484,26.756,21.519,0.501,1.039,4.075,5.066,0.038,false,17.098,NONE,16,0,sequential_yolo_pose,SM-S906U1,GPU
2026-04-22 23:16:44.532,59.006,22.138,20.553,0.633,0.728,3.186,5.567,0.036,false,20.090,NONE,16,0,sequential_yolo_pose,SM-S906U1,GPU
2026-04-22 23:16:44.584,49.130,16.061,20.561,0.352,0.610,3.332,6.141,0.021,false,37.098,NONE,16,0,sequential_yolo_pose,SM-S906U1,GPU
2026-04-22 23:16:44.638,51.002,16.975,20.935,0.585,1.008,4.052,5.358,0.033,false,17.188,NONE,16,0,sequential_yolo_pose,SM-S906U1,GPU
2026-04-22 23:16:44.693,49.606,23.613,22.826,0.290,0.000,0.000,0.000,0.000,true,16.727,NONE,16,0,sequential_yolo_pose,SM-S906U1,GPU
2026-04-22 23:16:44.743,46.072,22.205,20.844,0.262,0.000,0.000,0.000,0.000,true,30.496,NONE,16,0,sequential_yolo_pose,SM-S906U1,GPU
2026-04-22 23:16:44.797,50.417,25.592,21.649,0.191,0.000,0.000,0.000,0.000,true,13.832,NONE,16,0,sequential_yolo_pose,SM-S906U1,GPU
2026-04-22 23:16:44.861,59.843,23.850,21.477,0.624,0.985,4.017,5.024,0.027,false,20.117,NONE,16,0,sequential_yolo_pose,SM-S906U1,GPU
2026-04-22 23:16:44.924,58.805,22.423,21.624,0.335,0.592,4.784,4.973,0.027,false,37.250,NONE,16,0,sequential_yolo_pose,SM-S906U1,GPU
2026-04-22 23:16:44.994,60.943,23.089,23.630,0.817,1.260,3.890,4.985,0.034,false,20.102,NONE,16,0,sequential_yolo_pose,SM-S906U1,GPU
2026-04-22 23:16:45.057,59.003,22.190,21.639,1.023,0.987,4.697,4.786,0.037,false,20.180,NONE,16,0,sequential_yolo_pose,SM-S906U1,GPU
2026-04-22 23:16:45.123,61.466,19.328,21.285,0.679,1.199,10.964,4.940,0.044,false,37.250,NONE,16,0,sequential_yolo_pose,SM-S906U1,GPU
2026-04-22 23:16:45.189,61.503,21.721,20.547,0.537,1.068,7.246,7.446,0.040,false,29.402,NONE,16,0,sequential_yolo_pose,SM-S906U1,GPU
2026-04-22 23:16:45.253,60.566,21.842,21.598,0.957,3.544,4.580,4.831,0.025,false,20.188,NONE,16,0,sequential_yolo_pose,SM-S906U1,GPU
2026-04-22 23:16:45.319,62.078,21.286,22.493,0.582,0.939,5.202,8.167,0.023,false,20.297,NONE,16,0,sequential_yolo_pose,SM-S906U1,GPU
2026-04-22 23:16:45.385,62.340,22.194,21.503,2.069,0.979,6.048,5.155,0.032,false,20.309,NONE,16,0,sequential_yolo_pose,SM-S906U1,GPU
2026-04-22 23:16:45.450,62.647,21.805,22.597,0.577,1.110,6.922,6.728,0.047,false,20.215,NONE,16,0,sequential_yolo_pose,SM-S906U1,GPU
2026-04-22 23:16:45.518,62.224,22.610,23.035,0.589,1.076,6.435,5.260,0.047,false,20.184,NONE,16,0,sequential_yolo_pose,SM-S906U1,GPU
2026-04-22 23:16:45.587,64.389,20.869,24.218,2.070,1.374,5.740,5.682,0.046,false,20.215,NONE,16,0,sequential_yolo_pose,SM-S906U1,GPU
2026-04-22 23:16:45.652,61.247,21.115,21.271,0.641,1.405,5.609,8.093,0.041,false,37.192,NONE,16,0,sequential_yolo_pose,SM-S906U1,GPU
2026-04-22 23:16:45.717,60.345,21.410,20.848,0.604,1.252,5.079,8.166,0.041,false,21.848,NONE,16,0,sequential_yolo_pose,SM-S906U1,GPU
2026-04-22 23:16:45.783,61.980,23.216,21.787,0.573,1.303,5.337,6.628,0.052,false,38.793,NONE,16,0,sequential_yolo_pose,SM-S906U1,GPU
2026-04-22 23:16:45.845,58.035,21.825,21.342,0.351,0.668,3.210,7.713,0.038,false,29.629,NONE,16,0,sequential_yolo_pose,SM-S906U1,GPU
2026-04-22 23:16:45.918,65.375,22.412,21.430,3.125,1.096,5.395,8.146,0.038,false,20.273,NONE,16,0,sequential_yolo_pose,SM-S906U1,GPU
2026-04-22 23:16:45.978,56.625,20.529,20.965,0.371,0.588,4.676,6.471,0.051,false,37.250,NONE,16,0,sequential_yolo_pose,SM-S906U1,GPU
2026-04-22 23:16:46.040,55.638,20.713,22.812,0.342,0.753,2.972,4.956,0.036,false,21.910,NONE,16,0,sequential_yolo_pose,SM-S906U1,GPU
2026-04-22 23:16:46.103,55.432,20.736,21.106,0.387,0.605,3.864,5.576,0.037,false,38.793,NONE,16,0,sequential_yolo_pose,SM-S906U1,GPU
2026-04-22 23:16:46.169,56.532,23.776,20.542,0.321,0.665,2.830,5.674,0.029,false,29.609,NONE,16,0,sequential_yolo_pose,SM-S906U1,GPU
2026-04-22 23:16:46.231,57.783,20.811,21.812,0.832,0.968,4.111,5.097,0.034,false,20.125,NONE,16,0,sequential_yolo_pose,SM-S906U1,GPU
2026-04-22 23:16:46.290,55.638,20.970,20.488,0.453,1.877,3.843,4.997,0.049,false,37.102,NONE,16,0,sequential_yolo_pose,SM-S906U1,GPU
2026-04-22 23:16:46.355,60.454,21.477,22.965,0.731,1.441,5.601,5.193,0.043,false,17.117,NONE,16,0,sequential_yolo_pose,SM-S906U1,GPU
2026-04-22 23:16:46.426,66.594,29.610,21.948,0.419,0.921,5.094,4.749,0.037,false,20.152,NONE,16,0,sequential_yolo_pose,SM-S906U1,GPU
2026-04-22 23:16:46.486,56.412,22.673,20.589,0.404,0.882,3.841,4.768,0.032,false,20.188,NONE,16,0,sequential_yolo_pose,SM-S906U1,GPU
2026-04-22 23:16:46.549,58.782,22.640,22.128,0.468,0.906,3.687,5.906,0.039,false,20.184,NONE,16,0,sequential_yolo_pose,SM-S906U1,GPU
2026-04-22 23:16:46.609,56.340,20.806,21.902,0.417,1.088,3.774,5.541,0.043,false,20.215,NONE,16,0,sequential_yolo_pose,SM-S906U1,GPU
2026-04-22 23:16:46.669,56.653,19.004,21.440,0.808,0.989,4.003,6.093,0.038,false,20.184,NONE,16,0,sequential_yolo_pose,SM-S906U1,GPU
2026-04-22 23:16:46.728,54.130,20.067,21.275,0.369,0.606,3.024,5.842,0.028,false,37.192,NONE,16,0,sequential_yolo_pose,SM-S906U1,GPU
2026-04-22 23:16:46.785,52.671,18.287,21.769,0.353,0.694,2.999,5.643,0.029,false,21.879,NONE,16,0,sequential_yolo_pose,SM-S906U1,GPU
2026-04-22 23:16:46.855,65.987,22.778,21.565,0.916,2.116,9.941,5.510,0.034,false,38.918,NONE,16,0,sequential_yolo_pose,SM-S906U1,GPU
2026-04-22 23:16:46.929,68.516,31.018,21.322,0.570,1.053,3.843,5.039,0.039,false,29.586,NONE,16,0,sequential_yolo_pose,SM-S906U1,GPU
2026-04-22 23:16:46.992,59.065,21.304,22.825,1.315,1.014,4.016,5.039,0.036,false,20.215,NONE,16,0,sequential_yolo_pose,SM-S906U1,GPU
2026-04-22 23:16:47.051,54.752,19.383,19.846,0.383,0.598,4.642,7.118,0.034,false,37.129,NONE,16,0,sequential_yolo_pose,SM-S906U1,GPU
2026-04-22 23:16:47.112,55.531,20.861,21.902,0.423,0.755,3.060,5.528,0.040,false,17.129,NONE,16,0,sequential_yolo_pose,SM-S906U1,GPU
2026-04-22 23:16:47.174,55.825,20.892,20.998,0.623,0.934,4.009,5.043,0.037,false,20.215,NONE,16,0,sequential_yolo_pose,SM-S906U1,GPU
2026-04-22 23:16:47.238,59.791,20.859,21.320,0.926,0.962,4.122,5.203,0.030,false,20.184,NONE,16,0,sequential_yolo_pose,SM-S906U1,GPU
2026-04-22 23:16:47.299,57.408,22.506,20.551,0.543,0.878,4.431,5.671,0.043,false,37.098,NONE,16,0,sequential_yolo_pose,SM-S906U1,GPU
2026-04-22 23:16:47.368,63.223,23.284,23.589,0.567,1.008,4.406,5.727,0.039,false,28.746,NONE,16,0,sequential_yolo_pose,SM-S906U1,GPU
2026-04-22 23:16:47.423,50.502,23.912,21.067,0.553,0.000,0.000,0.000,0.000,true,16.668,NONE,16,0,sequential_yolo_pose,SM-S906U1,GPU
2026-04-22 23:16:47.493,64.226,25.448,21.414,0.551,1.354,6.331,5.483,0.055,false,33.863,NONE,16,0,sequential_yolo_pose,SM-S906U1,GPU
2026-04-22 23:16:47.569,71.282,28.344,23.684,0.819,1.607,6.783,6.203,0.027,false,30.164,NONE,16,0,sequential_yolo_pose,SM-S906U1,GPU
2026-04-22 23:16:47.636,59.965,22.719,21.667,0.943,0.896,4.429,5.822,0.043,false,20.156,NONE,16,0,sequential_yolo_pose,SM-S906U1,GPU
2026-04-22 23:16:47.701,58.913,22.039,21.225,0.462,1.021,3.542,5.738,0.037,false,20.121,NONE,16,0,sequential_yolo_pose,SM-S906U1,GPU
2026-04-22 23:16:47.765,59.613,22.261,22.017,0.905,1.334,3.864,5.109,0.033,false,20.133,NONE,16,0,sequential_yolo_pose,SM-S906U1,GPU
2026-04-22 23:16:47.823,53.740,18.934,21.099,0.531,1.323,3.877,4.860,0.037,false,37.141,NONE,16,0,sequential_yolo_pose,SM-S906U1,GPU
2026-04-22 23:16:47.892,65.378,21.739,23.746,1.547,2.858,5.218,5.593,0.055,false,28.625,NONE,16,0,sequential_yolo_pose,SM-S906U1,GPU
2026-04-22 23:16:47.965,60.679,23.182,22.713,0.824,1.099,3.911,5.093,0.034,false,20.180,NONE,16,0,sequential_yolo_pose,SM-S906U1,GPU
2026-04-22 23:16:48.022,54.262,20.337,20.646,0.553,0.829,3.876,4.946,0.045,false,37.156,NONE,16,0,sequential_yolo_pose,SM-S906U1,GPU
2026-04-22 23:16:48.084,58.744,19.968,25.261,0.531,1.565,3.714,4.982,0.022,false,17.203,NONE,16,0,sequential_yolo_pose,SM-S906U1,GPU
2026-04-22 23:16:48.147,59.835,19.710,25.875,0.566,1.068,3.803,5.699,0.033,false,20.246,NONE,16,0,sequential_yolo_pose,SM-S906U1,GPU
2026-04-22 23:16:48.208,57.794,21.972,23.477,0.406,0.600,3.092,5.263,0.038,false,20.258,NONE,16,0,sequential_yolo_pose,SM-S906U1,GPU
2026-04-22 23:16:48.272,60.107,20.751,23.121,0.889,1.094,5.201,5.624,0.035,false,20.184,NONE,16,0,sequential_yolo_pose,SM-S906U1,GPU
2026-04-22 23:16:48.336,57.393,21.624,20.954,0.518,0.933,4.364,5.352,0.035,false,37.192,NONE,16,0,sequential_yolo_pose,SM-S906U1,GPU
2026-04-22 23:16:48.402,62.458,25.058,21.436,0.569,0.978,3.805,5.339,0.036,false,23.168,NONE,16,0,sequential_yolo_pose,SM-S906U1,GPU
2026-04-22 23:16:48.465,57.849,21.713,21.785,0.522,0.892,3.892,5.231,0.035,false,40.051,NONE,15,0,sequential_yolo_pose,SM-S906U1,GPU
2026-04-22 23:16:48.537,62.717,24.590,22.416,0.348,0.702,3.971,5.872,0.045,false,29.508,NONE,15,0,sequential_yolo_pose,SM-S906U1,GPU
2026-04-22 23:16:48.596,54.063,17.924,20.994,0.907,1.055,4.438,5.171,0.036,false,20.184,NONE,15,0,sequential_yolo_pose,SM-S906U1,GPU
2026-04-22 23:16:48.660,59.842,23.765,21.148,0.530,1.096,4.573,5.312,0.046,false,37.098,NONE,15,0,sequential_yolo_pose,SM-S906U1,GPU
2026-04-22 23:16:48.723,59.009,23.381,20.138,0.570,1.167,4.880,5.682,0.048,false,21.941,NONE,15,0,sequential_yolo_pose,SM-S906U1,GPU
2026-04-22 23:16:48.787,60.022,19.362,21.497,0.497,1.038,6.593,6.978,0.041,false,38.856,NONE,15,0,sequential_yolo_pose,SM-S906U1,GPU
2026-04-22 23:16:48.856,62.251,23.466,21.093,0.508,1.042,5.309,6.008,0.041,false,29.727,NONE,15,0,sequential_yolo_pose,SM-S906U1,GPU
2026-04-22 23:16:48.921,61.715,24.568,21.969,0.611,1.009,4.767,5.788,0.040,false,29.664,NONE,15,0,sequential_yolo_pose,SM-S906U1,GPU
2026-04-22 23:16:48.987,62.262,23.196,21.048,0.775,0.932,6.944,5.596,0.043,false,20.266,NONE,15,0,sequential_yolo_pose,SM-S906U1,GPU
2026-04-22 23:16:49.045,53.285,20.528,20.483,0.423,0.602,2.777,5.705,0.042,false,37.149,NONE,15,0,sequential_yolo_pose,SM-S906U1,GPU
2026-04-22 23:16:49.121,69.794,26.355,22.952,0.556,1.798,7.153,7.216,0.049,false,21.953,NONE,15,0,sequential_yolo_pose,SM-S906U1,GPU
2026-04-22 23:16:49.191,65.548,24.586,20.814,0.580,1.449,6.586,6.653,0.027,false,38.898,NONE,15,0,sequential_yolo_pose,SM-S906U1,GPU
2026-04-22 23:16:49.257,56.984,21.217,21.469,0.646,0.866,3.109,5.693,0.031,false,20.184,NONE,15,0,sequential_yolo_pose,SM-S906U1,GPU
2026-04-22 23:16:49.319,58.041,20.635,21.374,0.459,0.869,4.444,7.493,0.028,false,37.129,NONE,15,0,sequential_yolo_pose,SM-S906U1,GPU
2026-04-22 23:16:49.381,58.637,22.057,21.656,1.453,0.898,3.853,5.091,0.049,false,17.145,NONE,15,0,sequential_yolo_pose,SM-S906U1,GPU
2026-04-22 23:16:49.442,55.993,20.415,20.572,0.426,1.355,3.930,6.407,0.034,false,20.324,NONE,15,0,sequential_yolo_pose,SM-S906U1,GPU
2026-04-22 23:16:49.507,60.602,21.261,23.521,0.741,1.099,4.409,6.032,0.038,false,20.219,NONE,16,0,sequential_yolo_pose,SM-S906U1,GPU
2026-04-22 23:16:49.569,58.464,23.593,20.599,0.498,0.916,4.317,5.535,0.045,false,37.227,NONE,16,0,sequential_yolo_pose,SM-S906U1,GPU
2026-04-22 23:16:49.642,64.478,24.256,21.887,0.481,0.996,4.640,5.892,0.039,false,22.004,NONE,16,0,sequential_yolo_pose,SM-S906U1,GPU
2026-04-22 23:16:49.702,53.866,20.353,20.651,0.385,0.589,3.784,5.189,0.033,false,38.824,NONE,16,0,sequential_yolo_pose,SM-S906U1,GPU
2026-04-22 23:16:49.778,65.307,25.889,23.657,0.650,1.227,4.818,5.610,0.046,false,29.652,NONE,16,0,sequential_yolo_pose,SM-S906U1,GPU
2026-04-22 23:16:49.826,43.000,19.606,20.543,0.181,0.000,0.000,0.000,0.000,true,43.234,NONE,16,0,sequential_yolo_pose,SM-S906U1,GPU
2026-04-22 23:16:49.878,45.876,22.052,20.376,0.340,0.000,0.000,0.000,0.000,true,30.469,NONE,16,0,sequential_yolo_pose,SM-S906U1,GPU
2026-04-22 23:16:49.942,59.842,25.116,21.008,0.350,1.028,3.797,5.447,0.038,false,21.449,NONE,16,0,sequential_yolo_pose,SM-S906U1,GPU
2026-04-22 23:16:50.011,62.781,21.496,21.555,0.489,0.931,5.730,8.916,0.053,false,38.332,NONE,16,0,sequential_yolo_pose,SM-S906U1,GPU
2026-04-22 23:16:50.086,63.507,24.560,21.609,0.493,1.385,7.017,5.051,0.041,false,29.711,NONE,16,0,sequential_yolo_pose,SM-S906U1,GPU
2026-04-22 23:16:50.156,65.471,28.591,21.240,0.652,1.599,3.866,5.740,0.023,false,21.969,NONE,16,0,sequential_yolo_pose,SM-S906U1,GPU
2026-04-22 23:16:50.214,54.353,19.904,20.717,0.438,0.734,3.089,6.363,0.050,false,38.852,NONE,16,0,sequential_yolo_pose,SM-S906U1,GPU
2026-04-22 23:16:50.282,63.768,25.738,21.612,0.519,1.042,4.683,7.057,0.049,false,29.613,NONE,16,0,sequential_yolo_pose,SM-S906U1,GPU
2026-04-22 23:16:50.345,59.040,20.905,21.509,0.984,0.952,5.203,5.401,0.049,false,20.188,NONE,16,0,sequential_yolo_pose,SM-S906U1,GPU
2026-04-22 23:16:50.404,54.943,20.446,20.663,0.541,0.930,3.693,5.556,0.044,false,37.133,NONE,16,0,sequential_yolo_pose,SM-S906U1,GPU
2026-04-22 23:16:50.469,60.963,21.983,21.785,0.536,1.101,3.724,5.370,0.026,false,21.887,NONE,15,0,sequential_yolo_pose,SM-S906U1,GPU
2026-04-22 23:16:50.534,58.642,22.375,21.293,0.522,0.909,4.058,5.335,0.067,false,38.895,NONE,15,0,sequential_yolo_pose,SM-S906U1,GPU
2026-04-22 23:16:50.606,62.532,24.164,20.698,0.551,1.154,4.606,5.660,0.039,false,29.731,NONE,15,0,sequential_yolo_pose,SM-S906U1,GPU
2026-04-22 23:16:50.670,58.748,19.996,22.893,0.809,0.967,4.076,5.308,0.034,false,20.184,NONE,15,0,sequential_yolo_pose,SM-S906U1,GPU
2026-04-22 23:16:50.725,50.350,17.040,21.181,0.434,0.676,2.795,5.498,0.033,false,37.223,NONE,15,0,sequential_yolo_pose,SM-S906U1,GPU
2026-04-22 23:16:50.793,63.764,30.355,21.449,0.433,0.700,3.008,4.842,0.049,false,21.898,NONE,15,0,sequential_yolo_pose,SM-S906U1,GPU
2026-04-22 23:16:50.853,55.700,20.254,21.224,0.447,0.924,4.241,5.405,0.033,false,38.750,NONE,15,0,sequential_yolo_pose,SM-S906U1,GPU
2026-04-22 23:16:50.927,62.973,23.297,26.006,0.607,0.965,3.919,4.896,0.034,false,20.184,NONE,15,0,sequential_yolo_pose,SM-S906U1,GPU
2026-04-22 23:16:50.985,55.012,21.379,21.071,0.658,0.646,3.122,4.874,0.034,false,20.164,NONE,15,0,sequential_yolo_pose,SM-S906U1,GPU
2026-04-22 23:16:51.045,56.101,16.675,22.869,0.323,1.009,4.292,8.097,0.039,false,37.235,NONE,15,0,sequential_yolo_pose,SM-S906U1,GPU
2026-04-22 23:16:51.111,61.261,21.896,23.018,0.339,1.131,4.141,7.851,0.024,false,21.938,NONE,15,0,sequential_yolo_pose,SM-S906U1,GPU
2026-04-22 23:16:51.171,56.837,21.825,20.811,0.470,1.050,4.018,5.539,0.049,false,38.758,NONE,15,0,sequential_yolo_pose,SM-S906U1,GPU
2026-04-22 23:16:51.237,59.760,21.494,21.726,0.386,1.123,4.113,6.204,0.033,false,29.602,NONE,15,0,sequential_yolo_pose,SM-S906U1,GPU
2026-04-22 23:16:51.306,62.027,20.676,23.369,0.328,0.598,2.945,5.709,0.034,false,16.734,NONE,15,0,sequential_yolo_pose,SM-S906U1,GPU
2026-04-22 23:16:51.375,61.082,19.963,23.254,1.241,1.163,4.942,5.779,0.039,false,20.207,NONE,15,0,sequential_yolo_pose,SM-S906U1,GPU
2026-04-22 23:16:51.436,57.786,22.199,21.380,0.466,1.023,4.228,5.537,0.040,false,37.215,NONE,15,0,sequential_yolo_pose,SM-S906U1,GPU
2026-04-22 23:16:51.503,60.538,21.708,25.059,0.390,0.919,3.938,5.062,0.044,false,22.004,NONE,16,0,sequential_yolo_pose,SM-S906U1,GPU
2026-04-22 23:16:51.568,58.234,22.481,21.182,0.447,0.916,4.083,5.688,0.055,false,38.887,NONE,16,0,sequential_yolo_pose,SM-S906U1,GPU
2026-04-22 23:16:51.638,60.393,20.813,20.676,0.305,0.735,3.111,5.395,0.028,false,29.652,NONE,16,0,sequential_yolo_pose,SM-S906U1,GPU
2026-04-22 23:16:51.698,54.328,19.382,20.965,0.348,0.619,3.118,4.913,0.034,false,29.336,NONE,16,0,sequential_yolo_pose,SM-S906U1,GPU
2026-04-22 23:16:51.763,61.093,23.110,21.707,0.872,1.306,5.003,5.076,0.040,false,20.031,NONE,16,0,sequential_yolo_pose,SM-S906U1,GPU
2026-04-22 23:16:51.823,56.500,22.022,20.681,0.481,1.192,3.723,5.320,0.026,false,37.133,NONE,16,0,sequential_yolo_pose,SM-S906U1,GPU
2026-04-22 23:16:51.882,54.935,20.839,20.810,0.360,0.650,2.948,6.213,0.048,false,23.141,NONE,16,0,sequential_yolo_pose,SM-S906U1,GPU
2026-04-22 23:16:51.957,68.823,21.564,23.873,0.833,1.447,8.041,9.911,0.038,false,39.961,NONE,16,0,sequential_yolo_pose,SM-S906U1,GPU
2026-04-22 23:16:52.022,60.900,26.050,21.417,0.499,0.991,4.080,4.874,0.032,false,29.406,NONE,16,0,sequential_yolo_pose,SM-S906U1,GPU
2026-04-22 23:16:52.085,58.850,21.920,22.038,0.676,2.313,3.745,4.841,0.036,false,20.215,NONE,16,0,sequential_yolo_pose,SM-S906U1,GPU
2026-04-22 23:16:52.150,60.769,21.988,21.675,0.926,1.046,5.693,5.314,0.044,false,20.184,NONE,16,0,sequential_yolo_pose,SM-S906U1,GPU
2026-04-22 23:16:52.215,60.607,21.841,22.847,0.684,1.163,4.952,5.825,0.072,false,37.067,NONE,16,0,sequential_yolo_pose,SM-S906U1,GPU
2026-04-22 23:16:52.280,61.187,24.952,21.699,0.555,1.026,4.842,5.297,0.033,false,23.148,NONE,16,0,sequential_yolo_pose,SM-S906U1,GPU
2026-04-22 23:16:52.335,51.455,16.817,21.091,0.541,0.888,3.783,5.424,0.040,false,40.031,NONE,16,0,sequential_yolo_pose,SM-S906U1,GPU
2026-04-22 23:16:52.399,60.712,23.880,21.165,0.612,1.238,4.914,5.389,0.058,false,29.336,NONE,16,0,sequential_yolo_pose,SM-S906U1,GPU
2026-04-22 23:16:52.472,67.647,28.324,22.840,0.482,1.069,4.338,6.940,0.039,false,21.844,NONE,16,0,sequential_yolo_pose,SM-S906U1,GPU
2026-04-22 23:16:52.527,49.519,22.572,22.561,0.268,0.000,0.000,0.000,0.000,true,35.520,NONE,16,0,sequential_yolo_pose,SM-S906U1,GPU
2026-04-22 23:16:52.596,65.207,30.422,21.288,0.358,0.914,3.681,4.985,0.045,false,23.152,NONE,16,0,sequential_yolo_pose,SM-S906U1,GPU
2026-04-22 23:16:52.660,59.244,22.657,21.233,0.490,0.940,4.168,5.762,0.036,false,40.129,NONE,16,0,sequential_yolo_pose,SM-S906U1,GPU
2026-04-22 23:16:52.727,62.490,26.195,20.970,0.599,1.143,4.062,6.610,0.035,false,29.469,NONE,16,0,sequential_yolo_pose,SM-S906U1,GPU
2026-04-22 23:16:52.791,58.462,24.775,21.188,0.387,0.598,3.267,5.100,0.035,false,29.695,NONE,16,0,sequential_yolo_pose,SM-S906U1,GPU
2026-04-22 23:16:52.853,57.254,24.721,20.819,0.412,0.668,2.887,4.737,0.036,false,21.461,NONE,16,0,sequential_yolo_pose,SM-S906U1,GPU
2026-04-22 23:16:52.918,61.176,22.788,20.357,0.570,1.073,5.825,7.349,0.056,false,38.344,NONE,16,0,sequential_yolo_pose,SM-S906U1,GPU
2026-04-22 23:16:52.984,58.531,23.181,20.793,0.399,0.662,3.941,6.109,0.057,false,29.606,NONE,16,0,sequential_yolo_pose,SM-S906U1,GPU
2026-04-22 23:16:53.059,69.157,32.182,21.703,0.603,1.103,4.344,5.315,0.031,false,21.879,NONE,16,0,sequential_yolo_pose,SM-S906U1,GPU
2026-04-22 23:16:53.122,58.196,21.539,20.944,0.772,0.971,5.125,5.517,0.048,false,38.793,NONE,16,0,sequential_yolo_pose,SM-S906U1,GPU
2026-04-22 23:16:53.185,58.935,22.615,20.807,0.630,1.118,5.115,5.317,0.045,false,29.649,NONE,16,0,sequential_yolo_pose,SM-S906U1,GPU
2026-04-22 23:16:53.254,64.728,21.746,22.815,1.123,1.259,8.559,5.357,0.058,false,20.188,NONE,16,0,sequential_yolo_pose,SM-S906U1,GPU
2026-04-22 23:16:53.329,68.610,28.073,22.660,0.982,0.848,3.837,5.763,0.033,false,20.246,NONE,16,0,sequential_yolo_pose,SM-S906U1,GPU
2026-04-22 23:16:53.391,57.296,20.613,21.315,0.876,0.978,5.466,4.737,0.032,false,20.242,NONE,16,0,sequential_yolo_pose,SM-S906U1,GPU
2026-04-22 23:16:53.450,55.412,20.115,21.286,0.696,0.654,3.193,6.290,0.038,false,20.246,NONE,16,0,sequential_yolo_pose,SM-S906U1,GPU
2026-04-22 23:16:53.505,51.876,16.508,21.890,0.472,0.875,4.001,5.391,0.036,false,37.254,NONE,15,0,sequential_yolo_pose,SM-S906U1,GPU
2026-04-22 23:16:53.571,59.803,22.585,22.513,0.464,1.104,4.493,5.037,0.038,false,17.254,NONE,15,0,sequential_yolo_pose,SM-S906U1,GPU
2026-04-22 23:16:53.635,58.969,22.189,21.969,0.726,0.926,4.079,5.349,0.054,false,20.090,NONE,15,0,sequential_yolo_pose,SM-S906U1,GPU
2026-04-22 23:16:53.700,59.561,22.384,21.607,0.800,0.942,3.985,5.135,0.050,false,20.090,NONE,15,0,sequential_yolo_pose,SM-S906U1,GPU
2026-04-22 23:16:53.776,69.380,26.116,22.265,0.606,0.999,5.112,6.878,0.032,false,37.098,NONE,15,0,sequential_yolo_pose,SM-S906U1,GPU
2026-04-22 23:16:53.855,64.559,21.541,25.692,1.587,1.138,5.239,6.044,0.075,false,20.281,NONE,15,0,sequential_yolo_pose,SM-S906U1,GPU
2026-04-22 23:16:53.924,64.560,20.153,27.314,0.528,1.400,5.852,6.177,0.040,false,20.215,NONE,15,0,sequential_yolo_pose,SM-S906U1,GPU
2026-04-22 23:16:53.996,67.463,25.715,26.857,0.511,0.895,3.776,6.386,0.037,false,20.305,NONE,15,0,sequential_yolo_pose,SM-S906U1,GPU
2026-04-22 23:16:54.061,61.174,20.631,26.229,0.534,0.906,3.779,6.094,0.040,false,20.309,NONE,15,0,sequential_yolo_pose,SM-S906U1,GPU
2026-04-22 23:16:54.130,64.194,21.463,26.783,0.501,1.014,5.044,6.446,0.035,false,20.301,NONE,15,0,sequential_yolo_pose,SM-S906U1,GPU
2026-04-22 23:16:54.197,63.520,20.329,26.804,0.937,0.936,3.913,6.917,0.037,false,20.277,NONE,15,0,sequential_yolo_pose,SM-S906U1,GPU
2026-04-22 23:16:54.272,71.619,24.149,28.316,0.817,1.218,5.790,7.819,0.045,false,37.160,NONE,15,0,sequential_yolo_pose,SM-S906U1,GPU
2026-04-22 23:16:54.355,74.322,24.852,27.940,0.712,1.502,10.239,6.498,0.035,false,28.692,NONE,15,0,sequential_yolo_pose,SM-S906U1,GPU
2026-04-22 23:16:54.425,66.013,23.818,26.220,0.574,1.018,4.239,6.459,0.052,false,20.188,NONE,15,0,sequential_yolo_pose,SM-S906U1,GPU
2026-04-22 23:16:54.497,67.004,22.852,28.196,0.633,1.115,4.183,6.484,0.043,false,20.242,NONE,14,0,sequential_yolo_pose,SM-S906U1,GPU
2026-04-22 23:16:54.576,75.020,28.012,27.859,0.926,1.692,5.818,6.975,0.042,false,20.180,NONE,14,0,sequential_yolo_pose,SM-S906U1,GPU
2026-04-22 23:16:54.654,72.940,23.831,28.468,0.598,1.004,7.296,7.904,0.037,false,20.309,NONE,14,0,sequential_yolo_pose,SM-S906U1,GPU
2026-04-22 23:16:54.728,68.930,22.586,28.304,0.577,2.300,5.512,6.135,0.033,false,20.215,NONE,14,0,sequential_yolo_pose,SM-S906U1,GPU
2026-04-22 23:16:54.795,63.660,21.342,27.664,0.557,0.883,3.844,6.141,0.044,false,20.277,NONE,14,0,sequential_yolo_pose,SM-S906U1,GPU
2026-04-22 23:16:54.867,67.736,22.730,27.888,0.968,1.070,4.224,7.471,0.036,false,20.305,NONE,14,0,sequential_yolo_pose,SM-S906U1,GPU
2026-04-22 23:16:54.926,55.201,21.780,29.274,0.697,0.000,0.000,0.000,0.000,true,10.891,NONE,14,0,sequential_yolo_pose,SM-S906U1,GPU
2026-04-22 23:16:55.000,68.613,24.793,27.089,0.447,1.055,4.339,7.256,0.028,false,20.297,NONE,14,0,sequential_yolo_pose,SM-S906U1,GPU
2026-04-22 23:16:55.069,65.040,22.006,26.942,0.829,0.883,4.079,7.079,0.038,false,20.336,NONE,14,0,sequential_yolo_pose,SM-S906U1,GPU
2026-04-22 23:16:55.138,64.935,21.434,27.436,0.510,0.939,4.236,7.351,0.050,false,37.188,NONE,14,0,sequential_yolo_pose,SM-S906U1,GPU
2026-04-22 23:16:55.205,60.728,16.775,25.972,0.690,1.141,4.476,7.185,0.048,false,29.445,NONE,14,0,sequential_yolo_pose,SM-S906U1,GPU
2026-04-22 23:16:55.290,80.660,25.068,28.449,0.962,1.896,13.157,6.765,0.043,false,20.281,NONE,14,0,sequential_yolo_pose,SM-S906U1,GPU
2026-04-22 23:16:55.372,75.535,22.337,27.857,0.802,1.968,5.598,13.303,0.044,false,37.289,NONE,14,0,sequential_yolo_pose,SM-S906U1,GPU
2026-04-22 23:16:55.445,65.480,22.875,25.498,0.687,1.183,4.298,6.860,0.071,false,30.102,NONE,14,0,sequential_yolo_pose,SM-S906U1,GPU
2026-04-22 23:16:55.527,76.091,22.620,29.204,2.781,2.525,7.228,6.387,0.033,false,20.219,NONE,14,0,sequential_yolo_pose,SM-S906U1,GPU
2026-04-22 23:16:55.595,64.081,21.287,27.753,0.383,1.189,4.221,6.057,0.038,false,20.277,NONE,14,0,sequential_yolo_pose,SM-S906U1,GPU
2026-04-22 23:16:55.665,65.523,22.991,28.125,0.362,0.872,3.676,6.441,0.039,false,20.309,NONE,14,0,sequential_yolo_pose,SM-S906U1,GPU
2026-04-22 23:16:55.736,67.685,23.333,28.660,0.506,0.854,3.975,7.115,0.039,false,20.215,NONE,14,0,sequential_yolo_pose,SM-S906U1,GPU
2026-04-22 23:16:55.812,71.281,21.717,27.430,0.691,1.586,6.740,7.295,0.054,false,20.094,NONE,14,0,sequential_yolo_pose,SM-S906U1,GPU
2026-04-22 23:16:55.887,68.944,22.323,27.072,0.415,1.288,6.410,7.899,0.054,false,20.273,NONE,14,0,sequential_yolo_pose,SM-S906U1,GPU
2026-04-22 23:16:55.960,68.476,21.855,26.765,0.784,1.514,7.217,6.290,0.042,false,14.348,NONE,14,0,sequential_yolo_pose,SM-S906U1,GPU
2026-04-22 23:16:56.032,67.287,24.014,28.105,0.416,0.891,3.945,6.463,0.038,false,21.535,NONE,14,0,sequential_yolo_pose,SM-S906U1,GPU
2026-04-22 23:16:56.107,70.306,22.989,26.368,0.629,1.037,8.486,7.483,0.044,false,38.449,NONE,14,0,sequential_yolo_pose,SM-S906U1,GPU
2026-04-22 23:16:56.196,75.781,25.000,26.496,0.770,2.967,7.113,6.866,0.037,false,29.692,NONE,14,0,sequential_yolo_pose,SM-S906U1,GPU
2026-04-22 23:16:56.273,71.858,24.283,28.698,0.726,1.201,4.668,7.154,0.032,false,29.406,NONE,14,0,sequential_yolo_pose,SM-S906U1,GPU
2026-04-22 23:16:56.362,82.092,23.517,30.440,1.253,6.715,8.049,6.576,0.048,false,20.281,NONE,14,0,sequential_yolo_pose,SM-S906U1,GPU
2026-04-22 23:16:56.436,67.059,21.687,27.143,0.775,0.982,4.563,7.325,0.039,false,14.434,NONE,14,0,sequential_yolo_pose,SM-S906U1,GPU
2026-04-22 23:16:56.523,83.554,23.935,29.137,0.824,1.806,14.184,9.629,0.030,false,31.473,NONE,13,0,sequential_yolo_pose,SM-S906U1,GPU
2026-04-22 23:16:56.602,65.687,22.902,26.454,0.384,0.954,4.388,7.060,0.047,false,20.270,NONE,13,0,sequential_yolo_pose,SM-S906U1,GPU
2026-04-22 23:16:56.676,69.325,23.236,28.609,0.417,1.014,3.940,6.528,0.079,false,20.184,NONE,13,0,sequential_yolo_pose,SM-S906U1,GPU
2026-04-22 23:16:56.745,63.990,18.460,26.636,0.550,0.969,4.959,7.187,0.102,false,20.090,NONE,13,0,sequential_yolo_pose,SM-S906U1,GPU
2026-04-22 23:16:56.817,66.627,21.585,28.352,0.560,0.984,4.745,6.795,0.032,false,20.309,NONE,13,0,sequential_yolo_pose,SM-S906U1,GPU
2026-04-22 23:16:56.885,64.454,20.403,26.976,0.786,1.589,4.012,7.399,0.043,false,20.309,NONE,13,0,sequential_yolo_pose,SM-S906U1,GPU
2026-04-22 23:16:56.959,70.732,23.457,28.727,0.820,1.199,6.112,6.501,0.060,false,20.172,NONE,13,0,sequential_yolo_pose,SM-S906U1,GPU
2026-04-22 23:16:57.029,65.849,22.442,27.199,0.732,1.166,4.148,6.626,0.046,false,20.184,NONE,13,0,sequential_yolo_pose,SM-S906U1,GPU
2026-04-22 23:16:57.109,75.535,29.310,27.732,1.184,1.120,4.651,7.244,0.052,false,20.152,NONE,13,0,sequential_yolo_pose,SM-S906U1,GPU
2026-04-22 23:16:57.193,79.613,22.265,29.142,0.916,3.368,13.301,7.115,0.043,false,37.098,NONE,13,0,sequential_yolo_pose,SM-S906U1,GPU
2026-04-22 23:16:57.269,71.126,27.258,26.915,0.584,1.211,4.061,7.091,0.037,false,29.695,NONE,13,0,sequential_yolo_pose,SM-S906U1,GPU
2026-04-22 23:16:57.343,69.752,23.777,26.746,0.944,1.297,5.384,7.213,0.041,false,20.094,NONE,13,0,sequential_yolo_pose,SM-S906U1,GPU
2026-04-22 23:16:57.422,73.325,20.660,32.784,0.724,1.075,8.046,6.795,0.055,false,37.133,NONE,13,0,sequential_yolo_pose,SM-S906U1,GPU
2026-04-22 23:16:57.499,72.044,29.395,26.895,0.608,1.119,4.206,6.474,0.046,false,28.656,NONE,13,0,sequential_yolo_pose,SM-S906U1,GPU
2026-04-22 23:16:57.592,88.118,37.714,27.261,0.981,1.993,8.426,7.676,0.039,false,21.992,NONE,14,0,sequential_yolo_pose,SM-S906U1,GPU
2026-04-22 23:16:57.672,74.862,27.357,27.278,0.768,1.273,5.088,9.123,0.043,false,38.875,NONE,14,0,sequential_yolo_pose,SM-S906U1,GPU
2026-04-22 23:16:57.754,77.004,28.441,28.088,0.392,1.160,5.338,8.084,0.034,false,29.695,NONE,14,0,sequential_yolo_pose,SM-S906U1,GPU
2026-04-22 23:16:57.834,74.573,24.435,28.718,1.325,1.693,6.519,7.447,0.050,false,20.219,NONE,14,0,sequential_yolo_pose,SM-S906U1,GPU
2026-04-22 23:16:57.897,57.509,23.333,28.511,0.251,0.000,0.000,0.000,0.000,true,10.859,NONE,14,0,sequential_yolo_pose,SM-S906U1,GPU
2026-04-22 23:16:57.956,55.202,26.003,26.255,0.184,0.000,0.000,0.000,0.000,true,16.883,NONE,14,0,sequential_yolo_pose,SM-S906U1,GPU
2026-04-22 23:16:58.013,53.236,23.765,26.491,0.251,0.000,0.000,0.000,0.000,true,30.527,NONE,14,0,sequential_yolo_pose,SM-S906U1,GPU
2026-04-22 23:16:58.077,58.596,26.416,28.678,0.169,0.000,0.000,0.000,0.000,true,13.445,NONE,14,0,sequential_yolo_pose,SM-S906U1,GPU
2026-04-22 23:16:58.144,59.869,25.830,30.747,0.158,0.000,0.000,0.000,0.000,true,16.844,NONE,14,0,sequential_yolo_pose,SM-S906U1,GPU
2026-04-22 23:16:58.195,47.306,16.927,28.181,0.223,0.000,0.000,0.000,0.000,true,30.488,NONE,14,0,sequential_yolo_pose,SM-S906U1,GPU
2026-04-22 23:16:58.257,58.330,28.724,26.506,0.213,0.000,0.000,0.000,0.000,true,18.145,NONE,14,0,sequential_yolo_pose,SM-S906U1,GPU
2026-04-22 23:16:58.314,53.152,24.700,25.286,0.244,0.000,0.000,0.000,0.000,true,31.727,NONE,14,0,sequential_yolo_pose,SM-S906U1,GPU
2026-04-22 23:16:58.375,56.859,25.488,28.158,0.202,0.000,0.000,0.000,0.000,true,17.977,NONE,14,0,sequential_yolo_pose,SM-S906U1,GPU
2026-04-22 23:16:58.436,51.434,22.292,25.901,0.280,0.000,0.000,0.000,0.000,true,31.715,NONE,14,0,sequential_yolo_pose,SM-S906U1,GPU
2026-04-22 23:16:58.501,59.570,27.559,28.772,0.226,0.000,0.000,0.000,0.000,true,13.426,NONE,14,0,sequential_yolo_pose,SM-S906U1,GPU
2026-04-22 23:16:58.566,59.763,29.278,26.103,0.498,0.000,0.000,0.000,0.000,true,16.664,NONE,15,0,sequential_yolo_pose,SM-S906U1,GPU
2026-04-22 23:16:58.630,56.688,24.507,28.855,0.216,0.000,0.000,0.000,0.000,true,30.527,NONE,15,0,sequential_yolo_pose,SM-S906U1,GPU
2026-04-22 23:16:58.702,66.441,35.259,27.561,0.226,0.000,0.000,0.000,0.000,true,19.711,NONE,15,0,sequential_yolo_pose,SM-S906U1,GPU
2026-04-22 23:16:58.778,69.870,31.922,31.650,0.547,0.000,0.000,0.000,0.000,true,33.324,NONE,15,0,sequential_yolo_pose,SM-S906U1,GPU
2026-04-22 23:16:58.851,56.550,24.212,26.942,0.225,0.000,0.000,0.000,0.000,true,18.117,NONE,15,0,sequential_yolo_pose,SM-S906U1,GPU
2026-04-22 23:16:58.912,57.199,24.224,29.289,0.309,0.000,0.000,0.000,0.000,true,31.731,NONE,15,0,sequential_yolo_pose,SM-S906U1,GPU
2026-04-22 23:16:58.979,58.719,27.630,25.640,0.318,0.000,0.000,0.000,0.000,true,18.098,NONE,15,0,sequential_yolo_pose,SM-S906U1,GPU
2026-04-22 23:16:59.051,65.706,31.850,29.414,0.223,0.000,0.000,0.000,0.000,true,31.680,NONE,15,0,sequential_yolo_pose,SM-S906U1,GPU
2026-04-22 23:16:59.111,55.738,26.730,26.036,0.183,0.000,0.000,0.000,0.000,true,18.172,NONE,15,0,sequential_yolo_pose,SM-S906U1,GPU
2026-04-22 23:16:59.171,54.840,22.214,29.141,0.512,0.000,0.000,0.000,0.000,true,31.754,NONE,15,0,sequential_yolo_pose,SM-S906U1,GPU
2026-04-22 23:16:59.251,66.988,30.461,32.173,0.264,0.000,0.000,0.000,0.000,true,18.055,NONE,15,0,sequential_yolo_pose,SM-S906U1,GPU
2026-04-22 23:16:59.313,56.883,25.117,28.201,0.379,0.000,0.000,0.000,0.000,true,31.668,NONE,15,0,sequential_yolo_pose,SM-S906U1,GPU
2026-04-22 23:16:59.384,63.875,33.007,27.380,0.304,0.000,0.000,0.000,0.000,true,18.164,NONE,15,0,sequential_yolo_pose,SM-S906U1,GPU
2026-04-22 23:16:59.450,59.609,27.070,28.178,0.208,0.000,0.000,0.000,0.000,true,31.684,NONE,15,0,sequential_yolo_pose,SM-S906U1,GPU
2026-04-22 23:16:59.508,54.213,24.469,26.574,0.176,0.000,0.000,0.000,0.000,true,18.258,NONE,15,0,sequential_yolo_pose,SM-S906U1,GPU
2026-04-22 23:16:59.570,57.283,24.571,27.692,0.389,0.000,0.000,0.000,0.000,true,31.965,NONE,15,0,sequential_yolo_pose,SM-S906U1,GPU
2026-04-22 23:16:59.635,60.195,26.020,28.302,0.188,0.000,0.000,0.000,0.000,true,13.441,NONE,15,0,sequential_yolo_pose,SM-S906U1,GPU
2026-04-22 23:16:59.695,56.000,23.715,28.746,0.185,0.000,0.000,0.000,0.000,true,16.777,NONE,15,0,sequential_yolo_pose,SM-S906U1,GPU
2026-04-22 23:16:59.762,63.184,29.347,29.534,0.438,0.000,0.000,0.000,0.000,true,30.516,NONE,15,0,sequential_yolo_pose,SM-S906U1,GPU
2026-04-22 23:16:59.829,61.554,28.758,27.589,0.246,0.000,0.000,0.000,0.000,true,18.535,NONE,15,0,sequential_yolo_pose,SM-S906U1,GPU
2026-04-22 23:16:59.900,65.339,30.632,30.314,0.428,0.000,0.000,0.000,0.000,true,32.086,NONE,15,0,sequential_yolo_pose,SM-S906U1,GPU
2026-04-22 23:16:59.964,58.654,26.571,27.588,0.189,0.000,0.000,0.000,0.000,true,18.121,NONE,15,0,sequential_yolo_pose,SM-S906U1,GPU
2026-04-22 23:17:00.025,56.386,23.802,29.159,0.241,0.000,0.000,0.000,0.000,true,31.703,NONE,15,0,sequential_yolo_pose,SM-S906U1,GPU
2026-04-22 23:17:00.091,61.453,28.790,29.129,0.195,0.000,0.000,0.000,0.000,true,18.055,NONE,15,0,sequential_yolo_pose,SM-S906U1,GPU
2026-04-22 23:17:00.165,70.125,35.569,30.281,0.293,0.000,0.000,0.000,0.000,true,31.668,NONE,15,0,sequential_yolo_pose,SM-S906U1,GPU
2026-04-22 23:17:00.232,60.759,27.029,27.258,0.261,0.000,0.000,0.000,0.000,true,13.273,LIGHT,15,0,sequential_yolo_pose,SM-S906U1,GPU
2026-04-22 23:17:00.296,59.184,26.939,28.293,0.285,0.000,0.000,0.000,0.000,true,16.719,LIGHT,15,0,sequential_yolo_pose,SM-S906U1,GPU
2026-04-22 23:17:00.365,65.511,31.146,30.089,0.255,0.000,0.000,0.000,0.000,true,30.488,LIGHT,15,0,sequential_yolo_pose,SM-S906U1,GPU
2026-04-22 23:17:00.437,66.403,32.951,27.065,0.182,0.000,0.000,0.000,0.000,true,18.168,LIGHT,15,0,sequential_yolo_pose,SM-S906U1,GPU
2026-04-22 23:17:00.497,55.120,23.046,27.847,0.562,0.000,0.000,0.000,0.000,true,31.750,LIGHT,15,0,sequential_yolo_pose,SM-S906U1,GPU
2026-04-22 23:17:00.572,67.832,27.213,31.145,0.200,0.000,0.000,0.000,0.000,true,18.254,LIGHT,15,0,sequential_yolo_pose,SM-S906U1,GPU
2026-04-22 23:17:00.629,51.686,21.685,26.583,0.266,0.000,0.000,0.000,0.000,true,31.898,LIGHT,15,0,sequential_yolo_pose,SM-S906U1,GPU
2026-04-22 23:17:00.693,59.560,28.577,27.305,0.245,0.000,0.000,0.000,0.000,true,18.117,LIGHT,15,0,sequential_yolo_pose,SM-S906U1,GPU
2026-04-22 23:17:00.762,64.320,30.145,30.242,0.231,0.000,0.000,0.000,0.000,true,31.699,LIGHT,15,0,sequential_yolo_pose,SM-S906U1,GPU
2026-04-22 23:17:00.828,62.442,29.806,28.835,0.206,0.000,0.000,0.000,0.000,true,18.148,LIGHT,15,0,sequential_yolo_pose,SM-S906U1,GPU
2026-04-22 23:17:00.918,85.043,34.350,29.209,0.641,1.375,6.255,7.996,0.051,false,35.000,LIGHT,15,0,sequential_yolo_pose,SM-S906U1,GPU
2026-04-22 23:17:00.995,72.436,25.868,27.688,1.611,1.246,5.395,7.195,0.048,false,22.012,LIGHT,15,0,sequential_yolo_pose,SM-S906U1,GPU
2026-04-22 23:17:01.071,71.676,24.666,26.975,0.553,1.559,5.825,8.143,0.033,false,38.895,LIGHT,15,0,sequential_yolo_pose,SM-S906U1,GPU
2026-04-22 23:17:01.150,64.489,23.514,25.721,0.391,0.946,4.692,6.044,0.071,false,20.277,LIGHT,15,0,sequential_yolo_pose,SM-S906U1,GPU
2026-04-22 23:17:01.221,68.012,21.834,26.972,0.443,1.535,7.696,6.434,0.029,false,20.215,LIGHT,15,0,sequential_yolo_pose,SM-S906U1,GPU
2026-04-22 23:17:01.295,69.391,26.320,27.115,0.452,1.016,3.824,7.266,0.049,false,20.305,LIGHT,15,0,sequential_yolo_pose,SM-S906U1,GPU
2026-04-22 23:17:01.368,67.765,23.118,29.374,0.462,0.936,4.086,6.318,0.038,false,20.152,LIGHT,15,0,sequential_yolo_pose,SM-S906U1,GPU
2026-04-22 23:17:01.449,76.396,23.451,31.448,0.955,1.259,5.059,6.998,0.044,false,20.184,LIGHT,15,0,sequential_yolo_pose,SM-S906U1,GPU
2026-04-22 23:17:01.522,67.953,22.126,27.286,0.787,1.376,6.720,6.600,0.037,false,37.098,LIGHT,15,0,sequential_yolo_pose,SM-S906U1,GPU
2026-04-22 23:17:01.600,70.699,26.392,26.411,0.549,0.997,4.227,6.304,0.044,false,30.340,LIGHT,14,0,sequential_yolo_pose,SM-S906U1,GPU
2026-04-22 23:17:01.688,82.254,28.005,30.177,1.083,2.182,8.483,6.856,0.049,false,29.430,LIGHT,14,0,sequential_yolo_pose,SM-S906U1,GPU
2026-04-22 23:17:01.762,68.714,25.527,26.792,0.425,0.897,3.948,7.509,0.042,false,21.949,LIGHT,14,0,sequential_yolo_pose,SM-S906U1,GPU
2026-04-22 23:17:01.841,74.529,25.438,27.616,0.498,1.474,6.359,9.732,0.038,false,38.832,LIGHT,14,0,sequential_yolo_pose,SM-S906U1,GPU
2026-04-22 23:17:01.915,66.873,25.976,26.772,0.598,0.962,3.767,6.302,0.047,false,29.645,LIGHT,14,0,sequential_yolo_pose,SM-S906U1,GPU
2026-04-22 23:17:01.988,69.818,23.032,27.899,0.665,3.682,5.059,6.422,0.037,false,20.219,LIGHT,14,0,sequential_yolo_pose,SM-S906U1,GPU
2026-04-22 23:17:02.063,70.115,25.354,28.444,0.570,0.990,4.033,7.177,0.035,false,20.309,LIGHT,14,0,sequential_yolo_pose,SM-S906U1,GPU
2026-04-22 23:17:02.131,64.954,22.300,27.005,0.848,0.991,4.291,6.177,0.039,false,20.121,LIGHT,14,0,sequential_yolo_pose,SM-S906U1,GPU
2026-04-22 23:17:02.199,64.511,23.477,26.145,0.478,0.941,4.057,6.212,0.049,false,37.098,LIGHT,14,0,sequential_yolo_pose,SM-S906U1,GPU
2026-04-22 23:17:02.272,69.566,26.080,26.845,0.492,1.078,3.942,7.626,0.056,false,29.633,LIGHT,14,0,sequential_yolo_pose,SM-S906U1,GPU
2026-04-22 23:17:02.343,65.859,22.293,28.262,0.392,0.970,3.765,6.938,0.036,false,20.246,LIGHT,14,0,sequential_yolo_pose,SM-S906U1,GPU
2026-04-22 23:17:02.416,68.088,22.259,28.043,1.242,1.280,5.018,6.728,0.054,false,20.207,LIGHT,14,0,sequential_yolo_pose,SM-S906U1,GPU
2026-04-22 23:17:02.488,67.613,20.112,26.515,0.688,1.122,6.684,7.686,0.040,false,37.121,LIGHT,14,0,sequential_yolo_pose,SM-S906U1,GPU
2026-04-22 23:17:02.564,68.787,21.472,29.283,0.621,1.214,5.033,7.254,0.023,false,20.277,LIGHT,14,0,sequential_yolo_pose,SM-S906U1,GPU
2026-04-22 23:17:02.635,66.604,22.985,27.251,0.521,1.068,4.717,6.624,0.054,false,20.152,LIGHT,14,0,sequential_yolo_pose,SM-S906U1,GPU
2026-04-22 23:17:02.710,71.026,24.461,29.085,0.433,0.958,3.882,7.810,0.033,false,20.215,LIGHT,14,0,sequential_yolo_pose,SM-S906U1,GPU
2026-04-22 23:17:02.793,76.418,21.545,27.539,1.448,3.526,12.510,6.406,0.043,false,20.215,LIGHT,14,0,sequential_yolo_pose,SM-S906U1,GPU
2026-04-22 23:17:02.868,70.495,26.440,27.419,0.603,1.057,4.357,6.806,0.034,false,20.215,LIGHT,14,0,sequential_yolo_pose,SM-S906U1,GPU
2026-04-22 23:17:02.950,76.510,24.029,29.051,0.821,1.556,6.182,10.775,0.041,false,20.215,LIGHT,14,0,sequential_yolo_pose,SM-S906U1,GPU
2026-04-22 23:17:03.011,55.908,24.753,26.400,0.541,0.000,0.000,0.000,0.000,true,16.758,LIGHT,14,0,sequential_yolo_pose,SM-S906U1,GPU
2026-04-22 23:17:03.094,75.603,23.325,30.024,0.582,1.281,9.000,6.928,0.028,false,33.860,LIGHT,14,0,sequential_yolo_pose,SM-S906U1,GPU
2026-04-22 23:17:03.150,52.141,23.057,26.577,0.198,0.000,0.000,0.000,0.000,true,26.824,LIGHT,14,0,sequential_yolo_pose,SM-S906U1,GPU
2026-04-22 23:17:03.221,66.022,21.832,27.105,0.286,2.304,4.483,6.712,0.057,false,43.707,LIGHT,14,0,sequential_yolo_pose,SM-S906U1,GPU
2026-04-22 23:17:03.293,67.742,22.821,28.804,0.496,1.245,4.782,6.252,0.038,false,21.457,LIGHT,14,0,sequential_yolo_pose,SM-S906U1,GPU
2026-04-22 23:17:03.349,52.019,20.952,27.674,0.247,0.000,0.000,0.000,0.000,true,35.039,LIGHT,14,0,sequential_yolo_pose,SM-S906U1,GPU
2026-04-22 23:17:03.424,70.655,26.559,27.696,0.404,1.179,5.205,6.329,0.040,false,21.922,LIGHT,14,0,sequential_yolo_pose,SM-S906U1,GPU
2026-04-22 23:17:03.497,69.225,21.391,29.379,0.515,1.297,4.414,7.677,0.038,false,38.937,LIGHT,14,0,sequential_yolo_pose,SM-S906U1,GPU
2026-04-22 23:17:03.574,69.292,24.071,27.537,0.878,1.133,4.462,7.284,0.039,false,20.152,LIGHT,14,0,sequential_yolo_pose,SM-S906U1,GPU
2026-04-22 23:17:03.651,71.186,21.036,27.833,0.921,1.180,4.282,11.326,0.018,false,37.285,LIGHT,14,0,sequential_yolo_pose,SM-S906U1,GPU
2026-04-22 23:17:03.720,65.066,17.890,26.211,0.507,0.923,3.959,13.247,0.040,false,30.258,LIGHT,14,0,sequential_yolo_pose,SM-S906U1,GPU
2026-04-22 23:17:03.795,71.816,23.745,28.188,0.969,3.342,6.182,6.248,0.031,false,20.250,LIGHT,14,0,sequential_yolo_pose,SM-S906U1,GPU
2026-04-22 23:17:03.869,70.640,25.068,28.315,0.511,1.554,5.257,6.706,0.042,false,20.246,LIGHT,14,0,sequential_yolo_pose,SM-S906U1,GPU
2026-04-22 23:17:03.934,58.248,16.881,25.849,0.664,0.998,4.143,7.036,0.046,false,20.246,LIGHT,14,0,sequential_yolo_pose,SM-S906U1,GPU
2026-04-22 23:17:04.004,66.049,20.845,28.011,0.766,0.941,4.219,6.640,0.038,false,20.184,LIGHT,14,0,sequential_yolo_pose,SM-S906U1,GPU
2026-04-22 23:17:04.072,61.624,18.987,26.315,0.877,1.016,4.610,6.650,0.047,false,20.094,LIGHT,14,0,sequential_yolo_pose,SM-S906U1,GPU
2026-04-22 23:17:04.157,76.878,24.395,29.382,0.684,1.221,9.087,8.092,0.038,false,37.164,LIGHT,14,0,sequential_yolo_pose,SM-S906U1,GPU
2026-04-22 23:17:04.227,64.004,20.057,25.896,0.526,2.048,4.790,6.751,0.040,false,28.766,LIGHT,14,0,sequential_yolo_pose,SM-S906U1,GPU
2026-04-22 23:17:04.301,62.437,19.365,26.571,0.438,0.907,4.810,6.441,0.036,false,20.316,LIGHT,14,0,sequential_yolo_pose,SM-S906U1,GPU
2026-04-22 23:17:04.369,64.737,21.103,26.128,0.817,1.179,5.142,7.189,0.038,false,20.219,LIGHT,14,0,sequential_yolo_pose,SM-S906U1,GPU
2026-04-22 23:17:04.447,73.502,23.586,27.102,0.571,1.079,5.635,11.338,0.113,false,20.184,LIGHT,14,0,sequential_yolo_pose,SM-S906U1,GPU
2026-04-22 23:17:04.533,77.826,28.477,29.491,0.722,1.457,6.610,7.355,0.052,false,20.184,LIGHT,14,0,sequential_yolo_pose,SM-S906U1,GPU
2026-04-22 23:17:04.603,64.387,23.377,26.330,0.372,0.640,3.080,6.070,0.066,false,20.156,LIGHT,14,0,sequential_yolo_pose,SM-S906U1,GPU
2026-04-22 23:17:04.674,63.588,22.199,25.974,0.342,0.923,4.156,6.798,0.046,false,20.250,LIGHT,13,0,sequential_yolo_pose,SM-S906U1,GPU
2026-04-22 23:17:04.739,58.235,22.908,31.427,0.444,0.000,0.000,0.000,0.000,true,16.758,LIGHT,13,0,sequential_yolo_pose,SM-S906U1,GPU
2026-04-22 23:17:04.791,45.200,17.306,25.376,0.229,0.000,0.000,0.000,0.000,true,30.496,LIGHT,13,0,sequential_yolo_pose,SM-S906U1,GPU
2026-04-22 23:17:04.858,62.760,31.147,28.425,0.174,0.000,0.000,0.000,0.000,true,13.391,LIGHT,13,0,sequential_yolo_pose,SM-S906U1,GPU
2026-04-22 23:17:04.915,52.283,22.807,25.729,0.301,0.000,0.000,0.000,0.000,true,16.844,LIGHT,13,0,sequential_yolo_pose,SM-S906U1,GPU
2026-04-22 23:17:04.978,56.662,24.892,27.753,0.356,0.000,0.000,0.000,0.000,true,30.520,LIGHT,13,0,sequential_yolo_pose,SM-S906U1,GPU
2026-04-22 23:17:05.061,75.578,27.485,32.710,0.694,0.957,3.912,5.310,0.030,false,16.656,LIGHT,13,0,sequential_yolo_pose,SM-S906U1,GPU
2026-04-22 23:17:05.122,55.252,23.961,27.551,0.412,0.000,0.000,0.000,0.000,true,16.781,LIGHT,13,0,sequential_yolo_pose,SM-S906U1,GPU
2026-04-22 23:17:05.183,56.089,23.975,28.737,0.403,0.000,0.000,0.000,0.000,true,30.520,LIGHT,13,0,sequential_yolo_pose,SM-S906U1,GPU
2026-04-22 23:17:05.249,60.080,27.773,29.020,0.268,0.000,0.000,0.000,0.000,true,13.773,LIGHT,13,0,sequential_yolo_pose,SM-S906U1,GPU
2026-04-22 23:17:05.323,71.043,22.894,28.184,0.694,4.108,5.147,6.099,0.028,false,20.211,LIGHT,13,0,sequential_yolo_pose,SM-S906U1,GPU
2026-04-22 23:17:05.397,69.387,26.476,27.590,1.178,0.971,3.830,5.670,0.036,false,20.184,LIGHT,13,0,sequential_yolo_pose,SM-S906U1,GPU
2026-04-22 23:17:05.469,68.941,23.206,27.157,0.460,1.408,4.566,8.764,0.037,false,37.223,LIGHT,13,0,sequential_yolo_pose,SM-S906U1,GPU
2026-04-22 23:17:05.541,67.571,26.708,26.031,0.453,1.112,3.918,5.857,0.048,false,21.871,LIGHT,13,0,sequential_yolo_pose,SM-S906U1,GPU
2026-04-22 23:17:05.611,66.138,21.877,26.542,0.478,0.942,5.177,6.835,0.030,false,38.692,LIGHT,13,0,sequential_yolo_pose,SM-S906U1,GPU
2026-04-22 23:17:05.690,68.404,23.189,29.145,0.403,1.017,4.887,6.306,0.049,false,20.270,LIGHT,15,0,sequential_yolo_pose,SM-S906U1,GPU
2026-04-22 23:17:05.757,64.327,21.580,26.072,0.376,1.506,5.092,6.300,0.046,false,20.184,LIGHT,15,0,sequential_yolo_pose,SM-S906U1,GPU
2026-04-22 23:17:05.823,62.178,20.738,25.367,0.476,0.990,5.713,5.739,0.050,false,20.184,LIGHT,15,0,sequential_yolo_pose,SM-S906U1,GPU
2026-04-22 23:17:05.892,65.990,20.776,28.141,0.437,1.609,4.942,6.900,0.072,false,14.316,LIGHT,15,0,sequential_yolo_pose,SM-S906U1,GPU
2026-04-22 23:17:05.960,64.626,22.935,26.564,0.487,0.951,4.062,6.285,0.049,false,21.422,LIGHT,15,0,sequential_yolo_pose,SM-S906U1,GPU
2026-04-22 23:17:06.044,80.114,27.785,28.566,0.547,1.234,5.719,12.730,0.045,false,38.399,LIGHT,15,0,sequential_yolo_pose,SM-S906U1,GPU
2026-04-22 23:17:06.130,77.964,29.263,28.359,1.832,1.499,5.603,7.374,0.038,false,29.664,LIGHT,15,0,sequential_yolo_pose,SM-S906U1,GPU
2026-04-22 23:17:06.202,68.009,22.310,27.687,0.436,1.019,4.712,7.039,0.052,false,20.246,LIGHT,15,0,sequential_yolo_pose,SM-S906U1,GPU
2026-04-22 23:17:06.273,66.474,23.027,26.799,0.460,0.964,3.918,7.548,0.040,false,20.211,LIGHT,15,0,sequential_yolo_pose,SM-S906U1,GPU
2026-04-22 23:17:06.356,78.441,25.126,29.310,0.504,1.219,8.034,9.561,0.043,false,20.215,LIGHT,15,0,sequential_yolo_pose,SM-S906U1,GPU
2026-04-22 23:17:06.426,66.003,23.405,26.376,0.942,1.023,3.852,5.743,0.034,false,20.184,LIGHT,15,0,sequential_yolo_pose,SM-S906U1,GPU
2026-04-22 23:17:06.497,67.865,22.665,28.907,0.653,1.198,4.617,6.498,0.034,false,20.184,LIGHT,15,0,sequential_yolo_pose,SM-S906U1,GPU
2026-04-22 23:17:06.566,64.460,20.540,28.473,1.127,0.990,3.921,6.231,0.042,false,20.152,LIGHT,15,0,sequential_yolo_pose,SM-S906U1,GPU
2026-04-22 23:17:06.642,72.136,24.192,27.276,0.762,1.082,4.557,8.825,0.134,false,20.273,LIGHT,14,0,sequential_yolo_pose,SM-S906U1,GPU
2026-04-22 23:17:06.707,60.508,16.855,26.484,1.073,1.041,4.289,8.140,0.041,false,37.313,LIGHT,14,0,sequential_yolo_pose,SM-S906U1,GPU
2026-04-22 23:17:06.796,83.338,23.085,29.191,0.886,3.380,11.456,7.129,0.058,false,28.770,LIGHT,14,0,sequential_yolo_pose,SM-S906U1,GPU
2026-04-22 23:17:06.873,71.883,25.899,25.870,0.513,1.152,4.550,8.405,0.041,false,29.723,LIGHT,14,0,sequential_yolo_pose,SM-S906U1,GPU
2026-04-22 23:17:06.932,55.502,22.642,28.229,0.413,0.000,0.000,0.000,0.000,true,16.730,LIGHT,14,0,sequential_yolo_pose,SM-S906U1,GPU
2026-04-22 23:17:06.997,59.611,27.332,28.710,0.214,0.000,0.000,0.000,0.000,true,30.531,LIGHT,14,0,sequential_yolo_pose,SM-S906U1,GPU
2026-04-22 23:17:07.058,56.768,26.851,26.610,0.183,0.000,0.000,0.000,0.000,true,13.414,LIGHT,14,0,sequential_yolo_pose,SM-S906U1,GPU
2026-04-22 23:17:07.113,51.257,21.146,26.963,0.239,0.000,0.000,0.000,0.000,true,16.816,LIGHT,14,0,sequential_yolo_pose,SM-S906U1,GPU
2026-04-22 23:17:07.171,52.621,22.855,26.403,0.259,0.000,0.000,0.000,0.000,true,30.524,LIGHT,14,0,sequential_yolo_pose,SM-S906U1,GPU
2026-04-22 23:17:07.234,56.997,26.441,27.218,0.183,0.000,0.000,0.000,0.000,true,18.160,LIGHT,14,0,sequential_yolo_pose,SM-S906U1,GPU
2026-04-22 23:17:07.294,56.097,24.941,27.956,0.240,0.000,0.000,0.000,0.000,true,31.711,LIGHT,14,0,sequential_yolo_pose,SM-S906U1,GPU
2026-04-22 23:17:07.369,68.548,32.800,29.486,0.260,0.000,0.000,0.000,0.000,true,13.426,LIGHT,14,0,sequential_yolo_pose,SM-S906U1,GPU
2026-04-22 23:17:07.442,68.139,25.066,27.635,0.397,1.006,3.973,5.983,0.049,false,20.148,LIGHT,14,0,sequential_yolo_pose,SM-S906U1,GPU
2026-04-22 23:17:07.519,72.323,23.976,28.119,0.715,1.152,5.873,8.938,0.060,false,20.219,LIGHT,14,0,sequential_yolo_pose,SM-S906U1,GPU
2026-04-22 23:17:07.593,69.909,24.228,28.035,0.439,3.218,4.286,6.298,0.045,false,20.184,LIGHT,14,0,sequential_yolo_pose,SM-S906U1,GPU
2026-04-22 23:17:07.659,61.824,22.174,25.898,0.444,0.970,3.876,5.163,0.034,false,20.313,LIGHT,15,0,sequential_yolo_pose,SM-S906U1,GPU
2026-04-22 23:17:07.729,65.259,22.398,26.694,0.602,1.119,4.745,6.468,0.043,false,20.188,LIGHT,15,0,sequential_yolo_pose,SM-S906U1,GPU
2026-04-22 23:17:07.799,65.046,22.626,26.948,0.449,0.956,3.867,7.006,0.042,false,20.152,LIGHT,15,0,sequential_yolo_pose,SM-S906U1,GPU
2026-04-22 23:17:07.874,69.355,24.406,27.534,0.804,0.992,4.182,7.351,0.036,false,20.180,LIGHT,15,0,sequential_yolo_pose,SM-S906U1,GPU
2026-04-22 23:17:07.954,74.788,23.250,26.649,0.548,1.089,7.498,11.161,0.030,false,37.281,LIGHT,15,0,sequential_yolo_pose,SM-S906U1,GPU
2026-04-22 23:17:08.031,67.651,24.605,27.625,1.062,1.065,3.842,5.901,0.041,false,20.180,LIGHT,15,0,sequential_yolo_pose,SM-S906U1,GPU
2026-04-22 23:17:08.102,66.864,23.839,28.162,0.449,0.998,3.540,6.301,0.039,false,20.184,LIGHT,15,0,sequential_yolo_pose,SM-S906U1,GPU
2026-04-22 23:17:08.170,64.764,22.252,27.880,0.455,0.893,3.447,6.603,0.032,false,20.277,LIGHT,15,0,sequential_yolo_pose,SM-S906U1,GPU
2026-04-22 23:17:08.238,61.882,17.993,27.922,0.510,0.948,4.020,6.716,0.033,false,20.293,LIGHT,15,0,sequential_yolo_pose,SM-S906U1,GPU
2026-04-22 23:17:08.305,63.233,20.264,27.020,0.408,0.833,4.929,6.484,0.030,false,20.277,LIGHT,15,0,sequential_yolo_pose,SM-S906U1,GPU
2026-04-22 23:17:08.372,62.607,19.690,26.638,0.697,0.925,4.633,6.799,0.028,false,20.250,LIGHT,15,0,sequential_yolo_pose,SM-S906U1,GPU
2026-04-22 23:17:08.442,66.645,22.188,27.293,0.546,1.032,4.490,8.128,0.032,false,37.164,LIGHT,15,0,sequential_yolo_pose,SM-S906U1,GPU
2026-04-22 23:17:08.512,66.450,21.041,27.806,0.856,1.052,4.018,9.066,0.046,false,30.215,LIGHT,15,0,sequential_yolo_pose,SM-S906U1,GPU
2026-04-22 23:17:08.580,61.972,16.664,27.070,0.579,1.277,4.001,9.816,0.040,false,47.129,LIGHT,15,0,sequential_yolo_pose,SM-S906U1,GPU
2026-04-22 23:17:08.639,54.515,22.927,28.651,0.170,0.000,0.000,0.000,0.000,true,18.062,LIGHT,14,0,sequential_yolo_pose,SM-S906U1,GPU
2026-04-22 23:17:08.703,57.282,24.128,29.346,0.253,0.000,0.000,0.000,0.000,true,31.801,LIGHT,14,0,sequential_yolo_pose,SM-S906U1,GPU
2026-04-22 23:17:08.773,62.846,26.143,31.950,0.291,0.000,0.000,0.000,0.000,true,13.492,LIGHT,14,0,sequential_yolo_pose,SM-S906U1,GPU
2026-04-22 23:17:08.837,57.232,23.620,27.583,0.413,0.000,0.000,0.000,0.000,true,16.754,LIGHT,14,0,sequential_yolo_pose,SM-S906U1,GPU
2026-04-22 23:17:08.912,69.386,22.488,27.815,0.739,1.382,5.066,8.444,0.051,false,33.856,LIGHT,14,0,sequential_yolo_pose,SM-S906U1,GPU
2026-04-22 23:17:08.994,69.530,24.515,27.903,0.671,1.295,4.682,7.133,0.044,false,20.277,LIGHT,14,0,sequential_yolo_pose,SM-S906U1,GPU
2026-04-22 23:17:09.066,68.248,24.683,27.098,0.522,0.859,5.068,6.545,0.062,false,20.215,LIGHT,14,0,sequential_yolo_pose,SM-S906U1,GPU
2026-04-22 23:17:09.143,71.509,25.100,28.436,0.636,1.225,4.461,7.427,0.047,false,20.215,LIGHT,14,0,sequential_yolo_pose,SM-S906U1,GPU
2026-04-22 23:17:09.214,67.068,22.969,27.176,0.817,0.919,4.556,6.554,0.038,false,20.184,LIGHT,14,0,sequential_yolo_pose,SM-S906U1,GPU
2026-04-22 23:17:09.284,66.497,21.087,29.172,0.719,1.020,4.450,6.996,0.025,false,20.184,LIGHT,14,0,sequential_yolo_pose,SM-S906U1,GPU
2026-04-22 23:17:09.355,66.219,22.776,29.441,0.480,0.951,3.654,5.804,0.032,false,14.375,LIGHT,14,0,sequential_yolo_pose,SM-S906U1,GPU
2026-04-22 23:17:09.430,69.537,23.462,27.371,0.701,1.408,6.352,7.056,0.043,false,21.547,LIGHT,14,0,sequential_yolo_pose,SM-S906U1,GPU
2026-04-22 23:17:09.502,67.323,22.460,27.034,0.511,1.407,5.509,6.766,0.035,false,38.430,LIGHT,14,0,sequential_yolo_pose,SM-S906U1,GPU
2026-04-22 23:17:09.587,69.738,22.523,26.771,1.720,1.020,6.395,8.125,0.030,false,20.309,LIGHT,14,0,sequential_yolo_pose,SM-S906U1,GPU
2026-04-22 23:17:09.649,58.697,17.371,25.218,0.590,1.216,5.138,6.422,0.043,false,20.320,LIGHT,14,0,sequential_yolo_pose,SM-S906U1,GPU
2026-04-22 23:17:09.719,66.580,20.749,26.324,0.608,1.842,6.702,7.180,0.046,false,20.250,LIGHT,14,0,sequential_yolo_pose,SM-S906U1,GPU
2026-04-22 23:17:09.794,69.732,25.241,28.412,0.556,0.976,3.996,6.803,0.036,false,20.273,LIGHT,14,0,sequential_yolo_pose,SM-S906U1,GPU
2026-04-22 23:17:09.865,67.727,24.579,27.732,0.381,1.076,4.220,6.457,0.042,false,20.125,LIGHT,14,0,sequential_yolo_pose,SM-S906U1,GPU
2026-04-22 23:17:09.939,70.238,24.651,27.389,0.415,1.152,4.838,7.668,0.040,false,20.152,LIGHT,14,0,sequential_yolo_pose,SM-S906U1,GPU
2026-04-22 23:17:10.012,67.757,23.525,26.569,0.602,0.852,3.517,7.062,0.040,false,20.219,LIGHT,14,0,sequential_yolo_pose,SM-S906U1,GPU
2026-04-22 23:17:10.086,68.348,18.475,27.296,0.728,1.504,9.869,7.904,0.047,false,37.164,LIGHT,14,0,sequential_yolo_pose,SM-S906U1,GPU
2026-04-22 23:17:10.153,63.865,21.102,27.459,0.417,1.096,4.613,5.839,0.038,false,17.254,LIGHT,14,0,sequential_yolo_pose,SM-S906U1,GPU
2026-04-22 23:17:10.213,55.735,23.827,28.414,0.472,0.000,0.000,0.000,0.000,true,16.918,LIGHT,14,0,sequential_yolo_pose,SM-S906U1,GPU
2026-04-22 23:17:10.291,74.072,23.092,26.748,0.509,1.174,12.822,6.648,0.049,false,33.895,LIGHT,14,0,sequential_yolo_pose,SM-S906U1,GPU
2026-04-22 23:17:10.373,73.405,28.262,27.721,0.476,1.203,4.365,7.625,0.039,false,28.649,LIGHT,14,0,sequential_yolo_pose,SM-S906U1,GPU
2026-04-22 23:17:10.455,78.209,24.606,31.353,0.584,3.401,7.968,6.736,0.054,false,20.273,LIGHT,14,0,sequential_yolo_pose,SM-S906U1,GPU
2026-04-22 23:17:10.536,74.887,28.407,27.726,0.726,1.899,4.493,7.156,0.042,false,20.184,LIGHT,14,0,sequential_yolo_pose,SM-S906U1,GPU
2026-04-22 23:17:10.614,72.510,22.455,30.019,0.512,0.976,4.194,6.901,0.036,false,20.336,LIGHT,14,0,sequential_yolo_pose,SM-S906U1,GPU
2026-04-22 23:17:10.677,60.672,19.537,26.319,0.516,0.991,3.886,6.187,0.032,false,20.305,LIGHT,14,0,sequential_yolo_pose,SM-S906U1,GPU
2026-04-22 23:17:10.745,64.182,19.657,27.558,0.763,1.172,4.409,7.406,0.051,false,20.207,LIGHT,14,0,sequential_yolo_pose,SM-S906U1,GPU
2026-04-22 23:17:10.821,72.105,22.130,28.785,1.198,2.519,7.206,6.630,0.043,false,37.184,LIGHT,14,0,sequential_yolo_pose,SM-S906U1,GPU
2026-04-22 23:17:10.897,70.171,22.684,26.648,0.457,1.308,5.065,7.872,0.047,false,28.789,LIGHT,14,0,sequential_yolo_pose,SM-S906U1,GPU
2026-04-22 23:17:10.976,72.692,23.828,25.527,0.466,1.438,6.536,8.560,0.045,false,29.656,LIGHT,14,0,sequential_yolo_pose,SM-S906U1,GPU
2026-04-22 23:17:11.054,73.614,27.703,27.452,0.446,1.034,7.417,6.702,0.028,false,29.402,LIGHT,14,0,sequential_yolo_pose,SM-S906U1,GPU
2026-04-22 23:17:11.124,66.278,22.247,27.127,0.438,1.907,4.626,6.114,0.039,false,20.246,LIGHT,14,0,sequential_yolo_pose,SM-S906U1,GPU
2026-04-22 23:17:11.194,65.795,22.893,27.466,0.462,1.117,4.231,6.519,0.058,false,20.305,LIGHT,14,0,sequential_yolo_pose,SM-S906U1,GPU
2026-04-22 23:17:11.267,67.708,24.364,27.707,0.444,1.107,4.103,6.452,0.047,false,20.152,LIGHT,14,0,sequential_yolo_pose,SM-S906U1,GPU
2026-04-22 23:17:11.345,72.886,25.614,28.173,0.483,1.036,5.851,6.888,0.029,false,20.121,LIGHT,14,0,sequential_yolo_pose,SM-S906U1,GPU
2026-04-22 23:17:11.418,69.345,23.961,27.796,0.541,1.084,5.543,6.481,0.051,false,20.215,LIGHT,14,0,sequential_yolo_pose,SM-S906U1,GPU
2026-04-22 23:17:11.491,68.251,23.598,27.595,0.726,1.131,5.077,6.647,0.035,false,20.184,LIGHT,14,0,sequential_yolo_pose,SM-S906U1,GPU
2026-04-22 23:17:11.563,68.400,24.032,27.952,0.398,1.042,4.786,6.975,0.038,false,20.273,LIGHT,14,0,sequential_yolo_pose,SM-S906U1,GPU
2026-04-22 23:17:11.636,69.026,24.610,27.822,0.384,1.084,4.717,7.024,0.055,false,20.156,LIGHT,14,0,sequential_yolo_pose,SM-S906U1,GPU
2026-04-22 23:17:11.712,71.776,26.252,28.051,0.849,1.121,5.014,6.618,0.045,false,20.250,LIGHT,14,0,sequential_yolo_pose,SM-S906U1,GPU
2026-04-22 23:17:11.794,74.925,23.623,29.647,0.571,1.930,8.238,7.549,0.036,false,20.215,LIGHT,14,0,sequential_yolo_pose,SM-S906U1,GPU
2026-04-22 23:17:11.868,70.381,24.814,28.587,0.470,1.209,4.916,6.605,0.058,false,20.152,LIGHT,14,0,sequential_yolo_pose,SM-S906U1,GPU
2026-04-22 23:17:11.959,85.476,26.745,30.409,0.454,0.958,15.461,7.714,0.044,false,20.246,LIGHT,14,0,sequential_yolo_pose,SM-S906U1,GPU
2026-04-22 23:17:12.034,69.981,23.674,29.957,0.554,0.957,4.286,6.763,0.055,false,20.211,LIGHT,14,0,sequential_yolo_pose,SM-S906U1,GPU
2026-04-22 23:17:12.114,75.343,26.356,29.401,0.591,1.138,4.856,8.548,0.034,false,20.215,LIGHT,14,0,sequential_yolo_pose,SM-S906U1,GPU
2026-04-22 23:17:12.188,70.352,22.184,27.635,0.531,2.106,5.999,6.514,0.083,false,20.246,LIGHT,14,0,sequential_yolo_pose,SM-S906U1,GPU
2026-04-22 23:17:12.263,70.279,24.778,28.028,0.560,1.579,4.488,7.305,0.036,false,20.309,LIGHT,14,0,sequential_yolo_pose,SM-S906U1,GPU
2026-04-22 23:17:12.327,59.672,17.904,27.003,0.510,1.030,4.056,6.296,0.034,false,20.270,LIGHT,14,0,sequential_yolo_pose,SM-S906U1,GPU
2026-04-22 23:17:12.400,68.516,24.158,27.383,0.841,1.264,4.981,6.370,0.037,false,20.184,LIGHT,14,0,sequential_yolo_pose,SM-S906U1,GPU
2026-04-22 23:17:12.480,75.894,22.791,31.520,0.467,1.081,6.720,9.933,0.053,false,20.188,LIGHT,14,0,sequential_yolo_pose,SM-S906U1,GPU
2026-04-22 23:17:12.562,77.058,24.874,30.030,0.863,4.062,6.294,6.816,0.048,false,20.184,LIGHT,14,0,sequential_yolo_pose,SM-S906U1,GPU
2026-04-22 23:17:12.635,68.144,26.031,25.904,0.463,0.991,4.538,6.412,0.053,false,20.121,LIGHT,14,0,sequential_yolo_pose,SM-S906U1,GPU
2026-04-22 23:17:12.705,64.503,22.893,25.302,0.736,0.959,4.087,7.331,0.036,false,20.289,LIGHT,13,0,sequential_yolo_pose,SM-S906U1,GPU
2026-04-22 23:17:12.771,61.331,20.458,25.593,0.459,0.963,4.127,6.263,0.061,false,20.125,LIGHT,13,0,sequential_yolo_pose,SM-S906U1,GPU
2026-04-22 23:17:12.857,80.009,24.519,31.921,0.686,1.216,8.236,9.126,0.042,false,20.215,LIGHT,13,0,sequential_yolo_pose,SM-S906U1,GPU
2026-04-22 23:17:12.930,69.101,22.250,30.193,0.482,1.362,3.992,7.095,0.040,false,20.277,LIGHT,13,0,sequential_yolo_pose,SM-S906U1,GPU
2026-04-22 23:17:13.008,73.830,23.528,30.544,0.473,1.607,6.589,7.354,0.057,false,20.301,LIGHT,13,0,sequential_yolo_pose,SM-S906U1,GPU
2026-04-22 23:17:13.085,69.472,21.466,31.081,0.529,0.663,5.272,6.505,0.038,false,20.277,LIGHT,13,0,sequential_yolo_pose,SM-S906U1,GPU
2026-04-22 23:17:13.148,58.751,17.893,25.640,0.574,0.752,3.123,7.642,0.038,false,14.457,LIGHT,13,0,sequential_yolo_pose,SM-S906U1,GPU
2026-04-22 23:17:13.210,58.347,17.900,26.882,0.487,0.675,3.151,6.170,0.041,false,20.211,LIGHT,13,0,sequential_yolo_pose,SM-S906U1,GPU
2026-04-22 23:17:13.285,67.075,21.581,26.803,0.818,0.947,6.147,6.956,0.035,false,20.227,LIGHT,13,0,sequential_yolo_pose,SM-S906U1,GPU
2026-04-22 23:17:13.364,75.232,26.144,29.401,0.626,1.364,7.311,7.284,0.029,false,37.172,LIGHT,13,0,sequential_yolo_pose,SM-S906U1,GPU
2026-04-22 23:17:13.444,75.559,30.895,27.038,0.640,1.312,5.055,6.993,0.064,false,21.941,LIGHT,13,0,sequential_yolo_pose,SM-S906U1,GPU
2026-04-22 23:17:13.526,73.872,22.609,29.168,1.034,3.494,5.360,6.665,0.060,false,38.887,LIGHT,13,0,sequential_yolo_pose,SM-S906U1,GPU
2026-04-22 23:17:13.619,80.771,30.639,29.532,0.537,1.116,7.222,6.691,0.042,false,20.152,LIGHT,13,0,sequential_yolo_pose,SM-S906U1,GPU
2026-04-22 23:17:13.693,70.298,26.061,26.668,0.550,1.686,4.763,7.067,0.046,false,20.215,LIGHT,13,0,sequential_yolo_pose,SM-S906U1,GPU
2026-04-22 23:17:13.766,67.278,21.726,28.137,1.190,0.946,4.251,7.084,0.038,false,20.313,LIGHT,13,0,sequential_yolo_pose,SM-S906U1,GPU
2026-04-22 23:17:13.839,68.372,22.206,26.909,0.848,1.418,6.257,7.344,0.061,false,37.164,LIGHT,13,0,sequential_yolo_pose,SM-S906U1,GPU
2026-04-22 23:17:13.934,74.287,25.272,30.491,0.614,1.019,4.864,8.072,0.041,false,20.246,LIGHT,13,0,sequential_yolo_pose,SM-S906U1,GPU
2026-04-22 23:17:14.009,69.763,22.502,29.573,0.465,1.180,4.654,7.497,0.056,false,20.215,LIGHT,13,0,sequential_yolo_pose,SM-S906U1,GPU
2026-04-22 23:17:14.089,75.260,24.464,30.402,0.504,3.304,5.845,7.015,0.038,false,20.328,LIGHT,13,0,sequential_yolo_pose,SM-S906U1,GPU
2026-04-22 23:17:14.166,72.813,23.831,31.780,0.523,1.224,4.898,7.212,0.061,false,20.246,LIGHT,13,0,sequential_yolo_pose,SM-S906U1,GPU
2026-04-22 23:17:14.242,72.944,24.445,30.084,0.755,1.337,5.179,7.261,0.049,false,20.184,LIGHT,13,0,sequential_yolo_pose,SM-S906U1,GPU
2026-04-22 23:17:14.325,76.113,23.456,32.266,0.677,1.647,7.407,6.831,0.053,false,20.184,LIGHT,13,0,sequential_yolo_pose,SM-S906U1,GPU
2026-04-22 23:17:14.401,71.895,24.454,30.520,0.473,1.378,4.759,6.831,0.046,false,20.277,LIGHT,13,0,sequential_yolo_pose,SM-S906U1,GPU
2026-04-22 23:17:14.477,72.306,22.226,32.337,0.449,1.311,5.106,7.215,0.056,false,20.184,LIGHT,13,0,sequential_yolo_pose,SM-S906U1,GPU
2026-04-22 23:17:14.557,73.208,22.028,33.346,0.497,1.211,5.556,6.969,0.064,false,20.246,LIGHT,13,0,sequential_yolo_pose,SM-S906U1,GPU
2026-04-22 23:17:14.634,72.419,23.722,30.107,0.555,1.472,5.775,7.179,0.053,false,20.246,LIGHT,13,0,sequential_yolo_pose,SM-S906U1,GPU
2026-04-22 23:17:14.718,78.662,24.764,32.189,0.443,1.083,4.920,7.361,0.043,false,20.301,LIGHT,13,0,sequential_yolo_pose,SM-S906U1,GPU
2026-04-22 23:17:14.796,75.161,22.201,30.273,0.709,2.711,8.311,7.622,0.044,false,20.266,LIGHT,13,0,sequential_yolo_pose,SM-S906U1,GPU
2026-04-22 23:17:14.871,70.824,22.728,30.285,0.492,1.106,4.534,8.087,0.040,false,20.297,LIGHT,13,0,sequential_yolo_pose,SM-S906U1,GPU
2026-04-22 23:17:14.949,74.205,26.829,31.319,0.432,1.150,4.245,6.605,0.037,false,20.246,LIGHT,13,0,sequential_yolo_pose,SM-S906U1,GPU
2026-04-22 23:17:15.021,67.476,20.244,30.102,0.268,1.000,4.882,7.628,0.038,false,20.215,LIGHT,13,0,sequential_yolo_pose,SM-S906U1,GPU
2026-04-22 23:17:15.106,80.636,29.409,31.746,0.696,1.575,6.025,7.232,0.049,false,20.277,LIGHT,13,0,sequential_yolo_pose,SM-S906U1,GPU
2026-04-22 23:17:15.196,84.230,23.218,32.129,0.840,1.860,10.383,7.910,0.068,false,20.215,LIGHT,13,0,sequential_yolo_pose,SM-S906U1,GPU
2026-04-22 23:17:15.284,82.395,30.075,31.017,0.992,1.210,7.740,6.924,0.041,false,20.246,LIGHT,13,0,sequential_yolo_pose,SM-S906U1,GPU
2026-04-22 23:17:15.350,61.669,26.716,31.364,0.205,0.000,0.000,0.000,0.000,true,16.883,LIGHT,13,0,sequential_yolo_pose,SM-S906U1,GPU
2026-04-22 23:17:15.433,78.822,27.045,31.221,0.654,1.509,6.550,7.903,0.030,false,33.828,LIGHT,13,0,sequential_yolo_pose,SM-S906U1,GPU
2026-04-22 23:17:15.518,77.486,24.373,30.361,0.508,1.028,6.052,10.087,0.035,false,28.801,LIGHT,13,0,sequential_yolo_pose,SM-S906U1,GPU
2026-04-22 23:17:15.601,74.823,25.045,32.248,0.626,1.176,4.295,7.557,0.035,false,20.301,LIGHT,13,0,sequential_yolo_pose,SM-S906U1,GPU
2026-04-22 23:17:15.676,70.815,22.546,29.773,0.545,1.051,5.561,7.442,0.069,false,20.207,LIGHT,13,0,sequential_yolo_pose,SM-S906U1,GPU
2026-04-22 23:17:15.759,75.242,21.662,30.704,0.683,3.260,7.811,7.371,0.055,false,20.371,LIGHT,13,0,sequential_yolo_pose,SM-S906U1,GPU
2026-04-22 23:17:15.841,78.294,24.720,33.137,0.632,1.250,5.831,9.094,0.044,false,20.277,LIGHT,13,0,sequential_yolo_pose,SM-S906U1,GPU
2026-04-22 23:17:15.939,92.954,23.530,31.798,1.233,5.193,9.976,17.415,0.037,false,20.406,LIGHT,13,0,sequential_yolo_pose,SM-S906U1,GPU
2026-04-22 23:17:16.026,80.640,25.043,30.994,0.973,2.317,8.524,7.073,0.039,false,20.277,LIGHT,13,0,sequential_yolo_pose,SM-S906U1,GPU
2026-04-22 23:17:16.102,72.047,24.982,30.201,0.575,1.439,4.693,6.717,0.043,false,20.246,LIGHT,13,0,sequential_yolo_pose,SM-S906U1,GPU
2026-04-22 23:17:16.183,75.528,23.362,30.443,0.891,1.811,7.234,7.577,0.044,false,20.219,LIGHT,13,0,sequential_yolo_pose,SM-S906U1,GPU
2026-04-22 23:17:16.262,74.443,22.931,29.933,0.682,1.587,8.048,7.241,0.042,false,20.273,LIGHT,13,0,sequential_yolo_pose,SM-S906U1,GPU
2026-04-22 23:17:16.352,83.308,27.976,31.590,0.574,1.094,5.930,11.072,0.023,false,20.215,LIGHT,13,0,sequential_yolo_pose,SM-S906U1,GPU
2026-04-22 23:17:16.430,72.282,22.736,31.964,0.821,1.157,4.672,6.992,0.063,false,14.285,LIGHT,13,0,sequential_yolo_pose,SM-S906U1,GPU
2026-04-22 23:17:16.507,72.930,23.516,32.045,0.503,1.005,4.739,7.803,0.044,false,21.566,LIGHT,13,0,sequential_yolo_pose,SM-S906U1,GPU
2026-04-22 23:17:16.602,89.030,23.081,34.231,0.742,1.393,12.810,9.873,0.032,false,38.574,LIGHT,13,0,sequential_yolo_pose,SM-S906U1,GPU
2026-04-22 23:17:16.693,85.413,24.844,32.925,0.549,1.632,9.103,8.383,0.045,false,20.277,LIGHT,13,0,sequential_yolo_pose,SM-S906U1,GPU
2026-04-22 23:17:16.771,73.267,25.209,29.735,0.608,1.325,5.285,7.490,0.044,false,20.277,LIGHT,12,0,sequential_yolo_pose,SM-S906U1,GPU
2026-04-22 23:17:16.858,80.619,26.770,31.782,0.983,1.275,6.050,8.827,0.048,false,20.277,LIGHT,12,0,sequential_yolo_pose,SM-S906U1,GPU
2026-04-22 23:17:16.944,80.285,27.389,30.304,0.682,1.549,6.609,10.220,0.052,false,20.184,LIGHT,12,0,sequential_yolo_pose,SM-S906U1,GPU
2026-04-22 23:17:17.029,76.129,24.341,32.621,0.879,1.323,6.231,6.877,0.053,false,20.215,LIGHT,12,0,sequential_yolo_pose,SM-S906U1,GPU
2026-04-22 23:17:17.111,78.144,29.461,30.550,0.559,1.248,5.232,7.239,0.060,false,20.152,LIGHT,12,0,sequential_yolo_pose,SM-S906U1,GPU
2026-04-22 23:17:17.198,79.267,24.168,37.703,0.823,1.241,4.860,6.790,0.051,false,20.246,LIGHT,12,0,sequential_yolo_pose,SM-S906U1,GPU
2026-04-22 23:17:17.277,74.780,23.657,31.598,0.474,1.068,4.924,9.382,0.050,false,20.277,LIGHT,12,0,sequential_yolo_pose,SM-S906U1,GPU
2026-04-22 23:17:17.361,76.995,24.188,32.467,1.061,1.284,7.621,6.928,0.038,false,20.246,LIGHT,12,0,sequential_yolo_pose,SM-S906U1,GPU
2026-04-22 23:17:17.444,78.403,27.160,29.616,0.801,1.736,7.408,7.884,0.065,false,20.277,LIGHT,12,0,sequential_yolo_pose,SM-S906U1,GPU
2026-04-22 23:17:17.519,68.206,19.544,32.927,0.471,1.298,4.299,6.499,0.038,false,20.344,LIGHT,12,0,sequential_yolo_pose,SM-S906U1,GPU
2026-04-22 23:17:17.593,70.404,22.382,29.499,0.483,1.508,5.601,7.504,0.040,false,20.309,LIGHT,12,0,sequential_yolo_pose,SM-S906U1,GPU
2026-04-22 23:17:17.667,70.308,23.415,29.932,0.547,1.219,4.868,6.987,0.055,false,20.215,LIGHT,12,0,sequential_yolo_pose,SM-S906U1,GPU
2026-04-22 23:17:17.744,73.265,24.421,32.281,0.504,1.049,4.262,6.994,0.041,false,20.313,LIGHT,12,0,sequential_yolo_pose,SM-S906U1,GPU
2026-04-22 23:17:17.821,72.460,22.456,31.668,0.452,2.271,5.541,6.857,0.061,false,20.184,LIGHT,12,0,sequential_yolo_pose,SM-S906U1,GPU
2026-04-22 23:17:17.902,75.229,25.293,31.104,0.484,1.792,5.148,7.694,0.053,false,20.215,LIGHT,12,0,sequential_yolo_pose,SM-S906U1,GPU
2026-04-22 23:17:17.991,81.886,22.438,35.551,0.550,1.269,9.389,7.660,0.056,false,20.277,LIGHT,12,0,sequential_yolo_pose,SM-S906U1,GPU
2026-04-22 23:17:18.069,74.555,27.987,29.692,0.603,1.239,4.766,6.644,0.120,false,20.215,LIGHT,12,0,sequential_yolo_pose,SM-S906U1,GPU
2026-04-22 23:17:18.155,80.897,27.236,31.536,0.985,1.838,7.154,6.608,0.039,false,20.246,LIGHT,12,0,sequential_yolo_pose,SM-S906U1,GPU
2026-04-22 23:17:18.230,70.979,23.357,30.320,0.561,1.460,4.965,6.838,0.048,false,20.238,LIGHT,12,0,sequential_yolo_pose,SM-S906U1,GPU
2026-04-22 23:17:18.316,80.986,29.672,32.899,0.527,1.208,5.997,6.921,0.055,false,20.184,LIGHT,12,0,sequential_yolo_pose,SM-S906U1,GPU
2026-04-22 23:17:18.394,73.664,19.182,32.255,0.809,1.645,7.583,8.267,0.047,false,20.277,LIGHT,12,0,sequential_yolo_pose,SM-S906U1,GPU
2026-04-22 23:17:18.476,76.776,25.107,31.542,0.633,1.215,6.650,7.541,0.053,false,20.215,LIGHT,12,0,sequential_yolo_pose,SM-S906U1,GPU
2026-04-22 23:17:18.548,64.466,19.120,28.595,0.540,1.303,5.042,7.198,0.046,false,20.184,LIGHT,12,0,sequential_yolo_pose,SM-S906U1,GPU
2026-04-22 23:17:18.623,72.165,24.177,31.643,0.513,1.043,4.489,6.949,0.066,false,20.215,LIGHT,12,0,sequential_yolo_pose,SM-S906U1,GPU
2026-04-22 23:17:18.700,73.261,24.743,29.716,0.549,1.181,5.603,7.614,0.059,false,20.152,LIGHT,12,0,sequential_yolo_pose,SM-S906U1,GPU
2026-04-22 23:17:18.791,85.842,32.125,30.631,0.497,1.272,6.393,9.251,0.052,false,20.250,LIGHT,12,0,sequential_yolo_pose,SM-S906U1,GPU
2026-04-22 23:17:18.873,76.586,26.396,32.132,0.493,1.224,5.134,7.534,0.056,false,20.156,LIGHT,12,0,sequential_yolo_pose,SM-S906U1,GPU
2026-04-22 23:17:18.961,79.898,26.476,34.579,0.409,1.100,4.542,7.342,0.038,false,20.277,LIGHT,12,0,sequential_yolo_pose,SM-S906U1,GPU
2026-04-22 23:17:19.036,72.226,22.889,32.236,0.480,1.336,5.080,6.933,0.052,false,20.246,LIGHT,12,0,sequential_yolo_pose,SM-S906U1,GPU
2026-04-22 23:17:19.121,78.318,26.735,33.245,1.948,1.607,4.364,5.836,0.033,false,20.215,LIGHT,12,0,sequential_yolo_pose,SM-S906U1,GPU
2026-04-22 23:17:19.196,71.637,23.039,33.193,0.451,0.955,4.271,6.689,0.036,false,20.309,LIGHT,12,0,sequential_yolo_pose,SM-S906U1,GPU
2026-04-22 23:17:19.268,68.788,22.179,30.839,0.436,1.076,4.177,6.791,0.081,false,20.215,LIGHT,12,0,sequential_yolo_pose,SM-S906U1,GPU
2026-04-22 23:17:19.352,79.624,24.153,33.784,0.560,1.256,7.645,8.759,0.042,false,20.215,LIGHT,12,0,sequential_yolo_pose,SM-S906U1,GPU
2026-04-22 23:17:19.430,73.238,22.843,31.026,0.481,1.731,5.892,7.613,0.038,false,20.277,LIGHT,12,0,sequential_yolo_pose,SM-S906U1,GPU
2026-04-22 23:17:19.517,83.334,29.387,32.033,0.516,1.433,6.514,9.926,0.052,false,20.215,LIGHT,12,0,sequential_yolo_pose,SM-S906U1,GPU
2026-04-22 23:17:19.598,75.193,26.130,31.372,0.747,1.205,5.066,6.878,0.042,false,20.277,LIGHT,12,0,sequential_yolo_pose,SM-S906U1,GPU
2026-04-22 23:17:19.667,64.848,19.556,28.816,0.470,0.960,4.442,6.702,0.049,false,20.184,LIGHT,12,0,sequential_yolo_pose,SM-S906U1,GPU
2026-04-22 23:17:19.747,75.730,25.189,33.399,0.520,1.029,4.507,7.522,0.044,false,20.215,LIGHT,13,0,sequential_yolo_pose,SM-S906U1,GPU
2026-04-22 23:17:19.831,78.443,24.526,32.316,0.767,2.011,7.565,7.767,0.045,false,20.246,LIGHT,13,0,sequential_yolo_pose,SM-S906U1,GPU
2026-04-22 23:17:19.916,81.073,24.497,31.764,0.892,1.538,7.015,10.622,0.048,false,20.215,LIGHT,13,0,sequential_yolo_pose,SM-S906U1,GPU
2026-04-22 23:17:19.995,73.501,26.329,31.281,0.429,1.187,3.921,6.791,0.034,false,20.367,LIGHT,13,0,sequential_yolo_pose,SM-S906U1,GPU
2026-04-22 23:17:20.069,69.508,24.669,28.711,0.461,1.386,4.256,6.650,0.044,false,20.184,LIGHT,13,0,sequential_yolo_pose,SM-S906U1,GPU
2026-04-22 23:17:20.153,79.990,25.876,32.701,0.654,1.163,7.077,7.147,0.043,false,20.184,LIGHT,13,0,sequential_yolo_pose,SM-S906U1,GPU
2026-04-22 23:17:20.232,74.292,25.131,32.137,0.585,1.290,4.670,6.623,0.047,false,20.309,LIGHT,13,0,sequential_yolo_pose,SM-S906U1,GPU
2026-04-22 23:17:20.312,76.162,26.809,30.997,0.532,1.223,6.072,7.108,0.049,false,20.215,LIGHT,13,0,sequential_yolo_pose,SM-S906U1,GPU
2026-04-22 23:17:20.392,73.923,24.485,32.551,0.582,1.193,4.412,6.729,0.042,false,20.184,LIGHT,13,0,sequential_yolo_pose,SM-S906U1,GPU
2026-04-22 23:17:20.458,60.979,25.240,32.046,0.215,0.000,0.000,0.000,0.000,true,16.762,LIGHT,13,0,sequential_yolo_pose,SM-S906U1,GPU
2026-04-22 23:17:20.529,66.399,29.600,32.897,0.385,0.000,0.000,0.000,0.000,true,30.500,LIGHT,13,0,sequential_yolo_pose,SM-S906U1,GPU
2026-04-22 23:17:20.606,73.764,25.834,29.174,0.486,1.135,6.354,7.669,0.052,false,21.914,LIGHT,13,0,sequential_yolo_pose,SM-S906U1,GPU
2026-04-22 23:17:20.688,77.181,25.278,30.448,0.714,2.409,6.469,7.348,0.034,false,38.860,LIGHT,13,0,sequential_yolo_pose,SM-S906U1,GPU
2026-04-22 23:17:20.774,76.045,29.004,30.554,0.540,1.134,4.172,6.860,0.048,false,20.246,LIGHT,13,0,sequential_yolo_pose,SM-S906U1,GPU
2026-04-22 23:17:20.859,79.097,23.723,34.376,0.662,1.702,5.418,6.845,0.045,false,20.188,LIGHT,13,0,sequential_yolo_pose,SM-S906U1,GPU
2026-04-22 23:17:20.934,70.107,23.040,31.132,0.516,1.075,4.013,6.851,0.048,false,20.215,LIGHT,13,0,sequential_yolo_pose,SM-S906U1,GPU
2026-04-22 23:17:21.018,79.530,25.077,32.612,1.009,1.314,6.287,7.349,0.049,false,20.184,LIGHT,13,0,sequential_yolo_pose,SM-S906U1,GPU
2026-04-22 23:17:21.101,78.820,23.426,34.473,1.066,1.945,6.180,8.233,0.033,false,37.129,LIGHT,13,0,sequential_yolo_pose,SM-S906U1,GPU
2026-04-22 23:17:21.198,80.462,24.429,30.894,0.863,2.284,10.908,7.440,0.064,false,20.246,LIGHT,13,0,sequential_yolo_pose,SM-S906U1,GPU
2026-04-22 23:17:21.283,79.735,27.894,31.047,0.673,1.381,5.560,8.285,0.048,false,20.238,LIGHT,13,0,sequential_yolo_pose,SM-S906U1,GPU
2026-04-22 23:17:21.364,77.735,28.105,31.439,0.620,1.288,5.244,6.749,0.039,false,20.277,LIGHT,13,0,sequential_yolo_pose,SM-S906U1,GPU
2026-04-22 23:17:21.447,78.867,26.741,32.155,0.586,1.629,5.759,8.541,0.038,false,20.152,LIGHT,13,0,sequential_yolo_pose,SM-S906U1,GPU
2026-04-22 23:17:21.533,81.611,27.348,32.365,1.222,2.218,5.382,8.104,0.043,false,20.246,LIGHT,13,0,sequential_yolo_pose,SM-S906U1,GPU
2026-04-22 23:17:21.616,77.843,22.167,31.122,0.584,1.061,6.047,12.369,0.117,false,20.188,LIGHT,13,0,sequential_yolo_pose,SM-S906U1,GPU
2026-04-22 23:17:21.696,74.770,22.362,32.895,0.606,2.165,5.241,7.596,0.046,false,20.184,LIGHT,13,0,sequential_yolo_pose,SM-S906U1,GPU
2026-04-22 23:17:21.768,68.380,22.076,29.784,0.470,1.156,4.555,6.974,0.043,false,20.430,LIGHT,12,0,sequential_yolo_pose,SM-S906U1,GPU
2026-04-22 23:17:21.847,75.413,23.537,31.154,0.564,1.242,6.647,8.440,0.044,false,20.125,LIGHT,12,0,sequential_yolo_pose,SM-S906U1,GPU
2026-04-22 23:17:21.927,73.355,23.632,31.052,0.543,1.182,4.981,8.076,0.039,false,20.184,LIGHT,12,0,sequential_yolo_pose,SM-S906U1,GPU
2026-04-22 23:17:22.002,71.607,24.567,30.502,0.473,1.216,4.184,6.836,0.048,false,20.148,LIGHT,12,0,sequential_yolo_pose,SM-S906U1,GPU
2026-04-22 23:17:22.090,83.293,26.312,33.579,0.879,1.673,7.162,7.343,0.056,false,20.184,LIGHT,12,0,sequential_yolo_pose,SM-S906U1,GPU
2026-04-22 23:17:22.178,83.818,31.844,30.983,0.534,1.258,7.378,7.695,0.037,false,20.184,LIGHT,12,0,sequential_yolo_pose,SM-S906U1,GPU
2026-04-22 23:17:22.265,82.095,24.738,32.038,0.598,2.703,9.100,7.623,0.047,false,20.301,LIGHT,12,0,sequential_yolo_pose,SM-S906U1,GPU
2026-04-22 23:17:22.343,74.383,23.672,30.394,0.557,1.361,4.961,8.764,0.047,false,20.219,LIGHT,12,0,sequential_yolo_pose,SM-S906U1,GPU
2026-04-22 23:17:22.422,73.264,23.194,30.836,0.702,1.105,5.372,6.615,0.042,false,20.184,LIGHT,12,0,sequential_yolo_pose,SM-S906U1,GPU
2026-04-22 23:17:22.500,74.866,25.512,32.052,0.547,1.385,5.149,6.681,0.038,false,20.246,LIGHT,12,0,sequential_yolo_pose,SM-S906U1,GPU
2026-04-22 23:17:22.579,75.712,24.201,31.077,0.891,1.177,4.763,10.052,0.040,false,20.152,LIGHT,12,0,sequential_yolo_pose,SM-S906U1,GPU
2026-04-22 23:17:22.656,71.024,21.015,31.613,0.551,1.113,4.721,8.593,0.054,false,20.332,LIGHT,12,0,sequential_yolo_pose,SM-S906U1,GPU
2026-04-22 23:17:22.732,72.878,24.122,31.091,0.807,1.978,4.750,6.803,0.050,false,20.215,LIGHT,12,0,sequential_yolo_pose,SM-S906U1,GPU
2026-04-22 23:17:22.808,71.758,25.511,29.033,0.452,1.067,4.343,6.990,0.047,false,20.215,LIGHT,13,0,sequential_yolo_pose,SM-S906U1,GPU
2026-04-22 23:17:22.891,75.772,21.523,31.451,0.546,1.689,10.110,7.428,0.044,false,20.309,LIGHT,13,0,sequential_yolo_pose,SM-S906U1,GPU
2026-04-22 23:17:22.973,76.427,25.630,31.071,0.500,1.264,7.423,7.081,0.041,false,20.184,LIGHT,13,0,sequential_yolo_pose,SM-S906U1,GPU
2026-04-22 23:17:23.046,67.283,18.078,30.615,0.555,1.118,5.610,8.564,0.051,false,20.156,LIGHT,13,0,sequential_yolo_pose,SM-S906U1,GPU
2026-04-22 23:17:23.125,73.970,23.702,31.258,0.554,1.337,6.223,7.090,0.059,false,20.215,LIGHT,13,0,sequential_yolo_pose,SM-S906U1,GPU
2026-04-22 23:17:23.205,75.359,26.971,31.304,0.578,1.134,4.613,6.819,0.045,false,20.152,LIGHT,13,0,sequential_yolo_pose,SM-S906U1,GPU
2026-04-22 23:17:23.286,74.987,22.616,31.752,0.552,1.408,6.910,7.615,0.030,false,20.219,LIGHT,13,0,sequential_yolo_pose,SM-S906U1,GPU
2026-04-22 23:17:23.363,74.067,24.345,32.041,0.617,1.574,5.464,6.536,0.037,false,20.152,LIGHT,13,0,sequential_yolo_pose,SM-S906U1,GPU
2026-04-22 23:17:23.449,80.103,25.877,29.585,0.710,1.229,7.186,9.277,0.046,false,20.156,LIGHT,13,0,sequential_yolo_pose,SM-S906U1,GPU
2026-04-22 23:17:23.530,74.084,23.386,31.382,1.619,1.599,5.278,6.728,0.046,false,20.184,LIGHT,13,0,sequential_yolo_pose,SM-S906U1,GPU
2026-04-22 23:17:23.607,72.859,25.829,30.213,0.552,1.127,4.266,7.120,0.046,false,20.207,LIGHT,13,0,sequential_yolo_pose,SM-S906U1,GPU
2026-04-22 23:17:23.688,75.058,24.048,31.369,0.764,1.533,6.662,6.535,0.029,false,20.281,LIGHT,13,0,sequential_yolo_pose,SM-S906U1,GPU
2026-04-22 23:17:23.765,72.793,22.855,31.164,0.619,1.472,6.060,6.929,0.041,false,20.246,LIGHT,12,0,sequential_yolo_pose,SM-S906U1,GPU
2026-04-22 23:17:23.852,82.628,24.844,31.220,0.594,1.551,6.591,14.225,0.042,false,20.219,LIGHT,12,0,sequential_yolo_pose,SM-S906U1,GPU
2026-04-22 23:17:23.928,71.236,23.545,30.572,0.575,1.179,5.040,6.850,0.052,false,20.184,LIGHT,12,0,sequential_yolo_pose,SM-S906U1,GPU
2026-04-22 23:17:24.010,76.676,27.467,30.327,0.567,1.203,4.831,8.124,0.070,false,20.176,LIGHT,12,0,sequential_yolo_pose,SM-S906U1,GPU
2026-04-22 23:17:24.093,76.435,22.017,30.835,0.681,3.791,9.185,6.621,0.030,false,20.215,LIGHT,12,0,sequential_yolo_pose,SM-S906U1,GPU
2026-04-22 23:17:24.174,76.508,24.537,31.294,0.744,1.306,6.176,8.633,0.033,false,20.277,LIGHT,12,0,sequential_yolo_pose,SM-S906U1,GPU
2026-04-22 23:17:24.255,76.382,23.744,31.336,0.571,1.157,6.405,9.346,0.046,false,20.250,LIGHT,12,0,sequential_yolo_pose,SM-S906U1,GPU
2026-04-22 23:17:24.332,72.056,24.149,30.063,0.537,1.275,5.022,7.354,0.053,false,20.152,LIGHT,12,0,sequential_yolo_pose,SM-S906U1,GPU
2026-04-22 23:17:24.425,87.211,28.709,32.112,1.019,2.571,10.815,7.786,0.039,false,20.277,LIGHT,12,0,sequential_yolo_pose,SM-S906U1,GPU
2026-04-22 23:17:24.510,80.675,25.794,32.034,0.949,2.050,6.596,9.407,0.053,false,20.309,LIGHT,12,0,sequential_yolo_pose,SM-S906U1,GPU
2026-04-22 23:17:24.586,69.163,18.487,29.642,0.708,1.450,6.578,9.288,0.043,false,20.250,LIGHT,12,0,sequential_yolo_pose,SM-S906U1,GPU
2026-04-22 23:17:24.665,74.646,26.148,31.155,0.607,1.199,4.771,6.970,0.050,false,20.184,LIGHT,12,0,sequential_yolo_pose,SM-S906U1,GPU
2026-04-22 23:17:24.750,79.866,26.599,31.662,0.687,1.394,6.536,8.869,0.048,false,20.188,LIGHT,12,0,sequential_yolo_pose,SM-S906U1,GPU
2026-04-22 23:17:24.815,60.666,24.012,33.006,0.349,0.000,0.000,0.000,0.000,true,16.945,LIGHT,13,0,sequential_yolo_pose,SM-S906U1,GPU
2026-04-22 23:17:24.905,85.430,26.855,31.300,0.525,1.777,6.488,11.682,0.050,false,33.953,LIGHT,13,0,sequential_yolo_pose,SM-S906U1,GPU
2026-04-22 23:17:24.990,73.096,20.086,30.593,0.633,1.413,7.320,9.539,0.028,false,28.879,LIGHT,13,0,sequential_yolo_pose,SM-S906U1,GPU
2026-04-22 23:17:25.059,61.546,25.533,32.211,0.213,0.000,0.000,0.000,0.000,true,16.883,LIGHT,13,0,sequential_yolo_pose,SM-S906U1,GPU
2026-04-22 23:17:25.121,57.909,23.269,30.762,0.532,0.000,0.000,0.000,0.000,true,30.527,LIGHT,13,0,sequential_yolo_pose,SM-S906U1,GPU
2026-04-22 23:17:25.187,61.749,28.364,29.123,0.203,0.000,0.000,0.000,0.000,true,18.152,LIGHT,13,0,sequential_yolo_pose,SM-S906U1,GPU
2026-04-22 23:17:25.252,61.157,26.046,31.422,0.330,0.000,0.000,0.000,0.000,true,31.766,LIGHT,13,0,sequential_yolo_pose,SM-S906U1,GPU
2026-04-22 23:17:25.332,75.702,27.312,30.356,0.557,1.287,5.300,6.987,0.042,false,16.719,LIGHT,13,0,sequential_yolo_pose,SM-S906U1,GPU
2026-04-22 23:17:25.396,59.592,25.093,30.822,0.285,0.000,0.000,0.000,0.000,true,16.793,LIGHT,13,0,sequential_yolo_pose,SM-S906U1,GPU
2026-04-22 23:17:25.461,60.519,25.028,31.511,0.348,0.000,0.000,0.000,0.000,true,30.531,LIGHT,13,0,sequential_yolo_pose,SM-S906U1,GPU
2026-04-22 23:17:25.559,93.066,30.980,31.550,0.697,3.070,9.058,9.784,0.061,false,21.867,LIGHT,13,0,sequential_yolo_pose,SM-S906U1,GPU
2026-04-22 23:17:25.625,61.670,26.991,29.799,0.294,0.000,0.000,0.000,0.000,true,35.543,LIGHT,13,0,sequential_yolo_pose,SM-S906U1,GPU
2026-04-22 23:17:25.723,93.213,36.118,32.612,0.514,2.428,5.821,11.102,0.046,false,23.117,LIGHT,13,0,sequential_yolo_pose,SM-S906U1,GPU
2026-04-22 23:17:25.799,71.757,23.214,31.374,0.593,1.134,4.904,6.943,0.043,false,40.164,LIGHT,13,0,sequential_yolo_pose,SM-S906U1,GPU
2026-04-22 23:17:25.898,92.594,25.253,34.180,1.239,2.717,12.247,7.558,0.047,false,29.828,LIGHT,13,0,sequential_yolo_pose,SM-S906U1,GPU
2026-04-22 23:17:25.993,82.214,25.075,32.415,2.165,3.070,6.472,7.321,0.039,false,20.277,LIGHT,13,0,sequential_yolo_pose,SM-S906U1,GPU
2026-04-22 23:17:26.074,77.761,28.014,31.450,0.551,1.287,5.497,7.282,0.039,false,20.246,LIGHT,13,0,sequential_yolo_pose,SM-S906U1,GPU
2026-04-22 23:17:26.157,78.249,24.331,33.062,0.551,1.346,6.490,7.659,0.058,false,20.250,LIGHT,13,0,sequential_yolo_pose,SM-S906U1,GPU
2026-04-22 23:17:26.244,82.624,28.247,31.113,0.755,1.726,7.496,9.525,0.049,false,20.246,LIGHT,13,0,sequential_yolo_pose,SM-S906U1,GPU
2026-04-22 23:17:26.329,78.544,25.431,31.437,2.998,1.244,5.491,7.485,0.055,false,20.258,LIGHT,13,0,sequential_yolo_pose,SM-S906U1,GPU
2026-04-22 23:17:26.405,73.199,24.748,30.048,0.553,1.483,5.275,7.179,0.074,false,20.188,LIGHT,13,0,sequential_yolo_pose,SM-S906U1,GPU
2026-04-22 23:17:26.493,76.404,24.328,33.222,0.514,1.086,5.705,7.644,0.054,false,20.281,LIGHT,13,0,sequential_yolo_pose,SM-S906U1,GPU
2026-04-22 23:17:26.578,80.483,24.974,31.456,0.561,1.265,7.326,10.578,0.058,false,20.219,LIGHT,13,0,sequential_yolo_pose,SM-S906U1,GPU
2026-04-22 23:17:26.665,79.290,25.314,30.188,1.044,3.459,8.335,7.049,0.042,false,20.246,LIGHT,13,0,sequential_yolo_pose,SM-S906U1,GPU
2026-04-22 23:17:26.755,85.286,30.329,29.650,0.483,1.177,11.204,7.664,0.046,false,20.152,LIGHT,13,0,sequential_yolo_pose,SM-S906U1,GPU
2026-04-22 23:17:26.831,71.647,26.082,29.515,0.437,1.042,4.188,6.686,0.044,false,20.188,LIGHT,12,0,sequential_yolo_pose,SM-S906U1,GPU
2026-04-22 23:17:26.914,78.593,24.221,32.128,0.509,1.508,6.034,10.357,0.044,false,20.277,LIGHT,12,0,sequential_yolo_pose,SM-S906U1,GPU
2026-04-22 23:17:26.988,68.945,21.953,33.074,0.353,0.719,3.369,6.039,0.036,false,20.328,LIGHT,12,0,sequential_yolo_pose,SM-S906U1,GPU
2026-04-22 23:17:27.059,67.743,18.911,31.287,0.440,1.771,4.528,7.624,0.041,false,20.324,LIGHT,12,0,sequential_yolo_pose,SM-S906U1,GPU
2026-04-22 23:17:27.139,75.491,26.673,30.829,0.572,1.427,5.516,6.972,0.035,false,20.215,LIGHT,12,0,sequential_yolo_pose,SM-S906U1,GPU
2026-04-22 23:17:27.222,79.324,27.283,30.113,0.687,1.195,7.157,9.059,0.040,false,20.156,LIGHT,12,0,sequential_yolo_pose,SM-S906U1,GPU
2026-04-22 23:17:27.300,73.794,24.861,31.589,0.546,1.231,5.046,6.835,0.096,false,20.270,LIGHT,12,0,sequential_yolo_pose,SM-S906U1,GPU
2026-04-22 23:17:27.386,80.815,27.623,34.032,0.558,1.219,5.967,7.252,0.064,false,20.184,LIGHT,12,0,sequential_yolo_pose,SM-S906U1,GPU
2026-04-22 23:17:27.464,72.748,25.005,30.378,0.545,1.417,4.799,6.630,0.044,false,20.176,LIGHT,12,0,sequential_yolo_pose,SM-S906U1,GPU
2026-04-22 23:17:27.560,88.185,26.607,31.758,0.544,2.237,13.229,7.470,0.040,false,20.215,LIGHT,12,0,sequential_yolo_pose,SM-S906U1,GPU
2026-04-22 23:17:27.641,76.978,27.116,30.731,0.628,1.423,5.420,7.848,0.075,false,20.156,LIGHT,12,0,sequential_yolo_pose,SM-S906U1,GPU
2026-04-22 23:17:27.726,78.663,25.593,34.366,0.670,1.126,5.726,7.063,0.039,false,20.297,LIGHT,12,0,sequential_yolo_pose,SM-S906U1,GPU
2026-04-22 23:17:27.797,67.253,18.701,33.475,0.409,1.140,4.500,6.618,0.036,false,20.371,LIGHT,12,0,sequential_yolo_pose,SM-S906U1,GPU
2026-04-22 23:17:27.874,73.273,25.659,30.476,0.559,1.208,4.852,7.072,0.038,false,20.215,LIGHT,12,0,sequential_yolo_pose,SM-S906U1,GPU
2026-04-22 23:17:27.960,80.777,26.991,32.768,0.599,1.190,6.859,7.691,0.045,false,20.246,LIGHT,12,0,sequential_yolo_pose,SM-S906U1,GPU
2026-04-22 23:17:28.060,95.173,30.781,31.242,0.502,2.864,16.367,9.338,0.050,false,20.309,LIGHT,12,0,sequential_yolo_pose,SM-S906U1,GPU
2026-04-22 23:17:28.134,69.951,23.959,29.139,0.439,1.252,4.376,6.993,0.083,false,20.230,LIGHT,12,0,sequential_yolo_pose,SM-S906U1,GPU
2026-04-22 23:17:28.215,77.444,25.773,34.120,0.481,1.223,5.784,6.539,0.039,false,20.246,LIGHT,12,0,sequential_yolo_pose,SM-S906U1,GPU
2026-04-22 23:17:28.297,77.910,25.866,31.973,0.668,1.479,5.877,6.640,0.040,false,20.215,LIGHT,12,0,sequential_yolo_pose,SM-S906U1,GPU
2026-04-22 23:17:28.377,75.638,25.126,30.674,0.636,1.087,4.851,9.231,0.050,false,20.215,LIGHT,12,0,sequential_yolo_pose,SM-S906U1,GPU
2026-04-22 23:17:28.463,78.056,24.363,32.524,0.523,3.204,5.808,7.742,0.046,false,20.246,LIGHT,12,0,sequential_yolo_pose,SM-S906U1,GPU
2026-04-22 23:17:28.540,73.436,24.809,29.900,0.565,1.135,5.846,7.312,0.074,false,20.188,LIGHT,12,0,sequential_yolo_pose,SM-S906U1,GPU
2026-04-22 23:17:28.624,78.041,25.957,31.833,0.624,1.330,6.851,7.436,0.050,false,20.188,LIGHT,12,0,sequential_yolo_pose,SM-S906U1,GPU
2026-04-22 23:17:28.707,77.678,27.383,32.221,0.426,1.043,4.485,7.536,0.042,false,20.215,LIGHT,12,0,sequential_yolo_pose,SM-S906U1,GPU
2026-04-22 23:17:28.779,66.421,18.576,30.392,0.507,1.064,5.256,7.684,0.042,false,20.184,LIGHT,12,0,sequential_yolo_pose,SM-S906U1,GPU
2026-04-22 23:17:28.865,79.761,25.997,33.545,0.716,1.580,6.288,7.728,0.042,false,14.395,LIGHT,13,0,sequential_yolo_pose,SM-S906U1,GPU
2026-04-22 23:17:28.950,80.156,24.158,31.461,0.673,1.820,7.345,10.766,0.047,false,21.516,LIGHT,13,0,sequential_yolo_pose,SM-S906U1,GPU
2026-04-22 23:17:29.034,79.834,25.490,31.746,0.814,1.745,8.043,7.890,0.060,false,38.399,LIGHT,13,0,sequential_yolo_pose,SM-S906U1,GPU
2026-04-22 23:17:29.124,80.888,23.192,30.687,1.586,3.602,6.886,7.443,0.070,false,20.184,LIGHT,13,0,sequential_yolo_pose,SM-S906U1,GPU
2026-04-22 23:17:29.205,76.530,25.011,32.729,0.577,1.157,4.881,8.227,0.050,false,20.238,LIGHT,13,0,sequential_yolo_pose,SM-S906U1,GPU
2026-04-22 23:17:29.290,78.658,25.061,32.828,0.556,1.649,7.035,7.386,0.065,false,20.215,LIGHT,13,0,sequential_yolo_pose,SM-S906U1,GPU
2026-04-22 23:17:29.373,77.671,26.832,31.311,0.481,1.265,5.826,8.042,0.054,false,20.238,LIGHT,13,0,sequential_yolo_pose,SM-S906U1,GPU
2026-04-22 23:17:29.457,80.079,24.564,33.200,0.462,2.972,6.817,6.794,0.028,false,20.344,LIGHT,13,0,sequential_yolo_pose,SM-S906U1,GPU
2026-04-22 23:17:29.534,73.310,24.196,31.929,0.346,1.134,4.613,7.719,0.033,false,20.340,LIGHT,13,0,sequential_yolo_pose,SM-S906U1,GPU
2026-04-22 23:17:29.620,82.289,26.057,32.191,0.354,2.086,10.932,6.875,0.028,false,20.246,LIGHT,13,0,sequential_yolo_pose,SM-S906U1,GPU
2026-04-22 23:17:29.697,74.274,24.892,30.878,0.510,1.548,5.522,7.453,0.040,false,20.184,LIGHT,13,0,sequential_yolo_pose,SM-S906U1,GPU
2026-04-22 23:17:29.781,79.855,25.587,32.314,0.869,1.260,6.052,9.642,0.030,false,20.156,LIGHT,13,0,sequential_yolo_pose,SM-S906U1,GPU
2026-04-22 23:17:29.852,67.967,18.994,29.448,0.489,1.275,4.814,10.272,0.041,false,20.336,LIGHT,12,0,sequential_yolo_pose,SM-S906U1,GPU
2026-04-22 23:17:29.929,72.714,23.179,31.215,0.587,1.353,5.931,6.982,0.055,false,20.246,LIGHT,12,0,sequential_yolo_pose,SM-S906U1,GPU
2026-04-22 23:17:30.020,87.111,29.139,31.664,0.442,1.133,7.743,12.932,0.048,false,20.184,LIGHT,12,0,sequential_yolo_pose,SM-S906U1,GPU
2026-04-22 23:17:30.101,75.970,25.424,29.901,0.626,1.506,7.328,7.305,0.055,false,20.246,LIGHT,12,0,sequential_yolo_pose,SM-S906U1,GPU
2026-04-22 23:17:30.195,86.560,25.566,33.693,0.672,1.612,8.156,7.338,0.051,false,20.215,LIGHT,12,0,sequential_yolo_pose,SM-S906U1,GPU
2026-04-22 23:17:30.282,81.847,27.583,30.464,0.580,1.251,5.500,12.814,0.052,false,20.215,LIGHT,12,0,sequential_yolo_pose,SM-S906U1,GPU
2026-04-22 23:17:30.365,77.542,26.427,32.270,1.049,1.284,4.699,7.726,0.048,false,20.215,LIGHT,12,0,sequential_yolo_pose,SM-S906U1,GPU
2026-04-22 23:17:30.440,71.140,23.410,29.464,0.470,1.112,4.934,7.248,0.057,false,20.273,LIGHT,12,0,sequential_yolo_pose,SM-S906U1,GPU
2026-04-22 23:17:30.524,77.166,23.305,31.000,0.684,1.245,8.548,8.795,0.045,false,20.246,LIGHT,12,0,sequential_yolo_pose,SM-S906U1,GPU
2026-04-22 23:17:30.618,88.452,30.319,31.737,0.809,1.923,7.732,12.325,0.050,false,20.219,LIGHT,12,0,sequential_yolo_pose,SM-S906U1,GPU
2026-04-22 23:17:30.701,77.535,24.772,32.204,0.846,1.638,6.574,7.153,0.062,false,20.250,LIGHT,12,0,sequential_yolo_pose,SM-S906U1,GPU
2026-04-22 23:17:30.792,83.039,25.684,33.094,0.562,3.637,7.946,6.903,0.058,false,20.184,LIGHT,12,0,sequential_yolo_pose,SM-S906U1,GPU
2026-04-22 23:17:30.876,78.665,28.860,30.580,0.496,0.986,5.793,7.874,0.053,false,20.219,LIGHT,12,0,sequential_yolo_pose,SM-S906U1,GPU
2026-04-22 23:17:30.960,77.719,25.812,30.137,0.944,1.894,7.777,6.914,0.041,false,20.215,LIGHT,12,0,sequential_yolo_pose,SM-S906U1,GPU
2026-04-22 23:17:31.040,75.053,25.082,30.785,0.623,1.393,5.617,7.642,0.056,false,20.238,LIGHT,12,0,sequential_yolo_pose,SM-S906U1,GPU
2026-04-22 23:17:31.126,79.502,22.192,33.854,1.395,2.443,7.228,7.096,0.053,false,20.184,LIGHT,12,0,sequential_yolo_pose,SM-S906U1,GPU
2026-04-22 23:17:31.206,75.459,25.543,32.829,0.497,1.090,4.668,6.941,0.045,false,20.277,LIGHT,12,0,sequential_yolo_pose,SM-S906U1,GPU
2026-04-22 23:17:31.289,78.270,26.051,31.801,0.640,1.295,5.725,8.239,0.044,false,20.188,LIGHT,12,0,sequential_yolo_pose,SM-S906U1,GPU
2026-04-22 23:17:31.372,79.081,26.476,32.772,0.459,1.170,5.461,8.784,0.061,false,20.215,LIGHT,12,0,sequential_yolo_pose,SM-S906U1,GPU
2026-04-22 23:17:31.461,80.860,23.277,32.516,0.466,4.665,8.420,7.867,0.045,false,20.246,LIGHT,12,0,sequential_yolo_pose,SM-S906U1,GPU
2026-04-22 23:17:31.545,78.598,26.041,33.029,0.446,1.084,4.576,7.279,0.059,false,20.277,LIGHT,12,0,sequential_yolo_pose,SM-S906U1,GPU
2026-04-22 23:17:31.627,75.920,24.201,32.029,0.542,2.241,5.423,7.782,0.058,false,20.152,LIGHT,12,0,sequential_yolo_pose,SM-S906U1,GPU
2026-04-22 23:17:31.713,81.553,25.595,32.111,0.540,1.300,6.954,11.206,0.048,false,20.277,LIGHT,12,0,sequential_yolo_pose,SM-S906U1,GPU
2026-04-22 23:17:31.790,71.129,22.330,30.026,0.921,1.254,5.544,7.403,0.068,false,20.215,LIGHT,12,0,sequential_yolo_pose,SM-S906U1,GPU
2026-04-22 23:17:31.866,70.927,23.578,30.810,0.469,1.258,4.837,6.572,0.041,false,20.336,LIGHT,12,0,sequential_yolo_pose,SM-S906U1,GPU
2026-04-22 23:17:31.959,87.495,28.051,31.585,0.519,1.828,11.359,10.205,0.055,false,20.246,LIGHT,12,0,sequential_yolo_pose,SM-S906U1,GPU
2026-04-22 23:17:32.039,76.207,26.851,31.752,0.571,1.117,4.484,7.089,0.044,false,20.273,LIGHT,12,0,sequential_yolo_pose,SM-S906U1,GPU
2026-04-22 23:17:32.126,82.047,26.143,31.546,0.563,1.395,10.984,7.698,0.045,false,20.277,LIGHT,12,0,sequential_yolo_pose,SM-S906U1,GPU
2026-04-22 23:17:32.205,74.354,25.310,30.734,0.497,1.372,5.102,7.721,0.041,false,20.246,LIGHT,12,0,sequential_yolo_pose,SM-S906U1,GPU
2026-04-22 23:17:32.295,84.081,25.575,32.168,0.565,1.813,11.203,8.150,0.044,false,20.277,LIGHT,12,0,sequential_yolo_pose,SM-S906U1,GPU
2026-04-22 23:17:32.372,72.517,23.847,30.063,0.510,1.175,4.809,8.407,0.042,false,20.273,LIGHT,12,0,sequential_yolo_pose,SM-S906U1,GPU
2026-04-22 23:17:32.458,79.603,25.676,32.633,0.552,1.272,7.684,6.919,0.044,false,20.277,LIGHT,12,0,sequential_yolo_pose,SM-S906U1,GPU
2026-04-22 23:17:32.536,73.539,25.321,30.775,0.608,1.255,5.178,6.773,0.045,false,20.215,LIGHT,12,0,sequential_yolo_pose,SM-S906U1,GPU
2026-04-22 23:17:32.610,69.040,19.270,30.204,0.779,1.776,6.451,7.630,0.060,false,20.238,LIGHT,12,0,sequential_yolo_pose,SM-S906U1,GPU
2026-04-22 23:17:32.698,83.530,23.535,33.568,0.618,1.708,11.960,8.206,0.041,false,20.309,LIGHT,12,0,sequential_yolo_pose,SM-S906U1,GPU
2026-04-22 23:17:32.774,71.058,23.212,29.592,0.472,1.116,5.212,7.332,0.044,false,20.238,LIGHT,12,0,sequential_yolo_pose,SM-S906U1,GPU
2026-04-22 23:17:32.863,77.687,25.376,33.382,0.764,2.888,5.082,6.735,0.029,false,20.277,LIGHT,12,0,sequential_yolo_pose,SM-S906U1,GPU
2026-04-22 23:17:32.931,64.028,19.163,29.888,0.385,1.093,4.286,6.634,0.034,false,20.356,LIGHT,12,0,sequential_yolo_pose,SM-S906U1,GPU
2026-04-22 23:17:33.012,76.817,26.383,30.489,0.556,1.250,5.310,8.766,0.067,false,20.238,LIGHT,12,0,sequential_yolo_pose,SM-S906U1,GPU
2026-04-22 23:17:33.094,77.619,24.968,32.906,0.539,1.205,7.353,6.967,0.054,false,20.184,LIGHT,12,0,sequential_yolo_pose,SM-S906U1,GPU
2026-04-22 23:17:33.170,71.504,25.118,29.614,0.370,1.203,4.889,6.862,0.033,false,20.184,LIGHT,12,0,sequential_yolo_pose,SM-S906U1,GPU
2026-04-22 23:17:33.263,88.249,28.062,32.240,0.532,1.402,11.785,7.847,0.034,false,20.309,LIGHT,12,0,sequential_yolo_pose,SM-S906U1,GPU
2026-04-22 23:17:33.339,72.363,23.026,30.169,0.565,1.406,4.903,8.341,0.039,false,20.309,LIGHT,12,0,sequential_yolo_pose,SM-S906U1,GPU
2026-04-22 23:17:33.431,82.178,25.259,31.675,0.966,2.235,9.967,8.414,0.046,false,20.246,LIGHT,12,0,sequential_yolo_pose,SM-S906U1,GPU
2026-04-22 23:17:33.508,71.619,24.072,29.165,0.376,1.068,4.577,7.787,0.023,false,20.336,LIGHT,12,0,sequential_yolo_pose,SM-S906U1,GPU
2026-04-22 23:17:33.588,76.287,24.410,30.990,0.753,1.330,7.107,8.110,0.048,false,20.277,LIGHT,12,0,sequential_yolo_pose,SM-S906U1,GPU
2026-04-22 23:17:33.668,75.621,26.958,30.286,0.712,1.531,5.270,7.038,0.041,false,20.152,LIGHT,12,0,sequential_yolo_pose,SM-S906U1,GPU
2026-04-22 23:17:33.749,77.364,27.732,30.425,0.378,1.174,5.026,7.116,0.027,false,20.188,LIGHT,12,0,sequential_yolo_pose,SM-S906U1,GPU
2026-04-22 23:17:33.829,75.640,25.247,33.242,0.976,1.114,4.493,6.745,0.033,false,20.180,LIGHT,12,0,sequential_yolo_pose,SM-S906U1,GPU
2026-04-22 23:17:33.914,81.534,26.168,34.140,0.457,1.594,6.118,9.197,0.042,false,20.219,LIGHT,13,0,sequential_yolo_pose,SM-S906U1,GPU
2026-04-22 23:17:33.999,77.690,25.845,34.379,0.355,1.208,4.907,7.158,0.034,false,20.238,LIGHT,13,0,sequential_yolo_pose,SM-S906U1,GPU
2026-04-22 23:17:34.092,88.908,26.327,36.116,0.630,2.329,9.220,10.220,0.044,false,20.242,LIGHT,13,0,sequential_yolo_pose,SM-S906U1,GPU
2026-04-22 23:17:34.185,87.133,27.079,32.979,0.384,2.297,9.982,9.786,0.029,false,20.277,LIGHT,13,0,sequential_yolo_pose,SM-S906U1,GPU
2026-04-22 23:17:34.270,80.575,25.210,33.778,0.623,2.075,6.730,8.137,0.033,false,20.215,LIGHT,13,0,sequential_yolo_pose,SM-S906U1,GPU
2026-04-22 23:17:34.362,85.688,28.730,37.043,0.623,1.866,5.621,7.452,0.037,false,20.184,LIGHT,13,0,sequential_yolo_pose,SM-S906U1,GPU
2026-04-22 23:17:34.435,68.244,26.850,36.756,0.643,0.000,0.000,0.000,0.000,true,16.789,LIGHT,13,0,sequential_yolo_pose,SM-S906U1,GPU
2026-04-22 23:17:34.536,89.381,32.489,35.071,0.556,1.589,6.192,8.760,0.088,false,33.828,LIGHT,13,0,sequential_yolo_pose,SM-S906U1,GPU
2026-04-22 23:17:34.628,81.778,27.106,34.272,0.749,1.887,5.129,7.739,0.041,false,28.789,LIGHT,13,0,sequential_yolo_pose,SM-S906U1,GPU
2026-04-22 23:17:34.719,79.452,25.429,33.678,0.371,0.958,3.560,9.367,0.083,false,20.215,LIGHT,13,0,sequential_yolo_pose,SM-S906U1,GPU
2026-04-22 23:17:34.800,76.324,25.007,32.405,0.567,1.330,5.572,7.880,0.042,false,20.238,LIGHT,13,0,sequential_yolo_pose,SM-S906U1,GPU
2026-04-22 23:17:34.885,81.168,25.005,35.589,0.680,1.660,6.705,7.900,0.044,false,20.305,LIGHT,11,0,sequential_yolo_pose,SM-S906U1,GPU
2026-04-22 23:17:34.963,74.754,25.511,32.264,0.541,1.107,4.773,6.923,0.047,false,20.277,LIGHT,11,0,sequential_yolo_pose,SM-S906U1,GPU
2026-04-22 23:17:35.049,81.656,26.426,32.640,0.578,1.334,6.625,8.972,0.049,false,20.281,LIGHT,11,0,sequential_yolo_pose,SM-S906U1,GPU
2026-04-22 23:17:35.131,77.711,25.192,34.130,0.487,1.167,4.593,7.115,0.048,false,20.242,LIGHT,11,0,sequential_yolo_pose,SM-S906U1,GPU
2026-04-22 23:17:35.226,92.316,25.862,35.056,0.514,1.805,11.825,13.587,0.056,false,20.215,LIGHT,11,0,sequential_yolo_pose,SM-S906U1,GPU
2026-04-22 23:17:35.321,89.622,30.200,33.523,1.166,2.757,10.465,6.965,0.051,false,20.215,LIGHT,11,0,sequential_yolo_pose,SM-S906U1,GPU
2026-04-22 23:17:35.412,86.028,28.081,34.948,0.795,1.638,7.035,9.210,0.050,false,20.246,LIGHT,11,0,sequential_yolo_pose,SM-S906U1,GPU
2026-04-22 23:17:35.500,80.614,26.133,33.757,1.309,2.931,5.251,7.128,0.052,false,20.184,LIGHT,11,0,sequential_yolo_pose,SM-S906U1,GPU
2026-04-22 23:17:35.581,76.344,21.812,34.198,0.538,1.249,5.209,10.094,0.050,false,20.328,LIGHT,11,0,sequential_yolo_pose,SM-S906U1,GPU
2026-04-22 23:17:35.672,85.506,24.045,36.092,0.769,6.411,7.006,7.328,0.051,false,20.246,LIGHT,11,0,sequential_yolo_pose,SM-S906U1,GPU
2026-04-22 23:17:35.766,86.951,25.277,39.141,0.816,1.903,5.442,7.228,0.053,false,20.219,LIGHT,11,0,sequential_yolo_pose,SM-S906U1,GPU
2026-04-22 23:17:35.861,88.381,28.217,32.714,0.878,2.115,9.468,8.241,0.048,false,20.184,LIGHT,11,0,sequential_yolo_pose,SM-S906U1,GPU
2026-04-22 23:17:35.945,80.152,26.871,33.309,0.519,1.354,4.799,9.408,0.045,false,20.309,LIGHT,12,0,sequential_yolo_pose,SM-S906U1,GPU
2026-04-22 23:17:36.036,84.946,26.876,38.911,0.622,1.307,5.262,8.148,0.048,false,20.215,LIGHT,12,0,sequential_yolo_pose,SM-S906U1,GPU
2026-04-22 23:17:36.129,89.650,29.623,35.692,0.833,1.995,8.147,7.282,0.040,false,20.250,LIGHT,12,0,sequential_yolo_pose,SM-S906U1,GPU
2026-04-22 23:17:36.216,82.073,24.556,34.954,0.639,1.594,6.376,8.838,0.050,false,20.219,LIGHT,12,0,sequential_yolo_pose,SM-S906U1,GPU
2026-04-22 23:17:36.300,80.006,26.170,34.237,0.741,1.374,5.379,8.272,0.061,false,20.246,LIGHT,12,0,sequential_yolo_pose,SM-S906U1,GPU
2026-04-22 23:17:36.392,87.955,28.662,35.878,0.936,2.089,7.143,8.892,0.058,false,20.246,LIGHT,12,0,sequential_yolo_pose,SM-S906U1,GPU
2026-04-22 23:17:36.486,88.695,30.958,36.500,0.582,1.778,7.354,7.335,0.049,false,20.188,LIGHT,12,0,sequential_yolo_pose,SM-S906U1,GPU
2026-04-22 23:17:36.569,79.455,26.439,35.417,0.587,1.090,4.825,7.345,0.059,false,20.309,LIGHT,12,0,sequential_yolo_pose,SM-S906U1,GPU
2026-04-22 23:17:36.657,82.005,26.358,34.894,1.258,1.401,6.379,7.617,0.040,false,20.273,LIGHT,12,0,sequential_yolo_pose,SM-S906U1,GPU
2026-04-22 23:17:36.737,76.162,23.403,33.204,0.544,1.478,6.050,7.680,0.060,false,20.176,LIGHT,12,0,sequential_yolo_pose,SM-S906U1,GPU
2026-04-22 23:17:36.831,85.269,26.793,35.296,0.637,2.717,5.762,8.300,0.046,false,20.344,LIGHT,12,0,sequential_yolo_pose,SM-S906U1,GPU
2026-04-22 23:17:36.922,87.421,31.861,35.577,0.548,2.204,3.940,8.775,0.038,false,20.313,LIGHT,11,0,sequential_yolo_pose,SM-S906U1,GPU
2026-04-22 23:17:36.999,73.438,21.128,33.702,0.679,1.497,5.047,7.225,0.049,false,20.281,LIGHT,11,0,sequential_yolo_pose,SM-S906U1,GPU
2026-04-22 23:17:37.085,82.645,25.662,34.819,0.659,1.640,8.005,8.021,0.059,false,20.152,LIGHT,11,0,sequential_yolo_pose,SM-S906U1,GPU
2026-04-22 23:17:37.172,81.489,26.881,34.371,0.739,1.327,5.712,8.625,0.045,false,20.277,LIGHT,11,0,sequential_yolo_pose,SM-S906U1,GPU
2026-04-22 23:17:37.262,85.036,25.387,35.170,0.588,3.697,6.326,7.227,0.056,false,20.219,LIGHT,11,0,sequential_yolo_pose,SM-S906U1,GPU
2026-04-22 23:17:37.353,85.777,28.184,33.843,0.759,1.494,7.871,9.748,0.043,false,20.156,LIGHT,11,0,sequential_yolo_pose,SM-S906U1,GPU
2026-04-22 23:17:37.437,79.719,27.163,33.917,0.513,1.182,5.218,7.859,0.063,false,20.184,LIGHT,11,0,sequential_yolo_pose,SM-S906U1,GPU
2026-04-22 23:17:37.527,79.721,23.883,34.329,1.399,1.726,5.665,7.302,0.042,false,20.246,LIGHT,11,0,sequential_yolo_pose,SM-S906U1,GPU
2026-04-22 23:17:37.605,74.190,24.657,30.240,0.621,1.363,5.640,7.898,0.060,false,20.219,LIGHT,11,0,sequential_yolo_pose,SM-S906U1,GPU
2026-04-22 23:17:37.699,85.041,28.490,34.596,0.548,1.415,5.288,8.385,0.056,false,20.281,LIGHT,11,0,sequential_yolo_pose,SM-S906U1,GPU
2026-04-22 23:17:37.788,84.493,28.541,35.144,0.831,1.466,6.326,7.964,0.072,false,20.184,LIGHT,11,0,sequential_yolo_pose,SM-S906U1,GPU
2026-04-22 23:17:37.879,84.354,26.966,33.926,0.679,1.707,6.503,10.530,0.045,false,20.219,LIGHT,11,0,sequential_yolo_pose,SM-S906U1,GPU
2026-04-22 23:17:37.965,77.705,24.851,33.688,0.555,1.713,5.069,8.070,0.053,false,20.281,LIGHT,12,0,sequential_yolo_pose,SM-S906U1,GPU
2026-04-22 23:17:38.060,88.759,23.899,35.328,1.026,3.286,13.511,7.436,0.043,false,20.344,LIGHT,12,0,sequential_yolo_pose,SM-S906U1,GPU
2026-04-22 23:17:38.140,75.992,24.651,32.105,0.543,1.154,5.808,7.966,0.045,false,20.301,LIGHT,12,0,sequential_yolo_pose,SM-S906U1,GPU
2026-04-22 23:17:38.230,83.277,27.720,35.591,0.551,1.252,4.552,7.568,0.038,false,20.305,LIGHT,12,0,sequential_yolo_pose,SM-S906U1,GPU
2026-04-22 23:17:38.323,89.206,30.129,35.195,0.448,2.424,9.362,7.763,0.048,false,20.250,LIGHT,12,0,sequential_yolo_pose,SM-S906U1,GPU
2026-04-22 23:17:38.415,86.968,27.580,36.370,0.435,1.205,5.892,11.536,0.053,false,20.309,LIGHT,12,0,sequential_yolo_pose,SM-S906U1,GPU
2026-04-22 23:17:38.500,78.609,24.980,34.965,0.525,1.312,5.232,7.774,0.037,false,20.250,LIGHT,12,0,sequential_yolo_pose,SM-S906U1,GPU
2026-04-22 23:17:38.591,86.258,28.736,35.101,0.544,3.718,6.128,8.203,0.032,false,20.152,LIGHT,12,0,sequential_yolo_pose,SM-S906U1,GPU
2026-04-22 23:17:38.688,89.899,31.867,34.506,0.511,1.949,6.166,10.617,0.053,false,20.215,LIGHT,12,0,sequential_yolo_pose,SM-S906U1,GPU
2026-04-22 23:17:38.759,66.030,27.636,34.555,0.398,0.000,0.000,0.000,0.000,true,16.883,LIGHT,12,0,sequential_yolo_pose,SM-S906U1,GPU
2026-04-22 23:17:38.833,69.219,31.005,33.996,0.533,0.000,0.000,0.000,0.000,true,30.527,LIGHT,12,0,sequential_yolo_pose,SM-S906U1,GPU
2026-04-22 23:17:38.926,81.605,20.364,34.299,0.645,2.015,13.590,7.486,0.047,false,21.543,LIGHT,11,0,sequential_yolo_pose,SM-S906U1,GPU
2026-04-22 23:17:38.993,63.195,25.541,33.058,0.682,0.000,0.000,0.000,0.000,true,35.188,LIGHT,11,0,sequential_yolo_pose,SM-S906U1,GPU
2026-04-22 23:17:39.092,93.954,37.659,35.616,0.521,1.849,5.788,7.338,0.043,false,21.961,LIGHT,11,0,sequential_yolo_pose,SM-S906U1,GPU
2026-04-22 23:17:39.186,89.765,25.799,32.832,0.640,1.513,6.899,10.651,0.038,false,13.379,LIGHT,11,0,sequential_yolo_pose,SM-S906U1,GPU
2026-04-22 23:17:39.269,78.975,27.359,33.090,0.539,1.298,4.630,8.317,0.046,false,20.340,LIGHT,11,0,sequential_yolo_pose,SM-S906U1,GPU
2026-04-22 23:17:39.356,82.737,21.886,35.536,0.613,1.366,7.898,7.084,0.040,false,20.313,LIGHT,11,0,sequential_yolo_pose,SM-S906U1,GPU
2026-04-22 23:17:39.439,79.143,26.669,32.597,0.615,1.516,6.508,7.714,0.053,false,20.246,LIGHT,11,0,sequential_yolo_pose,SM-S906U1,GPU
2026-04-22 23:17:39.529,79.869,25.694,31.554,0.620,3.082,7.138,7.127,0.045,false,20.246,LIGHT,11,0,sequential_yolo_pose,SM-S906U1,GPU
2026-04-22 23:17:39.615,81.460,26.726,35.340,0.630,1.132,4.862,8.517,0.050,false,20.371,LIGHT,11,0,sequential_yolo_pose,SM-S906U1,GPU
2026-04-22 23:17:39.702,80.153,27.644,33.925,0.594,1.254,5.619,7.319,0.053,false,20.246,LIGHT,11,0,sequential_yolo_pose,SM-S906U1,GPU
2026-04-22 23:17:39.791,83.959,26.860,34.229,0.579,1.355,7.266,9.629,0.053,false,20.246,LIGHT,11,0,sequential_yolo_pose,SM-S906U1,GPU
2026-04-22 23:17:39.879,83.516,25.990,36.654,0.670,2.310,4.879,8.992,0.051,false,20.305,LIGHT,11,0,sequential_yolo_pose,SM-S906U1,GPU
2026-04-22 23:17:39.963,79.170,28.158,32.473,0.563,1.465,5.431,7.024,0.050,false,20.281,LIGHT,12,0,sequential_yolo_pose,SM-S906U1,GPU
2026-04-22 23:17:40.053,85.254,26.292,33.254,0.579,1.691,10.213,8.748,0.055,false,20.207,LIGHT,12,0,sequential_yolo_pose,SM-S906U1,GPU
2026-04-22 23:17:40.136,78.501,25.869,33.387,0.861,1.476,6.050,7.248,0.035,false,20.309,LIGHT,12,0,sequential_yolo_pose,SM-S906U1,GPU
2026-04-22 23:17:40.226,85.516,29.708,34.812,0.737,1.415,5.888,7.753,0.043,false,20.215,LIGHT,12,0,sequential_yolo_pose,SM-S906U1,GPU
2026-04-22 23:17:40.312,81.748,26.752,34.946,0.610,1.298,5.314,7.620,0.057,false,20.273,LIGHT,12,0,sequential_yolo_pose,SM-S906U1,GPU
2026-04-22 23:17:40.397,77.736,24.909,34.318,0.595,1.396,5.149,7.354,0.052,false,20.246,LIGHT,12,0,sequential_yolo_pose,SM-S906U1,GPU
2026-04-22 23:17:40.494,92.494,30.178,35.468,0.664,1.929,8.753,11.131,0.043,false,20.313,LIGHT,12,0,sequential_yolo_pose,SM-S906U1,GPU
2026-04-22 23:17:40.578,78.716,25.440,33.702,0.945,1.284,5.524,7.878,0.059,false,20.211,LIGHT,12,0,sequential_yolo_pose,SM-S906U1,GPU
2026-04-22 23:17:40.666,83.887,21.498,36.207,1.337,2.633,9.469,9.418,0.045,false,20.297,LIGHT,12,0,sequential_yolo_pose,SM-S906U1,GPU
2026-04-22 23:17:40.750,78.052,24.155,31.471,0.781,1.324,7.160,9.151,0.036,false,20.188,LIGHT,12,0,sequential_yolo_pose,SM-S906U1,GPU
2026-04-22 23:17:40.835,81.408,26.888,34.172,0.549,1.347,5.468,9.081,0.041,false,20.277,LIGHT,12,0,sequential_yolo_pose,SM-S906U1,GPU
2026-04-22 23:17:40.923,83.299,27.657,34.688,0.944,2.775,4.508,8.734,0.060,false,20.281,LIGHT,11,0,sequential_yolo_pose,SM-S906U1,GPU
2026-04-22 23:17:41.007,79.263,26.374,34.023,0.518,1.323,5.174,7.979,0.043,false,20.371,LIGHT,11,0,sequential_yolo_pose,SM-S906U1,GPU
2026-04-22 23:17:41.094,80.721,26.762,32.420,0.923,1.511,7.175,7.861,0.054,false,20.184,LIGHT,11,0,sequential_yolo_pose,SM-S906U1,GPU
2026-04-22 23:17:41.180,82.719,28.242,34.048,0.601,1.244,5.969,8.605,0.072,false,20.219,LIGHT,11,0,sequential_yolo_pose,SM-S906U1,GPU
2026-04-22 23:17:41.267,79.568,24.777,34.760,0.593,1.599,6.192,7.821,0.048,false,20.152,LIGHT,11,0,sequential_yolo_pose,SM-S906U1,GPU
2026-04-22 23:17:41.354,83.429,23.206,33.557,0.863,2.029,7.923,10.868,0.044,false,20.270,LIGHT,11,0,sequential_yolo_pose,SM-S906U1,GPU
2026-04-22 23:17:41.442,84.404,26.789,34.679,0.453,2.044,6.090,10.606,0.054,false,20.309,LIGHT,11,0,sequential_yolo_pose,SM-S906U1,GPU
2026-04-22 23:17:41.531,80.077,19.926,35.168,2.336,4.755,7.365,7.448,0.057,false,20.219,LIGHT,11,0,sequential_yolo_pose,SM-S906U1,GPU
2026-04-22 23:17:41.619,84.445,25.165,35.010,0.535,1.804,7.340,10.255,0.049,false,20.277,LIGHT,11,0,sequential_yolo_pose,SM-S906U1,GPU
2026-04-22 23:17:41.706,83.500,28.318,33.272,0.598,1.889,6.723,7.891,0.075,false,20.215,LIGHT,11,0,sequential_yolo_pose,SM-S906U1,GPU
2026-04-22 23:17:41.800,82.531,27.575,33.930,0.664,1.515,5.491,7.973,0.038,false,20.305,LIGHT,11,0,sequential_yolo_pose,SM-S906U1,GPU
2026-04-22 23:17:41.901,97.208,25.416,33.139,0.852,2.243,16.022,8.167,0.066,false,20.246,LIGHT,11,0,sequential_yolo_pose,SM-S906U1,GPU
2026-04-22 23:17:41.986,79.817,25.406,34.365,0.509,1.493,5.927,7.625,0.041,false,20.305,LIGHT,12,0,sequential_yolo_pose,SM-S906U1,GPU
2026-04-22 23:17:42.069,78.806,22.781,34.096,0.807,2.961,6.605,7.566,0.045,false,20.270,LIGHT,12,0,sequential_yolo_pose,SM-S906U1,GPU
2026-04-22 23:17:42.161,87.205,27.624,34.940,0.472,1.360,8.558,8.494,0.043,false,20.277,LIGHT,12,0,sequential_yolo_pose,SM-S906U1,GPU
2026-04-22 23:17:42.247,81.210,25.563,33.954,0.754,1.599,7.643,7.665,0.056,false,20.246,LIGHT,12,0,sequential_yolo_pose,SM-S906U1,GPU
2026-04-22 23:17:42.337,85.160,27.115,37.346,0.838,1.415,6.307,7.735,0.043,false,20.313,LIGHT,12,0,sequential_yolo_pose,SM-S906U1,GPU
2026-04-22 23:17:42.432,88.197,27.741,33.297,1.096,4.899,7.339,8.103,0.061,false,20.184,LIGHT,12,0,sequential_yolo_pose,SM-S906U1,GPU
2026-04-22 23:17:42.518,80.603,24.246,35.190,0.803,1.892,6.919,7.592,0.042,false,20.242,LIGHT,12,0,sequential_yolo_pose,SM-S906U1,GPU
2026-04-22 23:17:42.610,86.803,30.435,33.501,0.490,1.735,6.510,8.203,0.060,false,20.266,LIGHT,12,0,sequential_yolo_pose,SM-S906U1,GPU
2026-04-22 23:17:42.696,80.196,26.941,32.809,0.799,1.442,6.734,7.132,0.058,false,20.234,LIGHT,12,0,sequential_yolo_pose,SM-S906U1,GPU
2026-04-22 23:17:42.795,93.687,29.455,36.978,1.360,2.667,10.551,8.377,0.045,false,20.301,LIGHT,12,0,sequential_yolo_pose,SM-S906U1,GPU
2026-04-22 23:17:42.881,81.681,23.116,33.020,0.579,1.824,8.365,10.982,0.060,false,20.328,LIGHT,12,0,sequential_yolo_pose,SM-S906U1,GPU
2026-04-22 23:17:42.967,79.386,25.112,36.436,0.465,1.431,4.632,7.364,0.039,false,20.359,LIGHT,11,0,sequential_yolo_pose,SM-S906U1,GPU
2026-04-22 23:17:43.046,74.124,19.463,34.135,0.513,1.471,5.094,8.422,0.062,false,20.266,LIGHT,11,0,sequential_yolo_pose,SM-S906U1,GPU
2026-04-22 23:17:43.127,75.896,21.113,35.947,0.465,1.486,6.513,7.311,0.041,false,20.328,LIGHT,11,0,sequential_yolo_pose,SM-S906U1,GPU
2026-04-22 23:17:43.213,81.622,25.989,34.626,0.406,1.418,6.208,8.998,0.049,false,20.266,LIGHT,11,0,sequential_yolo_pose,SM-S906U1,GPU
2026-04-22 23:17:43.293,75.409,21.682,35.314,0.348,2.579,4.867,7.681,0.036,false,20.316,LIGHT,11,0,sequential_yolo_pose,SM-S906U1,GPU
2026-04-22 23:17:43.388,90.323,24.831,34.478,0.893,1.864,8.824,15.717,0.059,false,20.332,LIGHT,11,0,sequential_yolo_pose,SM-S906U1,GPU
2026-04-22 23:17:43.469,75.425,25.628,31.486,0.477,1.215,5.180,7.494,0.045,false,20.172,LIGHT,11,0,sequential_yolo_pose,SM-S906U1,GPU
2026-04-22 23:17:43.554,79.807,21.935,33.808,1.156,1.501,5.558,8.408,0.046,false,20.266,LIGHT,11,0,sequential_yolo_pose,SM-S906U1,GPU
2026-04-22 23:17:43.636,76.907,26.439,32.674,0.541,1.122,4.704,7.535,0.072,false,20.293,LIGHT,11,0,sequential_yolo_pose,SM-S906U1,GPU
2026-04-22 23:17:43.730,89.658,29.904,37.515,0.926,2.960,6.860,7.515,0.039,false,20.301,LIGHT,11,0,sequential_yolo_pose,SM-S906U1,GPU
2026-04-22 23:17:43.813,78.746,23.907,34.963,0.661,1.543,6.132,7.746,0.054,false,20.301,LIGHT,11,0,sequential_yolo_pose,SM-S906U1,GPU
2026-04-22 23:17:43.899,80.022,26.777,33.190,0.646,1.959,6.119,7.094,0.054,false,20.234,LIGHT,11,0,sequential_yolo_pose,SM-S906U1,GPU
2026-04-22 23:17:43.984,79.618,27.292,34.519,0.504,1.070,5.245,7.166,0.053,false,20.363,LIGHT,12,0,sequential_yolo_pose,SM-S906U1,GPU
2026-04-22 23:17:44.066,78.489,26.224,33.834,0.653,1.758,4.834,7.227,0.064,false,20.199,LIGHT,12,0,sequential_yolo_pose,SM-S906U1,GPU
2026-04-22 23:17:44.161,89.331,30.836,32.864,0.586,1.685,9.443,9.551,0.051,false,20.266,LIGHT,12,0,sequential_yolo_pose,SM-S906U1,GPU
2026-04-22 23:17:44.250,85.192,28.197,35.512,0.839,1.380,7.020,8.083,0.064,false,20.172,LIGHT,12,0,sequential_yolo_pose,SM-S906U1,GPU
2026-04-22 23:17:44.334,79.318,27.035,32.693,0.623,1.547,5.675,7.564,0.059,false,20.234,LIGHT,12,0,sequential_yolo_pose,SM-S906U1,GPU
2026-04-22 23:17:44.426,85.641,29.852,35.305,0.787,1.404,5.614,8.257,0.050,false,20.270,LIGHT,12,0,sequential_yolo_pose,SM-S906U1,GPU
2026-04-22 23:17:44.521,89.245,28.116,34.412,0.898,2.267,9.062,10.245,0.045,false,20.207,LIGHT,12,0,sequential_yolo_pose,SM-S906U1,GPU
2026-04-22 23:17:44.605,79.610,28.895,31.031,0.618,1.293,6.017,7.782,0.054,false,20.203,LIGHT,12,0,sequential_yolo_pose,SM-S906U1,GPU
2026-04-22 23:17:44.699,88.138,30.471,34.785,1.200,2.020,7.262,8.414,0.033,false,20.234,LIGHT,12,0,sequential_yolo_pose,SM-S906U1,GPU
2026-04-22 23:17:44.792,89.507,32.622,33.218,0.589,1.269,10.244,7.318,0.058,false,20.203,LIGHT,12,0,sequential_yolo_pose,SM-S906U1,GPU
2026-04-22 23:17:44.886,87.389,30.358,36.447,0.734,1.711,6.515,7.490,0.057,false,20.203,LIGHT,12,0,sequential_yolo_pose,SM-S906U1,GPU
2026-04-22 23:17:44.970,80.058,26.084,33.684,0.535,2.056,6.113,7.312,0.047,false,20.352,LIGHT,11,0,sequential_yolo_pose,SM-S906U1,GPU
2026-04-22 23:17:45.061,84.307,27.214,33.949,1.074,1.355,6.331,7.760,0.042,false,20.238,LIGHT,11,0,sequential_yolo_pose,SM-S906U1,GPU
2026-04-22 23:17:45.159,94.282,29.722,35.600,0.559,1.516,11.494,11.496,0.050,false,20.297,LIGHT,11,0,sequential_yolo_pose,SM-S906U1,GPU
2026-04-22 23:17:45.250,86.447,28.456,34.118,0.658,1.198,9.561,8.670,0.046,false,20.340,LIGHT,11,0,sequential_yolo_pose,SM-S906U1,GPU
2026-04-22 23:17:45.333,79.196,24.053,34.487,0.696,1.835,6.224,7.954,0.048,false,20.332,LIGHT,11,0,sequential_yolo_pose,SM-S906U1,GPU
2026-04-22 23:17:45.423,85.028,28.053,33.022,0.620,1.531,8.060,9.773,0.064,false,20.203,LIGHT,11,0,sequential_yolo_pose,SM-S906U1,GPU
2026-04-22 23:17:45.529,100.052,34.839,36.388,1.097,2.183,9.684,10.662,0.043,false,20.301,LIGHT,11,0,sequential_yolo_pose,SM-S906U1,GPU
2026-04-22 23:17:45.615,82.069,25.673,33.974,0.609,1.293,8.546,8.077,0.038,false,20.270,LIGHT,11,0,sequential_yolo_pose,SM-S906U1,GPU
2026-04-22 23:17:45.699,80.207,27.596,33.868,0.754,1.387,5.704,7.268,0.044,false,20.301,LIGHT,11,0,sequential_yolo_pose,SM-S906U1,GPU
2026-04-22 23:17:45.794,89.363,27.866,32.238,0.807,2.223,8.877,12.005,0.043,false,20.266,LIGHT,11,0,sequential_yolo_pose,SM-S906U1,GPU
2026-04-22 23:17:45.885,86.682,29.779,33.699,0.513,1.248,6.364,7.657,0.060,false,20.203,LIGHT,11,0,sequential_yolo_pose,SM-S906U1,GPU
2026-04-22 23:17:45.987,94.532,29.563,34.678,0.665,1.517,6.393,17.990,0.054,false,20.391,LIGHT,11,0,sequential_yolo_pose,SM-S906U1,GPU
2026-04-22 23:17:46.071,79.533,27.867,33.013,0.526,1.510,4.952,7.384,0.059,false,20.258,LIGHT,11,0,sequential_yolo_pose,SM-S906U1,GPU
2026-04-22 23:17:46.164,88.226,28.080,37.777,0.733,1.566,7.299,8.915,0.047,false,20.356,LIGHT,11,0,sequential_yolo_pose,SM-S906U1,GPU
2026-04-22 23:17:46.258,88.874,28.330,32.696,0.916,1.834,9.454,11.562,0.045,false,20.266,LIGHT,11,0,sequential_yolo_pose,SM-S906U1,GPU
2026-04-22 23:17:46.343,80.446,25.730,35.046,0.462,1.413,5.036,8.788,0.044,false,20.262,LIGHT,11,0,sequential_yolo_pose,SM-S906U1,GPU
2026-04-22 23:17:46.418,70.562,20.467,32.947,0.490,1.294,5.131,7.497,0.043,false,20.328,LIGHT,11,0,sequential_yolo_pose,SM-S906U1,GPU
2026-04-22 23:17:46.501,79.387,24.202,35.363,0.742,1.322,5.984,7.911,0.043,false,20.234,LIGHT,11,0,sequential_yolo_pose,SM-S906U1,GPU
2026-04-22 23:17:46.595,88.606,31.540,33.259,0.544,1.490,7.684,7.805,0.047,false,20.266,LIGHT,11,0,sequential_yolo_pose,SM-S906U1,GPU
2026-04-22 23:17:46.690,89.178,29.435,33.551,1.004,1.726,8.201,10.804,0.146,false,20.207,LIGHT,11,0,sequential_yolo_pose,SM-S906U1,GPU
2026-04-22 23:17:46.774,78.973,28.590,32.274,0.669,1.170,4.892,7.059,0.048,false,20.293,LIGHT,11,0,sequential_yolo_pose,SM-S906U1,GPU
2026-04-22 23:17:46.856,77.697,20.999,33.665,0.676,1.440,6.175,7.259,0.109,false,20.297,LIGHT,11,0,sequential_yolo_pose,SM-S906U1,GPU
2026-04-22 23:17:46.942,81.835,26.285,34.222,0.599,1.238,5.868,9.668,0.058,false,20.234,LIGHT,11,0,sequential_yolo_pose,SM-S906U1,GPU
2026-04-22 23:17:47.038,90.580,29.374,36.438,0.920,2.137,6.892,8.211,0.060,false,20.332,LIGHT,12,0,sequential_yolo_pose,SM-S906U1,GPU
2026-04-22 23:17:47.123,78.362,20.625,34.711,0.628,3.792,7.305,7.215,0.055,false,20.301,LIGHT,12,0,sequential_yolo_pose,SM-S906U1,GPU
2026-04-22 23:17:47.207,79.611,27.887,32.756,0.451,1.347,5.005,8.193,0.049,false,20.297,LIGHT,12,0,sequential_yolo_pose,SM-S906U1,GPU
2026-04-22 23:17:47.301,87.109,26.850,37.139,0.586,1.525,6.289,8.447,0.051,false,20.277,LIGHT,12,0,sequential_yolo_pose,SM-S906U1,GPU
2026-04-22 23:17:47.393,86.675,29.129,33.500,0.757,1.828,8.411,7.582,0.048,false,20.234,LIGHT,12,0,sequential_yolo_pose,SM-S906U1,GPU
2026-04-22 23:17:47.490,93.412,31.381,36.656,0.514,1.495,11.444,7.811,0.042,false,20.297,LIGHT,12,0,sequential_yolo_pose,SM-S906U1,GPU
2026-04-22 23:17:47.580,85.207,29.184,32.707,0.556,1.549,7.518,9.581,0.052,false,20.203,LIGHT,12,0,sequential_yolo_pose,SM-S906U1,GPU
2026-04-22 23:17:47.668,81.366,25.744,36.460,0.441,1.115,5.313,8.256,0.081,false,20.398,LIGHT,12,0,sequential_yolo_pose,SM-S906U1,GPU
2026-04-22 23:17:47.748,76.782,20.425,31.948,0.500,1.302,6.851,12.097,0.053,false,20.258,LIGHT,12,0,sequential_yolo_pose,SM-S906U1,GPU
2026-04-22 23:17:47.841,87.599,29.294,33.333,0.631,1.843,8.652,9.865,0.032,false,20.328,LIGHT,12,0,sequential_yolo_pose,SM-S906U1,GPU
2026-04-22 23:17:47.929,79.756,26.042,32.757,0.553,1.841,6.715,7.072,0.031,false,20.207,LIGHT,12,0,sequential_yolo_pose,SM-S906U1,GPU
2026-04-22 23:17:48.018,85.063,28.661,35.541,0.488,1.304,6.770,8.461,0.042,false,20.383,LIGHT,11,0,sequential_yolo_pose,SM-S906U1,GPU
2026-04-22 23:17:48.099,77.340,24.617,33.622,0.543,1.409,5.549,7.866,0.046,false,20.270,LIGHT,11,0,sequential_yolo_pose,SM-S906U1,GPU
2026-04-22 23:17:48.182,77.856,26.932,35.168,0.344,0.952,3.807,6.890,0.042,false,20.297,LIGHT,11,0,sequential_yolo_pose,SM-S906U1,GPU
2026-04-22 23:17:48.268,81.455,27.243,33.352,0.716,1.751,6.522,7.947,0.067,false,20.266,LIGHT,11,0,sequential_yolo_pose,SM-S906U1,GPU
2026-04-22 23:17:48.356,81.096,22.921,32.699,0.958,2.181,7.726,7.601,0.052,false,20.320,LIGHT,11,0,sequential_yolo_pose,SM-S906U1,GPU
2026-04-22 23:17:48.432,72.287,20.487,34.388,0.562,1.306,4.778,7.126,0.041,false,14.336,LIGHT,11,0,sequential_yolo_pose,SM-S906U1,GPU
2026-04-22 23:17:48.518,81.431,26.473,34.609,0.825,1.601,6.785,7.322,0.050,false,21.590,LIGHT,11,0,sequential_yolo_pose,SM-S906U1,GPU
2026-04-22 23:17:48.607,84.774,27.610,35.372,0.814,1.488,7.551,8.149,0.037,false,38.473,LIGHT,11,0,sequential_yolo_pose,SM-S906U1,GPU
2026-04-22 23:17:48.705,89.647,27.133,38.918,0.700,1.878,7.100,9.666,0.048,false,29.797,LIGHT,11,0,sequential_yolo_pose,SM-S906U1,GPU
2026-04-22 23:17:48.795,79.706,22.549,33.687,1.190,2.451,8.899,7.375,0.041,false,29.520,LIGHT,11,0,sequential_yolo_pose,SM-S906U1,GPU
2026-04-22 23:17:48.880,81.308,27.983,34.085,0.653,1.340,5.451,7.833,0.045,false,21.582,LIGHT,11,0,sequential_yolo_pose,SM-S906U1,GPU
2026-04-22 23:17:48.966,81.257,24.438,32.702,0.877,1.760,7.992,9.301,0.039,false,38.465,LIGHT,11,0,sequential_yolo_pose,SM-S906U1,GPU
2026-04-22 23:17:49.066,94.893,37.107,35.252,0.743,1.723,6.030,7.666,0.045,false,29.781,LIGHT,12,0,sequential_yolo_pose,SM-S906U1,GPU
2026-04-22 23:17:49.147,77.620,25.713,32.436,0.788,1.420,5.093,7.647,0.044,false,20.207,LIGHT,12,0,sequential_yolo_pose,SM-S906U1,GPU
2026-04-22 23:17:49.223,71.581,20.395,33.128,0.580,1.379,5.799,7.431,0.048,false,20.359,LIGHT,12,0,sequential_yolo_pose,SM-S906U1,GPU
2026-04-22 23:17:49.312,85.587,31.568,32.994,0.576,1.443,7.416,7.722,0.208,false,20.203,LIGHT,12,0,sequential_yolo_pose,SM-S906U1,GPU
2026-04-22 23:17:49.395,77.795,23.911,34.737,0.518,1.432,6.088,7.121,0.044,false,20.172,LIGHT,12,0,sequential_yolo_pose,SM-S906U1,GPU
2026-04-22 23:17:49.482,82.503,28.255,34.021,0.593,1.292,5.258,9.114,0.044,false,20.258,LIGHT,12,0,sequential_yolo_pose,SM-S906U1,GPU
2026-04-22 23:17:49.560,74.834,20.718,33.993,0.598,1.308,6.925,7.088,0.065,false,20.297,LIGHT,12,0,sequential_yolo_pose,SM-S906U1,GPU
2026-04-22 23:17:49.657,92.671,37.850,32.880,0.663,1.575,7.967,7.848,0.040,false,20.297,LIGHT,12,0,sequential_yolo_pose,SM-S906U1,GPU
2026-04-22 23:17:49.745,84.331,28.079,33.655,0.582,1.666,7.163,9.355,0.048,false,20.266,LIGHT,12,0,sequential_yolo_pose,SM-S906U1,GPU
2026-04-22 23:17:49.832,78.406,26.948,31.656,0.600,1.501,6.378,7.393,0.054,false,20.203,LIGHT,12,0,sequential_yolo_pose,SM-S906U1,GPU
2026-04-22 23:17:49.915,77.024,24.840,34.178,0.393,0.914,5.654,6.784,0.038,false,20.270,LIGHT,12,0,sequential_yolo_pose,SM-S906U1,GPU
2026-04-22 23:17:49.993,73.081,23.273,34.137,0.428,0.931,4.526,6.865,0.041,false,20.289,LIGHT,12,0,sequential_yolo_pose,SM-S906U1,GPU
2026-04-22 23:17:50.071,74.092,21.643,34.012,0.524,1.263,5.029,8.660,0.038,false,20.305,LIGHT,12,0,sequential_yolo_pose,SM-S906U1,GPU
2026-04-22 23:17:50.150,75.444,22.527,34.025,0.477,1.790,3.686,7.237,0.038,false,20.246,LIGHT,12,0,sequential_yolo_pose,SM-S906U1,GPU
2026-04-22 23:17:50.234,80.641,24.663,37.145,0.478,3.379,4.478,7.635,0.037,false,20.234,LIGHT,12,0,sequential_yolo_pose,SM-S906U1,GPU
2026-04-22 23:17:50.311,71.652,21.117,32.844,0.487,1.009,4.173,7.152,0.058,false,20.289,LIGHT,12,0,sequential_yolo_pose,SM-S906U1,GPU
2026-04-22 23:17:50.392,74.910,21.846,34.998,0.583,1.340,5.108,7.647,0.038,false,20.297,LIGHT,12,0,sequential_yolo_pose,SM-S906U1,GPU
2026-04-22 23:17:50.478,82.676,27.041,35.305,0.468,1.148,5.534,10.265,0.045,false,20.297,LIGHT,12,0,sequential_yolo_pose,SM-S906U1,GPU
2026-04-22 23:17:50.560,75.468,20.865,36.758,0.706,1.312,5.254,7.248,0.032,false,20.172,LIGHT,12,0,sequential_yolo_pose,SM-S906U1,GPU
2026-04-22 23:17:50.644,79.219,24.004,33.287,0.620,1.400,6.250,9.861,0.040,false,20.328,LIGHT,12,0,sequential_yolo_pose,SM-S906U1,GPU
2026-04-22 23:17:50.727,75.011,21.437,33.726,0.653,2.081,6.793,7.111,0.039,false,20.266,LIGHT,12,0,sequential_yolo_pose,SM-S906U1,GPU
2026-04-22 23:17:50.806,74.826,24.559,32.828,0.446,1.033,3.799,8.958,0.029,false,20.297,LIGHT,12,0,sequential_yolo_pose,SM-S906U1,GPU
2026-04-22 23:17:50.883,67.863,17.037,33.377,0.435,1.107,4.954,8.401,0.029,false,20.203,LIGHT,12,0,sequential_yolo_pose,SM-S906U1,GPU
2026-04-22 23:17:50.946,59.208,23.074,33.001,0.229,0.000,0.000,0.000,0.000,true,16.961,LIGHT,12,0,sequential_yolo_pose,SM-S906U1,GPU
2026-04-22 23:17:51.033,81.248,25.133,35.560,0.712,1.572,6.483,7.350,0.043,false,34.000,LIGHT,12,0,sequential_yolo_pose,SM-S906U1,GPU
2026-04-22 23:17:51.126,86.182,27.302,34.632,0.621,1.202,10.268,8.859,0.044,false,20.438,LIGHT,12,0,sequential_yolo_pose,SM-S906U1,GPU
2026-04-22 23:17:51.212,81.607,23.884,34.434,0.843,1.949,4.958,12.111,0.176,false,20.301,LIGHT,12,0,sequential_yolo_pose,SM-S906U1,GPU
2026-04-22 23:17:51.300,81.791,27.807,34.665,0.678,1.744,5.471,7.442,0.040,false,20.266,LIGHT,12,0,sequential_yolo_pose,SM-S906U1,GPU
2026-04-22 23:17:51.384,79.978,27.806,34.133,0.730,1.520,4.006,7.592,0.043,false,20.242,LIGHT,12,0,sequential_yolo_pose,SM-S906U1,GPU
2026-04-22 23:17:51.454,64.163,27.215,33.260,0.220,0.000,0.000,0.000,0.000,true,16.910,LIGHT,12,0,sequential_yolo_pose,SM-S906U1,GPU
2026-04-22 23:17:51.528,69.547,29.890,35.194,0.283,0.000,0.000,0.000,0.000,true,30.555,LIGHT,12,0,sequential_yolo_pose,SM-S906U1,GPU
2026-04-22 23:17:51.611,76.576,35.597,35.888,0.429,0.000,0.000,0.000,0.000,true,18.105,LIGHT,12,0,sequential_yolo_pose,SM-S906U1,GPU
2026-04-22 23:17:51.693,73.221,34.203,34.681,0.253,0.000,0.000,0.000,0.000,true,31.688,LIGHT,12,0,sequential_yolo_pose,SM-S906U1,GPU
2026-04-22 23:17:51.776,79.064,34.652,37.783,0.224,0.000,0.000,0.000,0.000,true,13.477,LIGHT,12,0,sequential_yolo_pose,SM-S906U1,GPU
2026-04-22 23:17:51.852,70.726,31.172,33.000,0.244,0.000,0.000,0.000,0.000,true,16.836,LIGHT,12,0,sequential_yolo_pose,SM-S906U1,GPU
2026-04-22 23:17:51.924,66.430,27.816,34.556,0.316,0.000,0.000,0.000,0.000,true,30.512,LIGHT,12,0,sequential_yolo_pose,SM-S906U1,GPU
2026-04-22 23:17:52.005,75.412,34.627,36.173,0.754,0.000,0.000,0.000,0.000,true,13.477,LIGHT,12,0,sequential_yolo_pose,SM-S906U1,GPU
2026-04-22 23:17:52.100,88.615,27.562,37.477,0.813,1.515,6.555,7.991,0.062,false,20.199,LIGHT,12,0,sequential_yolo_pose,SM-S906U1,GPU
2026-04-22 23:17:52.188,82.903,26.367,33.973,0.778,1.472,6.069,8.242,0.034,false,20.328,LIGHT,12,0,sequential_yolo_pose,SM-S906U1,GPU
2026-04-22 23:17:52.272,79.255,26.676,32.271,1.014,1.508,6.161,7.556,0.033,false,20.172,LIGHT,12,0,sequential_yolo_pose,SM-S906U1,GPU
2026-04-22 23:17:52.360,82.712,25.982,34.736,1.049,1.920,6.784,7.641,0.082,false,20.234,LIGHT,12,0,sequential_yolo_pose,SM-S906U1,GPU
2026-04-22 23:17:52.454,89.226,28.892,33.492,0.621,1.923,10.937,9.205,0.049,false,20.328,LIGHT,12,0,sequential_yolo_pose,SM-S906U1,GPU
2026-04-22 23:17:52.549,88.635,28.425,34.407,0.633,1.988,8.018,10.544,0.039,false,20.324,LIGHT,12,0,sequential_yolo_pose,SM-S906U1,GPU
2026-04-22 23:17:52.636,79.398,27.596,33.438,0.602,1.127,5.205,7.205,0.059,false,20.195,LIGHT,12,0,sequential_yolo_pose,SM-S906U1,GPU
2026-04-22 23:17:52.731,88.876,24.356,36.112,1.200,6.087,9.304,7.420,0.050,false,20.266,LIGHT,12,0,sequential_yolo_pose,SM-S906U1,GPU
2026-04-22 23:17:52.871,133.840,81.891,32.932,0.620,1.356,4.947,7.359,0.051,false,20.234,LIGHT,12,0,sequential_yolo_pose,SM-S906U1,GPU
2026-04-22 23:17:52.966,86.039,30.210,32.443,0.650,1.443,6.399,7.986,0.050,false,20.297,LIGHT,12,0,sequential_yolo_pose,SM-S906U1,GPU
2026-04-22 23:17:53.049,70.293,20.104,31.945,0.507,1.231,5.194,8.638,0.046,false,20.363,LIGHT,11,0,sequential_yolo_pose,SM-S906U1,GPU
2026-04-22 23:17:53.132,78.624,27.070,33.624,0.547,1.277,4.877,7.337,0.061,false,20.203,LIGHT,11,0,sequential_yolo_pose,SM-S906U1,GPU
2026-04-22 23:17:53.224,87.952,26.460,34.912,0.934,2.254,11.733,7.789,0.049,false,20.234,LIGHT,11,0,sequential_yolo_pose,SM-S906U1,GPU
2026-04-22 23:17:53.321,90.433,32.039,34.806,0.964,1.370,6.710,9.634,0.049,false,20.238,LIGHT,11,0,sequential_yolo_pose,SM-S906U1,GPU
2026-04-22 23:17:53.404,78.794,25.817,33.955,0.576,1.301,5.543,7.455,0.058,false,20.234,LIGHT,11,0,sequential_yolo_pose,SM-S906U1,GPU
2026-04-22 23:17:53.494,81.745,26.763,34.043,0.484,1.396,6.183,8.714,0.038,false,20.266,LIGHT,11,0,sequential_yolo_pose,SM-S906U1,GPU
2026-04-22 23:17:53.591,92.957,31.959,32.899,0.613,1.518,11.838,10.318,0.051,false,20.266,LIGHT,11,0,sequential_yolo_pose,SM-S906U1,GPU
2026-04-22 23:17:53.685,89.542,30.027,33.885,0.643,1.654,7.616,11.749,0.045,false,20.332,LIGHT,11,0,sequential_yolo_pose,SM-S906U1,GPU
2026-04-22 23:17:53.772,82.590,27.918,31.896,1.081,1.729,6.589,9.214,0.047,false,20.234,LIGHT,11,0,sequential_yolo_pose,SM-S906U1,GPU
2026-04-22 23:17:53.859,79.762,22.563,36.569,1.353,1.400,6.313,7.786,0.045,false,20.289,LIGHT,11,0,sequential_yolo_pose,SM-S906U1,GPU
2026-04-22 23:17:53.947,83.173,27.772,35.612,0.597,1.235,5.529,8.463,0.068,false,20.266,LIGHT,11,0,sequential_yolo_pose,SM-S906U1,GPU
2026-04-22 23:17:54.034,80.382,21.994,38.781,0.659,1.464,6.006,8.408,0.046,false,20.488,LIGHT,11,0,sequential_yolo_pose,SM-S906U1,GPU
2026-04-22 23:17:54.130,91.195,26.785,38.346,1.072,1.760,9.734,9.601,0.052,false,20.270,LIGHT,11,0,sequential_yolo_pose,SM-S906U1,GPU
2026-04-22 23:17:54.219,84.510,25.991,37.464,0.761,1.578,5.648,8.575,0.068,false,20.234,LIGHT,11,0,sequential_yolo_pose,SM-S906U1,GPU
2026-04-22 23:17:54.321,96.525,28.708,38.796,0.756,1.771,6.756,15.499,0.051,false,20.297,LIGHT,11,0,sequential_yolo_pose,SM-S906U1,GPU
2026-04-22 23:17:54.400,71.430,28.186,39.166,0.243,0.000,0.000,0.000,0.000,true,16.871,LIGHT,11,0,sequential_yolo_pose,SM-S906U1,GPU
2026-04-22 23:17:54.502,92.497,27.910,38.183,0.568,4.153,7.518,8.435,0.037,false,33.942,LIGHT,11,0,sequential_yolo_pose,SM-S906U1,GPU
2026-04-22 23:17:54.607,89.076,28.509,37.390,0.759,1.714,6.486,9.751,0.057,false,20.234,LIGHT,11,0,sequential_yolo_pose,SM-S906U1,GPU
2026-04-22 23:17:54.708,93.575,30.188,40.116,0.650,1.489,5.618,9.621,0.048,false,20.332,LIGHT,11,0,sequential_yolo_pose,SM-S906U1,GPU
2026-04-22 23:17:54.803,84.074,25.817,38.289,0.578,1.371,5.132,8.594,0.048,false,20.328,LIGHT,11,0,sequential_yolo_pose,SM-S906U1,GPU
2026-04-22 23:17:54.892,84.973,23.276,38.242,0.829,1.811,8.069,8.729,0.063,false,20.203,LIGHT,11,0,sequential_yolo_pose,SM-S906U1,GPU
2026-04-22 23:17:54.985,87.581,31.178,39.056,0.445,0.825,3.857,7.346,0.054,false,20.207,LIGHT,11,0,sequential_yolo_pose,SM-S906U1,GPU
2026-04-22 23:17:55.074,85.616,27.913,38.216,0.661,1.232,5.456,8.435,0.037,false,20.332,LIGHT,11,0,sequential_yolo_pose,SM-S906U1,GPU
2026-04-22 23:17:55.168,89.035,27.419,41.094,1.062,1.256,5.090,9.061,0.030,false,20.238,LIGHT,11,0,sequential_yolo_pose,SM-S906U1,GPU
2026-04-22 23:17:55.263,90.578,24.927,40.472,0.955,2.237,7.660,8.304,0.073,false,20.234,LIGHT,11,0,sequential_yolo_pose,SM-S906U1,GPU
2026-04-22 23:17:55.356,88.164,26.342,38.925,0.739,1.834,6.626,8.299,0.067,false,20.238,LIGHT,11,0,sequential_yolo_pose,SM-S906U1,GPU
2026-04-22 23:17:55.455,94.503,26.589,39.252,0.712,1.966,7.244,14.708,0.058,false,20.234,LIGHT,11,0,sequential_yolo_pose,SM-S906U1,GPU
2026-04-22 23:17:55.554,93.840,25.884,41.044,0.669,1.520,8.343,11.758,0.056,false,20.266,LIGHT,11,0,sequential_yolo_pose,SM-S906U1,GPU
2026-04-22 23:17:55.647,88.519,26.719,41.347,0.654,1.528,5.349,8.657,0.051,false,20.328,LIGHT,11,0,sequential_yolo_pose,SM-S906U1,GPU
2026-04-22 23:17:55.737,84.505,25.890,38.826,0.541,1.482,6.178,7.815,0.041,false,20.328,LIGHT,11,0,sequential_yolo_pose,SM-S906U1,GPU
2026-04-22 23:17:55.840,96.511,27.967,41.046,1.081,2.823,8.721,9.946,0.049,false,20.297,LIGHT,11,0,sequential_yolo_pose,SM-S906U1,GPU
2026-04-22 23:17:55.941,88.269,23.965,40.380,0.784,1.920,8.019,9.202,0.053,false,20.297,LIGHT,11,0,sequential_yolo_pose,SM-S906U1,GPU
2026-04-22 23:17:56.038,88.441,26.034,38.872,0.659,1.465,6.005,10.025,0.053,false,20.332,LIGHT,11,0,sequential_yolo_pose,SM-S906U1,GPU
2026-04-22 23:17:56.134,88.508,27.543,40.086,0.738,1.604,5.514,8.249,0.048,false,20.270,LIGHT,10,0,sequential_yolo_pose,SM-S906U1,GPU
2026-04-22 23:17:56.230,90.691,28.077,39.408,0.610,1.536,7.900,8.893,0.046,false,20.270,LIGHT,10,0,sequential_yolo_pose,SM-S906U1,GPU
2026-04-22 23:17:56.332,97.379,27.473,38.982,1.537,6.205,10.007,8.666,0.055,false,20.270,LIGHT,10,0,sequential_yolo_pose,SM-S906U1,GPU
2026-04-22 23:17:56.426,88.584,25.554,38.503,1.116,2.917,6.505,9.690,0.045,false,20.301,LIGHT,10,0,sequential_yolo_pose,SM-S906U1,GPU
2026-04-22 23:17:56.517,86.041,26.194,36.210,0.901,2.578,6.716,9.473,0.047,false,20.418,LIGHT,10,0,sequential_yolo_pose,SM-S906U1,GPU
2026-04-22 23:17:56.610,88.639,29.371,36.180,0.666,1.926,7.801,8.531,0.067,false,20.266,LIGHT,10,0,sequential_yolo_pose,SM-S906U1,GPU
2026-04-22 23:17:56.706,91.983,24.688,46.152,0.556,1.281,5.174,9.196,0.039,false,20.332,LIGHT,10,0,sequential_yolo_pose,SM-S906U1,GPU
2026-04-22 23:17:56.794,81.761,20.184,40.036,1.122,1.578,7.173,8.688,0.051,false,20.238,LIGHT,10,0,sequential_yolo_pose,SM-S906U1,GPU
2026-04-22 23:17:56.890,91.955,26.845,40.982,0.873,2.185,6.871,10.134,0.053,false,20.422,LIGHT,10,0,sequential_yolo_pose,SM-S906U1,GPU
2026-04-22 23:17:56.988,94.316,26.791,38.562,1.281,2.950,10.399,10.351,0.049,false,20.328,LIGHT,10,0,sequential_yolo_pose,SM-S906U1,GPU
2026-04-22 23:17:57.069,75.909,21.294,37.086,0.602,1.459,4.910,7.660,0.049,false,20.270,LIGHT,11,0,sequential_yolo_pose,SM-S906U1,GPU
2026-04-22 23:17:57.160,87.190,25.999,40.211,1.183,1.494,5.464,8.621,0.057,false,20.207,LIGHT,11,0,sequential_yolo_pose,SM-S906U1,GPU
2026-04-22 23:17:57.261,96.845,31.101,41.879,0.971,2.285,7.830,8.499,0.048,false,20.238,LIGHT,11,0,sequential_yolo_pose,SM-S906U1,GPU
2026-04-22 23:17:57.355,89.119,26.772,37.190,0.898,2.130,7.363,10.568,0.067,false,20.289,LIGHT,11,0,sequential_yolo_pose,SM-S906U1,GPU
2026-04-22 23:17:57.455,94.027,26.025,39.756,0.890,2.393,8.342,12.339,0.057,false,20.297,LIGHT,11,0,sequential_yolo_pose,SM-S906U1,GPU
2026-04-22 23:17:57.569,107.054,28.921,38.191,0.821,1.830,10.952,22.162,0.056,false,20.359,LIGHT,11,0,sequential_yolo_pose,SM-S906U1,GPU
2026-04-22 23:17:57.673,97.941,28.009,41.205,2.709,2.166,9.483,9.212,0.041,false,20.328,LIGHT,11,0,sequential_yolo_pose,SM-S906U1,GPU
2026-04-22 23:17:57.770,89.219,27.783,41.021,0.623,1.567,5.676,8.462,0.052,false,20.297,LIGHT,11,0,sequential_yolo_pose,SM-S906U1,GPU
2026-04-22 23:17:57.869,90.583,27.816,40.103,1.060,2.649,6.753,7.743,0.051,false,20.297,LIGHT,11,0,sequential_yolo_pose,SM-S906U1,GPU
2026-04-22 23:17:57.966,91.845,24.405,39.765,1.311,2.596,8.448,8.645,0.075,false,20.207,LIGHT,11,0,sequential_yolo_pose,SM-S906U1,GPU
2026-04-22 23:17:58.068,96.503,26.904,43.025,2.406,2.123,6.656,8.667,0.047,false,20.270,LIGHT,10,0,sequential_yolo_pose,SM-S906U1,GPU
2026-04-22 23:17:58.166,94.449,27.953,40.913,1.093,2.313,9.557,8.519,0.048,false,20.207,LIGHT,10,0,sequential_yolo_pose,SM-S906U1,GPU
2026-04-22 23:17:58.262,89.975,21.085,40.432,0.830,1.786,14.677,7.847,0.052,false,20.352,LIGHT,10,0,sequential_yolo_pose,SM-S906U1,GPU
2026-04-22 23:17:58.368,100.056,26.755,41.480,1.275,8.888,7.407,10.248,0.048,false,20.348,LIGHT,10,0,sequential_yolo_pose,SM-S906U1,GPU
2026-04-22 23:17:58.458,86.421,25.143,40.343,1.183,1.308,5.155,8.949,0.062,false,20.301,LIGHT,10,0,sequential_yolo_pose,SM-S906U1,GPU
2026-04-22 23:17:58.552,88.869,27.419,38.998,0.581,1.511,5.812,10.445,0.052,false,20.270,LIGHT,10,0,sequential_yolo_pose,SM-S906U1,GPU
2026-04-22 23:17:58.652,95.966,27.599,37.840,1.013,2.055,9.121,14.384,0.042,false,20.297,LIGHT,10,0,sequential_yolo_pose,SM-S906U1,GPU
2026-04-22 23:17:58.741,85.250,26.245,38.097,0.797,1.507,6.278,8.328,0.049,false,20.301,LIGHT,10,0,sequential_yolo_pose,SM-S906U1,GPU
2026-04-22 23:17:58.838,89.012,27.754,41.620,0.645,1.425,4.944,8.425,0.052,false,20.297,LIGHT,10,0,sequential_yolo_pose,SM-S906U1,GPU
2026-04-22 23:17:58.938,92.072,28.513,39.113,0.974,2.029,8.241,8.934,0.048,false,20.297,LIGHT,10,0,sequential_yolo_pose,SM-S906U1,GPU
2026-04-22 23:17:59.035,86.337,21.983,40.706,0.898,1.741,7.242,8.801,0.071,false,20.238,LIGHT,10,0,sequential_yolo_pose,SM-S906U1,GPU
2026-04-22 23:17:59.131,87.946,24.925,40.176,0.680,1.369,5.306,8.029,0.046,false,20.270,LIGHT,11,0,sequential_yolo_pose,SM-S906U1,GPU
2026-04-22 23:17:59.233,93.287,29.858,42.331,0.492,1.564,6.595,8.260,0.042,false,20.270,LIGHT,11,0,sequential_yolo_pose,SM-S906U1,GPU
2026-04-22 23:17:59.327,90.340,25.098,39.515,0.782,2.272,9.779,8.279,0.072,false,20.277,LIGHT,11,0,sequential_yolo_pose,SM-S906U1,GPU
2026-04-22 23:17:59.422,89.281,31.117,37.187,0.506,1.788,5.392,8.625,0.025,false,20.203,LIGHT,11,0,sequential_yolo_pose,SM-S906U1,GPU
2026-04-22 23:17:59.511,86.014,26.628,38.643,0.442,1.502,5.979,8.925,0.038,false,20.266,LIGHT,11,0,sequential_yolo_pose,SM-S906U1,GPU
2026-04-22 23:17:59.599,82.479,21.202,39.845,0.750,1.333,7.221,8.310,0.050,false,20.289,LIGHT,11,0,sequential_yolo_pose,SM-S906U1,GPU
2026-04-22 23:17:59.697,90.989,31.230,38.416,0.540,1.225,4.895,8.049,0.059,false,20.203,LIGHT,11,0,sequential_yolo_pose,SM-S906U1,GPU
2026-04-22 23:17:59.798,96.282,30.953,40.183,0.834,1.802,8.863,8.044,0.045,false,20.297,LIGHT,11,0,sequential_yolo_pose,SM-S906U1,GPU
2026-04-22 23:17:59.899,97.080,28.269,38.481,0.865,5.873,11.067,8.513,0.043,false,20.266,LIGHT,11,0,sequential_yolo_pose,SM-S906U1,GPU
2026-04-22 23:18:00.000,96.417,26.577,38.674,1.126,5.484,11.399,8.998,0.096,false,20.324,LIGHT,11,0,sequential_yolo_pose,SM-S906U1,GPU
2026-04-22 23:18:00.098,89.044,30.934,39.650,0.610,1.172,4.878,7.642,0.047,false,20.297,LIGHT,10,0,sequential_yolo_pose,SM-S906U1,GPU
2026-04-22 23:18:00.197,94.087,27.588,38.866,0.700,1.958,9.320,11.555,0.051,false,20.297,LIGHT,10,0,sequential_yolo_pose,SM-S906U1,GPU
2026-04-22 23:18:00.300,99.580,30.406,37.579,1.453,5.875,11.096,9.032,0.055,false,20.328,LIGHT,10,0,sequential_yolo_pose,SM-S906U1,GPU
2026-04-22 23:18:00.392,87.559,25.078,38.452,1.126,1.356,5.877,8.600,0.054,false,20.285,LIGHT,10,0,sequential_yolo_pose,SM-S906U1,GPU
2026-04-22 23:18:00.492,95.949,34.663,39.856,0.639,1.656,5.939,8.435,0.049,false,20.234,LIGHT,10,0,sequential_yolo_pose,SM-S906U1,GPU
2026-04-22 23:18:00.586,90.595,27.903,39.789,0.679,2.170,7.291,8.713,0.045,false,20.207,LIGHT,10,0,sequential_yolo_pose,SM-S906U1,GPU
2026-04-22 23:18:00.680,89.967,25.965,39.641,0.559,1.564,6.071,12.128,0.043,false,20.309,LIGHT,10,0,sequential_yolo_pose,SM-S906U1,GPU
2026-04-22 23:18:00.771,86.297,27.341,36.585,0.846,1.680,7.134,8.517,0.046,false,20.234,LIGHT,10,0,sequential_yolo_pose,SM-S906U1,GPU
2026-04-22 23:18:00.870,91.401,28.585,40.066,0.707,1.652,6.519,8.263,0.047,false,20.203,LIGHT,10,0,sequential_yolo_pose,SM-S906U1,GPU
2026-04-22 23:18:00.945,71.509,28.872,38.261,0.575,0.000,0.000,0.000,0.000,true,16.875,LIGHT,10,0,sequential_yolo_pose,SM-S906U1,GPU
2026-04-22 23:18:01.024,71.784,29.377,37.066,0.681,0.000,0.000,0.000,0.000,true,30.582,LIGHT,10,0,sequential_yolo_pose,SM-S906U1,GPU
2026-04-22 23:18:01.134,105.118,38.918,43.669,0.624,1.454,5.342,8.461,0.059,false,22.109,LIGHT,11,0,sequential_yolo_pose,SM-S906U1,GPU
2026-04-22 23:18:01.228,88.573,25.988,38.392,1.066,4.309,5.319,9.154,0.049,false,38.992,LIGHT,11,0,sequential_yolo_pose,SM-S906U1,GPU
2026-04-22 23:18:01.327,95.413,29.976,37.978,0.941,2.229,9.805,9.727,0.065,false,29.746,LIGHT,11,0,sequential_yolo_pose,SM-S906U1,GPU
2026-04-22 23:18:01.424,92.688,30.805,37.408,0.861,1.910,8.996,8.475,0.062,false,17.207,LIGHT,11,0,sequential_yolo_pose,SM-S906U1,GPU
2026-04-22 23:18:01.520,92.337,27.998,37.318,0.872,1.724,7.237,13.004,0.118,false,20.297,LIGHT,11,0,sequential_yolo_pose,SM-S906U1,GPU
2026-04-22 23:18:01.612,85.559,25.430,39.232,0.479,1.337,5.142,9.896,0.048,false,20.320,LIGHT,11,0,sequential_yolo_pose,SM-S906U1,GPU
2026-04-22 23:18:01.705,88.290,25.072,41.540,0.620,1.433,6.479,8.075,0.037,false,20.203,LIGHT,11,0,sequential_yolo_pose,SM-S906U1,GPU
2026-04-22 23:18:01.789,81.266,21.667,39.357,0.784,1.277,6.610,8.699,0.056,false,20.203,LIGHT,11,0,sequential_yolo_pose,SM-S906U1,GPU
2026-04-22 23:18:01.887,93.523,26.058,39.470,0.680,1.839,7.056,14.501,0.060,false,20.266,LIGHT,11,0,sequential_yolo_pose,SM-S906U1,GPU
2026-04-22 23:18:01.985,92.572,27.525,38.023,0.552,1.299,5.220,16.151,0.045,false,20.297,LIGHT,11,0,sequential_yolo_pose,SM-S906U1,GPU
2026-04-22 23:18:02.075,86.852,24.584,39.677,0.688,1.648,6.491,9.338,0.064,false,20.266,LIGHT,11,0,sequential_yolo_pose,SM-S906U1,GPU
2026-04-22 23:18:02.162,80.349,23.623,40.520,0.455,0.865,3.703,7.932,0.041,false,20.301,LIGHT,11,0,sequential_yolo_pose,SM-S906U1,GPU
2026-04-22 23:18:02.258,92.359,29.095,36.969,0.855,1.958,10.852,8.737,0.050,false,20.266,LIGHT,11,0,sequential_yolo_pose,SM-S906U1,GPU
2026-04-22 23:18:02.363,98.053,30.833,39.645,1.290,2.660,10.179,8.988,0.046,false,20.270,LIGHT,11,0,sequential_yolo_pose,SM-S906U1,GPU
2026-04-22 23:18:02.458,89.886,29.985,38.941,0.865,1.399,6.181,7.981,0.047,false,20.234,LIGHT,11,0,sequential_yolo_pose,SM-S906U1,GPU
2026-04-22 23:18:02.553,89.861,28.746,38.037,0.868,1.630,7.639,8.879,0.038,false,20.328,LIGHT,11,0,sequential_yolo_pose,SM-S906U1,GPU
2026-04-22 23:18:02.643,85.082,26.305,37.080,0.684,1.756,6.483,8.707,0.052,false,20.289,LIGHT,11,0,sequential_yolo_pose,SM-S906U1,GPU
2026-04-22 23:18:02.733,83.489,25.346,38.733,0.892,1.331,5.283,7.894,0.046,false,20.297,LIGHT,11,0,sequential_yolo_pose,SM-S906U1,GPU
2026-04-22 23:18:02.826,87.193,21.162,37.174,1.111,2.874,12.732,8.986,0.044,false,20.332,LIGHT,11,0,sequential_yolo_pose,SM-S906U1,GPU
2026-04-22 23:18:02.921,90.671,26.487,38.263,1.103,2.291,8.282,10.216,0.047,false,20.363,LIGHT,11,0,sequential_yolo_pose,SM-S906U1,GPU
2026-04-22 23:18:03.019,91.715,27.829,37.338,0.896,1.992,8.627,10.721,0.053,false,20.402,LIGHT,11,0,sequential_yolo_pose,SM-S906U1,GPU
2026-04-22 23:18:03.112,88.343,27.342,40.369,0.569,1.403,5.008,9.558,0.061,false,20.359,LIGHT,11,0,sequential_yolo_pose,SM-S906U1,GPU
2026-04-22 23:18:03.205,83.852,25.612,38.727,0.533,1.324,5.248,8.192,0.058,false,20.234,LIGHT,11,0,sequential_yolo_pose,SM-S906U1,GPU
2026-04-22 23:18:03.302,90.713,29.117,37.855,0.804,2.537,6.873,9.405,0.047,false,20.266,LIGHT,11,0,sequential_yolo_pose,SM-S906U1,GPU
2026-04-22 23:18:03.398,90.120,28.125,37.136,0.992,2.276,8.439,8.737,0.046,false,20.266,LIGHT,11,0,sequential_yolo_pose,SM-S906U1,GPU
2026-04-22 23:18:03.495,93.412,30.560,39.004,1.088,1.611,7.983,8.451,0.066,false,20.266,LIGHT,11,0,sequential_yolo_pose,SM-S906U1,GPU
2026-04-22 23:18:03.594,94.716,28.353,38.664,1.173,3.558,10.782,8.393,0.047,false,20.270,LIGHT,11,0,sequential_yolo_pose,SM-S906U1,GPU
2026-04-22 23:18:03.686,87.577,27.684,36.792,0.818,1.729,6.779,9.364,0.050,false,20.301,LIGHT,11,0,sequential_yolo_pose,SM-S906U1,GPU
2026-04-22 23:18:03.782,92.083,28.300,37.252,1.051,2.382,9.332,9.231,0.052,false,20.266,LIGHT,11,0,sequential_yolo_pose,SM-S906U1,GPU
2026-04-22 23:18:03.872,83.484,22.858,38.015,0.724,2.541,6.413,8.724,0.062,false,20.359,LIGHT,11,0,sequential_yolo_pose,SM-S906U1,GPU
2026-04-22 23:18:03.966,85.448,27.633,36.919,0.538,1.264,6.319,8.420,0.047,false,20.297,LIGHT,11,0,sequential_yolo_pose,SM-S906U1,GPU
2026-04-22 23:18:04.060,89.672,26.554,42.380,0.589,1.433,6.270,8.343,0.048,false,20.207,LIGHT,11,0,sequential_yolo_pose,SM-S906U1,GPU
2026-04-22 23:18:04.154,89.833,27.451,37.831,0.563,1.440,5.916,12.808,0.051,false,20.395,LIGHT,10,0,sequential_yolo_pose,SM-S906U1,GPU
2026-04-22 23:18:04.241,82.172,27.094,37.324,0.447,0.892,3.603,8.936,0.035,false,20.234,LIGHT,10,0,sequential_yolo_pose,SM-S906U1,GPU
2026-04-22 23:18:04.330,85.343,20.812,39.545,1.255,2.618,9.941,7.878,0.044,false,20.301,LIGHT,10,0,sequential_yolo_pose,SM-S906U1,GPU
2026-04-22 23:18:04.408,73.446,28.558,40.064,0.484,0.000,0.000,0.000,0.000,true,16.812,LIGHT,10,0,sequential_yolo_pose,SM-S906U1,GPU
2026-04-22 23:18:04.493,75.041,31.705,37.051,0.275,0.000,0.000,0.000,0.000,true,30.551,LIGHT,10,0,sequential_yolo_pose,SM-S906U1,GPU
2026-04-22 23:18:04.583,84.741,36.798,41.408,0.319,0.000,0.000,0.000,0.000,true,18.633,LIGHT,10,0,sequential_yolo_pose,SM-S906U1,GPU
2026-04-22 23:18:04.688,99.463,33.623,39.006,0.564,1.510,6.699,12.206,0.085,false,35.516,LIGHT,10,0,sequential_yolo_pose,SM-S906U1,GPU
2026-04-22 23:18:04.763,70.349,29.687,36.198,0.447,0.000,0.000,0.000,0.000,true,18.539,LIGHT,10,0,sequential_yolo_pose,SM-S906U1,GPU
2026-04-22 23:18:04.871,102.635,32.527,38.270,2.075,2.060,8.465,9.671,0.065,false,35.547,LIGHT,10,0,sequential_yolo_pose,SM-S906U1,GPU
2026-04-22 23:18:04.973,92.937,31.284,37.402,0.673,1.725,7.244,9.748,0.058,false,21.957,LIGHT,10,0,sequential_yolo_pose,SM-S906U1,GPU
2026-04-22 23:18:05.070,88.704,21.932,38.657,0.831,3.213,7.616,10.581,0.049,false,38.809,LIGHT,10,0,sequential_yolo_pose,SM-S906U1,GPU
2026-04-22 23:18:05.168,89.938,24.310,39.123,1.143,3.337,6.031,8.923,0.044,false,29.840,LIGHT,11,0,sequential_yolo_pose,SM-S906U1,GPU
2026-04-22 23:18:05.254,81.899,24.713,38.248,0.512,1.808,5.226,7.529,0.058,false,16.910,LIGHT,11,0,sequential_yolo_pose,SM-S906U1,GPU
2026-04-22 23:18:05.346,86.969,26.876,38.479,0.875,1.601,5.826,9.400,0.035,false,20.234,LIGHT,11,0,sequential_yolo_pose,SM-S906U1,GPU
2026-04-22 23:18:05.437,86.204,26.950,37.995,0.965,1.904,5.931,8.357,0.046,false,20.328,LIGHT,11,0,sequential_yolo_pose,SM-S906U1,GPU
2026-04-22 23:18:05.533,91.176,25.263,40.548,0.738,1.994,9.138,9.304,0.042,false,20.266,LIGHT,11,0,sequential_yolo_pose,SM-S906U1,GPU
2026-04-22 23:18:05.631,92.833,31.463,39.390,0.792,1.526,5.321,8.156,0.040,false,20.203,LIGHT,11,0,sequential_yolo_pose,SM-S906U1,GPU
2026-04-22 23:18:05.722,86.007,26.656,37.233,0.724,2.849,6.229,8.178,0.034,false,20.332,LIGHT,11,0,sequential_yolo_pose,SM-S906U1,GPU
2026-04-22 23:18:05.811,85.424,26.980,39.206,0.600,1.631,5.120,8.086,0.043,false,20.234,LIGHT,11,0,sequential_yolo_pose,SM-S906U1,GPU
2026-04-22 23:18:05.910,90.993,29.630,40.527,0.658,1.537,6.030,8.567,0.050,false,20.266,LIGHT,11,0,sequential_yolo_pose,SM-S906U1,GPU
2026-04-22 23:18:06.003,88.892,28.696,40.077,0.612,1.744,6.019,7.860,0.064,false,20.328,LIGHT,11,0,sequential_yolo_pose,SM-S906U1,GPU
2026-04-22 23:18:06.098,90.577,28.278,37.367,0.912,2.311,8.766,8.619,0.042,false,20.234,LIGHT,11,0,sequential_yolo_pose,SM-S906U1,GPU
2026-04-22 23:18:06.188,86.382,25.942,39.631,0.618,1.476,5.367,8.651,0.054,false,20.383,LIGHT,11,0,sequential_yolo_pose,SM-S906U1,GPU
2026-04-22 23:18:06.277,85.284,25.266,38.302,0.694,1.661,5.954,8.925,0.060,false,20.270,LIGHT,11,0,sequential_yolo_pose,SM-S906U1,GPU
2026-04-22 23:18:06.372,87.404,26.656,38.044,0.932,1.698,7.116,8.798,0.030,false,20.340,LIGHT,11,0,sequential_yolo_pose,SM-S906U1,GPU
2026-04-22 23:18:06.473,93.946,27.467,36.711,1.233,2.222,9.273,9.135,0.036,false,20.328,LIGHT,11,0,sequential_yolo_pose,SM-S906U1,GPU
2026-04-22 23:18:06.567,89.187,26.082,39.124,0.798,1.596,6.148,7.943,0.051,false,20.297,LIGHT,11,0,sequential_yolo_pose,SM-S906U1,GPU
2026-04-22 23:18:06.664,92.932,28.138,41.809,0.784,1.969,8.150,8.071,0.067,false,20.207,LIGHT,11,0,sequential_yolo_pose,SM-S906U1,GPU
2026-04-22 23:18:06.765,95.641,29.089,43.256,0.956,1.702,4.744,7.526,0.043,false,20.238,LIGHT,11,0,sequential_yolo_pose,SM-S906U1,GPU
2026-04-22 23:18:06.859,90.541,26.880,39.513,1.235,5.176,5.242,8.415,0.051,false,20.332,LIGHT,11,0,sequential_yolo_pose,SM-S906U1,GPU
2026-04-22 23:18:06.961,97.242,29.828,38.574,1.285,2.173,9.904,11.508,0.050,false,20.297,LIGHT,11,0,sequential_yolo_pose,SM-S906U1,GPU
2026-04-22 23:18:07.054,87.381,28.616,37.477,0.599,1.374,6.174,8.527,0.057,false,20.297,LIGHT,11,0,sequential_yolo_pose,SM-S906U1,GPU
2026-04-22 23:18:07.149,90.430,25.501,40.713,0.727,1.723,7.410,9.796,0.053,false,20.332,LIGHT,10,0,sequential_yolo_pose,SM-S906U1,GPU
2026-04-22 23:18:07.246,90.743,25.439,40.064,0.794,1.583,6.338,11.750,0.045,false,20.422,LIGHT,10,0,sequential_yolo_pose,SM-S906U1,GPU
2026-04-22 23:18:07.351,96.672,24.694,39.952,0.922,1.739,8.518,16.755,0.037,false,20.387,LIGHT,10,0,sequential_yolo_pose,SM-S906U1,GPU
2026-04-22 23:18:07.448,91.713,30.053,38.676,0.746,1.713,7.352,8.986,0.075,false,20.234,LIGHT,10,0,sequential_yolo_pose,SM-S906U1,GPU
2026-04-22 23:18:07.543,89.903,29.331,39.042,0.734,1.472,5.988,9.163,0.054,false,20.266,LIGHT,10,0,sequential_yolo_pose,SM-S906U1,GPU
2026-04-22 23:18:07.631,79.155,22.970,37.322,1.005,1.677,4.791,7.695,0.030,false,20.297,LIGHT,10,0,sequential_yolo_pose,SM-S906U1,GPU
2026-04-22 23:18:07.723,86.325,29.042,38.382,0.950,1.362,5.114,7.709,0.031,false,20.301,LIGHT,10,0,sequential_yolo_pose,SM-S906U1,GPU
2026-04-22 23:18:07.819,92.255,30.600,38.033,0.835,1.750,7.156,9.672,0.117,false,20.266,LIGHT,10,0,sequential_yolo_pose,SM-S906U1,GPU
2026-04-22 23:18:07.911,88.005,26.199,38.167,0.931,1.801,7.568,9.511,0.051,false,20.328,LIGHT,10,0,sequential_yolo_pose,SM-S906U1,GPU
2026-04-22 23:18:08.011,91.445,26.341,40.165,0.839,1.719,7.019,11.558,0.056,false,20.328,LIGHT,10,0,sequential_yolo_pose,SM-S906U1,GPU
2026-04-22 23:18:08.112,92.626,26.793,37.624,0.784,1.701,7.274,12.759,0.063,false,20.328,LIGHT,10,0,sequential_yolo_pose,SM-S906U1,GPU
2026-04-22 23:18:08.207,87.890,25.986,40.923,0.507,1.234,5.109,10.179,0.060,false,20.430,LIGHT,11,0,sequential_yolo_pose,SM-S906U1,GPU
2026-04-22 23:18:08.297,85.415,24.462,37.805,1.129,3.659,6.368,7.738,0.053,false,20.270,LIGHT,11,0,sequential_yolo_pose,SM-S906U1,GPU
2026-04-22 23:18:08.397,95.151,28.271,37.402,1.290,2.612,13.132,8.193,0.070,false,20.266,LIGHT,11,0,sequential_yolo_pose,SM-S906U1,GPU
2026-04-22 23:18:08.491,89.406,30.035,37.959,0.581,3.397,3.930,9.211,0.068,false,20.297,LIGHT,11,0,sequential_yolo_pose,SM-S906U1,GPU
2026-04-22 23:18:08.592,95.076,28.439,39.586,0.916,2.760,9.184,9.612,0.090,false,20.297,LIGHT,11,0,sequential_yolo_pose,SM-S906U1,GPU
2026-04-22 23:18:08.685,88.687,26.853,39.103,0.714,1.623,6.209,10.175,0.054,false,20.238,LIGHT,11,0,sequential_yolo_pose,SM-S906U1,GPU
2026-04-22 23:18:08.778,88.415,25.791,39.167,0.581,1.621,6.483,11.021,0.054,false,20.352,LIGHT,11,0,sequential_yolo_pose,SM-S906U1,GPU
2026-04-22 23:18:08.874,86.903,25.808,38.901,0.658,1.643,6.919,8.749,0.045,false,20.297,LIGHT,11,0,sequential_yolo_pose,SM-S906U1,GPU
2026-04-22 23:18:08.973,94.738,28.062,42.732,0.715,1.727,6.654,9.489,0.064,false,20.234,LIGHT,11,0,sequential_yolo_pose,SM-S906U1,GPU
2026-04-22 23:18:09.084,102.057,28.720,37.898,1.086,2.264,10.130,12.878,0.045,false,20.328,LIGHT,11,0,sequential_yolo_pose,SM-S906U1,GPU
2026-04-22 23:18:09.170,81.890,25.626,37.443,0.527,1.340,5.088,8.088,0.048,false,20.324,LIGHT,10,0,sequential_yolo_pose,SM-S906U1,GPU
2026-04-22 23:18:09.271,96.196,28.306,42.270,0.990,2.315,9.163,9.214,0.046,false,20.270,LIGHT,10,0,sequential_yolo_pose,SM-S906U1,GPU
2026-04-22 23:18:09.365,85.380,26.564,40.034,0.686,1.411,4.778,7.496,0.044,false,20.207,LIGHT,10,0,sequential_yolo_pose,SM-S906U1,GPU
2026-04-22 23:18:09.461,85.845,26.692,36.791,0.643,1.656,6.918,9.188,0.043,false,20.266,LIGHT,10,0,sequential_yolo_pose,SM-S906U1,GPU
2026-04-22 23:18:09.537,71.600,28.733,37.971,0.778,0.000,0.000,0.000,0.000,true,16.809,LIGHT,10,0,sequential_yolo_pose,SM-S906U1,GPU
2026-04-22 23:18:09.656,103.566,31.995,40.653,0.480,1.508,12.839,10.462,0.048,false,33.910,LIGHT,10,0,sequential_yolo_pose,SM-S906U1,GPU
2026-04-22 23:18:09.763,93.295,33.631,38.466,0.568,1.548,6.175,8.688,0.050,false,20.359,LIGHT,10,0,sequential_yolo_pose,SM-S906U1,GPU
2026-04-22 23:18:09.863,95.766,32.418,41.069,0.590,1.421,6.721,9.532,0.049,false,20.297,LIGHT,10,0,sequential_yolo_pose,SM-S906U1,GPU
2026-04-22 23:18:09.953,85.217,22.359,39.166,0.559,1.356,8.445,9.554,0.059,false,20.238,LIGHT,10,0,sequential_yolo_pose,SM-S906U1,GPU
2026-04-22 23:18:10.039,82.147,25.290,37.116,0.501,1.556,5.241,8.133,0.049,false,20.227,LIGHT,10,0,sequential_yolo_pose,SM-S906U1,GPU
2026-04-22 23:18:10.131,84.369,23.579,37.450,0.824,1.833,7.527,9.196,0.046,false,20.352,LIGHT,10,0,sequential_yolo_pose,SM-S906U1,GPU
2026-04-22 23:18:10.221,85.990,28.578,38.362,0.525,1.308,5.171,7.678,0.047,false,20.289,LIGHT,11,0,sequential_yolo_pose,SM-S906U1,GPU
2026-04-22 23:18:10.314,88.864,27.912,39.570,0.687,1.525,6.103,8.914,0.052,false,20.266,LIGHT,11,0,sequential_yolo_pose,SM-S906U1,GPU
2026-04-22 23:18:10.407,88.973,27.101,39.228,0.784,1.594,6.949,9.034,0.061,false,20.266,LIGHT,11,0,sequential_yolo_pose,SM-S906U1,GPU
2026-04-22 23:18:10.511,95.946,26.186,44.074,0.710,1.683,7.057,10.658,0.063,false,20.270,LIGHT,11,0,sequential_yolo_pose,SM-S906U1,GPU
2026-04-22 23:18:10.599,83.040,25.969,38.067,0.437,1.240,4.704,7.579,0.060,false,20.289,LIGHT,11,0,sequential_yolo_pose,SM-S906U1,GPU
2026-04-22 23:18:10.696,89.792,23.941,39.241,0.687,3.286,5.874,10.800,0.048,false,20.297,LIGHT,11,0,sequential_yolo_pose,SM-S906U1,GPU
2026-04-22 23:18:10.796,96.413,28.291,39.060,1.345,4.270,9.576,9.433,0.044,false,20.297,LIGHT,11,0,sequential_yolo_pose,SM-S906U1,GPU
2026-04-22 23:18:10.892,91.605,26.253,37.860,1.213,2.748,10.270,8.990,0.049,false,20.297,LIGHT,11,0,sequential_yolo_pose,SM-S906U1,GPU
2026-04-22 23:18:10.995,97.072,28.419,40.302,1.012,2.094,10.476,10.683,0.045,false,20.297,LIGHT,11,0,sequential_yolo_pose,SM-S906U1,GPU
2026-04-22 23:18:11.100,99.974,29.466,38.700,0.963,2.700,10.833,12.564,0.043,false,20.234,LIGHT,11,0,sequential_yolo_pose,SM-S906U1,GPU
2026-04-22 23:18:11.197,91.746,24.020,39.810,1.093,2.203,10.567,9.433,0.062,false,20.359,LIGHT,10,0,sequential_yolo_pose,SM-S906U1,GPU
2026-04-22 23:18:11.300,97.551,33.589,38.414,1.353,2.544,8.839,8.454,0.068,false,20.270,LIGHT,10,0,sequential_yolo_pose,SM-S906U1,GPU
2026-04-22 23:18:11.399,94.839,31.408,38.436,0.921,2.767,7.753,8.914,0.048,false,20.266,LIGHT,10,0,sequential_yolo_pose,SM-S906U1,GPU
2026-04-22 23:18:11.503,99.771,31.869,37.901,1.730,2.692,12.221,8.707,0.072,false,20.297,LIGHT,10,0,sequential_yolo_pose,SM-S906U1,GPU
2026-04-22 23:18:11.599,89.332,22.561,37.378,1.279,3.254,4.999,9.007,0.047,false,20.328,LIGHT,10,0,sequential_yolo_pose,SM-S906U1,GPU
2026-04-22 23:18:11.692,89.518,24.995,39.554,0.962,2.298,9.559,8.167,0.046,false,20.234,LIGHT,10,0,sequential_yolo_pose,SM-S906U1,GPU
2026-04-22 23:18:11.790,91.608,29.421,39.086,0.728,1.553,8.318,8.485,0.045,false,20.238,LIGHT,10,0,sequential_yolo_pose,SM-S906U1,GPU
2026-04-22 23:18:11.883,88.336,27.298,38.267,0.876,1.550,6.466,9.627,0.068,false,20.266,LIGHT,10,0,sequential_yolo_pose,SM-S906U1,GPU
2026-04-22 23:18:11.976,87.156,26.791,39.561,0.699,1.483,5.619,9.038,0.101,false,20.328,LIGHT,10,0,sequential_yolo_pose,SM-S906U1,GPU
2026-04-22 23:18:12.094,109.054,31.252,38.292,0.711,1.344,7.358,24.082,0.053,false,20.359,LIGHT,10,0,sequential_yolo_pose,SM-S906U1,GPU
2026-04-22 23:18:12.190,92.805,29.692,38.714,0.975,1.839,9.452,7.965,0.051,false,20.301,LIGHT,10,0,sequential_yolo_pose,SM-S906U1,GPU
2026-04-22 23:18:12.295,98.683,29.606,39.205,0.682,1.776,10.137,13.297,0.042,false,20.332,LIGHT,11,0,sequential_yolo_pose,SM-S906U1,GPU
2026-04-22 23:18:12.398,99.070,27.174,39.017,1.353,5.978,11.904,9.616,0.030,false,20.395,LIGHT,11,0,sequential_yolo_pose,SM-S906U1,GPU
2026-04-22 23:18:12.491,88.793,27.068,39.215,1.171,3.497,4.919,8.825,0.046,false,20.238,LIGHT,11,0,sequential_yolo_pose,SM-S906U1,GPU
2026-04-22 23:18:12.590,94.267,33.538,38.325,0.991,3.686,5.107,8.048,0.045,false,20.266,LIGHT,11,0,sequential_yolo_pose,SM-S906U1,GPU
2026-04-22 23:18:12.694,96.987,30.299,38.541,0.863,1.596,10.853,10.818,0.036,false,20.332,LIGHT,11,0,sequential_yolo_pose,SM-S906U1,GPU
2026-04-22 23:18:12.786,87.442,27.971,37.615,0.623,1.473,5.304,7.816,0.048,false,20.328,LIGHT,11,0,sequential_yolo_pose,SM-S906U1,GPU
2026-04-22 23:18:12.871,81.106,23.789,38.532,0.620,1.372,5.248,7.832,0.053,false,20.234,LIGHT,11,0,sequential_yolo_pose,SM-S906U1,GPU
2026-04-22 23:18:12.969,93.501,30.188,38.713,1.091,1.936,8.198,9.214,0.062,false,20.266,LIGHT,11,0,sequential_yolo_pose,SM-S906U1,GPU
2026-04-22 23:18:13.068,92.616,28.346,39.512,1.002,2.594,7.304,8.731,0.042,false,20.297,LIGHT,11,0,sequential_yolo_pose,SM-S906U1,GPU
2026-04-22 23:18:13.161,88.907,27.230,37.712,1.202,1.301,8.593,8.986,0.048,false,20.203,LIGHT,11,0,sequential_yolo_pose,SM-S906U1,GPU
2026-04-22 23:18:13.255,89.508,30.856,38.002,0.614,1.207,5.167,9.209,0.059,false,20.258,LIGHT,10,0,sequential_yolo_pose,SM-S906U1,GPU
2026-04-22 23:18:13.360,99.768,26.403,38.880,1.361,2.868,11.396,14.919,0.055,false,20.328,LIGHT,10,0,sequential_yolo_pose,SM-S906U1,GPU
2026-04-22 23:18:13.456,90.419,28.245,37.440,0.613,1.550,9.469,8.765,0.068,false,20.387,LIGHT,10,0,sequential_yolo_pose,SM-S906U1,GPU
2026-04-22 23:18:13.546,84.094,24.954,38.262,0.625,1.289,5.519,9.250,0.038,false,20.203,LIGHT,10,0,sequential_yolo_pose,SM-S906U1,GPU
2026-04-22 23:18:13.639,87.527,27.055,40.471,0.715,1.653,5.492,8.009,0.064,false,20.203,LIGHT,10,0,sequential_yolo_pose,SM-S906U1,GPU
2026-04-22 23:18:13.737,87.636,29.786,37.105,0.766,1.654,5.189,8.667,0.035,false,20.266,LIGHT,10,0,sequential_yolo_pose,SM-S906U1,GPU
2026-04-22 23:18:13.826,83.176,20.433,38.540,0.913,1.589,9.970,8.513,0.033,false,20.297,LIGHT,10,0,sequential_yolo_pose,SM-S906U1,GPU
2026-04-22 23:18:13.929,98.064,28.090,42.893,1.600,6.886,6.408,8.066,0.048,false,20.258,LIGHT,10,0,sequential_yolo_pose,SM-S906U1,GPU
2026-04-22 23:18:14.035,101.789,20.792,44.882,1.528,2.587,16.645,10.876,0.032,false,20.391,LIGHT,10,0,sequential_yolo_pose,SM-S906U1,GPU
2026-04-22 23:18:14.138,97.666,30.333,45.719,0.725,1.381,5.324,8.909,0.041,false,20.328,LIGHT,10,0,sequential_yolo_pose,SM-S906U1,GPU
2026-04-22 23:18:14.242,94.856,24.915,46.604,0.716,1.260,4.893,10.221,0.057,false,20.328,LIGHT,10,0,sequential_yolo_pose,SM-S906U1,GPU
2026-04-22 23:18:14.348,99.889,26.995,47.766,0.839,1.761,7.024,11.516,0.043,false,20.320,LIGHT,10,0,sequential_yolo_pose,SM-S906U1,GPU
2026-04-22 23:18:14.455,102.202,28.202,45.366,0.733,2.473,11.101,10.160,0.033,false,14.461,LIGHT,10,0,sequential_yolo_pose,SM-S906U1,GPU
2026-04-22 23:18:14.538,78.483,27.230,46.122,0.742,0.000,0.000,0.000,0.000,true,18.078,LIGHT,10,0,sequential_yolo_pose,SM-S906U1,GPU
2026-04-22 23:18:14.639,86.290,30.625,46.487,0.647,0.000,0.000,0.000,0.000,true,31.692,LIGHT,10,0,sequential_yolo_pose,SM-S906U1,GPU
2026-04-22 23:18:14.737,82.329,31.322,45.544,0.706,0.000,0.000,0.000,0.000,true,18.262,LIGHT,10,0,sequential_yolo_pose,SM-S906U1,GPU
2026-04-22 23:18:14.851,104.141,27.865,45.153,0.735,1.615,9.206,11.277,0.049,false,35.113,LIGHT,10,0,sequential_yolo_pose,SM-S906U1,GPU
2026-04-22 23:18:14.955,97.888,32.407,43.866,0.515,1.265,6.936,8.889,0.058,false,23.215,LIGHT,10,0,sequential_yolo_pose,SM-S906U1,GPU
2026-04-22 23:18:15.066,106.641,27.315,46.548,0.699,1.884,11.626,13.709,0.033,false,40.160,LIGHT,10,0,sequential_yolo_pose,SM-S906U1,GPU
2026-04-22 23:18:15.173,97.056,29.267,46.169,0.579,1.366,5.423,9.962,0.058,false,20.328,LIGHT,10,0,sequential_yolo_pose,SM-S906U1,GPU
2026-04-22 23:18:15.271,93.014,28.151,44.663,0.383,1.201,5.908,8.730,0.055,false,20.422,LIGHT,10,0,sequential_yolo_pose,SM-S906U1,GPU
2026-04-22 23:18:15.380,105.540,26.864,49.348,1.064,2.398,9.143,12.107,0.056,false,20.332,LIGHT,10,0,sequential_yolo_pose,SM-S906U1,GPU
2026-04-22 23:18:15.479,91.440,22.219,45.967,0.601,1.403,5.444,11.757,0.050,false,20.289,LIGHT,10,0,sequential_yolo_pose,SM-S906U1,GPU
2026-04-22 23:18:15.579,90.792,20.944,49.342,0.413,1.522,5.900,9.612,0.039,false,20.289,LIGHT,10,0,sequential_yolo_pose,SM-S906U1,GPU
2026-04-22 23:18:15.688,103.837,23.142,45.375,0.454,2.085,7.824,19.194,0.035,false,20.391,LIGHT,10,0,sequential_yolo_pose,SM-S906U1,GPU
2026-04-22 23:18:15.770,77.129,27.887,44.309,0.622,0.000,0.000,0.000,0.000,true,16.871,LIGHT,10,0,sequential_yolo_pose,SM-S906U1,GPU
2026-04-22 23:18:15.864,87.947,35.146,45.440,0.498,0.000,0.000,0.000,0.000,true,30.547,LIGHT,10,0,sequential_yolo_pose,SM-S906U1,GPU
2026-04-22 23:18:15.967,96.783,30.513,44.355,1.315,2.089,3.809,9.062,0.065,false,21.496,LIGHT,10,0,sequential_yolo_pose,SM-S906U1,GPU
2026-04-22 23:18:16.074,102.720,26.432,45.934,0.628,1.890,10.556,9.651,0.034,false,38.535,LIGHT,10,0,sequential_yolo_pose,SM-S906U1,GPU
2026-04-22 23:18:16.189,100.484,30.866,43.608,0.783,1.974,7.297,11.522,0.054,false,20.297,LIGHT,10,0,sequential_yolo_pose,SM-S906U1,GPU
2026-04-22 23:18:16.287,93.140,25.367,44.742,0.498,1.360,6.606,10.504,0.073,false,20.383,LIGHT,10,0,sequential_yolo_pose,SM-S906U1,GPU
2026-04-22 23:18:16.391,98.962,25.444,44.260,0.681,1.620,10.813,12.219,0.063,false,20.301,LIGHT,10,0,sequential_yolo_pose,SM-S906U1,GPU
2026-04-22 23:18:16.491,92.647,21.414,44.158,0.918,2.037,8.290,11.233,0.062,false,20.328,LIGHT,10,0,sequential_yolo_pose,SM-S906U1,GPU
2026-04-22 23:18:16.602,105.430,29.099,49.406,0.916,2.220,8.613,9.640,0.052,false,20.234,LIGHT,10,0,sequential_yolo_pose,SM-S906U1,GPU
2026-04-22 23:18:16.700,93.607,25.753,45.871,0.552,1.616,5.359,8.490,0.088,false,20.270,LIGHT,10,0,sequential_yolo_pose,SM-S906U1,GPU
2026-04-22 23:18:16.799,94.073,26.515,45.489,0.934,1.459,6.855,8.792,0.048,false,20.289,LIGHT,10,0,sequential_yolo_pose,SM-S906U1,GPU
2026-04-22 23:18:16.910,106.007,26.630,48.966,1.182,2.805,9.811,10.992,0.064,false,20.332,LIGHT,10,0,sequential_yolo_pose,SM-S906U1,GPU
2026-04-22 23:18:17.016,95.970,27.159,44.647,0.876,1.824,7.615,9.901,0.068,false,20.266,LIGHT,10,0,sequential_yolo_pose,SM-S906U1,GPU
2026-04-22 23:18:17.120,99.204,27.664,47.209,0.589,1.518,8.192,9.803,0.083,false,20.297,LIGHT,10,0,sequential_yolo_pose,SM-S906U1,GPU
2026-04-22 23:18:17.226,101.226,25.821,44.988,0.623,2.947,12.021,10.941,0.052,false,20.363,LIGHT,10,0,sequential_yolo_pose,SM-S906U1,GPU
2026-04-22 23:18:17.328,97.510,29.452,44.563,1.838,1.893,5.816,9.221,0.063,false,20.332,LIGHT,10,0,sequential_yolo_pose,SM-S906U1,GPU
2026-04-22 23:18:17.429,97.427,27.625,43.976,1.030,2.096,9.183,9.607,0.047,false,20.297,LIGHT,10,0,sequential_yolo_pose,SM-S906U1,GPU
2026-04-22 23:18:17.532,97.213,26.639,46.571,1.048,1.554,6.450,9.206,0.057,false,20.203,LIGHT,10,0,sequential_yolo_pose,SM-S906U1,GPU
2026-04-22 23:18:17.638,102.427,28.618,46.996,0.805,4.258,8.111,9.169,0.051,false,20.297,LIGHT,10,0,sequential_yolo_pose,SM-S906U1,GPU
2026-04-22 23:18:17.747,101.435,26.954,49.913,0.800,2.756,6.772,10.101,0.041,false,20.301,LIGHT,10,0,sequential_yolo_pose,SM-S906U1,GPU
2026-04-22 23:18:17.855,101.922,23.844,46.801,0.974,1.899,7.381,16.553,0.058,false,20.402,LIGHT,10,0,sequential_yolo_pose,SM-S906U1,GPU
2026-04-22 23:18:17.964,103.777,29.961,43.932,1.415,2.803,12.289,9.501,0.033,false,20.332,LIGHT,10,0,sequential_yolo_pose,SM-S906U1,GPU
2026-04-22 23:18:18.069,99.184,31.340,43.904,0.600,1.762,7.768,9.420,0.052,false,20.266,LIGHT,10,0,sequential_yolo_pose,SM-S906U1,GPU
2026-04-22 23:18:18.173,99.097,28.710,47.536,0.868,1.789,6.045,9.918,0.032,false,20.301,LIGHT,10,0,sequential_yolo_pose,SM-S906U1,GPU
2026-04-22 23:18:18.274,93.670,27.100,46.628,0.531,1.312,5.034,9.273,0.046,false,20.328,LIGHT,9,0,sequential_yolo_pose,SM-S906U1,GPU
2026-04-22 23:18:18.377,96.961,24.266,45.645,0.727,1.878,6.927,13.575,0.047,false,20.355,LIGHT,9,0,sequential_yolo_pose,SM-S906U1,GPU
2026-04-22 23:18:18.471,86.893,21.272,46.060,0.634,1.481,5.166,9.339,0.049,false,20.270,LIGHT,9,0,sequential_yolo_pose,SM-S906U1,GPU
2026-04-22 23:18:18.569,93.037,29.834,44.025,0.524,1.317,4.800,8.600,0.059,false,20.316,LIGHT,9,0,sequential_yolo_pose,SM-S906U1,GPU
2026-04-22 23:18:18.671,97.173,26.281,45.327,1.206,2.675,5.408,9.321,0.059,false,20.176,LIGHT,9,0,sequential_yolo_pose,SM-S906U1,GPU
2026-04-22 23:18:18.786,108.438,32.467,43.044,0.982,2.492,9.338,15.906,0.055,false,20.359,LIGHT,9,0,sequential_yolo_pose,SM-S906U1,GPU
2026-04-22 23:18:18.895,104.050,24.888,44.365,0.881,2.994,17.217,9.503,0.053,false,20.418,LIGHT,9,0,sequential_yolo_pose,SM-S906U1,GPU
2026-04-22 23:18:19.000,100.232,26.897,45.070,0.779,2.580,11.077,9.506,0.051,false,20.270,LIGHT,9,0,sequential_yolo_pose,SM-S906U1,GPU
2026-04-22 23:18:19.106,96.320,31.495,42.402,0.867,1.468,4.969,10.567,0.048,false,20.266,LIGHT,9,0,sequential_yolo_pose,SM-S906U1,GPU
2026-04-22 23:18:19.203,92.865,25.758,45.596,0.568,1.352,5.324,10.064,0.057,false,20.203,LIGHT,9,0,sequential_yolo_pose,SM-S906U1,GPU
2026-04-22 23:18:19.307,97.994,27.958,45.538,0.493,1.339,7.112,11.777,0.045,false,20.426,LIGHT,10,0,sequential_yolo_pose,SM-S906U1,GPU
2026-04-22 23:18:19.407,95.982,29.491,44.376,0.743,1.859,4.740,10.206,0.047,false,20.270,LIGHT,10,0,sequential_yolo_pose,SM-S906U1,GPU
2026-04-22 23:18:19.493,77.698,27.306,46.471,0.234,0.000,0.000,0.000,0.000,true,16.934,LIGHT,10,0,sequential_yolo_pose,SM-S906U1,GPU
2026-04-22 23:18:19.578,80.778,30.184,46.127,0.554,0.000,0.000,0.000,0.000,true,30.547,LIGHT,10,0,sequential_yolo_pose,SM-S906U1,GPU
2026-04-22 23:18:19.671,82.930,35.179,43.037,0.507,0.000,0.000,0.000,0.000,true,18.523,LIGHT,10,0,sequential_yolo_pose,SM-S906U1,GPU
2026-04-22 23:18:19.760,79.506,27.484,46.159,0.443,0.000,0.000,0.000,0.000,true,32.106,LIGHT,10,0,sequential_yolo_pose,SM-S906U1,GPU
2026-04-22 23:18:19.847,83.060,32.240,46.307,0.741,0.000,0.000,0.000,0.000,true,18.168,LIGHT,10,0,sequential_yolo_pose,SM-S906U1,GPU
2026-04-22 23:18:19.939,79.803,29.233,45.440,0.795,0.000,0.000,0.000,0.000,true,31.750,LIGHT,10,0,sequential_yolo_pose,SM-S906U1,GPU
2026-04-22 23:18:20.052,102.569,33.173,49.084,0.428,1.314,4.739,8.236,0.052,false,21.535,LIGHT,10,0,sequential_yolo_pose,SM-S906U1,GPU
2026-04-22 23:18:20.134,77.692,30.159,43.720,0.376,0.000,0.000,0.000,0.000,true,35.086,LIGHT,10,0,sequential_yolo_pose,SM-S906U1,GPU
2026-04-22 23:18:20.220,81.589,29.393,46.453,0.415,0.000,0.000,0.000,0.000,true,13.961,LIGHT,10,0,sequential_yolo_pose,SM-S906U1,GPU
2026-04-22 23:18:20.322,96.968,30.235,44.853,0.501,1.882,5.810,9.715,0.035,false,20.324,LIGHT,11,0,sequential_yolo_pose,SM-S906U1,GPU
2026-04-22 23:18:20.430,102.994,28.507,45.899,0.748,1.690,9.378,12.620,0.049,false,20.391,LIGHT,11,0,sequential_yolo_pose,SM-S906U1,GPU
2026-04-22 23:18:20.532,97.944,26.046,45.214,1.124,3.280,8.138,9.881,0.048,false,20.270,LIGHT,11,0,sequential_yolo_pose,SM-S906U1,GPU
2026-04-22 23:18:20.636,99.116,28.116,44.424,0.723,2.467,9.797,8.814,0.033,false,20.297,LIGHT,11,0,sequential_yolo_pose,SM-S906U1,GPU
2026-04-22 23:18:20.721,78.612,29.081,45.320,0.247,0.000,0.000,0.000,0.000,true,16.871,LIGHT,11,0,sequential_yolo_pose,SM-S906U1,GPU
2026-04-22 23:18:20.807,80.407,28.424,46.515,0.992,0.000,0.000,0.000,0.000,true,30.516,LIGHT,11,0,sequential_yolo_pose,SM-S906U1,GPU
2026-04-22 23:18:20.930,109.943,28.404,44.802,0.767,2.438,10.741,18.311,0.055,false,16.867,LIGHT,11,0,sequential_yolo_pose,SM-S906U1,GPU
2026-04-22 23:18:21.035,100.601,29.309,45.638,1.554,2.964,6.828,10.271,0.042,false,20.332,LIGHT,11,0,sequential_yolo_pose,SM-S906U1,GPU
2026-04-22 23:18:21.139,98.137,31.753,43.055,0.541,1.305,5.055,9.085,0.060,false,20.266,LIGHT,11,0,sequential_yolo_pose,SM-S906U1,GPU
2026-04-22 23:18:21.236,91.357,21.520,47.117,0.762,1.665,7.223,9.660,0.058,false,20.422,LIGHT,11,0,sequential_yolo_pose,SM-S906U1,GPU
2026-04-22 23:18:21.341,97.936,29.592,45.312,0.738,1.570,6.111,9.930,0.052,false,20.328,LIGHT,10,0,sequential_yolo_pose,SM-S906U1,GPU
2026-04-22 23:18:21.448,98.279,29.052,47.751,0.538,1.529,5.164,9.771,0.054,false,20.301,LIGHT,10,0,sequential_yolo_pose,SM-S906U1,GPU
2026-04-22 23:18:21.554,99.991,26.407,47.738,0.654,1.426,8.784,11.026,0.053,false,20.266,LIGHT,10,0,sequential_yolo_pose,SM-S906U1,GPU
2026-04-22 23:18:21.670,111.120,25.040,46.785,1.385,6.257,17.705,9.713,0.061,false,20.422,LIGHT,10,0,sequential_yolo_pose,SM-S906U1,GPU
2026-04-22 23:18:21.770,93.967,21.481,46.319,1.110,2.566,10.633,8.811,0.043,false,20.332,LIGHT,10,0,sequential_yolo_pose,SM-S906U1,GPU
2026-04-22 23:18:21.877,100.062,29.049,43.802,0.616,1.796,7.219,12.386,0.065,false,20.328,LIGHT,10,0,sequential_yolo_pose,SM-S906U1,GPU
2026-04-22 23:18:21.973,88.187,22.835,44.031,0.493,1.322,5.370,9.527,0.053,false,14.402,LIGHT,10,0,sequential_yolo_pose,SM-S906U1,GPU
2026-04-22 23:18:22.081,102.452,29.392,43.243,0.863,2.279,8.286,9.731,0.084,false,21.445,LIGHT,10,0,sequential_yolo_pose,SM-S906U1,GPU
2026-04-22 23:18:22.196,108.383,26.587,46.328,1.113,2.209,6.439,20.649,0.057,false,13.418,LIGHT,10,0,sequential_yolo_pose,SM-S906U1,GPU
2026-04-22 23:18:22.302,98.101,27.243,46.269,2.296,2.087,6.711,9.693,0.043,false,20.359,LIGHT,9,0,sequential_yolo_pose,SM-S906U1,GPU
2026-04-22 23:18:22.395,85.748,20.576,45.107,1.001,1.463,5.736,8.937,0.044,false,20.207,LIGHT,9,0,sequential_yolo_pose,SM-S906U1,GPU
2026-04-22 23:18:22.494,94.206,27.932,45.098,1.446,1.432,5.436,8.795,0.049,false,20.176,LIGHT,9,0,sequential_yolo_pose,SM-S906U1,GPU
2026-04-22 23:18:22.598,98.740,25.978,44.729,1.399,1.853,10.901,9.693,0.035,false,20.297,LIGHT,9,0,sequential_yolo_pose,SM-S906U1,GPU
2026-04-22 23:18:22.702,99.646,28.801,47.532,1.033,2.561,5.000,8.904,0.044,false,20.297,LIGHT,9,0,sequential_yolo_pose,SM-S906U1,GPU
2026-04-22 23:18:22.797,89.902,24.441,46.234,0.460,1.144,3.792,8.598,0.055,false,20.238,LIGHT,9,0,sequential_yolo_pose,SM-S906U1,GPU
2026-04-22 23:18:22.898,95.700,27.172,45.285,0.556,1.467,8.095,9.053,0.050,false,20.301,LIGHT,9,0,sequential_yolo_pose,SM-S906U1,GPU
2026-04-22 23:18:23.005,102.414,27.425,44.146,1.419,6.433,8.063,9.625,0.055,false,20.363,LIGHT,9,0,sequential_yolo_pose,SM-S906U1,GPU
2026-04-22 23:18:23.113,100.813,25.369,47.005,0.963,2.300,9.247,11.959,0.045,false,20.359,LIGHT,9,0,sequential_yolo_pose,SM-S906U1,GPU
2026-04-22 23:18:23.215,95.295,26.205,44.328,0.613,1.438,6.302,12.527,0.051,false,20.270,LIGHT,9,0,sequential_yolo_pose,SM-S906U1,GPU
2026-04-22 23:18:23.313,92.001,25.563,45.605,0.637,1.473,5.317,9.260,0.048,false,20.332,LIGHT,10,0,sequential_yolo_pose,SM-S906U1,GPU
2026-04-22 23:18:23.413,94.213,22.227,46.137,0.683,2.020,6.728,12.469,0.040,false,20.359,LIGHT,10,0,sequential_yolo_pose,SM-S906U1,GPU
2026-04-22 23:18:23.506,88.734,21.619,47.059,0.594,1.487,5.497,9.650,0.047,false,20.320,LIGHT,10,0,sequential_yolo_pose,SM-S906U1,GPU
2026-04-22 23:18:23.604,92.622,28.400,44.454,0.528,1.195,4.703,7.806,0.048,false,20.297,LIGHT,10,0,sequential_yolo_pose,SM-S906U1,GPU
2026-04-22 23:18:23.699,90.576,28.141,44.677,0.528,1.272,4.597,7.751,0.043,false,20.234,LIGHT,10,0,sequential_yolo_pose,SM-S906U1,GPU
2026-04-22 23:18:23.791,88.903,27.284,43.491,0.605,1.247,4.700,7.874,0.057,false,20.238,LIGHT,10,0,sequential_yolo_pose,SM-S906U1,GPU
2026-04-22 23:18:23.886,89.997,28.091,42.347,0.518,1.248,4.986,9.136,0.103,false,20.328,LIGHT,10,0,sequential_yolo_pose,SM-S906U1,GPU
2026-04-22 23:18:23.985,95.914,27.171,44.555,0.511,1.298,7.328,11.307,0.048,false,20.297,LIGHT,10,0,sequential_yolo_pose,SM-S906U1,GPU
2026-04-22 23:18:24.090,99.540,25.667,45.570,1.250,2.914,10.766,9.281,0.050,false,20.332,LIGHT,10,0,sequential_yolo_pose,SM-S906U1,GPU
2026-04-22 23:18:24.207,112.298,27.386,44.343,0.894,3.640,18.966,12.375,0.085,false,20.359,LIGHT,10,0,sequential_yolo_pose,SM-S906U1,GPU
2026-04-22 23:18:24.312,98.473,28.916,45.344,0.368,1.307,4.881,11.708,0.034,false,20.328,LIGHT,10,0,sequential_yolo_pose,SM-S906U1,GPU
2026-04-22 23:18:24.411,94.303,27.988,42.802,0.528,1.208,5.358,12.114,0.128,false,20.461,LIGHT,10,0,sequential_yolo_pose,SM-S906U1,GPU
2026-04-22 23:18:24.511,94.179,27.949,41.460,0.516,1.362,5.030,10.368,0.055,false,14.492,LIGHT,10,0,sequential_yolo_pose,SM-S906U1,GPU
2026-04-22 23:18:24.591,75.256,27.076,44.340,0.313,0.000,0.000,0.000,0.000,true,18.082,LIGHT,10,0,sequential_yolo_pose,SM-S906U1,GPU
2026-04-22 23:18:24.672,77.105,28.091,45.298,0.248,0.000,0.000,0.000,0.000,true,31.727,LIGHT,10,0,sequential_yolo_pose,SM-S906U1,GPU
2026-04-22 23:18:24.755,77.235,28.475,44.561,0.469,0.000,0.000,0.000,0.000,true,18.195,LIGHT,10,0,sequential_yolo_pose,SM-S906U1,GPU
2026-04-22 23:18:24.872,112.741,35.521,45.798,0.854,2.111,11.796,10.134,0.106,false,35.110,LIGHT,10,0,sequential_yolo_pose,SM-S906U1,GPU
2026-04-22 23:18:24.963,83.037,30.182,48.126,0.776,0.000,0.000,0.000,0.000,true,18.629,LIGHT,10,0,sequential_yolo_pose,SM-S906U1,GPU
2026-04-22 23:18:25.056,85.919,30.543,47.771,0.736,0.000,0.000,0.000,0.000,true,32.180,LIGHT,10,0,sequential_yolo_pose,SM-S906U1,GPU
2026-04-22 23:18:25.151,87.658,35.890,44.989,0.969,0.000,0.000,0.000,0.000,true,18.141,LIGHT,10,0,sequential_yolo_pose,SM-S906U1,GPU
2026-04-22 23:18:25.279,121.499,39.728,47.117,0.962,2.693,12.390,11.839,0.057,false,35.117,LIGHT,10,0,sequential_yolo_pose,SM-S906U1,GPU
2026-04-22 23:18:25.392,107.346,30.792,46.724,0.715,2.333,9.430,13.040,0.078,false,23.137,LIGHT,11,0,sequential_yolo_pose,SM-S906U1,GPU
2026-04-22 23:18:25.498,100.437,25.014,46.274,0.977,2.692,8.976,12.318,0.045,false,40.020,LIGHT,11,0,sequential_yolo_pose,SM-S906U1,GPU
2026-04-22 23:18:25.613,107.488,29.603,45.919,0.938,2.280,10.760,11.014,0.055,false,30.301,LIGHT,11,0,sequential_yolo_pose,SM-S906U1,GPU
2026-04-22 23:18:25.720,98.499,27.403,42.860,0.475,2.634,10.948,9.744,0.057,false,29.395,LIGHT,11,0,sequential_yolo_pose,SM-S906U1,GPU
2026-04-22 23:18:25.802,75.595,26.412,45.012,0.304,0.000,0.000,0.000,0.000,true,16.844,LIGHT,11,0,sequential_yolo_pose,SM-S906U1,GPU
2026-04-22 23:18:25.921,112.414,35.104,48.195,0.511,1.581,7.670,12.896,0.043,false,33.883,LIGHT,11,0,sequential_yolo_pose,SM-S906U1,GPU
2026-04-22 23:18:26.013,87.972,34.119,48.859,0.916,0.000,0.000,0.000,0.000,true,25.367,LIGHT,11,0,sequential_yolo_pose,SM-S906U1,GPU
2026-04-22 23:18:26.128,106.487,31.844,49.434,0.777,1.838,7.330,9.358,0.049,false,42.282,LIGHT,11,0,sequential_yolo_pose,SM-S906U1,GPU
2026-04-22 23:18:26.243,109.732,32.399,47.434,1.080,2.675,9.034,10.650,0.034,false,29.758,LIGHT,11,0,sequential_yolo_pose,SM-S906U1,GPU
2026-04-22 23:18:26.345,96.906,27.278,44.594,0.558,1.449,5.022,9.890,0.049,false,20.457,LIGHT,9,0,sequential_yolo_pose,SM-S906U1,GPU
2026-04-22 23:18:26.444,94.444,27.512,44.437,0.577,1.525,5.551,10.859,0.059,false,20.328,LIGHT,9,0,sequential_yolo_pose,SM-S906U1,GPU
2026-04-22 23:18:26.560,107.880,24.308,46.554,0.980,2.653,14.001,14.900,0.059,false,20.391,LIGHT,9,0,sequential_yolo_pose,SM-S906U1,GPU
2026-04-22 23:18:26.665,101.145,25.860,45.624,1.042,2.725,11.026,10.556,0.062,false,20.328,LIGHT,9,0,sequential_yolo_pose,SM-S906U1,GPU
2026-04-22 23:18:26.765,95.003,26.957,45.100,2.422,1.388,5.245,9.272,0.063,false,20.293,LIGHT,9,0,sequential_yolo_pose,SM-S906U1,GPU
2026-04-22 23:18:26.874,103.981,29.863,49.989,1.131,2.364,6.947,9.379,0.059,false,20.297,LIGHT,9,0,sequential_yolo_pose,SM-S906U1,GPU
2026-04-22 23:18:26.976,95.703,25.299,43.671,0.967,1.999,7.254,10.410,0.049,false,20.301,LIGHT,9,0,sequential_yolo_pose,SM-S906U1,GPU
2026-04-22 23:18:27.087,102.220,28.287,44.588,0.879,2.196,8.402,12.970,0.092,false,20.328,LIGHT,9,0,sequential_yolo_pose,SM-S906U1,GPU
2026-04-22 23:18:27.194,99.485,24.332,45.639,1.228,2.714,10.964,10.398,0.050,false,20.328,LIGHT,9,0,sequential_yolo_pose,SM-S906U1,GPU
2026-04-22 23:18:27.303,101.453,30.779,43.706,0.924,2.136,8.000,11.017,0.049,false,20.328,LIGHT,9,0,sequential_yolo_pose,SM-S906U1,GPU
2026-04-22 23:18:27.407,100.093,28.129,46.167,0.908,2.119,7.575,9.452,0.051,false,20.301,LIGHT,10,0,sequential_yolo_pose,SM-S906U1,GPU
2026-04-22 23:18:27.520,108.571,29.111,47.292,0.591,1.454,5.198,16.766,0.059,false,20.328,LIGHT,10,0,sequential_yolo_pose,SM-S906U1,GPU
2026-04-22 23:18:27.629,104.105,24.934,45.776,1.049,3.017,12.433,12.664,0.052,false,20.352,LIGHT,10,0,sequential_yolo_pose,SM-S906U1,GPU
2026-04-22 23:18:27.738,104.340,30.714,44.999,1.170,3.966,10.155,8.979,0.049,false,20.238,LIGHT,10,0,sequential_yolo_pose,SM-S906U1,GPU
2026-04-22 23:18:27.851,108.234,27.260,50.670,0.999,2.229,8.201,14.226,0.108,false,20.324,LIGHT,10,0,sequential_yolo_pose,SM-S906U1,GPU
2026-04-22 23:18:27.964,107.537,29.212,43.819,0.507,1.551,10.317,17.353,0.047,false,20.359,LIGHT,10,0,sequential_yolo_pose,SM-S906U1,GPU
2026-04-22 23:18:28.071,97.637,32.209,44.114,0.612,1.481,5.224,9.764,0.048,false,20.203,LIGHT,10,0,sequential_yolo_pose,SM-S906U1,GPU
2026-04-22 23:18:28.177,99.462,30.915,45.582,0.744,1.872,6.396,9.568,0.049,false,20.301,LIGHT,10,0,sequential_yolo_pose,SM-S906U1,GPU
2026-04-22 23:18:28.289,103.573,30.871,45.338,0.700,1.630,8.694,11.467,0.043,false,20.297,LIGHT,10,0,sequential_yolo_pose,SM-S906U1,GPU
2026-04-22 23:18:28.385,92.747,25.344,45.474,0.547,1.518,5.791,9.593,0.074,false,20.359,LIGHT,9,0,sequential_yolo_pose,SM-S906U1,GPU
2026-04-22 23:18:28.485,94.519,23.397,44.020,0.815,2.039,9.488,10.638,0.066,false,20.332,LIGHT,9,0,sequential_yolo_pose,SM-S906U1,GPU
2026-04-22 23:18:28.597,106.671,27.876,43.944,0.955,2.724,15.974,10.918,0.057,false,20.359,LIGHT,9,0,sequential_yolo_pose,SM-S906U1,GPU
2026-04-22 23:18:28.707,105.944,28.693,45.378,1.821,5.429,7.240,13.052,0.037,false,20.297,LIGHT,9,0,sequential_yolo_pose,SM-S906U1,GPU
2026-04-22 23:18:28.800,87.525,22.071,44.185,0.832,1.741,6.493,9.208,0.053,false,20.320,LIGHT,9,0,sequential_yolo_pose,SM-S906U1,GPU
2026-04-22 23:18:28.906,99.735,25.166,44.313,0.935,2.420,9.330,11.014,0.044,false,20.328,LIGHT,9,0,sequential_yolo_pose,SM-S906U1,GPU
2026-04-22 23:18:29.005,94.309,25.624,45.357,0.740,1.857,6.965,9.585,0.058,false,20.270,LIGHT,9,0,sequential_yolo_pose,SM-S906U1,GPU
2026-04-22 23:18:29.107,94.951,26.980,46.328,0.606,1.293,5.272,9.980,0.046,false,20.270,LIGHT,9,0,sequential_yolo_pose,SM-S906U1,GPU
2026-04-22 23:18:29.207,95.977,27.720,45.615,0.576,1.370,5.351,11.294,0.045,false,20.238,LIGHT,9,0,sequential_yolo_pose,SM-S906U1,GPU
2026-04-22 23:18:29.307,92.741,22.506,45.631,0.759,1.783,7.233,8.966,0.051,false,20.301,LIGHT,9,0,sequential_yolo_pose,SM-S906U1,GPU
2026-04-22 23:18:29.417,103.006,30.508,44.758,0.859,2.153,10.816,9.917,0.044,false,20.363,LIGHT,10,0,sequential_yolo_pose,SM-S906U1,GPU
2026-04-22 23:18:29.523,102.185,27.532,45.033,0.935,1.786,8.612,14.066,0.082,false,20.328,LIGHT,10,0,sequential_yolo_pose,SM-S906U1,GPU
2026-04-22 23:18:29.610,79.677,27.424,46.011,0.910,0.000,0.000,0.000,0.000,true,16.871,LIGHT,10,0,sequential_yolo_pose,SM-S906U1,GPU
2026-04-22 23:18:29.694,76.801,21.246,52.229,0.442,0.000,0.000,0.000,0.000,true,30.547,LIGHT,10,0,sequential_yolo_pose,SM-S906U1,GPU
2026-04-22 23:18:29.790,91.136,38.564,47.129,0.737,0.000,0.000,0.000,0.000,true,18.656,LIGHT,10,0,sequential_yolo_pose,SM-S906U1,GPU
2026-04-22 23:18:29.904,107.382,33.377,47.765,1.340,2.616,6.031,10.285,0.041,false,35.539,LIGHT,10,0,sequential_yolo_pose,SM-S906U1,GPU
2026-04-22 23:18:29.993,85.000,22.002,44.713,0.597,1.783,3.528,9.207,0.052,false,17.258,LIGHT,10,0,sequential_yolo_pose,SM-S906U1,GPU
2026-04-22 23:18:30.091,92.275,28.109,44.907,1.505,0.979,3.583,9.112,0.049,false,20.207,LIGHT,10,0,sequential_yolo_pose,SM-S906U1,GPU
2026-04-22 23:18:30.187,91.310,25.030,43.677,0.860,1.658,6.333,9.905,0.052,false,20.355,LIGHT,10,0,sequential_yolo_pose,SM-S906U1,GPU
2026-04-22 23:18:30.289,95.420,26.336,43.642,0.665,1.514,7.210,11.919,0.295,false,20.297,LIGHT,10,0,sequential_yolo_pose,SM-S906U1,GPU
2026-04-22 23:18:30.390,96.400,25.166,46.132,0.523,2.632,7.492,10.208,0.056,false,20.516,LIGHT,10,0,sequential_yolo_pose,SM-S906U1,GPU
2026-04-22 23:18:30.490,95.338,21.653,44.080,0.700,1.921,7.354,15.804,0.055,false,20.395,LIGHT,10,0,sequential_yolo_pose,SM-S906U1,GPU
2026-04-22 23:18:30.601,103.974,27.090,45.895,0.962,2.241,10.982,12.692,0.050,false,20.332,LIGHT,10,0,sequential_yolo_pose,SM-S906U1,GPU
2026-04-22 23:18:30.704,98.279,27.198,44.228,0.595,2.544,6.881,9.552,0.032,false,20.301,LIGHT,10,0,sequential_yolo_pose,SM-S906U1,GPU
2026-04-22 23:18:30.805,96.203,20.952,45.696,0.803,6.398,7.980,10.815,0.044,false,20.328,LIGHT,10,0,sequential_yolo_pose,SM-S906U1,GPU
2026-04-22 23:18:30.912,94.913,25.564,44.740,0.642,1.783,8.280,10.342,0.047,false,20.266,LIGHT,10,0,sequential_yolo_pose,SM-S906U1,GPU
2026-04-22 23:18:31.016,97.503,25.879,44.784,0.793,2.172,8.060,10.528,0.049,false,20.301,LIGHT,10,0,sequential_yolo_pose,SM-S906U1,GPU
2026-04-22 23:18:31.122,101.367,26.770,45.105,0.815,2.008,8.286,13.894,0.051,false,20.332,LIGHT,10,0,sequential_yolo_pose,SM-S906U1,GPU
2026-04-22 23:18:31.233,106.257,24.418,45.738,1.279,3.144,17.920,9.615,0.058,false,20.422,LIGHT,10,0,sequential_yolo_pose,SM-S906U1,GPU
2026-04-22 23:18:31.341,103.100,30.699,45.511,1.077,2.446,8.332,10.352,0.048,false,20.332,LIGHT,10,0,sequential_yolo_pose,SM-S906U1,GPU
2026-04-22 23:18:31.446,93.985,24.065,45.467,0.954,1.861,6.914,9.645,1.054,false,20.336,LIGHT,10,0,sequential_yolo_pose,SM-S906U1,GPU
2026-04-22 23:18:31.551,99.879,27.350,48.376,0.696,1.608,6.504,10.586,0.214,false,20.301,LIGHT,10,0,sequential_yolo_pose,SM-S906U1,GPU
2026-04-22 23:18:31.660,104.002,26.687,46.486,1.602,3.509,10.824,10.633,0.031,false,20.301,LIGHT,10,0,sequential_yolo_pose,SM-S906U1,GPU
2026-04-22 23:18:31.766,101.659,26.557,46.787,2.097,2.383,9.197,10.448,0.041,false,20.320,LIGHT,10,0,sequential_yolo_pose,SM-S906U1,GPU
2026-04-22 23:18:31.869,98.619,26.783,45.035,1.106,3.833,7.390,9.475,0.044,false,20.332,LIGHT,10,0,sequential_yolo_pose,SM-S906U1,GPU
2026-04-22 23:18:31.969,95.220,24.476,44.526,1.303,4.388,7.521,8.839,0.048,false,20.332,LIGHT,10,0,sequential_yolo_pose,SM-S906U1,GPU
2026-04-22 23:18:32.079,103.568,28.115,43.962,0.870,1.922,7.988,11.213,0.077,false,20.297,LIGHT,10,0,sequential_yolo_pose,SM-S906U1,GPU
2026-04-22 23:18:32.184,96.148,29.249,44.751,0.761,1.828,6.445,9.221,0.044,false,20.328,LIGHT,10,0,sequential_yolo_pose,SM-S906U1,GPU
2026-04-22 23:18:32.278,87.720,23.199,44.979,0.502,1.311,4.238,9.643,0.045,false,20.363,LIGHT,10,0,sequential_yolo_pose,SM-S906U1,GPU
2026-04-22 23:18:32.360,79.265,16.949,44.776,0.455,1.374,4.495,8.603,0.051,false,20.395,LIGHT,10,0,sequential_yolo_pose,SM-S906U1,GPU
2026-04-22 23:18:32.463,99.594,24.915,45.446,0.880,1.474,13.328,10.223,0.033,false,20.395,LIGHT,10,0,sequential_yolo_pose,SM-S906U1,GPU
2026-04-22 23:18:32.558,90.946,24.339,45.364,0.438,1.108,6.537,9.891,0.034,false,20.387,LIGHT,10,0,sequential_yolo_pose,SM-S906U1,GPU
2026-04-22 23:18:32.654,91.251,22.761,45.829,0.743,1.457,5.462,11.575,0.042,false,20.391,LIGHT,10,0,sequential_yolo_pose,SM-S906U1,GPU
2026-04-22 23:18:32.753,95.569,22.037,51.045,0.728,1.577,6.188,10.546,0.029,false,20.332,LIGHT,10,0,sequential_yolo_pose,SM-S906U1,GPU
2026-04-22 23:18:32.842,84.766,20.691,45.665,0.458,1.151,4.690,8.652,0.063,false,20.301,LIGHT,10,0,sequential_yolo_pose,SM-S906U1,GPU
2026-04-22 23:18:32.937,90.370,23.277,45.028,0.927,1.860,6.158,9.316,0.039,false,20.270,LIGHT,10,0,sequential_yolo_pose,SM-S906U1,GPU
2026-04-22 23:18:33.039,95.038,21.103,48.036,0.678,1.555,6.141,9.501,0.051,false,20.328,LIGHT,10,0,sequential_yolo_pose,SM-S906U1,GPU
2026-04-22 23:18:33.134,87.981,20.861,48.209,0.598,1.957,3.916,8.912,0.035,false,20.301,LIGHT,10,0,sequential_yolo_pose,SM-S906U1,GPU
2026-04-22 23:18:33.225,88.047,21.848,43.805,0.845,1.571,6.965,9.790,0.025,false,20.387,LIGHT,10,0,sequential_yolo_pose,SM-S906U1,GPU
2026-04-22 23:18:33.320,89.405,23.670,43.565,0.596,1.346,6.213,10.521,0.053,false,20.266,LIGHT,10,0,sequential_yolo_pose,SM-S906U1,GPU
2026-04-22 23:18:33.398,73.086,24.729,45.262,0.266,0.000,0.000,0.000,0.000,true,16.934,LIGHT,10,0,sequential_yolo_pose,SM-S906U1,GPU
2026-04-22 23:18:33.476,72.968,22.691,46.051,0.334,0.000,0.000,0.000,0.000,true,30.672,LIGHT,10,0,sequential_yolo_pose,SM-S906U1,GPU
2026-04-22 23:18:33.570,85.641,18.743,46.412,0.525,1.579,6.058,8.783,0.028,false,17.231,LIGHT,10,0,sequential_yolo_pose,SM-S906U1,GPU
2026-04-22 23:18:33.651,74.634,22.653,48.451,0.281,0.000,0.000,0.000,0.000,true,16.937,LIGHT,10,0,sequential_yolo_pose,SM-S906U1,GPU
2026-04-22 23:18:33.753,96.734,25.327,46.232,0.664,1.462,6.393,11.690,0.045,false,33.914,LIGHT,10,0,sequential_yolo_pose,SM-S906U1,GPU
2026-04-22 23:18:33.863,96.703,25.582,46.888,0.626,2.291,8.048,9.337,0.054,false,20.391,LIGHT,10,0,sequential_yolo_pose,SM-S906U1,GPU
2026-04-22 23:18:33.962,93.784,24.777,43.348,0.804,3.458,7.312,10.239,0.028,false,20.383,LIGHT,10,0,sequential_yolo_pose,SM-S906U1,GPU
2026-04-22 23:18:34.065,96.715,22.632,47.365,0.794,3.029,6.602,12.919,0.044,false,20.359,LIGHT,10,0,sequential_yolo_pose,SM-S906U1,GPU
2026-04-22 23:18:34.158,88.171,17.491,48.482,0.638,1.392,5.406,11.365,0.034,false,20.391,LIGHT,10,0,sequential_yolo_pose,SM-S906U1,GPU
2026-04-22 23:18:34.256,94.306,22.077,48.847,0.803,1.754,6.368,11.312,0.041,false,14.465,LIGHT,10,0,sequential_yolo_pose,SM-S906U1,GPU
2026-04-22 23:18:34.368,107.058,30.898,48.915,1.288,2.653,8.742,9.871,0.055,false,21.473,LIGHT,10,0,sequential_yolo_pose,SM-S906U1,GPU
2026-04-22 23:18:34.497,123.645,30.902,49.840,1.187,2.085,19.661,13.356,0.072,false,12.797,LIGHT,11,0,sequential_yolo_pose,SM-S906U1,GPU
2026-04-22 23:18:34.607,104.958,27.045,50.047,1.241,2.719,8.472,10.044,0.056,false,20.266,LIGHT,11,0,sequential_yolo_pose,SM-S906U1,GPU
2026-04-22 23:18:34.715,97.804,23.137,48.758,0.996,1.782,7.525,11.606,0.042,false,20.328,LIGHT,11,0,sequential_yolo_pose,SM-S906U1,GPU
2026-04-22 23:18:34.832,109.115,26.710,48.457,1.177,2.758,11.426,14.659,0.051,false,20.359,LIGHT,11,0,sequential_yolo_pose,SM-S906U1,GPU
2026-04-22 23:18:34.953,115.053,28.329,50.112,1.454,2.714,10.452,17.113,0.037,false,20.332,LIGHT,11,0,sequential_yolo_pose,SM-S906U1,GPU
2026-04-22 23:18:35.063,105.465,27.908,48.213,0.983,1.876,10.937,11.611,0.036,false,20.328,LIGHT,11,0,sequential_yolo_pose,SM-S906U1,GPU
2026-04-22 23:18:35.168,100.011,27.266,50.923,0.456,1.142,5.952,8.938,0.063,false,20.234,LIGHT,11,0,sequential_yolo_pose,SM-S906U1,GPU
2026-04-22 23:18:35.286,111.526,29.196,49.334,0.911,2.347,8.989,13.278,0.051,false,20.445,LIGHT,11,0,sequential_yolo_pose,SM-S906U1,GPU
2026-04-22 23:18:35.403,111.065,29.848,49.725,0.880,2.640,11.772,12.075,0.057,false,20.352,LIGHT,8,0,sequential_yolo_pose,SM-S906U1,GPU
2026-04-22 23:18:35.506,95.785,25.368,49.256,0.560,1.421,5.006,9.928,0.043,false,20.301,LIGHT,8,0,sequential_yolo_pose,SM-S906U1,GPU
2026-04-22 23:18:35.607,97.100,20.889,49.489,1.144,2.402,8.995,10.397,0.046,false,20.320,LIGHT,8,0,sequential_yolo_pose,SM-S906U1,GPU
2026-04-22 23:18:35.727,110.852,24.793,52.834,1.523,2.896,10.546,12.707,0.058,false,20.297,LIGHT,8,0,sequential_yolo_pose,SM-S906U1,GPU
2026-04-22 23:18:35.841,109.308,26.380,49.368,1.643,2.576,11.266,13.791,0.043,false,20.359,LIGHT,8,0,sequential_yolo_pose,SM-S906U1,GPU
2026-04-22 23:18:35.945,99.604,24.626,48.748,0.778,1.870,7.294,12.263,0.052,false,20.332,LIGHT,8,0,sequential_yolo_pose,SM-S906U1,GPU
2026-04-22 23:18:36.064,114.187,29.135,48.911,0.752,2.000,11.656,17.421,0.047,false,20.422,LIGHT,8,0,sequential_yolo_pose,SM-S906U1,GPU
2026-04-22 23:18:36.173,104.395,28.655,47.450,1.001,2.571,9.253,10.748,0.050,false,20.266,LIGHT,8,0,sequential_yolo_pose,SM-S906U1,GPU
2026-04-22 23:18:36.281,102.460,30.601,50.517,0.507,1.337,5.311,11.203,0.042,false,20.359,LIGHT,8,0,sequential_yolo_pose,SM-S906U1,GPU
2026-04-22 23:18:36.388,102.264,26.701,49.916,0.487,1.774,9.022,10.366,0.058,false,20.266,LIGHT,8,0,sequential_yolo_pose,SM-S906U1,GPU
2026-04-22 23:18:36.497,104.768,27.212,49.932,1.093,2.474,10.234,9.762,0.053,false,20.426,LIGHT,10,0,sequential_yolo_pose,SM-S906U1,GPU
2026-04-22 23:18:36.601,99.249,23.372,50.661,0.617,1.648,6.313,10.423,0.050,false,20.270,LIGHT,10,0,sequential_yolo_pose,SM-S906U1,GPU
2026-04-22 23:18:36.707,100.972,27.066,52.081,0.691,1.856,5.212,9.965,0.044,false,20.297,LIGHT,10,0,sequential_yolo_pose,SM-S906U1,GPU
2026-04-22 23:18:36.820,106.186,29.233,49.279,0.524,2.014,7.891,10.831,0.048,false,20.328,LIGHT,10,0,sequential_yolo_pose,SM-S906U1,GPU
2026-04-22 23:18:36.929,102.885,27.235,48.098,1.071,2.195,8.310,11.964,0.049,false,20.324,LIGHT,10,0,sequential_yolo_pose,SM-S906U1,GPU
2026-04-22 23:18:37.035,102.450,27.917,49.472,1.232,2.220,7.664,9.798,0.055,false,20.363,LIGHT,10,0,sequential_yolo_pose,SM-S906U1,GPU
2026-04-22 23:18:37.145,105.221,27.147,49.819,0.803,1.774,6.707,11.727,0.048,false,20.297,LIGHT,10,0,sequential_yolo_pose,SM-S906U1,GPU
2026-04-22 23:18:37.260,109.355,28.404,50.271,0.874,2.556,11.273,11.497,0.045,false,20.328,LIGHT,10,0,sequential_yolo_pose,SM-S906U1,GPU
2026-04-22 23:18:37.379,111.905,29.926,52.047,1.184,2.878,9.371,12.151,0.081,false,20.301,LIGHT,10,0,sequential_yolo_pose,SM-S906U1,GPU
2026-04-22 23:18:37.491,105.070,28.938,47.454,0.572,1.485,7.481,14.865,0.041,false,20.391,LIGHT,9,0,sequential_yolo_pose,SM-S906U1,GPU
2026-04-22 23:18:37.604,107.384,27.774,50.785,1.086,2.717,10.162,10.820,0.058,false,20.332,LIGHT,9,0,sequential_yolo_pose,SM-S906U1,GPU
2026-04-22 23:18:37.724,111.688,26.823,50.099,0.679,1.918,8.936,17.627,0.063,false,20.332,LIGHT,9,0,sequential_yolo_pose,SM-S906U1,GPU
2026-04-22 23:18:37.835,106.096,29.839,49.726,1.016,2.835,9.026,9.503,0.047,false,20.301,LIGHT,9,0,sequential_yolo_pose,SM-S906U1,GPU
2026-04-22 23:18:37.941,99.069,27.443,47.758,0.600,1.349,5.351,9.413,0.047,false,20.266,LIGHT,9,0,sequential_yolo_pose,SM-S906U1,GPU
2026-04-22 23:18:38.051,106.000,27.611,48.950,0.560,1.296,6.230,17.321,0.028,false,20.363,LIGHT,9,0,sequential_yolo_pose,SM-S906U1,GPU
2026-04-22 23:18:38.157,101.817,20.928,47.847,1.367,2.885,10.963,13.589,0.068,false,14.492,LIGHT,9,0,sequential_yolo_pose,SM-S906U1,GPU
2026-04-22 23:18:38.281,117.470,25.225,52.020,1.255,7.639,11.610,14.984,0.080,false,21.590,LIGHT,9,0,sequential_yolo_pose,SM-S906U1,GPU
2026-04-22 23:18:38.390,103.100,26.707,48.406,0.564,1.984,9.413,11.931,0.057,false,38.442,LIGHT,9,0,sequential_yolo_pose,SM-S906U1,GPU
2026-04-22 23:18:38.508,105.541,32.199,49.783,0.756,1.798,6.468,10.398,0.066,false,20.266,LIGHT,9,0,sequential_yolo_pose,SM-S906U1,GPU
2026-04-22 23:18:38.628,114.044,31.954,52.033,0.743,1.707,11.215,10.854,0.046,false,20.426,LIGHT,9,0,sequential_yolo_pose,SM-S906U1,GPU
2026-04-22 23:18:38.729,97.136,23.587,48.564,0.998,2.023,8.451,9.465,0.058,false,20.332,LIGHT,9,0,sequential_yolo_pose,SM-S906U1,GPU
2026-04-22 23:18:38.844,109.918,29.394,50.494,1.116,2.247,9.269,11.786,0.082,false,20.332,LIGHT,9,0,sequential_yolo_pose,SM-S906U1,GPU
2026-04-22 23:18:38.961,107.170,24.937,50.431,1.036,2.457,15.410,8.888,0.041,false,20.391,LIGHT,9,0,sequential_yolo_pose,SM-S906U1,GPU
2026-04-22 23:18:39.068,102.607,28.371,51.130,0.853,1.654,7.637,9.039,0.035,false,20.363,LIGHT,9,0,sequential_yolo_pose,SM-S906U1,GPU
2026-04-22 23:18:39.174,101.488,26.716,50.166,0.759,1.357,5.394,11.578,0.036,false,20.359,LIGHT,9,0,sequential_yolo_pose,SM-S906U1,GPU
2026-04-22 23:18:39.288,107.720,26.858,50.490,0.643,2.549,12.050,9.912,0.058,false,20.332,LIGHT,9,0,sequential_yolo_pose,SM-S906U1,GPU
2026-04-22 23:18:39.394,101.502,29.787,47.359,0.593,3.148,6.573,9.528,0.042,false,20.320,LIGHT,9,0,sequential_yolo_pose,SM-S906U1,GPU
2026-04-22 23:18:39.502,102.972,29.135,50.519,1.374,1.488,5.352,10.860,0.049,false,20.270,LIGHT,9,0,sequential_yolo_pose,SM-S906U1,GPU
2026-04-22 23:18:39.613,105.747,25.562,50.298,0.970,1.941,8.365,12.262,0.055,false,20.266,LIGHT,9,0,sequential_yolo_pose,SM-S906U1,GPU
2026-04-22 23:18:39.732,111.278,28.606,48.782,1.274,7.967,9.026,9.560,0.045,false,20.359,LIGHT,9,0,sequential_yolo_pose,SM-S906U1,GPU
2026-04-22 23:18:39.836,100.092,23.632,48.579,1.627,2.252,8.183,11.253,0.044,false,20.332,LIGHT,9,0,sequential_yolo_pose,SM-S906U1,GPU
2026-04-22 23:18:39.943,100.579,28.481,49.585,0.561,1.236,5.356,10.867,0.090,false,20.266,LIGHT,9,0,sequential_yolo_pose,SM-S906U1,GPU
2026-04-22 23:18:40.048,100.652,20.971,54.555,0.862,1.952,8.319,10.803,0.079,false,20.262,LIGHT,9,0,sequential_yolo_pose,SM-S906U1,GPU
2026-04-22 23:18:40.156,103.550,26.255,49.503,0.921,2.451,7.762,12.406,0.060,false,14.465,LIGHT,9,0,sequential_yolo_pose,SM-S906U1,GPU
2026-04-22 23:18:40.267,106.588,30.740,47.153,0.873,3.577,10.608,9.694,0.047,false,21.473,LIGHT,9,0,sequential_yolo_pose,SM-S906U1,GPU
2026-04-22 23:18:40.370,97.605,26.148,49.118,0.504,1.398,6.663,9.526,0.045,false,38.449,LIGHT,9,0,sequential_yolo_pose,SM-S906U1,GPU
2026-04-22 23:18:40.485,106.660,26.107,49.539,0.692,1.858,5.734,13.037,0.039,false,29.180,LIGHT,9,0,sequential_yolo_pose,SM-S906U1,GPU
2026-04-22 23:18:40.603,108.710,29.608,48.702,2.526,2.937,10.892,9.825,0.041,false,20.387,LIGHT,9,0,sequential_yolo_pose,SM-S906U1,GPU
2026-04-22 23:18:40.711,101.441,29.321,47.670,0.592,1.330,5.111,10.605,0.073,false,20.266,LIGHT,9,0,sequential_yolo_pose,SM-S906U1,GPU
2026-04-22 23:18:40.794,76.606,20.924,52.115,0.274,0.000,0.000,0.000,0.000,true,16.996,LIGHT,9,0,sequential_yolo_pose,SM-S906U1,GPU
2026-04-22 23:18:40.908,109.176,27.726,50.746,0.889,4.039,9.389,11.292,0.042,false,33.942,LIGHT,9,0,sequential_yolo_pose,SM-S906U1,GPU
2026-04-22 23:18:41.032,108.820,28.003,49.492,0.768,2.040,10.405,14.120,0.042,false,20.359,LIGHT,9,0,sequential_yolo_pose,SM-S906U1,GPU
2026-04-22 23:18:41.119,83.405,25.838,51.438,0.505,0.000,0.000,0.000,0.000,true,16.906,LIGHT,9,0,sequential_yolo_pose,SM-S906U1,GPU
2026-04-22 23:18:41.235,111.053,24.616,51.137,1.039,2.499,17.331,10.333,0.051,false,33.946,LIGHT,9,0,sequential_yolo_pose,SM-S906U1,GPU
2026-04-22 23:18:41.356,110.103,24.816,49.651,0.760,2.298,11.097,15.166,0.046,false,30.289,LIGHT,9,0,sequential_yolo_pose,SM-S906U1,GPU
2026-04-22 23:18:41.472,110.868,27.261,51.124,1.307,6.619,10.092,9.976,0.045,false,29.555,LIGHT,9,0,sequential_yolo_pose,SM-S906U1,GPU
2026-04-22 23:18:41.583,97.319,26.332,47.482,0.632,1.672,7.283,9.679,0.062,false,20.270,LIGHT,9,0,sequential_yolo_pose,SM-S906U1,GPU
2026-04-22 23:18:41.692,101.807,22.798,49.203,1.111,2.861,11.360,10.227,0.057,false,20.328,LIGHT,9,0,sequential_yolo_pose,SM-S906U1,GPU
2026-04-22 23:18:41.806,110.769,29.537,49.235,1.313,4.467,9.734,12.170,0.060,false,20.328,LIGHT,9,0,sequential_yolo_pose,SM-S906U1,GPU
2026-04-22 23:18:41.913,101.101,23.650,51.700,0.861,1.686,6.730,10.818,0.039,false,20.328,LIGHT,9,0,sequential_yolo_pose,SM-S906U1,GPU
2026-04-22 23:18:42.031,108.955,29.251,50.478,1.090,7.338,6.234,10.036,0.042,false,20.328,LIGHT,9,0,sequential_yolo_pose,SM-S906U1,GPU
2026-04-22 23:18:42.138,103.146,26.126,48.464,1.072,4.044,8.982,10.415,0.052,false,20.320,LIGHT,9,0,sequential_yolo_pose,SM-S906U1,GPU
2026-04-22 23:18:42.246,101.237,25.486,50.694,0.777,1.915,6.928,10.926,0.052,false,20.328,LIGHT,9,0,sequential_yolo_pose,SM-S906U1,GPU
2026-04-22 23:18:42.360,107.183,26.244,49.840,0.838,1.854,10.689,13.381,0.046,false,20.359,LIGHT,9,0,sequential_yolo_pose,SM-S906U1,GPU
2026-04-22 23:18:42.466,101.013,30.537,49.539,0.449,0.926,5.889,9.540,0.050,false,20.234,LIGHT,9,0,sequential_yolo_pose,SM-S906U1,GPU
2026-04-22 23:18:42.566,95.578,26.123,49.604,0.696,1.265,4.875,8.961,0.053,false,20.344,LIGHT,9,0,sequential_yolo_pose,SM-S906U1,GPU
2026-04-22 23:18:42.683,112.275,26.970,50.915,1.055,2.415,9.369,14.713,0.048,false,20.363,LIGHT,9,0,sequential_yolo_pose,SM-S906U1,GPU
2026-04-22 23:18:42.797,106.943,21.566,53.443,0.882,2.906,11.333,13.255,0.060,false,20.359,LIGHT,9,0,sequential_yolo_pose,SM-S906U1,GPU
2026-04-22 23:18:42.921,117.381,32.025,49.441,0.934,2.437,8.920,18.093,0.060,false,20.359,LIGHT,9,0,sequential_yolo_pose,SM-S906U1,GPU
2026-04-22 23:18:43.036,110.838,27.950,50.030,0.716,3.037,14.432,10.205,0.050,false,20.391,LIGHT,9,0,sequential_yolo_pose,SM-S906U1,GPU
2026-04-22 23:18:43.140,99.630,25.473,52.487,0.591,1.520,5.089,10.344,0.048,false,20.332,LIGHT,9,0,sequential_yolo_pose,SM-S906U1,GPU
2026-04-22 23:18:43.245,98.035,28.110,47.230,0.576,1.391,5.348,11.213,0.044,false,20.359,LIGHT,9,0,sequential_yolo_pose,SM-S906U1,GPU
2026-04-22 23:18:43.362,109.661,27.982,48.660,1.223,3.098,10.828,13.827,0.053,false,20.391,LIGHT,9,0,sequential_yolo_pose,SM-S906U1,GPU
2026-04-22 23:18:43.472,103.511,29.068,51.534,1.335,2.004,5.299,10.162,0.040,false,20.297,LIGHT,9,0,sequential_yolo_pose,SM-S906U1,GPU
2026-04-22 23:18:43.569,91.598,22.022,47.630,0.662,1.633,5.807,9.563,0.056,false,20.363,LIGHT,9,0,sequential_yolo_pose,SM-S906U1,GPU
2026-04-22 23:18:43.685,110.376,29.465,51.736,0.648,1.313,6.333,13.086,0.051,false,20.395,LIGHT,9,0,sequential_yolo_pose,SM-S906U1,GPU
2026-04-22 23:18:43.789,100.505,23.591,49.815,1.177,2.224,9.343,10.431,0.050,false,20.359,LIGHT,9,0,sequential_yolo_pose,SM-S906U1,GPU
2026-04-22 23:18:43.902,108.209,26.352,48.293,1.283,4.333,13.155,10.094,0.032,false,20.363,LIGHT,9,0,sequential_yolo_pose,SM-S906U1,GPU
2026-04-22 23:18:44.002,94.818,26.065,48.486,0.615,1.279,5.187,9.316,0.043,false,20.316,LIGHT,9,0,sequential_yolo_pose,SM-S906U1,GPU
2026-04-22 23:18:44.107,100.072,22.438,52.139,1.090,2.443,8.457,9.757,0.043,false,20.320,LIGHT,9,0,sequential_yolo_pose,SM-S906U1,GPU
2026-04-22 23:18:44.217,103.600,26.728,51.407,0.759,1.546,7.054,11.865,0.048,false,20.332,LIGHT,9,0,sequential_yolo_pose,SM-S906U1,GPU
2026-04-22 23:18:44.320,99.600,27.177,47.591,0.655,1.473,6.749,11.804,0.074,false,20.320,LIGHT,9,0,sequential_yolo_pose,SM-S906U1,GPU
2026-04-22 23:18:44.435,110.664,26.708,49.660,1.310,2.849,15.639,10.305,0.056,false,20.391,LIGHT,9,0,sequential_yolo_pose,SM-S906U1,GPU
2026-04-22 23:18:44.547,107.835,30.079,47.872,0.933,2.500,7.844,14.585,0.050,false,20.332,LIGHT,10,0,sequential_yolo_pose,SM-S906U1,GPU
2026-04-22 23:18:44.656,101.984,25.469,50.898,0.681,1.596,8.239,10.761,0.073,false,20.297,LIGHT,10,0,sequential_yolo_pose,SM-S906U1,GPU
2026-04-22 23:18:44.768,108.152,27.915,50.708,1.569,2.561,9.653,10.683,0.280,false,20.328,LIGHT,10,0,sequential_yolo_pose,SM-S906U1,GPU
2026-04-22 23:18:44.881,106.199,26.663,51.701,0.901,1.953,7.774,12.134,0.060,false,20.355,LIGHT,10,0,sequential_yolo_pose,SM-S906U1,GPU
2026-04-22 23:18:44.994,107.224,30.213,48.995,0.829,2.880,8.643,11.100,0.056,false,20.391,LIGHT,10,0,sequential_yolo_pose,SM-S906U1,GPU
2026-04-22 23:18:45.104,106.134,26.711,50.622,1.156,2.830,10.904,9.703,0.044,false,20.328,LIGHT,10,0,sequential_yolo_pose,SM-S906U1,GPU
2026-04-22 23:18:45.207,98.269,25.863,47.708,0.712,1.872,7.481,10.084,0.044,false,20.340,LIGHT,10,0,sequential_yolo_pose,SM-S906U1,GPU
2026-04-22 23:18:45.318,106.259,28.254,50.116,0.698,2.127,9.376,11.164,0.062,false,20.301,LIGHT,10,0,sequential_yolo_pose,SM-S906U1,GPU
2026-04-22 23:18:45.421,98.918,24.321,49.124,0.896,2.349,7.599,9.662,0.069,false,20.328,LIGHT,10,0,sequential_yolo_pose,SM-S906U1,GPU
2026-04-22 23:18:45.531,105.563,28.038,49.337,2.986,3.344,8.217,9.190,0.061,false,20.391,LIGHT,9,0,sequential_yolo_pose,SM-S906U1,GPU
2026-04-22 23:18:45.641,106.081,28.566,50.947,0.785,2.010,8.053,11.780,0.047,false,20.270,LIGHT,9,0,sequential_yolo_pose,SM-S906U1,GPU
2026-04-22 23:18:45.745,98.161,21.701,49.116,0.568,1.292,5.667,14.054,0.057,false,20.301,LIGHT,9,0,sequential_yolo_pose,SM-S906U1,GPU
2026-04-22 23:18:45.867,112.073,30.103,50.156,0.632,4.335,11.336,10.854,0.056,false,20.328,LIGHT,9,0,sequential_yolo_pose,SM-S906U1,GPU
2026-04-22 23:18:45.978,107.014,35.848,47.185,0.598,1.757,5.022,12.256,0.050,false,20.297,LIGHT,9,0,sequential_yolo_pose,SM-S906U1,GPU
2026-04-22 23:18:46.091,106.885,27.123,51.265,1.009,2.750,10.319,10.293,0.067,false,20.328,LIGHT,9,0,sequential_yolo_pose,SM-S906U1,GPU
2026-04-22 23:18:46.203,106.091,29.740,50.145,2.493,2.691,7.083,9.868,0.040,false,20.363,LIGHT,9,0,sequential_yolo_pose,SM-S906U1,GPU
2026-04-22 23:18:46.307,99.784,28.377,48.875,0.585,1.363,4.826,9.730,0.041,false,20.297,LIGHT,9,0,sequential_yolo_pose,SM-S906U1,GPU
2026-04-22 23:18:46.420,106.566,28.111,51.716,0.512,1.208,8.048,12.067,0.051,false,14.461,LIGHT,9,0,sequential_yolo_pose,SM-S906U1,GPU
2026-04-22 23:18:46.520,96.005,25.026,48.650,1.148,1.962,5.254,9.902,0.075,false,21.738,LIGHT,9,0,sequential_yolo_pose,SM-S906U1,GPU
2026-04-22 23:18:46.628,104.200,26.689,48.803,0.881,2.269,8.885,12.532,0.086,false,38.590,LIGHT,9,0,sequential_yolo_pose,SM-S906U1,GPU
2026-04-22 23:18:46.743,97.454,22.450,50.416,0.489,1.331,4.946,10.735,0.043,false,20.266,LIGHT,9,0,sequential_yolo_pose,SM-S906U1,GPU
2026-04-22 23:18:46.870,120.666,27.938,52.851,1.088,5.202,17.524,11.801,0.057,false,20.422,LIGHT,9,0,sequential_yolo_pose,SM-S906U1,GPU
2026-04-22 23:18:46.975,98.330,27.941,48.304,0.885,1.324,5.414,10.179,0.042,false,20.234,LIGHT,9,0,sequential_yolo_pose,SM-S906U1,GPU
2026-04-22 23:18:47.072,92.188,20.686,49.572,0.578,1.459,6.381,9.653,0.055,false,20.359,LIGHT,9,0,sequential_yolo_pose,SM-S906U1,GPU
2026-04-22 23:18:47.193,115.560,32.396,50.620,0.566,1.295,9.524,17.087,0.054,false,20.363,LIGHT,9,0,sequential_yolo_pose,SM-S906U1,GPU
2026-04-22 23:18:47.308,107.880,30.734,50.661,0.965,2.448,7.915,10.902,0.062,false,20.328,LIGHT,9,0,sequential_yolo_pose,SM-S906U1,GPU
2026-04-22 23:18:47.424,107.314,29.160,49.376,0.732,1.705,10.163,12.018,0.058,false,20.328,LIGHT,9,0,sequential_yolo_pose,SM-S906U1,GPU
2026-04-22 23:18:47.529,100.104,27.373,50.851,0.524,1.542,5.814,9.952,0.044,false,20.453,LIGHT,9,0,sequential_yolo_pose,SM-S906U1,GPU
2026-04-22 23:18:47.638,104.237,27.584,49.416,0.691,2.393,8.635,11.298,0.053,false,20.270,LIGHT,9,0,sequential_yolo_pose,SM-S906U1,GPU
2026-04-22 23:18:47.749,103.795,31.196,46.488,0.714,1.719,6.440,11.745,0.057,false,20.266,LIGHT,9,0,sequential_yolo_pose,SM-S906U1,GPU
2026-04-22 23:18:47.858,104.264,28.339,46.629,1.089,2.221,9.114,12.996,0.046,false,20.328,LIGHT,9,0,sequential_yolo_pose,SM-S906U1,GPU
2026-04-22 23:18:47.966,102.954,29.857,49.570,0.767,1.438,7.028,10.123,0.045,false,20.301,LIGHT,9,0,sequential_yolo_pose,SM-S906U1,GPU
2026-04-22 23:18:48.079,108.634,27.138,50.042,1.346,2.495,9.673,13.309,0.052,false,20.332,LIGHT,9,0,sequential_yolo_pose,SM-S906U1,GPU
2026-04-22 23:18:48.182,98.099,26.542,50.190,0.697,1.275,5.232,9.995,0.047,false,20.332,LIGHT,9,0,sequential_yolo_pose,SM-S906U1,GPU
2026-04-22 23:18:48.291,103.815,27.326,49.828,0.792,1.629,8.888,11.381,0.052,false,20.270,LIGHT,9,0,sequential_yolo_pose,SM-S906U1,GPU
2026-04-22 23:18:48.407,110.055,31.206,51.970,2.697,2.023,7.511,10.421,0.050,false,20.332,LIGHT,9,0,sequential_yolo_pose,SM-S906U1,GPU
2026-04-22 23:18:48.521,103.460,25.816,49.373,0.846,1.657,8.809,12.654,0.041,false,20.328,LIGHT,9,0,sequential_yolo_pose,SM-S906U1,GPU
2026-04-22 23:18:48.632,106.405,29.395,48.107,0.771,4.739,9.664,9.698,0.059,false,20.356,LIGHT,9,0,sequential_yolo_pose,SM-S906U1,GPU
2026-04-22 23:18:48.741,104.406,30.528,49.478,0.842,1.710,7.026,10.081,0.051,false,20.328,LIGHT,9,0,sequential_yolo_pose,SM-S906U1,GPU
2026-04-22 23:18:48.849,100.163,20.877,50.664,1.231,2.743,8.630,12.602,0.061,false,20.266,LIGHT,9,0,sequential_yolo_pose,SM-S906U1,GPU
2026-04-22 23:18:48.964,108.867,27.202,50.271,1.168,2.715,11.064,11.971,0.052,false,20.391,LIGHT,9,0,sequential_yolo_pose,SM-S906U1,GPU
2026-04-22 23:18:49.068,98.897,22.124,50.719,1.227,2.717,7.970,9.859,0.056,false,20.297,LIGHT,9,0,sequential_yolo_pose,SM-S906U1,GPU
2026-04-22 23:18:49.182,107.059,28.569,49.859,0.995,2.403,8.850,11.282,0.068,false,20.301,LIGHT,9,0,sequential_yolo_pose,SM-S906U1,GPU
2026-04-22 23:18:49.304,116.375,31.814,47.830,0.994,2.489,17.668,9.872,0.053,false,20.359,LIGHT,9,0,sequential_yolo_pose,SM-S906U1,GPU
2026-04-22 23:18:49.418,109.674,28.682,52.963,0.697,2.366,8.371,10.664,0.039,false,20.301,LIGHT,9,0,sequential_yolo_pose,SM-S906U1,GPU
2026-04-22 23:18:49.527,102.311,26.637,52.097,0.513,1.447,6.828,9.185,0.053,false,20.484,LIGHT,9,0,sequential_yolo_pose,SM-S906U1,GPU
2026-04-22 23:18:49.638,103.692,31.599,51.459,0.597,1.276,5.119,9.528,0.049,false,20.332,LIGHT,9,0,sequential_yolo_pose,SM-S906U1,GPU
2026-04-22 23:18:49.726,81.083,27.881,48.903,0.454,0.000,0.000,0.000,0.000,true,16.902,LIGHT,9,0,sequential_yolo_pose,SM-S906U1,GPU
2026-04-22 23:18:49.841,111.074,34.428,49.456,1.104,2.620,7.022,11.298,0.048,false,33.942,LIGHT,9,0,sequential_yolo_pose,SM-S906U1,GPU
2026-04-22 23:18:49.952,98.003,26.298,47.462,0.558,1.276,7.310,11.263,0.053,false,20.297,LIGHT,9,0,sequential_yolo_pose,SM-S906U1,GPU
2026-04-22 23:18:50.060,104.280,26.279,50.839,0.681,1.701,7.548,13.310,0.053,false,20.359,LIGHT,9,0,sequential_yolo_pose,SM-S906U1,GPU
2026-04-22 23:18:50.164,100.093,26.951,47.184,0.559,1.788,9.114,10.728,0.063,false,20.328,LIGHT,9,0,sequential_yolo_pose,SM-S906U1,GPU
2026-04-22 23:18:50.287,118.735,28.918,55.156,0.797,1.959,14.483,12.936,0.050,false,20.426,LIGHT,9,0,sequential_yolo_pose,SM-S906U1,GPU
2026-04-22 23:18:50.388,97.165,25.860,49.821,0.596,1.437,5.262,10.157,0.029,false,20.363,LIGHT,9,0,sequential_yolo_pose,SM-S906U1,GPU
2026-04-22 23:18:50.484,93.428,20.519,49.636,0.693,1.301,5.481,12.976,0.051,false,20.273,LIGHT,9,0,sequential_yolo_pose,SM-S906U1,GPU
2026-04-22 23:18:50.582,90.773,20.566,49.956,0.692,1.193,5.021,9.654,0.040,false,14.402,LIGHT,10,0,sequential_yolo_pose,SM-S906U1,GPU
2026-04-22 23:18:50.697,109.890,28.098,48.484,0.789,2.021,10.426,15.844,0.069,false,21.598,LIGHT,10,0,sequential_yolo_pose,SM-S906U1,GPU
2026-04-22 23:18:50.806,102.702,28.473,49.534,0.894,1.681,5.772,10.191,0.040,false,38.543,LIGHT,10,0,sequential_yolo_pose,SM-S906U1,GPU
2026-04-22 23:18:50.922,105.996,26.398,49.514,1.042,2.721,12.771,9.629,0.055,false,20.328,LIGHT,10,0,sequential_yolo_pose,SM-S906U1,GPU
2026-04-22 23:18:51.035,105.932,25.792,48.284,0.784,3.706,11.280,11.770,0.047,false,20.332,LIGHT,10,0,sequential_yolo_pose,SM-S906U1,GPU
2026-04-22 23:18:51.146,107.059,27.140,51.710,0.918,2.758,7.973,12.293,0.060,false,20.332,LIGHT,10,0,sequential_yolo_pose,SM-S906U1,GPU
2026-04-22 23:18:51.262,107.938,25.564,50.480,1.228,3.454,10.633,12.406,0.044,false,20.328,LIGHT,10,0,sequential_yolo_pose,SM-S906U1,GPU
2026-04-22 23:18:51.370,104.655,28.634,47.675,1.213,2.751,11.169,9.053,0.047,false,20.297,LIGHT,10,0,sequential_yolo_pose,SM-S906U1,GPU
2026-04-22 23:18:51.483,108.808,25.722,49.999,0.901,3.569,9.442,15.111,0.055,false,20.301,LIGHT,10,0,sequential_yolo_pose,SM-S906U1,GPU
2026-04-22 23:18:51.591,101.382,27.002,49.158,0.844,2.880,7.142,10.550,0.051,false,20.363,LIGHT,9,0,sequential_yolo_pose,SM-S906U1,GPU
2026-04-22 23:18:51.711,115.805,29.554,49.017,1.153,2.813,16.197,12.598,0.067,false,20.359,LIGHT,9,0,sequential_yolo_pose,SM-S906U1,GPU
2026-04-22 23:18:51.821,105.009,26.013,51.474,0.835,2.104,8.039,11.128,0.059,false,20.266,LIGHT,9,0,sequential_yolo_pose,SM-S906U1,GPU
2026-04-22 23:18:51.931,106.293,26.738,50.472,1.291,2.676,10.729,9.749,0.052,false,20.332,LIGHT,9,0,sequential_yolo_pose,SM-S906U1,GPU
2026-04-22 23:18:52.045,109.203,25.176,51.789,1.184,3.200,11.456,12.286,0.048,false,20.328,LIGHT,9,0,sequential_yolo_pose,SM-S906U1,GPU
2026-04-22 23:18:52.159,106.931,24.641,50.080,1.352,2.554,11.024,12.873,0.075,false,20.297,LIGHT,9,0,sequential_yolo_pose,SM-S906U1,GPU
2026-04-22 23:18:52.272,108.198,29.316,48.136,1.289,3.549,10.192,10.471,0.633,false,20.332,LIGHT,9,0,sequential_yolo_pose,SM-S906U1,GPU
2026-04-22 23:18:52.381,102.934,24.261,47.844,0.958,2.527,9.226,13.951,0.066,false,20.426,LIGHT,9,0,sequential_yolo_pose,SM-S906U1,GPU
2026-04-22 23:18:52.491,99.468,28.325,46.784,0.714,1.632,7.419,10.070,0.065,false,20.297,LIGHT,9,0,sequential_yolo_pose,SM-S906U1,GPU
2026-04-22 23:18:52.607,111.325,29.562,49.876,1.476,2.498,11.373,12.389,0.069,false,20.395,LIGHT,9,0,sequential_yolo_pose,SM-S906U1,GPU
2026-04-22 23:18:52.712,99.181,25.024,49.144,0.770,1.681,6.643,11.726,0.055,false,20.332,LIGHT,9,0,sequential_yolo_pose,SM-S906U1,GPU
2026-04-22 23:18:52.828,106.717,29.209,48.900,1.315,3.105,9.434,10.343,0.044,false,20.359,LIGHT,9,0,sequential_yolo_pose,SM-S906U1,GPU
2026-04-22 23:18:52.943,109.673,26.573,51.943,4.216,2.573,8.530,10.142,0.048,false,20.328,LIGHT,9,0,sequential_yolo_pose,SM-S906U1,GPU
2026-04-22 23:18:53.061,109.365,28.382,49.715,0.914,2.509,9.317,14.227,0.054,false,20.328,LIGHT,9,0,sequential_yolo_pose,SM-S906U1,GPU
2026-04-22 23:18:53.172,105.427,30.407,47.983,0.996,2.614,8.769,10.215,0.045,false,20.266,LIGHT,9,0,sequential_yolo_pose,SM-S906U1,GPU
2026-04-22 23:18:53.289,112.234,27.226,54.230,1.019,2.340,9.480,9.645,0.043,false,20.266,LIGHT,9,0,sequential_yolo_pose,SM-S906U1,GPU
2026-04-22 23:18:53.391,97.021,26.073,47.613,0.824,1.482,7.069,9.926,0.080,false,20.328,LIGHT,9,0,sequential_yolo_pose,SM-S906U1,GPU
2026-04-22 23:18:53.490,94.730,27.574,49.648,0.410,0.866,3.771,8.610,0.045,false,20.238,LIGHT,9,0,sequential_yolo_pose,SM-S906U1,GPU
2026-04-22 23:18:53.600,105.764,23.982,50.724,1.253,2.950,9.047,13.674,0.049,false,20.434,LIGHT,9,0,sequential_yolo_pose,SM-S906U1,GPU
2026-04-22 23:18:53.714,109.227,30.188,48.911,1.047,3.765,9.298,11.827,0.055,false,20.332,LIGHT,9,0,sequential_yolo_pose,SM-S906U1,GPU
2026-04-22 23:18:53.826,105.527,24.968,50.929,1.005,2.738,9.904,11.844,0.054,false,20.266,LIGHT,9,0,sequential_yolo_pose,SM-S906U1,GPU
2026-04-22 23:18:53.930,98.888,29.627,48.597,0.547,1.206,4.615,9.928,0.057,false,20.238,LIGHT,9,0,sequential_yolo_pose,SM-S906U1,GPU
2026-04-22 23:18:54.043,109.167,29.789,52.348,0.807,1.807,7.417,10.909,0.050,false,20.301,LIGHT,9,0,sequential_yolo_pose,SM-S906U1,GPU
2026-04-22 23:18:54.175,121.061,28.392,55.051,1.017,6.435,12.600,12.840,0.054,false,20.359,LIGHT,9,0,sequential_yolo_pose,SM-S906U1,GPU
2026-04-22 23:18:54.301,119.437,24.068,58.992,0.797,1.983,16.986,12.088,0.049,false,20.363,LIGHT,9,0,sequential_yolo_pose,SM-S906U1,GPU
2026-04-22 23:18:54.416,109.813,23.736,54.184,1.035,2.449,8.463,14.870,0.069,false,20.363,LIGHT,9,0,sequential_yolo_pose,SM-S906U1,GPU
2026-04-22 23:18:54.534,112.469,21.395,59.213,1.162,6.655,10.088,10.616,0.056,false,20.363,LIGHT,9,0,sequential_yolo_pose,SM-S906U1,GPU
2026-04-22 23:18:54.655,115.652,31.988,52.311,0.903,2.013,8.373,12.923,0.060,false,20.332,LIGHT,8,0,sequential_yolo_pose,SM-S906U1,GPU
2026-04-22 23:18:54.764,103.098,21.521,56.166,1.714,2.715,6.201,11.530,0.046,false,20.426,LIGHT,8,0,sequential_yolo_pose,SM-S906U1,GPU
2026-04-22 23:18:54.887,118.622,27.316,56.672,1.280,2.950,9.492,16.698,0.049,false,20.363,LIGHT,8,0,sequential_yolo_pose,SM-S906U1,GPU
2026-04-22 23:18:55.001,109.993,22.938,56.774,0.828,2.358,9.827,11.541,0.049,false,20.297,LIGHT,8,0,sequential_yolo_pose,SM-S906U1,GPU
2026-04-22 23:18:55.113,106.814,28.101,52.412,0.549,1.373,5.346,14.404,0.035,false,20.266,LIGHT,8,0,sequential_yolo_pose,SM-S906U1,GPU
2026-04-22 23:18:55.223,106.389,21.871,55.722,0.570,1.399,10.849,12.869,0.056,false,20.383,LIGHT,8,0,sequential_yolo_pose,SM-S906U1,GPU
2026-04-22 23:18:55.337,109.362,26.327,53.645,1.304,2.665,10.895,10.315,0.049,false,20.383,LIGHT,8,0,sequential_yolo_pose,SM-S906U1,GPU
2026-04-22 23:18:55.460,110.006,24.414,53.155,0.976,2.072,13.527,11.862,0.044,false,20.328,LIGHT,8,0,sequential_yolo_pose,SM-S906U1,GPU
2026-04-22 23:18:55.572,106.999,29.219,55.383,0.520,1.523,5.209,11.213,0.046,false,20.355,LIGHT,9,0,sequential_yolo_pose,SM-S906U1,GPU
2026-04-22 23:18:55.679,100.215,21.072,53.900,0.953,2.399,7.076,11.570,0.053,false,20.363,LIGHT,9,0,sequential_yolo_pose,SM-S906U1,GPU
2026-04-22 23:18:55.800,114.648,27.787,55.372,0.940,2.292,12.173,11.725,0.064,false,20.332,LIGHT,9,0,sequential_yolo_pose,SM-S906U1,GPU
2026-04-22 23:18:55.915,109.304,29.704,53.727,0.648,1.407,5.170,11.162,0.047,false,20.297,LIGHT,9,0,sequential_yolo_pose,SM-S906U1,GPU
2026-04-22 23:18:56.037,115.635,26.307,54.345,1.178,2.792,11.962,13.950,0.050,false,20.363,LIGHT,9,0,sequential_yolo_pose,SM-S906U1,GPU
2026-04-22 23:18:56.156,108.549,27.156,52.531,0.817,1.841,9.818,10.531,0.051,false,20.297,LIGHT,9,0,sequential_yolo_pose,SM-S906U1,GPU
2026-04-22 23:18:56.271,110.041,30.891,52.458,1.244,2.548,7.357,10.823,0.073,false,20.328,LIGHT,9,0,sequential_yolo_pose,SM-S906U1,GPU
2026-04-22 23:18:56.385,105.426,24.417,53.148,0.888,2.387,8.444,12.217,0.056,false,20.297,LIGHT,9,0,sequential_yolo_pose,SM-S906U1,GPU
2026-04-22 23:18:56.496,106.035,24.663,54.444,1.261,4.024,7.056,10.064,0.051,false,20.375,LIGHT,9,0,sequential_yolo_pose,SM-S906U1,GPU
2026-04-22 23:18:56.615,113.755,32.654,52.979,0.620,1.299,4.988,15.958,0.046,false,20.395,LIGHT,9,0,sequential_yolo_pose,SM-S906U1,GPU
2026-04-22 23:18:56.733,112.727,27.781,55.860,1.314,2.785,9.795,11.178,0.044,false,20.301,LIGHT,9,0,sequential_yolo_pose,SM-S906U1,GPU
2026-04-22 23:18:56.845,107.608,24.435,53.884,1.430,2.222,9.239,12.287,0.039,false,20.363,LIGHT,9,0,sequential_yolo_pose,SM-S906U1,GPU
2026-04-22 23:18:56.971,121.573,29.796,53.815,0.875,1.966,17.818,12.528,0.052,false,20.395,LIGHT,9,0,sequential_yolo_pose,SM-S906U1,GPU
2026-04-22 23:18:57.074,97.673,21.455,53.468,1.127,1.694,5.285,11.449,0.041,false,20.301,LIGHT,9,0,sequential_yolo_pose,SM-S906U1,GPU
2026-04-22 23:18:57.192,111.322,22.619,56.283,0.714,1.402,12.318,12.516,0.051,false,20.328,LIGHT,9,0,sequential_yolo_pose,SM-S906U1,GPU
2026-04-22 23:18:57.305,109.519,27.353,52.951,1.086,1.983,10.500,10.785,0.048,false,20.387,LIGHT,9,0,sequential_yolo_pose,SM-S906U1,GPU
2026-04-22 23:18:57.425,113.527,27.997,53.823,0.975,2.202,8.316,15.639,0.055,false,20.359,LIGHT,9,0,sequential_yolo_pose,SM-S906U1,GPU
2026-04-22 23:18:57.537,107.479,26.053,55.574,1.128,2.148,7.888,10.057,0.052,false,20.391,LIGHT,9,0,sequential_yolo_pose,SM-S906U1,GPU
2026-04-22 23:18:57.666,118.070,28.208,54.871,1.493,2.850,12.003,12.125,0.057,false,20.332,LIGHT,9,0,sequential_yolo_pose,SM-S906U1,GPU
2026-04-22 23:18:57.787,118.017,28.218,55.144,0.925,2.261,7.894,19.435,0.043,false,20.395,LIGHT,9,0,sequential_yolo_pose,SM-S906U1,GPU
2026-04-22 23:18:57.904,113.255,26.077,54.134,1.258,2.776,14.530,10.274,0.045,false,20.328,LIGHT,9,0,sequential_yolo_pose,SM-S906U1,GPU
2026-04-22 23:18:58.027,115.416,26.802,53.049,0.745,2.443,15.038,10.738,0.055,false,20.328,LIGHT,9,0,sequential_yolo_pose,SM-S906U1,GPU
2026-04-22 23:18:58.118,87.239,27.348,54.766,0.832,0.000,0.000,0.000,0.000,true,16.996,LIGHT,9,0,sequential_yolo_pose,SM-S906U1,GPU
2026-04-22 23:18:58.221,95.863,34.628,54.965,1.058,0.000,0.000,0.000,0.000,true,30.578,LIGHT,9,0,sequential_yolo_pose,SM-S906U1,GPU
2026-04-22 23:18:58.350,121.526,37.032,51.610,1.021,1.913,8.447,14.896,0.063,false,21.984,LIGHT,9,0,sequential_yolo_pose,SM-S906U1,GPU
2026-04-22 23:18:58.463,108.691,25.482,54.173,1.032,2.274,8.079,12.394,0.032,false,39.023,LIGHT,9,0,sequential_yolo_pose,SM-S906U1,GPU
2026-04-22 23:18:58.590,119.667,28.865,55.840,1.176,2.872,11.161,15.376,0.070,false,20.363,LIGHT,9,0,sequential_yolo_pose,SM-S906U1,GPU
2026-04-22 23:18:58.701,107.984,26.281,55.226,1.274,2.406,8.283,10.204,0.046,false,20.270,LIGHT,8,0,sequential_yolo_pose,SM-S906U1,GPU
2026-04-22 23:18:58.811,105.040,25.779,54.969,0.831,1.501,5.257,11.915,0.049,false,20.363,LIGHT,8,0,sequential_yolo_pose,SM-S906U1,GPU
2026-04-22 23:18:58.932,114.143,25.919,56.472,1.059,2.165,7.936,16.481,0.055,false,20.359,LIGHT,8,0,sequential_yolo_pose,SM-S906U1,GPU
2026-04-22 23:18:59.044,108.145,24.653,55.731,1.151,2.668,5.296,13.912,0.051,false,20.422,LIGHT,8,0,sequential_yolo_pose,SM-S906U1,GPU
2026-04-22 23:18:59.166,112.894,26.142,53.062,1.214,3.039,10.928,14.341,0.050,false,20.359,LIGHT,8,0,sequential_yolo_pose,SM-S906U1,GPU
2026-04-22 23:18:59.282,111.566,28.220,55.502,0.942,1.847,7.562,13.333,0.036,false,20.332,LIGHT,8,0,sequential_yolo_pose,SM-S906U1,GPU
2026-04-22 23:18:59.391,104.015,24.254,53.461,0.893,2.669,7.574,10.906,0.068,false,20.352,LIGHT,8,0,sequential_yolo_pose,SM-S906U1,GPU
2026-04-22 23:18:59.502,105.265,25.782,56.462,0.722,2.249,6.029,9.944,0.048,false,20.387,LIGHT,8,0,sequential_yolo_pose,SM-S906U1,GPU
2026-04-22 23:18:59.621,113.774,27.112,53.947,1.029,2.066,9.193,16.253,0.310,false,20.395,LIGHT,9,0,sequential_yolo_pose,SM-S906U1,GPU
2026-04-22 23:18:59.732,107.042,24.303,54.180,1.110,2.242,10.550,10.720,0.047,false,20.395,LIGHT,9,0,sequential_yolo_pose,SM-S906U1,GPU
2026-04-22 23:18:59.858,121.069,26.825,55.221,1.375,2.717,12.086,15.650,0.036,false,20.395,LIGHT,9,0,sequential_yolo_pose,SM-S906U1,GPU
2026-04-22 23:18:59.975,112.882,21.541,53.303,1.504,2.742,15.108,12.169,0.051,false,20.359,LIGHT,9,0,sequential_yolo_pose,SM-S906U1,GPU
2026-04-22 23:19:00.093,111.380,29.046,53.690,0.898,1.943,8.121,12.151,0.046,false,20.328,LIGHT,9,0,sequential_yolo_pose,SM-S906U1,GPU
2026-04-22 23:19:00.204,106.845,27.398,53.478,1.111,2.037,8.491,10.320,0.043,false,20.301,LIGHT,9,0,sequential_yolo_pose,SM-S906U1,GPU
2026-04-22 23:19:00.314,101.260,21.443,55.219,0.840,2.381,6.637,10.912,0.047,false,20.383,LIGHT,9,0,sequential_yolo_pose,SM-S906U1,GPU
2026-04-22 23:19:00.428,109.650,26.700,54.268,1.163,1.960,8.293,13.018,0.044,false,20.359,LIGHT,9,0,sequential_yolo_pose,SM-S906U1,GPU
2026-04-22 23:19:00.545,110.475,28.626,53.611,1.175,2.483,8.582,11.681,0.044,false,20.297,LIGHT,9,0,sequential_yolo_pose,SM-S906U1,GPU
2026-04-22 23:19:00.664,110.922,27.999,54.632,0.845,3.620,8.713,10.344,0.034,false,20.457,LIGHT,9,0,sequential_yolo_pose,SM-S906U1,GPU
2026-04-22 23:19:00.775,106.628,27.643,53.553,0.877,1.984,7.601,10.849,0.045,false,20.297,LIGHT,9,0,sequential_yolo_pose,SM-S906U1,GPU
2026-04-22 23:19:00.896,116.688,28.255,53.337,1.167,2.398,11.787,13.440,0.053,false,20.328,LIGHT,9,0,sequential_yolo_pose,SM-S906U1,GPU
2026-04-22 23:19:01.011,110.448,25.948,54.928,0.861,2.037,6.681,11.275,0.046,false,20.332,LIGHT,9,0,sequential_yolo_pose,SM-S906U1,GPU
2026-04-22 23:19:01.137,116.301,28.130,55.472,1.195,3.505,12.435,10.742,0.051,false,20.359,LIGHT,9,0,sequential_yolo_pose,SM-S906U1,GPU
2026-04-22 23:19:01.240,97.147,20.390,53.216,0.867,1.902,7.167,10.412,0.056,false,20.356,LIGHT,9,0,sequential_yolo_pose,SM-S906U1,GPU
2026-04-22 23:19:01.359,112.171,25.010,54.272,0.960,2.230,8.825,12.772,0.074,false,20.297,LIGHT,9,0,sequential_yolo_pose,SM-S906U1,GPU
2026-04-22 23:19:01.478,113.326,26.286,53.319,1.431,2.711,11.604,13.611,0.053,false,20.328,LIGHT,9,0,sequential_yolo_pose,SM-S906U1,GPU
2026-04-22 23:19:01.602,113.876,27.689,54.852,1.300,2.672,11.418,11.250,0.049,false,20.359,LIGHT,8,0,sequential_yolo_pose,SM-S906U1,GPU
2026-04-22 23:19:01.720,113.053,28.577,56.793,0.997,2.160,7.522,9.721,0.052,false,20.238,LIGHT,8,0,sequential_yolo_pose,SM-S906U1,GPU
2026-04-22 23:19:01.834,109.565,29.838,54.405,1.089,1.722,8.593,10.035,0.054,false,20.359,LIGHT,8,0,sequential_yolo_pose,SM-S906U1,GPU
2026-04-22 23:19:01.949,110.742,28.901,53.656,1.018,2.083,8.142,11.182,0.072,false,20.328,LIGHT,8,0,sequential_yolo_pose,SM-S906U1,GPU
2026-04-22 23:19:02.074,116.125,29.092,52.926,1.418,2.617,13.704,11.308,0.040,false,20.328,LIGHT,8,0,sequential_yolo_pose,SM-S906U1,GPU
2026-04-22 23:19:02.188,104.225,21.231,56.787,0.822,1.594,6.171,14.551,0.059,false,20.363,LIGHT,8,0,sequential_yolo_pose,SM-S906U1,GPU
2026-04-22 23:19:02.303,110.914,26.540,54.711,1.338,2.453,9.657,11.468,0.054,false,20.383,LIGHT,8,0,sequential_yolo_pose,SM-S906U1,GPU
2026-04-22 23:19:02.417,104.311,28.632,51.704,0.397,1.207,5.490,11.578,0.029,false,20.359,LIGHT,8,0,sequential_yolo_pose,SM-S906U1,GPU
2026-04-22 23:19:02.544,123.491,25.860,59.047,0.873,7.989,10.688,13.151,0.134,false,20.359,LIGHT,8,0,sequential_yolo_pose,SM-S906U1,GPU
2026-04-22 23:19:02.662,109.038,28.446,53.379,0.758,2.875,8.453,10.704,0.032,false,20.453,LIGHT,9,0,sequential_yolo_pose,SM-S906U1,GPU
2026-04-22 23:19:02.768,102.253,21.069,52.721,1.143,2.819,9.289,11.771,0.051,false,20.352,LIGHT,9,0,sequential_yolo_pose,SM-S906U1,GPU
2026-04-22 23:19:02.893,118.493,28.824,52.572,0.604,1.812,12.100,14.369,0.047,false,20.359,LIGHT,9,0,sequential_yolo_pose,SM-S906U1,GPU
2026-04-22 23:19:03.005,108.262,25.120,52.692,0.563,2.926,12.061,10.733,0.139,false,20.270,LIGHT,9,0,sequential_yolo_pose,SM-S906U1,GPU
2026-04-22 23:19:03.117,106.664,27.414,54.249,0.517,1.344,5.366,12.889,0.058,false,20.359,LIGHT,9,0,sequential_yolo_pose,SM-S906U1,GPU
2026-04-22 23:19:03.240,118.114,25.425,54.169,1.317,3.126,17.086,12.034,0.047,false,20.359,LIGHT,9,0,sequential_yolo_pose,SM-S906U1,GPU
2026-04-22 23:19:03.366,121.067,27.928,54.491,1.050,2.186,18.738,12.083,0.051,false,20.395,LIGHT,9,0,sequential_yolo_pose,SM-S906U1,GPU
2026-04-22 23:19:03.486,116.083,32.878,52.597,0.681,2.393,8.307,14.943,0.054,false,20.297,LIGHT,9,0,sequential_yolo_pose,SM-S906U1,GPU
2026-04-22 23:19:03.605,113.363,25.838,54.951,0.956,2.739,10.916,11.442,0.057,false,20.332,LIGHT,9,0,sequential_yolo_pose,SM-S906U1,GPU
2026-04-22 23:19:03.701,86.090,27.302,53.803,0.592,0.000,0.000,0.000,0.000,true,16.934,LIGHT,9,0,sequential_yolo_pose,SM-S906U1,GPU
2026-04-22 23:19:03.833,121.689,27.698,56.710,0.954,2.345,12.589,12.710,0.043,false,33.942,LIGHT,9,0,sequential_yolo_pose,SM-S906U1,GPU
2026-04-22 23:19:03.969,122.479,27.587,55.380,0.526,2.779,15.882,13.835,0.051,false,20.359,LIGHT,9,0,sequential_yolo_pose,SM-S906U1,GPU
2026-04-22 23:19:04.087,113.224,28.029,52.161,0.848,2.088,9.467,13.860,0.052,false,20.359,LIGHT,9,0,sequential_yolo_pose,SM-S906U1,GPU
2026-04-22 23:19:04.204,110.709,27.779,53.000,1.066,2.342,10.361,11.727,0.066,false,20.328,LIGHT,9,0,sequential_yolo_pose,SM-S906U1,GPU
2026-04-22 23:19:04.322,108.170,28.003,54.064,0.557,1.342,7.063,12.408,0.048,false,20.328,LIGHT,9,0,sequential_yolo_pose,SM-S906U1,GPU
2026-04-22 23:19:04.436,109.454,23.757,57.994,0.842,2.336,8.929,11.590,0.061,false,20.328,LIGHT,9,0,sequential_yolo_pose,SM-S906U1,GPU
2026-04-22 23:19:04.552,108.748,26.352,52.730,0.761,1.897,7.179,12.116,0.074,false,20.297,LIGHT,9,0,sequential_yolo_pose,SM-S906U1,GPU
2026-04-22 23:19:04.684,126.676,28.668,56.689,1.126,3.012,14.341,18.665,0.056,false,20.484,LIGHT,8,0,sequential_yolo_pose,SM-S906U1,GPU
2026-04-22 23:19:04.801,112.472,25.335,54.580,1.119,4.618,11.462,11.388,0.051,false,14.430,LIGHT,8,0,sequential_yolo_pose,SM-S906U1,GPU
2026-04-22 23:19:04.920,109.683,24.240,53.751,1.126,2.688,9.109,14.160,0.060,false,21.566,LIGHT,8,0,sequential_yolo_pose,SM-S906U1,GPU
2026-04-22 23:19:05.034,109.205,24.366,59.309,1.047,1.968,7.294,10.953,0.030,false,38.480,LIGHT,8,0,sequential_yolo_pose,SM-S906U1,GPU
2026-04-22 23:19:05.159,115.143,27.748,53.487,0.592,2.108,11.289,10.573,0.054,false,20.297,LIGHT,8,0,sequential_yolo_pose,SM-S906U1,GPU
2026-04-22 23:19:05.269,105.913,23.735,55.743,0.816,2.067,7.407,11.920,0.048,false,20.359,LIGHT,8,0,sequential_yolo_pose,SM-S906U1,GPU
2026-04-22 23:19:05.383,109.347,30.472,53.417,0.692,1.461,5.618,12.275,0.040,false,20.266,LIGHT,8,0,sequential_yolo_pose,SM-S906U1,GPU
2026-04-22 23:19:05.488,100.935,21.071,53.411,0.783,1.872,7.505,13.248,0.080,false,20.297,LIGHT,8,0,sequential_yolo_pose,SM-S906U1,GPU
2026-04-22 23:19:05.603,111.219,25.941,52.348,2.552,2.584,12.745,10.906,0.049,false,20.328,LIGHT,8,0,sequential_yolo_pose,SM-S906U1,GPU
2026-04-22 23:19:05.726,117.441,29.056,55.527,1.276,3.225,10.690,10.366,0.065,false,20.418,LIGHT,9,0,sequential_yolo_pose,SM-S906U1,GPU
2026-04-22 23:19:05.840,109.576,26.340,56.302,0.824,2.478,6.863,12.542,0.047,false,20.328,LIGHT,9,0,sequential_yolo_pose,SM-S906U1,GPU
2026-04-22 23:19:05.960,115.479,29.218,55.572,0.597,1.676,9.407,14.478,0.069,false,20.328,LIGHT,9,0,sequential_yolo_pose,SM-S906U1,GPU
2026-04-22 23:19:06.076,110.809,28.801,52.828,0.821,2.355,9.198,12.261,0.045,false,20.332,LIGHT,9,0,sequential_yolo_pose,SM-S906U1,GPU
2026-04-22 23:19:06.199,116.914,30.503,53.008,0.718,1.855,15.432,10.444,0.046,false,20.359,LIGHT,9,0,sequential_yolo_pose,SM-S906U1,GPU
2026-04-22 23:19:06.305,101.953,26.634,53.179,0.774,1.430,4.830,11.131,0.038,false,20.332,LIGHT,9,0,sequential_yolo_pose,SM-S906U1,GPU
2026-04-22 23:19:06.415,103.763,26.895,54.376,0.602,1.169,5.943,10.888,0.059,false,20.297,LIGHT,9,0,sequential_yolo_pose,SM-S906U1,GPU
2026-04-22 23:19:06.530,109.384,23.826,54.529,1.214,2.560,13.195,9.868,0.037,false,20.363,LIGHT,9,0,sequential_yolo_pose,SM-S906U1,GPU
2026-04-22 23:19:06.647,112.983,29.481,58.088,0.770,2.104,8.485,10.241,0.040,false,20.332,LIGHT,8,0,sequential_yolo_pose,SM-S906U1,GPU
2026-04-22 23:19:06.769,116.545,26.724,56.489,0.912,6.068,11.948,10.286,0.050,false,20.395,LIGHT,8,0,sequential_yolo_pose,SM-S906U1,GPU
2026-04-22 23:19:06.893,119.550,31.638,57.753,0.850,2.752,10.219,12.194,0.033,false,20.359,LIGHT,8,0,sequential_yolo_pose,SM-S906U1,GPU
2026-04-22 23:19:07.009,108.499,28.316,52.263,1.075,2.724,6.998,12.464,0.058,false,20.266,LIGHT,8,0,sequential_yolo_pose,SM-S906U1,GPU
2026-04-22 23:19:07.126,112.181,24.181,56.636,0.695,1.859,8.546,15.918,0.062,false,20.391,LIGHT,8,0,sequential_yolo_pose,SM-S906U1,GPU
2026-04-22 23:19:07.236,105.463,27.744,53.119,1.080,2.090,6.799,10.269,0.048,false,20.266,LIGHT,8,0,sequential_yolo_pose,SM-S906U1,GPU
2026-04-22 23:19:07.356,115.506,31.344,54.524,1.111,2.852,10.519,10.970,0.055,false,20.297,LIGHT,8,0,sequential_yolo_pose,SM-S906U1,GPU
2026-04-22 23:19:07.470,109.081,27.172,53.305,1.433,2.736,9.809,10.485,0.043,false,20.328,LIGHT,8,0,sequential_yolo_pose,SM-S906U1,GPU
2026-04-22 23:19:07.597,122.619,26.695,55.838,0.816,2.102,10.601,22.457,0.050,false,20.395,LIGHT,8,0,sequential_yolo_pose,SM-S906U1,GPU
2026-04-22 23:19:07.702,101.096,27.526,53.175,0.487,1.232,5.059,9.341,0.041,false,20.414,LIGHT,9,0,sequential_yolo_pose,SM-S906U1,GPU
2026-04-22 23:19:07.814,107.967,27.802,54.580,0.522,1.301,5.296,14.611,0.057,false,20.363,LIGHT,9,0,sequential_yolo_pose,SM-S906U1,GPU
2026-04-22 23:19:07.929,109.227,26.781,52.359,0.699,2.239,11.243,11.973,0.047,false,20.383,LIGHT,9,0,sequential_yolo_pose,SM-S906U1,GPU
2026-04-22 23:19:08.044,109.639,28.301,53.822,0.579,2.531,8.798,11.447,0.038,false,20.297,LIGHT,9,0,sequential_yolo_pose,SM-S906U1,GPU
2026-04-22 23:19:08.162,108.703,27.994,52.780,0.539,2.149,9.185,11.569,0.030,false,20.328,LIGHT,9,0,sequential_yolo_pose,SM-S906U1,GPU
2026-04-22 23:19:08.277,110.343,25.648,57.224,0.879,2.641,7.349,10.226,0.045,false,20.328,LIGHT,9,0,sequential_yolo_pose,SM-S906U1,GPU
2026-04-22 23:19:08.404,117.988,27.803,53.935,1.121,2.829,14.941,12.072,0.059,false,20.328,LIGHT,9,0,sequential_yolo_pose,SM-S906U1,GPU
2026-04-22 23:19:08.521,112.105,30.836,54.778,0.897,2.094,7.933,11.174,0.059,false,20.297,LIGHT,9,0,sequential_yolo_pose,SM-S906U1,GPU
2026-04-22 23:19:08.638,111.384,27.289,55.190,0.890,5.363,7.373,11.020,0.043,false,20.328,LIGHT,9,0,sequential_yolo_pose,SM-S906U1,GPU
2026-04-22 23:19:08.755,110.387,25.851,55.665,0.664,1.557,7.028,15.418,0.053,false,20.363,LIGHT,9,0,sequential_yolo_pose,SM-S906U1,GPU
2026-04-22 23:19:08.866,106.855,26.775,53.669,0.833,2.015,9.448,10.280,0.046,false,20.387,LIGHT,9,0,sequential_yolo_pose,SM-S906U1,GPU
2026-04-22 23:19:08.976,104.400,23.440,54.169,0.969,3.747,6.294,11.719,0.038,false,20.297,LIGHT,9,0,sequential_yolo_pose,SM-S906U1,GPU
2026-04-22 23:19:09.099,116.830,25.940,55.912,0.886,2.234,15.664,11.961,0.049,false,20.328,LIGHT,9,0,sequential_yolo_pose,SM-S906U1,GPU
2026-04-22 23:19:09.218,114.480,28.697,52.332,1.038,2.634,8.862,14.482,2.079,false,20.328,LIGHT,9,0,sequential_yolo_pose,SM-S906U1,GPU
2026-04-22 23:19:09.341,116.013,30.282,54.500,1.298,4.336,10.477,11.020,0.047,false,20.359,LIGHT,9,0,sequential_yolo_pose,SM-S906U1,GPU
2026-04-22 23:19:09.448,99.692,20.599,52.592,0.618,1.468,5.227,14.999,0.038,false,20.363,LIGHT,9,0,sequential_yolo_pose,SM-S906U1,GPU
2026-04-22 23:19:09.560,107.561,21.121,55.902,1.129,2.644,12.645,10.876,0.057,false,20.297,LIGHT,9,0,sequential_yolo_pose,SM-S906U1,GPU
2026-04-22 23:19:09.681,114.943,23.847,53.009,1.333,3.224,10.907,17.970,0.052,false,20.422,LIGHT,8,0,sequential_yolo_pose,SM-S906U1,GPU
2026-04-22 23:19:09.806,116.127,26.451,54.516,0.764,2.794,16.146,11.343,0.046,false,20.359,LIGHT,8,0,sequential_yolo_pose,SM-S906U1,GPU
2026-04-22 23:19:09.914,104.465,26.105,53.105,0.789,1.681,7.222,11.429,0.044,false,20.332,LIGHT,8,0,sequential_yolo_pose,SM-S906U1,GPU
2026-04-22 23:19:10.024,101.560,26.575,53.031,0.479,1.260,6.717,9.555,0.090,false,20.266,LIGHT,8,0,sequential_yolo_pose,SM-S906U1,GPU
2026-04-22 23:19:10.138,110.834,26.169,53.773,1.530,2.729,11.022,11.072,0.610,false,20.297,LIGHT,8,0,sequential_yolo_pose,SM-S906U1,GPU
2026-04-22 23:19:10.257,112.487,26.457,55.772,0.734,1.949,8.575,14.746,0.058,false,20.332,LIGHT,8,0,sequential_yolo_pose,SM-S906U1,GPU
2026-04-22 23:19:10.389,128.412,25.998,55.638,1.086,2.637,9.522,27.524,0.053,false,20.445,LIGHT,8,0,sequential_yolo_pose,SM-S906U1,GPU
2026-04-22 23:19:10.500,106.836,23.767,52.971,1.083,2.604,10.951,11.554,0.047,false,20.418,LIGHT,8,0,sequential_yolo_pose,SM-S906U1,GPU
2026-04-22 23:19:10.613,107.963,26.929,52.117,0.937,2.466,9.092,10.678,0.048,false,20.266,LIGHT,8,0,sequential_yolo_pose,SM-S906U1,GPU
2026-04-22 23:19:10.726,107.936,28.459,55.290,0.495,1.379,8.609,9.882,0.041,false,20.453,LIGHT,9,0,sequential_yolo_pose,SM-S906U1,GPU
2026-04-22 23:19:10.841,111.303,31.673,53.438,0.573,1.865,7.527,12.413,0.029,false,20.363,LIGHT,9,0,sequential_yolo_pose,SM-S906U1,GPU
2026-04-22 23:19:10.932,85.940,21.127,55.842,0.499,0.000,0.000,0.000,0.000,true,16.937,LIGHT,9,0,sequential_yolo_pose,SM-S906U1,GPU
2026-04-22 23:19:11.048,100.390,33.813,55.201,0.480,0.000,0.000,0.000,0.000,true,30.520,LIGHT,9,0,sequential_yolo_pose,SM-S906U1,GPU
2026-04-22 23:19:11.176,120.874,37.058,52.616,0.713,2.775,8.641,14.358,0.034,false,21.953,LIGHT,9,0,sequential_yolo_pose,SM-S906U1,GPU
2026-04-22 23:19:11.312,126.134,26.142,57.429,0.957,2.477,12.203,22.183,0.038,false,38.930,LIGHT,9,0,sequential_yolo_pose,SM-S906U1,GPU
2026-04-22 23:19:11.407,88.430,27.899,55.448,0.642,0.000,0.000,0.000,0.000,true,26.477,LIGHT,9,0,sequential_yolo_pose,SM-S906U1,GPU
2026-04-22 23:19:11.509,93.009,28.868,53.576,1.812,0.000,0.000,0.000,0.000,true,13.875,LIGHT,9,0,sequential_yolo_pose,SM-S906U1,GPU
2026-04-22 23:19:11.634,113.224,26.653,54.937,1.331,2.820,11.073,11.782,0.054,false,20.324,LIGHT,9,0,sequential_yolo_pose,SM-S906U1,GPU
2026-04-22 23:19:11.757,116.362,31.037,57.035,0.723,1.805,9.121,11.874,0.049,false,20.453,LIGHT,9,0,sequential_yolo_pose,SM-S906U1,GPU
2026-04-22 23:19:11.875,112.801,27.651,57.850,1.346,2.786,6.135,12.973,0.058,false,20.363,LIGHT,9,0,sequential_yolo_pose,SM-S906U1,GPU
2026-04-22 23:19:12.001,117.406,27.477,55.126,0.894,2.841,13.791,12.994,0.109,false,20.363,LIGHT,9,0,sequential_yolo_pose,SM-S906U1,GPU
2026-04-22 23:19:12.103,91.334,31.908,53.856,0.494,0.000,0.000,0.000,0.000,true,16.934,LIGHT,9,0,sequential_yolo_pose,SM-S906U1,GPU
2026-04-22 23:19:12.238,124.900,29.797,57.733,0.749,2.485,8.561,10.603,0.040,false,33.942,LIGHT,9,0,sequential_yolo_pose,SM-S906U1,GPU
2026-04-22 23:19:12.356,104.620,25.184,52.588,0.378,1.382,7.873,12.038,0.038,false,20.297,LIGHT,9,0,sequential_yolo_pose,SM-S906U1,GPU
2026-04-22 23:19:12.471,111.143,29.091,53.111,0.679,1.877,10.683,11.590,0.032,false,20.418,LIGHT,9,0,sequential_yolo_pose,SM-S906U1,GPU
2026-04-22 23:19:12.584,105.284,26.280,52.195,0.570,1.642,6.434,13.574,0.039,false,20.266,LIGHT,9,0,sequential_yolo_pose,SM-S906U1,GPU
2026-04-22 23:19:12.705,116.647,29.003,56.722,1.086,2.840,11.707,11.391,0.044,false,20.332,LIGHT,8,0,sequential_yolo_pose,SM-S906U1,GPU
2026-04-22 23:19:12.823,109.894,27.077,53.226,0.917,2.679,9.770,11.731,0.052,false,20.332,LIGHT,8,0,sequential_yolo_pose,SM-S906U1,GPU
2026-04-22 23:19:12.941,112.758,26.975,53.175,1.221,2.815,10.785,13.775,0.055,false,20.328,LIGHT,8,0,sequential_yolo_pose,SM-S906U1,GPU
2026-04-22 23:19:13.061,109.199,24.938,53.405,0.970,2.447,10.968,12.245,0.054,false,20.328,LIGHT,8,0,sequential_yolo_pose,SM-S906U1,GPU
2026-04-22 23:19:13.179,114.561,29.748,56.051,0.973,2.543,9.139,11.570,0.054,false,20.332,LIGHT,8,0,sequential_yolo_pose,SM-S906U1,GPU
2026-04-22 23:19:13.307,119.641,25.283,53.518,0.910,2.553,20.538,12.653,0.062,false,20.359,LIGHT,8,0,sequential_yolo_pose,SM-S906U1,GPU
2026-04-22 23:19:13.403,88.248,29.773,53.667,0.230,0.000,0.000,0.000,0.000,true,16.934,LIGHT,8,0,sequential_yolo_pose,SM-S906U1,GPU
2026-04-22 23:19:13.526,118.319,29.410,55.056,0.723,1.635,10.689,10.772,0.044,false,34.004,LIGHT,8,0,sequential_yolo_pose,SM-S906U1,GPU
2026-04-22 23:19:13.643,110.882,25.895,55.301,1.723,2.231,8.551,10.438,0.028,false,28.969,LIGHT,8,0,sequential_yolo_pose,SM-S906U1,GPU
2026-04-22 23:19:13.760,105.941,23.873,55.020,0.753,1.865,10.516,10.196,0.069,false,20.426,LIGHT,9,0,sequential_yolo_pose,SM-S906U1,GPU
2026-04-22 23:19:13.876,111.491,29.321,54.923,1.224,2.285,8.013,11.119,0.029,false,20.332,LIGHT,9,0,sequential_yolo_pose,SM-S906U1,GPU
2026-04-22 23:19:14.002,121.239,28.805,55.895,1.168,5.887,12.571,11.498,0.046,false,20.426,LIGHT,9,0,sequential_yolo_pose,SM-S906U1,GPU
2026-04-22 23:19:14.128,121.394,31.239,55.031,0.998,2.559,10.825,14.982,0.054,false,20.328,LIGHT,9,0,sequential_yolo_pose,SM-S906U1,GPU
2026-04-22 23:19:14.241,107.616,28.580,54.765,0.681,1.650,6.855,11.135,0.034,false,20.328,LIGHT,9,0,sequential_yolo_pose,SM-S906U1,GPU
2026-04-22 23:19:14.352,106.154,24.842,58.338,0.585,0.991,6.396,10.977,0.033,false,20.363,LIGHT,9,0,sequential_yolo_pose,SM-S906U1,GPU
2026-04-22 23:19:14.461,105.333,20.495,53.570,0.746,1.715,10.688,14.850,0.061,false,20.363,LIGHT,9,0,sequential_yolo_pose,SM-S906U1,GPU
2026-04-22 23:19:14.567,102.046,22.665,56.203,0.672,1.671,7.513,10.011,0.042,false,20.359,LIGHT,9,0,sequential_yolo_pose,SM-S906U1,GPU
2026-04-22 23:19:14.679,108.546,24.307,57.647,0.719,2.175,6.291,13.566,0.051,false,20.363,LIGHT,9,0,sequential_yolo_pose,SM-S906U1,GPU
2026-04-22 23:19:14.786,100.951,22.420,52.653,0.711,2.388,6.592,12.835,0.039,false,20.363,LIGHT,9,0,sequential_yolo_pose,SM-S906U1,GPU
2026-04-22 23:19:14.891,100.123,21.058,57.008,0.788,1.560,6.285,10.166,0.050,false,20.383,LIGHT,9,0,sequential_yolo_pose,SM-S906U1,GPU
2026-04-22 23:19:15.000,103.143,21.798,58.075,0.754,1.628,6.258,11.160,0.041,false,20.328,LIGHT,9,0,sequential_yolo_pose,SM-S906U1,GPU
2026-04-22 23:19:15.112,106.034,22.604,58.566,0.705,1.594,6.152,11.974,0.050,false,20.379,LIGHT,9,0,sequential_yolo_pose,SM-S906U1,GPU
2026-04-22 23:19:15.241,122.041,30.255,52.920,1.100,4.006,17.138,12.179,0.047,false,20.391,LIGHT,9,0,sequential_yolo_pose,SM-S906U1,GPU
2026-04-22 23:19:15.351,104.689,21.321,56.089,0.983,2.685,9.262,11.220,0.062,false,20.332,LIGHT,9,0,sequential_yolo_pose,SM-S906U1,GPU
2026-04-22 23:19:15.468,109.915,26.874,53.673,1.006,2.849,11.325,10.117,0.035,false,20.352,LIGHT,9,0,sequential_yolo_pose,SM-S906U1,GPU
2026-04-22 23:19:15.566,92.481,26.544,58.067,0.241,0.000,0.000,0.000,0.000,true,16.906,LIGHT,9,0,sequential_yolo_pose,SM-S906U1,GPU
2026-04-22 23:19:15.695,122.297,35.283,54.062,1.008,2.180,9.940,13.427,0.048,false,33.977,LIGHT,9,0,sequential_yolo_pose,SM-S906U1,GPU
2026-04-22 23:19:15.823,115.151,28.003,55.507,1.053,2.821,10.138,11.988,0.065,false,20.297,LIGHT,9,0,sequential_yolo_pose,SM-S906U1,GPU
2026-04-22 23:19:15.913,86.099,26.803,53.896,1.113,0.000,0.000,0.000,0.000,true,16.965,LIGHT,9,0,sequential_yolo_pose,SM-S906U1,GPU
2026-04-22 23:19:16.036,112.782,26.748,52.507,0.847,4.627,13.151,10.593,0.036,false,33.942,LIGHT,9,0,sequential_yolo_pose,SM-S906U1,GPU
2026-04-22 23:19:16.156,113.126,27.651,52.855,0.596,2.067,8.196,13.786,0.041,false,20.356,LIGHT,9,0,sequential_yolo_pose,SM-S906U1,GPU
2026-04-22 23:19:16.272,111.741,28.365,55.474,1.059,5.625,6.390,10.752,0.065,false,20.301,LIGHT,9,0,sequential_yolo_pose,SM-S906U1,GPU
2026-04-22 23:19:16.396,114.489,27.677,53.490,0.954,2.202,10.398,13.778,0.041,false,20.328,LIGHT,9,0,sequential_yolo_pose,SM-S906U1,GPU
2026-04-22 23:19:16.512,111.329,32.841,51.896,0.889,2.945,6.697,11.588,0.039,false,20.328,LIGHT,9,0,sequential_yolo_pose,SM-S906U1,GPU
2026-04-22 23:19:16.625,106.562,28.236,50.770,0.641,1.983,8.813,11.628,0.036,false,20.328,LIGHT,9,0,sequential_yolo_pose,SM-S906U1,GPU
2026-04-22 23:19:16.738,108.700,26.213,54.125,0.752,2.775,10.423,10.339,0.039,false,20.328,LIGHT,8,0,sequential_yolo_pose,SM-S906U1,GPU
2026-04-22 23:19:16.856,110.896,28.310,53.246,0.801,2.163,8.647,11.731,0.049,false,20.359,LIGHT,8,0,sequential_yolo_pose,SM-S906U1,GPU
2026-04-22 23:19:16.974,113.864,26.593,54.129,1.110,4.236,12.712,11.032,0.069,false,20.391,LIGHT,8,0,sequential_yolo_pose,SM-S906U1,GPU
2026-04-22 23:19:17.085,104.516,25.015,56.014,0.508,1.470,6.004,10.154,0.054,false,20.270,LIGHT,8,0,sequential_yolo_pose,SM-S906U1,GPU
2026-04-22 23:19:17.207,117.344,28.078,54.827,1.156,2.871,14.113,11.774,0.049,false,20.332,LIGHT,8,0,sequential_yolo_pose,SM-S906U1,GPU
2026-04-22 23:19:17.326,113.174,28.511,54.834,1.125,2.781,10.590,11.121,0.068,false,20.301,LIGHT,8,0,sequential_yolo_pose,SM-S906U1,GPU
2026-04-22 23:19:17.443,113.555,25.272,54.410,1.131,4.674,11.607,11.059,0.042,false,20.363,LIGHT,8,0,sequential_yolo_pose,SM-S906U1,GPU
2026-04-22 23:19:17.564,115.755,25.004,55.682,0.813,2.474,13.426,12.520,0.081,false,20.363,LIGHT,8,0,sequential_yolo_pose,SM-S906U1,GPU
2026-04-22 23:19:17.679,110.609,30.641,53.182,0.853,1.972,7.753,12.229,0.051,false,20.332,LIGHT,8,0,sequential_yolo_pose,SM-S906U1,GPU
2026-04-22 23:19:17.794,106.755,25.471,55.176,0.658,1.472,7.324,12.617,0.058,false,20.457,LIGHT,9,0,sequential_yolo_pose,SM-S906U1,GPU
2026-04-22 23:19:17.908,109.617,28.607,54.115,1.026,3.173,7.700,10.911,0.054,false,20.270,LIGHT,9,0,sequential_yolo_pose,SM-S906U1,GPU
2026-04-22 23:19:18.032,117.424,30.757,56.341,0.918,2.287,8.367,14.563,0.057,false,20.328,LIGHT,9,0,sequential_yolo_pose,SM-S906U1,GPU
2026-04-22 23:19:18.148,112.348,29.523,52.946,1.268,2.671,9.518,11.350,0.055,false,20.328,LIGHT,9,0,sequential_yolo_pose,SM-S906U1,GPU
2026-04-22 23:19:18.270,113.626,27.734,54.440,1.287,2.714,12.017,11.273,0.052,false,20.359,LIGHT,9,0,sequential_yolo_pose,SM-S906U1,GPU
2026-04-22 23:19:18.382,107.815,26.763,55.725,0.559,1.280,5.314,13.812,0.054,false,20.332,LIGHT,9,0,sequential_yolo_pose,SM-S906U1,GPU
2026-04-22 23:19:18.508,119.594,25.570,55.172,1.036,2.750,18.310,12.026,0.050,false,20.391,LIGHT,9,0,sequential_yolo_pose,SM-S906U1,GPU
2026-04-22 23:19:18.629,115.305,24.342,55.966,0.817,2.170,15.777,11.967,0.046,false,20.395,LIGHT,9,0,sequential_yolo_pose,SM-S906U1,GPU
2026-04-22 23:19:18.740,105.895,29.587,53.226,0.573,1.446,5.101,11.482,0.042,false,20.297,LIGHT,8,0,sequential_yolo_pose,SM-S906U1,GPU
2026-04-22 23:19:18.855,109.095,21.699,57.218,0.937,2.161,10.246,13.530,0.059,false,20.356,LIGHT,8,0,sequential_yolo_pose,SM-S906U1,GPU
2026-04-22 23:19:18.968,107.468,22.145,55.376,0.915,2.344,10.858,11.737,0.052,false,20.359,LIGHT,8,0,sequential_yolo_pose,SM-S906U1,GPU
2026-04-22 23:19:19.088,113.556,25.917,55.610,0.741,1.723,8.556,11.818,0.056,false,20.297,LIGHT,8,0,sequential_yolo_pose,SM-S906U1,GPU
2026-04-22 23:19:19.204,112.236,31.567,53.455,1.151,4.669,5.804,10.665,0.054,false,20.414,LIGHT,8,0,sequential_yolo_pose,SM-S906U1,GPU
2026-04-22 23:19:19.321,111.019,26.785,51.732,0.777,2.120,11.856,13.256,0.058,false,20.297,LIGHT,8,0,sequential_yolo_pose,SM-S906U1,GPU
2026-04-22 23:19:19.440,114.167,27.433,56.164,1.123,5.462,7.918,11.994,0.051,false,20.414,LIGHT,8,0,sequential_yolo_pose,SM-S906U1,GPU
2026-04-22 23:19:19.566,120.781,28.660,56.706,0.837,2.952,15.750,11.247,0.051,false,20.332,LIGHT,8,0,sequential_yolo_pose,SM-S906U1,GPU
2026-04-22 23:19:19.680,109.608,25.583,53.291,1.174,2.683,8.789,13.784,0.063,false,20.332,LIGHT,8,0,sequential_yolo_pose,SM-S906U1,GPU
2026-04-22 23:19:19.773,88.219,24.877,58.446,0.696,0.000,0.000,0.000,0.000,true,17.031,LIGHT,9,0,sequential_yolo_pose,SM-S906U1,GPU
2026-04-22 23:19:19.876,96.255,31.986,58.504,0.756,0.000,0.000,0.000,0.000,true,30.715,LIGHT,9,0,sequential_yolo_pose,SM-S906U1,GPU
2026-04-22 23:19:20.012,122.714,28.669,56.880,0.982,2.670,15.799,11.136,0.058,false,17.289,LIGHT,9,0,sequential_yolo_pose,SM-S906U1,GPU
2026-04-22 23:19:20.108,90.271,25.644,59.862,0.572,0.000,0.000,0.000,0.000,true,17.031,LIGHT,9,0,sequential_yolo_pose,SM-S906U1,GPU
2026-04-22 23:19:20.239,125.584,35.486,56.114,0.950,2.266,11.813,13.668,0.050,false,33.977,LIGHT,9,0,sequential_yolo_pose,SM-S906U1,GPU
2026-04-22 23:19:20.364,107.071,24.380,53.894,1.104,4.353,8.910,10.058,0.046,false,20.328,LIGHT,9,0,sequential_yolo_pose,SM-S906U1,GPU
2026-04-22 23:19:20.483,115.005,29.284,56.375,0.610,2.637,6.822,15.040,0.047,false,20.332,LIGHT,9,0,sequential_yolo_pose,SM-S906U1,GPU
2026-04-22 23:19:20.598,109.624,30.013,54.843,0.500,1.420,5.657,11.058,0.031,false,20.363,LIGHT,9,0,sequential_yolo_pose,SM-S906U1,GPU
2026-04-22 23:19:20.704,102.546,22.555,55.705,0.762,2.104,6.191,12.022,0.054,false,20.328,LIGHT,9,0,sequential_yolo_pose,SM-S906U1,GPU
2026-04-22 23:19:20.817,106.165,24.547,58.552,0.493,1.347,4.828,11.747,0.120,false,20.426,LIGHT,9,0,sequential_yolo_pose,SM-S906U1,GPU
2026-04-22 23:19:20.937,114.889,24.796,55.148,0.703,2.433,15.372,12.472,0.052,false,20.359,LIGHT,9,0,sequential_yolo_pose,SM-S906U1,GPU
2026-04-22 23:19:21.024,80.181,21.351,55.259,0.246,0.000,0.000,0.000,0.000,true,16.934,LIGHT,9,0,sequential_yolo_pose,SM-S906U1,GPU
2026-04-22 23:19:21.123,93.352,31.383,56.455,0.479,0.000,0.000,0.000,0.000,true,30.547,LIGHT,9,0,sequential_yolo_pose,SM-S906U1,GPU
2026-04-22 23:19:21.230,100.000,41.114,52.246,0.400,0.000,0.000,0.000,0.000,true,18.531,LIGHT,9,0,sequential_yolo_pose,SM-S906U1,GPU
2026-04-22 23:19:21.356,119.815,32.975,53.525,0.815,2.317,12.189,11.483,0.050,false,35.477,LIGHT,9,0,sequential_yolo_pose,SM-S906U1,GPU
2026-04-22 23:19:21.483,122.951,31.598,59.744,1.060,3.277,10.014,12.903,0.045,false,22.024,LIGHT,9,0,sequential_yolo_pose,SM-S906U1,GPU
2026-04-22 23:19:21.606,116.484,25.829,56.379,1.211,3.815,11.331,13.801,0.069,false,38.875,LIGHT,9,0,sequential_yolo_pose,SM-S906U1,GPU
2026-04-22 23:19:21.739,117.207,27.547,53.764,0.891,8.318,11.983,10.504,0.058,false,20.359,LIGHT,9,0,sequential_yolo_pose,SM-S906U1,GPU
2026-04-22 23:19:21.861,116.883,28.780,56.042,0.811,2.313,9.184,14.522,0.073,false,20.363,LIGHT,9,0,sequential_yolo_pose,SM-S906U1,GPU
2026-04-22 23:19:21.989,121.716,31.036,56.538,0.810,2.283,10.269,16.108,0.047,false,20.301,LIGHT,9,0,sequential_yolo_pose,SM-S906U1,GPU
2026-04-22 23:19:22.081,86.313,28.845,52.997,0.698,0.000,0.000,0.000,0.000,true,16.902,LIGHT,9,0,sequential_yolo_pose,SM-S906U1,GPU
2026-04-22 23:19:22.208,118.625,31.968,57.679,1.116,2.573,6.931,11.786,0.055,false,33.910,LIGHT,9,0,sequential_yolo_pose,SM-S906U1,GPU
2026-04-22 23:19:22.336,110.095,24.275,52.514,1.194,2.686,12.979,12.016,0.047,false,20.391,LIGHT,9,0,sequential_yolo_pose,SM-S906U1,GPU
2026-04-22 23:19:22.454,113.913,27.751,55.368,0.881,1.650,8.271,15.445,0.052,false,20.332,LIGHT,9,0,sequential_yolo_pose,SM-S906U1,GPU
2026-04-22 23:19:22.573,113.972,23.631,53.585,0.952,6.346,13.206,11.889,0.050,false,20.359,LIGHT,9,0,sequential_yolo_pose,SM-S906U1,GPU
2026-04-22 23:19:22.689,111.823,27.429,56.462,0.929,2.038,8.807,11.624,0.051,false,20.328,LIGHT,9,0,sequential_yolo_pose,SM-S906U1,GPU
2026-04-22 23:19:22.804,110.381,28.704,53.662,3.616,1.782,7.219,11.249,0.046,false,20.328,LIGHT,8,0,sequential_yolo_pose,SM-S906U1,GPU
2026-04-22 23:19:22.928,118.321,27.684,56.227,1.123,2.700,12.254,13.958,0.045,false,20.332,LIGHT,8,0,sequential_yolo_pose,SM-S906U1,GPU
2026-04-22 23:19:23.042,108.923,25.937,53.460,1.121,2.856,8.951,11.944,0.065,false,20.383,LIGHT,8,0,sequential_yolo_pose,SM-S906U1,GPU
2026-04-22 23:19:23.167,115.843,28.625,53.816,1.366,3.194,13.596,10.946,0.050,false,20.328,LIGHT,8,0,sequential_yolo_pose,SM-S906U1,GPU
2026-04-22 23:19:23.280,107.769,22.968,56.422,1.049,2.421,8.809,11.795,0.077,false,20.332,LIGHT,8,0,sequential_yolo_pose,SM-S906U1,GPU
2026-04-22 23:19:23.398,111.137,24.575,55.966,1.001,3.858,10.809,10.565,0.049,false,20.387,LIGHT,8,0,sequential_yolo_pose,SM-S906U1,GPU
2026-04-22 23:19:23.515,111.581,28.160,56.687,0.943,1.952,8.017,10.945,0.072,false,20.363,LIGHT,8,0,sequential_yolo_pose,SM-S906U1,GPU
2026-04-22 23:19:23.637,116.991,27.720,54.388,1.173,3.003,10.174,14.205,0.050,false,20.426,LIGHT,8,0,sequential_yolo_pose,SM-S906U1,GPU
2026-04-22 23:19:23.759,114.737,28.838,53.896,1.047,3.362,9.250,12.641,0.051,false,20.297,LIGHT,8,0,sequential_yolo_pose,SM-S906U1,GPU
2026-04-22 23:19:23.880,114.370,23.890,51.398,1.098,3.024,18.060,13.623,0.052,false,20.426,LIGHT,9,0,sequential_yolo_pose,SM-S906U1,GPU
2026-04-22 23:19:24.000,115.521,26.439,54.662,1.034,2.687,10.345,15.724,0.041,false,20.359,LIGHT,9,0,sequential_yolo_pose,SM-S906U1,GPU
2026-04-22 23:19:24.115,110.896,27.076,55.821,0.674,1.807,7.861,13.049,0.042,false,20.332,LIGHT,9,0,sequential_yolo_pose,SM-S906U1,GPU
2026-04-22 23:19:24.235,116.107,24.748,55.912,0.823,3.415,13.357,13.547,0.052,false,20.387,LIGHT,9,0,sequential_yolo_pose,SM-S906U1,GPU
2026-04-22 23:19:24.344,104.231,27.796,54.320,0.452,1.428,5.153,10.832,0.051,false,20.332,LIGHT,9,0,sequential_yolo_pose,SM-S906U1,GPU
2026-04-22 23:19:24.438,87.173,27.807,54.577,0.601,0.000,0.000,0.000,0.000,true,16.934,LIGHT,9,0,sequential_yolo_pose,SM-S906U1,GPU
2026-04-22 23:19:24.539,92.625,31.931,55.515,0.636,0.000,0.000,0.000,0.000,true,30.547,LIGHT,9,0,sequential_yolo_pose,SM-S906U1,GPU
2026-04-22 23:19:24.670,123.956,40.511,53.500,1.347,2.704,8.895,10.610,0.036,false,21.488,LIGHT,9,0,sequential_yolo_pose,SM-S906U1,GPU
2026-04-22 23:19:24.790,115.446,26.202,53.831,1.074,1.942,11.467,15.053,0.076,false,38.496,LIGHT,9,0,sequential_yolo_pose,SM-S906U1,GPU
2026-04-22 23:19:24.912,115.674,24.047,57.610,1.129,2.616,8.632,13.656,0.057,false,29.836,LIGHT,8,0,sequential_yolo_pose,SM-S906U1,GPU
2026-04-22 23:19:25.037,112.970,27.140,55.933,1.826,3.248,10.372,10.056,0.041,false,20.328,LIGHT,8,0,sequential_yolo_pose,SM-S906U1,GPU
2026-04-22 23:19:25.148,105.970,26.011,54.817,0.488,1.500,5.023,14.121,0.054,false,20.332,LIGHT,8,0,sequential_yolo_pose,SM-S906U1,GPU
2026-04-22 23:19:25.265,111.370,26.950,52.783,1.280,2.879,9.074,14.282,0.048,false,20.359,LIGHT,8,0,sequential_yolo_pose,SM-S906U1,GPU
2026-04-22 23:19:25.378,108.939,24.397,55.336,0.811,2.243,7.233,13.934,0.051,false,20.328,LIGHT,8,0,sequential_yolo_pose,SM-S906U1,GPU
2026-04-22 23:19:25.492,104.535,26.601,51.845,0.610,1.374,9.102,10.940,0.044,false,20.297,LIGHT,8,0,sequential_yolo_pose,SM-S906U1,GPU
2026-04-22 23:19:25.605,109.071,24.241,53.769,1.229,2.930,12.170,10.745,0.053,false,20.332,LIGHT,8,0,sequential_yolo_pose,SM-S906U1,GPU
2026-04-22 23:19:25.735,122.222,27.204,54.681,1.309,6.691,10.105,17.230,0.056,false,20.328,LIGHT,8,0,sequential_yolo_pose,SM-S906U1,GPU
2026-04-22 23:19:25.841,101.909,26.354,53.973,0.788,1.449,4.949,10.231,0.031,false,20.512,LIGHT,9,0,sequential_yolo_pose,SM-S906U1,GPU
2026-04-22 23:19:25.941,96.410,20.761,54.894,0.616,1.388,4.804,10.978,0.047,false,20.301,LIGHT,9,0,sequential_yolo_pose,SM-S906U1,GPU
2026-04-22 23:19:26.056,109.924,24.475,53.703,0.906,1.761,13.347,12.262,0.054,false,20.363,LIGHT,9,0,sequential_yolo_pose,SM-S906U1,GPU
2026-04-22 23:19:26.166,105.872,22.679,53.960,0.792,1.922,10.461,11.823,0.054,false,20.355,LIGHT,9,0,sequential_yolo_pose,SM-S906U1,GPU
2026-04-22 23:19:26.284,113.977,27.014,51.721,0.931,2.562,8.995,16.520,0.046,false,20.297,LIGHT,9,0,sequential_yolo_pose,SM-S906U1,GPU
2026-04-22 23:19:26.398,109.386,26.503,53.464,1.102,2.604,10.576,11.267,0.049,false,20.328,LIGHT,9,0,sequential_yolo_pose,SM-S906U1,GPU
2026-04-22 23:19:26.510,108.585,28.301,51.300,0.826,2.581,9.021,10.439,0.073,false,20.328,LIGHT,9,0,sequential_yolo_pose,SM-S906U1,GPU
2026-04-22 23:19:26.620,100.771,24.423,54.533,0.548,1.382,5.532,9.676,0.064,false,20.266,LIGHT,9,0,sequential_yolo_pose,SM-S906U1,GPU
2026-04-22 23:19:26.735,108.803,26.184,54.572,3.094,5.795,5.122,10.111,0.037,false,20.289,LIGHT,9,0,sequential_yolo_pose,SM-S906U1,GPU
2026-04-22 23:19:26.843,103.448,26.212,53.947,0.662,1.289,4.757,9.622,0.027,false,20.422,LIGHT,9,0,sequential_yolo_pose,SM-S906U1,GPU
2026-04-22 23:19:26.961,114.769,25.299,55.783,1.047,2.550,10.518,14.890,0.053,false,20.363,LIGHT,9,0,sequential_yolo_pose,SM-S906U1,GPU
2026-04-22 23:19:27.071,106.437,26.606,54.969,1.042,2.712,6.494,10.675,0.049,false,20.363,LIGHT,9,0,sequential_yolo_pose,SM-S906U1,GPU
2026-04-22 23:19:27.175,97.147,20.471,53.139,0.643,1.694,6.586,10.234,0.043,false,20.293,LIGHT,9,0,sequential_yolo_pose,SM-S906U1,GPU
2026-04-22 23:19:27.294,113.765,26.827,56.395,0.790,2.584,9.489,10.656,0.050,false,20.328,LIGHT,9,0,sequential_yolo_pose,SM-S906U1,GPU
2026-04-22 23:19:27.416,116.504,30.698,55.881,0.653,1.948,7.536,15.223,0.056,false,20.328,LIGHT,9,0,sequential_yolo_pose,SM-S906U1,GPU
2026-04-22 23:19:27.538,116.566,27.658,54.951,1.080,11.462,7.038,10.393,0.047,false,20.391,LIGHT,9,0,sequential_yolo_pose,SM-S906U1,GPU
2026-04-22 23:19:27.643,99.257,21.837,53.606,0.729,1.699,6.544,11.461,0.068,false,20.293,LIGHT,9,0,sequential_yolo_pose,SM-S906U1,GPU
2026-04-22 23:19:27.762,110.054,27.635,55.048,1.043,2.321,10.155,10.047,0.057,false,20.356,LIGHT,9,0,sequential_yolo_pose,SM-S906U1,GPU
2026-04-22 23:19:27.870,103.757,25.607,55.120,0.647,1.739,6.745,9.887,0.052,false,20.422,LIGHT,9,0,sequential_yolo_pose,SM-S906U1,GPU
2026-04-22 23:19:27.980,102.239,25.812,54.235,0.583,1.450,5.438,10.724,0.051,false,20.297,LIGHT,9,0,sequential_yolo_pose,SM-S906U1,GPU
2026-04-22 23:19:28.094,107.036,26.328,55.167,0.711,1.761,7.382,11.570,0.060,false,20.266,LIGHT,9,0,sequential_yolo_pose,SM-S906U1,GPU
2026-04-22 23:19:28.215,114.209,32.615,52.338,0.907,2.557,9.247,11.275,0.046,false,20.328,LIGHT,9,0,sequential_yolo_pose,SM-S906U1,GPU
2026-04-22 23:19:28.327,107.537,22.910,53.722,0.916,2.340,10.889,12.582,0.046,false,20.332,LIGHT,9,0,sequential_yolo_pose,SM-S906U1,GPU
2026-04-22 23:19:28.425,92.322,27.384,59.207,0.806,0.000,0.000,0.000,0.000,true,16.957,LIGHT,9,0,sequential_yolo_pose,SM-S906U1,GPU
2026-04-22 23:19:28.562,131.253,40.002,58.998,0.806,2.053,11.628,11.331,0.046,false,33.996,LIGHT,9,0,sequential_yolo_pose,SM-S906U1,GPU
2026-04-22 23:19:28.686,118.874,35.414,56.599,0.876,1.962,8.793,10.741,0.059,false,28.738,LIGHT,9,0,sequential_yolo_pose,SM-S906U1,GPU
2026-04-22 23:19:28.803,109.522,25.486,55.654,1.340,2.844,9.004,10.916,0.044,false,20.426,LIGHT,9,0,sequential_yolo_pose,SM-S906U1,GPU
2026-04-22 23:19:28.926,106.389,29.381,52.570,0.662,1.680,7.077,10.507,0.067,false,20.266,LIGHT,8,0,sequential_yolo_pose,SM-S906U1,GPU
2026-04-22 23:19:29.039,108.151,28.954,54.775,1.161,1.932,5.744,11.389,0.058,false,20.301,LIGHT,8,0,sequential_yolo_pose,SM-S906U1,GPU
2026-04-22 23:19:29.144,99.413,24.747,52.800,0.477,1.322,4.973,10.735,0.045,false,20.266,LIGHT,8,0,sequential_yolo_pose,SM-S906U1,GPU
2026-04-22 23:19:29.270,120.944,26.508,54.942,1.274,2.705,18.946,12.227,0.049,false,20.457,LIGHT,8,0,sequential_yolo_pose,SM-S906U1,GPU
2026-04-22 23:19:29.387,111.678,28.329,53.218,1.120,2.922,11.387,10.616,0.051,false,20.328,LIGHT,8,0,sequential_yolo_pose,SM-S906U1,GPU
2026-04-22 23:19:29.503,112.299,24.097,53.381,1.042,2.898,13.004,12.013,0.063,false,20.359,LIGHT,8,0,sequential_yolo_pose,SM-S906U1,GPU
2026-04-22 23:19:29.626,114.429,30.879,54.165,0.741,1.751,8.856,13.615,0.050,false,20.348,LIGHT,8,0,sequential_yolo_pose,SM-S906U1,GPU
2026-04-22 23:19:29.749,118.567,35.284,56.171,1.182,2.296,7.974,11.322,0.035,false,20.301,LIGHT,8,0,sequential_yolo_pose,SM-S906U1,GPU
2026-04-22 23:19:29.868,114.654,27.780,55.922,0.721,6.172,8.858,11.003,0.048,false,20.520,LIGHT,9,0,sequential_yolo_pose,SM-S906U1,GPU
2026-04-22 23:19:29.981,109.864,29.848,56.143,0.681,1.706,7.272,10.069,0.060,false,20.270,LIGHT,9,0,sequential_yolo_pose,SM-S906U1,GPU
2026-04-22 23:19:30.097,110.419,26.208,55.241,1.991,3.462,6.601,13.034,0.064,false,20.359,LIGHT,9,0,sequential_yolo_pose,SM-S906U1,GPU
2026-04-22 23:19:30.210,108.921,25.318,56.854,0.878,2.005,6.335,13.401,0.051,false,20.332,LIGHT,9,0,sequential_yolo_pose,SM-S906U1,GPU
2026-04-22 23:19:30.324,107.982,27.212,54.346,0.493,1.733,9.301,10.905,0.052,false,20.297,LIGHT,9,0,sequential_yolo_pose,SM-S906U1,GPU
2026-04-22 23:19:30.440,111.325,27.847,54.870,1.265,1.362,9.534,11.851,0.043,false,20.422,LIGHT,9,0,sequential_yolo_pose,SM-S906U1,GPU
2026-04-22 23:19:30.559,113.753,27.936,55.543,1.211,2.837,10.833,11.351,0.050,false,20.391,LIGHT,9,0,sequential_yolo_pose,SM-S906U1,GPU
2026-04-22 23:19:30.670,107.011,26.629,54.401,1.241,2.745,7.145,10.863,0.063,false,20.332,LIGHT,9,0,sequential_yolo_pose,SM-S906U1,GPU
2026-04-22 23:19:30.779,102.317,26.186,54.890,0.553,1.322,5.311,9.962,0.074,false,20.270,LIGHT,9,0,sequential_yolo_pose,SM-S906U1,GPU
2026-04-22 23:19:30.894,105.973,25.391,55.062,0.706,1.698,7.473,11.831,0.073,false,20.426,LIGHT,9,0,sequential_yolo_pose,SM-S906U1,GPU
2026-04-22 23:19:31.000,102.401,26.606,53.320,0.744,2.580,5.624,9.499,0.053,false,20.324,LIGHT,9,0,sequential_yolo_pose,SM-S906U1,GPU
2026-04-22 23:19:31.108,104.065,27.179,54.643,0.562,1.354,5.090,9.603,0.046,false,20.332,LIGHT,9,0,sequential_yolo_pose,SM-S906U1,GPU
2026-04-22 23:19:31.211,99.391,20.946,55.460,0.709,1.400,5.229,9.752,0.033,false,20.266,LIGHT,9,0,sequential_yolo_pose,SM-S906U1,GPU
2026-04-22 23:19:31.327,110.285,24.838,53.193,1.481,2.920,10.704,12.765,0.047,false,20.297,LIGHT,9,0,sequential_yolo_pose,SM-S906U1,GPU
2026-04-22 23:19:31.440,108.864,26.206,55.421,3.453,2.645,6.804,10.153,0.039,false,20.356,LIGHT,9,0,sequential_yolo_pose,SM-S906U1,GPU
2026-04-22 23:19:31.549,104.861,24.998,56.015,0.656,1.349,5.468,11.997,0.059,false,20.301,LIGHT,9,0,sequential_yolo_pose,SM-S906U1,GPU
2026-04-22 23:19:31.664,110.834,27.051,54.110,1.062,2.622,10.016,10.946,0.088,false,20.332,LIGHT,9,0,sequential_yolo_pose,SM-S906U1,GPU
2026-04-22 23:19:31.786,115.332,25.338,56.482,1.017,2.822,9.164,15.911,0.044,false,20.387,LIGHT,9,0,sequential_yolo_pose,SM-S906U1,GPU
2026-04-22 23:19:31.903,112.606,26.515,53.611,2.076,4.751,10.677,10.632,0.048,false,20.457,LIGHT,9,0,sequential_yolo_pose,SM-S906U1,GPU
2026-04-22 23:19:32.011,103.530,25.167,54.202,0.767,1.711,5.554,11.796,0.153,false,20.363,LIGHT,9,0,sequential_yolo_pose,SM-S906U1,GPU
2026-04-22 23:19:32.128,110.993,26.816,54.788,0.970,3.622,9.294,10.956,0.045,false,20.328,LIGHT,9,0,sequential_yolo_pose,SM-S906U1,GPU
2026-04-22 23:19:32.240,106.177,27.286,52.298,0.917,2.475,7.997,11.141,0.069,false,20.234,LIGHT,9,0,sequential_yolo_pose,SM-S906U1,GPU
2026-04-22 23:19:32.366,119.956,25.562,57.114,0.601,1.510,8.265,22.617,0.046,false,20.391,LIGHT,9,0,sequential_yolo_pose,SM-S906U1,GPU
2026-04-22 23:19:32.493,123.847,34.240,58.631,1.194,2.838,10.310,11.135,0.069,false,20.332,LIGHT,9,0,sequential_yolo_pose,SM-S906U1,GPU
2026-04-22 23:19:32.613,115.421,27.210,58.382,0.997,2.408,8.013,13.854,0.047,false,20.363,LIGHT,9,0,sequential_yolo_pose,SM-S906U1,GPU
2026-04-22 23:19:32.728,108.907,27.161,52.759,0.494,2.486,10.852,11.116,0.048,false,20.328,LIGHT,9,0,sequential_yolo_pose,SM-S906U1,GPU
2026-04-22 23:19:32.840,107.028,26.973,53.321,0.567,2.152,8.403,10.606,0.101,false,20.297,LIGHT,8,0,sequential_yolo_pose,SM-S906U1,GPU
2026-04-22 23:19:32.933,88.013,27.488,55.480,0.542,0.000,0.000,0.000,0.000,true,17.031,LIGHT,8,0,sequential_yolo_pose,SM-S906U1,GPU
2026-04-22 23:19:33.063,124.173,35.096,55.376,0.725,1.960,9.803,14.888,0.034,false,34.070,LIGHT,8,0,sequential_yolo_pose,SM-S906U1,GPU
2026-04-22 23:19:33.175,105.149,26.838,55.253,0.536,1.270,5.078,11.931,0.052,false,20.328,LIGHT,8,0,sequential_yolo_pose,SM-S906U1,GPU
2026-04-22 23:19:33.299,114.230,26.784,55.142,1.125,2.827,13.861,10.184,0.047,false,20.359,LIGHT,8,0,sequential_yolo_pose,SM-S906U1,GPU
2026-04-22 23:19:33.421,115.846,29.056,56.329,0.796,2.037,8.132,10.888,0.058,false,20.270,LIGHT,8,0,sequential_yolo_pose,SM-S906U1,GPU
2026-04-22 23:19:33.537,110.724,27.556,53.782,2.443,2.863,9.430,10.107,0.050,false,20.266,LIGHT,8,0,sequential_yolo_pose,SM-S906U1,GPU
2026-04-22 23:19:33.656,113.608,24.872,58.673,1.131,2.994,10.076,10.305,0.045,false,20.305,LIGHT,8,0,sequential_yolo_pose,SM-S906U1,GPU
2026-04-22 23:19:33.779,118.744,29.780,54.191,1.107,3.776,11.586,14.047,0.053,false,20.332,LIGHT,8,0,sequential_yolo_pose,SM-S906U1,GPU
2026-04-22 23:19:33.897,108.802,26.890,54.705,0.649,1.370,8.505,11.953,0.056,false,20.453,LIGHT,9,0,sequential_yolo_pose,SM-S906U1,GPU
2026-04-22 23:19:34.014,113.606,27.642,55.889,1.304,3.494,9.099,12.007,0.056,false,20.332,LIGHT,9,0,sequential_yolo_pose,SM-S906U1,GPU
2026-04-22 23:19:34.136,115.926,24.532,58.441,0.950,2.179,14.887,10.548,0.042,false,20.328,LIGHT,9,0,sequential_yolo_pose,SM-S906U1,GPU
2026-04-22 23:19:34.257,116.163,29.723,54.945,0.583,1.451,5.828,15.851,0.043,false,20.359,LIGHT,9,0,sequential_yolo_pose,SM-S906U1,GPU
2026-04-22 23:19:34.378,116.718,26.039,54.882,1.254,2.694,12.783,14.590,0.065,false,20.395,LIGHT,9,0,sequential_yolo_pose,SM-S906U1,GPU
2026-04-22 23:19:34.498,115.220,26.655,56.491,1.016,2.585,8.991,14.613,0.053,false,20.328,LIGHT,9,0,sequential_yolo_pose,SM-S906U1,GPU
2026-04-22 23:19:34.617,113.431,29.030,52.998,1.129,2.197,8.112,13.245,0.047,false,20.328,LIGHT,9,0,sequential_yolo_pose,SM-S906U1,GPU
2026-04-22 23:19:34.733,110.251,26.630,54.356,1.099,3.501,8.567,11.748,0.061,false,20.391,LIGHT,9,0,sequential_yolo_pose,SM-S906U1,GPU
2026-04-22 23:19:34.858,120.078,29.657,51.846,1.166,2.786,15.997,11.401,0.055,false,20.328,LIGHT,9,0,sequential_yolo_pose,SM-S906U1,GPU
2026-04-22 23:19:34.975,111.184,27.249,53.385,1.078,2.658,10.532,12.172,0.043,false,20.395,LIGHT,8,0,sequential_yolo_pose,SM-S906U1,GPU
2026-04-22 23:19:35.089,108.278,24.962,54.755,0.715,1.714,6.583,15.136,0.045,false,20.332,LIGHT,8,0,sequential_yolo_pose,SM-S906U1,GPU
2026-04-22 23:19:35.209,113.435,30.570,54.683,0.757,1.865,7.247,14.282,0.038,false,20.359,LIGHT,8,0,sequential_yolo_pose,SM-S906U1,GPU
2026-04-22 23:19:35.334,121.438,26.283,55.567,1.318,3.037,18.254,11.834,0.046,false,20.359,LIGHT,8,0,sequential_yolo_pose,SM-S906U1,GPU
2026-04-22 23:19:35.447,109.135,22.046,53.854,1.018,2.902,9.133,11.367,0.054,false,20.328,LIGHT,8,0,sequential_yolo_pose,SM-S906U1,GPU
2026-04-22 23:19:35.565,113.840,28.872,54.125,1.749,3.156,10.552,10.437,0.031,false,20.359,LIGHT,8,0,sequential_yolo_pose,SM-S906U1,GPU
2026-04-22 23:19:35.681,111.395,26.623,53.574,0.989,2.345,8.733,14.710,0.051,false,20.297,LIGHT,8,0,sequential_yolo_pose,SM-S906U1,GPU
2026-04-22 23:19:35.797,112.145,25.500,55.826,0.742,3.133,11.420,11.045,0.058,false,20.297,LIGHT,8,0,sequential_yolo_pose,SM-S906U1,GPU
2026-04-22 23:19:35.921,119.272,33.709,54.705,0.772,1.436,6.102,17.048,0.047,false,20.453,LIGHT,9,0,sequential_yolo_pose,SM-S906U1,GPU
2026-04-22 23:19:36.035,109.778,25.153,56.998,0.884,1.988,8.950,11.863,0.047,false,20.332,LIGHT,9,0,sequential_yolo_pose,SM-S906U1,GPU
2026-04-22 23:19:36.147,105.933,28.043,52.226,0.621,1.561,7.218,11.931,0.051,false,20.266,LIGHT,9,0,sequential_yolo_pose,SM-S906U1,GPU
2026-04-22 23:19:36.265,112.614,29.517,51.360,0.797,2.613,10.793,11.544,0.052,false,20.391,LIGHT,9,0,sequential_yolo_pose,SM-S906U1,GPU
2026-04-22 23:19:36.382,112.580,31.323,52.235,1.187,2.368,9.182,11.315,0.051,false,20.266,LIGHT,9,0,sequential_yolo_pose,SM-S906U1,GPU
2026-04-22 23:19:36.497,108.018,25.440,55.364,0.865,1.998,9.240,10.903,0.051,false,20.363,LIGHT,9,0,sequential_yolo_pose,SM-S906U1,GPU
2026-04-22 23:19:36.611,109.683,29.629,52.721,0.963,2.425,7.358,11.542,0.044,false,20.270,LIGHT,9,0,sequential_yolo_pose,SM-S906U1,GPU
2026-04-22 23:19:36.727,110.145,30.534,55.704,0.595,1.541,6.978,10.157,0.040,false,20.270,LIGHT,9,0,sequential_yolo_pose,SM-S906U1,GPU
2026-04-22 23:19:36.844,112.305,29.191,55.135,1.112,2.092,8.018,12.734,0.059,false,20.395,LIGHT,9,0,sequential_yolo_pose,SM-S906U1,GPU
2026-04-22 23:19:36.964,113.182,24.529,55.338,1.070,3.149,11.087,13.626,0.061,false,20.438,LIGHT,9,0,sequential_yolo_pose,SM-S906U1,GPU
2026-04-22 23:19:37.056,87.893,30.379,52.815,0.741,0.000,0.000,0.000,0.000,true,16.937,LIGHT,9,0,sequential_yolo_pose,SM-S906U1,GPU
2026-04-22 23:19:37.186,123.880,35.296,55.269,0.899,2.283,8.849,15.510,0.035,false,33.977,LIGHT,9,0,sequential_yolo_pose,SM-S906U1,GPU
2026-04-22 23:19:37.309,113.962,29.945,54.873,1.299,3.823,8.980,10.840,0.065,false,20.297,LIGHT,9,0,sequential_yolo_pose,SM-S906U1,GPU
2026-04-22 23:19:37.429,114.156,29.037,54.991,0.509,2.259,11.181,11.552,0.033,false,20.363,LIGHT,9,0,sequential_yolo_pose,SM-S906U1,GPU
2026-04-22 23:19:37.546,112.186,27.732,55.680,0.633,2.370,10.563,11.254,0.047,false,20.391,LIGHT,9,0,sequential_yolo_pose,SM-S906U1,GPU
2026-04-22 23:19:37.670,119.089,27.357,55.041,1.162,2.669,15.396,13.353,0.044,false,20.477,LIGHT,9,0,sequential_yolo_pose,SM-S906U1,GPU
2026-04-22 23:19:37.783,108.811,27.953,52.163,0.897,2.466,9.162,11.738,0.046,false,20.328,LIGHT,9,0,sequential_yolo_pose,SM-S906U1,GPU
2026-04-22 23:19:37.906,118.541,27.067,55.873,2.853,9.740,6.515,12.333,0.042,false,20.457,LIGHT,8,0,sequential_yolo_pose,SM-S906U1,GPU
2026-04-22 23:19:38.015,104.240,23.713,55.374,0.539,1.450,6.167,12.301,0.072,false,20.332,LIGHT,8,0,sequential_yolo_pose,SM-S906U1,GPU
2026-04-22 23:19:38.132,111.632,25.803,56.724,1.192,2.694,10.629,10.427,0.054,false,20.297,LIGHT,8,0,sequential_yolo_pose,SM-S906U1,GPU
2026-04-22 23:19:38.248,110.988,31.147,54.099,0.784,1.969,7.729,10.824,0.067,false,20.266,LIGHT,8,0,sequential_yolo_pose,SM-S906U1,GPU
2026-04-22 23:19:38.368,112.073,26.328,58.661,0.774,3.210,8.894,10.027,0.035,false,20.328,LIGHT,8,0,sequential_yolo_pose,SM-S906U1,GPU
2026-04-22 23:19:38.489,115.980,29.120,54.676,0.784,2.505,11.304,10.205,0.030,false,20.328,LIGHT,8,0,sequential_yolo_pose,SM-S906U1,GPU
2026-04-22 23:19:38.604,109.184,28.654,54.083,0.584,1.995,8.836,10.525,0.032,false,20.301,LIGHT,8,0,sequential_yolo_pose,SM-S906U1,GPU
2026-04-22 23:19:38.721,110.761,28.193,52.931,0.720,2.105,8.275,14.319,0.044,false,20.297,LIGHT,8,0,sequential_yolo_pose,SM-S906U1,GPU
2026-04-22 23:19:38.838,113.350,26.441,54.368,1.012,2.061,11.718,11.870,0.052,false,20.332,LIGHT,8,0,sequential_yolo_pose,SM-S906U1,GPU
2026-04-22 23:19:38.969,122.792,28.702,55.098,0.966,2.687,15.248,11.950,0.071,false,20.332,LIGHT,9,0,sequential_yolo_pose,SM-S906U1,GPU
2026-04-22 23:19:39.087,114.415,28.582,55.021,0.695,2.047,8.185,13.978,0.076,false,20.297,LIGHT,9,0,sequential_yolo_pose,SM-S906U1,GPU
2026-04-22 23:19:39.199,107.236,25.874,55.800,0.861,2.229,8.277,9.834,0.064,false,20.270,LIGHT,9,0,sequential_yolo_pose,SM-S906U1,GPU
2026-04-22 23:19:39.312,109.271,28.301,54.098,0.616,1.772,7.073,13.251,0.060,false,20.332,LIGHT,9,0,sequential_yolo_pose,SM-S906U1,GPU
2026-04-22 23:19:39.430,108.057,23.441,57.403,0.546,1.817,8.852,12.175,0.056,false,20.328,LIGHT,9,0,sequential_yolo_pose,SM-S906U1,GPU
2026-04-22 23:19:39.551,117.072,28.428,56.178,0.655,1.843,7.317,18.364,0.044,false,20.426,LIGHT,9,0,sequential_yolo_pose,SM-S906U1,GPU
2026-04-22 23:19:39.671,115.681,25.332,55.301,1.193,4.427,14.239,11.245,0.044,false,20.363,LIGHT,9,0,sequential_yolo_pose,SM-S906U1,GPU
2026-04-22 23:19:39.789,113.266,27.749,54.759,1.032,2.846,10.237,12.249,0.045,false,20.328,LIGHT,9,0,sequential_yolo_pose,SM-S906U1,GPU
2026-04-22 23:19:39.908,114.121,26.300,53.536,1.024,2.902,13.467,12.376,0.046,false,20.363,LIGHT,8,0,sequential_yolo_pose,SM-S906U1,GPU
2026-04-22 23:19:40.033,114.395,27.186,52.662,1.082,2.566,10.179,16.358,0.047,false,20.391,LIGHT,8,0,sequential_yolo_pose,SM-S906U1,GPU
2026-04-22 23:19:40.145,108.232,24.829,53.852,1.178,2.847,7.414,13.045,0.048,false,20.383,LIGHT,8,0,sequential_yolo_pose,SM-S906U1,GPU
2026-04-22 23:19:40.268,115.863,28.662,54.036,0.774,2.502,14.376,10.809,0.112,false,20.328,LIGHT,8,0,sequential_yolo_pose,SM-S906U1,GPU
2026-04-22 23:19:40.377,103.140,25.326,54.164,0.466,1.158,5.309,11.766,0.047,false,20.395,LIGHT,8,0,sequential_yolo_pose,SM-S906U1,GPU
2026-04-22 23:19:40.493,110.562,21.867,57.297,1.041,2.955,11.439,12.415,0.048,false,20.332,LIGHT,8,0,sequential_yolo_pose,SM-S906U1,GPU
2026-04-22 23:19:40.607,109.299,28.259,52.641,0.989,2.708,8.785,11.692,0.045,false,20.332,LIGHT,8,0,sequential_yolo_pose,SM-S906U1,GPU
2026-04-22 23:19:40.723,107.428,20.446,55.305,0.817,2.292,9.927,15.364,0.046,false,20.363,LIGHT,8,0,sequential_yolo_pose,SM-S906U1,GPU
2026-04-22 23:19:40.837,107.528,29.141,56.401,0.691,1.763,5.469,10.128,0.041,false,20.238,LIGHT,8,0,sequential_yolo_pose,SM-S906U1,GPU
2026-04-22 23:19:40.945,104.074,29.837,53.338,0.504,1.118,4.712,10.771,0.066,false,20.395,LIGHT,9,0,sequential_yolo_pose,SM-S906U1,GPU
2026-04-22 23:19:41.058,107.719,22.893,53.432,0.835,2.260,12.191,12.190,0.048,false,20.363,LIGHT,9,0,sequential_yolo_pose,SM-S906U1,GPU
2026-04-22 23:19:41.168,106.253,25.823,53.392,0.682,3.056,8.488,10.855,0.045,false,20.465,LIGHT,9,0,sequential_yolo_pose,SM-S906U1,GPU
2026-04-22 23:19:41.266,93.476,30.801,55.636,0.551,0.000,0.000,0.000,0.000,true,17.000,LIGHT,9,0,sequential_yolo_pose,SM-S906U1,GPU
2026-04-22 23:19:41.366,92.043,28.176,56.219,0.406,0.000,0.000,0.000,0.000,true,30.551,LIGHT,9,0,sequential_yolo_pose,SM-S906U1,GPU
2026-04-22 23:19:41.478,106.583,44.553,53.363,0.546,0.000,0.000,0.000,0.000,true,18.598,LIGHT,9,0,sequential_yolo_pose,SM-S906U1,GPU
2026-04-22 23:19:41.606,119.649,36.566,53.224,0.873,3.396,8.446,12.029,0.030,false,35.543,LIGHT,9,0,sequential_yolo_pose,SM-S906U1,GPU
2026-04-22 23:19:41.699,88.893,26.752,56.774,0.690,0.000,0.000,0.000,0.000,true,13.953,LIGHT,9,0,sequential_yolo_pose,SM-S906U1,GPU
2026-04-22 23:19:41.822,114.330,28.051,56.402,0.525,1.689,7.599,11.068,0.059,false,20.324,LIGHT,9,0,sequential_yolo_pose,SM-S906U1,GPU
2026-04-22 23:19:41.938,112.265,26.412,58.868,2.864,3.223,5.720,10.464,0.036,false,20.477,LIGHT,9,0,sequential_yolo_pose,SM-S906U1,GPU
2026-04-22 23:19:42.044,98.926,23.460,53.832,0.522,1.395,5.493,10.083,0.052,false,20.301,LIGHT,9,0,sequential_yolo_pose,SM-S906U1,GPU
2026-04-22 23:19:42.159,108.324,21.466,55.313,0.954,2.961,10.433,14.096,0.058,false,20.363,LIGHT,9,0,sequential_yolo_pose,SM-S906U1,GPU
2026-04-22 23:19:42.270,106.294,27.311,55.170,0.709,2.799,6.121,10.159,0.057,false,20.238,LIGHT,9,0,sequential_yolo_pose,SM-S906U1,GPU
2026-04-22 23:19:42.386,112.497,27.145,57.459,0.782,2.067,9.768,10.993,0.048,false,20.332,LIGHT,9,0,sequential_yolo_pose,SM-S906U1,GPU
2026-04-22 23:19:42.500,107.733,24.734,55.415,0.560,1.741,9.672,11.291,0.042,false,20.391,LIGHT,9,0,sequential_yolo_pose,SM-S906U1,GPU
2026-04-22 23:19:42.620,114.353,27.854,53.398,0.754,2.909,7.926,16.368,0.035,false,20.301,LIGHT,9,0,sequential_yolo_pose,SM-S906U1,GPU
2026-04-22 23:19:42.732,107.732,26.774,53.950,0.872,2.754,9.313,9.996,0.062,false,20.352,LIGHT,9,0,sequential_yolo_pose,SM-S906U1,GPU
2026-04-22 23:19:42.849,109.599,28.379,51.754,0.682,1.690,5.753,15.137,0.055,false,20.328,LIGHT,9,0,sequential_yolo_pose,SM-S906U1,GPU
2026-04-22 23:19:42.968,113.198,32.511,53.106,0.332,0.799,5.917,16.177,0.083,false,20.453,LIGHT,9,0,sequential_yolo_pose,SM-S906U1,GPU
2026-04-22 23:19:43.070,98.636,25.014,52.932,0.555,1.243,4.924,11.137,0.050,false,20.266,LIGHT,9,0,sequential_yolo_pose,SM-S906U1,GPU
2026-04-22 23:19:43.179,105.255,27.367,53.914,0.381,1.132,6.119,13.338,0.049,false,20.324,LIGHT,9,0,sequential_yolo_pose,SM-S906U1,GPU
2026-04-22 23:19:43.331,140.109,49.517,52.990,0.505,1.295,5.212,16.596,0.044,false,20.332,LIGHT,9,0,sequential_yolo_pose,SM-S906U1,GPU
2026-04-22 23:19:43.452,115.491,34.575,56.540,0.457,1.229,7.303,10.917,0.067,false,20.328,LIGHT,9,0,sequential_yolo_pose,SM-S906U1,GPU
2026-04-22 23:19:43.557,101.416,25.875,55.134,0.568,0.792,4.520,9.851,0.036,false,20.234,LIGHT,9,0,sequential_yolo_pose,SM-S906U1,GPU
2026-04-22 23:19:43.670,109.726,26.896,54.016,0.490,1.473,5.650,11.122,0.048,false,37.274,LIGHT,9,0,sequential_yolo_pose,SM-S906U1,GPU
2026-04-22 23:19:43.780,105.586,29.503,54.037,0.411,1.271,4.653,11.187,0.114,false,17.180,LIGHT,9,0,sequential_yolo_pose,SM-S906U1,GPU
2026-04-22 23:19:43.915,129.190,44.748,53.606,2.414,4.642,7.897,11.722,0.041,false,20.359,LIGHT,8,0,sequential_yolo_pose,SM-S906U1,GPU
2026-04-22 23:19:44.024,103.394,29.157,54.676,0.481,1.343,4.635,9.484,0.047,false,20.207,LIGHT,8,0,sequential_yolo_pose,SM-S906U1,GPU
2026-04-22 23:19:44.134,105.889,28.814,54.091,0.468,1.285,6.182,11.286,0.100,false,20.391,LIGHT,8,0,sequential_yolo_pose,SM-S906U1,GPU
2026-04-22 23:19:44.319,172.434,73.066,51.833,2.595,4.730,16.588,10.589,0.041,false,20.453,LIGHT,8,0,sequential_yolo_pose,SM-S906U1,GPU
2026-04-22 23:19:44.487,157.063,45.337,54.171,3.206,5.942,17.095,18.235,0.044,false,20.426,LIGHT,8,0,sequential_yolo_pose,SM-S906U1,GPU
2026-04-22 23:19:44.608,114.540,34.051,56.952,0.905,1.205,7.984,9.100,0.040,false,20.301,LIGHT,8,0,sequential_yolo_pose,SM-S906U1,GPU
2026-04-22 23:19:44.771,160.550,86.522,52.702,0.506,1.160,6.404,9.467,0.047,false,37.246,LIGHT,8,0,sequential_yolo_pose,SM-S906U1,GPU
2026-04-22 23:19:44.893,113.860,33.848,51.308,0.577,2.271,10.118,11.725,0.045,false,21.965,LIGHT,8,0,sequential_yolo_pose,SM-S906U1,GPU
2026-04-22 23:19:45.011,114.877,36.710,52.569,0.651,2.987,6.366,11.958,0.028,false,38.879,LIGHT,8,0,sequential_yolo_pose,SM-S906U1,GPU
2026-04-22 23:19:45.126,106.902,27.803,55.287,0.605,1.368,4.325,10.737,0.024,false,20.324,LIGHT,8,0,sequential_yolo_pose,SM-S906U1,GPU
2026-04-22 23:19:45.223,93.375,23.811,51.764,0.389,0.949,4.295,9.614,0.035,false,20.316,LIGHT,8,0,sequential_yolo_pose,SM-S906U1,GPU
2026-04-22 23:19:45.333,100.009,23.974,55.282,0.489,1.826,5.523,10.450,0.027,false,20.266,LIGHT,8,0,sequential_yolo_pose,SM-S906U1,GPU
2026-04-22 23:19:45.453,117.102,34.046,57.256,0.478,1.764,5.688,12.111,0.033,false,20.266,LIGHT,8,0,sequential_yolo_pose,SM-S906U1,GPU
2026-04-22 23:19:45.564,107.341,34.854,53.264,0.342,0.890,3.702,10.050,0.030,false,20.414,LIGHT,8,0,sequential_yolo_pose,SM-S906U1,GPU
2026-04-22 23:19:45.661,94.774,33.073,57.376,0.359,0.000,0.000,0.000,0.000,true,16.906,LIGHT,8,0,sequential_yolo_pose,SM-S906U1,GPU
2026-04-22 23:19:45.811,145.153,43.352,50.724,0.479,1.200,7.466,17.674,0.042,false,33.977,LIGHT,8,0,sequential_yolo_pose,SM-S906U1,GPU
2026-04-22 23:19:45.945,118.877,48.653,60.641,4.338,0.000,0.000,0.000,0.000,true,27.067,LIGHT,8,0,sequential_yolo_pose,SM-S906U1,GPU
2026-04-22 23:19:46.098,143.441,39.058,64.362,0.768,4.384,5.519,24.850,0.018,false,21.563,LIGHT,8,0,sequential_yolo_pose,SM-S906U1,GPU
2026-04-22 23:19:46.223,119.606,33.310,58.117,0.463,1.351,3.631,20.026,0.018,false,38.539,LIGHT,8,0,sequential_yolo_pose,SM-S906U1,GPU
2026-04-22 23:19:46.351,119.771,37.470,56.136,0.409,1.438,4.854,14.135,0.031,false,16.816,LIGHT,8,0,sequential_yolo_pose,SM-S906U1,GPU
2026-04-22 23:19:46.466,111.529,33.101,55.009,0.590,1.685,6.806,10.379,0.039,false,20.297,LIGHT,8,0,sequential_yolo_pose,SM-S906U1,GPU
2026-04-22 23:19:46.598,127.486,33.270,59.175,0.427,1.275,5.820,23.741,0.044,false,20.359,LIGHT,8,0,sequential_yolo_pose,SM-S906U1,GPU
2026-04-22 23:19:46.734,122.708,34.922,56.428,0.447,5.482,9.901,11.378,0.044,false,20.359,LIGHT,8,0,sequential_yolo_pose,SM-S906U1,GPU
2026-04-22 23:19:46.836,99.315,25.999,53.637,0.520,1.537,4.439,9.414,0.179,false,20.332,LIGHT,8,0,sequential_yolo_pose,SM-S906U1,GPU
2026-04-22 23:19:46.949,109.087,31.258,52.007,0.593,1.830,5.706,14.092,0.045,false,20.516,LIGHT,8,0,sequential_yolo_pose,SM-S906U1,GPU
2026-04-22 23:19:47.052,98.736,27.763,50.684,0.640,1.383,5.250,9.325,0.041,false,20.332,LIGHT,8,0,sequential_yolo_pose,SM-S906U1,GPU
2026-04-22 23:19:47.167,110.242,21.604,57.141,1.088,2.919,11.311,13.353,0.045,false,20.414,LIGHT,8,0,sequential_yolo_pose,SM-S906U1,GPU
2026-04-22 23:19:47.287,116.221,31.584,52.129,0.554,1.824,8.883,17.366,0.046,false,20.395,LIGHT,8,0,sequential_yolo_pose,SM-S906U1,GPU
2026-04-22 23:19:47.420,129.468,37.018,53.419,2.430,4.462,6.027,22.217,0.043,false,20.434,LIGHT,8,0,sequential_yolo_pose,SM-S906U1,GPU
2026-04-22 23:19:47.583,147.596,55.068,55.521,0.619,1.105,14.631,11.433,0.070,false,20.019,LIGHT,8,0,sequential_yolo_pose,SM-S906U1,GPU
2026-04-22 23:19:47.767,179.211,92.200,53.697,0.475,1.229,7.993,10.022,0.026,false,37.153,LIGHT,8,0,sequential_yolo_pose,SM-S906U1,GPU
2026-04-22 23:19:47.884,112.816,35.514,54.285,2.513,1.294,6.038,10.237,0.042,false,17.215,LIGHT,8,0,sequential_yolo_pose,SM-S906U1,GPU
2026-04-22 23:19:48.001,110.808,26.803,54.752,1.347,1.292,13.610,9.292,0.038,false,20.332,LIGHT,8,0,sequential_yolo_pose,SM-S906U1,GPU
2026-04-22 23:19:48.165,158.604,73.265,54.450,0.913,2.719,5.793,9.593,0.037,false,20.266,LIGHT,8,0,sequential_yolo_pose,SM-S906U1,GPU
2026-04-22 23:19:48.283,114.929,33.125,52.889,0.446,2.782,10.283,11.049,0.615,false,20.422,LIGHT,8,0,sequential_yolo_pose,SM-S906U1,GPU
2026-04-22 23:19:48.389,102.242,28.335,52.804,0.564,1.409,5.184,10.361,0.026,false,20.289,LIGHT,8,0,sequential_yolo_pose,SM-S906U1,GPU
2026-04-22 23:19:48.500,108.370,25.069,59.557,0.686,1.918,6.650,11.714,0.074,false,20.391,LIGHT,8,0,sequential_yolo_pose,SM-S906U1,GPU
2026-04-22 23:19:48.620,116.717,33.101,53.066,0.653,1.572,7.906,15.250,0.043,false,20.395,LIGHT,8,0,sequential_yolo_pose,SM-S906U1,GPU
2026-04-22 23:19:48.736,112.226,19.919,60.095,1.047,2.493,12.276,12.025,0.039,false,20.387,LIGHT,8,0,sequential_yolo_pose,SM-S906U1,GPU
2026-04-22 23:19:48.837,97.672,20.947,55.454,0.525,1.147,4.647,8.978,0.039,false,20.356,LIGHT,8,0,sequential_yolo_pose,SM-S906U1,GPU
2026-04-22 23:19:48.944,103.705,26.919,54.986,1.574,1.101,5.036,9.505,0.050,false,20.488,LIGHT,8,0,sequential_yolo_pose,SM-S906U1,GPU
2026-04-22 23:19:49.055,107.135,23.712,58.854,0.472,1.300,5.060,14.099,0.050,false,20.301,LIGHT,8,0,sequential_yolo_pose,SM-S906U1,GPU
2026-04-22 23:19:49.177,118.504,27.603,55.922,1.157,6.288,12.211,11.286,0.054,false,20.359,LIGHT,8,0,sequential_yolo_pose,SM-S906U1,GPU
2026-04-22 23:19:49.298,117.018,25.680,54.173,1.763,2.969,17.535,10.535,0.044,false,20.332,LIGHT,8,0,sequential_yolo_pose,SM-S906U1,GPU
2026-04-22 23:19:49.410,104.598,27.358,53.190,0.776,1.773,7.952,10.740,0.051,false,20.297,LIGHT,8,0,sequential_yolo_pose,SM-S906U1,GPU
2026-04-22 23:19:49.526,112.088,23.995,56.540,0.965,2.502,10.374,13.480,0.061,false,20.301,LIGHT,8,0,sequential_yolo_pose,SM-S906U1,GPU
2026-04-22 23:19:49.637,107.154,27.343,53.887,0.915,2.721,7.150,10.480,0.041,false,20.270,LIGHT,8,0,sequential_yolo_pose,SM-S906U1,GPU
2026-04-22 23:19:49.755,113.403,27.535,53.885,0.726,2.720,11.495,12.872,0.044,false,20.363,LIGHT,8,0,sequential_yolo_pose,SM-S906U1,GPU
2026-04-22 23:19:49.863,105.012,22.071,53.730,0.579,2.284,8.684,12.635,0.046,false,20.355,LIGHT,8,0,sequential_yolo_pose,SM-S906U1,GPU
2026-04-22 23:19:49.954,85.888,28.600,53.201,0.407,0.000,0.000,0.000,0.000,true,17.062,LIGHT,9,0,sequential_yolo_pose,SM-S906U1,GPU
2026-04-22 23:19:50.044,87.068,26.828,55.973,0.662,0.000,0.000,0.000,0.000,true,30.652,LIGHT,9,0,sequential_yolo_pose,SM-S906U1,GPU
2026-04-22 23:19:50.147,96.884,40.550,50.266,0.334,0.000,0.000,0.000,0.000,true,18.656,LIGHT,9,0,sequential_yolo_pose,SM-S906U1,GPU
2026-04-22 23:19:50.258,105.344,22.057,56.631,0.631,1.585,7.241,13.859,0.043,false,35.508,LIGHT,9,0,sequential_yolo_pose,SM-S906U1,GPU
2026-04-22 23:19:50.365,102.781,24.667,55.354,0.599,1.840,6.571,9.730,0.031,false,17.336,LIGHT,9,0,sequential_yolo_pose,SM-S906U1,GPU
2026-04-22 23:19:50.471,102.444,27.041,52.530,0.638,3.121,5.078,9.956,0.043,false,20.270,LIGHT,9,0,sequential_yolo_pose,SM-S906U1,GPU
2026-04-22 23:19:50.595,119.937,31.459,58.050,0.787,2.533,12.572,11.669,0.038,false,20.363,LIGHT,9,0,sequential_yolo_pose,SM-S906U1,GPU
2026-04-22 23:19:50.705,106.235,31.464,51.858,0.687,2.209,6.263,9.675,0.047,false,20.266,LIGHT,9,0,sequential_yolo_pose,SM-S906U1,GPU
2026-04-22 23:19:50.810,98.999,23.093,54.268,0.485,1.174,4.793,9.928,0.058,false,20.297,LIGHT,9,0,sequential_yolo_pose,SM-S906U1,GPU
2026-04-22 23:19:50.934,111.517,35.542,53.273,0.884,1.564,6.604,9.287,0.066,false,20.422,LIGHT,9,0,sequential_yolo_pose,SM-S906U1,GPU
2026-04-22 23:19:51.049,107.848,29.332,51.003,0.627,1.496,5.939,11.634,0.046,false,20.332,LIGHT,9,0,sequential_yolo_pose,SM-S906U1,GPU
2026-04-22 23:19:51.158,101.805,20.940,55.920,0.576,2.161,8.451,10.550,0.060,false,20.297,LIGHT,9,0,sequential_yolo_pose,SM-S906U1,GPU
2026-04-22 23:19:51.263,101.350,27.059,54.782,0.387,1.377,4.188,9.991,0.040,false,20.332,LIGHT,9,0,sequential_yolo_pose,SM-S906U1,GPU
2026-04-22 23:19:51.371,104.107,29.399,53.430,0.499,1.389,5.443,9.976,0.064,false,20.297,LIGHT,9,0,sequential_yolo_pose,SM-S906U1,GPU
2026-04-22 23:19:51.506,127.580,30.504,59.420,1.168,6.742,13.466,11.422,0.034,false,20.363,LIGHT,9,0,sequential_yolo_pose,SM-S906U1,GPU
2026-04-22 23:19:51.608,98.582,20.686,55.286,0.490,1.427,4.645,10.487,0.066,false,20.356,LIGHT,9,0,sequential_yolo_pose,SM-S906U1,GPU
2026-04-22 23:19:51.731,119.742,27.512,56.230,1.078,3.826,14.522,13.495,0.049,false,20.395,LIGHT,9,0,sequential_yolo_pose,SM-S906U1,GPU
2026-04-22 23:19:51.847,111.349,29.116,55.075,1.009,2.214,9.171,10.484,0.057,false,20.332,LIGHT,9,0,sequential_yolo_pose,SM-S906U1,GPU
2026-04-22 23:19:51.959,105.119,25.180,56.011,0.666,1.793,6.906,10.660,0.045,false,20.363,LIGHT,9,0,sequential_yolo_pose,SM-S906U1,GPU
2026-04-22 23:19:52.074,111.167,26.412,54.600,0.870,3.169,9.470,12.176,0.041,false,20.363,LIGHT,9,0,sequential_yolo_pose,SM-S906U1,GPU
2026-04-22 23:19:52.190,109.820,25.663,56.754,0.626,1.867,6.070,14.784,0.078,false,20.348,LIGHT,9,0,sequential_yolo_pose,SM-S906U1,GPU
2026-04-22 23:19:52.307,113.040,30.545,57.017,0.736,3.651,6.285,10.635,0.046,false,20.332,LIGHT,9,0,sequential_yolo_pose,SM-S906U1,GPU
2026-04-22 23:19:52.433,117.118,28.146,56.369,1.041,2.862,11.222,13.130,0.055,false,20.301,LIGHT,9,0,sequential_yolo_pose,SM-S906U1,GPU
2026-04-22 23:19:52.548,110.636,26.703,54.009,0.918,2.316,8.127,14.174,0.063,false,20.270,LIGHT,9,0,sequential_yolo_pose,SM-S906U1,GPU
2026-04-22 23:19:52.671,116.950,29.220,53.454,1.123,2.736,13.372,11.605,0.042,false,20.328,LIGHT,9,0,sequential_yolo_pose,SM-S906U1,GPU
2026-04-22 23:19:52.787,111.393,29.509,53.583,0.675,1.715,8.309,13.145,0.059,false,20.297,LIGHT,9,0,sequential_yolo_pose,SM-S906U1,GPU
2026-04-22 23:19:52.914,120.940,29.184,54.454,1.212,6.726,9.147,16.163,0.052,false,20.414,LIGHT,9,0,sequential_yolo_pose,SM-S906U1,GPU
2026-04-22 23:19:53.021,103.184,24.479,51.660,0.824,2.035,8.969,11.250,0.042,false,20.363,LIGHT,9,0,sequential_yolo_pose,SM-S906U1,GPU
2026-04-22 23:19:53.135,110.487,25.804,56.213,1.120,2.723,10.258,10.448,0.057,false,20.328,LIGHT,9,0,sequential_yolo_pose,SM-S906U1,GPU
2026-04-22 23:19:53.253,112.976,24.909,53.744,0.963,2.362,8.642,18.001,0.080,false,20.297,LIGHT,9,0,sequential_yolo_pose,SM-S906U1,GPU
2026-04-22 23:19:53.372,113.609,28.270,57.188,1.134,2.638,9.618,10.333,0.047,false,20.422,LIGHT,9,0,sequential_yolo_pose,SM-S906U1,GPU
2026-04-22 23:19:53.498,117.383,28.313,54.786,0.997,2.375,13.293,13.402,0.047,false,20.328,LIGHT,9,0,sequential_yolo_pose,SM-S906U1,GPU
2026-04-22 23:19:53.606,104.410,27.432,52.557,0.572,1.360,5.220,11.887,0.043,false,20.363,LIGHT,9,0,sequential_yolo_pose,SM-S906U1,GPU
2026-04-22 23:19:53.732,119.358,26.935,53.195,1.106,2.832,16.620,13.747,0.046,false,20.359,LIGHT,9,0,sequential_yolo_pose,SM-S906U1,GPU
2026-04-22 23:19:53.853,117.176,29.447,56.837,1.106,2.889,10.873,11.600,0.096,false,20.266,LIGHT,9,0,sequential_yolo_pose,SM-S906U1,GPU
2026-04-22 23:19:53.964,106.149,25.126,56.014,2.986,2.956,4.897,9.758,0.048,false,20.426,LIGHT,8,0,sequential_yolo_pose,SM-S906U1,GPU
2026-04-22 23:19:54.075,106.383,25.588,54.048,0.808,1.902,7.766,11.495,0.055,false,20.383,LIGHT,8,0,sequential_yolo_pose,SM-S906U1,GPU
2026-04-22 23:19:54.189,104.419,20.636,54.638,0.931,2.211,9.565,13.266,0.041,false,20.328,LIGHT,8,0,sequential_yolo_pose,SM-S906U1,GPU
2026-04-22 23:19:54.306,111.545,24.173,58.365,1.171,2.916,7.872,12.700,0.032,false,20.328,LIGHT,8,0,sequential_yolo_pose,SM-S906U1,GPU
2026-04-22 23:19:54.398,87.556,28.764,53.585,0.895,0.000,0.000,0.000,0.000,true,16.934,LIGHT,8,0,sequential_yolo_pose,SM-S906U1,GPU
2026-04-22 23:19:54.538,134.407,36.863,58.554,0.656,1.604,19.285,11.570,0.040,false,34.004,LIGHT,8,0,sequential_yolo_pose,SM-S906U1,GPU
2026-04-22 23:19:54.658,111.970,27.515,55.387,0.578,1.358,9.207,9.896,0.045,false,30.367,LIGHT,8,0,sequential_yolo_pose,SM-S906U1,GPU
2026-04-22 23:19:54.771,110.111,28.770,53.494,0.873,2.358,9.179,11.467,0.055,false,21.922,LIGHT,8,0,sequential_yolo_pose,SM-S906U1,GPU
2026-04-22 23:19:54.897,117.053,29.841,51.679,0.991,2.747,13.557,13.695,0.050,false,38.836,LIGHT,8,0,sequential_yolo_pose,SM-S906U1,GPU
2026-04-22 23:19:55.016,109.186,28.866,55.836,0.583,1.643,5.667,10.332,0.047,false,20.297,LIGHT,9,0,sequential_yolo_pose,SM-S906U1,GPU
2026-04-22 23:19:55.133,112.864,28.023,55.906,0.958,4.991,7.997,9.883,0.044,false,20.332,LIGHT,9,0,sequential_yolo_pose,SM-S906U1,GPU
2026-04-22 23:19:55.250,113.099,27.854,55.011,0.717,1.787,6.572,16.349,0.055,false,20.363,LIGHT,9,0,sequential_yolo_pose,SM-S906U1,GPU
2026-04-22 23:19:55.369,114.969,28.918,57.327,0.762,2.164,10.060,11.243,0.063,false,20.328,LIGHT,9,0,sequential_yolo_pose,SM-S906U1,GPU
2026-04-22 23:19:55.475,100.866,23.393,53.336,0.512,1.111,4.610,12.732,0.039,false,20.363,LIGHT,9,0,sequential_yolo_pose,SM-S906U1,GPU
2026-04-22 23:19:55.589,101.521,17.854,55.185,0.550,1.257,7.183,15.862,0.040,false,20.395,LIGHT,9,0,sequential_yolo_pose,SM-S906U1,GPU
2026-04-22 23:19:55.699,107.324,24.255,57.697,0.506,1.549,9.932,10.216,0.044,false,14.500,LIGHT,9,0,sequential_yolo_pose,SM-S906U1,GPU
2026-04-22 23:19:55.800,98.012,22.076,53.763,0.587,3.266,4.582,10.500,0.044,false,21.598,LIGHT,9,0,sequential_yolo_pose,SM-S906U1,GPU
2026-04-22 23:19:55.926,121.208,22.710,57.466,0.523,1.230,17.173,13.477,0.027,false,13.457,LIGHT,9,0,sequential_yolo_pose,SM-S906U1,GPU
2026-04-22 23:19:56.036,102.904,22.644,53.379,0.757,1.867,10.256,10.885,0.053,false,20.418,LIGHT,9,0,sequential_yolo_pose,SM-S906U1,GPU
2026-04-22 23:19:56.137,97.706,22.967,52.384,0.626,1.974,5.973,10.358,0.055,false,20.320,LIGHT,9,0,sequential_yolo_pose,SM-S906U1,GPU
2026-04-22 23:19:56.248,106.258,26.711,56.982,0.695,1.583,6.253,10.208,0.049,false,20.270,LIGHT,9,0,sequential_yolo_pose,SM-S906U1,GPU
2026-04-22 23:19:56.355,103.246,23.285,55.461,0.680,1.730,6.464,11.901,0.091,false,20.391,LIGHT,9,0,sequential_yolo_pose,SM-S906U1,GPU
2026-04-22 23:19:56.454,95.292,21.143,51.894,0.632,1.718,6.170,10.270,0.047,false,20.375,LIGHT,9,0,sequential_yolo_pose,SM-S906U1,GPU
2026-04-22 23:19:56.566,108.314,24.065,55.644,0.644,1.742,10.750,12.097,0.041,false,14.524,LIGHT,9,0,sequential_yolo_pose,SM-S906U1,GPU
2026-04-22 23:19:56.695,125.224,31.561,59.365,0.945,2.184,9.572,17.366,0.043,false,21.633,LIGHT,9,0,sequential_yolo_pose,SM-S906U1,GPU
2026-04-22 23:19:56.802,102.958,27.462,53.478,0.541,1.205,4.950,10.270,0.030,false,38.547,LIGHT,9,0,sequential_yolo_pose,SM-S906U1,GPU
2026-04-22 23:19:56.927,115.796,29.182,54.972,1.258,2.762,11.139,12.522,0.043,false,20.297,LIGHT,9,0,sequential_yolo_pose,SM-S906U1,GPU
2026-04-22 23:19:57.039,108.698,29.939,57.098,0.721,1.610,4.970,9.494,0.054,false,20.356,LIGHT,9,0,sequential_yolo_pose,SM-S906U1,GPU
2026-04-22 23:19:57.159,114.325,28.387,53.230,0.494,1.591,5.224,9.992,0.104,false,20.332,LIGHT,9,0,sequential_yolo_pose,SM-S906U1,GPU
2026-04-22 23:19:57.264,97.339,24.121,51.946,0.439,0.966,4.888,10.714,0.039,false,20.395,LIGHT,9,0,sequential_yolo_pose,SM-S906U1,GPU
2026-04-22 23:19:57.386,119.422,23.179,61.504,4.083,1.563,5.897,16.628,0.059,false,14.531,LIGHT,9,0,sequential_yolo_pose,SM-S906U1,GPU
2026-04-22 23:19:57.497,104.621,27.544,54.411,0.436,0.954,8.386,9.818,0.039,false,31.508,LIGHT,9,0,sequential_yolo_pose,SM-S906U1,GPU
2026-04-22 23:19:57.604,103.956,29.325,56.549,0.418,0.914,3.664,8.811,0.032,false,29.762,LIGHT,9,0,sequential_yolo_pose,SM-S906U1,GPU
2026-04-22 23:19:57.714,106.687,24.592,57.911,0.549,1.596,5.730,11.620,0.059,false,20.363,LIGHT,9,0,sequential_yolo_pose,SM-S906U1,GPU
2026-04-22 23:19:57.821,100.434,22.922,55.328,0.580,1.609,6.004,9.961,0.049,false,20.266,LIGHT,9,0,sequential_yolo_pose,SM-S906U1,GPU
2026-04-22 23:19:57.920,96.128,20.566,53.318,0.483,1.149,5.269,12.433,0.036,false,20.359,LIGHT,9,0,sequential_yolo_pose,SM-S906U1,GPU
2026-04-22 23:19:58.017,94.023,22.336,52.632,0.434,1.450,3.700,10.038,0.042,false,20.512,LIGHT,9,0,sequential_yolo_pose,SM-S906U1,GPU
2026-04-22 23:19:58.115,95.151,19.911,54.318,0.682,1.398,5.512,10.184,0.136,false,20.379,LIGHT,9,0,sequential_yolo_pose,SM-S906U1,GPU
2026-04-22 23:19:58.218,100.534,20.580,54.699,0.639,1.450,6.993,13.135,0.042,false,20.328,LIGHT,9,0,sequential_yolo_pose,SM-S906U1,GPU
2026-04-22 23:19:58.327,104.234,25.362,55.876,0.569,1.490,6.607,10.891,0.034,false,20.387,LIGHT,9,0,sequential_yolo_pose,SM-S906U1,GPU
2026-04-22 23:19:58.429,97.906,21.782,53.019,0.578,1.629,6.682,11.187,0.041,false,20.328,LIGHT,9,0,sequential_yolo_pose,SM-S906U1,GPU
2026-04-22 23:19:58.539,105.614,29.306,51.908,0.634,1.975,6.021,11.323,0.044,false,20.234,LIGHT,9,0,sequential_yolo_pose,SM-S906U1,GPU
2026-04-22 23:19:58.653,106.563,22.862,59.082,0.534,1.866,6.142,10.240,0.046,false,20.270,LIGHT,9,0,sequential_yolo_pose,SM-S906U1,GPU
2026-04-22 23:19:58.767,109.014,24.727,59.080,0.529,1.569,7.607,11.701,0.037,false,20.391,LIGHT,9,0,sequential_yolo_pose,SM-S906U1,GPU
2026-04-22 23:19:58.867,95.724,32.783,56.605,0.713,0.000,0.000,0.000,0.000,true,16.906,LIGHT,9,0,sequential_yolo_pose,SM-S906U1,GPU
2026-04-22 23:19:59.070,187.457,71.230,55.541,0.859,2.708,14.410,12.031,0.040,false,34.039,LIGHT,9,0,sequential_yolo_pose,SM-S906U1,GPU
2026-04-22 23:19:59.185,109.137,27.448,54.970,1.215,1.934,6.919,12.411,0.033,false,30.293,LIGHT,9,0,sequential_yolo_pose,SM-S906U1,GPU
2026-04-22 23:19:59.309,119.314,25.552,55.700,0.826,2.757,18.249,11.722,0.027,false,20.363,LIGHT,9,0,sequential_yolo_pose,SM-S906U1,GPU
2026-04-22 23:19:59.419,105.118,25.956,54.239,0.539,1.715,8.157,10.548,0.041,false,20.332,LIGHT,9,0,sequential_yolo_pose,SM-S906U1,GPU
2026-04-22 23:19:59.533,109.579,28.766,53.452,0.950,2.651,9.625,9.716,0.051,false,20.352,LIGHT,9,0,sequential_yolo_pose,SM-S906U1,GPU
2026-04-22 23:19:59.648,101.174,21.988,52.276,0.883,2.386,8.959,10.522,0.078,false,20.266,LIGHT,9,0,sequential_yolo_pose,SM-S906U1,GPU
2026-04-22 23:19:59.771,115.998,29.103,53.476,0.682,2.013,14.591,10.297,0.032,false,20.391,LIGHT,9,0,sequential_yolo_pose,SM-S906U1,GPU
2026-04-22 23:19:59.880,105.153,20.393,54.295,0.737,2.190,8.017,11.414,0.048,false,20.391,LIGHT,9,0,sequential_yolo_pose,SM-S906U1,GPU
2026-04-22 23:19:59.998,108.726,26.264,55.747,0.626,2.225,8.887,11.078,0.030,false,20.328,LIGHT,8,0,sequential_yolo_pose,SM-S906U1,GPU
2026-04-22 23:20:00.115,113.100,25.852,53.723,0.848,3.236,9.325,15.791,0.028,false,20.422,LIGHT,8,0,sequential_yolo_pose,SM-S906U1,GPU
2026-04-22 23:20:00.232,112.193,30.160,52.721,0.531,2.256,10.573,11.682,0.044,false,20.328,MODERATE,8,0,sequential_yolo_pose,SM-S906U1,GPU
2026-04-22 23:20:00.345,104.855,29.189,51.087,0.709,1.277,4.734,10.771,0.042,false,20.297,MODERATE,8,0,sequential_yolo_pose,SM-S906U1,GPU
2026-04-22 23:20:00.448,97.100,20.133,53.418,0.693,1.600,7.757,10.697,0.045,false,20.289,MODERATE,8,0,sequential_yolo_pose,SM-S906U1,GPU
2026-04-22 23:20:00.559,106.442,29.740,53.297,0.673,1.790,6.541,10.788,0.056,false,20.266,MODERATE,8,0,sequential_yolo_pose,SM-S906U1,GPU
2026-04-22 23:20:00.673,110.591,26.949,53.545,1.762,4.106,8.979,10.972,0.040,false,20.352,MODERATE,8,0,sequential_yolo_pose,SM-S906U1,GPU
2026-04-22 23:20:00.797,117.084,22.298,58.341,0.748,2.475,12.886,14.185,0.052,false,20.422,MODERATE,8,0,sequential_yolo_pose,SM-S906U1,GPU
2026-04-22 23:20:00.912,111.623,28.393,55.555,1.009,2.635,7.282,12.620,0.058,false,20.301,MODERATE,8,0,sequential_yolo_pose,SM-S906U1,GPU
2026-04-22 23:20:01.024,107.604,26.988,56.971,0.441,1.423,5.202,12.271,0.043,false,20.359,MODERATE,9,0,sequential_yolo_pose,SM-S906U1,GPU
2026-04-22 23:20:01.133,106.072,24.051,53.498,0.720,2.103,10.930,11.005,0.044,false,20.422,MODERATE,9,0,sequential_yolo_pose,SM-S906U1,GPU
2026-04-22 23:20:01.250,112.980,27.997,52.734,0.788,2.105,8.403,17.292,0.043,false,20.395,MODERATE,9,0,sequential_yolo_pose,SM-S906U1,GPU
2026-04-22 23:20:01.360,104.995,21.105,63.201,0.481,1.484,5.701,10.015,0.037,false,20.266,MODERATE,9,0,sequential_yolo_pose,SM-S906U1,GPU
2026-04-22 23:20:01.469,105.422,25.653,53.570,0.964,2.196,7.961,11.481,0.044,false,20.301,MODERATE,9,0,sequential_yolo_pose,SM-S906U1,GPU
2026-04-22 23:20:01.597,123.082,26.070,60.554,0.875,2.747,14.535,10.784,0.050,false,20.359,MODERATE,9,0,sequential_yolo_pose,SM-S906U1,GPU
2026-04-22 23:20:01.708,107.214,26.993,53.192,1.333,3.122,8.163,10.369,0.056,false,20.332,MODERATE,9,0,sequential_yolo_pose,SM-S906U1,GPU
2026-04-22 23:20:01.833,114.436,29.528,54.749,0.880,3.131,10.568,10.699,0.066,false,20.297,MODERATE,9,0,sequential_yolo_pose,SM-S906U1,GPU
2026-04-22 23:20:01.945,106.816,29.354,54.802,0.506,1.355,5.189,10.732,0.047,false,20.270,MODERATE,9,0,sequential_yolo_pose,SM-S906U1,GPU
2026-04-22 23:20:02.062,108.104,25.699,55.657,0.534,1.620,7.112,13.086,0.044,false,20.488,MODERATE,9,0,sequential_yolo_pose,SM-S906U1,GPU
2026-04-22 23:20:02.180,112.817,27.625,55.968,0.786,2.187,8.880,13.318,0.055,false,20.363,MODERATE,9,0,sequential_yolo_pose,SM-S906U1,GPU
2026-04-22 23:20:02.289,103.942,24.361,54.190,0.500,1.411,6.032,12.322,0.049,false,20.359,MODERATE,9,0,sequential_yolo_pose,SM-S906U1,GPU
2026-04-22 23:20:02.401,107.658,25.509,55.597,1.138,2.356,8.794,10.203,0.056,false,20.328,MODERATE,9,0,sequential_yolo_pose,SM-S906U1,GPU
2026-04-22 23:20:02.517,111.039,26.467,58.282,0.774,1.553,5.875,9.885,0.028,false,20.328,MODERATE,9,0,sequential_yolo_pose,SM-S906U1,GPU
2026-04-22 23:20:02.638,116.918,28.792,55.554,1.187,2.706,13.135,11.542,0.048,false,20.359,MODERATE,9,0,sequential_yolo_pose,SM-S906U1,GPU
2026-04-22 23:20:02.748,101.748,25.312,53.679,0.606,1.374,5.668,10.827,0.075,false,20.266,MODERATE,9,0,sequential_yolo_pose,SM-S906U1,GPU
2026-04-22 23:20:02.871,116.344,26.828,54.669,1.107,6.120,11.358,11.826,0.046,false,20.391,MODERATE,9,0,sequential_yolo_pose,SM-S906U1,GPU
2026-04-22 23:20:02.981,105.219,21.423,53.956,1.099,3.021,5.917,15.942,0.578,false,20.363,MODERATE,9,0,sequential_yolo_pose,SM-S906U1,GPU
2026-04-22 23:20:03.099,112.244,23.233,54.455,0.697,2.393,16.780,10.489,0.032,false,20.391,MODERATE,9,0,sequential_yolo_pose,SM-S906U1,GPU
2026-04-22 23:20:03.226,120.614,32.701,57.993,0.901,2.236,10.726,11.978,0.040,false,20.332,MODERATE,9,0,sequential_yolo_pose,SM-S906U1,GPU
2026-04-22 23:20:03.341,111.014,28.101,53.206,1.031,4.108,8.456,11.909,0.055,false,20.328,MODERATE,9,0,sequential_yolo_pose,SM-S906U1,GPU
2026-04-22 23:20:03.459,106.987,27.640,50.675,0.967,2.477,10.939,10.249,0.048,false,20.297,MODERATE,9,0,sequential_yolo_pose,SM-S906U1,GPU
2026-04-22 23:20:03.574,109.991,24.216,54.759,1.157,2.505,10.341,12.857,0.048,false,20.391,MODERATE,9,0,sequential_yolo_pose,SM-S906U1,GPU
2026-04-22 23:20:03.695,113.122,27.010,53.884,1.142,2.623,10.287,12.966,0.075,false,20.297,MODERATE,9,0,sequential_yolo_pose,SM-S906U1,GPU
2026-04-22 23:20:03.813,112.675,27.842,56.088,1.108,2.671,8.140,12.194,0.066,false,20.328,MODERATE,9,0,sequential_yolo_pose,SM-S906U1,GPU
2026-04-22 23:20:03.933,110.655,27.099,54.404,1.194,2.510,11.076,10.031,0.050,false,20.266,MODERATE,9,0,sequential_yolo_pose,SM-S906U1,GPU
2026-04-22 23:20:04.048,110.886,31.455,53.716,0.727,2.276,6.372,12.271,0.045,false,20.488,MODERATE,8,0,sequential_yolo_pose,SM-S906U1,GPU
2026-04-22 23:20:04.175,120.243,33.259,56.501,1.092,2.922,10.261,11.767,0.055,false,20.301,MODERATE,8,0,sequential_yolo_pose,SM-S906U1,GPU
2026-04-22 23:20:04.297,108.577,21.999,55.965,0.469,2.370,11.955,10.517,0.041,false,20.363,MODERATE,8,0,sequential_yolo_pose,SM-S906U1,GPU
2026-04-22 23:20:04.408,104.257,27.562,52.249,0.679,1.942,7.365,10.170,0.042,false,20.332,MODERATE,8,0,sequential_yolo_pose,SM-S906U1,GPU
2026-04-22 23:20:04.524,105.883,25.986,54.142,0.639,1.881,7.052,11.380,0.048,false,20.328,MODERATE,8,0,sequential_yolo_pose,SM-S906U1,GPU
2026-04-22 23:20:04.640,113.353,26.888,55.009,1.105,2.997,12.254,10.841,0.054,false,20.391,MODERATE,8,0,sequential_yolo_pose,SM-S906U1,GPU
2026-04-22 23:20:04.758,113.272,26.249,59.470,0.669,1.943,8.920,11.863,0.061,false,20.332,MODERATE,8,0,sequential_yolo_pose,SM-S906U1,GPU
2026-04-22 23:20:04.870,108.455,28.797,52.749,0.705,1.884,7.085,10.938,0.047,false,20.270,MODERATE,8,0,sequential_yolo_pose,SM-S906U1,GPU
2026-04-22 23:20:04.994,118.871,29.148,53.583,1.213,3.071,14.535,13.132,0.053,false,20.359,MODERATE,8,0,sequential_yolo_pose,SM-S906U1,GPU
2026-04-22 23:20:05.113,114.657,28.684,56.075,0.978,2.823,9.313,12.586,0.057,false,20.363,MODERATE,9,0,sequential_yolo_pose,SM-S906U1,GPU
2026-04-22 23:20:05.233,110.571,26.638,53.283,1.254,5.560,8.925,10.247,0.051,false,14.461,MODERATE,9,0,sequential_yolo_pose,SM-S906U1,GPU
2026-04-22 23:20:05.358,121.318,29.981,55.077,0.790,2.773,10.018,17.954,0.049,false,21.625,MODERATE,9,0,sequential_yolo_pose,SM-S906U1,GPU
2026-04-22 23:20:05.470,107.414,21.061,53.723,1.251,4.642,9.999,11.115,0.030,false,38.539,MODERATE,9,0,sequential_yolo_pose,SM-S906U1,GPU
2026-04-22 23:20:05.587,101.781,27.966,52.008,0.550,1.389,5.377,9.343,0.038,false,20.266,MODERATE,9,0,sequential_yolo_pose,SM-S906U1,GPU
2026-04-22 23:20:05.707,116.735,28.862,54.642,1.097,2.986,12.354,12.219,0.058,false,20.406,MODERATE,9,0,sequential_yolo_pose,SM-S906U1,GPU
2026-04-22 23:20:05.824,109.013,25.866,55.874,0.834,1.679,7.752,10.329,0.051,false,20.297,MODERATE,9,0,sequential_yolo_pose,SM-S906U1,GPU
2026-04-22 23:20:05.937,109.509,27.091,54.331,1.105,2.749,9.153,10.436,0.050,false,20.270,MODERATE,9,0,sequential_yolo_pose,SM-S906U1,GPU
2026-04-22 23:20:06.050,109.406,27.669,53.775,0.763,1.917,6.770,13.671,0.050,false,20.363,MODERATE,8,0,sequential_yolo_pose,SM-S906U1,GPU
2026-04-22 23:20:06.166,110.933,23.948,57.060,1.086,2.502,11.673,10.523,0.060,false,20.422,MODERATE,8,0,sequential_yolo_pose,SM-S906U1,GPU
2026-04-22 23:20:06.286,114.461,29.132,51.290,1.040,3.212,9.228,15.934,0.051,false,20.395,MODERATE,8,0,sequential_yolo_pose,SM-S906U1,GPU
2026-04-22 23:20:06.395,104.548,22.575,53.410,0.999,2.348,9.191,11.948,0.047,false,20.391,MODERATE,8,0,sequential_yolo_pose,SM-S906U1,GPU
2026-04-22 23:20:06.509,108.890,27.718,53.426,0.961,2.507,8.358,11.604,0.050,false,20.301,MODERATE,8,0,sequential_yolo_pose,SM-S906U1,GPU
2026-04-22 23:20:06.625,108.358,24.480,55.059,0.939,2.012,10.476,11.087,0.044,false,20.328,MODERATE,8,0,sequential_yolo_pose,SM-S906U1,GPU
2026-04-22 23:20:06.737,107.975,25.161,54.244,1.048,2.298,10.208,10.576,0.045,false,20.328,MODERATE,8,0,sequential_yolo_pose,SM-S906U1,GPU
2026-04-22 23:20:06.856,113.029,23.702,56.561,0.937,2.201,12.073,11.830,0.049,false,20.387,MODERATE,8,0,sequential_yolo_pose,SM-S906U1,GPU
2026-04-22 23:20:06.978,117.876,28.969,56.089,1.134,5.186,9.602,11.808,0.044,false,20.301,MODERATE,8,0,sequential_yolo_pose,SM-S906U1,GPU
2026-04-22 23:20:07.088,105.862,23.609,55.471,0.616,1.283,7.143,11.330,0.035,false,20.426,MODERATE,9,0,sequential_yolo_pose,SM-S906U1,GPU
2026-04-22 23:20:07.204,111.747,25.768,53.103,1.361,2.633,13.348,11.609,0.047,false,20.387,MODERATE,9,0,sequential_yolo_pose,SM-S906U1,GPU
2026-04-22 23:20:07.324,115.442,27.596,58.070,0.926,2.279,8.503,9.996,0.043,false,20.332,MODERATE,9,0,sequential_yolo_pose,SM-S906U1,GPU
2026-04-22 23:20:07.433,105.758,27.602,53.163,0.605,1.636,7.623,11.001,0.054,false,20.359,MODERATE,9,0,sequential_yolo_pose,SM-S906U1,GPU
2026-04-22 23:20:07.526,89.324,31.588,53.737,0.248,0.000,0.000,0.000,0.000,true,16.934,MODERATE,9,0,sequential_yolo_pose,SM-S906U1,GPU
2026-04-22 23:20:07.647,116.803,29.636,52.496,1.224,2.513,14.060,12.621,0.052,false,34.004,MODERATE,9,0,sequential_yolo_pose,SM-S906U1,GPU
2026-04-22 23:20:07.771,114.960,26.162,54.833,2.293,2.123,14.222,10.276,0.051,false,30.231,MODERATE,9,0,sequential_yolo_pose,SM-S906U1,GPU
2026-04-22 23:20:07.875,98.597,20.515,54.892,0.514,1.975,6.724,10.798,0.054,false,20.305,MODERATE,9,0,sequential_yolo_pose,SM-S906U1,GPU
2026-04-22 23:20:08.003,116.866,25.736,56.817,1.111,2.848,12.979,11.188,0.040,false,20.332,MODERATE,9,0,sequential_yolo_pose,SM-S906U1,GPU
2026-04-22 23:20:08.115,106.596,21.263,56.199,1.150,2.271,7.840,11.126,0.058,false,20.422,MODERATE,9,0,sequential_yolo_pose,SM-S906U1,GPU
2026-04-22 23:20:08.236,114.224,28.213,54.108,1.468,2.711,12.635,10.906,0.037,false,20.363,MODERATE,9,0,sequential_yolo_pose,SM-S906U1,GPU
2026-04-22 23:20:08.353,111.981,28.021,54.592,0.629,1.316,6.403,13.154,0.048,false,20.328,MODERATE,9,0,sequential_yolo_pose,SM-S906U1,GPU
2026-04-22 23:20:08.470,110.638,28.458,54.279,0.996,2.328,8.081,11.782,0.049,false,20.328,MODERATE,9,0,sequential_yolo_pose,SM-S906U1,GPU
2026-04-22 23:20:08.590,111.905,27.168,52.391,0.994,2.432,9.480,13.255,0.094,false,20.301,MODERATE,9,0,sequential_yolo_pose,SM-S906U1,GPU
2026-04-22 23:20:08.703,108.561,27.647,54.516,1.082,2.821,8.218,9.866,0.040,false,20.359,MODERATE,9,0,sequential_yolo_pose,SM-S906U1,GPU
2026-04-22 23:20:08.823,115.420,29.263,51.664,0.952,2.302,10.111,16.450,0.076,false,20.297,MODERATE,9,0,sequential_yolo_pose,SM-S906U1,GPU
2026-04-22 23:20:08.942,113.586,29.773,57.110,2.032,2.841,6.155,9.977,0.042,false,20.301,MODERATE,9,0,sequential_yolo_pose,SM-S906U1,GPU
2026-04-22 23:20:09.066,118.386,27.041,54.972,0.809,2.057,15.822,13.536,0.057,false,20.363,MODERATE,8,0,sequential_yolo_pose,SM-S906U1,GPU
2026-04-22 23:20:09.181,110.729,26.117,54.877,1.047,2.244,8.120,13.142,0.056,false,20.301,MODERATE,8,0,sequential_yolo_pose,SM-S906U1,GPU
2026-04-22 23:20:09.302,114.225,26.330,56.196,1.163,2.254,12.211,11.944,0.049,false,20.359,MODERATE,8,0,sequential_yolo_pose,SM-S906U1,GPU
2026-04-22 23:20:09.418,107.924,27.319,53.506,0.794,1.698,6.609,12.628,0.045,false,20.297,MODERATE,8,0,sequential_yolo_pose,SM-S906U1,GPU
2026-04-22 23:20:09.534,112.172,27.202,53.726,1.268,2.490,10.208,12.742,0.048,false,20.297,MODERATE,8,0,sequential_yolo_pose,SM-S906U1,GPU
2026-04-22 23:20:09.645,107.510,27.792,53.680,0.821,2.054,6.932,11.849,0.049,false,20.270,MODERATE,8,0,sequential_yolo_pose,SM-S906U1,GPU
2026-04-22 23:20:09.772,119.062,28.996,53.681,1.169,3.865,14.154,11.578,0.439,false,20.359,MODERATE,8,0,sequential_yolo_pose,SM-S906U1,GPU
2026-04-22 23:20:09.894,114.542,26.087,54.106,1.391,3.291,14.812,10.572,0.048,false,20.332,MODERATE,8,0,sequential_yolo_pose,SM-S906U1,GPU
2026-04-22 23:20:10.009,108.653,28.781,53.038,0.833,2.860,7.445,11.604,0.044,false,20.332,MODERATE,8,0,sequential_yolo_pose,SM-S906U1,GPU
2026-04-22 23:20:10.126,111.463,25.573,55.324,1.025,2.403,10.874,10.500,0.045,false,20.332,MODERATE,9,0,sequential_yolo_pose,SM-S906U1,GPU
2026-04-22 23:20:10.239,108.738,27.824,53.511,0.843,2.022,8.145,11.774,0.044,false,20.324,MODERATE,9,0,sequential_yolo_pose,SM-S906U1,GPU
2026-04-22 23:20:10.362,111.297,26.856,54.977,0.844,1.942,12.166,10.331,0.052,false,20.328,MODERATE,9,0,sequential_yolo_pose,SM-S906U1,GPU
2026-04-22 23:20:10.471,105.511,26.359,52.834,2.828,2.030,7.574,9.947,0.053,false,20.352,MODERATE,9,0,sequential_yolo_pose,SM-S906U1,GPU
2026-04-22 23:20:10.590,112.251,27.724,53.774,1.010,2.133,8.216,11.867,0.076,false,20.266,MODERATE,9,0,sequential_yolo_pose,SM-S906U1,GPU
2026-04-22 23:20:10.708,113.711,29.531,53.342,1.283,2.801,9.684,12.635,0.058,false,20.418,MODERATE,9,0,sequential_yolo_pose,SM-S906U1,GPU
2026-04-22 23:20:10.828,111.440,25.815,51.618,1.140,2.506,10.687,13.447,0.041,false,20.359,MODERATE,9,0,sequential_yolo_pose,SM-S906U1,GPU
2026-04-22 23:20:10.938,105.976,26.211,52.973,1.652,2.195,8.119,10.484,0.044,false,20.414,MODERATE,9,0,sequential_yolo_pose,SM-S906U1,GPU
2026-04-22 23:20:11.052,108.050,22.018,55.846,1.038,2.447,9.106,10.832,0.057,false,20.332,MODERATE,8,0,sequential_yolo_pose,SM-S906U1,GPU
2026-04-22 23:20:11.171,113.423,28.003,54.299,1.126,5.248,9.294,11.169,0.046,false,20.363,MODERATE,8,0,sequential_yolo_pose,SM-S906U1,GPU
2026-04-22 23:20:11.295,118.644,29.542,55.342,1.124,2.860,11.087,13.190,0.059,false,20.332,MODERATE,8,0,sequential_yolo_pose,SM-S906U1,GPU
2026-04-22 23:20:11.407,105.166,27.286,54.915,0.705,2.007,5.455,10.578,0.048,false,20.363,MODERATE,8,0,sequential_yolo_pose,SM-S906U1,GPU
2026-04-22 23:20:11.523,111.086,24.498,54.906,0.848,2.265,8.464,15.211,0.159,false,20.301,MODERATE,8,0,sequential_yolo_pose,SM-S906U1,GPU
2026-04-22 23:20:11.641,113.209,29.596,52.063,0.708,2.238,10.776,13.757,0.049,false,20.422,MODERATE,8,0,sequential_yolo_pose,SM-S906U1,GPU
2026-04-22 23:20:11.743,85.929,28.524,52.952,0.716,0.000,0.000,0.000,0.000,true,16.934,MODERATE,8,0,sequential_yolo_pose,SM-S906U1,GPU
2026-04-22 23:20:11.855,98.668,32.055,57.842,0.763,0.000,0.000,0.000,0.000,true,30.547,MODERATE,8,0,sequential_yolo_pose,SM-S906U1,GPU
2026-04-22 23:20:11.966,107.345,25.753,56.210,0.876,2.150,8.589,9.809,0.043,false,21.465,MODERATE,8,0,sequential_yolo_pose,SM-S906U1,GPU
2026-04-22 23:20:12.090,119.350,32.908,55.425,0.942,1.915,9.978,11.392,0.029,false,38.535,MODERATE,9,0,sequential_yolo_pose,SM-S906U1,GPU
2026-04-22 23:20:12.210,110.831,30.987,54.785,0.712,2.017,7.468,10.097,0.046,false,20.328,MODERATE,9,0,sequential_yolo_pose,SM-S906U1,GPU
2026-04-22 23:20:12.322,107.129,25.561,53.948,0.447,1.529,7.731,11.326,0.040,false,20.297,MODERATE,9,0,sequential_yolo_pose,SM-S906U1,GPU
2026-04-22 23:20:12.439,113.070,26.565,56.071,0.967,2.518,11.618,11.297,0.052,false,20.363,MODERATE,9,0,sequential_yolo_pose,SM-S906U1,GPU
2026-04-22 23:20:12.557,107.565,28.033,53.387,0.746,2.071,7.173,11.634,0.044,false,20.359,MODERATE,9,0,sequential_yolo_pose,SM-S906U1,GPU
2026-04-22 23:20:12.672,111.197,28.302,53.916,0.922,6.498,6.455,10.774,0.057,false,20.359,MODERATE,9,0,sequential_yolo_pose,SM-S906U1,GPU
2026-04-22 23:20:12.792,114.150,25.792,57.557,0.636,1.675,11.077,13.042,0.069,false,20.379,MODERATE,9,0,sequential_yolo_pose,SM-S906U1,GPU
2026-04-22 23:20:12.911,113.429,32.609,54.703,0.580,1.837,6.666,10.883,0.078,false,20.297,MODERATE,9,0,sequential_yolo_pose,SM-S906U1,GPU
2026-04-22 23:20:13.028,110.359,28.606,54.268,0.721,2.390,7.376,12.868,0.044,false,20.328,MODERATE,9,0,sequential_yolo_pose,SM-S906U1,GPU
2026-04-22 23:20:13.151,116.956,29.476,53.498,0.917,1.874,8.149,18.285,0.037,false,20.414,MODERATE,9,0,sequential_yolo_pose,SM-S906U1,GPU
2026-04-22 23:20:13.269,114.667,26.490,54.557,0.927,4.583,13.472,10.654,0.043,false,20.383,MODERATE,9,0,sequential_yolo_pose,SM-S906U1,GPU
2026-04-22 23:20:13.394,120.896,29.026,54.471,0.957,2.431,9.172,16.794,0.055,false,20.332,MODERATE,9,0,sequential_yolo_pose,SM-S906U1,GPU
2026-04-22 23:20:13.510,111.253,28.875,53.619,1.063,1.635,8.133,12.219,0.049,false,20.332,MODERATE,9,0,sequential_yolo_pose,SM-S906U1,GPU
2026-04-22 23:20:13.633,115.782,27.313,55.821,1.180,4.921,9.178,11.886,0.052,false,20.328,MODERATE,9,0,sequential_yolo_pose,SM-S906U1,GPU
2026-04-22 23:20:13.755,116.924,31.956,57.922,0.587,1.764,6.163,14.136,0.041,false,20.270,MODERATE,9,0,sequential_yolo_pose,SM-S906U1,GPU
2026-04-22 23:20:13.874,115.114,28.610,55.423,1.021,2.770,10.174,11.549,0.029,false,20.363,MODERATE,9,0,sequential_yolo_pose,SM-S906U1,GPU
2026-04-22 23:20:13.979,96.413,21.215,54.602,0.533,1.421,5.000,10.704,0.046,false,20.332,MODERATE,9,0,sequential_yolo_pose,SM-S906U1,GPU
2026-04-22 23:20:14.094,108.130,26.903,55.072,0.798,1.913,7.194,12.180,0.053,false,20.328,MODERATE,8,0,sequential_yolo_pose,SM-S906U1,GPU
2026-04-22 23:20:14.216,115.571,31.156,57.216,0.729,1.894,7.466,12.378,0.050,false,20.356,MODERATE,8,0,sequential_yolo_pose,SM-S906U1,GPU
2026-04-22 23:20:14.338,115.849,27.123,53.907,1.220,2.729,13.810,12.715,0.045,false,20.359,MODERATE,8,0,sequential_yolo_pose,SM-S906U1,GPU
2026-04-22 23:20:14.441,97.524,21.180,52.497,0.947,1.893,7.134,10.850,0.039,false,20.359,MODERATE,8,0,sequential_yolo_pose,SM-S906U1,GPU
2026-04-22 23:20:14.559,112.862,27.817,55.506,0.883,1.983,7.479,12.885,0.051,false,20.297,MODERATE,8,0,sequential_yolo_pose,SM-S906U1,GPU
2026-04-22 23:20:14.678,114.878,27.266,54.273,1.275,5.366,8.726,13.876,0.049,false,20.426,MODERATE,8,0,sequential_yolo_pose,SM-S906U1,GPU
2026-04-22 23:20:14.800,113.688,28.327,54.839,1.216,3.084,10.174,11.830,0.080,false,20.328,MODERATE,8,0,sequential_yolo_pose,SM-S906U1,GPU
2026-04-22 23:20:14.925,120.532,37.192,54.937,0.736,1.698,7.450,10.723,0.065,false,20.297,MODERATE,8,0,sequential_yolo_pose,SM-S906U1,GPU
2026-04-22 23:20:15.041,110.633,29.191,53.352,4.833,2.944,5.509,10.591,0.045,false,20.270,MODERATE,8,0,sequential_yolo_pose,SM-S906U1,GPU
2026-04-22 23:20:15.158,110.947,24.481,56.427,0.602,1.411,10.387,12.563,0.047,false,20.363,MODERATE,9,0,sequential_yolo_pose,SM-S906U1,GPU
2026-04-22 23:20:15.274,111.691,28.174,54.124,0.806,2.364,8.858,13.296,0.043,false,20.395,MODERATE,9,0,sequential_yolo_pose,SM-S906U1,GPU
2026-04-22 23:20:15.390,109.952,26.109,55.607,0.940,2.306,8.768,12.280,0.058,false,20.363,MODERATE,9,0,sequential_yolo_pose,SM-S906U1,GPU
2026-04-22 23:20:15.505,110.703,27.658,54.001,1.139,4.807,7.942,11.028,0.050,false,20.332,MODERATE,9,0,sequential_yolo_pose,SM-S906U1,GPU
2026-04-22 23:20:15.629,115.545,23.121,56.338,0.943,2.862,11.646,13.317,0.053,false,20.332,MODERATE,9,0,sequential_yolo_pose,SM-S906U1,GPU
2026-04-22 23:20:15.746,112.983,32.910,54.592,0.766,2.359,5.682,12.437,0.049,false,20.363,MODERATE,9,0,sequential_yolo_pose,SM-S906U1,GPU
2026-04-22 23:20:15.854,104.304,24.766,53.454,0.484,1.337,5.504,14.638,0.047,false,20.301,MODERATE,9,0,sequential_yolo_pose,SM-S906U1,GPU
2026-04-22 23:20:15.969,109.207,27.257,54.656,0.967,2.473,8.366,11.151,0.056,false,20.301,MODERATE,9,0,sequential_yolo_pose,SM-S906U1,GPU
2026-04-22 23:20:16.057,82.351,23.005,54.354,0.819,0.000,0.000,0.000,0.000,true,16.902,MODERATE,9,0,sequential_yolo_pose,SM-S906U1,GPU
2026-04-22 23:20:16.199,135.836,38.119,58.369,0.931,2.821,18.230,11.492,0.056,false,33.942,MODERATE,9,0,sequential_yolo_pose,SM-S906U1,GPU
2026-04-22 23:20:16.317,113.220,30.304,59.387,0.723,1.611,6.646,10.306,0.048,false,28.707,MODERATE,9,0,sequential_yolo_pose,SM-S906U1,GPU
2026-04-22 23:20:16.442,112.295,28.882,53.161,1.319,2.565,11.845,10.511,0.051,false,20.266,MODERATE,9,0,sequential_yolo_pose,SM-S906U1,GPU
2026-04-22 23:20:16.562,113.258,27.699,55.098,0.912,2.083,11.281,11.933,0.045,false,20.363,MODERATE,9,0,sequential_yolo_pose,SM-S906U1,GPU
2026-04-22 23:20:16.650,83.814,24.290,54.727,0.742,0.000,0.000,0.000,0.000,true,16.937,MODERATE,9,0,sequential_yolo_pose,SM-S906U1,GPU
2026-04-22 23:20:16.778,121.052,34.337,58.178,0.844,2.141,8.009,11.755,0.038,false,33.946,MODERATE,9,0,sequential_yolo_pose,SM-S906U1,GPU
2026-04-22 23:20:16.905,112.654,27.879,54.859,0.868,4.664,8.050,12.263,0.059,false,20.422,MODERATE,9,0,sequential_yolo_pose,SM-S906U1,GPU
2026-04-22 23:20:17.017,105.145,26.257,56.555,0.494,1.353,5.113,11.103,0.045,false,20.297,MODERATE,9,0,sequential_yolo_pose,SM-S906U1,GPU
2026-04-22 23:20:17.133,112.470,28.411,53.964,0.546,1.974,12.398,11.082,0.048,false,20.453,MODERATE,8,0,sequential_yolo_pose,SM-S906U1,GPU
2026-04-22 23:20:17.263,125.794,32.122,56.394,1.166,2.862,11.053,17.718,0.082,false,20.363,MODERATE,8,0,sequential_yolo_pose,SM-S906U1,GPU
2026-04-22 23:20:17.375,107.142,25.522,54.448,1.055,2.736,7.391,12.092,0.062,false,20.363,MODERATE,8,0,sequential_yolo_pose,SM-S906U1,GPU
2026-04-22 23:20:17.483,99.143,20.832,54.008,0.715,1.885,7.437,11.167,0.066,false,20.332,MODERATE,8,0,sequential_yolo_pose,SM-S906U1,GPU
2026-04-22 23:20:17.602,111.481,24.623,56.030,1.198,5.221,9.275,11.541,0.067,false,20.301,MODERATE,8,0,sequential_yolo_pose,SM-S906U1,GPU
2026-04-22 23:20:17.736,128.041,32.264,53.290,0.877,2.741,14.553,11.083,0.057,false,20.391,MODERATE,8,0,sequential_yolo_pose,SM-S906U1,GPU
2026-04-22 23:20:17.856,116.115,32.389,56.556,0.787,2.369,8.261,10.782,0.137,false,20.297,MODERATE,8,0,sequential_yolo_pose,SM-S906U1,GPU
2026-04-22 23:20:17.980,118.186,30.647,55.701,1.059,2.861,10.868,11.550,0.048,false,20.363,MODERATE,8,0,sequential_yolo_pose,SM-S906U1,GPU
2026-04-22 23:20:18.102,117.067,25.730,54.842,1.094,2.744,15.666,12.723,0.041,false,20.426,MODERATE,8,0,sequential_yolo_pose,SM-S906U1,GPU
2026-04-22 23:20:18.216,110.785,28.113,55.114,0.733,2.628,7.986,12.094,0.056,false,20.359,MODERATE,8,0,sequential_yolo_pose,SM-S906U1,GPU
2026-04-22 23:20:18.334,110.801,26.943,55.150,1.088,2.857,9.988,10.282,0.048,false,20.332,MODERATE,8,0,sequential_yolo_pose,SM-S906U1,GPU
2026-04-22 23:20:18.450,111.540,27.901,54.127,0.855,2.048,8.790,12.799,0.053,false,20.301,MODERATE,8,0,sequential_yolo_pose,SM-S906U1,GPU
2026-04-22 23:20:18.572,117.443,29.836,53.185,0.901,2.750,14.524,11.637,0.048,false,20.328,MODERATE,8,0,sequential_yolo_pose,SM-S906U1,GPU
2026-04-22 23:20:18.687,109.622,26.677,53.807,0.748,2.096,7.398,14.482,0.070,false,20.301,MODERATE,8,0,sequential_yolo_pose,SM-S906U1,GPU
2026-04-22 23:20:18.802,110.808,26.881,57.581,1.199,2.801,7.099,10.847,0.048,false,20.363,MODERATE,8,0,sequential_yolo_pose,SM-S906U1,GPU
2026-04-22 23:20:18.920,112.966,24.481,56.137,1.191,2.782,10.582,13.189,0.050,false,20.332,MODERATE,8,0,sequential_yolo_pose,SM-S906U1,GPU
2026-04-22 23:20:19.040,116.025,25.773,52.968,0.772,5.576,10.537,16.435,0.045,false,20.426,MODERATE,8,0,sequential_yolo_pose,SM-S906U1,GPU
2026-04-22 23:20:19.147,101.677,24.167,55.824,0.592,1.227,5.101,10.359,0.050,false,20.422,MODERATE,9,0,sequential_yolo_pose,SM-S906U1,GPU
2026-04-22 23:20:19.263,107.904,28.547,58.072,0.541,1.212,6.124,9.321,0.042,false,20.301,MODERATE,9,0,sequential_yolo_pose,SM-S906U1,GPU
2026-04-22 23:20:19.380,113.968,26.239,58.042,0.946,2.780,9.188,12.757,0.050,false,20.387,MODERATE,9,0,sequential_yolo_pose,SM-S906U1,GPU
2026-04-22 23:20:19.500,110.891,22.519,57.464,1.103,2.482,13.351,9.384,0.042,false,20.332,MODERATE,9,0,sequential_yolo_pose,SM-S906U1,GPU
2026-04-22 23:20:19.612,107.595,30.280,55.156,0.625,1.399,5.252,10.647,0.063,false,20.270,MODERATE,9,0,sequential_yolo_pose,SM-S906U1,GPU
2026-04-22 23:20:19.737,119.435,33.848,54.327,0.539,6.340,9.178,10.402,0.043,false,20.422,MODERATE,9,0,sequential_yolo_pose,SM-S906U1,GPU
2026-04-22 23:20:19.862,122.010,30.253,60.245,0.936,2.213,9.995,14.506,0.047,false,20.363,MODERATE,9,0,sequential_yolo_pose,SM-S906U1,GPU
2026-04-22 23:20:19.973,104.752,27.043,55.135,0.525,1.442,5.130,11.419,0.046,false,20.344,MODERATE,9,0,sequential_yolo_pose,SM-S906U1,GPU
2026-04-22 23:20:20.090,111.267,28.075,52.235,0.661,2.000,7.995,16.233,0.054,false,20.297,MODERATE,9,0,sequential_yolo_pose,SM-S906U1,GPU
2026-04-22 23:20:20.204,109.169,27.856,54.895,0.743,2.666,8.394,10.374,0.053,false,20.301,MODERATE,9,0,sequential_yolo_pose,SM-S906U1,GPU
2026-04-22 23:20:20.317,103.248,29.370,51.765,0.480,1.307,5.871,9.623,0.056,false,20.266,MODERATE,9,0,sequential_yolo_pose,SM-S906U1,GPU
2026-04-22 23:20:20.436,114.612,25.696,56.204,1.266,4.233,12.056,11.194,0.055,false,20.359,MODERATE,9,0,sequential_yolo_pose,SM-S906U1,GPU
2026-04-22 23:20:20.554,111.989,28.611,51.298,0.809,2.368,10.188,13.908,0.053,false,20.328,MODERATE,9,0,sequential_yolo_pose,SM-S906U1,GPU
2026-04-22 23:20:20.672,115.336,26.533,56.146,1.097,2.710,13.133,11.324,0.047,false,20.363,MODERATE,9,0,sequential_yolo_pose,SM-S906U1,GPU
2026-04-22 23:20:20.767,89.459,24.822,53.867,0.442,0.000,0.000,0.000,0.000,true,16.969,MODERATE,9,0,sequential_yolo_pose,SM-S906U1,GPU
2026-04-22 23:20:20.867,94.017,30.920,55.076,0.784,0.000,0.000,0.000,0.000,true,30.613,MODERATE,9,0,sequential_yolo_pose,SM-S906U1,GPU
2026-04-22 23:20:21.002,126.992,30.857,55.020,1.158,2.745,15.102,10.353,0.047,false,21.918,MODERATE,9,0,sequential_yolo_pose,SM-S906U1,GPU
2026-04-22 23:20:21.121,115.311,27.083,55.763,0.860,1.924,9.181,13.569,0.023,false,38.926,MODERATE,9,0,sequential_yolo_pose,SM-S906U1,GPU
2026-04-22 23:20:21.250,120.985,35.009,54.089,0.810,2.269,8.903,15.833,0.057,false,20.363,MODERATE,9,0,sequential_yolo_pose,SM-S906U1,GPU
2026-04-22 23:20:21.364,108.561,24.097,55.618,0.582,1.689,8.191,13.889,0.051,false,20.328,MODERATE,9,0,sequential_yolo_pose,SM-S906U1,GPU
2026-04-22 23:20:21.477,109.523,22.442,55.474,0.959,4.341,8.154,12.601,0.077,false,20.328,MODERATE,9,0,sequential_yolo_pose,SM-S906U1,GPU
2026-04-22 23:20:21.598,111.264,27.421,54.318,0.729,2.150,9.882,10.039,0.062,false,20.328,MODERATE,9,0,sequential_yolo_pose,SM-S906U1,GPU
2026-04-22 23:20:21.704,99.162,20.752,53.602,0.629,1.802,7.793,10.364,0.049,false,20.266,MODERATE,9,0,sequential_yolo_pose,SM-S906U1,GPU
2026-04-22 23:20:21.806,98.677,22.267,54.005,0.636,1.394,6.022,10.039,0.063,false,20.309,MODERATE,9,0,sequential_yolo_pose,SM-S906U1,GPU
2026-04-22 23:20:21.923,111.406,28.013,54.740,0.493,1.293,8.347,11.242,0.043,false,20.332,MODERATE,9,0,sequential_yolo_pose,SM-S906U1,GPU
2026-04-22 23:20:22.038,110.989,26.298,55.208,0.897,2.097,10.965,11.673,0.049,false,20.391,MODERATE,9,0,sequential_yolo_pose,SM-S906U1,GPU
2026-04-22 23:20:22.141,96.006,20.575,52.887,0.682,1.681,6.152,11.143,0.047,false,20.352,MODERATE,8,0,sequential_yolo_pose,SM-S906U1,GPU
2026-04-22 23:20:22.257,110.181,25.870,53.499,0.895,2.067,8.705,11.750,0.049,false,20.301,MODERATE,8,0,sequential_yolo_pose,SM-S906U1,GPU
2026-04-22 23:20:22.369,108.379,29.044,55.916,1.202,2.440,4.870,10.247,0.043,false,20.270,MODERATE,8,0,sequential_yolo_pose,SM-S906U1,GPU
2026-04-22 23:20:22.480,106.874,25.745,54.373,0.832,1.735,6.613,13.459,0.051,false,20.352,MODERATE,8,0,sequential_yolo_pose,SM-S906U1,GPU
2026-04-22 23:20:22.599,113.650,24.573,56.425,0.782,1.907,14.720,10.244,0.046,false,20.328,MODERATE,8,0,sequential_yolo_pose,SM-S906U1,GPU
2026-04-22 23:20:22.708,105.683,28.814,54.085,0.586,1.540,4.872,11.377,0.046,false,20.266,MODERATE,8,0,sequential_yolo_pose,SM-S906U1,GPU
2026-04-22 23:20:22.832,119.627,29.244,52.925,0.546,2.801,15.863,14.203,0.044,false,20.395,MODERATE,8,0,sequential_yolo_pose,SM-S906U1,GPU
2026-04-22 23:20:22.939,103.184,25.578,53.707,0.532,1.953,6.885,10.472,0.046,false,20.270,MODERATE,8,0,sequential_yolo_pose,SM-S906U1,GPU
2026-04-22 23:20:23.032,85.948,27.186,54.462,0.261,0.000,0.000,0.000,0.000,true,16.937,MODERATE,8,0,sequential_yolo_pose,SM-S906U1,GPU
2026-04-22 23:20:23.124,88.636,31.031,53.779,0.268,0.000,0.000,0.000,0.000,true,30.551,MODERATE,8,0,sequential_yolo_pose,SM-S906U1,GPU
2026-04-22 23:20:23.217,89.836,29.852,55.584,0.585,0.000,0.000,0.000,0.000,true,18.254,MODERATE,10,0,sequential_yolo_pose,SM-S906U1,GPU
2026-04-22 23:20:23.316,89.884,30.248,52.803,0.648,0.000,0.000,0.000,0.000,true,31.805,MODERATE,10,0,sequential_yolo_pose,SM-S906U1,GPU
2026-04-22 23:20:23.435,110.951,27.366,52.493,0.771,6.089,7.474,10.624,0.056,false,21.555,MODERATE,10,0,sequential_yolo_pose,SM-S906U1,GPU
2026-04-22 23:20:23.554,113.236,27.504,53.856,0.824,1.867,9.826,14.999,0.098,false,38.500,MODERATE,10,0,sequential_yolo_pose,SM-S906U1,GPU
2026-04-22 23:20:23.667,109.085,27.511,52.686,0.870,4.182,8.318,10.864,0.043,false,29.820,MODERATE,10,0,sequential_yolo_pose,SM-S906U1,GPU
2026-04-22 23:20:23.783,111.621,29.850,53.962,0.670,2.718,7.146,13.261,0.046,false,20.363,MODERATE,10,0,sequential_yolo_pose,SM-S906U1,GPU
2026-04-22 23:20:23.902,113.126,26.740,54.157,1.078,2.697,10.547,13.809,0.050,false,14.492,MODERATE,10,0,sequential_yolo_pose,SM-S906U1,GPU
2026-04-22 23:20:24.030,122.065,32.404,55.493,0.972,2.544,15.804,10.249,0.046,false,21.566,MODERATE,10,0,sequential_yolo_pose,SM-S906U1,GPU
2026-04-22 23:20:24.145,111.175,31.982,52.773,0.943,2.098,7.490,11.808,0.035,false,38.480,MODERATE,10,0,sequential_yolo_pose,SM-S906U1,GPU
2026-04-22 23:20:24.266,110.104,29.433,52.959,1.749,1.587,9.004,11.263,0.064,false,20.422,MODERATE,9,0,sequential_yolo_pose,SM-S906U1,GPU
2026-04-22 23:20:24.380,110.974,30.054,53.834,0.747,1.952,7.914,11.961,0.066,false,20.297,MODERATE,9,0,sequential_yolo_pose,SM-S906U1,GPU
2026-04-22 23:20:24.501,111.538,25.013,54.804,1.202,2.069,13.508,10.710,0.043,false,20.363,MODERATE,9,0,sequential_yolo_pose,SM-S906U1,GPU
2026-04-22 23:20:24.620,114.834,29.891,54.021,0.966,2.259,8.905,11.809,0.058,false,20.332,MODERATE,9,0,sequential_yolo_pose,SM-S906U1,GPU
2026-04-22 23:20:24.735,109.770,25.354,53.336,1.134,2.625,10.168,12.948,0.045,false,20.359,MODERATE,9,0,sequential_yolo_pose,SM-S906U1,GPU
2026-04-22 23:20:24.862,122.103,37.140,52.213,0.519,1.323,7.002,19.893,0.038,false,20.422,MODERATE,9,0,sequential_yolo_pose,SM-S906U1,GPU
2026-04-22 23:20:24.970,105.183,32.407,51.244,0.510,1.230,5.370,10.708,0.045,false,20.332,MODERATE,9,0,sequential_yolo_pose,SM-S906U1,GPU
2026-04-22 23:20:25.088,113.771,27.590,52.903,0.955,2.361,8.952,15.684,0.045,false,20.328,MODERATE,9,0,sequential_yolo_pose,SM-S906U1,GPU
2026-04-22 23:20:25.199,107.718,24.041,54.517,1.099,2.947,9.689,11.455,0.047,false,20.328,MODERATE,8,0,sequential_yolo_pose,SM-S906U1,GPU
2026-04-22 23:20:25.305,102.393,24.668,54.857,0.688,1.856,6.195,9.857,0.051,false,20.363,MODERATE,8,0,sequential_yolo_pose,SM-S906U1,GPU
2026-04-22 23:20:25.424,112.509,27.855,53.634,0.811,1.994,7.977,13.394,0.060,false,20.328,MODERATE,8,0,sequential_yolo_pose,SM-S906U1,GPU
2026-04-22 23:20:25.530,102.076,24.701,53.630,0.723,1.654,6.590,10.655,0.049,false,20.324,MODERATE,8,0,sequential_yolo_pose,SM-S906U1,GPU
2026-04-22 23:20:25.650,115.606,26.247,55.873,0.906,3.453,9.647,15.040,0.041,false,20.395,MODERATE,8,0,sequential_yolo_pose,SM-S906U1,GPU
2026-04-22 23:20:25.769,115.603,23.821,58.419,0.609,2.017,15.243,12.327,0.057,false,20.391,MODERATE,8,0,sequential_yolo_pose,SM-S906U1,GPU
2026-04-22 23:20:25.886,114.483,26.959,54.353,0.814,2.503,8.146,17.315,0.047,false,20.332,MODERATE,8,0,sequential_yolo_pose,SM-S906U1,GPU
2026-04-22 23:20:25.997,106.703,25.463,54.543,0.734,1.964,10.157,9.784,0.044,false,20.297,MODERATE,8,0,sequential_yolo_pose,SM-S906U1,GPU
2026-04-22 23:20:26.094,93.240,34.416,53.579,0.509,0.000,0.000,0.000,0.000,true,16.906,MODERATE,8,0,sequential_yolo_pose,SM-S906U1,GPU
2026-04-22 23:20:26.214,113.059,46.519,58.834,0.553,0.000,0.000,0.000,0.000,true,30.676,MODERATE,9,0,sequential_yolo_pose,SM-S906U1,GPU
2026-04-22 23:20:26.345,119.007,34.694,56.805,0.754,2.416,9.121,11.254,0.062,false,21.953,MODERATE,9,0,sequential_yolo_pose,SM-S906U1,GPU
2026-04-22 23:20:26.465,112.295,26.203,54.720,0.849,6.052,8.571,11.703,0.032,false,39.062,MODERATE,9,0,sequential_yolo_pose,SM-S906U1,GPU
2026-04-22 23:20:26.582,107.575,26.587,51.559,0.601,1.901,7.136,11.493,0.044,false,20.359,MODERATE,9,0,sequential_yolo_pose,SM-S906U1,GPU
2026-04-22 23:20:26.702,112.526,26.322,54.693,0.994,2.694,12.922,10.151,0.051,false,20.332,MODERATE,9,0,sequential_yolo_pose,SM-S906U1,GPU
2026-04-22 23:20:26.817,109.901,26.134,56.774,0.382,1.284,5.921,11.993,0.034,false,20.328,MODERATE,9,0,sequential_yolo_pose,SM-S906U1,GPU
2026-04-22 23:20:26.956,135.446,27.675,52.532,0.766,2.873,16.247,29.531,0.032,false,20.453,MODERATE,9,0,sequential_yolo_pose,SM-S906U1,GPU
2026-04-22 23:20:27.072,111.795,28.837,54.070,0.797,2.508,10.004,11.427,0.038,false,20.328,MODERATE,9,0,sequential_yolo_pose,SM-S906U1,GPU
2026-04-22 23:20:27.182,103.713,22.758,53.276,0.413,1.354,6.381,11.634,0.036,false,20.332,MODERATE,8,0,sequential_yolo_pose,SM-S906U1,GPU
2026-04-22 23:20:27.297,111.072,25.479,54.071,0.690,2.231,11.021,13.448,0.035,false,20.422,MODERATE,8,0,sequential_yolo_pose,SM-S906U1,GPU
2026-04-22 23:20:27.388,87.109,25.616,57.165,0.526,0.000,0.000,0.000,0.000,true,16.992,MODERATE,8,0,sequential_yolo_pose,SM-S906U1,GPU
2026-04-22 23:20:27.480,86.644,26.551,55.983,0.428,0.000,0.000,0.000,0.000,true,30.574,MODERATE,8,0,sequential_yolo_pose,SM-S906U1,GPU
2026-04-22 23:20:27.570,80.994,24.315,52.028,0.531,0.000,0.000,0.000,0.000,true,13.910,MODERATE,8,0,sequential_yolo_pose,SM-S906U1,GPU
2026-04-22 23:20:27.708,128.750,28.947,59.668,0.709,6.882,14.986,10.481,0.033,false,20.356,MODERATE,8,0,sequential_yolo_pose,SM-S906U1,GPU
2026-04-22 23:20:27.814,100.263,21.431,53.679,0.765,1.988,6.946,10.134,0.058,false,20.363,MODERATE,8,0,sequential_yolo_pose,SM-S906U1,GPU
2026-04-22 23:20:27.942,120.611,27.886,54.189,1.028,3.795,17.109,12.170,0.058,false,20.363,MODERATE,8,0,sequential_yolo_pose,SM-S906U1,GPU
2026-04-22 23:20:28.061,114.631,30.118,53.865,0.669,1.775,7.089,16.980,0.044,false,20.328,MODERATE,8,0,sequential_yolo_pose,SM-S906U1,GPU
2026-04-22 23:20:28.180,113.784,30.251,53.038,1.091,4.025,8.554,12.180,0.046,false,20.363,MODERATE,8,0,sequential_yolo_pose,SM-S906U1,GPU
2026-04-22 23:20:28.298,112.893,26.005,55.361,0.508,3.651,12.896,10.302,0.052,false,20.391,MODERATE,9,0,sequential_yolo_pose,SM-S906U1,GPU
2026-04-22 23:20:28.405,102.403,29.602,51.069,0.494,1.335,4.748,11.164,0.044,false,20.301,MODERATE,9,0,sequential_yolo_pose,SM-S906U1,GPU
2026-04-22 23:20:28.523,113.836,25.891,55.453,0.903,2.191,11.008,14.442,0.054,false,20.363,MODERATE,9,0,sequential_yolo_pose,SM-S906U1,GPU
2026-04-22 23:20:28.637,110.670,25.574,53.346,1.045,2.796,12.538,11.398,0.039,false,20.426,MODERATE,9,0,sequential_yolo_pose,SM-S906U1,GPU
2026-04-22 23:20:28.746,104.712,25.880,55.232,0.661,1.656,6.195,11.076,0.067,false,20.332,MODERATE,9,0,sequential_yolo_pose,SM-S906U1,GPU
2026-04-22 23:20:28.878,123.927,25.782,53.962,0.947,2.868,17.441,18.650,0.079,false,20.359,MODERATE,9,0,sequential_yolo_pose,SM-S906U1,GPU
2026-04-22 23:20:28.988,105.491,22.988,54.619,0.934,2.610,9.664,10.353,0.052,false,20.332,MODERATE,9,0,sequential_yolo_pose,SM-S906U1,GPU
2026-04-22 23:20:29.103,111.463,27.534,56.826,1.158,2.792,9.092,10.115,0.055,false,20.270,MODERATE,9,0,sequential_yolo_pose,SM-S906U1,GPU
2026-04-22 23:20:29.227,118.327,27.877,55.420,1.184,2.698,12.453,14.541,0.042,false,20.395,MODERATE,9,0,sequential_yolo_pose,SM-S906U1,GPU
2026-04-22 23:20:29.339,107.037,29.196,51.850,0.992,2.221,8.496,10.178,0.046,false,20.332,MODERATE,9,0,sequential_yolo_pose,SM-S906U1,GPU
2026-04-22 23:20:29.456,109.135,26.282,59.382,0.543,1.415,6.655,10.620,0.058,false,20.332,MODERATE,9,0,sequential_yolo_pose,SM-S906U1,GPU
2026-04-22 23:20:29.570,110.736,25.806,56.783,0.859,3.067,9.996,10.283,0.041,false,20.363,MODERATE,9,0,sequential_yolo_pose,SM-S906U1,GPU
2026-04-22 23:20:29.692,117.230,29.596,57.986,1.180,3.040,9.564,10.104,0.047,false,20.359,MODERATE,9,0,sequential_yolo_pose,SM-S906U1,GPU
2026-04-22 23:20:29.803,106.604,25.238,54.212,0.953,2.210,8.897,11.006,0.045,false,20.395,MODERATE,9,0,sequential_yolo_pose,SM-S906U1,GPU
2026-04-22 23:20:29.921,113.503,26.291,55.540,0.875,2.221,7.798,16.360,0.119,false,20.332,MODERATE,9,0,sequential_yolo_pose,SM-S906U1,GPU
2026-04-22 23:20:30.042,116.338,26.377,53.045,0.862,2.255,12.792,16.848,0.049,false,20.332,MODERATE,9,0,sequential_yolo_pose,SM-S906U1,GPU
2026-04-22 23:20:30.166,117.439,25.308,56.063,0.874,2.836,16.865,11.004,0.051,false,20.363,MODERATE,9,0,sequential_yolo_pose,SM-S906U1,GPU
2026-04-22 23:20:30.258,87.355,28.515,54.684,0.239,0.000,0.000,0.000,0.000,true,16.992,MODERATE,9,0,sequential_yolo_pose,SM-S906U1,GPU
2026-04-22 23:20:30.354,91.867,29.472,58.422,0.358,0.000,0.000,0.000,0.000,true,30.574,MODERATE,9,0,sequential_yolo_pose,SM-S906U1,GPU
2026-04-22 23:20:30.476,117.263,35.348,54.059,0.853,2.467,8.599,10.775,0.081,false,21.953,MODERATE,9,0,sequential_yolo_pose,SM-S906U1,GPU
2026-04-22 23:20:30.590,105.323,20.722,59.908,0.904,2.242,7.815,10.456,0.047,false,38.836,MODERATE,9,0,sequential_yolo_pose,SM-S906U1,GPU
2026-04-22 23:20:30.714,110.486,27.843,54.253,0.805,2.134,8.004,12.652,0.062,false,20.352,MODERATE,9,0,sequential_yolo_pose,SM-S906U1,GPU
2026-04-22 23:20:30.833,113.577,28.297,53.829,1.066,2.855,11.623,11.752,0.043,false,20.391,MODERATE,9,0,sequential_yolo_pose,SM-S906U1,GPU
2026-04-22 23:20:30.947,110.118,28.401,52.040,0.956,2.405,8.456,13.368,0.060,false,20.297,MODERATE,9,0,sequential_yolo_pose,SM-S906U1,GPU
2026-04-22 23:20:31.069,114.117,28.928,54.215,1.050,2.845,11.935,10.853,0.050,false,20.359,MODERATE,9,0,sequential_yolo_pose,SM-S906U1,GPU
2026-04-22 23:20:31.181,107.652,26.525,55.656,0.542,1.432,5.463,11.886,0.059,false,20.332,MODERATE,9,0,sequential_yolo_pose,SM-S906U1,GPU
2026-04-22 23:20:31.269,80.412,22.310,54.343,0.838,0.000,0.000,0.000,0.000,true,16.937,MODERATE,9,0,sequential_yolo_pose,SM-S906U1,GPU
2026-04-22 23:20:31.376,96.831,35.503,54.931,0.735,0.000,0.000,0.000,0.000,true,30.551,MODERATE,9,0,sequential_yolo_pose,SM-S906U1,GPU
2026-04-22 23:20:31.506,123.572,33.069,52.722,0.946,3.070,8.140,11.991,0.047,false,21.504,MODERATE,9,0,sequential_yolo_pose,SM-S906U1,GPU
2026-04-22 23:20:31.589,77.503,20.370,53.108,0.489,0.000,0.000,0.000,0.000,true,35.149,MODERATE,9,0,sequential_yolo_pose,SM-S906U1,GPU
2026-04-22 23:20:31.688,93.089,30.472,55.905,0.446,0.000,0.000,0.000,0.000,true,18.648,MODERATE,9,0,sequential_yolo_pose,SM-S906U1,GPU
2026-04-22 23:20:31.785,90.396,30.473,55.149,0.412,0.000,0.000,0.000,0.000,true,32.231,MODERATE,9,0,sequential_yolo_pose,SM-S906U1,GPU
2026-04-22 23:20:31.875,85.919,29.295,52.320,0.545,0.000,0.000,0.000,0.000,true,18.219,MODERATE,9,0,sequential_yolo_pose,SM-S906U1,GPU
2026-04-22 23:20:31.976,88.057,27.346,54.874,0.586,0.000,0.000,0.000,0.000,true,31.738,MODERATE,9,0,sequential_yolo_pose,SM-S906U1,GPU
2026-04-22 23:20:32.079,95.762,34.423,52.808,0.531,0.000,0.000,0.000,0.000,true,13.449,MODERATE,9,0,sequential_yolo_pose,SM-S906U1,GPU
2026-04-22 23:20:32.184,92.780,30.520,54.695,0.516,0.000,0.000,0.000,0.000,true,16.867,MODERATE,9,0,sequential_yolo_pose,SM-S906U1,GPU
2026-04-22 23:20:32.292,98.639,37.440,54.654,0.436,0.000,0.000,0.000,0.000,true,30.637,MODERATE,10,0,sequential_yolo_pose,SM-S906U1,GPU
2026-04-22 23:20:32.413,117.330,33.354,53.201,0.644,2.577,9.249,11.484,0.045,false,21.973,MODERATE,10,0,sequential_yolo_pose,SM-S906U1,GPU
2026-04-22 23:20:32.532,109.737,26.579,56.355,0.754,2.659,8.933,10.202,0.031,false,38.918,MODERATE,10,0,sequential_yolo_pose,SM-S906U1,GPU
2026-04-22 23:20:32.626,86.529,29.836,52.188,0.448,0.000,0.000,0.000,0.000,true,16.902,MODERATE,10,0,sequential_yolo_pose,SM-S906U1,GPU
2026-04-22 23:20:32.735,102.238,38.480,55.934,0.608,0.000,0.000,0.000,0.000,true,30.547,MODERATE,10,0,sequential_yolo_pose,SM-S906U1,GPU
2026-04-22 23:20:32.846,104.241,32.425,54.950,0.753,0.000,0.000,0.000,0.000,true,18.621,MODERATE,10,0,sequential_yolo_pose,SM-S906U1,GPU
2026-04-22 23:20:32.974,117.931,29.082,55.557,1.123,2.705,12.255,11.556,0.050,false,35.504,MODERATE,10,0,sequential_yolo_pose,SM-S906U1,GPU
2026-04-22 23:20:33.064,83.259,26.168,52.737,0.625,0.000,0.000,0.000,0.000,true,18.566,MODERATE,10,0,sequential_yolo_pose,SM-S906U1,GPU
2026-04-22 23:20:33.173,103.473,39.872,56.980,1.017,0.000,0.000,0.000,0.000,true,32.149,MODERATE,10,0,sequential_yolo_pose,SM-S906U1,GPU
2026-04-22 23:20:33.298,115.582,27.441,58.193,0.539,3.106,9.735,11.297,0.042,false,21.688,MODERATE,9,0,sequential_yolo_pose,SM-S906U1,GPU
2026-04-22 23:20:33.408,105.556,26.856,54.843,0.916,1.897,5.776,10.509,0.032,false,38.602,MODERATE,9,0,sequential_yolo_pose,SM-S906U1,GPU
2026-04-22 23:20:33.508,85.975,27.629,53.391,0.528,0.000,0.000,0.000,0.000,true,16.996,MODERATE,9,0,sequential_yolo_pose,SM-S906U1,GPU
2026-04-22 23:20:33.640,118.322,32.331,53.256,1.006,2.544,11.295,11.115,0.100,false,33.973,MODERATE,9,0,sequential_yolo_pose,SM-S906U1,GPU
2026-04-22 23:20:33.766,117.596,28.778,55.004,1.505,2.089,11.364,10.900,0.031,false,28.910,MODERATE,9,0,sequential_yolo_pose,SM-S906U1,GPU
2026-04-22 23:20:33.901,126.820,27.245,61.161,0.672,2.158,15.599,15.305,0.039,false,20.391,MODERATE,9,0,sequential_yolo_pose,SM-S906U1,GPU
2026-04-22 23:20:34.022,117.921,29.637,55.780,0.797,2.235,8.954,11.839,0.047,false,20.363,MODERATE,9,0,sequential_yolo_pose,SM-S906U1,GPU
2026-04-22 23:20:34.132,104.767,22.443,55.725,0.581,2.065,9.922,10.763,0.033,false,20.297,MODERATE,9,0,sequential_yolo_pose,SM-S906U1,GPU
2026-04-22 23:20:34.251,114.404,31.247,53.945,0.862,2.285,8.924,12.703,0.060,false,20.328,MODERATE,8,0,sequential_yolo_pose,SM-S906U1,GPU
2026-04-22 23:20:34.368,112.196,28.547,53.244,0.910,3.240,9.894,11.544,0.042,false,20.363,MODERATE,8,0,sequential_yolo_pose,SM-S906U1,GPU
2026-04-22 23:20:34.492,119.243,27.537,54.748,1.008,3.079,11.048,16.720,0.067,false,20.359,MODERATE,8,0,sequential_yolo_pose,SM-S906U1,GPU
2026-04-22 23:20:34.580,83.283,25.931,52.881,0.531,0.000,0.000,0.000,0.000,true,16.934,MODERATE,8,0,sequential_yolo_pose,SM-S906U1,GPU
2026-04-22 23:20:34.703,115.821,26.505,56.487,1.231,2.553,9.737,11.889,0.043,false,33.910,MODERATE,8,0,sequential_yolo_pose,SM-S906U1,GPU
2026-04-22 23:20:34.836,119.701,29.606,56.230,1.021,6.455,10.017,12.057,0.054,false,20.391,MODERATE,8,0,sequential_yolo_pose,SM-S906U1,GPU
2026-04-22 23:20:34.958,117.149,29.766,53.791,1.067,2.648,10.656,12.857,0.080,false,20.328,MODERATE,8,0,sequential_yolo_pose,SM-S906U1,GPU
2026-04-22 23:20:35.074,110.898,26.049,53.458,1.200,3.011,10.358,12.138,0.048,false,20.363,MODERATE,8,0,sequential_yolo_pose,SM-S906U1,GPU
2026-04-22 23:20:35.190,110.758,27.717,53.465,0.560,1.389,8.137,15.153,0.057,false,20.328,MODERATE,8,0,sequential_yolo_pose,SM-S906U1,GPU
2026-04-22 23:20:35.301,105.963,28.131,53.135,1.142,1.620,7.178,10.383,0.053,false,20.426,MODERATE,9,0,sequential_yolo_pose,SM-S906U1,GPU
2026-04-22 23:20:35.419,113.482,29.532,52.119,0.868,1.991,9.076,12.971,2.246,false,20.363,MODERATE,9,0,sequential_yolo_pose,SM-S906U1,GPU
2026-04-22 23:20:35.533,108.615,24.913,56.147,1.097,2.972,9.014,10.441,0.067,false,20.270,MODERATE,9,0,sequential_yolo_pose,SM-S906U1,GPU
2026-04-22 23:20:35.649,111.323,29.948,54.712,0.558,1.886,7.272,12.861,0.063,false,20.320,MODERATE,9,0,sequential_yolo_pose,SM-S906U1,GPU
2026-04-22 23:20:35.748,91.624,30.267,54.426,0.535,0.000,0.000,0.000,0.000,true,16.969,MODERATE,9,0,sequential_yolo_pose,SM-S906U1,GPU
2026-04-22 23:20:35.848,90.525,27.292,57.277,0.791,0.000,0.000,0.000,0.000,true,30.582,MODERATE,9,0,sequential_yolo_pose,SM-S906U1,GPU
2026-04-22 23:20:35.968,113.369,28.774,54.413,0.918,2.505,9.803,11.609,0.079,false,21.930,MODERATE,9,0,sequential_yolo_pose,SM-S906U1,GPU
2026-04-22 23:20:36.089,115.254,27.984,56.261,0.882,2.668,7.730,13.282,0.030,false,38.906,MODERATE,9,0,sequential_yolo_pose,SM-S906U1,GPU
2026-04-22 23:20:36.208,111.008,32.312,52.589,0.785,2.781,6.511,11.923,0.035,false,20.328,MODERATE,9,0,sequential_yolo_pose,SM-S906U1,GPU
2026-04-22 23:20:36.323,110.741,27.993,54.642,0.645,1.852,9.623,12.084,0.037,false,20.391,MODERATE,9,0,sequential_yolo_pose,SM-S906U1,GPU
2026-04-22 23:20:36.445,116.611,29.633,52.085,0.923,4.322,11.329,11.601,0.064,false,20.332,MODERATE,9,0,sequential_yolo_pose,SM-S906U1,GPU
2026-04-22 23:20:36.565,109.067,30.416,53.841,0.786,2.047,7.448,10.342,0.042,false,20.297,MODERATE,9,0,sequential_yolo_pose,SM-S906U1,GPU
2026-04-22 23:20:36.680,110.347,27.576,53.067,1.196,2.359,8.868,12.444,0.053,false,20.301,MODERATE,9,0,sequential_yolo_pose,SM-S906U1,GPU
2026-04-22 23:20:36.772,83.767,25.873,53.324,0.530,0.000,0.000,0.000,0.000,true,16.906,MODERATE,9,0,sequential_yolo_pose,SM-S906U1,GPU
2026-04-22 23:20:36.907,125.557,32.992,54.498,0.991,2.437,11.300,12.343,0.028,false,33.977,MODERATE,9,0,sequential_yolo_pose,SM-S906U1,GPU
2026-04-22 23:20:37.011,89.852,30.597,54.543,0.830,0.000,0.000,0.000,0.000,true,16.934,MODERATE,9,0,sequential_yolo_pose,SM-S906U1,GPU
2026-04-22 23:20:37.137,119.173,29.291,53.718,0.787,2.857,14.989,10.835,0.031,false,33.910,MODERATE,9,0,sequential_yolo_pose,SM-S906U1,GPU
2026-04-22 23:20:37.254,108.863,23.496,55.670,1.044,3.096,8.095,10.891,0.030,false,28.863,MODERATE,8,0,sequential_yolo_pose,SM-S906U1,GPU
2026-04-22 23:20:37.380,116.318,27.640,55.197,0.929,2.573,9.976,15.803,0.058,false,20.356,MODERATE,8,0,sequential_yolo_pose,SM-S906U1,GPU
2026-04-22 23:20:37.499,112.102,27.303,53.008,0.589,2.402,11.096,13.715,0.050,false,20.359,MODERATE,8,0,sequential_yolo_pose,SM-S906U1,GPU
2026-04-22 23:20:37.613,110.573,28.288,58.759,0.631,1.819,6.613,10.432,0.061,false,20.309,MODERATE,8,0,sequential_yolo_pose,SM-S906U1,GPU
2026-04-22 23:20:37.725,103.640,27.616,52.451,0.552,1.556,6.307,11.135,0.041,false,20.328,MODERATE,8,0,sequential_yolo_pose,SM-S906U1,GPU
2026-04-22 23:20:37.840,109.892,27.223,53.608,0.899,2.644,10.057,11.410,0.049,false,20.328,MODERATE,8,0,sequential_yolo_pose,SM-S906U1,GPU
2026-04-22 23:20:37.951,104.387,29.563,53.236,0.531,1.473,5.279,10.078,0.074,false,20.266,MODERATE,8,0,sequential_yolo_pose,SM-S906U1,GPU
2026-04-22 23:20:38.063,106.020,25.347,55.167,0.643,2.299,7.117,11.353,0.045,false,20.332,MODERATE,8,0,sequential_yolo_pose,SM-S906U1,GPU
2026-04-22 23:20:38.188,120.750,26.438,57.018,1.058,2.850,8.693,20.187,0.068,false,20.363,MODERATE,8,0,sequential_yolo_pose,SM-S906U1,GPU
2026-04-22 23:20:38.300,107.388,26.488,55.136,0.672,3.279,7.374,10.788,0.026,false,20.457,MODERATE,9,0,sequential_yolo_pose,SM-S906U1,GPU
2026-04-22 23:20:38.414,110.354,21.765,52.846,1.073,2.906,12.056,15.389,0.081,false,20.391,MODERATE,9,0,sequential_yolo_pose,SM-S906U1,GPU
2026-04-22 23:20:38.535,110.010,28.366,56.494,0.687,2.418,7.651,10.321,0.077,false,20.293,MODERATE,9,0,sequential_yolo_pose,SM-S906U1,GPU
2026-04-22 23:20:38.666,118.062,29.478,52.079,0.583,2.522,12.625,11.084,0.058,false,20.328,MODERATE,9,0,sequential_yolo_pose,SM-S906U1,GPU
2026-04-22 23:20:38.783,112.631,27.087,55.612,0.976,2.406,7.970,14.555,0.059,false,20.332,MODERATE,9,0,sequential_yolo_pose,SM-S906U1,GPU
2026-04-22 23:20:38.902,111.771,28.249,54.578,1.823,2.454,9.180,11.275,0.047,false,20.336,MODERATE,9,0,sequential_yolo_pose,SM-S906U1,GPU
2026-04-22 23:20:39.027,118.087,26.205,54.320,1.344,2.870,10.261,16.076,0.044,false,20.363,MODERATE,9,0,sequential_yolo_pose,SM-S906U1,GPU
2026-04-22 23:20:39.142,110.140,29.277,54.583,1.112,2.162,8.184,10.885,0.044,false,20.301,MODERATE,9,0,sequential_yolo_pose,SM-S906U1,GPU
2026-04-22 23:20:39.262,113.516,29.866,52.962,0.801,2.301,9.660,12.039,0.046,false,20.297,MODERATE,9,0,sequential_yolo_pose,SM-S906U1,GPU
2026-04-22 23:20:39.379,113.862,27.662,54.673,1.233,2.891,9.619,11.599,0.062,false,20.270,MODERATE,9,0,sequential_yolo_pose,SM-S906U1,GPU
2026-04-22 23:20:39.509,114.588,28.745,54.818,1.221,2.849,11.544,11.255,0.111,false,20.391,MODERATE,9,0,sequential_yolo_pose,SM-S906U1,GPU
2026-04-22 23:20:39.630,114.667,29.099,55.131,1.197,2.761,10.818,9.944,0.043,false,20.332,MODERATE,9,0,sequential_yolo_pose,SM-S906U1,GPU
2026-04-22 23:20:39.740,105.078,26.109,53.152,0.481,1.247,4.180,15.952,0.038,false,20.359,MODERATE,9,0,sequential_yolo_pose,SM-S906U1,GPU
2026-04-22 23:20:39.848,104.546,26.181,55.452,0.793,1.167,4.932,12.636,0.053,false,20.426,MODERATE,9,0,sequential_yolo_pose,SM-S906U1,GPU
2026-04-22 23:20:39.960,108.403,22.767,60.028,0.580,1.497,9.057,11.502,0.036,false,20.395,MODERATE,9,0,sequential_yolo_pose,SM-S906U1,GPU
2026-04-22 23:20:40.070,104.760,26.107,57.864,0.542,1.257,4.670,10.988,0.054,false,20.332,MODERATE,9,0,sequential_yolo_pose,SM-S906U1,GPU
2026-04-22 23:20:40.178,103.987,26.154,53.915,0.734,1.964,5.870,11.725,0.039,false,20.387,MODERATE,9,0,sequential_yolo_pose,SM-S906U1,GPU
2026-04-22 23:20:40.288,103.426,24.314,55.132,0.830,2.172,7.157,10.495,0.036,false,20.363,MODERATE,8,0,sequential_yolo_pose,SM-S906U1,GPU
2026-04-22 23:20:40.398,102.695,26.292,53.647,0.614,1.495,6.023,10.553,0.035,false,20.332,MODERATE,8,0,sequential_yolo_pose,SM-S906U1,GPU
2026-04-22 23:20:40.506,105.125,27.500,55.746,0.608,1.646,6.028,10.221,0.045,false,20.266,MODERATE,8,0,sequential_yolo_pose,SM-S906U1,GPU
2026-04-22 23:20:40.613,101.969,23.983,54.484,0.622,1.692,6.250,11.224,0.043,false,20.391,MODERATE,8,0,sequential_yolo_pose,SM-S906U1,GPU
2026-04-22 23:20:40.692,73.633,17.922,52.656,0.483,0.000,0.000,0.000,0.000,true,16.961,MODERATE,8,0,sequential_yolo_pose,SM-S906U1,GPU
2026-04-22 23:20:40.792,93.269,28.505,59.931,0.459,0.000,0.000,0.000,0.000,true,30.574,MODERATE,8,0,sequential_yolo_pose,SM-S906U1,GPU
2026-04-22 23:20:40.904,107.597,29.401,51.642,0.554,3.676,6.141,11.571,0.051,false,22.055,MODERATE,8,0,sequential_yolo_pose,SM-S906U1,GPU
2026-04-22 23:20:40.999,90.971,30.031,56.364,0.426,0.000,0.000,0.000,0.000,true,35.637,MODERATE,8,0,sequential_yolo_pose,SM-S906U1,GPU
2026-04-22 23:20:41.102,96.517,30.923,60.670,0.492,0.000,0.000,0.000,0.000,true,18.668,MODERATE,8,0,sequential_yolo_pose,SM-S906U1,GPU
2026-04-22 23:20:41.197,89.697,28.151,54.618,0.502,0.000,0.000,0.000,0.000,true,32.188,MODERATE,8,0,sequential_yolo_pose,SM-S906U1,GPU
2026-04-22 23:20:41.294,91.517,33.855,53.030,0.293,0.000,0.000,0.000,0.000,true,18.289,MODERATE,10,0,sequential_yolo_pose,SM-S906U1,GPU
2026-04-22 23:20:41.383,83.354,27.328,52.229,0.358,0.000,0.000,0.000,0.000,true,31.840,MODERATE,10,0,sequential_yolo_pose,SM-S906U1,GPU
2026-04-22 23:20:41.471,82.463,24.498,53.404,0.296,0.000,0.000,0.000,0.000,true,18.242,MODERATE,10,0,sequential_yolo_pose,SM-S906U1,GPU
2026-04-22 23:20:41.587,109.739,27.194,56.419,0.544,1.589,6.463,12.785,0.032,false,35.125,MODERATE,10,0,sequential_yolo_pose,SM-S906U1,GPU
2026-04-22 23:20:41.711,120.296,32.650,52.820,0.736,7.896,8.723,11.579,1.571,false,22.063,MODERATE,10,0,sequential_yolo_pose,SM-S906U1,GPU
2026-04-22 23:20:41.808,91.589,29.951,56.960,0.586,0.000,0.000,0.000,0.000,true,35.645,MODERATE,10,0,sequential_yolo_pose,SM-S906U1,GPU
2026-04-22 23:20:41.906,90.917,30.275,53.154,0.579,0.000,0.000,0.000,0.000,true,19.859,MODERATE,10,0,sequential_yolo_pose,SM-S906U1,GPU
2026-04-22 23:20:42.037,117.293,27.607,56.176,0.658,2.178,11.441,12.133,0.033,false,36.774,MODERATE,10,0,sequential_yolo_pose,SM-S906U1,GPU
2026-04-22 23:20:42.170,126.278,30.472,54.242,0.775,2.971,19.403,12.655,0.038,false,21.973,MODERATE,10,0,sequential_yolo_pose,SM-S906U1,GPU
2026-04-22 23:20:42.289,115.375,27.624,53.296,0.865,2.423,9.127,17.236,0.057,false,38.918,MODERATE,10,0,sequential_yolo_pose,SM-S906U1,GPU
2026-04-22 23:20:42.416,120.975,29.931,54.574,0.905,2.457,8.597,15.884,0.048,false,20.465,MODERATE,9,0,sequential_yolo_pose,SM-S906U1,GPU
2026-04-22 23:20:42.530,109.190,20.126,56.954,0.778,1.750,10.121,16.497,0.055,false,20.461,MODERATE,9,0,sequential_yolo_pose,SM-S906U1,GPU
2026-04-22 23:20:42.644,111.157,28.094,54.545,1.105,2.107,6.906,13.592,0.049,false,20.402,MODERATE,9,0,sequential_yolo_pose,SM-S906U1,GPU
2026-04-22 23:20:42.770,121.885,27.705,55.788,0.532,2.721,19.142,11.953,0.064,false,20.402,MODERATE,9,0,sequential_yolo_pose,SM-S906U1,GPU
2026-04-22 23:20:42.880,106.041,24.522,55.085,0.745,1.932,7.438,12.111,0.060,false,20.340,MODERATE,9,0,sequential_yolo_pose,SM-S906U1,GPU
2026-04-22 23:20:42.976,87.093,29.049,53.748,0.636,0.000,0.000,0.000,0.000,true,16.973,MODERATE,9,0,sequential_yolo_pose,SM-S906U1,GPU
2026-04-22 23:20:43.080,92.017,29.258,55.752,0.551,0.000,0.000,0.000,0.000,true,30.617,MODERATE,9,0,sequential_yolo_pose,SM-S906U1,GPU
2026-04-22 23:20:43.176,86.855,28.633,53.628,0.591,0.000,0.000,0.000,0.000,true,18.203,MODERATE,9,0,sequential_yolo_pose,SM-S906U1,GPU
2026-04-22 23:20:43.286,102.462,38.906,55.095,0.795,0.000,0.000,0.000,0.000,true,31.817,MODERATE,9,0,sequential_yolo_pose,SM-S906U1,GPU
2026-04-22 23:20:43.391,97.158,32.952,58.318,0.522,0.000,0.000,0.000,0.000,true,13.520,MODERATE,10,0,sequential_yolo_pose,SM-S906U1,GPU
2026-04-22 23:20:43.492,96.204,35.307,54.680,0.418,0.000,0.000,0.000,0.000,true,16.937,MODERATE,10,0,sequential_yolo_pose,SM-S906U1,GPU
2026-04-22 23:20:43.608,111.998,29.820,56.023,0.755,1.740,6.606,12.923,0.043,false,33.946,MODERATE,10,0,sequential_yolo_pose,SM-S906U1,GPU
2026-04-22 23:20:43.723,105.484,24.184,54.992,0.928,2.462,8.632,11.297,0.036,false,28.883,MODERATE,10,0,sequential_yolo_pose,SM-S906U1,GPU
2026-04-22 23:20:43.841,113.049,35.249,51.711,1.091,4.252,4.991,11.543,0.056,false,21.996,MODERATE,10,0,sequential_yolo_pose,SM-S906U1,GPU
2026-04-22 23:20:43.966,119.633,22.822,54.083,0.870,2.131,10.498,23.568,0.030,false,38.942,MODERATE,10,0,sequential_yolo_pose,SM-S906U1,GPU
2026-04-22 23:20:44.068,89.458,28.094,55.620,1.089,0.000,0.000,0.000,0.000,true,17.000,MODERATE,10,0,sequential_yolo_pose,SM-S906U1,GPU
2026-04-22 23:20:44.203,127.877,29.740,54.769,1.141,2.378,19.730,11.124,0.031,false,34.102,MODERATE,10,0,sequential_yolo_pose,SM-S906U1,GPU
2026-04-22 23:20:44.331,117.360,29.130,55.967,0.609,1.703,12.602,9.733,0.046,false,20.430,MODERATE,8,0,sequential_yolo_pose,SM-S906U1,GPU
2026-04-22 23:20:44.451,116.056,31.283,55.950,0.559,1.807,5.610,16.438,0.035,false,20.402,MODERATE,8,0,sequential_yolo_pose,SM-S906U1,GPU
2026-04-22 23:20:44.539,84.177,23.909,55.444,0.676,0.000,0.000,0.000,0.000,true,17.004,MODERATE,8,0,sequential_yolo_pose,SM-S906U1,GPU
2026-04-22 23:20:44.646,91.732,28.886,54.687,0.984,0.000,0.000,0.000,0.000,true,30.649,MODERATE,8,0,sequential_yolo_pose,SM-S906U1,GPU
2026-04-22 23:20:44.747,91.399,27.499,55.615,1.300,0.000,0.000,0.000,0.000,true,13.941,MODERATE,8,0,sequential_yolo_pose,SM-S906U1,GPU
2026-04-22 23:20:44.849,92.883,32.377,53.987,0.959,0.000,0.000,0.000,0.000,true,17.000,MODERATE,8,0,sequential_yolo_pose,SM-S906U1,GPU
2026-04-22 23:20:44.948,90.465,30.219,52.766,0.746,0.000,0.000,0.000,0.000,true,30.613,MODERATE,8,0,sequential_yolo_pose,SM-S906U1,GPU
2026-04-22 23:20:45.047,91.393,30.735,53.901,0.972,0.000,0.000,0.000,0.000,true,18.633,MODERATE,8,0,sequential_yolo_pose,SM-S906U1,GPU
2026-04-22 23:20:45.145,86.792,26.784,54.900,1.046,0.000,0.000,0.000,0.000,true,32.152,MODERATE,8,0,sequential_yolo_pose,SM-S906U1,GPU
2026-04-22 23:20:45.278,126.565,35.930,52.546,1.164,2.990,11.608,13.321,0.038,false,21.566,MODERATE,8,0,sequential_yolo_pose,SM-S906U1,GPU
2026-04-22 23:20:45.388,103.967,24.007,55.485,0.694,1.270,6.633,10.503,0.031,false,38.699,MODERATE,10,0,sequential_yolo_pose,SM-S906U1,GPU
2026-04-22 23:20:45.502,111.462,24.772,53.777,1.139,2.795,13.554,10.236,0.060,false,30.613,MODERATE,10,0,sequential_yolo_pose,SM-S906U1,GPU
2026-04-22 23:20:45.632,116.174,26.780,56.163,1.284,2.841,13.604,9.980,0.043,false,20.367,MODERATE,10,0,sequential_yolo_pose,SM-S906U1,GPU
2026-04-22 23:20:45.748,112.460,29.091,54.514,0.860,2.035,9.468,12.094,0.053,false,20.402,MODERATE,10,0,sequential_yolo_pose,SM-S906U1,GPU
2026-04-22 23:20:45.840,85.263,22.561,57.388,0.546,0.000,0.000,0.000,0.000,true,16.984,MODERATE,10,0,sequential_yolo_pose,SM-S906U1,GPU
2026-04-22 23:20:45.972,125.322,31.029,55.429,0.913,2.242,15.396,10.324,0.032,false,34.148,MODERATE,10,0,sequential_yolo_pose,SM-S906U1,GPU
2026-04-22 23:20:46.068,88.753,25.593,57.933,0.912,0.000,0.000,0.000,0.000,true,25.516,MODERATE,10,0,sequential_yolo_pose,SM-S906U1,GPU
2026-04-22 23:20:46.169,93.551,33.401,51.821,0.839,0.000,0.000,0.000,0.000,true,19.859,MODERATE,10,0,sequential_yolo_pose,SM-S906U1,GPU
2026-04-22 23:20:46.272,96.586,35.587,53.710,1.132,0.000,0.000,0.000,0.000,true,33.442,MODERATE,10,0,sequential_yolo_pose,SM-S906U1,GPU
2026-04-22 23:20:46.375,95.893,30.200,54.490,0.748,0.000,0.000,0.000,0.000,true,18.305,MODERATE,9,0,sequential_yolo_pose,SM-S906U1,GPU
2026-04-22 23:20:46.474,92.553,31.083,54.562,0.775,0.000,0.000,0.000,0.000,true,31.887,MODERATE,9,0,sequential_yolo_pose,SM-S906U1,GPU
2026-04-22 23:20:46.578,90.017,28.801,52.908,0.791,0.000,0.000,0.000,0.000,true,18.180,MODERATE,9,0,sequential_yolo_pose,SM-S906U1,GPU
2026-04-22 23:20:46.682,86.269,29.538,52.052,0.896,0.000,0.000,0.000,0.000,true,31.731,MODERATE,9,0,sequential_yolo_pose,SM-S906U1,GPU
2026-04-22 23:20:46.784,90.516,32.965,51.818,0.620,0.000,0.000,0.000,0.000,true,13.488,MODERATE,9,0,sequential_yolo_pose,SM-S906U1,GPU
2026-04-22 23:20:46.888,97.986,37.866,54.400,0.669,0.000,0.000,0.000,0.000,true,16.969,MODERATE,9,0,sequential_yolo_pose,SM-S906U1,GPU
2026-04-22 23:20:46.989,95.645,35.788,53.832,0.898,0.000,0.000,0.000,0.000,true,30.613,MODERATE,9,0,sequential_yolo_pose,SM-S906U1,GPU
2026-04-22 23:20:47.081,86.281,29.219,52.666,0.443,0.000,0.000,0.000,0.000,true,13.910,MODERATE,9,0,sequential_yolo_pose,SM-S906U1,GPU
2026-04-22 23:20:47.191,101.604,40.366,54.050,0.679,0.000,0.000,0.000,0.000,true,16.937,MODERATE,9,0,sequential_yolo_pose,SM-S906U1,GPU
2026-04-22 23:20:47.297,100.026,37.307,55.866,1.008,0.000,0.000,0.000,0.000,true,30.582,MODERATE,9,0,sequential_yolo_pose,SM-S906U1,GPU
2026-04-22 23:20:47.399,95.824,32.641,52.461,0.635,0.000,0.000,0.000,0.000,true,18.258,MODERATE,10,0,sequential_yolo_pose,SM-S906U1,GPU
2026-04-22 23:20:47.500,95.837,36.762,53.550,0.915,0.000,0.000,0.000,0.000,true,31.809,MODERATE,10,0,sequential_yolo_pose,SM-S906U1,GPU
2026-04-22 23:20:47.607,101.510,33.909,59.355,0.787,0.000,0.000,0.000,0.000,true,13.551,MODERATE,10,0,sequential_yolo_pose,SM-S906U1,GPU
2026-04-22 23:20:47.706,92.302,31.567,53.963,0.548,0.000,0.000,0.000,0.000,true,16.969,MODERATE,10,0,sequential_yolo_pose,SM-S906U1,GPU
2026-04-22 23:20:47.800,87.527,26.592,54.819,0.747,0.000,0.000,0.000,0.000,true,30.551,MODERATE,10,0,sequential_yolo_pose,SM-S906U1,GPU
2026-04-22 23:20:47.936,130.431,36.105,56.923,1.025,2.809,16.054,10.375,0.089,false,16.941,MODERATE,10,0,sequential_yolo_pose,SM-S906U1,GPU
2026-04-22 23:20:48.030,88.928,24.824,57.956,0.591,0.000,0.000,0.000,0.000,true,17.008,MODERATE,10,0,sequential_yolo_pose,SM-S906U1,GPU
2026-04-22 23:20:48.138,101.627,34.798,56.804,0.811,0.000,0.000,0.000,0.000,true,30.590,MODERATE,10,0,sequential_yolo_pose,SM-S906U1,GPU
2026-04-22 23:20:48.272,124.526,34.047,54.444,1.123,2.822,13.614,11.409,0.051,false,17.336,MODERATE,10,0,sequential_yolo_pose,SM-S906U1,GPU
2026-04-22 23:20:48.390,111.496,29.141,56.293,0.592,1.619,5.872,12.036,0.053,false,20.496,MODERATE,9,0,sequential_yolo_pose,SM-S906U1,GPU
2026-04-22 23:20:48.501,107.188,23.799,54.514,0.789,2.047,10.456,11.518,0.050,false,20.395,MODERATE,9,0,sequential_yolo_pose,SM-S906U1,GPU
2026-04-22 23:20:48.620,113.636,27.536,52.434,0.852,1.938,7.933,17.916,0.038,false,20.367,MODERATE,9,0,sequential_yolo_pose,SM-S906U1,GPU
2026-04-22 23:20:48.735,112.009,27.659,54.273,1.258,4.911,10.345,9.595,0.032,false,20.430,MODERATE,9,0,sequential_yolo_pose,SM-S906U1,GPU
2026-04-22 23:20:48.827,87.683,29.917,52.865,0.840,0.000,0.000,0.000,0.000,true,16.977,MODERATE,9,0,sequential_yolo_pose,SM-S906U1,GPU
2026-04-22 23:20:48.933,98.675,36.988,54.218,0.900,0.000,0.000,0.000,0.000,true,30.652,MODERATE,9,0,sequential_yolo_pose,SM-S906U1,GPU
2026-04-22 23:20:49.035,96.382,34.141,54.298,0.819,0.000,0.000,0.000,0.000,true,18.617,MODERATE,9,0,sequential_yolo_pose,SM-S906U1,GPU
2026-04-22 23:20:49.171,121.683,31.607,56.624,1.666,4.698,10.007,10.901,0.057,false,35.500,MODERATE,9,0,sequential_yolo_pose,SM-S906U1,GPU
2026-04-22 23:20:49.298,116.662,29.862,54.868,1.217,6.990,8.079,11.496,0.048,false,21.988,MODERATE,9,0,sequential_yolo_pose,SM-S906U1,GPU
2026-04-22 23:20:49.413,111.687,28.527,55.991,1.177,2.661,5.523,12.816,0.032,false,39.152,MODERATE,9,0,sequential_yolo_pose,SM-S906U1,GPU
2026-04-22 23:20:49.536,113.451,26.810,56.228,1.131,4.066,9.937,11.235,0.031,false,20.426,MODERATE,9,0,sequential_yolo_pose,SM-S906U1,GPU
2026-04-22 23:20:49.647,105.097,21.232,55.007,0.963,3.541,7.282,11.737,0.043,false,20.340,MODERATE,9,0,sequential_yolo_pose,SM-S906U1,GPU
2026-04-22 23:20:49.774,119.638,30.768,56.770,1.333,4.406,7.703,11.460,0.031,false,20.398,MODERATE,9,0,sequential_yolo_pose,SM-S906U1,GPU
2026-04-22 23:20:49.898,115.688,24.966,54.570,1.016,3.439,10.412,16.943,0.186,false,20.449,MODERATE,9,0,sequential_yolo_pose,SM-S906U1,GPU
2026-04-22 23:20:50.014,111.319,31.909,52.400,0.590,3.573,7.518,11.212,0.040,false,20.371,MODERATE,9,0,sequential_yolo_pose,SM-S906U1,GPU
2026-04-22 23:20:50.133,112.899,26.124,56.010,0.959,4.028,10.456,11.320,0.053,false,20.371,MODERATE,9,0,sequential_yolo_pose,SM-S906U1,GPU
2026-04-22 23:20:50.245,105.743,29.350,52.318,0.642,2.655,6.195,10.206,0.033,false,20.305,MODERATE,9,0,sequential_yolo_pose,SM-S906U1,GPU
2026-04-22 23:20:50.368,117.896,28.468,57.147,1.206,5.065,11.381,10.467,0.052,false,20.402,MODERATE,8,0,sequential_yolo_pose,SM-S906U1,GPU
2026-04-22 23:20:50.480,108.208,26.797,52.810,0.570,3.061,7.020,13.908,0.047,false,20.465,MODERATE,8,0,sequential_yolo_pose,SM-S906U1,GPU
2026-04-22 23:20:50.594,108.628,26.361,53.980,0.826,2.586,8.870,11.997,0.034,false,20.371,MODERATE,8,0,sequential_yolo_pose,SM-S906U1,GPU
2026-04-22 23:20:50.705,107.094,26.365,54.924,0.884,2.997,7.152,10.630,0.041,false,20.402,MODERATE,8,0,sequential_yolo_pose,SM-S906U1,GPU
2026-04-22 23:20:50.823,111.926,28.197,53.234,0.555,1.951,8.066,14.953,0.045,false,20.367,MODERATE,8,0,sequential_yolo_pose,SM-S906U1,GPU
2026-04-22 23:20:50.934,105.927,26.468,52.219,0.928,2.447,8.971,10.487,0.050,false,20.367,MODERATE,8,0,sequential_yolo_pose,SM-S906U1,GPU
2026-04-22 23:20:51.053,112.804,27.275,54.508,0.964,2.245,7.859,14.237,0.034,false,20.336,MODERATE,8,0,sequential_yolo_pose,SM-S906U1,GPU
2026-04-22 23:20:51.172,114.905,29.998,54.221,1.246,3.365,9.215,11.801,0.083,false,20.367,MODERATE,8,0,sequential_yolo_pose,SM-S906U1,GPU
2026-04-22 23:20:51.304,121.519,28.802,54.306,1.163,3.613,16.812,12.522,0.049,false,20.430,MODERATE,8,0,sequential_yolo_pose,SM-S906U1,GPU
2026-04-22 23:20:51.416,107.539,22.233,54.959,1.187,2.519,9.066,11.676,0.033,false,20.434,MODERATE,9,0,sequential_yolo_pose,SM-S906U1,GPU
2026-04-22 23:20:51.535,114.632,26.967,52.167,0.907,2.850,14.248,13.395,0.062,false,20.402,MODERATE,9,0,sequential_yolo_pose,SM-S906U1,GPU
2026-04-22 23:20:51.625,85.535,27.014,53.750,0.911,0.000,0.000,0.000,0.000,true,16.977,MODERATE,9,0,sequential_yolo_pose,SM-S906U1,GPU
2026-04-22 23:20:51.735,102.982,37.504,57.240,0.928,0.000,0.000,0.000,0.000,true,30.590,MODERATE,9,0,sequential_yolo_pose,SM-S906U1,GPU
2026-04-22 23:20:51.843,102.266,37.970,58.052,0.887,0.000,0.000,0.000,0.000,true,13.906,MODERATE,9,0,sequential_yolo_pose,SM-S906U1,GPU
2026-04-22 23:20:51.946,92.163,28.061,57.481,0.879,0.000,0.000,0.000,0.000,true,17.000,MODERATE,9,0,sequential_yolo_pose,SM-S906U1,GPU
2026-04-22 23:20:52.044,90.903,27.145,58.283,0.884,0.000,0.000,0.000,0.000,true,30.582,MODERATE,9,0,sequential_yolo_pose,SM-S906U1,GPU
2026-04-22 23:20:52.145,89.103,29.057,55.045,0.513,0.000,0.000,0.000,0.000,true,18.242,MODERATE,9,0,sequential_yolo_pose,SM-S906U1,GPU
2026-04-22 23:20:52.236,85.484,28.756,52.433,0.568,0.000,0.000,0.000,0.000,true,31.793,MODERATE,9,0,sequential_yolo_pose,SM-S906U1,GPU
2026-04-22 23:20:52.324,84.658,29.123,51.416,0.531,0.000,0.000,0.000,0.000,true,18.238,MODERATE,9,0,sequential_yolo_pose,SM-S906U1,GPU
2026-04-22 23:20:52.417,88.995,30.883,52.767,1.711,0.000,0.000,0.000,0.000,true,31.914,MODERATE,10,0,sequential_yolo_pose,SM-S906U1,GPU
2026-04-22 23:20:52.506,83.830,27.763,52.219,0.433,0.000,0.000,0.000,0.000,true,13.516,MODERATE,10,0,sequential_yolo_pose,SM-S906U1,GPU
2026-04-22 23:20:52.598,87.136,28.409,52.533,0.392,0.000,0.000,0.000,0.000,true,16.969,MODERATE,10,0,sequential_yolo_pose,SM-S906U1,GPU
2026-04-22 23:20:52.722,119.203,28.031,53.926,1.277,3.396,10.577,17.375,0.028,false,33.946,MODERATE,10,0,sequential_yolo_pose,SM-S906U1,GPU
2026-04-22 23:20:52.830,94.021,30.608,51.710,0.854,0.000,0.000,0.000,0.000,true,25.379,MODERATE,10,0,sequential_yolo_pose,SM-S906U1,GPU
2026-04-22 23:20:52.960,124.780,36.711,55.360,1.173,3.543,10.790,10.979,0.044,false,21.641,MODERATE,10,0,sequential_yolo_pose,SM-S906U1,GPU
2026-04-22 23:20:53.073,109.359,23.595,56.195,1.354,3.915,6.907,10.949,0.043,false,38.617,MODERATE,10,0,sequential_yolo_pose,SM-S906U1,GPU
2026-04-22 23:20:53.196,111.046,24.788,57.710,1.237,3.939,9.778,9.426,0.053,false,20.359,MODERATE,10,0,sequential_yolo_pose,SM-S906U1,GPU
2026-04-22 23:20:53.312,110.794,26.754,54.626,1.095,2.588,8.625,12.676,0.047,false,20.371,MODERATE,10,0,sequential_yolo_pose,SM-S906U1,GPU
2026-04-22 23:20:53.425,104.378,23.930,56.209,0.622,1.567,7.234,11.018,0.045,false,20.523,MODERATE,9,0,sequential_yolo_pose,SM-S906U1,GPU
2026-04-22 23:20:53.544,116.185,24.502,53.439,1.532,2.934,17.818,11.845,0.061,false,20.434,MODERATE,9,0,sequential_yolo_pose,SM-S906U1,GPU
2026-04-22 23:20:53.656,106.967,26.861,52.207,0.696,1.632,6.467,12.974,0.019,false,20.367,MODERATE,9,0,sequential_yolo_pose,SM-S906U1,GPU
2026-04-22 23:20:53.758,98.395,20.522,52.356,1.091,2.566,7.328,11.729,0.034,false,20.398,MODERATE,9,0,sequential_yolo_pose,SM-S906U1,GPU
2026-04-22 23:20:53.875,111.953,25.460,55.710,1.453,2.867,9.980,12.355,0.043,false,20.340,MODERATE,9,0,sequential_yolo_pose,SM-S906U1,GPU
2026-04-22 23:20:53.978,95.232,28.440,58.233,1.128,0.000,0.000,0.000,0.000,true,17.004,MODERATE,9,0,sequential_yolo_pose,SM-S906U1,GPU
2026-04-22 23:20:54.125,140.906,32.849,56.801,1.728,5.853,7.236,24.810,0.044,false,11.781,MODERATE,9,0,sequential_yolo_pose,SM-S906U1,GPU
2026-04-22 23:20:54.243,113.532,27.692,56.758,3.355,3.683,5.062,12.672,0.053,false,20.398,MODERATE,9,0,sequential_yolo_pose,SM-S906U1,GPU
2026-04-22 23:20:54.367,116.827,27.031,54.939,1.654,4.734,13.195,11.134,0.048,false,20.398,MODERATE,9,0,sequential_yolo_pose,SM-S906U1,GPU
2026-04-22 23:20:54.496,123.795,30.695,55.242,1.592,4.890,13.959,12.381,0.063,false,20.371,MODERATE,9,0,sequential_yolo_pose,SM-S906U1,GPU
2026-04-22 23:20:54.608,107.484,24.857,53.611,2.250,4.971,6.810,10.865,0.066,false,20.340,MODERATE,9,0,sequential_yolo_pose,SM-S906U1,GPU
2026-04-22 23:20:54.725,112.048,27.844,55.181,0.629,2.245,9.229,12.333,0.034,false,20.340,MODERATE,9,0,sequential_yolo_pose,SM-S906U1,GPU
2026-04-22 23:20:54.839,109.987,29.297,53.256,1.120,4.660,6.738,10.635,0.046,false,20.336,MODERATE,9,0,sequential_yolo_pose,SM-S906U1,GPU
2026-04-22 23:20:54.958,112.459,26.911,55.745,1.068,3.271,9.119,11.594,0.035,false,20.371,MODERATE,9,0,sequential_yolo_pose,SM-S906U1,GPU
2026-04-22 23:20:55.072,109.466,26.325,54.294,1.163,3.900,6.763,11.434,0.049,false,20.340,MODERATE,9,0,sequential_yolo_pose,SM-S906U1,GPU
2026-04-22 23:20:55.198,120.726,31.071,55.099,1.126,4.351,14.182,10.333,0.060,false,20.371,MODERATE,9,0,sequential_yolo_pose,SM-S906U1,GPU
2026-04-22 23:20:55.315,112.087,25.985,56.125,1.091,3.162,7.693,13.961,0.054,false,20.402,MODERATE,9,0,sequential_yolo_pose,SM-S906U1,GPU
2026-04-22 23:20:55.433,110.445,26.449,54.109,0.634,4.564,8.831,11.540,0.045,false,20.461,MODERATE,8,0,sequential_yolo_pose,SM-S906U1,GPU
2026-04-22 23:20:55.547,109.652,27.779,52.867,1.015,2.758,8.554,12.176,0.063,false,20.395,MODERATE,8,0,sequential_yolo_pose,SM-S906U1,GPU
2026-04-22 23:20:55.683,127.905,26.101,63.111,1.408,6.953,7.482,14.099,0.032,false,20.465,MODERATE,8,0,sequential_yolo_pose,SM-S906U1,GPU
2026-04-22 23:20:55.798,109.771,27.501,53.582,1.199,2.613,11.219,9.787,0.044,false,20.305,MODERATE,8,0,sequential_yolo_pose,SM-S906U1,GPU
2026-04-22 23:20:55.913,111.587,27.592,56.004,1.113,2.408,7.942,12.655,0.053,false,20.457,MODERATE,8,0,sequential_yolo_pose,SM-S906U1,GPU
2026-04-22 23:20:56.039,118.320,27.407,54.613,1.493,3.990,15.683,10.555,0.044,false,20.367,MODERATE,8,0,sequential_yolo_pose,SM-S906U1,GPU
2026-04-22 23:20:56.134,90.029,25.228,56.178,0.798,0.000,0.000,0.000,0.000,true,17.008,MODERATE,8,0,sequential_yolo_pose,SM-S906U1,GPU
2026-04-22 23:20:56.237,97.457,31.921,54.794,0.769,0.000,0.000,0.000,0.000,true,30.621,MODERATE,8,0,sequential_yolo_pose,SM-S906U1,GPU
2026-04-22 23:20:56.343,98.846,35.359,53.025,0.913,0.000,0.000,0.000,0.000,true,18.629,MODERATE,8,0,sequential_yolo_pose,SM-S906U1,GPU
2026-04-22 23:20:56.439,89.133,27.604,55.582,0.943,0.000,0.000,0.000,0.000,true,32.305,MODERATE,9,0,sequential_yolo_pose,SM-S906U1,GPU
2026-04-22 23:20:56.547,96.558,37.052,52.441,1.014,0.000,0.000,0.000,0.000,true,18.180,MODERATE,9,0,sequential_yolo_pose,SM-S906U1,GPU
2026-04-22 23:20:56.651,96.040,32.983,53.015,0.999,0.000,0.000,0.000,0.000,true,31.731,MODERATE,9,0,sequential_yolo_pose,SM-S906U1,GPU
2026-04-22 23:20:56.751,93.353,33.130,53.289,0.956,0.000,0.000,0.000,0.000,true,18.254,MODERATE,9,0,sequential_yolo_pose,SM-S906U1,GPU
2026-04-22 23:20:56.846,88.587,29.670,52.217,1.173,0.000,0.000,0.000,0.000,true,31.805,MODERATE,9,0,sequential_yolo_pose,SM-S906U1,GPU
2026-04-22 23:20:56.975,118.913,35.575,52.194,2.336,2.860,9.114,11.674,0.049,false,21.609,MODERATE,9,0,sequential_yolo_pose,SM-S906U1,GPU
2026-04-22 23:20:57.103,117.738,27.515,59.141,1.631,4.343,8.461,11.587,0.029,false,38.648,MODERATE,9,0,sequential_yolo_pose,SM-S906U1,GPU
2026-04-22 23:20:57.228,111.476,26.957,52.997,1.726,3.133,10.710,12.011,0.047,false,20.367,MODERATE,9,0,sequential_yolo_pose,SM-S906U1,GPU
2026-04-22 23:20:57.340,108.160,25.403,53.159,1.247,2.501,9.743,12.021,0.034,false,20.371,MODERATE,9,0,sequential_yolo_pose,SM-S906U1,GPU
2026-04-22 23:20:57.446,99.467,20.706,52.839,1.060,1.620,6.109,13.976,0.066,false,20.492,MODERATE,9,0,sequential_yolo_pose,SM-S906U1,GPU
2026-04-22 23:20:57.564,111.969,26.574,56.891,1.327,3.382,8.856,10.322,0.033,false,20.402,MODERATE,9,0,sequential_yolo_pose,SM-S906U1,GPU
2026-04-22 23:20:57.679,110.474,27.660,54.343,1.344,3.040,7.585,12.154,0.042,false,20.309,MODERATE,9,0,sequential_yolo_pose,SM-S906U1,GPU
2026-04-22 23:20:57.795,108.263,20.721,54.626,0.950,2.536,7.828,18.390,0.044,false,20.465,MODERATE,9,0,sequential_yolo_pose,SM-S906U1,GPU
2026-04-22 23:20:57.908,108.946,29.135,53.215,1.094,2.409,8.361,10.612,0.032,false,20.402,MODERATE,9,0,sequential_yolo_pose,SM-S906U1,GPU
2026-04-22 23:20:58.035,117.345,26.647,57.450,1.349,6.942,8.458,11.321,0.032,false,20.402,MODERATE,9,0,sequential_yolo_pose,SM-S906U1,GPU
2026-04-22 23:20:58.155,114.435,26.955,53.303,1.072,2.779,10.206,13.388,0.047,false,20.371,MODERATE,9,0,sequential_yolo_pose,SM-S906U1,GPU
2026-04-22 23:20:58.269,108.553,27.150,53.108,1.111,3.903,8.859,10.453,0.052,false,20.367,MODERATE,9,0,sequential_yolo_pose,SM-S906U1,GPU
2026-04-22 23:20:58.388,114.705,26.663,55.953,1.009,3.454,8.596,14.137,0.034,false,20.371,MODERATE,9,0,sequential_yolo_pose,SM-S906U1,GPU
2026-04-22 23:20:58.500,106.352,27.574,51.241,1.291,3.233,8.924,10.037,0.031,false,20.309,MODERATE,9,0,sequential_yolo_pose,SM-S906U1,GPU
2026-04-22 23:20:58.610,105.833,29.182,52.321,1.002,2.661,5.445,10.770,0.029,false,20.277,MODERATE,9,0,sequential_yolo_pose,SM-S906U1,GPU
2026-04-22 23:20:58.719,103.389,21.544,54.187,1.062,3.576,8.363,11.219,0.079,false,20.356,MODERATE,9,0,sequential_yolo_pose,SM-S906U1,GPU
2026-04-22 23:20:58.842,115.937,24.282,54.701,1.586,4.584,13.641,12.823,0.033,false,14.563,MODERATE,9,0,sequential_yolo_pose,SM-S906U1,GPU
2026-04-22 23:20:58.974,121.749,29.422,55.776,1.234,4.574,11.842,12.356,0.062,false,21.606,MODERATE,9,0,sequential_yolo_pose,SM-S906U1,GPU
2026-04-22 23:20:59.092,113.048,25.067,53.644,0.967,3.434,6.745,16.516,0.022,false,38.644,MODERATE,9,0,sequential_yolo_pose,SM-S906U1,GPU
2026-04-22 23:20:59.216,113.274,26.493,55.932,0.973,3.306,7.897,12.194,0.143,false,20.309,MODERATE,9,0,sequential_yolo_pose,SM-S906U1,GPU
2026-04-22 23:20:59.342,120.042,32.309,55.922,1.232,4.683,8.265,12.682,0.060,false,20.402,MODERATE,9,0,sequential_yolo_pose,SM-S906U1,GPU
2026-04-22 23:20:59.457,110.507,26.629,57.388,0.490,2.055,5.039,14.782,0.046,false,20.492,MODERATE,8,0,sequential_yolo_pose,SM-S906U1,GPU
2026-04-22 23:20:59.567,105.098,20.753,54.619,1.330,6.092,8.091,11.078,0.050,false,20.340,MODERATE,8,0,sequential_yolo_pose,SM-S906U1,GPU
2026-04-22 23:20:59.684,113.284,26.031,55.727,0.978,2.772,7.939,15.168,0.022,false,20.434,MODERATE,8,0,sequential_yolo_pose,SM-S906U1,GPU
2026-04-22 23:20:59.800,112.052,23.765,55.263,0.974,2.401,12.094,13.577,0.048,false,20.371,MODERATE,8,0,sequential_yolo_pose,SM-S906U1,GPU
2026-04-22 23:20:59.922,117.546,27.475,53.759,0.899,2.207,8.600,19.788,0.045,false,20.465,MODERATE,8,0,sequential_yolo_pose,SM-S906U1,GPU
2026-04-22 23:21:00.041,115.376,27.769,53.025,1.232,2.776,10.196,16.462,0.042,false,20.367,MODERATE,8,0,sequential_yolo_pose,SM-S906U1,GPU
2026-04-22 23:21:00.173,124.788,28.733,56.285,1.310,7.182,15.047,12.026,0.038,false,20.430,MODERATE,8,0,sequential_yolo_pose,SM-S906U1,GPU
2026-04-22 23:21:00.285,108.080,26.678,53.913,1.192,2.526,8.840,10.669,0.074,false,20.371,MODERATE,8,0,sequential_yolo_pose,SM-S906U1,GPU
2026-04-22 23:21:00.400,109.728,27.942,55.283,1.222,3.669,6.376,10.560,0.032,false,20.402,MODERATE,8,0,sequential_yolo_pose,SM-S906U1,GPU
2026-04-22 23:21:00.494,90.498,29.145,56.508,0.713,0.000,0.000,0.000,0.000,true,16.945,MODERATE,9,0,sequential_yolo_pose,SM-S906U1,GPU
2026-04-22 23:21:00.596,96.325,32.550,57.520,0.724,0.000,0.000,0.000,0.000,true,30.590,MODERATE,9,0,sequential_yolo_pose,SM-S906U1,GPU
2026-04-22 23:21:00.696,93.993,34.596,53.472,0.500,0.000,0.000,0.000,0.000,true,13.941,MODERATE,9,0,sequential_yolo_pose,SM-S906U1,GPU
2026-04-22 23:21:00.799,97.939,36.299,56.814,0.693,0.000,0.000,0.000,0.000,true,16.969,MODERATE,9,0,sequential_yolo_pose,SM-S906U1,GPU
2026-04-22 23:21:00.903,95.713,30.504,54.756,0.955,0.000,0.000,0.000,0.000,true,30.582,MODERATE,9,0,sequential_yolo_pose,SM-S906U1,GPU
2026-04-22 23:21:01.008,99.136,39.142,51.974,0.851,0.000,0.000,0.000,0.000,true,18.164,MODERATE,9,0,sequential_yolo_pose,SM-S906U1,GPU
2026-04-22 23:21:01.109,92.531,29.697,53.325,1.046,0.000,0.000,0.000,0.000,true,31.809,MODERATE,9,0,sequential_yolo_pose,SM-S906U1,GPU
2026-04-22 23:21:01.211,87.532,28.690,51.477,0.959,0.000,0.000,0.000,0.000,true,13.488,MODERATE,9,0,sequential_yolo_pose,SM-S906U1,GPU
2026-04-22 23:21:01.339,117.732,32.764,53.796,0.635,2.393,7.793,11.678,0.060,false,20.332,MODERATE,9,0,sequential_yolo_pose,SM-S906U1,GPU
2026-04-22 23:21:01.456,108.438,21.346,57.096,1.137,2.523,8.162,14.977,0.031,false,20.434,MODERATE,9,0,sequential_yolo_pose,SM-S906U1,GPU
2026-04-22 23:21:01.569,109.379,24.471,55.035,1.186,2.482,11.836,10.456,0.045,false,20.309,MODERATE,9,0,sequential_yolo_pose,SM-S906U1,GPU
2026-04-22 23:21:01.696,120.807,32.084,53.610,1.238,2.920,13.001,10.528,0.059,false,20.367,MODERATE,9,0,sequential_yolo_pose,SM-S906U1,GPU
2026-04-22 23:21:01.809,109.311,26.307,54.605,1.138,6.086,5.710,11.288,0.054,false,20.367,MODERATE,9,0,sequential_yolo_pose,SM-S906U1,GPU
2026-04-22 23:21:01.937,121.418,26.342,51.858,0.557,2.983,17.924,11.815,0.047,false,20.430,MODERATE,9,0,sequential_yolo_pose,SM-S906U1,GPU
2026-04-22 23:21:02.061,119.963,30.008,57.836,1.111,3.394,10.720,12.305,0.043,false,20.371,MODERATE,9,0,sequential_yolo_pose,SM-S906U1,GPU
2026-04-22 23:21:02.175,109.667,25.415,54.297,3.332,4.611,6.794,10.599,0.055,false,20.367,MODERATE,9,0,sequential_yolo_pose,SM-S906U1,GPU
2026-04-22 23:21:02.282,96.909,20.741,56.000,0.553,1.316,4.974,10.318,0.060,false,20.309,MODERATE,9,0,sequential_yolo_pose,SM-S906U1,GPU
2026-04-22 23:21:02.399,113.617,28.624,54.447,0.909,2.311,9.629,10.500,0.039,false,20.371,MODERATE,9,0,sequential_yolo_pose,SM-S906U1,GPU
2026-04-22 23:21:02.524,121.351,28.401,55.379,0.938,2.360,7.735,22.487,0.099,false,20.516,MODERATE,9,0,sequential_yolo_pose,SM-S906U1,GPU
2026-04-22 23:21:02.638,109.935,26.217,56.539,1.078,3.009,8.410,10.728,0.049,false,20.340,MODERATE,9,0,sequential_yolo_pose,SM-S906U1,GPU
2026-04-22 23:21:02.754,112.233,27.298,58.202,0.683,2.451,8.691,10.561,0.033,false,20.309,MODERATE,9,0,sequential_yolo_pose,SM-S906U1,GPU
2026-04-22 23:21:02.867,105.529,27.489,54.567,0.895,2.477,5.973,9.912,0.044,false,20.371,MODERATE,9,0,sequential_yolo_pose,SM-S906U1,GPU
2026-04-22 23:21:02.988,116.396,28.042,57.225,1.166,4.594,8.598,12.008,0.085,false,20.434,MODERATE,9,0,sequential_yolo_pose,SM-S906U1,GPU
2026-04-22 23:21:03.107,115.993,26.322,53.968,2.037,12.530,6.629,10.496,0.046,false,20.516,MODERATE,9,0,sequential_yolo_pose,SM-S906U1,GPU
2026-04-22 23:21:03.222,110.527,29.384,54.418,0.636,4.095,7.140,10.484,0.041,false,20.309,MODERATE,9,0,sequential_yolo_pose,SM-S906U1,GPU
2026-04-22 23:21:03.341,115.029,27.087,52.097,1.057,3.601,15.731,11.505,0.049,false,20.496,MODERATE,9,0,sequential_yolo_pose,SM-S906U1,GPU
2026-04-22 23:21:03.458,109.376,29.195,55.053,0.625,2.361,6.931,10.871,0.030,false,20.367,MODERATE,8,0,sequential_yolo_pose,SM-S906U1,GPU
2026-04-22 23:21:03.574,112.532,24.765,56.113,1.337,10.054,5.670,10.575,0.029,false,20.402,MODERATE,8,0,sequential_yolo_pose,SM-S906U1,GPU
2026-04-22 23:21:03.699,120.637,27.131,58.601,1.268,3.800,10.399,15.412,0.051,false,20.371,MODERATE,8,0,sequential_yolo_pose,SM-S906U1,GPU
2026-04-22 23:21:03.822,117.018,29.644,52.224,1.079,3.211,9.225,17.298,0.048,false,20.434,MODERATE,8,0,sequential_yolo_pose,SM-S906U1,GPU
2026-04-22 23:21:03.942,115.435,25.254,54.005,1.061,3.863,14.373,12.751,0.042,false,20.434,MODERATE,8,0,sequential_yolo_pose,SM-S906U1,GPU
2026-04-22 23:21:04.063,115.275,27.002,54.698,1.341,4.384,11.156,12.201,0.036,false,20.371,MODERATE,8,0,sequential_yolo_pose,SM-S906U1,GPU
2026-04-22 23:21:04.172,103.026,27.629,53.185,0.672,1.757,5.772,9.792,0.056,false,20.309,MODERATE,8,0,sequential_yolo_pose,SM-S906U1,GPU
2026-04-22 23:21:04.301,118.431,27.723,57.969,1.116,4.971,11.007,9.906,0.068,false,20.398,MODERATE,8,0,sequential_yolo_pose,SM-S906U1,GPU
2026-04-22 23:21:04.413,108.500,29.082,52.372,0.980,2.250,7.353,12.147,0.049,false,20.371,MODERATE,8,0,sequential_yolo_pose,SM-S906U1,GPU
2026-04-22 23:21:04.533,111.645,27.854,52.625,1.363,2.889,10.854,11.784,0.034,false,20.340,MODERATE,9,0,sequential_yolo_pose,SM-S906U1,GPU
2026-04-22 23:21:04.651,113.009,26.135,51.762,1.428,3.475,10.880,11.181,0.036,false,20.371,MODERATE,9,0,sequential_yolo_pose,SM-S906U1,GPU
2026-04-22 23:21:04.742,85.757,26.666,54.332,0.978,0.000,0.000,0.000,0.000,true,17.004,MODERATE,9,0,sequential_yolo_pose,SM-S906U1,GPU
2026-04-22 23:21:04.842,90.371,27.968,56.136,1.149,0.000,0.000,0.000,0.000,true,30.586,MODERATE,9,0,sequential_yolo_pose,SM-S906U1,GPU
2026-04-22 23:21:04.948,98.822,37.076,52.907,0.903,0.000,0.000,0.000,0.000,true,13.488,MODERATE,9,0,sequential_yolo_pose,SM-S906U1,GPU
2026-04-22 23:21:05.050,88.604,31.261,52.256,0.576,0.000,0.000,0.000,0.000,true,16.969,MODERATE,9,0,sequential_yolo_pose,SM-S906U1,GPU
2026-04-22 23:21:05.154,97.607,37.102,54.579,0.830,0.000,0.000,0.000,0.000,true,30.551,MODERATE,9,0,sequential_yolo_pose,SM-S906U1,GPU
2026-04-22 23:21:05.253,92.732,33.095,52.620,0.773,0.000,0.000,0.000,0.000,true,18.246,MODERATE,9,0,sequential_yolo_pose,SM-S906U1,GPU
2026-04-22 23:21:05.354,95.251,33.346,55.144,1.017,0.000,0.000,0.000,0.000,true,31.860,MODERATE,9,0,sequential_yolo_pose,SM-S906U1,GPU
2026-04-22 23:21:05.454,91.403,29.211,54.567,3.908,0.000,0.000,0.000,0.000,true,18.336,MODERATE,9,0,sequential_yolo_pose,SM-S906U1,GPU
2026-04-22 23:21:05.543,84.563,25.421,53.868,0.989,0.000,0.000,0.000,0.000,true,31.887,MODERATE,9,0,sequential_yolo_pose,SM-S906U1,GPU
2026-04-22 23:21:05.680,123.199,31.460,51.735,0.984,3.910,15.526,14.054,0.033,false,21.606,MODERATE,9,0,sequential_yolo_pose,SM-S906U1,GPU
2026-04-22 23:21:05.791,106.618,23.674,55.137,1.034,2.975,6.164,12.111,0.036,false,38.644,MODERATE,9,0,sequential_yolo_pose,SM-S906U1,GPU
2026-04-22 23:21:05.909,109.022,27.806,53.505,1.039,2.860,8.790,10.950,0.050,false,20.367,MODERATE,9,0,sequential_yolo_pose,SM-S906U1,GPU
2026-04-22 23:21:06.028,112.132,26.174,55.897,1.136,2.914,10.044,10.215,0.063,false,20.434,MODERATE,9,0,sequential_yolo_pose,SM-S906U1,GPU
2026-04-22 23:21:06.138,106.746,27.411,53.931,0.831,1.943,7.449,11.457,0.053,false,20.402,MODERATE,9,0,sequential_yolo_pose,SM-S906U1,GPU
2026-04-22 23:21:06.249,107.919,24.044,53.583,0.815,2.127,7.809,11.735,0.067,false,20.336,MODERATE,9,0,sequential_yolo_pose,SM-S906U1,GPU
2026-04-22 23:21:06.367,111.675,26.666,56.133,2.687,2.952,8.708,10.617,0.044,false,14.500,MODERATE,9,0,sequential_yolo_pose,SM-S906U1,GPU
2026-04-22 23:21:06.480,107.167,29.374,51.975,0.799,2.131,5.779,12.204,0.036,false,21.672,MODERATE,9,0,sequential_yolo_pose,SM-S906U1,GPU
2026-04-22 23:21:06.587,101.515,20.035,54.166,1.468,2.313,9.309,11.112,0.029,false,38.617,MODERATE,9,0,sequential_yolo_pose,SM-S906U1,GPU
2026-04-22 23:21:06.704,108.519,26.891,53.888,1.556,2.965,7.572,11.415,0.048,false,20.367,MODERATE,9,0,sequential_yolo_pose,SM-S906U1,GPU
2026-04-22 23:21:06.834,120.094,26.100,53.601,1.519,3.179,11.089,16.411,0.044,false,20.461,MODERATE,9,0,sequential_yolo_pose,SM-S906U1,GPU
2026-04-22 23:21:06.956,113.860,27.137,53.668,0.896,3.059,11.701,13.397,0.095,false,20.398,MODERATE,9,0,sequential_yolo_pose,SM-S906U1,GPU
2026-04-22 23:21:07.066,104.571,25.540,54.897,0.677,2.423,6.854,10.053,0.056,false,20.371,MODERATE,9,0,sequential_yolo_pose,SM-S906U1,GPU
2026-04-22 23:21:07.186,116.277,29.874,54.469,1.071,3.624,7.600,15.281,0.055,false,20.336,MODERATE,9,0,sequential_yolo_pose,SM-S906U1,GPU
2026-04-22 23:21:07.307,116.827,27.711,54.260,2.816,4.584,10.163,13.016,0.035,false,20.367,MODERATE,9,0,sequential_yolo_pose,SM-S906U1,GPU
2026-04-22 23:21:07.423,108.193,27.345,52.952,0.874,3.103,7.379,11.818,0.047,false,20.398,MODERATE,9,0,sequential_yolo_pose,SM-S906U1,GPU
2026-04-22 23:21:07.536,108.695,28.069,54.807,0.858,2.755,6.592,11.662,0.030,false,20.371,MODERATE,9,0,sequential_yolo_pose,SM-S906U1,GPU
2026-04-22 23:21:07.648,106.795,31.134,52.253,0.585,2.276,4.611,9.803,0.046,false,20.336,MODERATE,9,0,sequential_yolo_pose,SM-S906U1,GPU
2026-04-22 23:21:07.756,103.060,27.395,54.232,0.554,1.954,4.806,9.964,0.039,false,20.367,MODERATE,9,0,sequential_yolo_pose,SM-S906U1,GPU
2026-04-22 23:21:07.859,100.099,28.157,51.787,0.785,1.812,4.801,8.916,0.049,false,20.305,MODERATE,9,0,sequential_yolo_pose,SM-S906U1,GPU
2026-04-22 23:21:07.966,102.614,27.938,54.232,0.566,1.941,4.918,9.369,0.043,false,20.371,MODERATE,9,0,sequential_yolo_pose,SM-S906U1,GPU
2026-04-22 23:21:08.076,106.834,30.241,52.834,0.547,1.835,4.801,11.544,0.050,false,20.430,MODERATE,9,0,sequential_yolo_pose,SM-S906U1,GPU
2026-04-22 23:21:08.191,110.802,27.079,52.716,0.774,2.393,7.116,13.872,0.061,false,20.367,MODERATE,9,0,sequential_yolo_pose,SM-S906U1,GPU
2026-04-22 23:21:08.309,112.230,25.391,55.915,1.199,3.878,9.823,11.832,0.049,false,20.367,MODERATE,9,0,sequential_yolo_pose,SM-S906U1,GPU
2026-04-22 23:21:08.426,107.442,25.523,53.670,1.037,2.789,7.271,12.297,0.047,false,20.371,MODERATE,9,0,sequential_yolo_pose,SM-S906U1,GPU
2026-04-22 23:21:08.547,115.110,30.497,54.616,1.021,2.632,9.054,13.135,0.060,false,20.371,MODERATE,9,0,sequential_yolo_pose,SM-S906U1,GPU
2026-04-22 23:21:08.669,111.287,26.375,53.182,0.967,2.577,12.948,10.993,0.041,false,20.434,MODERATE,9,0,sequential_yolo_pose,SM-S906U1,GPU
2026-04-22 23:21:08.781,107.281,24.606,54.935,1.183,2.891,8.394,11.278,0.034,false,20.434,MODERATE,9,0,sequential_yolo_pose,SM-S906U1,GPU
2026-04-22 23:21:08.914,128.495,25.964,57.997,1.661,5.847,16.349,16.552,0.048,false,20.496,MODERATE,9,0,sequential_yolo_pose,SM-S906U1,GPU
2026-04-22 23:21:09.036,115.310,27.712,55.559,1.342,3.264,12.669,10.094,0.040,false,20.371,MODERATE,9,0,sequential_yolo_pose,SM-S906U1,GPU
2026-04-22 23:21:09.131,90.185,26.630,56.241,0.602,0.000,0.000,0.000,0.000,true,16.977,MODERATE,9,0,sequential_yolo_pose,SM-S906U1,GPU
2026-04-22 23:21:09.260,125.383,33.774,58.314,1.198,2.278,9.758,14.794,0.047,false,33.985,MODERATE,9,0,sequential_yolo_pose,SM-S906U1,GPU
2026-04-22 23:21:09.364,92.757,29.092,58.337,0.871,0.000,0.000,0.000,0.000,true,25.504,MODERATE,9,0,sequential_yolo_pose,SM-S906U1,GPU
2026-04-22 23:21:09.469,98.307,36.231,54.291,0.774,0.000,0.000,0.000,0.000,true,39.055,MODERATE,8,0,sequential_yolo_pose,SM-S906U1,GPU
2026-04-22 23:21:09.598,120.858,22.283,57.465,0.992,3.629,11.658,11.450,0.064,false,16.914,MODERATE,8,0,sequential_yolo_pose,SM-S906U1,GPU
2026-04-22 23:21:09.692,90.126,29.502,54.928,0.858,0.000,0.000,0.000,0.000,true,16.977,MODERATE,8,0,sequential_yolo_pose,SM-S906U1,GPU
2026-04-22 23:21:09.793,95.605,34.144,54.779,0.803,0.000,0.000,0.000,0.000,true,30.590,MODERATE,8,0,sequential_yolo_pose,SM-S906U1,GPU
2026-04-22 23:21:09.903,102.161,39.569,54.969,0.672,0.000,0.000,0.000,0.000,true,18.570,MODERATE,8,0,sequential_yolo_pose,SM-S906U1,GPU
2026-04-22 23:21:10.008,97.758,33.133,54.833,1.080,0.000,0.000,0.000,0.000,true,32.215,MODERATE,8,0,sequential_yolo_pose,SM-S906U1,GPU
2026-04-22 23:21:10.140,118.217,36.168,53.607,1.098,3.182,7.849,10.443,0.035,false,21.512,MODERATE,8,0,sequential_yolo_pose,SM-S906U1,GPU
2026-04-22 23:21:10.273,126.298,28.745,55.216,1.167,2.079,15.362,16.953,0.029,false,38.582,MODERATE,8,0,sequential_yolo_pose,SM-S906U1,GPU
2026-04-22 23:21:10.396,113.270,25.094,52.945,0.843,3.181,11.238,13.638,0.052,false,20.367,MODERATE,8,0,sequential_yolo_pose,SM-S906U1,GPU
2026-04-22 23:21:10.505,105.559,28.185,54.974,0.564,2.485,4.660,10.748,0.024,false,20.496,MODERATE,9,0,sequential_yolo_pose,SM-S906U1,GPU
2026-04-22 23:21:10.608,99.376,20.590,54.732,0.990,2.325,5.687,12.154,0.034,false,20.430,MODERATE,9,0,sequential_yolo_pose,SM-S906U1,GPU
2026-04-22 23:21:10.729,114.193,25.854,54.828,0.738,1.632,9.009,15.900,0.033,false,20.336,MODERATE,9,0,sequential_yolo_pose,SM-S906U1,GPU
2026-04-22 23:21:10.841,107.849,26.939,53.166,1.345,3.050,8.432,10.569,0.034,false,20.371,MODERATE,9,0,sequential_yolo_pose,SM-S906U1,GPU
2026-04-22 23:21:10.967,114.376,24.904,53.815,1.622,2.872,9.748,16.671,0.050,false,20.398,MODERATE,9,0,sequential_yolo_pose,SM-S906U1,GPU
2026-04-22 23:21:11.084,112.518,25.835,53.557,1.457,2.757,9.340,14.631,0.034,false,20.395,MODERATE,9,0,sequential_yolo_pose,SM-S906U1,GPU
2026-04-22 23:21:11.192,103.023,22.175,53.344,1.192,2.459,9.079,11.075,0.054,false,20.359,MODERATE,9,0,sequential_yolo_pose,SM-S906U1,GPU
2026-04-22 23:21:11.309,113.394,28.784,51.777,1.459,4.288,10.537,12.683,0.044,false,20.402,MODERATE,9,0,sequential_yolo_pose,SM-S906U1,GPU
2026-04-22 23:21:11.405,87.485,28.037,54.278,0.790,0.000,0.000,0.000,0.000,true,16.941,MODERATE,9,0,sequential_yolo_pose,SM-S906U1,GPU
2026-04-22 23:21:11.546,134.038,36.678,59.183,1.622,11.485,5.468,12.898,0.035,false,34.106,MODERATE,9,0,sequential_yolo_pose,SM-S906U1,GPU
2026-04-22 23:21:11.667,109.057,23.769,53.073,1.909,5.275,10.856,10.132,0.061,false,20.430,MODERATE,9,0,sequential_yolo_pose,SM-S906U1,GPU
2026-04-22 23:21:11.788,113.552,27.581,53.383,1.107,3.793,8.108,12.337,0.054,false,20.398,MODERATE,9,0,sequential_yolo_pose,SM-S906U1,GPU
2026-04-22 23:21:11.904,112.092,25.437,54.469,1.413,6.910,8.927,10.678,0.032,false,20.402,MODERATE,9,0,sequential_yolo_pose,SM-S906U1,GPU
2026-04-22 23:21:12.024,111.554,25.584,54.068,0.758,3.416,9.205,13.251,0.053,false,20.402,MODERATE,9,0,sequential_yolo_pose,SM-S906U1,GPU
2026-04-22 23:21:12.143,115.238,27.528,55.270,1.002,4.332,11.070,11.554,0.042,false,20.461,MODERATE,9,0,sequential_yolo_pose,SM-S906U1,GPU
2026-04-22 23:21:12.258,111.260,24.939,56.017,0.732,2.659,10.680,11.727,0.052,false,20.402,MODERATE,9,0,sequential_yolo_pose,SM-S906U1,GPU
2026-04-22 23:21:12.376,113.637,25.755,54.570,1.140,4.134,13.038,11.014,0.052,false,20.402,MODERATE,9,0,sequential_yolo_pose,SM-S906U1,GPU
2026-04-22 23:21:12.486,104.312,26.900,54.985,0.611,2.011,5.918,10.080,0.041,false,20.434,MODERATE,8,0,sequential_yolo_pose,SM-S906U1,GPU
2026-04-22 23:21:12.598,108.425,22.847,54.614,0.828,3.086,9.872,14.379,0.062,false,20.402,MODERATE,8,0,sequential_yolo_pose,SM-S906U1,GPU
2026-04-22 23:21:12.710,108.159,29.598,54.234,0.608,2.758,5.350,10.407,0.021,false,20.340,MODERATE,8,0,sequential_yolo_pose,SM-S906U1,GPU
2026-04-22 23:21:12.812,98.811,21.377,53.075,0.807,2.296,7.378,10.689,0.057,false,20.277,MODERATE,8,0,sequential_yolo_pose,SM-S906U1,GPU
2026-04-22 23:21:12.921,101.447,21.312,56.179,0.642,1.445,6.171,12.862,0.019,false,20.402,MODERATE,8,0,sequential_yolo_pose,SM-S906U1,GPU
2026-04-22 23:21:13.038,114.477,28.349,55.064,1.285,2.941,12.712,11.418,0.054,false,20.481,MODERATE,8,0,sequential_yolo_pose,SM-S906U1,GPU
2026-04-22 23:21:13.154,112.145,26.175,58.879,0.734,1.443,7.184,11.953,0.050,false,20.379,MODERATE,8,0,sequential_yolo_pose,SM-S906U1,GPU
2026-04-22 23:21:13.265,108.419,23.843,56.647,1.125,2.547,8.593,11.731,0.042,false,20.371,MODERATE,8,0,sequential_yolo_pose,SM-S906U1,GPU
2026-04-22 23:21:13.377,107.139,26.557,55.165,1.481,2.720,5.113,10.450,0.041,false,20.309,MODERATE,8,0,sequential_yolo_pose,SM-S906U1,GPU
2026-04-22 23:21:13.467,86.999,25.069,57.126,1.092,0.000,0.000,0.000,0.000,true,16.977,MODERATE,9,0,sequential_yolo_pose,SM-S906U1,GPU
2026-04-22 23:21:13.574,101.033,30.959,57.904,1.101,0.000,0.000,0.000,0.000,true,30.621,MODERATE,9,0,sequential_yolo_pose,SM-S906U1,GPU
2026-04-22 23:21:13.678,93.089,34.023,53.432,0.856,0.000,0.000,0.000,0.000,true,18.629,MODERATE,9,0,sequential_yolo_pose,SM-S906U1,GPU
2026-04-22 23:21:13.807,119.653,30.064,54.290,1.062,3.587,9.976,11.502,0.043,false,35.574,MODERATE,9,0,sequential_yolo_pose,SM-S906U1,GPU
2026-04-22 23:21:13.936,123.707,33.666,52.854,1.007,4.131,15.779,11.835,0.054,false,22.086,MODERATE,9,0,sequential_yolo_pose,SM-S906U1,GPU
2026-04-22 23:21:14.051,110.065,25.286,54.834,0.846,2.807,7.664,12.552,0.047,false,38.969,MODERATE,9,0,sequential_yolo_pose,SM-S906U1,GPU
2026-04-22 23:21:14.149,94.183,32.897,56.850,1.172,0.000,0.000,0.000,0.000,true,26.426,MODERATE,9,0,sequential_yolo_pose,SM-S906U1,GPU
2026-04-22 23:21:14.250,91.077,29.500,55.738,1.088,0.000,0.000,0.000,0.000,true,40.016,MODERATE,9,0,sequential_yolo_pose,SM-S906U1,GPU
2026-04-22 23:21:14.353,95.654,32.999,55.430,0.594,0.000,0.000,0.000,0.000,true,16.973,MODERATE,9,0,sequential_yolo_pose,SM-S906U1,GPU
2026-04-22 23:21:14.467,109.402,24.591,55.177,1.230,2.398,10.195,11.971,0.032,false,33.918,MODERATE,9,0,sequential_yolo_pose,SM-S906U1,GPU
2026-04-22 23:21:14.586,114.836,28.860,51.637,1.641,2.906,8.959,13.698,0.066,false,28.836,MODERATE,10,0,sequential_yolo_pose,SM-S906U1,GPU
2026-04-22 23:21:14.705,112.950,27.403,54.420,1.407,2.987,10.827,11.603,0.051,false,20.402,MODERATE,10,0,sequential_yolo_pose,SM-S906U1,GPU
2026-04-22 23:21:14.823,113.866,24.071,54.646,0.895,1.989,8.809,14.749,0.039,false,20.402,MODERATE,10,0,sequential_yolo_pose,SM-S906U1,GPU
2026-04-22 23:21:14.937,109.510,26.751,53.858,1.464,2.541,8.778,11.493,0.033,false,20.461,MODERATE,10,0,sequential_yolo_pose,SM-S906U1,GPU
2026-04-22 23:21:15.057,115.555,28.538,54.416,1.060,2.754,9.019,14.163,0.086,false,20.402,MODERATE,10,0,sequential_yolo_pose,SM-S906U1,GPU
2026-04-22 23:21:15.176,114.281,29.688,54.564,1.267,2.696,8.969,12.424,0.040,false,20.367,MODERATE,10,0,sequential_yolo_pose,SM-S906U1,GPU
2026-04-22 23:21:15.302,119.356,25.306,54.548,1.171,2.647,17.554,11.631,0.044,false,20.465,MODERATE,10,0,sequential_yolo_pose,SM-S906U1,GPU
2026-04-22 23:21:15.418,111.918,27.604,54.030,1.161,2.501,10.056,11.009,0.039,false,20.371,MODERATE,10,0,sequential_yolo_pose,SM-S906U1,GPU
2026-04-22 23:21:15.530,105.650,26.415,52.946,0.638,2.551,9.397,9.879,0.034,false,20.586,MODERATE,8,0,sequential_yolo_pose,SM-S906U1,GPU
2026-04-22 23:21:15.650,115.781,26.839,55.877,1.231,2.983,9.829,14.737,0.033,false,20.402,MODERATE,8,0,sequential_yolo_pose,SM-S906U1,GPU
2026-04-22 23:21:15.742,84.801,24.020,56.151,0.680,0.000,0.000,0.000,0.000,true,11.141,MODERATE,8,0,sequential_yolo_pose,SM-S906U1,GPU
2026-04-22 23:21:15.873,115.370,27.901,56.224,1.799,4.540,7.580,11.719,0.038,false,20.426,MODERATE,8,0,sequential_yolo_pose,SM-S906U1,GPU
2026-04-22 23:21:15.990,110.909,26.076,56.558,0.692,3.433,9.443,10.143,0.046,false,20.398,MODERATE,8,0,sequential_yolo_pose,SM-S906U1,GPU
2026-04-22 23:21:16.112,118.451,29.467,52.687,1.695,12.302,6.307,11.884,0.063,false,20.398,MODERATE,8,0,sequential_yolo_pose,SM-S906U1,GPU
2026-04-22 23:21:16.231,112.862,25.675,56.796,0.872,3.948,8.856,11.604,0.058,false,20.371,MODERATE,8,0,sequential_yolo_pose,SM-S906U1,GPU
2026-04-22 23:21:16.346,110.711,29.429,54.607,0.593,2.318,5.082,14.726,0.030,false,20.402,MODERATE,8,0,sequential_yolo_pose,SM-S906U1,GPU
2026-04-22 23:21:16.465,113.874,27.030,55.619,1.088,3.798,7.798,13.319,0.030,false,20.402,MODERATE,8,0,sequential_yolo_pose,SM-S906U1,GPU
2026-04-22 23:21:16.584,115.347,28.397,53.838,1.084,3.395,9.041,14.709,0.057,false,20.402,MODERATE,9,0,sequential_yolo_pose,SM-S906U1,GPU
2026-04-22 23:21:16.702,111.384,21.096,57.007,1.270,3.966,14.349,10.482,0.054,false,20.453,MODERATE,9,0,sequential_yolo_pose,SM-S906U1,GPU
2026-04-22 23:21:16.814,106.850,25.885,55.098,0.680,2.226,6.107,11.968,0.068,false,20.371,MODERATE,9,0,sequential_yolo_pose,SM-S906U1,GPU
2026-04-22 23:21:16.931,108.430,24.540,55.902,1.064,3.546,9.433,9.922,0.037,false,20.371,MODERATE,9,0,sequential_yolo_pose,SM-S906U1,GPU
2026-04-22 23:21:17.048,113.292,29.715,54.804,1.197,2.787,7.919,12.465,0.037,false,20.402,MODERATE,9,0,sequential_yolo_pose,SM-S906U1,GPU
2026-04-22 23:21:17.170,117.119,26.250,55.801,1.462,3.674,13.598,11.628,0.035,false,20.398,MODERATE,9,0,sequential_yolo_pose,SM-S906U1,GPU
2026-04-22 23:21:17.287,113.039,28.785,52.495,1.566,3.118,9.048,13.581,0.050,false,20.398,MODERATE,9,0,sequential_yolo_pose,SM-S906U1,GPU
2026-04-22 23:21:17.404,112.695,26.745,53.523,1.538,4.362,10.577,11.981,0.046,false,20.465,MODERATE,9,0,sequential_yolo_pose,SM-S906U1,GPU
2026-04-22 23:21:17.521,110.223,29.364,53.128,0.765,1.596,5.639,14.861,0.045,false,20.340,MODERATE,8,0,sequential_yolo_pose,SM-S906U1,GPU
2026-04-22 23:21:17.639,114.791,25.436,53.364,1.725,3.312,14.634,12.272,0.061,false,14.566,MODERATE,8,0,sequential_yolo_pose,SM-S906U1,GPU
2026-04-22 23:21:17.761,117.544,27.822,55.180,1.713,3.808,8.870,14.350,0.056,false,21.606,MODERATE,8,0,sequential_yolo_pose,SM-S906U1,GPU
2026-04-22 23:21:17.850,84.611,24.982,53.886,1.925,0.000,0.000,0.000,0.000,true,35.188,MODERATE,8,0,sequential_yolo_pose,SM-S906U1,GPU
2026-04-22 23:21:17.947,89.957,28.310,56.315,1.085,0.000,0.000,0.000,0.000,true,13.945,MODERATE,8,0,sequential_yolo_pose,SM-S906U1,GPU
2026-04-22 23:21:18.053,95.182,32.643,55.662,0.733,0.000,0.000,0.000,0.000,true,17.000,MODERATE,8,0,sequential_yolo_pose,SM-S906U1,GPU
2026-04-22 23:21:18.149,90.820,29.395,54.155,1.220,0.000,0.000,0.000,0.000,true,30.582,MODERATE,8,0,sequential_yolo_pose,SM-S906U1,GPU
2026-04-22 23:21:18.274,117.843,29.943,53.975,1.442,3.733,10.544,11.547,0.060,false,21.563,MODERATE,8,0,sequential_yolo_pose,SM-S906U1,GPU
2026-04-22 23:21:18.403,123.958,27.809,60.177,1.406,3.791,9.295,10.553,0.033,false,38.727,MODERATE,8,0,sequential_yolo_pose,SM-S906U1,GPU
2026-04-22 23:21:18.500,87.494,26.579,55.117,1.155,0.000,0.000,0.000,0.000,true,16.973,MODERATE,9,0,sequential_yolo_pose,SM-S906U1,GPU
2026-04-22 23:21:18.601,92.407,29.204,56.903,0.873,0.000,0.000,0.000,0.000,true,30.719,MODERATE,9,0,sequential_yolo_pose,SM-S906U1,GPU
2026-04-22 23:21:18.702,95.905,36.959,52.982,0.660,0.000,0.000,0.000,0.000,true,18.664,MODERATE,9,0,sequential_yolo_pose,SM-S906U1,GPU
2026-04-22 23:21:18.831,118.462,31.316,53.503,1.559,3.582,9.108,12.042,0.043,false,35.547,MODERATE,9,0,sequential_yolo_pose,SM-S906U1,GPU
2026-04-22 23:21:18.960,123.742,33.715,54.758,1.437,2.574,8.920,17.671,0.047,false,22.090,MODERATE,9,0,sequential_yolo_pose,SM-S906U1,GPU
2026-04-22 23:21:19.075,110.379,24.031,54.820,1.740,2.864,10.494,12.427,0.051,false,38.973,MODERATE,9,0,sequential_yolo_pose,SM-S906U1,GPU
2026-04-22 23:21:19.204,118.253,30.338,53.649,1.147,2.935,9.922,11.412,0.036,false,28.894,MODERATE,9,0,sequential_yolo_pose,SM-S906U1,GPU
2026-04-22 23:21:19.330,110.725,26.911,54.110,1.202,2.691,10.526,10.851,0.034,false,20.395,MODERATE,9,0,sequential_yolo_pose,SM-S906U1,GPU
2026-04-22 23:21:19.442,107.604,27.263,55.162,0.946,2.179,6.458,10.853,0.050,false,20.371,MODERATE,9,0,sequential_yolo_pose,SM-S906U1,GPU
2026-04-22 23:21:19.561,112.540,28.596,53.327,0.669,1.463,8.713,15.792,0.022,false,20.523,MODERATE,9,0,sequential_yolo_pose,SM-S906U1,GPU
2026-04-22 23:21:19.677,112.101,27.062,55.429,1.272,6.591,7.039,10.565,0.045,false,20.371,MODERATE,9,0,sequential_yolo_pose,SM-S906U1,GPU
2026-04-22 23:21:19.773,85.223,27.967,52.843,0.445,0.000,0.000,0.000,0.000,true,16.973,MODERATE,9,0,sequential_yolo_pose,SM-S906U1,GPU
2026-04-22 23:21:19.881,101.178,37.840,56.574,0.573,0.000,0.000,0.000,0.000,true,30.586,MODERATE,9,0,sequential_yolo_pose,SM-S906U1,GPU
2026-04-22 23:21:19.983,94.093,29.667,54.937,1.596,0.000,0.000,0.000,0.000,true,13.492,MODERATE,9,0,sequential_yolo_pose,SM-S906U1,GPU
2026-04-22 23:21:20.087,95.406,35.272,53.984,0.391,0.000,0.000,0.000,0.000,true,16.969,MODERATE,9,0,sequential_yolo_pose,SM-S906U1,GPU
2026-04-22 23:21:20.207,116.492,29.180,53.965,0.771,2.122,11.296,14.763,0.036,false,33.946,MODERATE,9,0,sequential_yolo_pose,SM-S906U1,GPU
2026-04-22 23:21:20.328,111.618,26.852,52.734,0.873,1.649,12.606,12.862,0.036,false,28.774,MODERATE,9,0,sequential_yolo_pose,SM-S906U1,GPU
2026-04-22 23:21:20.438,107.332,22.601,54.462,1.200,2.302,11.413,11.391,0.062,false,28.750,MODERATE,9,0,sequential_yolo_pose,SM-S906U1,GPU
2026-04-22 23:21:20.556,113.583,26.929,54.889,0.744,1.685,10.700,10.900,0.047,false,20.527,MODERATE,9,0,sequential_yolo_pose,SM-S906U1,GPU
2026-04-22 23:21:20.670,109.031,26.994,55.547,1.596,3.265,7.090,10.584,0.040,false,20.398,MODERATE,9,0,sequential_yolo_pose,SM-S906U1,GPU
2026-04-22 23:21:20.791,115.267,26.076,55.773,0.743,1.561,7.945,17.218,0.032,false,20.402,MODERATE,9,0,sequential_yolo_pose,SM-S906U1,GPU
2026-04-22 23:21:20.912,116.662,27.506,55.314,1.330,2.505,9.761,16.130,0.040,false,20.461,MODERATE,9,0,sequential_yolo_pose,SM-S906U1,GPU
2026-04-22 23:21:21.020,103.205,24.183,54.243,0.671,1.515,6.153,12.103,0.027,false,20.371,MODERATE,9,0,sequential_yolo_pose,SM-S906U1,GPU
2026-04-22 23:21:21.136,111.728,28.076,53.510,1.260,5.869,7.406,11.224,0.036,false,20.426,MODERATE,9,0,sequential_yolo_pose,SM-S906U1,GPU
2026-04-22 23:21:21.245,104.676,24.674,53.649,1.008,2.025,6.376,12.798,0.048,false,20.340,MODERATE,9,0,sequential_yolo_pose,SM-S906U1,GPU
2026-04-22 23:21:21.361,108.150,22.410,57.727,0.909,2.393,10.276,11.138,0.050,false,20.309,MODERATE,9,0,sequential_yolo_pose,SM-S906U1,GPU
2026-04-22 23:21:21.469,103.872,22.596,55.971,0.621,1.514,6.495,12.534,0.037,false,20.426,MODERATE,9,0,sequential_yolo_pose,SM-S906U1,GPU
2026-04-22 23:21:21.575,100.603,22.837,57.387,0.581,1.184,4.897,10.201,0.034,false,20.465,MODERATE,9,0,sequential_yolo_pose,SM-S906U1,GPU
2026-04-22 23:21:21.692,111.787,24.257,60.022,0.780,1.584,9.102,12.148,0.024,false,20.457,MODERATE,9,0,sequential_yolo_pose,SM-S906U1,GPU
2026-04-22 23:21:21.805,109.507,22.781,64.464,0.678,2.092,4.898,11.337,0.044,false,20.461,MODERATE,9,0,sequential_yolo_pose,SM-S906U1,GPU
2026-04-22 23:21:21.913,104.449,26.259,52.976,0.697,1.646,6.147,12.942,0.044,false,20.340,MODERATE,9,0,sequential_yolo_pose,SM-S906U1,GPU
2026-04-22 23:21:22.024,104.751,23.020,55.657,0.667,1.753,7.731,11.851,0.039,false,20.371,MODERATE,9,0,sequential_yolo_pose,SM-S906U1,GPU
2026-04-22 23:21:22.129,101.351,23.827,53.276,0.938,2.881,6.204,10.868,0.032,false,20.398,MODERATE,9,0,sequential_yolo_pose,SM-S906U1,GPU
2026-04-22 23:21:22.246,113.402,29.475,59.072,0.677,1.623,6.412,11.853,0.053,false,20.340,MODERATE,9,0,sequential_yolo_pose,SM-S906U1,GPU
2026-04-22 23:21:22.351,99.338,18.356,57.950,0.849,1.646,6.105,11.032,0.051,false,20.395,MODERATE,9,0,sequential_yolo_pose,SM-S906U1,GPU
2026-04-22 23:21:22.447,87.838,23.774,60.134,0.669,0.000,0.000,0.000,0.000,true,17.004,MODERATE,9,0,sequential_yolo_pose,SM-S906U1,GPU
2026-04-22 23:21:22.549,82.937,26.951,52.036,0.473,0.000,0.000,0.000,0.000,true,30.711,MODERATE,9,0,sequential_yolo_pose,SM-S906U1,GPU
2026-04-22 23:21:22.635,82.379,24.738,54.066,0.532,0.000,0.000,0.000,0.000,true,18.695,MODERATE,9,0,sequential_yolo_pose,SM-S906U1,GPU
2026-04-22 23:21:22.723,84.682,25.443,54.231,0.669,0.000,0.000,0.000,0.000,true,32.246,MODERATE,9,0,sequential_yolo_pose,SM-S906U1,GPU
2026-04-22 23:21:22.814,86.524,28.315,53.662,0.594,0.000,0.000,0.000,0.000,true,18.195,MODERATE,9,0,sequential_yolo_pose,SM-S906U1,GPU
2026-04-22 23:21:22.924,105.047,28.853,53.350,0.658,1.786,6.213,9.780,0.034,false,35.141,MODERATE,9,0,sequential_yolo_pose,SM-S906U1,GPU
2026-04-22 23:21:23.008,80.903,23.679,53.474,0.620,0.000,0.000,0.000,0.000,true,18.609,MODERATE,9,0,sequential_yolo_pose,SM-S906U1,GPU
2026-04-22 23:21:23.104,85.554,24.891,55.561,0.672,0.000,0.000,0.000,0.000,true,32.223,MODERATE,9,0,sequential_yolo_pose,SM-S906U1,GPU
2026-04-22 23:21:23.204,94.895,34.688,55.018,0.694,0.000,0.000,0.000,0.000,true,18.148,MODERATE,9,0,sequential_yolo_pose,SM-S906U1,GPU
2026-04-22 23:21:23.300,88.627,29.094,53.249,0.860,0.000,0.000,0.000,0.000,true,31.762,MODERATE,9,0,sequential_yolo_pose,SM-S906U1,GPU
2026-04-22 23:21:23.395,89.392,29.439,52.657,0.578,0.000,0.000,0.000,0.000,true,18.238,MODERATE,9,0,sequential_yolo_pose,SM-S906U1,GPU
2026-04-22 23:21:23.487,86.523,27.032,54.364,0.707,0.000,0.000,0.000,0.000,true,31.789,MODERATE,9,0,sequential_yolo_pose,SM-S906U1,GPU
2026-04-22 23:21:23.609,115.868,29.026,55.641,1.381,5.743,7.198,12.280,0.042,false,21.758,MODERATE,11,0,sequential_yolo_pose,SM-S906U1,GPU
2026-04-22 23:21:23.724,108.451,26.004,54.126,0.931,1.990,10.613,9.845,0.029,false,38.703,MODERATE,11,0,sequential_yolo_pose,SM-S906U1,GPU
2026-04-22 23:21:23.838,105.566,27.232,52.592,1.090,2.394,6.784,11.584,0.047,false,20.367,MODERATE,11,0,sequential_yolo_pose,SM-S906U1,GPU
2026-04-22 23:21:23.952,109.338,25.872,55.089,0.778,2.149,7.613,11.743,0.083,false,20.340,MODERATE,11,0,sequential_yolo_pose,SM-S906U1,GPU
2026-04-22 23:21:24.068,110.564,26.465,54.689,1.385,2.857,8.396,11.698,0.041,false,20.371,MODERATE,11,0,sequential_yolo_pose,SM-S906U1,GPU
2026-04-22 23:21:24.188,116.227,30.760,54.701,1.052,2.824,9.442,13.249,0.044,false,20.340,MODERATE,11,0,sequential_yolo_pose,SM-S906U1,GPU
2026-04-22 23:21:24.303,111.540,21.761,55.042,1.271,2.783,14.036,12.627,0.045,false,20.434,MODERATE,11,0,sequential_yolo_pose,SM-S906U1,GPU
2026-04-22 23:21:24.415,106.793,26.217,54.491,0.605,1.782,6.115,13.020,0.061,false,20.434,MODERATE,11,0,sequential_yolo_pose,SM-S906U1,GPU
2026-04-22 23:21:24.529,108.154,25.328,53.892,1.150,2.876,9.773,11.250,0.048,false,20.402,MODERATE,11,0,sequential_yolo_pose,SM-S906U1,GPU
2026-04-22 23:21:24.639,105.666,24.344,54.143,0.909,2.802,6.085,11.640,0.033,false,20.402,MODERATE,9,0,sequential_yolo_pose,SM-S906U1,GPU
2026-04-22 23:21:24.747,103.958,26.239,53.254,0.575,1.238,5.351,13.351,0.032,false,20.371,MODERATE,9,0,sequential_yolo_pose,SM-S906U1,GPU
2026-04-22 23:21:24.863,110.301,25.234,53.793,1.107,2.157,9.669,12.603,0.035,false,20.371,MODERATE,9,0,sequential_yolo_pose,SM-S906U1,GPU
2026-04-22 23:21:24.976,108.949,26.387,52.551,1.257,2.769,9.009,12.730,0.039,false,20.340,MODERATE,9,0,sequential_yolo_pose,SM-S906U1,GPU
2026-04-22 23:21:25.090,107.358,27.325,52.279,0.632,2.001,9.514,11.153,0.028,false,20.367,MODERATE,9,0,sequential_yolo_pose,SM-S906U1,GPU
2026-04-22 23:21:25.205,111.675,28.522,54.314,1.307,5.918,6.203,10.469,0.038,false,20.336,MODERATE,9,0,sequential_yolo_pose,SM-S906U1,GPU
2026-04-22 23:21:25.321,109.578,21.723,57.443,0.736,1.922,8.929,14.947,0.030,false,20.402,MODERATE,9,0,sequential_yolo_pose,SM-S906U1,GPU
2026-04-22 23:21:25.438,113.668,28.082,54.118,1.225,2.795,12.548,10.793,0.057,false,20.402,MODERATE,9,0,sequential_yolo_pose,SM-S906U1,GPU
2026-04-22 23:21:25.549,107.121,25.922,54.405,0.674,2.316,5.731,11.294,0.530,false,20.434,MODERATE,9,0,sequential_yolo_pose,SM-S906U1,GPU
2026-04-22 23:21:25.674,118.917,25.211,54.670,1.282,4.262,17.169,12.030,0.084,false,20.402,MODERATE,8,0,sequential_yolo_pose,SM-S906U1,GPU
2026-04-22 23:21:25.798,118.457,25.933,53.911,1.075,2.327,10.173,16.741,0.066,false,20.398,MODERATE,8,0,sequential_yolo_pose,SM-S906U1,GPU
2026-04-22 23:21:25.905,102.431,26.269,54.585,0.611,1.322,4.880,9.888,0.034,false,20.359,MODERATE,8,0,sequential_yolo_pose,SM-S906U1,GPU
2026-04-22 23:21:26.022,109.964,23.548,56.295,0.703,1.523,7.139,16.372,0.031,false,20.402,MODERATE,8,0,sequential_yolo_pose,SM-S906U1,GPU
2026-04-22 23:21:26.137,111.564,27.561,53.312,0.727,1.599,11.620,12.953,0.031,false,20.402,MODERATE,8,0,sequential_yolo_pose,SM-S906U1,GPU
2026-04-22 23:21:26.251,110.166,28.074,55.966,0.854,2.122,7.416,11.106,0.044,false,20.371,MODERATE,8,0,sequential_yolo_pose,SM-S906U1,GPU
2026-04-22 23:21:26.375,117.992,26.184,55.459,1.349,2.775,14.388,13.872,0.032,false,20.484,MODERATE,8,0,sequential_yolo_pose,SM-S906U1,GPU
2026-04-22 23:21:26.507,121.658,27.165,55.318,1.417,6.075,15.789,11.579,0.034,false,20.398,MODERATE,8,0,sequential_yolo_pose,SM-S906U1,GPU
2026-04-22 23:21:26.612,97.827,21.614,53.234,0.650,1.421,5.241,12.787,0.057,false,20.469,MODERATE,9,0,sequential_yolo_pose,SM-S906U1,GPU
2026-04-22 23:21:26.721,103.056,20.840,57.134,0.598,1.544,7.725,12.272,0.045,false,20.340,MODERATE,9,0,sequential_yolo_pose,SM-S906U1,GPU
2026-04-22 23:21:26.833,106.847,24.411,57.802,0.726,3.388,5.120,11.455,0.043,false,20.434,MODERATE,9,0,sequential_yolo_pose,SM-S906U1,GPU
2026-04-22 23:21:26.945,107.799,28.074,52.510,0.928,2.072,8.714,11.329,0.050,false,20.309,MODERATE,9,0,sequential_yolo_pose,SM-S906U1,GPU
2026-04-22 23:21:27.074,125.198,29.268,56.812,1.298,2.730,14.636,11.008,0.053,false,20.430,MODERATE,9,0,sequential_yolo_pose,SM-S906U1,GPU
2026-04-22 23:21:27.190,108.403,23.812,55.016,1.076,2.347,10.477,11.617,0.060,false,20.371,MODERATE,9,0,sequential_yolo_pose,SM-S906U1,GPU
2026-04-22 23:21:27.310,115.779,28.341,53.662,1.449,9.177,8.456,10.693,0.034,false,20.434,MODERATE,9,0,sequential_yolo_pose,SM-S906U1,GPU
2026-04-22 23:21:27.402,86.768,25.718,56.274,0.796,0.000,0.000,0.000,0.000,true,16.977,MODERATE,9,0,sequential_yolo_pose,SM-S906U1,GPU
2026-04-22 23:21:27.510,102.264,36.556,57.235,1.038,0.000,0.000,0.000,0.000,true,30.559,MODERATE,9,0,sequential_yolo_pose,SM-S906U1,GPU
2026-04-22 23:21:27.607,88.674,28.751,54.837,0.621,0.000,0.000,0.000,0.000,true,18.723,MODERATE,9,0,sequential_yolo_pose,SM-S906U1,GPU
2026-04-22 23:21:27.707,92.170,30.402,54.726,1.095,0.000,0.000,0.000,0.000,true,32.274,MODERATE,9,0,sequential_yolo_pose,SM-S906U1,GPU
2026-04-22 23:21:27.812,96.339,32.987,52.968,0.677,0.000,0.000,0.000,0.000,true,18.180,MODERATE,9,0,sequential_yolo_pose,SM-S906U1,GPU
2026-04-22 23:21:27.906,87.148,26.870,55.169,1.222,0.000,0.000,0.000,0.000,true,31.762,MODERATE,9,0,sequential_yolo_pose,SM-S906U1,GPU
2026-04-22 23:21:28.031,116.450,30.136,55.119,1.051,2.920,8.505,11.204,0.044,false,16.910,MODERATE,9,0,sequential_yolo_pose,SM-S906U1,GPU
2026-04-22 23:21:28.118,82.742,22.659,55.200,0.839,0.000,0.000,0.000,0.000,true,17.008,MODERATE,9,0,sequential_yolo_pose,SM-S906U1,GPU
2026-04-22 23:21:28.221,95.558,31.931,56.848,0.688,0.000,0.000,0.000,0.000,true,30.590,MODERATE,9,0,sequential_yolo_pose,SM-S906U1,GPU
2026-04-22 23:21:28.320,93.246,34.618,52.890,0.928,0.000,0.000,0.000,0.000,true,17.129,MODERATE,9,0,sequential_yolo_pose,SM-S906U1,GPU
2026-04-22 23:21:28.451,123.684,35.939,54.600,1.039,1.930,8.530,15.815,0.037,false,34.012,MODERATE,9,0,sequential_yolo_pose,SM-S906U1,GPU
2026-04-22 23:21:28.581,116.870,28.948,52.486,1.069,3.675,8.438,17.857,0.047,false,20.430,MODERATE,9,0,sequential_yolo_pose,SM-S906U1,GPU
2026-04-22 23:21:28.699,112.078,27.722,54.723,1.112,4.495,10.059,9.962,0.045,false,20.461,MODERATE,9,0,sequential_yolo_pose,SM-S906U1,GPU
2026-04-22 23:21:28.813,110.279,27.406,55.143,1.012,2.409,8.865,10.995,0.066,false,20.340,MODERATE,9,0,sequential_yolo_pose,SM-S906U1,GPU
2026-04-22 23:21:28.939,114.118,28.958,54.134,1.217,2.829,10.638,10.654,0.043,false,20.367,MODERATE,9,0,sequential_yolo_pose,SM-S906U1,GPU
2026-04-22 23:21:29.046,101.359,23.414,53.210,0.537,1.661,6.362,11.505,0.046,false,20.395,MODERATE,9,0,sequential_yolo_pose,SM-S906U1,GPU
2026-04-22 23:21:29.171,119.092,26.970,58.529,1.150,4.293,11.856,12.334,0.060,false,20.402,MODERATE,9,0,sequential_yolo_pose,SM-S906U1,GPU
2026-04-22 23:21:29.300,120.658,27.497,52.665,1.069,2.073,14.329,12.066,0.038,false,20.367,MODERATE,9,0,sequential_yolo_pose,SM-S906U1,GPU
2026-04-22 23:21:29.422,118.551,31.786,55.888,0.782,1.788,6.793,17.484,0.045,false,20.402,MODERATE,9,0,sequential_yolo_pose,SM-S906U1,GPU
2026-04-22 23:21:29.533,106.768,25.500,54.097,1.117,2.319,8.031,11.457,0.047,false,20.367,MODERATE,9,0,sequential_yolo_pose,SM-S906U1,GPU
2026-04-22 23:21:29.634,97.060,22.757,53.043,0.520,1.239,4.615,10.602,0.043,false,20.496,MODERATE,9,0,sequential_yolo_pose,SM-S906U1,GPU
2026-04-22 23:21:29.753,114.940,30.160,54.671,0.719,2.122,9.173,14.078,0.047,false,20.371,MODERATE,9,0,sequential_yolo_pose,SM-S906U1,GPU
2026-04-22 23:21:29.870,112.605,28.994,51.798,1.309,2.715,12.423,11.421,0.035,false,20.367,MODERATE,9,0,sequential_yolo_pose,SM-S906U1,GPU
2026-04-22 23:21:29.982,106.625,25.528,53.865,0.910,2.232,8.555,10.731,0.059,false,20.336,MODERATE,9,0,sequential_yolo_pose,SM-S906U1,GPU
2026-04-22 23:21:30.105,118.400,31.244,54.142,1.178,2.587,12.723,11.614,0.052,false,20.430,MODERATE,9,0,sequential_yolo_pose,SM-S906U1,GPU
2026-04-22 23:21:30.220,111.633,28.202,53.909,1.177,2.406,8.999,12.477,0.044,false,20.340,MODERATE,9,0,sequential_yolo_pose,SM-S906U1,GPU
2026-04-22 23:21:30.337,110.973,27.065,59.612,0.921,2.079,6.071,11.157,0.044,false,20.430,MODERATE,9,0,sequential_yolo_pose,SM-S906U1,GPU
2026-04-22 23:21:30.462,119.555,31.862,54.786,1.363,2.734,10.554,12.712,0.053,false,20.371,MODERATE,9,0,sequential_yolo_pose,SM-S906U1,GPU
2026-04-22 23:21:30.573,105.447,26.403,54.689,1.021,1.619,6.213,11.592,0.034,false,20.402,MODERATE,9,0,sequential_yolo_pose,SM-S906U1,GPU
2026-04-22 23:21:30.693,115.309,26.631,55.795,0.839,1.999,8.252,14.822,0.038,false,20.371,MODERATE,9,0,sequential_yolo_pose,SM-S906U1,GPU
2026-04-22 23:21:30.807,108.352,28.171,52.190,1.414,3.008,7.032,11.996,0.048,false,20.402,MODERATE,9,0,sequential_yolo_pose,SM-S906U1,GPU
2026-04-22 23:21:30.925,112.997,26.777,54.248,1.223,2.393,8.993,11.616,0.051,false,20.367,MODERATE,9,0,sequential_yolo_pose,SM-S906U1,GPU
2026-04-22 23:21:31.047,115.344,29.201,54.087,1.516,2.780,9.898,13.220,0.079,false,20.367,MODERATE,9,0,sequential_yolo_pose,SM-S906U1,GPU
2026-04-22 23:21:31.163,109.007,25.668,53.403,1.495,2.647,10.864,10.743,0.052,false,20.402,MODERATE,9,0,sequential_yolo_pose,SM-S906U1,GPU
2026-04-22 23:21:31.280,111.211,27.804,54.391,0.946,2.827,8.489,12.557,0.071,false,20.371,MODERATE,9,0,sequential_yolo_pose,SM-S906U1,GPU
2026-04-22 23:21:31.405,113.906,23.131,53.443,1.207,3.025,16.917,12.067,0.049,false,20.371,MODERATE,9,0,sequential_yolo_pose,SM-S906U1,GPU
2026-04-22 23:21:31.522,108.857,25.370,52.504,1.014,2.207,8.090,15.225,0.035,false,20.340,MODERATE,9,0,sequential_yolo_pose,SM-S906U1,GPU
2026-04-22 23:21:31.637,110.560,25.382,55.125,1.070,2.849,10.977,11.309,0.047,false,20.465,MODERATE,8,0,sequential_yolo_pose,SM-S906U1,GPU
2026-04-22 23:21:31.763,121.752,32.958,55.309,0.877,2.416,9.398,12.838,0.055,false,20.371,MODERATE,8,0,sequential_yolo_pose,SM-S906U1,GPU
2026-04-22 23:21:31.874,106.749,28.450,55.800,0.896,1.457,5.045,10.854,0.040,false,20.402,MODERATE,8,0,sequential_yolo_pose,SM-S906U1,GPU
2026-04-22 23:21:31.977,98.851,24.036,54.135,0.586,1.336,4.954,9.865,0.060,false,20.309,MODERATE,8,0,sequential_yolo_pose,SM-S906U1,GPU
2026-04-22 23:21:32.099,116.157,26.776,54.328,0.971,2.637,12.719,12.989,0.044,false,20.398,MODERATE,8,0,sequential_yolo_pose,SM-S906U1,GPU
2026-04-22 23:21:32.223,117.903,29.025,58.818,0.901,1.745,7.661,13.675,0.684,false,20.371,MODERATE,8,0,sequential_yolo_pose,SM-S906U1,GPU
2026-04-22 23:21:32.343,115.592,25.297,56.515,1.076,2.963,13.336,12.153,0.041,false,20.340,MODERATE,8,0,sequential_yolo_pose,SM-S906U1,GPU
2026-04-22 23:21:32.436,88.510,26.214,56.064,0.504,0.000,0.000,0.000,0.000,true,16.941,MODERATE,8,0,sequential_yolo_pose,SM-S906U1,GPU
2026-04-22 23:21:32.537,92.385,30.307,52.677,0.386,0.000,0.000,0.000,0.000,true,30.586,MODERATE,8,0,sequential_yolo_pose,SM-S906U1,GPU
2026-04-22 23:21:32.638,95.865,36.656,54.177,0.229,0.000,0.000,0.000,0.000,true,18.680,MODERATE,9,0,sequential_yolo_pose,SM-S906U1,GPU
2026-04-22 23:21:32.736,92.594,29.627,56.827,0.273,0.000,0.000,0.000,0.000,true,32.262,MODERATE,9,0,sequential_yolo_pose,SM-S906U1,GPU
2026-04-22 23:21:32.839,98.018,38.028,53.406,0.413,0.000,0.000,0.000,0.000,true,18.332,MODERATE,9,0,sequential_yolo_pose,SM-S906U1,GPU
2026-04-22 23:21:32.946,99.604,21.582,52.638,0.548,0.000,0.000,0.000,0.000,true,31.852,MODERATE,9,90,sequential_yolo_pose,SM-S906U1,GPU
2026-04-22 23:21:33.058,101.904,23.363,53.454,0.649,0.000,0.000,0.000,0.000,true,13.488,MODERATE,9,90,sequential_yolo_pose,SM-S906U1,GPU
2026-04-22 23:21:33.209,143.459,25.920,53.800,0.636,10.953,7.125,11.892,0.051,false,20.395,MODERATE,9,90,sequential_yolo_pose,SM-S906U1,GPU
2026-04-22 23:21:33.313,96.542,24.208,54.521,0.178,0.000,0.000,0.000,0.000,true,17.008,MODERATE,9,180,sequential_yolo_pose,SM-S906U1,GPU
2026-04-22 23:21:33.413,95.603,25.666,54.622,0.188,0.000,0.000,0.000,0.000,true,30.716,MODERATE,9,180,sequential_yolo_pose,SM-S906U1,GPU
2026-04-22 23:21:33.523,105.830,19.278,55.551,0.216,0.831,3.201,18.092,0.023,false,21.742,MODERATE,9,180,sequential_yolo_pose,SM-S906U1,GPU
2026-04-22 23:21:33.652,124.885,25.954,58.904,0.422,0.979,3.966,16.200,0.031,false,38.751,MODERATE,9,180,sequential_yolo_pose,SM-S906U1,GPU
2026-04-22 23:21:33.769,111.986,26.517,54.360,0.362,1.020,4.003,9.724,0.037,false,20.340,MODERATE,9,180,sequential_yolo_pose,SM-S906U1,GPU
2026-04-22 23:21:33.883,109.885,17.483,56.635,0.428,1.718,3.889,12.666,0.050,false,20.407,MODERATE,9,180,sequential_yolo_pose,SM-S906U1,GPU
2026-04-22 23:21:33.976,88.798,21.238,55.760,0.294,0.000,0.000,0.000,0.000,true,17.067,MODERATE,9,180,sequential_yolo_pose,SM-S906U1,GPU
2026-04-22 23:21:34.089,108.623,18.661,56.539,0.323,0.957,4.410,12.955,0.032,false,33.950,MODERATE,9,180,sequential_yolo_pose,SM-S906U1,GPU
2026-04-22 23:21:34.201,105.364,17.568,57.680,0.388,1.155,3.808,9.466,0.062,false,20.371,MODERATE,9,180,sequential_yolo_pose,SM-S906U1,GPU
2026-04-22 23:21:34.315,108.408,19.847,54.701,0.419,1.066,4.264,11.996,0.043,false,20.375,MODERATE,9,180,sequential_yolo_pose,SM-S906U1,GPU
2026-04-22 23:21:34.404,84.958,20.409,52.351,0.234,0.000,0.000,0.000,0.000,true,16.977,MODERATE,9,180,sequential_yolo_pose,SM-S906U1,GPU
2026-04-22 23:21:34.498,89.356,20.809,55.375,0.190,0.000,0.000,0.000,0.000,true,30.559,MODERATE,9,180,sequential_yolo_pose,SM-S906U1,GPU
2026-04-22 23:21:34.585,83.892,17.928,51.926,0.179,0.000,0.000,0.000,0.000,true,13.492,MODERATE,9,180,sequential_yolo_pose,SM-S906U1,GPU
2026-04-22 23:21:34.690,99.851,19.259,52.218,0.471,1.468,4.370,9.209,0.037,false,20.403,MODERATE,10,180,sequential_yolo_pose,SM-S906U1,GPU
2026-04-22 23:21:34.797,103.163,21.296,53.566,0.439,1.179,4.034,10.261,0.043,false,20.375,MODERATE,10,180,sequential_yolo_pose,SM-S906U1,GPU
2026-04-22 23:21:34.900,98.430,17.163,51.845,0.461,1.288,3.998,9.284,0.038,false,20.313,MODERATE,10,180,sequential_yolo_pose,SM-S906U1,GPU
2026-04-22 23:21:35.007,102.551,20.559,52.426,0.438,1.221,3.884,9.963,0.038,false,20.344,MODERATE,10,180,sequential_yolo_pose,SM-S906U1,GPU
2026-04-22 23:21:35.115,101.574,21.489,50.625,0.491,1.191,4.162,9.448,0.037,false,20.403,MODERATE,10,180,sequential_yolo_pose,SM-S906U1,GPU
2026-04-22 23:21:35.218,98.671,20.831,50.842,0.464,1.058,3.998,9.215,0.029,false,20.309,MODERATE,10,180,sequential_yolo_pose,SM-S906U1,GPU
2026-04-22 23:21:35.320,98.428,17.208,51.441,0.699,1.312,6.397,9.748,0.035,false,20.309,MODERATE,10,180,sequential_yolo_pose,SM-S906U1,GPU
2026-04-22 23:21:35.444,119.809,25.337,55.298,1.250,2.700,7.395,12.382,0.144,false,20.375,MODERATE,10,180,sequential_yolo_pose,SM-S906U1,GPU
2026-04-22 23:21:35.571,120.384,25.581,52.372,0.853,2.008,10.707,11.049,0.060,false,20.371,MODERATE,10,180,sequential_yolo_pose,SM-S906U1,GPU
2026-04-22 23:21:35.706,128.805,23.680,56.379,2.913,2.237,12.053,10.874,0.052,false,20.344,MODERATE,9,180,sequential_yolo_pose,SM-S906U1,GPU
2026-04-22 23:21:35.833,118.153,21.098,56.493,1.169,2.605,10.079,10.866,0.032,false,20.375,MODERATE,9,180,sequential_yolo_pose,SM-S906U1,GPU
2026-04-22 23:21:35.953,112.519,20.715,51.714,0.656,1.435,5.703,14.055,0.035,false,20.375,MODERATE,9,180,sequential_yolo_pose,SM-S906U1,GPU
2026-04-22 23:21:36.076,116.207,24.421,52.907,1.050,2.529,9.298,10.581,0.034,false,20.313,MODERATE,9,180,sequential_yolo_pose,SM-S906U1,GPU
2026-04-22 23:21:36.198,111.204,20.833,55.724,0.627,1.600,10.818,11.380,0.044,false,20.371,MODERATE,9,180,sequential_yolo_pose,SM-S906U1,GPU
2026-04-22 23:21:36.333,127.637,26.049,53.452,1.054,2.748,10.738,11.113,0.048,false,20.340,MODERATE,9,180,sequential_yolo_pose,SM-S906U1,GPU
2026-04-22 23:21:36.450,112.438,20.250,51.284,0.773,1.978,7.255,14.696,0.056,false,20.375,MODERATE,9,180,sequential_yolo_pose,SM-S906U1,GPU
2026-04-22 23:21:36.572,116.245,23.944,52.857,1.147,2.598,8.866,10.298,0.044,false,20.371,MODERATE,9,180,sequential_yolo_pose,SM-S906U1,GPU
2026-04-22 23:21:36.691,113.976,22.248,54.196,0.589,1.366,5.086,14.574,0.036,false,20.532,MODERATE,8,180,sequential_yolo_pose,SM-S906U1,GPU
2026-04-22 23:21:36.812,116.013,19.654,53.381,1.325,2.845,11.868,15.363,0.078,false,20.375,MODERATE,8,180,sequential_yolo_pose,SM-S906U1,GPU
2026-04-22 23:21:36.936,112.811,20.033,52.484,1.226,2.638,10.482,11.517,0.047,false,20.340,MODERATE,8,180,sequential_yolo_pose,SM-S906U1,GPU
2026-04-22 23:21:37.050,107.867,19.929,51.463,0.889,1.899,7.555,11.355,0.064,false,20.344,MODERATE,8,180,sequential_yolo_pose,SM-S906U1,GPU
2026-04-22 23:21:37.171,115.672,21.691,53.224,1.056,2.535,9.051,12.003,0.042,false,20.375,MODERATE,8,180,sequential_yolo_pose,SM-S906U1,GPU
2026-04-22 23:21:37.275,96.319,22.938,52.434,0.515,0.000,0.000,0.000,0.000,true,17.012,MODERATE,8,180,sequential_yolo_pose,SM-S906U1,GPU
2026-04-22 23:21:37.375,96.217,22.937,56.843,0.591,0.000,0.000,0.000,0.000,true,30.594,MODERATE,8,180,sequential_yolo_pose,SM-S906U1,GPU
2026-04-22 23:21:37.487,104.804,30.532,52.794,1.030,0.000,0.000,0.000,0.000,true,18.184,MODERATE,8,180,sequential_yolo_pose,SM-S906U1,GPU
2026-04-22 23:21:37.598,101.579,20.906,53.370,0.908,0.000,0.000,0.000,0.000,true,31.797,MODERATE,8,180,sequential_yolo_pose,SM-S906U1,GPU
2026-04-22 23:21:37.708,103.177,22.991,53.571,1.044,0.000,0.000,0.000,0.000,true,13.492,MODERATE,9,180,sequential_yolo_pose,SM-S906U1,GPU
2026-04-22 23:21:37.847,130.673,27.822,53.682,1.063,2.799,9.328,13.046,0.071,false,20.367,MODERATE,9,180,sequential_yolo_pose,SM-S906U1,GPU
2026-04-22 23:21:37.971,117.442,22.765,54.640,0.961,2.055,10.012,10.257,0.034,false,20.407,MODERATE,9,180,sequential_yolo_pose,SM-S906U1,GPU
2026-04-22 23:21:38.065,88.273,20.010,54.550,0.990,0.000,0.000,0.000,0.000,true,16.949,MODERATE,9,180,sequential_yolo_pose,SM-S906U1,GPU
2026-04-22 23:21:38.207,133.647,23.320,51.948,1.013,2.653,10.948,12.356,0.031,false,34.051,MODERATE,9,180,sequential_yolo_pose,SM-S906U1,GPU
2026-04-22 23:21:38.337,115.898,21.762,53.241,1.048,2.489,9.385,11.741,0.065,false,20.340,MODERATE,9,180,sequential_yolo_pose,SM-S906U1,GPU
2026-04-22 23:21:38.462,118.723,21.078,52.215,1.280,2.855,11.081,13.682,0.033,false,20.403,MODERATE,9,180,sequential_yolo_pose,SM-S906U1,GPU
2026-04-22 23:21:38.581,114.914,21.161,55.934,0.898,1.994,6.897,12.666,0.056,false,20.313,MODERATE,9,180,sequential_yolo_pose,SM-S906U1,GPU
2026-04-22 23:21:38.695,108.303,23.029,51.834,0.481,1.454,4.906,9.552,0.052,false,20.438,MODERATE,8,180,sequential_yolo_pose,SM-S906U1,GPU
2026-04-22 23:21:38.822,122.213,22.837,52.767,0.530,1.670,7.196,14.225,0.058,false,20.375,MODERATE,8,180,sequential_yolo_pose,SM-S906U1,GPU
2026-04-22 23:21:38.949,121.538,24.651,53.637,1.270,2.667,8.625,13.767,0.031,false,20.340,MODERATE,8,180,sequential_yolo_pose,SM-S906U1,GPU
2026-04-22 23:21:39.067,111.558,19.766,54.887,0.988,2.450,9.654,9.948,0.047,false,20.371,MODERATE,8,180,sequential_yolo_pose,SM-S906U1,GPU
2026-04-22 23:21:39.205,129.586,23.983,55.866,1.060,2.657,10.313,11.301,0.046,false,20.375,MODERATE,8,180,sequential_yolo_pose,SM-S906U1,GPU
2026-04-22 23:21:39.338,124.603,21.903,52.419,1.082,4.048,13.077,13.658,0.056,false,20.371,MODERATE,8,180,sequential_yolo_pose,SM-S906U1,GPU
2026-04-22 23:21:39.453,111.212,21.686,51.803,0.596,1.390,5.287,13.478,0.049,false,20.344,MODERATE,8,180,sequential_yolo_pose,SM-S906U1,GPU
2026-04-22 23:21:39.573,115.223,20.467,52.207,1.118,2.801,10.472,11.684,0.047,false,20.371,MODERATE,8,180,sequential_yolo_pose,SM-S906U1,GPU
2026-04-22 23:21:39.681,102.622,19.946,53.220,0.474,2.188,5.234,11.009,0.044,false,20.469,MODERATE,8,180,sequential_yolo_pose,SM-S906U1,GPU
2026-04-22 23:21:39.805,119.649,21.522,53.709,1.011,3.057,11.992,13.203,0.056,false,20.438,MODERATE,8,180,sequential_yolo_pose,SM-S906U1,GPU
2026-04-22 23:21:39.927,116.808,21.588,53.778,0.580,2.337,10.317,11.074,0.047,false,20.375,MODERATE,8,180,sequential_yolo_pose,SM-S906U1,GPU
2026-04-22 23:21:40.057,125.116,23.724,51.888,1.089,2.332,7.183,22.909,0.039,false,20.469,MODERATE,8,180,sequential_yolo_pose,SM-S906U1,GPU
2026-04-22 23:21:40.178,115.872,25.537,50.507,1.295,2.740,5.875,12.923,0.108,false,20.375,MODERATE,8,180,sequential_yolo_pose,SM-S906U1,GPU
2026-04-22 23:21:40.302,118.059,23.100,52.061,1.385,2.788,9.667,10.537,0.054,false,20.309,MODERATE,8,180,sequential_yolo_pose,SM-S906U1,GPU
2026-04-22 23:21:40.419,109.880,21.008,53.122,0.618,1.439,4.865,10.510,0.033,false,20.313,MODERATE,8,180,sequential_yolo_pose,SM-S906U1,GPU
2026-04-22 23:21:40.534,111.723,20.349,55.037,1.080,2.080,11.309,11.062,0.032,false,20.407,MODERATE,8,180,sequential_yolo_pose,SM-S906U1,GPU
2026-04-22 23:21:40.647,107.461,20.555,53.245,0.541,1.435,4.918,12.427,0.031,false,20.469,MODERATE,8,180,sequential_yolo_pose,SM-S906U1,GPU
2026-04-22 23:21:40.766,113.780,22.773,51.926,0.939,3.066,9.344,10.695,0.046,false,20.407,MODERATE,8,180,sequential_yolo_pose,SM-S906U1,GPU
2026-04-22 23:21:40.881,110.811,20.742,54.556,0.584,1.593,6.009,10.382,0.055,false,20.313,MODERATE,8,180,sequential_yolo_pose,SM-S906U1,GPU
2026-04-22 23:21:41.004,114.030,23.297,53.173,1.137,2.794,7.771,9.901,0.075,false,20.344,MODERATE,8,180,sequential_yolo_pose,SM-S906U1,GPU
2026-04-22 23:21:41.143,130.036,23.667,53.660,1.092,2.825,15.354,13.368,0.050,false,20.434,MODERATE,8,180,sequential_yolo_pose,SM-S906U1,GPU
2026-04-22 23:21:41.269,117.019,23.852,52.913,0.723,1.926,7.296,10.197,0.047,false,20.282,MODERATE,8,180,sequential_yolo_pose,SM-S906U1,GPU
2026-04-22 23:21:41.411,136.719,25.509,52.045,0.998,8.693,13.311,11.969,0.176,false,20.465,MODERATE,8,180,sequential_yolo_pose,SM-S906U1,GPU
2026-04-22 23:21:41.529,113.010,20.092,52.886,0.614,1.865,11.559,12.026,0.034,false,20.375,MODERATE,8,180,sequential_yolo_pose,SM-S906U1,GPU
2026-04-22 23:21:41.649,115.957,24.925,52.568,0.881,1.360,5.096,15.334,0.036,false,20.375,MODERATE,8,180,sequential_yolo_pose,SM-S906U1,GPU
2026-04-22 23:21:41.765,110.948,20.243,51.641,1.392,2.742,9.209,11.975,0.033,false,20.375,MODERATE,8,180,sequential_yolo_pose,SM-S906U1,GPU
2026-04-22 23:21:41.893,120.589,23.954,53.081,0.954,2.279,9.700,12.786,0.051,false,20.313,MODERATE,8,180,sequential_yolo_pose,SM-S906U1,GPU
2026-04-22 23:21:42.008,108.845,21.624,51.333,0.573,1.371,4.799,10.595,0.100,false,20.313,MODERATE,8,180,sequential_yolo_pose,SM-S906U1,GPU
2026-04-22 23:21:42.126,112.657,21.186,52.275,0.747,1.714,7.133,11.601,0.042,false,20.371,MODERATE,8,180,sequential_yolo_pose,SM-S906U1,GPU
2026-04-22 23:21:42.225,94.263,22.297,53.984,0.778,0.000,0.000,0.000,0.000,true,16.918,MODERATE,8,180,sequential_yolo_pose,SM-S906U1,GPU
2026-04-22 23:21:42.333,101.702,25.478,53.139,0.910,0.000,0.000,0.000,0.000,true,30.625,MODERATE,8,180,sequential_yolo_pose,SM-S906U1,GPU
2026-04-22 23:21:42.450,110.234,31.453,53.190,1.177,0.000,0.000,0.000,0.000,true,18.574,MODERATE,8,180,sequential_yolo_pose,SM-S906U1,GPU
2026-04-22 23:21:42.555,97.088,23.095,53.248,1.079,0.000,0.000,0.000,0.000,true,32.157,MODERATE,8,180,sequential_yolo_pose,SM-S906U1,GPU
2026-04-22 23:21:42.656,92.728,22.014,53.686,0.870,0.000,0.000,0.000,0.000,true,18.215,MODERATE,9,180,sequential_yolo_pose,SM-S906U1,GPU
2026-04-22 23:21:42.751,90.901,20.676,53.709,1.362,0.000,0.000,0.000,0.000,true,31.797,MODERATE,9,180,sequential_yolo_pose,SM-S906U1,GPU
2026-04-22 23:21:42.858,98.680,26.422,54.272,0.645,0.000,0.000,0.000,0.000,true,13.496,MODERATE,9,180,sequential_yolo_pose,SM-S906U1,GPU
2026-04-22 23:21:42.967,103.985,25.960,55.238,0.548,0.000,0.000,0.000,0.000,true,16.973,MODERATE,9,180,sequential_yolo_pose,SM-S906U1,GPU
2026-04-22 23:21:43.069,93.999,21.956,54.961,0.744,0.000,0.000,0.000,0.000,true,30.555,MODERATE,9,180,sequential_yolo_pose,SM-S906U1,GPU
2026-04-22 23:21:43.229,153.400,32.482,50.743,1.064,2.403,9.462,24.427,0.055,false,21.969,MODERATE,9,180,sequential_yolo_pose,SM-S906U1,GPU
2026-04-22 23:21:43.348,114.292,21.152,51.969,1.139,2.537,6.852,12.233,0.038,false,38.945,MODERATE,9,180,sequential_yolo_pose,SM-S906U1,GPU
2026-04-22 23:21:43.477,121.832,25.892,51.933,1.156,2.454,11.056,12.751,0.034,false,20.465,MODERATE,9,180,sequential_yolo_pose,SM-S906U1,GPU
2026-04-22 23:21:43.607,125.325,27.553,52.124,1.199,4.758,9.633,11.229,0.054,false,20.375,MODERATE,9,180,sequential_yolo_pose,SM-S906U1,GPU
2026-04-22 23:21:43.731,119.778,26.157,54.931,0.661,1.733,5.762,11.015,0.040,false,20.473,MODERATE,9,180,sequential_yolo_pose,SM-S906U1,GPU
2026-04-22 23:21:43.863,127.378,25.265,52.962,0.872,2.154,15.249,12.698,0.060,false,20.375,MODERATE,9,180,sequential_yolo_pose,SM-S906U1,GPU
2026-04-22 23:21:44.001,133.378,21.150,55.069,0.563,1.346,11.218,21.946,0.048,false,20.500,MODERATE,9,180,sequential_yolo_pose,SM-S906U1,GPU
2026-04-22 23:21:44.122,116.995,20.169,52.960,0.808,2.658,10.828,11.734,0.051,false,20.407,MODERATE,9,180,sequential_yolo_pose,SM-S906U1,GPU
2026-04-22 23:21:44.241,111.964,22.215,54.493,1.075,1.876,4.902,11.153,0.043,false,20.313,MODERATE,9,180,sequential_yolo_pose,SM-S906U1,GPU
2026-04-22 23:21:44.367,117.789,21.056,57.484,1.034,2.787,9.615,12.317,0.046,false,20.375,MODERATE,9,180,sequential_yolo_pose,SM-S906U1,GPU
2026-04-22 23:21:44.498,125.884,21.055,55.639,1.112,2.269,10.504,16.524,0.057,false,20.371,MODERATE,9,180,sequential_yolo_pose,SM-S906U1,GPU
2026-04-22 23:21:44.625,121.420,20.426,53.567,1.064,2.369,8.848,19.009,0.036,false,20.407,MODERATE,9,180,sequential_yolo_pose,SM-S906U1,GPU
2026-04-22 23:21:44.746,116.487,20.961,56.337,1.088,2.203,7.734,11.215,0.039,false,20.430,MODERATE,8,180,sequential_yolo_pose,SM-S906U1,GPU
2026-04-22 23:21:44.865,110.569,20.896,57.070,0.826,1.845,7.310,12.057,0.035,false,20.375,MODERATE,8,180,sequential_yolo_pose,SM-S906U1,GPU
2026-04-22 23:21:45.005,134.574,24.320,54.388,1.351,3.354,17.964,12.603,0.040,false,20.403,MODERATE,8,180,sequential_yolo_pose,SM-S906U1,GPU
2026-04-22 23:21:45.113,101.550,22.143,50.262,0.632,1.488,4.835,11.160,0.033,false,20.344,MODERATE,8,180,sequential_yolo_pose,SM-S906U1,GPU
2026-04-22 23:21:45.250,130.982,22.297,52.669,1.264,2.843,15.089,20.472,0.032,false,20.532,MODERATE,8,180,sequential_yolo_pose,SM-S906U1,GPU
2026-04-22 23:21:45.375,119.703,25.780,52.692,1.415,2.854,8.974,12.086,0.059,false,20.407,MODERATE,8,180,sequential_yolo_pose,SM-S906U1,GPU
2026-04-22 23:21:45.501,119.328,25.207,53.706,0.952,2.167,8.600,11.322,0.054,false,20.344,MODERATE,8,180,sequential_yolo_pose,SM-S906U1,GPU
2026-04-22 23:21:45.618,112.071,21.180,50.384,0.491,1.366,6.951,12.561,0.066,false,20.344,MODERATE,8,180,sequential_yolo_pose,SM-S906U1,GPU
2026-04-22 23:21:45.731,107.524,22.114,51.269,0.748,1.324,5.314,10.178,0.033,false,20.500,MODERATE,8,180,sequential_yolo_pose,SM-S906U1,GPU
2026-04-22 23:21:45.852,116.048,25.954,54.019,0.758,1.679,6.109,11.597,0.085,false,20.344,MODERATE,8,180,sequential_yolo_pose,SM-S906U1,GPU
2026-04-22 23:21:45.968,110.896,21.573,51.675,0.974,1.619,5.661,11.402,0.049,false,20.344,MODERATE,8,180,sequential_yolo_pose,SM-S906U1,GPU
2026-04-22 23:21:46.089,115.630,21.056,54.943,0.789,2.072,8.725,11.022,0.050,false,20.371,MODERATE,8,180,sequential_yolo_pose,SM-S906U1,GPU
2026-04-22 23:21:46.211,115.955,24.290,53.090,0.979,2.280,7.297,11.812,0.056,false,20.375,MODERATE,8,180,sequential_yolo_pose,SM-S906U1,GPU
2026-04-22 23:21:46.333,109.052,20.948,52.500,1.105,2.309,9.505,11.009,0.072,false,20.340,MODERATE,8,180,sequential_yolo_pose,SM-S906U1,GPU
2026-04-22 23:21:46.466,127.596,24.192,51.811,1.213,2.928,14.966,10.243,0.048,false,20.438,MODERATE,8,180,sequential_yolo_pose,SM-S906U1,GPU
2026-04-22 23:21:46.606,134.353,24.419,53.163,1.244,2.713,10.563,21.933,0.049,false,20.407,MODERATE,8,180,sequential_yolo_pose,SM-S906U1,GPU
2026-04-22 23:21:46.730,118.918,24.704,53.806,0.618,1.610,5.768,12.792,0.052,false,20.563,MODERATE,8,180,sequential_yolo_pose,SM-S906U1,GPU
2026-04-22 23:21:46.856,120.923,20.599,52.531,0.821,1.839,7.046,13.369,0.047,false,20.375,MODERATE,8,180,sequential_yolo_pose,SM-S906U1,GPU
2026-04-22 23:21:46.974,113.071,20.620,52.031,0.847,1.786,6.519,10.615,0.128,false,20.375,MODERATE,8,180,sequential_yolo_pose,SM-S906U1,GPU
2026-04-22 23:21:47.102,115.787,20.465,54.188,1.323,2.854,13.918,12.623,0.032,false,20.375,MODERATE,8,180,sequential_yolo_pose,SM-S906U1,GPU
2026-04-22 23:21:47.197,89.640,20.056,51.803,0.478,0.000,0.000,0.000,0.000,true,16.981,MODERATE,8,180,sequential_yolo_pose,SM-S906U1,GPU
2026-04-22 23:21:47.309,106.626,25.310,55.244,1.171,0.000,0.000,0.000,0.000,true,30.594,MODERATE,8,180,sequential_yolo_pose,SM-S906U1,GPU
2026-04-22 23:21:47.425,96.525,24.443,53.176,0.634,0.000,0.000,0.000,0.000,true,13.914,MODERATE,8,180,sequential_yolo_pose,SM-S906U1,GPU
2026-04-22 23:21:47.532,102.419,27.335,55.076,0.895,0.000,0.000,0.000,0.000,true,16.942,MODERATE,8,180,sequential_yolo_pose,SM-S906U1,GPU
2026-04-22 23:21:47.646,107.107,25.976,54.533,1.127,0.000,0.000,0.000,0.000,true,30.555,MODERATE,8,180,sequential_yolo_pose,SM-S906U1,GPU
2026-04-22 23:21:47.767,110.828,34.876,53.043,0.990,0.000,0.000,0.000,0.000,true,18.660,MODERATE,9,180,sequential_yolo_pose,SM-S906U1,GPU
2026-04-22 23:21:47.904,127.731,25.666,56.356,1.079,2.440,5.426,10.483,0.033,false,35.543,MODERATE,9,180,sequential_yolo_pose,SM-S906U1,GPU
2026-04-22 23:21:48.000,90.991,21.257,54.650,0.628,0.000,0.000,0.000,0.000,true,18.649,MODERATE,9,180,sequential_yolo_pose,SM-S906U1,GPU
2026-04-22 23:21:48.122,114.070,27.698,56.913,0.985,0.000,0.000,0.000,0.000,true,32.231,MODERATE,9,180,sequential_yolo_pose,SM-S906U1,GPU
2026-04-22 23:21:48.261,131.722,27.927,54.636,0.947,2.876,10.619,12.471,0.059,false,21.551,MODERATE,9,180,sequential_yolo_pose,SM-S906U1,GPU
2026-04-22 23:21:48.390,120.822,22.650,55.708,1.031,2.486,7.489,11.999,0.036,false,38.559,MODERATE,9,180,sequential_yolo_pose,SM-S906U1,GPU
2026-04-22 23:21:48.508,111.115,23.173,53.796,0.662,1.812,5.687,10.609,0.043,false,20.371,MODERATE,9,180,sequential_yolo_pose,SM-S906U1,GPU
2026-04-22 23:21:48.628,113.838,20.558,55.518,0.630,1.686,8.692,11.255,0.036,false,20.371,MODERATE,9,180,sequential_yolo_pose,SM-S906U1,GPU
2026-04-22 23:21:48.747,113.866,23.748,51.927,0.599,1.762,7.706,11.978,0.033,false,20.438,MODERATE,8,180,sequential_yolo_pose,SM-S906U1,GPU
2026-04-22 23:21:48.879,125.458,22.171,55.543,1.228,2.404,14.497,13.814,0.045,false,20.375,MODERATE,8,180,sequential_yolo_pose,SM-S906U1,GPU
2026-04-22 23:21:48.998,112.266,20.338,51.832,1.080,3.033,10.253,10.818,0.053,false,20.407,MODERATE,8,180,sequential_yolo_pose,SM-S906U1,GPU
2026-04-22 23:21:49.133,127.832,23.183,55.773,0.548,1.416,10.430,18.116,0.052,false,20.407,MODERATE,8,180,sequential_yolo_pose,SM-S906U1,GPU
2026-04-22 23:21:49.258,119.625,20.683,55.821,1.011,2.324,10.765,10.230,0.047,false,20.375,MODERATE,8,180,sequential_yolo_pose,SM-S906U1,GPU
2026-04-22 23:21:49.373,110.500,21.588,53.160,0.705,1.771,6.135,10.148,0.056,false,20.344,MODERATE,8,180,sequential_yolo_pose,SM-S906U1,GPU
2026-04-22 23:21:49.504,120.573,24.636,53.151,1.243,2.810,8.475,9.900,0.046,false,20.313,MODERATE,8,180,sequential_yolo_pose,SM-S906U1,GPU
2026-04-22 23:21:49.631,121.899,20.493,53.455,1.206,2.747,11.714,13.816,0.055,false,20.407,MODERATE,8,180,sequential_yolo_pose,SM-S906U1,GPU
2026-04-22 23:21:49.750,112.734,21.324,52.143,0.625,1.413,5.049,12.301,0.033,false,20.532,MODERATE,8,180,sequential_yolo_pose,SM-S906U1,GPU
2026-04-22 23:21:49.871,115.634,22.608,52.352,1.360,2.739,8.288,11.730,0.031,false,20.375,MODERATE,8,180,sequential_yolo_pose,SM-S906U1,GPU
2026-04-22 23:21:49.995,119.525,20.569,55.488,1.377,2.782,10.797,12.079,0.031,false,20.407,MODERATE,8,180,sequential_yolo_pose,SM-S906U1,GPU
2026-04-22 23:21:50.123,122.249,23.827,53.799,1.013,2.147,7.675,15.279,0.030,false,20.407,MODERATE,8,180,sequential_yolo_pose,SM-S906U1,GPU
2026-04-22 23:21:50.243,113.675,21.561,53.716,0.815,1.990,6.658,10.522,0.044,false,20.344,MODERATE,8,180,sequential_yolo_pose,SM-S906U1,GPU
2026-04-22 23:21:50.370,116.601,22.984,51.412,1.027,2.315,11.156,11.580,0.045,false,20.407,MODERATE,8,180,sequential_yolo_pose,SM-S906U1,GPU
2026-04-22 23:21:50.491,116.141,21.184,54.995,0.933,2.279,9.001,10.867,0.090,false,20.313,MODERATE,8,180,sequential_yolo_pose,SM-S906U1,GPU
2026-04-22 23:21:50.604,106.817,21.192,54.000,0.427,1.011,3.908,9.546,0.053,false,20.250,MODERATE,8,180,sequential_yolo_pose,SM-S906U1,GPU
2026-04-22 23:21:50.733,123.994,20.556,56.054,0.886,2.586,10.495,18.185,0.046,false,20.438,MODERATE,8,180,sequential_yolo_pose,SM-S906U1,GPU
2026-04-22 23:21:50.852,113.445,25.206,52.082,0.572,1.443,5.000,10.192,0.061,false,20.344,MODERATE,8,180,sequential_yolo_pose,SM-S906U1,GPU
2026-04-22 23:21:50.975,118.528,24.430,52.996,0.909,2.474,9.195,13.350,0.044,false,20.403,MODERATE,8,180,sequential_yolo_pose,SM-S906U1,GPU
2026-04-22 23:21:51.098,114.957,20.708,52.245,0.510,2.811,10.296,13.669,0.042,false,20.371,MODERATE,8,180,sequential_yolo_pose,SM-S906U1,GPU
2026-04-22 23:21:51.222,119.170,20.095,53.835,0.659,1.769,6.897,18.940,0.723,false,20.407,MODERATE,8,180,sequential_yolo_pose,SM-S906U1,GPU
2026-04-22 23:21:51.342,115.225,23.341,53.689,0.972,2.059,6.795,12.181,0.061,false,20.313,MODERATE,8,180,sequential_yolo_pose,SM-S906U1,GPU
2026-04-22 23:21:51.472,121.788,25.455,51.615,1.089,2.668,10.641,11.502,0.081,false,20.438,MODERATE,8,180,sequential_yolo_pose,SM-S906U1,GPU
2026-04-22 23:21:51.597,119.327,20.723,54.537,0.986,2.368,9.163,12.876,0.050,false,20.371,MODERATE,8,180,sequential_yolo_pose,SM-S906U1,GPU
2026-04-22 23:21:51.728,125.063,24.205,53.040,0.911,2.173,12.533,12.993,0.047,false,20.438,MODERATE,8,180,sequential_yolo_pose,SM-S906U1,GPU
2026-04-22 23:21:51.851,118.003,19.910,53.502,1.225,2.196,8.000,16.479,0.061,false,20.375,MODERATE,8,180,sequential_yolo_pose,SM-S906U1,GPU
2026-04-22 23:21:51.972,110.880,25.387,52.321,0.557,1.362,4.916,10.187,0.062,false,20.250,MODERATE,8,180,sequential_yolo_pose,SM-S906U1,GPU
2026-04-22 23:21:52.092,114.707,20.617,54.428,0.939,1.976,7.141,11.103,0.051,false,20.278,MODERATE,8,180,sequential_yolo_pose,SM-S906U1,GPU
2026-04-22 23:21:52.192,93.808,20.799,54.290,0.864,0.000,0.000,0.000,0.000,true,16.981,MODERATE,8,180,sequential_yolo_pose,SM-S906U1,GPU
2026-04-22 23:21:52.309,110.620,28.731,55.301,0.938,0.000,0.000,0.000,0.000,true,30.625,MODERATE,8,180,sequential_yolo_pose,SM-S906U1,GPU
2026-04-22 23:21:52.415,100.230,27.169,52.790,0.995,0.000,0.000,0.000,0.000,true,13.883,MODERATE,8,180,sequential_yolo_pose,SM-S906U1,GPU
2026-04-22 23:21:52.524,101.118,25.537,53.646,0.932,0.000,0.000,0.000,0.000,true,16.942,MODERATE,8,180,sequential_yolo_pose,SM-S906U1,GPU
2026-04-22 23:21:52.624,92.772,21.983,53.608,0.906,0.000,0.000,0.000,0.000,true,30.555,MODERATE,8,180,sequential_yolo_pose,SM-S906U1,GPU
2026-04-22 23:21:52.743,111.302,33.117,51.825,1.018,0.000,0.000,0.000,0.000,true,18.606,MODERATE,9,180,sequential_yolo_pose,SM-S906U1,GPU
2026-04-22 23:21:52.857,99.706,25.324,54.462,1.134,0.000,0.000,0.000,0.000,true,32.313,MODERATE,9,180,sequential_yolo_pose,SM-S906U1,GPU
2026-04-22 23:21:52.982,117.858,23.192,54.851,0.988,2.183,7.739,12.835,0.036,false,16.852,MODERATE,9,180,sequential_yolo_pose,SM-S906U1,GPU
2026-04-22 23:21:53.084,92.941,24.251,51.437,1.056,0.000,0.000,0.000,0.000,true,17.012,MODERATE,9,180,sequential_yolo_pose,SM-S906U1,GPU
2026-04-22 23:21:53.212,119.604,27.783,52.812,0.564,1.341,5.483,10.419,0.052,false,33.926,MODERATE,9,180,sequential_yolo_pose,SM-S906U1,GPU
2026-04-22 23:21:53.342,119.221,25.075,56.316,1.168,2.756,5.814,9.569,0.045,false,20.344,MODERATE,9,180,sequential_yolo_pose,SM-S906U1,GPU
2026-04-22 23:21:53.468,120.276,23.073,53.830,1.050,2.556,11.536,10.732,0.050,false,20.407,MODERATE,9,180,sequential_yolo_pose,SM-S906U1,GPU
2026-04-22 23:21:53.584,110.842,21.175,50.886,0.664,1.446,6.509,11.558,0.060,false,20.313,MODERATE,9,180,sequential_yolo_pose,SM-S906U1,GPU
2026-04-22 23:21:53.696,105.883,19.885,53.467,0.702,1.939,6.906,10.162,0.045,false,20.340,MODERATE,9,180,sequential_yolo_pose,SM-S906U1,GPU
2026-04-22 23:21:53.822,121.470,21.145,57.129,1.234,2.320,9.498,13.039,0.060,false,20.496,MODERATE,9,180,sequential_yolo_pose,SM-S906U1,GPU
2026-04-22 23:21:53.940,111.960,20.676,53.160,1.015,2.169,7.506,11.967,0.059,false,20.375,MODERATE,9,180,sequential_yolo_pose,SM-S906U1,GPU
2026-04-22 23:21:54.070,121.110,23.551,52.563,0.925,2.038,9.460,10.360,0.049,false,20.371,MODERATE,9,180,sequential_yolo_pose,SM-S906U1,GPU
2026-04-22 23:21:54.189,109.992,20.511,52.894,0.983,2.499,9.102,12.774,0.047,false,20.407,MODERATE,9,180,sequential_yolo_pose,SM-S906U1,GPU
2026-04-22 23:21:54.306,111.842,22.449,53.625,0.457,3.056,4.998,11.575,0.043,false,20.375,MODERATE,9,180,sequential_yolo_pose,SM-S906U1,GPU
2026-04-22 23:21:54.435,123.135,23.880,52.362,1.097,4.930,8.962,14.990,0.061,false,20.375,MODERATE,9,180,sequential_yolo_pose,SM-S906U1,GPU
2026-04-22 23:21:54.563,122.687,26.253,53.207,0.974,2.358,8.658,12.761,0.047,false,20.407,MODERATE,9,180,sequential_yolo_pose,SM-S906U1,GPU
2026-04-22 23:21:54.679,111.004,25.578,53.962,0.525,1.405,4.715,9.473,0.047,false,20.282,MODERATE,9,180,sequential_yolo_pose,SM-S906U1,GPU
2026-04-22 23:21:54.797,110.161,27.458,51.003,0.562,1.233,4.964,9.154,0.039,false,20.465,MODERATE,8,180,sequential_yolo_pose,SM-S906U1,GPU
2026-04-22 23:21:54.923,121.873,25.956,54.068,1.034,2.317,9.541,12.323,0.030,false,20.375,MODERATE,8,180,sequential_yolo_pose,SM-S906U1,GPU
2026-04-22 23:21:55.049,120.229,23.484,54.267,1.087,2.266,8.502,13.623,0.034,false,20.375,MODERATE,8,180,sequential_yolo_pose,SM-S906U1,GPU
2026-04-22 23:21:55.175,118.681,20.765,54.693,1.305,2.307,10.262,13.169,0.058,false,20.407,MODERATE,8,180,sequential_yolo_pose,SM-S906U1,GPU
2026-04-22 23:21:55.308,125.129,23.378,53.242,1.317,2.833,12.481,10.701,0.042,false,20.403,MODERATE,8,180,sequential_yolo_pose,SM-S906U1,GPU
2026-04-22 23:21:55.424,111.704,20.085,52.870,0.827,2.088,7.818,13.547,0.077,false,20.344,MODERATE,8,180,sequential_yolo_pose,SM-S906U1,GPU
2026-04-22 23:21:55.545,115.740,20.785,54.756,0.819,2.257,7.905,12.223,0.056,false,20.403,MODERATE,8,180,sequential_yolo_pose,SM-S906U1,GPU
2026-04-22 23:21:55.669,117.304,21.462,52.673,1.196,2.658,11.720,11.521,0.039,false,20.407,MODERATE,8,180,sequential_yolo_pose,SM-S906U1,GPU
2026-04-22 23:21:55.799,124.034,26.241,52.396,0.794,4.099,13.252,10.200,0.034,false,20.500,MODERATE,8,180,sequential_yolo_pose,SM-S906U1,GPU
2026-04-22 23:21:55.909,105.603,19.964,51.535,1.063,2.657,8.202,12.231,0.045,false,20.407,MODERATE,8,180,sequential_yolo_pose,SM-S906U1,GPU
2026-04-22 23:21:56.032,116.362,22.952,52.346,1.198,2.838,9.461,11.082,0.115,false,20.434,MODERATE,8,180,sequential_yolo_pose,SM-S906U1,GPU
2026-04-22 23:21:56.152,113.776,20.759,56.630,1.051,2.497,8.789,10.412,0.051,false,20.313,MODERATE,8,180,sequential_yolo_pose,SM-S906U1,GPU
2026-04-22 23:21:56.272,115.791,22.548,55.944,1.109,2.637,6.294,10.930,0.054,false,20.344,MODERATE,8,180,sequential_yolo_pose,SM-S906U1,GPU
2026-04-22 23:21:56.390,109.005,20.567,54.879,0.898,1.961,7.112,10.658,0.045,false,20.371,MODERATE,8,180,sequential_yolo_pose,SM-S906U1,GPU
2026-04-22 23:21:56.515,120.300,24.259,53.229,1.164,2.894,6.805,15.272,0.112,false,20.407,MODERATE,8,180,sequential_yolo_pose,SM-S906U1,GPU
2026-04-22 23:21:56.639,118.788,24.731,57.554,0.850,5.360,5.076,10.397,0.061,false,20.375,MODERATE,8,180,sequential_yolo_pose,SM-S906U1,GPU
2026-04-22 23:21:56.771,124.147,25.108,53.138,1.187,2.683,10.800,15.451,0.051,false,20.469,MODERATE,8,180,sequential_yolo_pose,SM-S906U1,GPU
2026-04-22 23:21:56.896,120.164,20.738,54.725,1.237,2.848,10.387,14.571,0.069,false,20.430,MODERATE,8,180,sequential_yolo_pose,SM-S906U1,GPU
2026-04-22 23:21:57.014,113.803,21.104,54.421,1.260,2.070,7.984,11.398,0.033,false,20.375,MODERATE,8,180,sequential_yolo_pose,SM-S906U1,GPU
2026-04-22 23:21:57.138,115.162,22.407,52.880,1.336,2.674,8.175,11.635,0.037,false,20.375,MODERATE,8,180,sequential_yolo_pose,SM-S906U1,GPU
2026-04-22 23:21:57.239,96.069,21.851,54.469,1.007,0.000,0.000,0.000,0.000,true,17.012,MODERATE,8,180,sequential_yolo_pose,SM-S906U1,GPU
2026-04-22 23:21:57.353,103.358,25.412,55.354,1.173,0.000,0.000,0.000,0.000,true,30.657,MODERATE,8,180,sequential_yolo_pose,SM-S906U1,GPU
2026-04-22 23:21:57.456,96.189,23.242,53.469,0.828,0.000,0.000,0.000,0.000,true,13.492,MODERATE,8,180,sequential_yolo_pose,SM-S906U1,GPU
2026-04-22 23:21:57.586,123.350,25.168,54.714,0.901,2.223,7.270,15.702,0.043,false,20.430,MODERATE,8,180,sequential_yolo_pose,SM-S906U1,GPU
2026-04-22 23:21:57.709,118.349,20.972,53.623,0.861,8.680,8.707,10.900,0.040,false,20.407,MODERATE,8,180,sequential_yolo_pose,SM-S906U1,GPU
2026-04-22 23:21:57.822,105.834,20.737,52.645,0.513,1.522,5.546,10.304,0.048,false,20.469,MODERATE,9,180,sequential_yolo_pose,SM-S906U1,GPU
2026-04-22 23:21:57.941,114.574,21.062,55.031,0.870,2.146,8.041,11.717,0.053,false,20.375,MODERATE,9,180,sequential_yolo_pose,SM-S906U1,GPU
2026-04-22 23:21:58.067,120.057,25.066,52.628,0.604,1.781,10.477,11.445,0.054,false,20.371,MODERATE,9,180,sequential_yolo_pose,SM-S906U1,GPU
2026-04-22 23:21:58.191,119.279,23.731,53.982,1.000,2.071,9.119,13.168,0.032,false,20.371,MODERATE,9,180,sequential_yolo_pose,SM-S906U1,GPU
2026-04-22 23:21:58.304,109.399,20.705,52.955,1.100,2.488,5.351,10.382,0.050,false,20.282,MODERATE,9,180,sequential_yolo_pose,SM-S906U1,GPU
2026-04-22 23:21:58.427,118.010,20.200,55.107,1.118,2.947,10.412,11.014,0.046,false,20.407,MODERATE,9,180,sequential_yolo_pose,SM-S906U1,GPU
2026-04-22 23:21:58.553,120.927,20.541,51.662,1.054,3.195,11.302,12.515,0.046,false,20.375,MODERATE,9,180,sequential_yolo_pose,SM-S906U1,GPU
2026-04-22 23:21:58.673,113.096,20.391,54.229,1.309,3.238,5.188,11.644,0.032,false,20.340,MODERATE,9,180,sequential_yolo_pose,SM-S906U1,GPU
2026-04-22 23:21:58.802,121.469,25.342,54.061,1.501,2.949,10.941,9.902,0.038,false,20.407,MODERATE,8,180,sequential_yolo_pose,SM-S906U1,GPU
2026-04-22 23:21:58.926,116.763,19.661,52.631,1.242,2.573,10.571,12.761,0.034,false,20.375,MODERATE,8,180,sequential_yolo_pose,SM-S906U1,GPU
2026-04-22 23:21:59.043,112.551,26.522,52.652,0.553,1.316,4.698,10.761,0.040,false,20.375,MODERATE,8,180,sequential_yolo_pose,SM-S906U1,GPU
2026-04-22 23:21:59.164,116.686,20.962,55.045,1.114,4.306,10.267,10.608,0.046,false,20.407,MODERATE,8,180,sequential_yolo_pose,SM-S906U1,GPU
2026-04-22 23:21:59.280,110.655,21.399,53.018,0.560,1.336,6.085,10.915,0.065,false,20.313,MODERATE,8,180,sequential_yolo_pose,SM-S906U1,GPU
2026-04-22 23:21:59.405,120.107,21.523,55.731,1.151,2.860,13.108,10.612,0.049,false,20.403,MODERATE,8,180,sequential_yolo_pose,SM-S906U1,GPU
2026-04-22 23:21:59.537,126.041,26.832,53.757,1.141,2.565,11.350,10.422,0.041,false,20.375,MODERATE,8,180,sequential_yolo_pose,SM-S906U1,GPU
2026-04-22 23:21:59.663,121.033,19.742,51.968,1.092,3.049,8.628,15.651,0.031,false,20.465,MODERATE,8,180,sequential_yolo_pose,SM-S906U1,GPU
2026-04-22 23:21:59.783,116.390,24.050,52.677,0.801,2.410,6.324,14.388,0.031,false,20.344,MODERATE,8,180,sequential_yolo_pose,SM-S906U1,GPU
2026-04-22 23:21:59.904,113.926,23.362,52.795,1.222,2.774,8.726,9.632,0.053,false,20.375,MODERATE,9,180,sequential_yolo_pose,SM-S906U1,GPU
2026-04-22 23:22:00.024,115.433,20.784,51.045,0.556,2.956,10.842,12.005,0.052,false,20.371,MODERATE,9,180,sequential_yolo_pose,SM-S906U1,GPU
2026-04-22 23:22:00.147,117.968,22.127,54.208,0.982,2.309,7.866,13.889,0.048,false,20.340,MODERATE,9,180,sequential_yolo_pose,SM-S906U1,GPU
2026-04-22 23:22:00.271,114.039,21.469,52.112,1.274,2.872,8.386,11.194,0.043,false,20.434,MODERATE,9,180,sequential_yolo_pose,SM-S906U1,GPU
2026-04-22 23:22:00.401,124.720,24.087,53.390,1.253,3.051,10.435,11.783,0.047,false,20.340,MODERATE,9,180,sequential_yolo_pose,SM-S906U1,GPU
2026-04-22 23:22:00.503,92.006,21.860,52.108,0.492,0.000,0.000,0.000,0.000,true,16.977,MODERATE,9,180,sequential_yolo_pose,SM-S906U1,GPU
2026-04-22 23:22:00.611,102.573,26.272,53.737,0.445,0.000,0.000,0.000,0.000,true,30.621,MODERATE,9,180,sequential_yolo_pose,SM-S906U1,GPU
2026-04-22 23:22:00.717,98.092,22.135,52.359,1.033,0.000,0.000,0.000,0.000,true,12.317,MODERATE,9,180,sequential_yolo_pose,SM-S906U1,GPU
2026-04-22 23:22:00.847,122.898,24.954,52.890,0.801,2.917,8.034,12.391,0.075,false,20.492,MODERATE,8,180,sequential_yolo_pose,SM-S906U1,GPU
2026-04-22 23:22:00.974,120.789,20.659,56.680,1.240,4.093,9.553,11.621,0.529,false,20.438,MODERATE,8,180,sequential_yolo_pose,SM-S906U1,GPU
2026-04-22 23:22:01.108,126.510,24.487,55.162,1.406,4.354,9.314,12.742,0.031,false,20.344,MODERATE,8,180,sequential_yolo_pose,SM-S906U1,GPU
2026-04-22 23:22:01.239,123.584,21.692,52.541,1.428,5.767,11.288,12.568,0.043,false,20.438,MODERATE,8,180,sequential_yolo_pose,SM-S906U1,GPU
2026-04-22 23:22:01.369,123.037,21.325,52.503,0.956,2.541,15.641,11.526,0.041,false,20.469,MODERATE,8,180,sequential_yolo_pose,SM-S906U1,GPU
2026-04-22 23:22:01.491,117.210,25.290,54.029,0.647,2.518,8.877,10.282,0.035,false,20.344,MODERATE,8,180,sequential_yolo_pose,SM-S906U1,GPU
2026-04-22 23:22:01.616,119.146,27.427,54.633,0.654,2.351,6.316,11.842,0.049,false,20.313,MODERATE,8,180,sequential_yolo_pose,SM-S906U1,GPU
2026-04-22 23:22:01.731,110.267,21.281,53.727,0.780,2.550,9.071,9.812,0.030,false,14.477,MODERATE,8,180,sequential_yolo_pose,SM-S906U1,GPU
2026-04-22 23:22:01.851,116.173,24.825,52.607,0.525,2.115,4.858,11.354,0.031,false,21.641,MODERATE,8,180,sequential_yolo_pose,SM-S906U1,GPU
2026-04-22 23:22:01.970,115.343,22.432,53.700,0.921,3.096,5.802,12.797,0.034,false,38.586,MODERATE,8,180,sequential_yolo_pose,SM-S906U1,GPU
2026-04-22 23:22:02.107,125.743,21.584,53.699,1.135,3.980,15.688,12.113,0.046,false,20.403,MODERATE,8,180,sequential_yolo_pose,SM-S906U1,GPU
2026-04-22 23:22:02.233,118.494,23.324,52.246,0.873,3.847,10.373,10.789,0.048,false,20.438,MODERATE,8,180,sequential_yolo_pose,SM-S906U1,GPU
2026-04-22 23:22:02.351,113.818,22.676,58.438,0.538,1.816,4.656,9.863,0.030,false,20.375,MODERATE,8,180,sequential_yolo_pose,SM-S906U1,GPU
2026-04-22 23:22:02.465,106.841,24.322,52.226,0.496,1.615,4.520,10.074,0.046,false,20.371,MODERATE,8,180,sequential_yolo_pose,SM-S906U1,GPU
2026-04-22 23:22:02.580,111.463,20.198,55.386,0.964,2.464,7.565,13.233,0.069,false,20.375,MODERATE,8,180,sequential_yolo_pose,SM-S906U1,GPU
2026-04-22 23:22:02.709,122.371,22.433,55.302,1.357,3.362,10.408,12.535,0.033,false,20.407,MODERATE,8,180,sequential_yolo_pose,SM-S906U1,GPU
2026-04-22 23:22:02.840,119.385,23.484,52.516,1.119,2.841,11.261,11.700,0.042,false,20.375,MODERATE,8,180,sequential_yolo_pose,SM-S906U1,GPU
2026-04-22 23:22:02.959,111.300,23.903,51.546,0.700,1.492,6.138,9.605,0.029,false,20.375,MODERATE,8,180,sequential_yolo_pose,SM-S906U1,GPU
2026-04-22 23:22:03.075,110.464,23.639,52.817,0.521,1.264,6.368,11.368,0.035,false,20.407,MODERATE,8,180,sequential_yolo_pose,SM-S906U1,GPU
2026-04-22 23:22:03.191,110.219,20.805,56.951,0.844,1.159,6.045,10.844,0.032,false,20.407,MODERATE,8,180,sequential_yolo_pose,SM-S906U1,GPU
2026-04-22 23:22:03.307,112.782,22.455,56.911,0.734,2.589,5.540,10.905,0.032,false,20.434,MODERATE,8,180,sequential_yolo_pose,SM-S906U1,GPU
2026-04-22 23:22:03.421,105.483,16.904,56.488,0.635,1.725,5.991,14.479,0.050,false,20.375,MODERATE,8,180,sequential_yolo_pose,SM-S906U1,GPU
2026-04-22 23:22:03.511,85.807,19.407,53.519,0.526,0.000,0.000,0.000,0.000,true,17.012,MODERATE,8,180,sequential_yolo_pose,SM-S906U1,GPU
2026-04-22 23:22:03.636,119.303,21.366,53.344,0.769,2.598,13.447,11.611,0.029,false,34.051,MODERATE,8,180,sequential_yolo_pose,SM-S906U1,GPU
2026-04-22 23:22:03.756,110.263,20.816,54.448,0.657,2.338,6.127,12.540,0.058,false,20.340,MODERATE,8,180,sequential_yolo_pose,SM-S906U1,GPU
2026-04-22 23:22:03.870,108.393,18.490,55.619,0.585,2.582,5.350,10.250,0.046,false,20.469,MODERATE,9,180,sequential_yolo_pose,SM-S906U1,GPU
2026-04-22 23:22:03.963,88.421,18.885,53.869,0.482,0.000,0.000,0.000,0.000,true,16.949,MODERATE,9,180,sequential_yolo_pose,SM-S906U1,GPU
2026-04-22 23:22:04.063,94.710,23.014,52.330,0.597,0.000,0.000,0.000,0.000,true,30.594,MODERATE,9,180,sequential_yolo_pose,SM-S906U1,GPU
2026-04-22 23:22:04.181,112.409,23.182,50.313,0.763,2.218,5.971,13.583,0.030,false,17.246,MODERATE,9,180,sequential_yolo_pose,SM-S906U1,GPU
2026-04-22 23:22:04.298,108.129,20.326,54.852,0.741,1.984,7.738,9.818,0.030,false,20.407,MODERATE,9,180,sequential_yolo_pose,SM-S906U1,GPU
2026-04-22 23:22:04.447,141.607,28.004,54.475,1.226,9.368,9.067,11.691,0.066,false,20.344,MODERATE,9,180,sequential_yolo_pose,SM-S906U1,GPU
2026-04-22 23:22:04.575,120.113,22.582,53.687,1.842,4.827,9.518,12.286,0.031,false,20.344,MODERATE,9,180,sequential_yolo_pose,SM-S906U1,GPU
2026-04-22 23:22:04.697,117.138,19.601,54.206,0.872,2.108,10.852,15.200,0.048,false,20.375,MODERATE,9,180,sequential_yolo_pose,SM-S906U1,GPU
2026-04-22 23:22:04.821,118.486,21.829,53.645,0.602,1.432,7.599,15.134,0.050,false,20.375,MODERATE,9,180,sequential_yolo_pose,SM-S906U1,GPU
2026-04-22 23:22:04.947,120.661,25.315,55.635,1.068,2.503,7.911,12.143,0.049,false,20.375,MODERATE,8,180,sequential_yolo_pose,SM-S906U1,GPU
2026-04-22 23:22:05.070,115.470,24.080,53.205,1.169,2.824,8.241,10.114,0.045,false,20.313,MODERATE,8,180,sequential_yolo_pose,SM-S906U1,GPU
2026-04-22 23:22:05.190,115.626,20.953,53.512,0.602,4.637,8.632,10.063,0.032,false,20.313,MODERATE,8,180,sequential_yolo_pose,SM-S906U1,GPU
2026-04-22 23:22:05.313,118.052,23.610,54.138,0.859,1.893,6.169,13.952,0.037,false,20.375,MODERATE,8,180,sequential_yolo_pose,SM-S906U1,GPU
2026-04-22 23:22:05.438,116.310,21.265,53.009,1.146,2.791,12.300,10.861,0.043,false,20.407,MODERATE,8,180,sequential_yolo_pose,SM-S906U1,GPU
2026-04-22 23:22:05.537,92.912,20.243,55.944,0.611,0.000,0.000,0.000,0.000,true,16.981,MODERATE,8,180,sequential_yolo_pose,SM-S906U1,GPU
2026-04-22 23:22:05.682,137.556,22.341,55.778,1.404,4.896,14.333,14.750,0.031,false,34.082,MODERATE,8,180,sequential_yolo_pose,SM-S906U1,GPU
2026-04-22 23:22:05.812,117.863,21.128,56.467,0.967,2.562,5.676,11.913,0.044,false,20.434,MODERATE,8,180,sequential_yolo_pose,SM-S906U1,GPU
2026-04-22 23:22:05.936,113.160,24.857,51.767,1.284,2.480,4.766,10.587,0.073,false,20.313,MODERATE,9,180,sequential_yolo_pose,SM-S906U1,GPU
2026-04-22 23:22:06.067,125.515,20.660,56.794,1.273,9.306,8.500,10.273,0.037,false,20.403,MODERATE,9,180,sequential_yolo_pose,SM-S906U1,GPU
2026-04-22 23:22:06.196,122.379,22.933,54.284,0.962,3.638,10.913,13.452,0.065,false,20.375,MODERATE,9,180,sequential_yolo_pose,SM-S906U1,GPU
2026-04-22 23:22:06.314,112.899,25.015,52.234,0.528,1.990,4.815,11.324,0.043,false,20.375,MODERATE,9,180,sequential_yolo_pose,SM-S906U1,GPU
2026-04-22 23:22:06.443,123.111,22.300,55.530,1.168,3.879,13.885,10.697,0.045,false,20.309,MODERATE,9,180,sequential_yolo_pose,SM-S906U1,GPU
2026-04-22 23:22:06.574,120.166,24.788,53.558,1.096,3.623,9.176,11.238,0.039,false,20.403,MODERATE,9,180,sequential_yolo_pose,SM-S906U1,GPU
2026-04-22 23:22:06.694,114.469,20.786,53.832,0.521,3.507,8.930,10.540,0.053,false,20.344,MODERATE,9,180,sequential_yolo_pose,SM-S906U1,GPU
2026-04-22 23:22:06.815,116.037,23.625,52.205,0.744,2.631,7.017,13.489,0.064,false,20.375,MODERATE,9,180,sequential_yolo_pose,SM-S906U1,GPU
2026-04-22 23:22:06.933,112.401,20.583,52.478,1.000,1.991,10.041,11.071,0.031,false,20.434,MODERATE,8,180,sequential_yolo_pose,SM-S906U1,GPU
2026-04-22 23:22:07.056,117.919,23.288,53.699,0.676,1.664,8.040,11.630,0.032,false,20.375,MODERATE,8,180,sequential_yolo_pose,SM-S906U1,GPU
2026-04-22 23:22:07.180,117.119,20.633,56.966,1.133,2.638,8.862,12.171,0.033,false,20.344,MODERATE,8,180,sequential_yolo_pose,SM-S906U1,GPU
2026-04-22 23:22:07.304,118.074,21.092,56.017,1.180,2.619,13.568,11.815,0.031,false,20.375,MODERATE,8,180,sequential_yolo_pose,SM-S906U1,GPU
2026-04-22 23:22:07.423,113.852,21.174,53.768,0.742,1.619,6.356,10.708,0.056,false,20.344,MODERATE,8,180,sequential_yolo_pose,SM-S906U1,GPU
2026-04-22 23:22:07.541,113.550,21.323,53.886,1.033,2.661,7.575,11.844,0.034,false,20.438,MODERATE,8,180,sequential_yolo_pose,SM-S906U1,GPU
2026-04-22 23:22:07.643,96.211,22.441,55.406,0.860,0.000,0.000,0.000,0.000,true,17.012,MODERATE,8,180,sequential_yolo_pose,SM-S906U1,GPU
2026-04-22 23:22:07.744,94.166,20.683,56.510,0.741,0.000,0.000,0.000,0.000,true,30.625,MODERATE,8,180,sequential_yolo_pose,SM-S906U1,GPU
2026-04-22 23:22:07.852,100.081,24.429,53.473,0.918,0.000,0.000,0.000,0.000,true,13.883,MODERATE,8,180,sequential_yolo_pose,SM-S906U1,GPU
2026-04-22 23:22:07.987,128.297,27.481,52.191,0.538,2.015,8.073,12.592,0.057,false,20.367,MODERATE,9,180,sequential_yolo_pose,SM-S906U1,GPU
2026-04-22 23:22:08.108,115.325,24.129,51.373,0.890,3.343,7.901,12.299,0.048,false,20.438,MODERATE,9,180,sequential_yolo_pose,SM-S906U1,GPU
2026-04-22 23:22:08.209,93.621,21.213,54.034,0.816,0.000,0.000,0.000,0.000,true,17.008,MODERATE,9,180,sequential_yolo_pose,SM-S906U1,GPU
2026-04-22 23:22:08.318,97.218,26.235,51.676,1.049,0.000,0.000,0.000,0.000,true,30.621,MODERATE,9,180,sequential_yolo_pose,SM-S906U1,GPU
2026-04-22 23:22:08.451,126.127,25.669,53.857,0.929,2.756,8.902,14.037,0.052,false,17.246,MODERATE,9,180,sequential_yolo_pose,SM-S906U1,GPU
2026-04-22 23:22:08.577,117.517,25.170,53.223,1.054,2.403,7.256,10.608,0.039,false,20.313,MODERATE,9,180,sequential_yolo_pose,SM-S906U1,GPU
2026-04-22 23:22:08.700,115.824,21.227,57.827,1.246,2.772,8.545,10.227,0.060,false,20.344,MODERATE,9,180,sequential_yolo_pose,SM-S906U1,GPU
2026-04-22 23:22:08.823,117.512,20.309,51.262,1.076,2.820,10.351,11.969,0.050,false,20.375,MODERATE,9,180,sequential_yolo_pose,SM-S906U1,GPU
2026-04-22 23:22:08.938,108.874,20.569,53.244,1.888,1.810,5.801,11.412,0.062,false,20.532,MODERATE,8,180,sequential_yolo_pose,SM-S906U1,GPU
2026-04-22 23:22:09.070,125.090,21.305,52.119,0.609,1.356,7.799,23.582,0.031,false,20.469,MODERATE,8,180,sequential_yolo_pose,SM-S906U1,GPU
2026-04-22 23:22:09.192,117.067,20.237,52.089,0.937,3.073,10.519,11.055,0.070,false,20.375,MODERATE,8,180,sequential_yolo_pose,SM-S906U1,GPU
2026-04-22 23:22:09.311,112.635,21.309,53.108,1.161,2.154,6.782,11.235,0.058,false,20.344,MODERATE,8,180,sequential_yolo_pose,SM-S906U1,GPU
2026-04-22 23:22:09.437,116.712,21.392,52.555,1.215,6.532,9.401,11.746,0.035,false,20.375,MODERATE,8,180,sequential_yolo_pose,SM-S906U1,GPU
2026-04-22 23:22:09.555,110.350,20.351,51.550,0.605,1.357,8.107,11.921,0.051,false,20.344,MODERATE,8,180,sequential_yolo_pose,SM-S906U1,GPU
2026-04-22 23:22:09.677,114.677,25.915,54.346,0.587,1.408,5.217,11.369,0.050,false,20.375,MODERATE,8,180,sequential_yolo_pose,SM-S906U1,GPU
2026-04-22 23:22:09.809,123.987,25.520,54.190,1.041,3.272,9.965,13.671,0.048,false,20.371,MODERATE,8,180,sequential_yolo_pose,SM-S906U1,GPU
2026-04-22 23:22:09.937,115.238,21.756,59.069,0.535,1.430,4.831,12.063,0.049,false,20.500,MODERATE,8,180,sequential_yolo_pose,SM-S906U1,GPU
2026-04-22 23:22:10.057,114.550,21.305,53.511,0.719,2.058,4.870,13.459,0.046,false,20.407,MODERATE,8,180,sequential_yolo_pose,SM-S906U1,GPU
2026-04-22 23:22:10.186,123.805,24.967,53.047,1.436,3.731,9.090,12.134,0.044,false,20.313,MODERATE,8,180,sequential_yolo_pose,SM-S906U1,GPU
2026-04-22 23:22:10.303,109.629,20.578,52.949,1.240,2.534,4.547,9.481,0.047,false,20.371,MODERATE,8,180,sequential_yolo_pose,SM-S906U1,GPU
2026-04-22 23:22:10.421,113.013,20.065,55.933,0.625,2.942,7.398,10.781,0.047,false,20.344,MODERATE,8,180,sequential_yolo_pose,SM-S906U1,GPU
2026-04-22 23:22:10.537,111.309,20.553,53.949,1.024,3.141,8.787,10.766,0.031,false,20.340,MODERATE,8,180,sequential_yolo_pose,SM-S906U1,GPU
2026-04-22 23:22:10.662,120.374,21.947,51.438,1.180,4.317,10.433,11.421,0.033,false,20.407,MODERATE,8,180,sequential_yolo_pose,SM-S906U1,GPU
2026-04-22 23:22:10.782,112.523,21.178,54.730,0.658,2.082,5.991,10.880,0.043,false,20.313,MODERATE,8,180,sequential_yolo_pose,SM-S906U1,GPU
2026-04-22 23:22:10.904,115.666,21.035,55.790,1.134,3.876,9.860,10.903,0.037,false,20.407,MODERATE,8,180,sequential_yolo_pose,SM-S906U1,GPU
2026-04-22 23:22:11.036,126.204,20.322,53.831,1.142,3.228,16.820,11.141,0.041,false,20.407,MODERATE,8,180,sequential_yolo_pose,SM-S906U1,GPU
2026-04-22 23:22:11.157,114.167,21.261,52.044,0.548,1.894,8.899,12.112,0.046,false,20.313,MODERATE,8,180,sequential_yolo_pose,SM-S906U1,GPU
2026-04-22 23:22:11.281,119.238,27.506,51.754,0.748,2.116,6.120,15.384,0.053,false,20.438,MODERATE,8,180,sequential_yolo_pose,SM-S906U1,GPU
2026-04-22 23:22:11.398,110.549,20.510,53.058,0.672,1.895,9.579,11.776,0.047,false,20.371,MODERATE,8,180,sequential_yolo_pose,SM-S906U1,GPU
2026-04-22 23:22:11.519,115.842,22.487,52.355,0.645,1.631,6.971,11.247,0.036,false,20.313,MODERATE,8,180,sequential_yolo_pose,SM-S906U1,GPU
2026-04-22 23:22:11.644,120.535,21.143,53.974,1.623,3.055,11.369,12.280,0.096,false,20.371,MODERATE,8,180,sequential_yolo_pose,SM-S906U1,GPU
2026-04-22 23:22:11.772,121.113,24.347,53.231,3.128,2.995,7.640,10.323,0.048,false,20.313,MODERATE,8,180,sequential_yolo_pose,SM-S906U1,GPU
2026-04-22 23:22:11.887,108.054,21.131,53.152,0.671,1.333,4.704,11.332,0.049,false,20.344,MODERATE,8,180,sequential_yolo_pose,SM-S906U1,GPU
2026-04-22 23:22:11.986,94.132,27.292,52.015,0.493,0.000,0.000,0.000,0.000,true,16.949,MODERATE,9,180,sequential_yolo_pose,SM-S906U1,GPU
2026-04-22 23:22:12.103,113.262,27.288,53.853,0.683,1.328,4.728,9.996,0.040,false,33.957,MODERATE,9,180,sequential_yolo_pose,SM-S906U1,GPU
2026-04-22 23:22:12.208,99.438,27.043,54.332,0.520,0.000,0.000,0.000,0.000,true,26.957,MODERATE,9,180,sequential_yolo_pose,SM-S906U1,GPU
2026-04-22 23:22:12.312,99.719,27.605,53.475,1.176,0.000,0.000,0.000,0.000,true,13.883,MODERATE,9,180,sequential_yolo_pose,SM-S906U1,GPU
2026-04-22 23:22:12.436,113.439,20.941,50.673,1.554,3.281,9.468,10.462,0.049,false,20.367,MODERATE,9,180,sequential_yolo_pose,SM-S906U1,GPU
2026-04-22 23:22:12.561,119.474,22.646,56.264,0.770,4.460,6.675,11.430,0.058,false,20.375,MODERATE,9,180,sequential_yolo_pose,SM-S906U1,GPU
2026-04-22 23:22:12.656,90.725,21.515,53.978,1.017,0.000,0.000,0.000,0.000,true,16.949,MODERATE,9,180,sequential_yolo_pose,SM-S906U1,GPU
2026-04-22 23:22:12.789,127.208,25.213,58.679,1.166,4.301,8.946,12.461,0.146,false,33.989,MODERATE,9,180,sequential_yolo_pose,SM-S906U1,GPU
2026-04-22 23:22:12.917,120.655,24.599,55.491,0.882,2.035,6.786,13.579,0.024,false,20.469,MODERATE,8,180,sequential_yolo_pose,SM-S906U1,GPU
2026-04-22 23:22:13.033,112.242,20.671,52.477,1.041,3.756,7.950,12.075,0.053,false,20.375,MODERATE,8,180,sequential_yolo_pose,SM-S906U1,GPU
2026-04-22 23:22:13.150,112.156,22.627,52.343,0.800,1.673,6.124,11.161,0.053,false,20.371,MODERATE,8,180,sequential_yolo_pose,SM-S906U1,GPU
2026-04-22 23:22:13.281,122.180,23.263,53.076,1.480,2.664,8.410,14.269,0.052,false,20.407,MODERATE,8,180,sequential_yolo_pose,SM-S906U1,GPU
2026-04-22 23:22:13.407,118.632,19.496,53.304,1.449,4.608,11.733,13.226,0.040,false,20.403,MODERATE,8,180,sequential_yolo_pose,SM-S906U1,GPU
2026-04-22 23:22:13.525,111.191,20.209,56.204,0.853,1.830,5.743,9.952,0.048,false,20.375,MODERATE,8,180,sequential_yolo_pose,SM-S906U1,GPU
2026-04-22 23:22:13.651,120.403,23.987,52.082,1.639,2.921,9.502,12.857,0.054,false,20.371,MODERATE,8,180,sequential_yolo_pose,SM-S906U1,GPU
2026-04-22 23:22:13.775,117.524,23.884,56.507,1.008,2.253,5.905,11.920,0.049,false,20.344,MODERATE,8,180,sequential_yolo_pose,SM-S906U1,GPU
2026-04-22 23:22:13.912,129.510,25.982,53.321,1.675,9.597,7.215,13.662,0.058,false,20.438,MODERATE,8,180,sequential_yolo_pose,SM-S906U1,GPU
2026-04-22 23:22:14.039,118.008,26.337,52.931,1.304,2.408,8.518,10.678,0.050,false,20.407,MODERATE,8,180,sequential_yolo_pose,SM-S906U1,GPU
2026-04-22 23:22:14.162,110.387,20.634,56.502,0.722,1.538,7.713,12.532,0.050,false,20.375,MODERATE,8,180,sequential_yolo_pose,SM-S906U1,GPU
2026-04-22 23:22:14.277,109.839,20.898,55.166,0.531,1.447,6.765,10.380,0.046,false,20.344,MODERATE,8,180,sequential_yolo_pose,SM-S906U1,GPU
2026-04-22 23:22:14.402,119.620,22.545,54.220,1.648,4.041,9.518,10.565,0.051,false,20.407,MODERATE,8,180,sequential_yolo_pose,SM-S906U1,GPU
2026-04-22 23:22:14.529,121.268,22.617,53.105,1.079,6.126,8.883,10.956,0.050,false,20.375,MODERATE,8,180,sequential_yolo_pose,SM-S906U1,GPU
2026-04-22 23:22:14.648,113.276,20.774,52.159,1.039,3.090,7.121,10.761,0.051,false,20.344,MODERATE,8,180,sequential_yolo_pose,SM-S906U1,GPU
2026-04-22 23:22:14.774,120.633,21.971,54.096,1.274,4.230,11.000,11.705,0.031,false,20.371,MODERATE,8,180,sequential_yolo_pose,SM-S906U1,GPU
2026-04-22 23:22:14.905,123.216,22.273,54.118,1.098,5.395,12.400,11.850,0.051,false,20.375,MODERATE,8,180,sequential_yolo_pose,SM-S906U1,GPU
2026-04-22 23:22:15.026,112.234,21.098,52.971,1.016,3.360,9.090,14.463,0.058,false,20.375,MODERATE,9,180,sequential_yolo_pose,SM-S906U1,GPU
2026-04-22 23:22:15.148,117.074,20.627,53.723,1.262,3.365,9.364,13.685,0.030,false,20.407,MODERATE,9,180,sequential_yolo_pose,SM-S906U1,GPU
2026-04-22 23:22:15.267,112.443,20.386,53.222,0.814,2.778,7.360,12.777,0.045,false,20.403,MODERATE,9,180,sequential_yolo_pose,SM-S906U1,GPU
2026-04-22 23:22:15.387,112.122,20.271,52.891,0.617,2.047,5.804,10.221,0.039,false,20.375,MODERATE,9,180,sequential_yolo_pose,SM-S906U1,GPU
2026-04-22 23:22:15.518,126.587,25.538,52.700,1.275,3.327,8.950,18.691,0.040,false,20.434,MODERATE,9,180,sequential_yolo_pose,SM-S906U1,GPU
2026-04-22 23:22:15.639,115.676,20.467,54.475,1.131,2.708,9.374,11.685,0.031,false,20.375,MODERATE,9,180,sequential_yolo_pose,SM-S906U1,GPU
2026-04-22 23:22:15.756,111.134,22.309,52.153,0.669,1.377,4.914,12.028,0.042,false,20.407,MODERATE,9,180,sequential_yolo_pose,SM-S906U1,GPU
2026-04-22 23:22:15.871,110.558,20.664,50.952,1.003,2.242,7.402,11.870,0.064,false,20.371,MODERATE,9,180,sequential_yolo_pose,SM-S906U1,GPU
2026-04-22 23:22:15.989,109.658,20.513,52.657,0.611,1.575,4.747,12.841,0.019,false,20.469,MODERATE,8,180,sequential_yolo_pose,SM-S906U1,GPU
2026-04-22 23:22:16.101,108.197,19.940,53.165,1.263,2.490,9.962,11.406,0.047,false,20.344,MODERATE,8,180,sequential_yolo_pose,SM-S906U1,GPU
2026-04-22 23:22:16.222,116.318,20.840,54.088,1.166,2.514,8.304,13.566,0.034,false,20.375,MODERATE,8,180,sequential_yolo_pose,SM-S906U1,GPU
2026-04-22 23:22:16.349,120.926,20.338,53.695,1.377,4.227,10.352,13.776,0.036,false,20.403,MODERATE,8,180,sequential_yolo_pose,SM-S906U1,GPU
2026-04-22 23:22:16.466,108.889,20.342,52.863,0.588,2.700,7.950,10.320,0.034,false,20.375,MODERATE,8,180,sequential_yolo_pose,SM-S906U1,GPU
2026-04-22 23:22:16.567,96.742,25.347,52.308,0.696,0.000,0.000,0.000,0.000,true,16.981,MODERATE,8,180,sequential_yolo_pose,SM-S906U1,GPU
2026-04-22 23:22:16.705,131.477,26.502,51.520,0.902,3.797,11.300,18.524,0.043,false,33.957,MODERATE,8,180,sequential_yolo_pose,SM-S906U1,GPU
2026-04-22 23:22:16.843,131.123,22.513,55.751,1.990,5.491,11.602,14.364,0.042,false,20.403,MODERATE,8,180,sequential_yolo_pose,SM-S906U1,GPU
2026-04-22 23:22:16.975,121.939,25.420,53.143,0.707,7.333,6.332,11.433,0.046,false,20.469,MODERATE,8,180,sequential_yolo_pose,SM-S906U1,GPU
2026-04-22 23:22:17.087,106.252,20.434,51.792,0.766,3.882,8.400,10.337,0.057,false,20.403,MODERATE,8,180,sequential_yolo_pose,SM-S906U1,GPU
2026-04-22 23:22:17.204,113.036,23.806,50.868,0.671,2.907,6.324,11.796,0.049,false,20.344,MODERATE,8,180,sequential_yolo_pose,SM-S906U1,GPU
2026-04-22 23:22:17.329,120.193,24.138,51.266,0.880,2.539,10.833,12.437,0.049,false,20.407,MODERATE,8,180,sequential_yolo_pose,SM-S906U1,GPU
2026-04-22 23:22:17.448,114.873,20.247,53.665,1.060,2.611,7.879,13.886,0.034,false,20.375,MODERATE,8,180,sequential_yolo_pose,SM-S906U1,GPU
2026-04-22 23:22:17.566,110.670,20.353,54.444,0.890,1.946,7.064,10.098,0.042,false,20.313,MODERATE,8,180,sequential_yolo_pose,SM-S906U1,GPU
2026-04-22 23:22:17.684,112.930,21.276,52.643,0.719,1.656,6.741,12.296,0.051,false,20.344,MODERATE,8,180,sequential_yolo_pose,SM-S906U1,GPU
2026-04-22 23:22:17.808,119.914,20.820,56.376,1.061,2.932,10.133,11.793,0.044,false,20.375,MODERATE,8,180,sequential_yolo_pose,SM-S906U1,GPU
2026-04-22 23:22:17.929,113.320,21.046,51.802,0.548,3.572,8.927,12.403,0.044,false,20.375,MODERATE,8,180,sequential_yolo_pose,SM-S906U1,GPU
2026-04-22 23:22:18.060,125.506,25.215,55.664,0.733,2.970,10.567,14.393,0.049,false,20.375,MODERATE,9,180,sequential_yolo_pose,SM-S906U1,GPU
2026-04-22 23:22:18.184,118.112,25.417,54.166,1.035,2.153,7.786,11.154,0.042,false,20.313,MODERATE,9,180,sequential_yolo_pose,SM-S906U1,GPU
2026-04-22 23:22:18.305,112.794,20.109,54.141,1.512,2.794,6.443,10.370,0.053,false,20.344,MODERATE,9,180,sequential_yolo_pose,SM-S906U1,GPU
2026-04-22 23:22:18.435,123.462,21.000,56.500,1.298,2.791,14.028,11.317,0.032,false,20.438,MODERATE,9,180,sequential_yolo_pose,SM-S906U1,GPU
2026-04-22 23:22:18.566,125.420,24.988,55.154,0.950,2.546,12.726,10.591,0.048,false,20.375,MODERATE,9,180,sequential_yolo_pose,SM-S906U1,GPU
2026-04-22 23:22:18.689,116.285,21.668,54.792,0.539,2.054,6.609,11.963,0.047,false,20.282,MODERATE,9,180,sequential_yolo_pose,SM-S906U1,GPU
2026-04-22 23:22:18.815,120.701,20.598,53.361,1.178,4.460,10.313,14.658,0.042,false,20.375,MODERATE,9,180,sequential_yolo_pose,SM-S906U1,GPU
2026-04-22 23:22:18.942,117.534,20.459,53.989,1.595,4.673,7.544,11.259,0.031,false,20.375,MODERATE,9,180,sequential_yolo_pose,SM-S906U1,GPU
2026-04-22 23:22:19.076,121.929,23.371,53.064,1.256,4.362,9.875,13.828,0.034,false,20.344,MODERATE,7,180,sequential_yolo_pose,SM-S906U1,GPU
2026-04-22 23:22:19.212,128.414,26.428,53.448,1.231,4.211,12.624,12.695,0.046,false,20.371,MODERATE,7,180,sequential_yolo_pose,SM-S906U1,GPU
2026-04-22 23:22:19.335,115.069,21.204,52.973,0.824,3.815,10.299,10.476,0.058,false,20.407,MODERATE,7,180,sequential_yolo_pose,SM-S906U1,GPU
2026-04-22 23:22:19.463,122.554,20.847,55.828,0.919,3.169,10.418,11.796,0.036,false,20.375,MODERATE,7,180,sequential_yolo_pose,SM-S906U1,GPU
2026-04-22 23:22:19.581,112.794,22.373,51.610,0.774,2.414,6.338,11.102,0.051,false,20.375,MODERATE,7,180,sequential_yolo_pose,SM-S906U1,GPU
2026-04-22 23:22:19.707,120.128,20.883,52.304,1.195,4.015,13.162,12.380,0.052,false,20.434,MODERATE,7,180,sequential_yolo_pose,SM-S906U1,GPU
2026-04-22 23:22:19.833,119.204,19.678,55.141,1.035,3.051,11.112,11.851,0.033,false,20.375,MODERATE,7,180,sequential_yolo_pose,SM-S906U1,GPU
2026-04-22 23:22:19.957,118.661,23.243,52.918,0.850,2.594,10.246,12.147,0.062,false,20.375,MODERATE,7,180,sequential_yolo_pose,SM-S906U1,GPU
2026-04-22 23:22:20.081,118.558,20.593,55.176,2.562,3.030,9.962,13.698,0.056,false,20.344,MODERATE,9,180,sequential_yolo_pose,SM-S906U1,GPU
2026-04-22 23:22:20.209,115.694,23.042,52.967,1.311,3.682,5.852,12.309,0.032,false,20.344,MODERATE,9,180,sequential_yolo_pose,SM-S906U1,GPU
2026-04-22 23:22:20.323,108.875,20.363,53.396,0.603,1.735,7.580,10.848,0.040,false,20.371,MODERATE,9,180,sequential_yolo_pose,SM-S906U1,GPU
2026-04-22 23:22:20.450,121.792,27.608,54.336,1.335,2.340,8.279,12.445,0.045,false,20.344,MODERATE,9,180,sequential_yolo_pose,SM-S906U1,GPU
2026-04-22 23:22:20.575,117.784,23.904,53.481,1.284,2.582,10.133,10.934,0.057,false,20.313,MODERATE,9,180,sequential_yolo_pose,SM-S906U1,GPU
2026-04-22 23:22:20.675,94.016,21.038,56.256,0.874,0.000,0.000,0.000,0.000,true,17.012,MODERATE,9,180,sequential_yolo_pose,SM-S906U1,GPU
2026-04-22 23:22:20.783,97.339,20.251,54.802,0.893,0.000,0.000,0.000,0.000,true,30.594,MODERATE,9,180,sequential_yolo_pose,SM-S906U1,GPU
2026-04-22 23:22:20.900,109.873,28.145,52.175,0.885,0.000,0.000,0.000,0.000,true,18.574,MODERATE,9,180,sequential_yolo_pose,SM-S906U1,GPU
2026-04-22 23:22:21.030,115.811,21.590,52.754,0.552,2.818,10.293,10.514,0.032,false,35.645,MODERATE,8,180,sequential_yolo_pose,SM-S906U1,GPU
2026-04-22 23:22:21.135,99.666,27.706,54.590,0.551,0.000,0.000,0.000,0.000,true,18.614,MODERATE,8,180,sequential_yolo_pose,SM-S906U1,GPU
2026-04-22 23:22:21.282,138.130,24.567,53.785,1.104,3.424,10.149,14.185,0.034,false,35.559,MODERATE,8,180,sequential_yolo_pose,SM-S906U1,GPU
2026-04-22 23:22:21.407,117.622,23.258,58.064,1.101,3.950,9.681,11.118,0.063,false,22.008,MODERATE,8,180,sequential_yolo_pose,SM-S906U1,GPU
2026-04-22 23:22:21.509,95.931,20.669,55.524,1.021,0.000,0.000,0.000,0.000,true,35.653,MODERATE,8,180,sequential_yolo_pose,SM-S906U1,GPU
2026-04-22 23:22:21.625,103.747,24.987,52.981,0.925,0.000,0.000,0.000,0.000,true,13.887,MODERATE,8,180,sequential_yolo_pose,SM-S906U1,GPU
2026-04-22 23:22:21.762,129.978,25.148,57.007,1.182,2.302,8.411,10.682,0.056,false,20.336,MODERATE,8,180,sequential_yolo_pose,SM-S906U1,GPU
2026-04-22 23:22:21.885,116.949,25.189,54.632,0.536,1.360,4.898,13.228,0.048,false,20.375,MODERATE,8,180,sequential_yolo_pose,SM-S906U1,GPU
2026-04-22 23:22:22.004,113.195,24.738,55.037,0.651,1.629,5.038,10.070,0.030,false,20.469,MODERATE,8,180,sequential_yolo_pose,SM-S906U1,GPU
2026-04-22 23:22:22.125,115.974,23.721,55.345,0.841,1.938,6.683,10.262,0.042,false,20.344,MODERATE,8,180,sequential_yolo_pose,SM-S906U1,GPU
2026-04-22 23:22:22.261,130.678,28.829,53.369,0.566,1.584,9.614,14.767,0.052,false,20.375,MODERATE,8,180,sequential_yolo_pose,SM-S906U1,GPU
2026-04-22 23:22:22.383,116.732,23.812,53.822,0.721,2.044,7.082,11.590,0.060,false,20.344,MODERATE,8,180,sequential_yolo_pose,SM-S906U1,GPU
2026-04-22 23:22:22.514,123.250,23.553,54.977,1.186,3.060,8.480,12.473,0.052,false,20.344,MODERATE,8,180,sequential_yolo_pose,SM-S906U1,GPU
2026-04-22 23:22:22.634,114.843,21.112,52.035,1.411,2.863,10.454,11.750,0.056,false,20.371,MODERATE,8,180,sequential_yolo_pose,SM-S906U1,GPU
2026-04-22 23:22:22.750,108.582,20.626,51.707,0.679,1.481,5.817,11.793,0.043,false,20.313,MODERATE,8,180,sequential_yolo_pose,SM-S906U1,GPU
2026-04-22 23:22:22.880,123.747,25.881,55.787,0.997,2.465,6.786,13.174,0.048,false,20.344,MODERATE,8,180,sequential_yolo_pose,SM-S906U1,GPU
2026-04-22 23:22:22.976,88.564,20.290,52.059,0.713,0.000,0.000,0.000,0.000,true,17.043,MODERATE,8,180,sequential_yolo_pose,SM-S906U1,GPU
2026-04-22 23:22:23.113,123.712,24.345,58.564,1.167,2.761,7.433,11.673,0.047,false,34.059,MODERATE,8,180,sequential_yolo_pose,SM-S906U1,GPU
2026-04-22 23:22:23.247,120.355,28.740,53.981,0.769,2.077,5.553,12.749,0.032,false,20.407,MODERATE,8,180,sequential_yolo_pose,SM-S906U1,GPU
2026-04-22 23:22:23.373,121.533,24.953,54.752,1.228,4.144,7.498,10.927,0.036,false,20.407,MODERATE,8,180,sequential_yolo_pose,SM-S906U1,GPU
2026-04-22 23:22:23.490,109.014,20.054,54.238,0.594,2.103,7.571,11.182,0.034,false,20.375,MODERATE,8,180,sequential_yolo_pose,SM-S906U1,GPU
2026-04-22 23:22:23.612,117.978,20.278,52.885,1.379,4.297,10.274,11.882,0.887,false,20.371,MODERATE,8,180,sequential_yolo_pose,SM-S906U1,GPU
2026-04-22 23:22:23.734,116.945,20.357,53.803,0.628,1.864,11.631,12.756,0.042,false,20.469,MODERATE,8,180,sequential_yolo_pose,SM-S906U1,GPU
2026-04-22 23:22:23.848,110.332,19.842,52.213,0.964,2.432,6.711,10.549,0.069,false,20.344,MODERATE,8,180,sequential_yolo_pose,SM-S906U1,GPU
2026-04-22 23:22:23.965,111.951,21.322,52.917,0.690,1.944,5.724,9.498,0.047,false,20.340,MODERATE,8,180,sequential_yolo_pose,SM-S906U1,GPU
2026-04-22 23:22:24.080,110.615,20.331,54.546,1.134,2.955,6.618,12.917,0.068,false,20.407,MODERATE,9,180,sequential_yolo_pose,SM-S906U1,GPU
2026-04-22 23:22:24.203,116.952,26.578,53.770,0.859,2.132,5.946,11.773,0.035,false,20.371,MODERATE,9,180,sequential_yolo_pose,SM-S906U1,GPU
2026-04-22 23:22:24.323,115.305,20.871,51.877,0.646,1.486,6.574,13.781,0.034,false,20.375,MODERATE,9,180,sequential_yolo_pose,SM-S906U1,GPU
2026-04-22 23:22:24.452,123.443,31.088,51.762,0.879,2.043,6.579,17.174,0.040,false,20.407,MODERATE,9,180,sequential_yolo_pose,SM-S906U1,GPU
2026-04-22 23:22:24.576,118.942,25.154,54.632,1.056,2.449,7.160,11.739,0.031,false,20.344,MODERATE,9,180,sequential_yolo_pose,SM-S906U1,GPU
2026-04-22 23:22:24.703,117.036,21.718,52.162,1.116,2.833,11.842,10.489,0.042,false,20.340,MODERATE,9,180,sequential_yolo_pose,SM-S906U1,GPU
2026-04-22 23:22:24.834,125.113,25.444,54.169,1.620,2.888,10.219,10.576,0.046,false,20.344,MODERATE,9,180,sequential_yolo_pose,SM-S906U1,GPU
2026-04-22 23:22:24.959,120.414,20.352,53.187,1.087,2.577,9.012,12.102,0.053,false,20.375,MODERATE,9,180,sequential_yolo_pose,SM-S906U1,GPU
2026-04-22 23:22:25.081,116.543,20.798,52.225,1.598,3.737,8.793,12.231,0.041,false,20.375,MODERATE,8,180,sequential_yolo_pose,SM-S906U1,GPU
2026-04-22 23:22:25.180,92.269,20.914,54.530,0.995,0.000,0.000,0.000,0.000,true,16.977,MODERATE,8,180,sequential_yolo_pose,SM-S906U1,GPU
2026-04-22 23:22:25.292,103.060,24.698,56.112,0.856,0.000,0.000,0.000,0.000,true,30.684,MODERATE,8,180,sequential_yolo_pose,SM-S906U1,GPU
2026-04-22 23:22:25.404,103.516,23.798,54.199,0.565,0.000,0.000,0.000,0.000,true,13.821,MODERATE,8,180,sequential_yolo_pose,SM-S906U1,GPU
2026-04-22 23:22:25.541,130.136,24.088,53.206,1.039,3.670,13.993,12.200,0.045,false,20.430,MODERATE,8,180,sequential_yolo_pose,SM-S906U1,GPU
2026-04-22 23:22:25.679,128.952,24.212,52.412,0.952,4.547,16.197,13.516,0.063,false,20.375,MODERATE,8,180,sequential_yolo_pose,SM-S906U1,GPU
2026-04-22 23:22:25.774,88.300,20.694,51.893,0.675,0.000,0.000,0.000,0.000,true,17.012,MODERATE,8,180,sequential_yolo_pose,SM-S906U1,GPU
2026-04-22 23:22:25.883,102.506,23.214,56.954,0.890,0.000,0.000,0.000,0.000,true,30.625,MODERATE,8,180,sequential_yolo_pose,SM-S906U1,GPU
2026-04-22 23:22:26.006,116.584,22.138,53.568,1.236,4.065,8.058,10.580,0.031,false,21.582,MODERATE,8,180,sequential_yolo_pose,SM-S906U1,GPU
2026-04-22 23:22:26.121,110.403,19.909,57.272,1.382,2.413,6.546,11.030,0.034,false,38.559,MODERATE,8,180,sequential_yolo_pose,SM-S906U1,GPU
2026-04-22 23:22:26.244,116.293,22.979,54.875,1.260,2.400,7.627,11.283,0.113,false,20.461,MODERATE,8,180,sequential_yolo_pose,SM-S906U1,GPU
2026-04-22 23:22:26.367,116.639,23.421,51.878,1.161,2.883,9.436,10.828,0.045,false,20.407,MODERATE,8,180,sequential_yolo_pose,SM-S906U1,GPU
2026-04-22 23:22:26.490,118.276,22.197,54.164,0.932,2.765,7.877,11.670,0.043,false,20.340,MODERATE,8,180,sequential_yolo_pose,SM-S906U1,GPU
2026-04-22 23:22:26.608,114.122,22.010,53.239,1.081,4.789,5.682,11.207,0.048,false,20.344,MODERATE,8,180,sequential_yolo_pose,SM-S906U1,GPU
2026-04-22 23:22:26.725,110.267,20.749,55.734,0.599,2.055,8.289,11.396,0.063,false,20.313,MODERATE,8,180,sequential_yolo_pose,SM-S906U1,GPU
2026-04-22 23:22:26.850,121.347,25.543,52.238,1.064,2.446,8.760,14.043,0.196,false,20.375,MODERATE,8,180,sequential_yolo_pose,SM-S906U1,GPU
2026-04-22 23:22:26.972,111.636,21.809,52.050,1.213,2.122,6.600,9.734,0.046,false,20.282,MODERATE,8,180,sequential_yolo_pose,SM-S906U1,GPU
2026-04-22 23:22:27.103,119.668,24.618,52.427,1.530,2.869,9.065,10.486,0.048,false,20.407,MODERATE,9,180,sequential_yolo_pose,SM-S906U1,GPU
2026-04-22 23:22:27.227,119.468,20.296,54.978,0.616,1.898,14.500,11.483,0.047,false,20.407,MODERATE,9,180,sequential_yolo_pose,SM-S906U1,GPU
2026-04-22 23:22:27.322,91.549,22.035,52.733,0.754,0.000,0.000,0.000,0.000,true,16.981,MODERATE,9,180,sequential_yolo_pose,SM-S906U1,GPU
2026-04-22 23:22:27.444,115.959,22.292,56.651,1.316,2.251,6.563,10.809,0.066,false,34.020,MODERATE,9,180,sequential_yolo_pose,SM-S906U1,GPU
2026-04-22 23:22:27.577,126.200,22.498,56.133,1.330,3.864,10.146,12.931,0.034,false,20.434,MODERATE,9,180,sequential_yolo_pose,SM-S906U1,GPU
2026-04-22 23:22:27.698,115.470,21.581,51.944,0.808,2.768,8.503,12.433,0.039,false,20.407,MODERATE,9,180,sequential_yolo_pose,SM-S906U1,GPU
2026-04-22 23:22:27.822,120.356,28.139,55.040,0.558,2.079,9.499,9.020,0.028,false,20.313,MODERATE,9,180,sequential_yolo_pose,SM-S906U1,GPU
2026-04-22 23:22:27.939,112.569,27.997,51.431,0.544,1.911,4.683,10.541,0.040,false,20.313,MODERATE,9,180,sequential_yolo_pose,SM-S906U1,GPU
2026-04-22 23:22:28.060,114.530,27.101,52.536,0.495,2.380,6.553,10.240,0.038,false,20.469,MODERATE,8,180,sequential_yolo_pose,SM-S906U1,GPU
2026-04-22 23:22:28.174,109.323,27.056,50.134,0.555,1.820,4.640,9.085,0.040,false,20.344,MODERATE,8,180,sequential_yolo_pose,SM-S906U1,GPU
2026-04-22 23:22:28.308,127.152,27.619,52.110,1.045,3.522,14.347,11.437,0.039,false,20.469,MODERATE,8,180,sequential_yolo_pose,SM-S906U1,GPU
2026-04-22 23:22:28.439,123.338,24.207,52.771,1.426,3.588,13.700,10.614,0.053,false,20.371,MODERATE,8,180,sequential_yolo_pose,SM-S906U1,GPU
2026-04-22 23:22:28.568,119.941,20.439,56.128,1.018,5.946,10.618,10.251,0.046,false,20.407,MODERATE,8,180,sequential_yolo_pose,SM-S906U1,GPU
2026-04-22 23:22:28.698,126.512,26.736,53.023,1.319,3.008,9.678,11.691,0.050,false,20.375,MODERATE,8,180,sequential_yolo_pose,SM-S906U1,GPU
2026-04-22 23:22:28.827,124.188,25.613,54.017,1.355,3.609,8.508,9.593,0.036,false,20.344,MODERATE,8,180,sequential_yolo_pose,SM-S906U1,GPU
2026-04-22 23:22:28.946,114.538,20.511,54.106,1.413,2.973,8.800,10.822,0.049,false,20.313,MODERATE,8,180,sequential_yolo_pose,SM-S906U1,GPU
2026-04-22 23:22:29.071,117.147,24.741,54.475,1.086,3.751,5.617,10.306,0.034,false,20.473,MODERATE,8,180,sequential_yolo_pose,SM-S906U1,GPU
2026-04-22 23:22:29.186,108.526,20.460,53.236,0.954,2.134,8.859,12.841,0.034,false,20.375,MODERATE,8,180,sequential_yolo_pose,SM-S906U1,GPU
2026-04-22 23:22:29.309,118.395,20.640,56.072,1.146,2.883,9.543,12.031,0.035,false,20.403,MODERATE,8,180,sequential_yolo_pose,SM-S906U1,GPU
2026-04-22 23:22:29.415,98.363,26.267,54.408,1.030,0.000,0.000,0.000,0.000,true,16.918,MODERATE,8,180,sequential_yolo_pose,SM-S906U1,GPU
2026-04-22 23:22:29.542,118.046,24.916,52.818,1.225,3.173,8.218,11.582,0.048,false,33.957,MODERATE,8,180,sequential_yolo_pose,SM-S906U1,GPU
2026-04-22 23:22:29.655,97.080,26.616,53.779,0.701,0.000,0.000,0.000,0.000,true,16.981,MODERATE,8,180,sequential_yolo_pose,SM-S906U1,GPU
2026-04-22 23:22:29.776,114.702,23.705,54.889,1.107,2.562,6.788,9.641,0.053,false,33.926,MODERATE,8,180,sequential_yolo_pose,SM-S906U1,GPU
2026-04-22 23:22:29.901,116.227,20.172,53.481,1.284,3.136,11.742,10.098,0.037,false,14.539,MODERATE,8,180,sequential_yolo_pose,SM-S906U1,GPU
2026-04-22 23:22:29.997,90.612,20.386,51.254,0.489,0.000,0.000,0.000,0.000,true,18.156,MODERATE,8,180,sequential_yolo_pose,SM-S906U1,GPU
2026-04-22 23:22:30.102,100.502,23.832,54.471,0.620,0.000,0.000,0.000,0.000,true,31.801,MODERATE,9,180,sequential_yolo_pose,SM-S906U1,GPU
2026-04-22 23:22:30.232,124.590,22.191,54.320,0.752,3.029,10.067,12.830,0.053,false,16.856,MODERATE,9,180,sequential_yolo_pose,SM-S906U1,GPU
2026-04-22 23:22:30.363,126.696,22.689,57.267,0.533,2.868,14.521,9.771,0.055,false,20.407,MODERATE,9,180,sequential_yolo_pose,SM-S906U1,GPU
2026-04-22 23:22:30.485,117.546,21.199,53.260,0.833,2.031,10.044,11.006,0.033,false,20.344,MODERATE,9,180,sequential_yolo_pose,SM-S906U1,GPU
2026-04-22 23:22:30.607,114.380,23.925,53.746,1.050,2.534,6.164,10.757,0.064,false,20.371,MODERATE,9,180,sequential_yolo_pose,SM-S906U1,GPU
2026-04-22 23:22:30.740,122.039,21.385,53.421,0.957,3.143,17.186,12.884,0.054,false,20.469,MODERATE,9,180,sequential_yolo_pose,SM-S906U1,GPU
2026-04-22 23:22:30.852,106.947,20.683,54.698,0.514,1.399,5.018,10.357,0.034,false,20.344,MODERATE,9,180,sequential_yolo_pose,SM-S906U1,GPU
2026-04-22 23:22:30.966,110.698,20.046,54.454,1.244,2.920,10.470,10.435,0.071,false,20.375,MODERATE,9,180,sequential_yolo_pose,SM-S906U1,GPU
2026-04-22 23:22:31.091,120.159,22.996,54.794,0.804,2.189,8.722,13.885,0.063,false,20.407,MODERATE,8,180,sequential_yolo_pose,SM-S906U1,GPU
2026-04-22 23:22:31.210,113.812,19.704,54.062,0.997,5.001,9.904,10.724,0.055,false,20.403,MODERATE,8,180,sequential_yolo_pose,SM-S906U1,GPU
2026-04-22 23:22:31.334,116.212,20.293,53.402,1.099,2.190,10.110,12.757,0.035,false,20.407,MODERATE,8,180,sequential_yolo_pose,SM-S906U1,GPU
2026-04-22 23:22:31.450,112.070,23.816,51.937,0.769,1.849,5.421,12.010,0.039,false,20.344,MODERATE,8,180,sequential_yolo_pose,SM-S906U1,GPU
2026-04-22 23:22:31.575,118.671,20.717,54.075,1.265,2.823,10.058,11.991,0.117,false,20.375,MODERATE,8,180,sequential_yolo_pose,SM-S906U1,GPU
2026-04-22 23:22:31.676,93.342,20.645,53.069,0.789,0.000,0.000,0.000,0.000,true,16.977,MODERATE,8,180,sequential_yolo_pose,SM-S906U1,GPU
2026-04-22 23:22:31.811,127.731,26.752,53.164,1.242,3.055,5.528,12.804,0.045,false,33.954,MODERATE,8,180,sequential_yolo_pose,SM-S906U1,GPU
2026-04-22 23:22:31.940,124.018,27.065,52.886,1.451,9.698,8.414,12.686,0.036,false,30.383,MODERATE,8,180,sequential_yolo_pose,SM-S906U1,GPU
2026-04-22 23:22:32.057,110.986,20.231,53.404,0.799,2.698,7.918,13.574,0.031,false,20.407,MODERATE,8,180,sequential_yolo_pose,SM-S906U1,GPU
2026-04-22 23:22:32.178,117.024,25.634,54.797,1.276,3.176,5.058,11.645,0.043,false,20.375,MODERATE,8,180,sequential_yolo_pose,SM-S906U1,GPU
2026-04-22 23:22:32.301,117.068,23.069,51.964,1.205,3.934,9.663,10.356,0.046,false,20.371,MODERATE,8,180,sequential_yolo_pose,SM-S906U1,GPU
2026-04-22 23:22:32.435,129.064,26.166,52.935,1.126,6.769,8.273,14.148,0.049,false,20.469,MODERATE,8,180,sequential_yolo_pose,SM-S906U1,GPU
2026-04-22 23:22:32.557,115.928,20.165,56.139,1.265,4.390,10.304,13.078,0.042,false,20.375,MODERATE,8,180,sequential_yolo_pose,SM-S906U1,GPU
2026-04-22 23:22:32.671,108.474,20.114,54.502,1.289,4.771,6.937,10.346,0.048,false,20.340,MODERATE,8,180,sequential_yolo_pose,SM-S906U1,GPU
2026-04-22 23:22:32.799,123.844,21.137,57.667,1.224,3.673,10.675,12.907,0.048,false,20.438,MODERATE,8,180,sequential_yolo_pose,SM-S906U1,GPU
2026-04-22 23:22:32.932,127.577,20.843,58.470,1.081,4.490,10.962,13.208,0.049,false,20.407,MODERATE,8,180,sequential_yolo_pose,SM-S906U1,GPU
2026-04-22 23:22:33.056,117.708,23.057,54.990,0.571,1.675,5.878,13.524,0.044,false,20.469,MODERATE,8,180,sequential_yolo_pose,SM-S906U1,GPU
2026-04-22 23:22:33.175,114.299,19.570,52.659,1.222,2.732,10.519,11.507,0.053,false,20.375,MODERATE,8,180,sequential_yolo_pose,SM-S906U1,GPU
2026-04-22 23:22:33.302,118.884,23.732,52.327,1.337,2.856,10.954,10.905,0.032,false,20.403,MODERATE,8,180,sequential_yolo_pose,SM-S906U1,GPU
2026-04-22 23:22:33.424,117.515,22.950,53.073,0.688,1.561,7.105,12.796,0.055,false,20.344,MODERATE,8,180,sequential_yolo_pose,SM-S906U1,GPU
2026-04-22 23:22:33.543,113.657,20.699,52.880,1.347,4.098,8.543,11.253,0.030,false,20.375,MODERATE,8,180,sequential_yolo_pose,SM-S906U1,GPU
2026-04-22 23:22:33.674,126.095,22.463,51.313,1.133,2.566,15.135,11.943,0.034,false,20.434,MODERATE,8,180,sequential_yolo_pose,SM-S906U1,GPU
2026-04-22 23:22:33.773,92.176,20.155,53.533,0.919,0.000,0.000,0.000,0.000,true,17.012,MODERATE,8,180,sequential_yolo_pose,SM-S906U1,GPU
2026-04-22 23:22:33.885,105.126,27.044,52.502,0.714,0.000,0.000,0.000,0.000,true,30.625,MODERATE,8,180,sequential_yolo_pose,SM-S906U1,GPU
2026-04-22 23:22:34.032,140.916,30.985,55.238,0.942,3.964,11.627,18.088,0.051,false,21.641,MODERATE,8,180,sequential_yolo_pose,SM-S906U1,GPU
2026-04-22 23:22:34.176,138.207,19.734,52.211,1.459,3.642,15.566,27.019,0.028,false,13.617,MODERATE,8,180,sequential_yolo_pose,SM-S906U1,GPU
2026-04-22 23:22:34.306,121.953,21.299,56.229,1.228,3.101,13.930,11.692,0.031,false,20.434,MODERATE,8,180,sequential_yolo_pose,SM-S906U1,GPU
2026-04-22 23:22:34.408,92.381,26.379,52.355,0.984,0.000,0.000,0.000,0.000,true,16.981,MODERATE,8,180,sequential_yolo_pose,SM-S906U1,GPU
2026-04-22 23:22:34.550,127.252,27.049,52.456,1.441,2.940,7.677,14.274,0.034,false,34.051,MODERATE,8,180,sequential_yolo_pose,SM-S906U1,GPU
2026-04-22 23:22:34.671,112.938,23.630,51.497,1.382,2.682,7.442,10.334,0.049,false,20.278,MODERATE,8,180,sequential_yolo_pose,SM-S906U1,GPU
2026-04-22 23:22:34.791,113.004,20.598,56.004,0.940,2.407,10.436,10.731,0.028,false,20.407,MODERATE,8,180,sequential_yolo_pose,SM-S906U1,GPU
2026-04-22 23:22:34.911,115.850,23.829,54.145,1.098,2.608,6.621,11.788,0.051,false,20.344,MODERATE,8,180,sequential_yolo_pose,SM-S906U1,GPU
2026-04-22 23:22:35.034,116.655,21.287,55.957,1.233,3.254,10.517,11.609,0.028,false,20.375,MODERATE,8,180,sequential_yolo_pose,SM-S906U1,GPU
2026-04-22 23:22:35.159,119.776,22.632,52.438,1.110,4.407,10.427,12.113,0.115,false,20.407,MODERATE,8,180,sequential_yolo_pose,SM-S906U1,GPU
2026-04-22 23:22:35.279,113.924,21.549,53.024,0.806,1.967,6.576,13.510,0.060,false,20.340,MODERATE,8,180,sequential_yolo_pose,SM-S906U1,GPU
2026-04-22 23:22:35.401,111.787,19.857,53.166,1.065,3.355,9.778,14.033,0.040,false,20.403,MODERATE,8,180,sequential_yolo_pose,SM-S906U1,GPU
2026-04-22 23:22:35.526,120.091,21.220,53.424,0.623,1.514,10.166,13.416,0.060,false,20.375,MODERATE,8,180,sequential_yolo_pose,SM-S906U1,GPU
2026-04-22 23:22:35.651,119.532,25.393,54.742,1.103,2.147,7.641,12.393,0.099,false,20.344,MODERATE,8,180,sequential_yolo_pose,SM-S906U1,GPU
2026-04-22 23:22:35.774,112.362,20.199,52.599,1.321,3.236,8.992,12.310,0.033,false,20.407,MODERATE,8,180,sequential_yolo_pose,SM-S906U1,GPU
2026-04-22 23:22:35.898,118.826,19.702,53.826,0.552,1.600,13.180,13.559,0.059,false,20.407,MODERATE,8,180,sequential_yolo_pose,SM-S906U1,GPU
2026-04-22 23:22:36.033,130.152,25.289,51.463,0.677,1.904,8.433,23.889,0.050,false,20.469,MODERATE,8,180,sequential_yolo_pose,SM-S906U1,GPU
2026-04-22 23:22:36.149,111.456,19.839,51.444,0.905,2.893,6.441,14.026,0.034,false,20.375,MODERATE,9,180,sequential_yolo_pose,SM-S906U1,GPU
2026-04-22 23:22:36.275,117.111,22.890,52.427,1.320,4.711,5.288,12.493,0.029,false,20.407,MODERATE,9,180,sequential_yolo_pose,SM-S906U1,GPU
2026-04-22 23:22:36.397,113.582,20.154,55.481,1.168,3.989,10.430,12.085,0.047,false,20.407,MODERATE,9,180,sequential_yolo_pose,SM-S906U1,GPU
2026-04-22 23:22:36.524,121.064,21.164,53.371,1.368,4.013,12.758,10.409,0.044,false,20.375,MODERATE,9,180,sequential_yolo_pose,SM-S906U1,GPU
2026-04-22 23:22:36.647,116.334,21.649,55.520,1.077,3.324,8.704,11.537,0.052,false,20.375,MODERATE,9,180,sequential_yolo_pose,SM-S906U1,GPU
2026-04-22 23:22:36.783,130.421,25.194,51.967,1.130,7.131,13.901,14.759,0.049,false,20.438,MODERATE,9,180,sequential_yolo_pose,SM-S906U1,GPU
2026-04-22 23:22:36.903,112.383,20.366,52.614,1.015,2.959,10.043,11.587,0.050,false,20.375,MODERATE,9,180,sequential_yolo_pose,SM-S906U1,GPU
2026-04-22 23:22:37.027,117.865,20.912,53.385,0.591,1.867,7.397,12.477,0.042,false,20.371,MODERATE,9,180,sequential_yolo_pose,SM-S906U1,GPU
2026-04-22 23:22:37.144,112.754,25.776,52.958,0.564,1.808,4.978,11.114,0.042,false,20.344,MODERATE,8,180,sequential_yolo_pose,SM-S906U1,GPU
2026-04-22 23:22:37.271,120.829,26.593,52.687,0.742,2.740,9.237,11.433,0.046,false,20.371,MODERATE,8,180,sequential_yolo_pose,SM-S906U1,GPU
2026-04-22 23:22:37.397,120.048,21.109,51.483,0.965,2.378,10.586,11.195,0.051,false,20.371,MODERATE,8,180,sequential_yolo_pose,SM-S906U1,GPU
2026-04-22 23:22:37.515,112.235,20.650,54.137,0.822,2.035,7.166,11.075,0.066,false,20.344,MODERATE,8,180,sequential_yolo_pose,SM-S906U1,GPU
2026-04-22 23:22:37.651,126.017,28.501,54.738,1.031,2.443,8.619,12.541,0.052,false,20.313,MODERATE,8,180,sequential_yolo_pose,SM-S906U1,GPU
2026-04-22 23:22:37.776,115.498,23.618,55.038,1.381,2.784,5.285,11.036,0.199,false,20.375,MODERATE,8,180,sequential_yolo_pose,SM-S906U1,GPU
2026-04-22 23:22:37.902,113.934,20.203,56.539,1.405,2.816,10.083,12.760,0.051,false,20.407,MODERATE,8,180,sequential_yolo_pose,SM-S906U1,GPU
2026-04-22 23:22:38.023,115.277,19.901,51.565,0.634,1.568,9.329,13.255,0.035,false,20.344,MODERATE,8,180,sequential_yolo_pose,SM-S906U1,GPU
2026-04-22 23:22:38.120,92.994,22.479,55.063,3.037,0.000,0.000,0.000,0.000,true,16.981,MODERATE,8,180,sequential_yolo_pose,SM-S906U1,GPU
2026-04-22 23:22:38.223,96.609,24.890,54.724,0.987,0.000,0.000,0.000,0.000,true,30.594,MODERATE,8,180,sequential_yolo_pose,SM-S906U1,GPU
2026-04-22 23:22:38.334,104.391,26.482,54.475,0.739,0.000,0.000,0.000,0.000,true,13.852,MODERATE,8,180,sequential_yolo_pose,SM-S906U1,GPU
2026-04-22 23:22:38.446,105.363,24.178,57.139,0.847,0.000,0.000,0.000,0.000,true,17.035,MODERATE,8,180,sequential_yolo_pose,SM-S906U1,GPU
2026-04-22 23:22:38.584,127.923,22.679,53.248,1.108,3.433,9.007,14.734,0.033,false,34.043,MODERATE,8,180,sequential_yolo_pose,SM-S906U1,GPU
2026-04-22 23:22:38.702,110.307,19.645,53.179,0.494,1.918,5.289,11.433,0.055,false,20.426,MODERATE,8,180,sequential_yolo_pose,SM-S906U1,GPU
2026-04-22 23:22:38.806,98.669,24.708,55.229,0.804,0.000,0.000,0.000,0.000,true,16.949,MODERATE,8,180,sequential_yolo_pose,SM-S906U1,GPU
2026-04-22 23:22:38.910,95.180,20.960,54.063,0.726,0.000,0.000,0.000,0.000,true,30.625,MODERATE,8,180,sequential_yolo_pose,SM-S906U1,GPU
2026-04-22 23:22:39.050,131.683,26.143,53.743,1.196,4.493,8.958,15.791,0.061,false,16.856,MODERATE,8,180,sequential_yolo_pose,SM-S906U1,GPU
2026-04-22 23:22:39.175,120.070,23.581,55.387,1.259,2.664,8.855,12.724,0.053,false,20.438,MODERATE,9,180,sequential_yolo_pose,SM-S906U1,GPU
2026-04-22 23:22:39.306,122.046,21.593,54.230,1.291,2.856,8.573,16.528,0.022,false,20.375,MODERATE,9,180,sequential_yolo_pose,SM-S906U1,GPU
2026-04-22 23:22:39.429,116.271,20.686,53.442,1.165,2.380,10.505,10.786,0.044,false,20.375,MODERATE,9,180,sequential_yolo_pose,SM-S906U1,GPU
2026-04-22 23:22:39.555,122.536,21.552,55.847,1.323,3.050,10.220,16.617,0.043,false,20.375,MODERATE,9,180,sequential_yolo_pose,SM-S906U1,GPU
2026-04-22 23:22:39.683,122.866,20.871,54.117,1.150,3.289,11.295,18.972,0.052,false,20.430,MODERATE,9,180,sequential_yolo_pose,SM-S906U1,GPU
2026-04-22 23:22:39.808,116.520,21.677,53.105,1.069,2.944,8.981,11.625,0.067,false,20.375,MODERATE,9,180,sequential_yolo_pose,SM-S906U1,GPU
2026-04-22 23:22:39.922,109.037,20.963,50.741,0.561,1.506,7.087,12.066,0.046,false,20.340,MODERATE,9,180,sequential_yolo_pose,SM-S906U1,GPU
2026-04-22 23:22:40.042,116.108,20.850,52.019,1.567,5.094,9.202,11.361,0.064,false,20.407,MODERATE,9,180,sequential_yolo_pose,SM-S906U1,GPU
2026-04-22 23:22:40.176,122.080,25.385,54.625,1.347,4.153,9.107,12.022,0.065,false,20.407,MODERATE,8,180,sequential_yolo_pose,SM-S906U1,GPU
2026-04-22 23:22:40.305,116.511,24.506,53.601,1.085,2.739,7.518,10.644,0.062,false,20.344,MODERATE,8,180,sequential_yolo_pose,SM-S906U1,GPU
2026-04-22 23:22:40.409,94.115,21.570,52.419,1.044,0.000,0.000,0.000,0.000,true,16.949,MODERATE,8,180,sequential_yolo_pose,SM-S906U1,GPU
2026-04-22 23:22:40.559,136.171,25.488,54.859,1.458,3.767,11.042,15.907,0.051,false,33.989,MODERATE,8,180,sequential_yolo_pose,SM-S906U1,GPU
2026-04-22 23:22:40.675,111.827,21.866,56.402,0.635,2.373,4.807,10.268,0.032,false,20.434,MODERATE,8,180,sequential_yolo_pose,SM-S906U1,GPU
2026-04-22 23:22:40.794,112.321,19.921,55.699,0.676,4.237,11.027,10.102,0.056,false,20.407,MODERATE,8,180,sequential_yolo_pose,SM-S906U1,GPU
2026-04-22 23:22:40.909,111.092,20.588,52.183,0.925,3.219,7.416,11.668,0.030,false,20.375,MODERATE,8,180,sequential_yolo_pose,SM-S906U1,GPU
2026-04-22 23:22:41.031,114.470,20.548,52.042,1.119,3.944,11.093,10.611,0.031,false,20.344,MODERATE,8,180,sequential_yolo_pose,SM-S906U1,GPU
2026-04-22 23:22:41.151,112.991,21.643,53.456,0.683,2.076,7.061,10.406,0.038,false,20.450,MODERATE,8,180,sequential_yolo_pose,SM-S906U1,GPU
2026-04-22 23:22:41.281,122.336,25.073,53.251,1.253,4.056,7.882,14.465,0.033,false,20.375,MODERATE,8,180,sequential_yolo_pose,SM-S906U1,GPU
2026-04-22 23:22:41.408,120.080,24.282,52.836,1.389,5.006,7.712,12.765,0.033,false,20.438,MODERATE,8,180,sequential_yolo_pose,SM-S906U1,GPU
2026-04-22 23:22:41.531,117.579,21.028,51.562,0.670,2.752,10.174,15.555,0.029,false,20.344,MODERATE,8,180,sequential_yolo_pose,SM-S906U1,GPU
2026-04-22 23:22:41.654,117.884,23.537,52.014,1.012,2.593,8.131,14.792,0.029,false,20.344,MODERATE,8,180,sequential_yolo_pose,SM-S906U1,GPU
2026-04-22 23:22:41.781,122.411,23.030,55.786,1.434,2.875,8.277,14.787,0.049,false,20.344,MODERATE,8,180,sequential_yolo_pose,SM-S906U1,GPU
2026-04-22 23:22:41.906,116.237,21.748,53.137,1.588,3.341,8.860,11.273,0.077,false,20.375,MODERATE,8,180,sequential_yolo_pose,SM-S906U1,GPU
2026-04-22 23:22:42.038,126.585,25.333,53.492,1.384,2.986,12.980,11.999,0.033,false,20.375,MODERATE,8,180,sequential_yolo_pose,SM-S906U1,GPU
2026-04-22 23:22:42.166,120.548,22.501,55.485,1.224,2.322,10.193,12.217,0.051,false,20.375,MODERATE,8,180,sequential_yolo_pose,SM-S906U1,GPU
2026-04-22 23:22:42.301,131.326,26.081,54.194,1.473,3.108,11.419,10.970,0.048,false,20.344,MODERATE,8,180,sequential_yolo_pose,SM-S906U1,GPU
2026-04-22 23:22:42.426,119.175,20.117,53.647,1.546,3.502,10.170,9.880,0.052,false,20.375,MODERATE,8,180,sequential_yolo_pose,SM-S906U1,GPU
2026-04-22 23:22:42.521,90.866,24.074,53.366,1.401,0.000,0.000,0.000,0.000,true,16.981,MODERATE,8,180,sequential_yolo_pose,SM-S906U1,GPU
2026-04-22 23:22:42.633,105.061,27.856,56.558,0.864,0.000,0.000,0.000,0.000,true,30.594,MODERATE,8,180,sequential_yolo_pose,SM-S906U1,GPU
2026-04-22 23:22:42.733,94.409,22.517,50.171,0.524,0.000,0.000,0.000,0.000,true,13.856,MODERATE,8,180,sequential_yolo_pose,SM-S906U1,GPU
2026-04-22 23:22:42.867,129.078,23.772,53.389,1.025,3.128,8.539,13.405,0.055,false,20.399,MODERATE,8,180,sequential_yolo_pose,SM-S906U1,GPU
2026-04-22 23:22:42.970,95.908,23.965,54.992,0.730,0.000,0.000,0.000,0.000,true,16.949,MODERATE,8,180,sequential_yolo_pose,SM-S906U1,GPU
2026-04-22 23:22:43.114,138.630,25.184,60.407,1.224,2.592,12.603,13.338,0.047,false,33.989,MODERATE,8,180,sequential_yolo_pose,SM-S906U1,GPU
2026-04-22 23:22:43.219,100.024,25.633,55.324,0.491,0.000,0.000,0.000,0.000,true,17.039,MODERATE,8,180,sequential_yolo_pose,SM-S906U1,GPU
2026-04-22 23:22:43.319,95.794,24.979,51.744,0.895,0.000,0.000,0.000,0.000,true,30.621,MODERATE,8,180,sequential_yolo_pose,SM-S906U1,GPU
2026-04-22 23:22:43.444,118.816,23.344,55.074,0.968,2.788,8.249,10.698,0.041,false,17.309,MODERATE,8,180,sequential_yolo_pose,SM-S906U1,GPU
2026-04-22 23:22:43.569,116.147,26.394,52.405,1.462,2.811,4.705,11.486,0.050,false,20.375,MODERATE,8,180,sequential_yolo_pose,SM-S906U1,GPU
2026-04-22 23:22:43.690,117.562,20.237,51.831,0.982,2.279,8.673,15.131,0.031,false,20.375,MODERATE,8,180,sequential_yolo_pose,SM-S906U1,GPU
2026-04-22 23:22:43.809,115.111,20.412,53.051,1.632,3.074,10.627,13.309,0.041,false,20.407,MODERATE,8,180,sequential_yolo_pose,SM-S906U1,GPU
2026-04-22 23:22:43.936,118.611,20.293,53.786,1.234,3.288,12.865,11.312,0.031,false,20.375,MODERATE,8,180,sequential_yolo_pose,SM-S906U1,GPU
2026-04-22 23:22:44.051,110.053,20.047,53.039,0.597,1.561,5.351,13.494,0.022,false,20.375,MODERATE,8,180,sequential_yolo_pose,SM-S906U1,GPU
2026-04-22 23:22:44.171,116.586,20.726,53.411,0.665,2.608,10.926,14.026,0.043,false,20.500,MODERATE,9,180,sequential_yolo_pose,SM-S906U1,GPU
2026-04-22 23:22:44.300,123.938,22.167,53.363,1.040,4.453,10.655,11.842,0.038,false,20.375,MODERATE,9,180,sequential_yolo_pose,SM-S906U1,GPU
2026-04-22 23:22:44.417,111.956,19.911,51.193,0.655,1.351,6.975,11.048,0.050,false,20.371,MODERATE,9,180,sequential_yolo_pose,SM-S906U1,GPU
2026-04-22 23:22:44.542,120.168,21.557,54.014,1.365,4.306,11.813,12.373,0.049,false,20.403,MODERATE,9,180,sequential_yolo_pose,SM-S906U1,GPU
2026-04-22 23:22:44.670,121.711,26.098,53.088,1.127,2.731,8.726,12.110,0.062,false,20.375,MODERATE,9,180,sequential_yolo_pose,SM-S906U1,GPU
2026-04-22 23:22:44.798,122.725,20.634,53.581,1.085,3.434,14.745,11.751,0.045,false,20.371,MODERATE,9,180,sequential_yolo_pose,SM-S906U1,GPU
2026-04-22 23:22:44.916,113.643,21.565,54.607,0.743,2.033,5.721,12.321,0.042,false,20.282,MODERATE,9,180,sequential_yolo_pose,SM-S906U1,GPU
2026-04-22 23:22:45.033,112.090,23.417,53.031,0.757,6.520,5.295,9.816,0.026,false,20.407,MODERATE,9,180,sequential_yolo_pose,SM-S906U1,GPU
2026-04-22 23:22:45.156,118.930,23.079,56.924,0.412,1.998,5.851,14.318,0.039,false,20.469,MODERATE,8,180,sequential_yolo_pose,SM-S906U1,GPU
2026-04-22 23:22:45.264,102.737,16.984,55.044,0.584,3.798,6.703,10.603,0.056,false,20.375,MODERATE,8,180,sequential_yolo_pose,SM-S906U1,GPU
2026-04-22 23:22:45.375,106.438,18.540,54.277,0.616,2.368,5.279,11.829,0.053,false,20.438,MODERATE,8,180,sequential_yolo_pose,SM-S906U1,GPU
2026-04-22 23:22:45.495,112.039,22.740,53.996,0.715,2.424,6.622,11.211,0.044,false,20.403,MODERATE,8,180,sequential_yolo_pose,SM-S906U1,GPU
2026-04-22 23:22:45.609,110.118,20.504,52.741,0.662,2.181,5.779,11.932,0.042,false,20.407,MODERATE,8,180,sequential_yolo_pose,SM-S906U1,GPU
2026-04-22 23:22:45.727,113.273,21.077,56.015,0.722,2.175,6.459,10.168,0.037,false,20.403,MODERATE,8,180,sequential_yolo_pose,SM-S906U1,GPU
2026-04-22 23:22:45.838,105.801,19.187,52.178,0.754,2.239,5.748,11.638,0.040,false,20.375,MODERATE,8,180,sequential_yolo_pose,SM-S906U1,GPU
2026-04-22 23:22:45.947,104.797,17.773,51.428,0.615,2.288,5.834,11.535,0.072,false,20.313,MODERATE,8,180,sequential_yolo_pose,SM-S906U1,GPU
2026-04-22 23:22:46.068,113.390,21.643,50.944,0.622,4.803,7.609,12.201,0.040,false,20.465,MODERATE,8,180,sequential_yolo_pose,SM-S906U1,GPU
2026-04-22 23:22:46.186,114.058,22.071,57.725,0.734,1.957,5.958,10.744,0.044,false,20.407,MODERATE,9,180,sequential_yolo_pose,SM-S906U1,GPU
2026-04-22 23:22:46.299,108.419,20.326,54.562,0.822,1.809,7.078,10.241,0.032,false,20.313,MODERATE,9,180,sequential_yolo_pose,SM-S906U1,GPU
2026-04-22 23:22:46.412,106.761,19.017,53.929,0.663,1.580,5.459,11.346,0.063,false,20.438,MODERATE,9,180,sequential_yolo_pose,SM-S906U1,GPU
2026-04-22 23:22:46.534,114.519,22.599,59.877,0.813,2.138,5.889,9.988,0.041,false,20.340,MODERATE,9,180,sequential_yolo_pose,SM-S906U1,GPU
2026-04-22 23:22:46.653,112.835,20.611,57.365,0.793,2.207,5.933,11.355,0.052,false,20.344,MODERATE,9,180,sequential_yolo_pose,SM-S906U1,GPU
2026-04-22 23:22:46.767,109.126,17.667,60.594,0.833,2.224,6.313,9.886,0.033,false,20.344,MODERATE,9,180,sequential_yolo_pose,SM-S906U1,GPU
2026-04-22 23:22:46.875,101.807,29.739,54.368,0.694,0.000,0.000,0.000,0.000,true,17.012,MODERATE,9,180,sequential_yolo_pose,SM-S906U1,GPU
2026-04-22 23:22:46.990,99.427,25.814,54.384,0.938,0.000,0.000,0.000,0.000,true,30.625,MODERATE,9,180,sequential_yolo_pose,SM-S906U1,GPU
2026-04-22 23:22:47.111,114.944,32.081,53.315,0.753,0.000,0.000,0.000,0.000,true,18.215,MODERATE,8,180,sequential_yolo_pose,SM-S906U1,GPU
2026-04-22 23:22:47.222,101.662,20.585,59.778,0.770,0.000,0.000,0.000,0.000,true,31.860,MODERATE,8,180,sequential_yolo_pose,SM-S906U1,GPU
2026-04-22 23:22:47.369,140.586,27.139,57.158,1.384,5.794,12.406,13.308,0.039,false,21.578,MODERATE,8,180,sequential_yolo_pose,SM-S906U1,GPU
2026-04-22 23:22:47.509,137.008,21.358,57.622,0.948,3.826,21.597,13.500,0.030,false,38.680,MODERATE,8,180,sequential_yolo_pose,SM-S906U1,GPU
2026-04-22 23:22:47.619,95.216,25.032,52.974,1.251,0.000,0.000,0.000,0.000,true,16.977,MODERATE,8,180,sequential_yolo_pose,SM-S906U1,GPU
2026-04-22 23:22:47.726,99.621,22.731,57.456,0.842,0.000,0.000,0.000,0.000,true,30.653,MODERATE,8,180,sequential_yolo_pose,SM-S906U1,GPU
2026-04-22 23:22:47.824,93.409,22.021,53.366,1.195,0.000,0.000,0.000,0.000,true,13.883,MODERATE,8,180,sequential_yolo_pose,SM-S906U1,GPU
2026-04-22 23:22:47.922,93.221,21.508,55.248,0.723,0.000,0.000,0.000,0.000,true,16.973,MODERATE,8,180,sequential_yolo_pose,SM-S906U1,GPU
2026-04-22 23:22:48.050,122.026,26.304,52.658,1.006,2.333,8.931,12.243,0.059,false,33.981,MODERATE,8,180,sequential_yolo_pose,SM-S906U1,GPU
2026-04-22 23:22:48.186,128.019,25.562,54.808,1.007,2.017,6.827,14.708,0.028,false,20.489,MODERATE,9,180,sequential_yolo_pose,SM-S906U1,GPU
2026-04-22 23:22:48.309,119.366,21.508,54.428,1.286,5.026,7.923,12.582,0.047,false,20.313,MODERATE,9,180,sequential_yolo_pose,SM-S906U1,GPU
2026-04-22 23:22:48.443,120.368,22.619,54.784,1.309,2.761,8.730,11.736,0.035,false,20.407,MODERATE,9,180,sequential_yolo_pose,SM-S906U1,GPU
2026-04-22 23:22:48.565,114.679,20.515,53.929,1.094,1.996,9.528,11.469,0.047,false,20.434,MODERATE,9,180,sequential_yolo_pose,SM-S906U1,GPU
2026-04-22 23:22:48.680,109.944,23.068,51.060,0.553,1.456,4.870,11.893,0.045,false,20.375,MODERATE,9,180,sequential_yolo_pose,SM-S906U1,GPU
2026-04-22 23:22:48.805,119.807,24.355,50.229,1.421,2.535,13.591,11.162,0.049,false,20.403,MODERATE,9,180,sequential_yolo_pose,SM-S906U1,GPU
2026-04-22 23:22:48.906,95.796,24.587,54.659,0.722,0.000,0.000,0.000,0.000,true,17.012,MODERATE,9,180,sequential_yolo_pose,SM-S906U1,GPU
2026-04-22 23:22:49.015,101.380,25.954,52.811,1.412,0.000,0.000,0.000,0.000,true,30.625,MODERATE,9,180,sequential_yolo_pose,SM-S906U1,GPU
2026-04-22 23:22:49.130,103.556,30.012,56.886,0.963,0.000,0.000,0.000,0.000,true,18.668,MODERATE,8,180,sequential_yolo_pose,SM-S906U1,GPU
2026-04-22 23:22:49.230,94.360,21.155,53.942,1.392,0.000,0.000,0.000,0.000,true,32.313,MODERATE,8,180,sequential_yolo_pose,SM-S906U1,GPU
2026-04-22 23:22:49.363,128.012,26.751,52.515,1.054,2.070,9.117,12.252,0.058,false,21.547,MODERATE,8,180,sequential_yolo_pose,SM-S906U1,GPU
2026-04-22 23:22:49.491,122.890,25.069,53.830,1.046,1.946,7.889,11.066,0.036,false,38.492,MODERATE,8,180,sequential_yolo_pose,SM-S906U1,GPU
2026-04-22 23:22:49.610,110.700,23.952,53.357,0.582,1.442,4.904,10.637,0.040,false,20.364,MODERATE,8,180,sequential_yolo_pose,SM-S906U1,GPU
2026-04-22 23:22:49.732,113.355,20.898,52.612,1.276,2.487,10.375,10.804,0.049,false,20.371,MODERATE,8,180,sequential_yolo_pose,SM-S906U1,GPU
2026-04-22 23:22:49.854,117.223,24.485,54.588,0.912,1.819,7.254,11.768,0.066,false,20.375,MODERATE,8,180,sequential_yolo_pose,SM-S906U1,GPU
2026-04-22 23:22:49.984,121.738,26.470,52.517,1.085,2.291,8.034,14.574,0.037,false,20.375,MODERATE,8,180,sequential_yolo_pose,SM-S906U1,GPU
2026-04-22 23:22:50.106,115.954,21.375,53.553,1.172,2.942,11.880,10.802,0.032,false,20.403,MODERATE,8,180,sequential_yolo_pose,SM-S906U1,GPU
2026-04-22 23:22:50.231,113.513,24.545,54.078,0.788,1.513,5.988,11.207,0.038,false,20.375,MODERATE,9,180,sequential_yolo_pose,SM-S906U1,GPU
2026-04-22 23:22:50.357,120.906,21.664,54.132,0.727,2.208,8.929,10.873,0.032,false,20.407,MODERATE,9,180,sequential_yolo_pose,SM-S906U1,GPU
2026-04-22 23:22:50.483,119.805,25.935,54.557,1.089,2.383,7.141,13.151,0.051,false,20.344,MODERATE,9,180,sequential_yolo_pose,SM-S906U1,GPU
2026-04-22 23:22:50.606,117.513,21.941,53.130,2.678,4.390,9.591,12.149,0.036,false,20.430,MODERATE,9,180,sequential_yolo_pose,SM-S906U1,GPU
2026-04-22 23:22:50.731,120.996,22.071,54.851,1.090,3.982,10.280,12.098,0.038,false,20.375,MODERATE,9,180,sequential_yolo_pose,SM-S906U1,GPU
2026-04-22 23:22:50.851,113.829,20.672,53.381,1.124,2.713,7.583,11.833,0.042,false,20.313,MODERATE,9,180,sequential_yolo_pose,SM-S906U1,GPU
2026-04-22 23:22:50.955,96.383,23.836,55.202,1.037,0.000,0.000,0.000,0.000,true,16.981,MODERATE,9,180,sequential_yolo_pose,SM-S906U1,GPU
2026-04-22 23:22:51.065,103.353,26.302,58.451,1.178,0.000,0.000,0.000,0.000,true,30.625,MODERATE,9,180,sequential_yolo_pose,SM-S906U1,GPU
2026-04-22 23:22:51.180,106.762,26.934,54.983,0.808,0.000,0.000,0.000,0.000,true,13.938,MODERATE,8,180,sequential_yolo_pose,SM-S906U1,GPU
2026-04-22 23:22:51.276,91.560,21.717,51.748,1.065,0.000,0.000,0.000,0.000,true,17.004,MODERATE,8,180,sequential_yolo_pose,SM-S906U1,GPU
2026-04-22 23:22:51.386,101.998,27.094,51.948,1.201,0.000,0.000,0.000,0.000,true,30.586,MODERATE,8,180,sequential_yolo_pose,SM-S906U1,GPU
2026-04-22 23:22:51.498,101.575,23.748,50.880,0.584,0.000,0.000,0.000,0.000,true,13.914,MODERATE,8,180,sequential_yolo_pose,SM-S906U1,GPU
2026-04-22 23:22:51.606,102.652,26.342,54.454,1.013,0.000,0.000,0.000,0.000,true,16.942,MODERATE,8,180,sequential_yolo_pose,SM-S906U1,GPU
2026-04-22 23:22:51.723,106.121,25.906,52.521,1.197,0.000,0.000,0.000,0.000,true,30.586,MODERATE,8,180,sequential_yolo_pose,SM-S906U1,GPU
2026-04-22 23:22:51.836,106.442,24.928,54.509,0.911,0.000,0.000,0.000,0.000,true,13.430,MODERATE,8,180,sequential_yolo_pose,SM-S906U1,GPU
2026-04-22 23:22:51.949,106.725,25.076,54.101,1.256,0.000,0.000,0.000,0.000,true,17.004,MODERATE,8,180,sequential_yolo_pose,SM-S906U1,GPU
2026-04-22 23:22:52.101,140.621,23.871,53.440,1.404,2.795,16.758,10.364,0.051,false,33.918,MODERATE,8,180,sequential_yolo_pose,SM-S906U1,GPU
2026-04-22 23:22:52.202,94.730,23.163,55.771,0.912,0.000,0.000,0.000,0.000,true,17.016,MODERATE,9,180,sequential_yolo_pose,SM-S906U1,GPU
2026-04-22 23:22:52.350,136.163,24.596,52.436,1.379,2.619,14.909,12.975,0.047,false,34.024,MODERATE,9,180,sequential_yolo_pose,SM-S906U1,GPU
2026-04-22 23:22:52.481,122.147,23.736,57.617,1.218,2.473,6.762,14.163,0.053,false,20.438,MODERATE,9,180,sequential_yolo_pose,SM-S906U1,GPU
2026-04-22 23:22:52.605,117.117,20.347,55.106,1.142,2.810,15.326,12.217,0.037,false,20.407,MODERATE,9,180,sequential_yolo_pose,SM-S906U1,GPU
2026-04-22 23:22:52.738,128.248,20.892,52.102,1.532,2.691,18.832,10.548,0.053,false,20.438,MODERATE,9,180,sequential_yolo_pose,SM-S906U1,GPU
2026-04-22 23:22:52.858,115.978,20.607,53.991,0.944,2.691,10.906,11.956,0.051,false,20.407,MODERATE,9,180,sequential_yolo_pose,SM-S906U1,GPU
2026-04-22 23:22:52.986,120.530,21.552,54.600,1.124,2.371,8.534,11.991,0.062,false,20.344,MODERATE,9,180,sequential_yolo_pose,SM-S906U1,GPU
2026-04-22 23:22:53.107,115.533,20.815,53.134,1.442,2.819,7.656,12.677,0.036,false,20.371,MODERATE,9,180,sequential_yolo_pose,SM-S906U1,GPU
2026-04-22 23:22:53.229,114.426,22.007,54.417,0.763,1.774,7.183,10.620,0.033,false,20.375,MODERATE,8,180,sequential_yolo_pose,SM-S906U1,GPU
2026-04-22 23:22:53.354,119.147,23.846,53.286,1.190,2.316,8.383,14.207,0.038,false,20.375,MODERATE,8,180,sequential_yolo_pose,SM-S906U1,GPU
2026-04-22 23:22:53.471,112.804,22.788,52.863,1.311,3.017,6.599,10.587,0.054,false,20.371,MODERATE,8,180,sequential_yolo_pose,SM-S906U1,GPU
2026-04-22 23:22:53.598,119.675,23.716,52.344,1.200,2.756,10.930,10.126,0.036,false,20.371,MODERATE,8,180,sequential_yolo_pose,SM-S906U1,GPU
2026-04-22 23:22:53.712,108.739,20.287,52.036,1.335,2.137,8.142,12.601,0.052,false,20.407,MODERATE,8,180,sequential_yolo_pose,SM-S906U1,GPU
2026-04-22 23:22:53.839,117.912,21.165,53.675,1.342,6.518,10.867,11.497,0.038,false,20.407,MODERATE,8,180,sequential_yolo_pose,SM-S906U1,GPU
2026-04-22 23:22:53.934,90.090,20.897,52.038,0.588,0.000,0.000,0.000,0.000,true,16.981,MODERATE,8,180,sequential_yolo_pose,SM-S906U1,GPU
2026-04-22 23:22:54.071,130.173,27.727,52.119,1.406,2.529,12.320,10.522,0.037,false,33.989,MODERATE,8,180,sequential_yolo_pose,SM-S906U1,GPU
2026-04-22 23:22:54.198,111.475,23.301,54.286,0.581,1.704,5.517,9.101,0.031,false,20.465,MODERATE,8,180,sequential_yolo_pose,SM-S906U1,GPU
2026-04-22 23:22:54.310,107.380,20.466,51.873,0.842,2.602,6.767,11.498,0.042,false,20.344,MODERATE,8,180,sequential_yolo_pose,SM-S906U1,GPU
2026-04-22 23:22:54.443,122.805,21.531,54.361,1.243,2.766,12.376,13.908,0.051,false,20.407,MODERATE,8,180,sequential_yolo_pose,SM-S906U1,GPU
2026-04-22 23:22:54.561,112.536,23.878,51.514,0.793,1.479,6.749,11.472,0.048,false,20.375,MODERATE,8,180,sequential_yolo_pose,SM-S906U1,GPU
2026-04-22 23:22:54.673,107.706,20.197,52.909,1.580,1.517,4.950,10.162,0.045,false,20.344,MODERATE,8,180,sequential_yolo_pose,SM-S906U1,GPU
2026-04-22 23:22:54.783,105.793,21.575,55.286,0.653,1.380,5.543,10.161,0.075,false,20.313,MODERATE,8,180,sequential_yolo_pose,SM-S906U1,GPU
2026-04-22 23:22:54.906,119.530,21.596,53.590,1.541,4.157,11.261,10.780,0.048,false,20.375,MODERATE,8,180,sequential_yolo_pose,SM-S906U1,GPU
2026-04-22 23:22:55.042,129.583,20.377,54.574,1.276,2.746,14.292,18.068,0.045,false,20.469,MODERATE,8,180,sequential_yolo_pose,SM-S906U1,GPU
2026-04-22 23:22:55.173,124.003,24.770,52.965,1.489,3.270,13.062,10.631,0.049,false,20.375,MODERATE,8,180,sequential_yolo_pose,SM-S906U1,GPU
2026-04-22 23:22:55.276,95.764,24.789,52.961,0.920,0.000,0.000,0.000,0.000,true,16.981,MODERATE,8,180,sequential_yolo_pose,SM-S906U1,GPU
2026-04-22 23:22:55.383,100.007,23.945,52.807,1.317,0.000,0.000,0.000,0.000,true,30.657,MODERATE,8,180,sequential_yolo_pose,SM-S906U1,GPU
2026-04-22 23:22:55.492,97.744,23.782,55.989,1.029,0.000,0.000,0.000,0.000,true,18.184,MODERATE,8,180,sequential_yolo_pose,SM-S906U1,GPU
2026-04-22 23:22:55.607,108.619,27.102,57.092,0.975,0.000,0.000,0.000,0.000,true,31.766,MODERATE,8,180,sequential_yolo_pose,SM-S906U1,GPU
2026-04-22 23:22:55.723,103.884,25.677,52.806,1.140,0.000,0.000,0.000,0.000,true,13.524,MODERATE,8,180,sequential_yolo_pose,SM-S906U1,GPU
2026-04-22 23:22:55.822,92.306,21.206,53.330,1.223,0.000,0.000,0.000,0.000,true,16.942,MODERATE,8,180,sequential_yolo_pose,SM-S906U1,GPU
2026-04-22 23:22:55.936,107.450,29.845,54.097,0.627,0.000,0.000,0.000,0.000,true,30.586,MODERATE,8,180,sequential_yolo_pose,SM-S906U1,GPU
2026-04-22 23:22:56.045,102.536,24.759,52.129,1.273,0.000,0.000,0.000,0.000,true,13.883,MODERATE,8,180,sequential_yolo_pose,SM-S906U1,GPU
2026-04-22 23:22:56.165,109.054,24.696,54.253,0.515,0.000,0.000,0.000,0.000,true,16.942,MODERATE,9,180,sequential_yolo_pose,SM-S906U1,GPU
2026-04-22 23:22:56.262,93.527,21.969,53.894,0.566,0.000,0.000,0.000,0.000,true,30.618,MODERATE,9,180,sequential_yolo_pose,SM-S906U1,GPU
2026-04-22 23:22:56.365,98.673,23.917,55.931,0.598,0.000,0.000,0.000,0.000,true,13.981,MODERATE,9,180,sequential_yolo_pose,SM-S906U1,GPU
2026-04-22 23:22:56.460,89.332,22.269,50.232,0.594,0.000,0.000,0.000,0.000,true,16.973,MODERATE,9,180,sequential_yolo_pose,SM-S906U1,GPU
2026-04-22 23:22:56.556,91.360,21.192,52.039,0.678,0.000,0.000,0.000,0.000,true,30.618,MODERATE,9,180,sequential_yolo_pose,SM-S906U1,GPU
2026-04-22 23:22:56.675,113.837,22.800,52.569,1.032,2.449,7.224,10.918,0.046,false,21.512,MODERATE,9,180,sequential_yolo_pose,SM-S906U1,GPU
2026-04-22 23:22:56.782,101.043,23.514,56.727,0.629,0.000,0.000,0.000,0.000,true,35.188,MODERATE,9,180,sequential_yolo_pose,SM-S906U1,GPU
2026-04-22 23:22:56.889,101.099,31.297,52.568,0.942,0.000,0.000,0.000,0.000,true,18.637,MODERATE,9,180,sequential_yolo_pose,SM-S906U1,GPU
2026-04-22 23:22:57.016,120.559,22.223,54.267,1.308,2.037,8.033,12.713,0.034,false,35.520,MODERATE,9,180,sequential_yolo_pose,SM-S906U1,GPU
2026-04-22 23:22:57.144,121.436,24.208,53.958,1.431,2.937,9.142,12.648,0.050,false,17.285,MODERATE,9,180,sequential_yolo_pose,SM-S906U1,GPU
2026-04-22 23:22:57.269,115.168,20.064,56.618,1.102,2.755,8.523,10.403,0.038,false,20.375,MODERATE,10,180,sequential_yolo_pose,SM-S906U1,GPU
2026-04-22 23:22:57.388,112.059,21.808,52.410,0.624,1.548,6.491,11.378,0.042,false,20.340,MODERATE,10,180,sequential_yolo_pose,SM-S906U1,GPU
2026-04-22 23:22:57.504,111.547,21.731,54.193,1.334,1.886,5.207,11.558,0.055,false,20.407,MODERATE,10,180,sequential_yolo_pose,SM-S906U1,GPU
2026-04-22 23:22:57.639,127.646,22.243,53.848,1.415,2.806,13.800,11.165,0.047,false,20.403,MODERATE,10,180,sequential_yolo_pose,SM-S906U1,GPU
2026-04-22 23:22:57.758,111.454,20.588,54.745,0.929,2.656,10.180,10.082,0.035,false,20.407,MODERATE,10,180,sequential_yolo_pose,SM-S906U1,GPU
2026-04-22 23:22:57.871,107.406,20.575,54.022,1.262,1.928,4.626,9.847,0.038,false,20.282,MODERATE,10,180,sequential_yolo_pose,SM-S906U1,GPU
2026-04-22 23:22:58.000,123.509,24.409,53.357,1.436,2.682,9.542,12.101,0.077,false,20.313,MODERATE,10,180,sequential_yolo_pose,SM-S906U1,GPU
2026-04-22 23:22:58.127,121.464,21.122,55.190,1.375,2.997,11.019,13.064,0.054,false,20.375,MODERATE,10,180,sequential_yolo_pose,SM-S906U1,GPU
2026-04-22 23:22:58.254,121.193,22.174,54.067,1.125,2.689,8.425,15.401,0.052,false,20.410,MODERATE,8,180,sequential_yolo_pose,SM-S906U1,GPU
2026-04-22 23:22:58.373,111.388,24.536,50.936,0.630,1.462,7.575,10.537,0.032,false,20.344,MODERATE,8,180,sequential_yolo_pose,SM-S906U1,GPU
2026-04-22 23:22:58.503,121.678,21.112,53.809,1.300,3.122,13.562,16.849,0.038,false,20.532,MODERATE,8,180,sequential_yolo_pose,SM-S906U1,GPU
2026-04-22 23:22:58.605,96.293,22.743,54.707,1.040,0.000,0.000,0.000,0.000,true,16.949,MODERATE,8,180,sequential_yolo_pose,SM-S906U1,GPU
2026-04-22 23:22:58.741,127.805,23.322,56.365,1.525,2.946,8.061,13.619,0.305,false,33.958,MODERATE,8,180,sequential_yolo_pose,SM-S906U1,GPU
2026-04-22 23:22:58.873,119.149,26.450,53.202,1.077,2.376,8.623,12.025,0.036,false,20.371,MODERATE,8,180,sequential_yolo_pose,SM-S906U1,GPU
2026-04-22 23:22:58.990,111.418,22.682,51.788,0.681,1.420,6.602,11.172,0.058,false,20.375,MODERATE,8,180,sequential_yolo_pose,SM-S906U1,GPU
2026-04-22 23:22:59.109,113.906,21.396,51.371,1.650,2.828,8.746,12.679,0.047,false,20.375,MODERATE,8,180,sequential_yolo_pose,SM-S906U1,GPU
2026-04-22 23:22:59.236,114.209,21.243,55.155,0.834,3.201,5.141,11.342,0.040,false,20.532,MODERATE,8,180,sequential_yolo_pose,SM-S906U1,GPU
2026-04-22 23:22:59.360,118.764,25.116,54.101,1.090,2.064,8.147,12.286,0.081,false,20.407,MODERATE,8,180,sequential_yolo_pose,SM-S906U1,GPU
2026-04-22 23:22:59.477,111.804,23.110,55.988,0.682,1.560,4.724,10.240,0.069,false,20.344,MODERATE,8,180,sequential_yolo_pose,SM-S906U1,GPU
2026-04-22 23:22:59.603,121.610,23.811,54.182,1.352,2.287,11.605,11.816,0.049,false,20.371,MODERATE,8,180,sequential_yolo_pose,SM-S906U1,GPU
2026-04-22 23:22:59.736,121.233,21.993,53.962,1.007,1.766,14.634,10.859,0.053,false,20.438,MODERATE,8,180,sequential_yolo_pose,SM-S906U1,GPU
2026-04-22 23:22:59.838,97.122,23.776,52.396,0.633,0.000,0.000,0.000,0.000,true,16.981,MODERATE,8,180,sequential_yolo_pose,SM-S906U1,GPU
2026-04-22 23:22:59.941,95.106,20.525,52.197,1.394,0.000,0.000,0.000,0.000,true,30.594,MODERATE,8,180,sequential_yolo_pose,SM-S906U1,GPU
2026-04-22 23:23:00.045,95.653,21.600,51.747,0.849,0.000,0.000,0.000,0.000,true,13.492,MODERATE,8,180,sequential_yolo_pose,SM-S906U1,GPU
2026-04-22 23:23:00.181,129.204,28.234,53.541,1.225,2.664,9.085,15.769,0.053,false,20.367,MODERATE,8,180,sequential_yolo_pose,SM-S906U1,GPU
2026-04-22 23:23:00.288,94.193,22.346,54.458,1.207,0.000,0.000,0.000,0.000,true,17.043,MODERATE,9,180,sequential_yolo_pose,SM-S906U1,GPU
2026-04-22 23:23:00.402,104.507,25.174,53.822,1.162,0.000,0.000,0.000,0.000,true,30.625,MODERATE,9,180,sequential_yolo_pose,SM-S906U1,GPU
2026-04-22 23:23:00.526,116.817,34.446,51.705,1.089,0.000,0.000,0.000,0.000,true,18.574,MODERATE,9,180,sequential_yolo_pose,SM-S906U1,GPU
2026-04-22 23:23:00.635,101.389,21.724,51.015,0.764,0.000,0.000,0.000,0.000,true,32.157,MODERATE,9,180,sequential_yolo_pose,SM-S906U1,GPU
2026-04-22 23:23:00.749,107.931,26.093,53.553,1.101,0.000,0.000,0.000,0.000,true,18.184,MODERATE,9,180,sequential_yolo_pose,SM-S906U1,GPU
2026-04-22 23:23:00.853,96.495,26.533,51.799,1.158,0.000,0.000,0.000,0.000,true,31.735,MODERATE,9,180,sequential_yolo_pose,SM-S906U1,GPU
2026-04-22 23:23:00.958,97.575,24.775,51.032,1.081,0.000,0.000,0.000,0.000,true,13.461,MODERATE,9,180,sequential_yolo_pose,SM-S906U1,GPU
2026-04-22 23:23:01.076,111.415,25.337,52.750,1.198,0.000,0.000,0.000,0.000,true,16.973,MODERATE,9,180,sequential_yolo_pose,SM-S906U1,GPU
2026-04-22 23:23:01.181,95.800,21.082,52.616,1.322,0.000,0.000,0.000,0.000,true,30.586,MODERATE,9,180,sequential_yolo_pose,SM-S906U1,GPU
2026-04-22 23:23:01.335,142.541,32.156,50.748,1.393,3.127,14.014,11.378,0.050,false,22.032,MODERATE,9,180,sequential_yolo_pose,SM-S906U1,GPU
2026-04-22 23:23:01.457,116.186,21.862,57.127,1.057,1.839,5.716,12.263,0.032,false,39.047,MODERATE,9,180,sequential_yolo_pose,SM-S906U1,GPU
2026-04-22 23:23:01.581,114.710,23.704,52.111,1.165,2.592,8.162,10.547,0.047,false,20.371,MODERATE,9,180,sequential_yolo_pose,SM-S906U1,GPU
2026-04-22 23:23:01.710,122.122,23.218,53.248,1.477,5.638,9.337,13.052,0.050,false,20.340,MODERATE,9,180,sequential_yolo_pose,SM-S906U1,GPU
2026-04-22 23:23:01.838,112.939,21.639,52.610,1.324,2.881,11.745,10.877,0.046,false,20.403,MODERATE,9,180,sequential_yolo_pose,SM-S906U1,GPU
2026-04-22 23:23:01.957,112.680,21.450,55.322,0.725,1.539,7.132,16.106,0.034,false,20.375,MODERATE,9,180,sequential_yolo_pose,SM-S906U1,GPU
2026-04-22 23:23:02.072,109.986,20.219,57.583,0.944,1.728,6.584,9.787,0.048,false,20.407,MODERATE,9,180,sequential_yolo_pose,SM-S906U1,GPU
2026-04-22 23:23:02.188,108.505,21.043,53.482,0.632,1.412,6.485,12.264,0.051,false,20.375,MODERATE,9,180,sequential_yolo_pose,SM-S906U1,GPU
2026-04-22 23:23:02.313,120.592,20.915,55.214,1.333,2.461,8.377,14.322,0.055,false,20.438,MODERATE,8,180,sequential_yolo_pose,SM-S906U1,GPU
2026-04-22 23:23:02.436,113.338,21.624,52.418,0.797,2.079,10.595,10.466,0.032,false,20.407,MODERATE,8,180,sequential_yolo_pose,SM-S906U1,GPU
2026-04-22 23:23:02.541,99.026,22.910,55.754,0.908,0.000,0.000,0.000,0.000,true,17.012,MODERATE,8,180,sequential_yolo_pose,SM-S906U1,GPU
2026-04-22 23:23:02.651,103.316,24.115,53.265,1.096,0.000,0.000,0.000,0.000,true,30.594,MODERATE,8,180,sequential_yolo_pose,SM-S906U1,GPU
2026-04-22 23:23:02.781,121.329,27.713,53.403,0.538,1.655,5.169,11.453,0.057,false,16.856,MODERATE,8,180,sequential_yolo_pose,SM-S906U1,GPU
2026-04-22 23:23:02.901,114.361,21.077,56.203,0.712,2.549,11.890,10.630,0.047,false,20.407,MODERATE,8,180,sequential_yolo_pose,SM-S906U1,GPU
2026-04-22 23:23:03.004,99.316,23.279,56.288,1.056,0.000,0.000,0.000,0.000,true,16.981,MODERATE,8,180,sequential_yolo_pose,SM-S906U1,GPU
2026-04-22 23:23:03.121,107.482,28.245,53.243,1.145,0.000,0.000,0.000,0.000,true,30.625,MODERATE,8,180,sequential_yolo_pose,SM-S906U1,GPU
2026-04-22 23:23:03.262,134.589,31.720,52.591,0.915,2.198,7.121,12.883,0.047,false,21.969,MODERATE,8,180,sequential_yolo_pose,SM-S906U1,GPU
2026-04-22 23:23:03.389,120.861,24.587,57.081,0.993,2.038,7.093,11.563,0.065,false,38.915,MODERATE,8,180,sequential_yolo_pose,SM-S906U1,GPU
2026-04-22 23:23:03.522,119.986,24.261,56.051,0.555,1.296,6.356,13.759,0.035,false,20.407,MODERATE,8,180,sequential_yolo_pose,SM-S906U1,GPU
2026-04-22 23:23:03.642,116.733,21.492,53.080,1.262,2.789,13.157,10.461,0.033,false,20.438,MODERATE,8,180,sequential_yolo_pose,SM-S906U1,GPU
2026-04-22 23:23:03.765,114.230,20.277,53.590,1.095,2.785,8.302,12.388,0.040,false,20.375,MODERATE,8,180,sequential_yolo_pose,SM-S906U1,GPU
2026-04-22 23:23:03.883,113.313,24.999,54.150,0.673,1.396,4.809,11.944,0.031,false,20.375,MODERATE,8,180,sequential_yolo_pose,SM-S906U1,GPU
2026-04-22 23:23:04.008,119.508,25.827,52.786,1.191,3.243,9.292,12.017,0.056,false,20.375,MODERATE,8,180,sequential_yolo_pose,SM-S906U1,GPU
2026-04-22 23:23:04.135,118.789,20.966,52.656,1.333,2.611,13.764,10.506,0.048,false,20.375,MODERATE,8,180,sequential_yolo_pose,SM-S906U1,GPU
2026-04-22 23:23:04.271,130.336,20.960,51.914,1.161,2.576,21.129,11.770,0.053,false,20.438,MODERATE,8,180,sequential_yolo_pose,SM-S906U1,GPU
2026-04-22 23:23:04.391,115.010,21.387,53.239,0.672,1.631,8.275,13.935,0.029,false,20.457,MODERATE,8,180,sequential_yolo_pose,SM-S906U1,GPU
2026-04-22 23:23:04.503,106.218,20.223,52.643,0.828,3.031,6.956,11.254,0.091,false,20.438,MODERATE,8,180,sequential_yolo_pose,SM-S906U1,GPU
2026-04-22 23:23:04.592,83.459,20.084,51.574,1.281,0.000,0.000,0.000,0.000,true,16.949,MODERATE,8,180,sequential_yolo_pose,SM-S906U1,GPU
2026-04-22 23:23:04.693,94.128,21.410,56.133,0.639,0.000,0.000,0.000,0.000,true,30.625,MODERATE,8,180,sequential_yolo_pose,SM-S906U1,GPU
2026-04-22 23:23:04.794,95.513,25.041,53.024,1.148,0.000,0.000,0.000,0.000,true,13.883,MODERATE,8,180,sequential_yolo_pose,SM-S906U1,GPU
2026-04-22 23:23:04.921,119.821,28.725,54.775,1.030,0.000,0.000,0.000,0.000,true,16.942,MODERATE,8,180,sequential_yolo_pose,SM-S906U1,GPU
2026-04-22 23:23:05.034,105.710,25.972,52.346,1.037,0.000,0.000,0.000,0.000,true,30.555,MODERATE,8,180,sequential_yolo_pose,SM-S906U1,GPU
2026-04-22 23:23:05.136,94.320,23.913,51.846,0.540,0.000,0.000,0.000,0.000,true,13.821,MODERATE,8,180,sequential_yolo_pose,SM-S906U1,GPU
2026-04-22 23:23:05.243,99.893,25.167,55.920,0.849,0.000,0.000,0.000,0.000,true,17.004,MODERATE,8,180,sequential_yolo_pose,SM-S906U1,GPU
2026-04-22 23:23:05.356,103.805,25.262,55.133,1.218,0.000,0.000,0.000,0.000,true,30.649,MODERATE,10,180,sequential_yolo_pose,SM-S906U1,GPU
2026-04-22 23:23:05.467,104.666,27.261,52.809,0.522,0.000,0.000,0.000,0.000,true,13.914,MODERATE,10,180,sequential_yolo_pose,SM-S906U1,GPU
2026-04-22 23:23:05.574,100.197,24.444,52.990,1.142,0.000,0.000,0.000,0.000,true,17.004,MODERATE,10,180,sequential_yolo_pose,SM-S906U1,GPU
2026-04-22 23:23:05.681,98.567,23.481,56.473,1.318,0.000,0.000,0.000,0.000,true,30.586,MODERATE,10,180,sequential_yolo_pose,SM-S906U1,GPU
2026-04-22 23:23:05.791,100.803,21.870,54.774,1.118,0.000,0.000,0.000,0.000,true,13.492,MODERATE,10,180,sequential_yolo_pose,SM-S906U1,GPU
2026-04-22 23:23:05.929,131.525,27.405,54.407,1.021,2.170,9.863,16.225,0.035,false,20.367,MODERATE,10,180,sequential_yolo_pose,SM-S906U1,GPU
2026-04-22 23:23:06.054,119.386,25.937,52.419,1.132,2.674,9.779,11.797,0.049,false,20.375,MODERATE,10,180,sequential_yolo_pose,SM-S906U1,GPU
2026-04-22 23:23:06.174,114.213,23.074,52.734,1.389,2.717,6.103,11.177,0.044,false,20.375,MODERATE,10,180,sequential_yolo_pose,SM-S906U1,GPU
2026-04-22 23:23:06.306,124.349,25.697,53.946,5.338,2.846,8.859,12.058,0.037,false,20.403,MODERATE,8,180,sequential_yolo_pose,SM-S906U1,GPU
2026-04-22 23:23:06.430,116.290,19.219,52.809,1.405,3.002,10.484,13.294,0.058,false,20.375,MODERATE,8,180,sequential_yolo_pose,SM-S906U1,GPU
2026-04-22 23:23:06.554,119.108,21.143,53.961,1.080,2.334,7.776,11.679,0.049,false,20.375,MODERATE,8,180,sequential_yolo_pose,SM-S906U1,GPU
2026-04-22 23:23:06.678,117.713,25.827,51.871,1.442,2.671,8.771,11.160,0.056,false,20.344,MODERATE,8,180,sequential_yolo_pose,SM-S906U1,GPU
2026-04-22 23:23:06.803,113.365,25.197,53.881,0.788,1.344,4.650,10.478,0.046,false,20.375,MODERATE,8,180,sequential_yolo_pose,SM-S906U1,GPU
2026-04-22 23:23:06.930,121.205,23.386,53.255,0.841,1.754,9.298,15.486,0.061,false,20.407,MODERATE,8,180,sequential_yolo_pose,SM-S906U1,GPU
2026-04-22 23:23:07.058,124.391,21.973,56.492,1.176,2.639,9.433,14.738,0.049,false,20.344,MODERATE,8,180,sequential_yolo_pose,SM-S906U1,GPU
2026-04-22 23:23:07.150,86.603,20.708,51.393,1.242,0.000,0.000,0.000,0.000,true,16.981,MODERATE,8,180,sequential_yolo_pose,SM-S906U1,GPU
2026-04-22 23:23:07.261,103.869,28.395,53.945,1.094,0.000,0.000,0.000,0.000,true,30.625,MODERATE,8,180,sequential_yolo_pose,SM-S906U1,GPU
2026-04-22 23:23:07.375,107.770,30.782,52.784,0.675,0.000,0.000,0.000,0.000,true,18.578,MODERATE,9,180,sequential_yolo_pose,SM-S906U1,GPU
2026-04-22 23:23:07.482,98.442,23.547,52.978,1.173,0.000,0.000,0.000,0.000,true,32.192,MODERATE,9,180,sequential_yolo_pose,SM-S906U1,GPU
2026-04-22 23:23:07.615,124.305,27.166,54.215,1.144,2.386,8.422,11.459,0.037,false,16.856,MODERATE,9,180,sequential_yolo_pose,SM-S906U1,GPU
2026-04-22 23:23:07.730,110.352,20.920,55.097,1.064,2.426,9.730,10.977,0.054,false,20.407,MODERATE,9,180,sequential_yolo_pose,SM-S906U1,GPU
2026-04-22 23:23:07.859,124.359,24.043,58.323,0.856,2.236,9.200,12.339,0.050,false,20.375,MODERATE,9,180,sequential_yolo_pose,SM-S906U1,GPU
2026-04-22 23:23:07.974,108.948,23.807,51.228,0.661,1.374,4.630,11.014,0.036,false,20.344,MODERATE,9,180,sequential_yolo_pose,SM-S906U1,GPU
2026-04-22 23:23:08.092,111.836,20.626,53.846,1.251,2.906,11.132,10.950,0.036,false,20.371,MODERATE,9,180,sequential_yolo_pose,SM-S906U1,GPU
2026-04-22 23:23:08.213,115.640,20.221,53.136,1.331,2.708,8.276,12.634,0.036,false,20.344,MODERATE,9,180,sequential_yolo_pose,SM-S906U1,GPU
2026-04-22 23:23:08.335,112.183,24.845,56.388,0.743,1.100,3.637,9.526,0.029,false,20.375,MODERATE,8,180,sequential_yolo_pose,SM-S906U1,GPU
2026-04-22 23:23:08.451,111.482,20.625,54.725,0.867,2.013,7.924,12.850,0.031,false,20.375,MODERATE,8,180,sequential_yolo_pose,SM-S906U1,GPU
2026-04-22 23:23:08.577,118.949,23.624,53.468,1.292,2.645,9.762,12.232,0.039,false,20.340,MODERATE,8,180,sequential_yolo_pose,SM-S906U1,GPU
2026-04-22 23:23:08.702,108.770,21.136,53.038,1.416,2.738,9.155,10.368,0.064,false,20.313,MODERATE,8,180,sequential_yolo_pose,SM-S906U1,GPU
2026-04-22 23:23:08.823,116.717,20.932,54.250,0.685,2.532,10.258,11.276,0.038,false,20.375,MODERATE,8,180,sequential_yolo_pose,SM-S906U1,GPU
2026-04-22 23:23:08.945,115.120,20.717,56.809,1.404,2.824,9.431,11.673,0.037,false,20.344,MODERATE,8,180,sequential_yolo_pose,SM-S906U1,GPU
2026-04-22 23:23:09.070,111.820,20.904,52.004,1.242,3.178,12.350,10.468,0.041,false,20.375,MODERATE,8,180,sequential_yolo_pose,SM-S906U1,GPU
2026-04-22 23:23:09.168,93.823,21.616,55.035,0.652,0.000,0.000,0.000,0.000,true,16.981,MODERATE,8,180,sequential_yolo_pose,SM-S906U1,GPU
2026-04-22 23:23:09.284,108.056,26.337,52.825,1.098,0.000,0.000,0.000,0.000,true,30.625,MODERATE,8,180,sequential_yolo_pose,SM-S906U1,GPU
2026-04-22 23:23:09.392,100.590,23.972,56.550,1.232,0.000,0.000,0.000,0.000,true,13.946,MODERATE,9,180,sequential_yolo_pose,SM-S906U1,GPU
2026-04-22 23:23:09.501,102.272,24.689,52.286,0.530,0.000,0.000,0.000,0.000,true,17.035,MODERATE,9,180,sequential_yolo_pose,SM-S906U1,GPU
2026-04-22 23:23:09.608,102.003,25.481,53.299,1.109,0.000,0.000,0.000,0.000,true,30.618,MODERATE,9,180,sequential_yolo_pose,SM-S906U1,GPU
2026-04-22 23:23:09.722,106.696,26.629,54.118,1.029,0.000,0.000,0.000,0.000,true,13.883,MODERATE,9,180,sequential_yolo_pose,SM-S906U1,GPU
2026-04-22 23:23:09.827,97.493,21.060,55.532,0.875,0.000,0.000,0.000,0.000,true,16.942,MODERATE,9,180,sequential_yolo_pose,SM-S906U1,GPU
2026-04-22 23:23:09.933,98.993,27.219,53.407,1.039,0.000,0.000,0.000,0.000,true,30.555,MODERATE,9,180,sequential_yolo_pose,SM-S906U1,GPU
2026-04-22 23:23:10.042,101.745,25.763,50.877,1.511,0.000,0.000,0.000,0.000,true,13.883,MODERATE,9,180,sequential_yolo_pose,SM-S906U1,GPU
2026-04-22 23:23:10.154,104.444,26.363,55.027,1.115,0.000,0.000,0.000,0.000,true,16.973,MODERATE,9,180,sequential_yolo_pose,SM-S906U1,GPU
2026-04-22 23:23:10.257,94.918,23.482,52.775,0.622,0.000,0.000,0.000,0.000,true,30.586,MODERATE,9,180,sequential_yolo_pose,SM-S906U1,GPU
2026-04-22 23:23:10.354,92.490,22.532,51.824,0.656,0.000,0.000,0.000,0.000,true,13.653,MODERATE,9,180,sequential_yolo_pose,SM-S906U1,GPU
2026-04-22 23:23:10.455,96.274,25.522,53.086,0.857,0.000,0.000,0.000,0.000,true,16.946,MODERATE,9,180,sequential_yolo_pose,SM-S906U1,GPU
2026-04-22 23:23:10.557,95.465,21.120,51.986,1.287,0.000,0.000,0.000,0.000,true,30.590,MODERATE,9,180,sequential_yolo_pose,SM-S906U1,GPU
2026-04-22 23:23:10.666,101.499,25.162,52.279,0.545,0.000,0.000,0.000,0.000,true,13.883,MODERATE,9,180,sequential_yolo_pose,SM-S906U1,GPU
2026-04-22 23:23:10.774,102.679,26.146,52.196,0.929,0.000,0.000,0.000,0.000,true,17.004,MODERATE,9,180,sequential_yolo_pose,SM-S906U1,GPU
2026-04-22 23:23:10.875,93.953,22.947,52.594,1.042,0.000,0.000,0.000,0.000,true,30.555,MODERATE,9,180,sequential_yolo_pose,SM-S906U1,GPU
2026-04-22 23:23:11.008,124.449,26.558,53.269,1.124,3.616,6.393,11.641,0.052,false,16.793,MODERATE,9,180,sequential_yolo_pose,SM-S906U1,GPU
2026-04-22 23:23:11.138,123.674,20.706,58.138,1.294,3.044,13.318,10.565,0.055,false,20.407,MODERATE,9,180,sequential_yolo_pose,SM-S906U1,GPU
2026-04-22 23:23:11.262,115.671,21.049,55.306,1.275,3.118,8.935,10.961,0.033,false,20.344,MODERATE,9,180,sequential_yolo_pose,SM-S906U1,GPU
2026-04-22 23:23:11.371,104.064,20.319,51.586,0.563,1.380,4.687,10.080,0.038,false,20.375,MODERATE,9,180,sequential_yolo_pose,SM-S906U1,GPU
2026-04-22 23:23:11.505,126.465,26.711,51.877,1.204,5.792,9.186,11.224,0.033,false,20.438,MODERATE,9,180,sequential_yolo_pose,SM-S906U1,GPU
2026-04-22 23:23:11.630,119.597,20.366,54.085,1.316,2.877,10.945,12.619,0.044,false,20.407,MODERATE,9,180,sequential_yolo_pose,SM-S906U1,GPU
2026-04-22 23:23:11.754,117.692,24.496,53.147,0.819,2.007,7.026,13.700,0.039,false,20.375,MODERATE,9,180,sequential_yolo_pose,SM-S906U1,GPU
2026-04-22 23:23:11.874,113.390,23.936,52.633,1.513,2.764,6.246,10.632,0.046,false,20.313,MODERATE,9,180,sequential_yolo_pose,SM-S906U1,GPU
2026-04-22 23:23:12.000,119.927,24.639,52.942,1.313,2.674,10.098,11.424,0.054,false,20.403,MODERATE,9,180,sequential_yolo_pose,SM-S906U1,GPU
2026-04-22 23:23:12.113,108.742,20.207,51.899,1.274,2.568,5.112,11.892,0.038,false,20.344,MODERATE,9,180,sequential_yolo_pose,SM-S906U1,GPU
2026-04-22 23:23:12.237,118.164,20.840,54.700,1.334,2.906,12.724,11.649,0.067,false,20.407,MODERATE,9,180,sequential_yolo_pose,SM-S906U1,GPU
2026-04-22 23:23:12.368,124.391,21.526,53.447,1.083,2.582,14.310,11.065,0.035,false,20.594,MODERATE,8,180,sequential_yolo_pose,SM-S906U1,GPU
2026-04-22 23:23:12.487,114.321,20.824,51.715,1.311,2.657,8.787,12.883,0.050,false,20.375,MODERATE,8,180,sequential_yolo_pose,SM-S906U1,GPU
2026-04-22 23:23:12.609,116.396,24.031,52.151,1.089,2.112,7.878,13.068,0.043,false,20.375,MODERATE,8,180,sequential_yolo_pose,SM-S906U1,GPU
2026-04-22 23:23:12.740,117.009,21.201,56.163,1.273,2.826,10.907,10.710,0.031,false,20.375,MODERATE,8,180,sequential_yolo_pose,SM-S906U1,GPU
2026-04-22 23:23:12.868,122.714,22.801,54.369,1.076,3.879,9.485,11.347,0.034,false,20.344,MODERATE,8,180,sequential_yolo_pose,SM-S906U1,GPU
2026-04-22 23:23:12.992,119.421,24.537,52.512,0.965,2.081,11.483,10.537,0.038,false,20.375,MODERATE,8,180,sequential_yolo_pose,SM-S906U1,GPU
2026-04-22 23:23:13.115,116.266,21.022,54.745,1.238,2.355,8.845,12.393,0.063,false,20.313,MODERATE,8,180,sequential_yolo_pose,SM-S906U1,GPU
2026-04-22 23:23:13.243,118.630,25.069,51.738,1.275,2.625,8.725,10.423,0.048,false,20.407,MODERATE,8,180,sequential_yolo_pose,SM-S906U1,GPU
2026-04-22 23:23:13.369,118.743,20.595,55.290,2.465,2.040,9.453,10.937,0.037,false,20.532,MODERATE,8,180,sequential_yolo_pose,SM-S906U1,GPU
2026-04-22 23:23:13.476,103.187,20.520,53.063,0.674,1.430,5.357,10.576,0.062,false,20.313,MODERATE,8,180,sequential_yolo_pose,SM-S906U1,GPU
2026-04-22 23:23:13.604,122.087,22.862,54.188,1.373,2.744,10.240,11.666,0.049,false,20.371,MODERATE,8,180,sequential_yolo_pose,SM-S906U1,GPU
2026-04-22 23:23:13.732,121.139,23.005,51.954,1.167,2.829,12.551,10.469,0.047,false,20.375,MODERATE,8,180,sequential_yolo_pose,SM-S906U1,GPU
2026-04-22 23:23:13.828,91.177,21.085,55.869,0.947,0.000,0.000,0.000,0.000,true,16.981,MODERATE,8,180,sequential_yolo_pose,SM-S906U1,GPU
2026-04-22 23:23:13.976,139.813,25.538,58.379,1.141,2.786,11.019,12.021,0.047,false,33.989,MODERATE,8,180,sequential_yolo_pose,SM-S906U1,GPU
2026-04-22 23:23:14.077,91.723,19.761,54.756,0.955,0.000,0.000,0.000,0.000,true,17.008,MODERATE,8,180,sequential_yolo_pose,SM-S906U1,GPU
2026-04-22 23:23:14.189,102.904,25.416,52.026,1.043,0.000,0.000,0.000,0.000,true,30.621,MODERATE,8,180,sequential_yolo_pose,SM-S906U1,GPU
2026-04-22 23:23:14.287,92.482,20.573,50.070,0.803,0.000,0.000,0.000,0.000,true,18.184,MODERATE,8,180,sequential_yolo_pose,SM-S906U1,GPU
2026-04-22 23:23:14.396,103.284,27.984,53.051,0.905,0.000,0.000,0.000,0.000,true,31.891,MODERATE,9,180,sequential_yolo_pose,SM-S906U1,GPU
2026-04-22 23:23:14.516,112.958,26.969,53.993,0.862,0.000,0.000,0.000,0.000,true,18.215,MODERATE,9,180,sequential_yolo_pose,SM-S906U1,GPU
2026-04-22 23:23:14.622,95.964,20.863,54.181,0.891,0.000,0.000,0.000,0.000,true,31.766,MODERATE,9,180,sequential_yolo_pose,SM-S906U1,GPU
2026-04-22 23:23:14.720,93.281,22.628,54.675,1.000,0.000,0.000,0.000,0.000,true,18.184,MODERATE,9,180,sequential_yolo_pose,SM-S906U1,GPU
2026-04-22 23:23:14.828,99.760,25.695,54.857,0.948,0.000,0.000,0.000,0.000,true,31.766,MODERATE,9,180,sequential_yolo_pose,SM-S906U1,GPU
2026-04-22 23:23:14.955,118.966,27.023,57.628,0.830,0.000,0.000,0.000,0.000,true,13.496,MODERATE,9,180,sequential_yolo_pose,SM-S906U1,GPU
2026-04-22 23:23:15.081,119.385,27.191,55.015,0.721,1.752,7.019,10.182,0.079,false,20.274,MODERATE,9,180,sequential_yolo_pose,SM-S906U1,GPU
2026-04-22 23:23:15.182,94.284,22.333,55.616,0.425,0.000,0.000,0.000,0.000,true,17.071,MODERATE,9,180,sequential_yolo_pose,SM-S906U1,GPU
2026-04-22 23:23:15.322,133.172,25.174,58.433,1.195,2.627,10.130,14.088,0.028,false,34.172,MODERATE,9,180,sequential_yolo_pose,SM-S906U1,GPU
2026-04-22 23:23:15.443,113.318,22.264,56.589,0.566,1.476,4.855,11.826,0.043,false,20.407,MODERATE,9,180,sequential_yolo_pose,SM-S906U1,GPU
2026-04-22 23:23:15.569,116.099,24.071,52.836,0.880,2.346,8.446,11.039,0.075,false,20.313,MODERATE,9,180,sequential_yolo_pose,SM-S906U1,GPU
2026-04-22 23:23:15.703,128.385,24.149,57.327,1.404,3.259,11.679,10.734,0.036,false,20.344,MODERATE,9,180,sequential_yolo_pose,SM-S906U1,GPU
2026-04-22 23:23:15.829,119.910,20.897,54.394,0.862,2.262,10.605,10.800,0.048,false,20.375,MODERATE,9,180,sequential_yolo_pose,SM-S906U1,GPU
2026-04-22 23:23:15.958,122.242,24.284,54.109,0.716,1.867,7.648,16.291,0.047,false,20.375,MODERATE,9,180,sequential_yolo_pose,SM-S906U1,GPU
2026-04-22 23:23:16.077,114.904,25.491,52.965,0.840,2.005,7.206,10.551,0.057,false,20.344,MODERATE,9,180,sequential_yolo_pose,SM-S906U1,GPU
2026-04-22 23:23:16.194,108.435,21.581,53.950,0.574,1.486,6.696,11.702,0.031,false,20.371,MODERATE,9,180,sequential_yolo_pose,SM-S906U1,GPU
2026-04-22 23:23:16.305,108.113,22.151,52.862,0.469,1.493,5.604,10.479,0.051,false,20.313,MODERATE,9,180,sequential_yolo_pose,SM-S906U1,GPU
2026-04-22 23:23:16.433,120.419,25.402,49.326,0.624,1.862,12.187,12.780,0.032,false,20.469,MODERATE,8,180,sequential_yolo_pose,SM-S906U1,GPU
2026-04-22 23:23:16.551,112.900,21.681,51.563,0.877,2.075,7.796,12.125,0.033,false,20.375,MODERATE,8,180,sequential_yolo_pose,SM-S906U1,GPU
2026-04-22 23:23:16.671,114.929,23.835,53.375,1.226,2.753,6.907,10.942,0.051,false,20.282,MODERATE,8,180,sequential_yolo_pose,SM-S906U1,GPU
2026-04-22 23:23:16.800,122.363,21.552,56.260,1.115,2.837,9.949,13.354,0.044,false,20.371,MODERATE,8,180,sequential_yolo_pose,SM-S906U1,GPU
2026-04-22 23:23:16.930,124.814,21.208,56.670,1.265,2.960,10.562,13.785,0.034,false,20.344,MODERATE,8,180,sequential_yolo_pose,SM-S906U1,GPU
2026-04-22 23:23:17.054,117.077,21.141,52.129,1.187,2.298,8.421,14.165,0.049,false,20.375,MODERATE,8,180,sequential_yolo_pose,SM-S906U1,GPU
2026-04-22 23:23:17.179,119.980,22.746,54.305,2.903,2.868,9.958,11.043,0.065,false,20.371,MODERATE,8,180,sequential_yolo_pose,SM-S906U1,GPU
2026-04-22 23:23:17.307,118.956,21.564,54.904,1.341,2.567,14.967,11.774,0.056,false,20.375,MODERATE,8,180,sequential_yolo_pose,SM-S906U1,GPU
2026-04-22 23:23:17.439,124.365,26.292,52.982,2.720,2.799,11.476,11.335,0.048,false,20.407,MODERATE,8,180,sequential_yolo_pose,SM-S906U1,GPU
2026-04-22 23:23:17.557,113.056,20.739,54.023,0.663,1.425,7.702,12.904,0.045,false,20.313,MODERATE,8,180,sequential_yolo_pose,SM-S906U1,GPU
2026-04-22 23:23:17.680,118.089,23.642,53.579,1.106,2.074,7.608,13.276,0.067,false,20.375,MODERATE,8,180,sequential_yolo_pose,SM-S906U1,GPU
2026-04-22 23:23:17.807,118.266,24.051,54.212,1.553,2.328,8.530,10.522,0.048,false,20.340,MODERATE,8,180,sequential_yolo_pose,SM-S906U1,GPU
2026-04-22 23:23:17.927,115.308,21.114,53.992,1.070,2.206,10.050,10.180,0.048,false,20.407,MODERATE,8,180,sequential_yolo_pose,SM-S906U1,GPU
2026-04-22 23:23:18.051,118.953,21.801,53.163,0.664,1.506,7.040,12.420,0.047,false,20.375,MODERATE,8,180,sequential_yolo_pose,SM-S906U1,GPU
2026-04-22 23:23:18.167,109.979,21.055,53.562,0.975,2.564,9.454,12.059,0.046,false,20.344,MODERATE,8,180,sequential_yolo_pose,SM-S906U1,GPU
2026-04-22 23:23:18.290,117.619,23.610,53.360,0.647,1.393,7.603,12.440,0.050,false,20.344,MODERATE,8,180,sequential_yolo_pose,SM-S906U1,GPU
2026-04-22 23:23:18.415,119.046,25.685,55.333,0.640,1.367,4.806,14.064,0.067,false,20.500,MODERATE,8,180,sequential_yolo_pose,SM-S906U1,GPU
2026-04-22 23:23:18.538,114.560,21.058,52.002,1.105,2.729,11.685,11.088,0.050,false,20.375,MODERATE,8,180,sequential_yolo_pose,SM-S906U1,GPU
2026-04-22 23:23:18.659,115.236,20.903,53.649,0.739,1.528,10.207,10.984,0.031,false,20.407,MODERATE,8,180,sequential_yolo_pose,SM-S906U1,GPU
2026-04-22 23:23:18.784,120.068,24.531,55.238,1.148,2.608,7.562,11.498,0.067,false,20.375,MODERATE,8,180,sequential_yolo_pose,SM-S906U1,GPU
2026-04-22 23:23:18.913,120.073,23.966,54.593,1.278,2.795,7.722,10.506,0.037,false,20.375,MODERATE,8,180,sequential_yolo_pose,SM-S906U1,GPU
2026-04-22 23:23:19.030,111.823,21.619,52.635,0.723,2.321,9.108,10.701,0.029,false,20.309,MODERATE,8,180,sequential_yolo_pose,SM-S906U1,GPU
2026-04-22 23:23:19.157,122.196,27.643,53.349,0.737,1.592,6.990,15.514,0.047,false,20.375,MODERATE,8,180,sequential_yolo_pose,SM-S906U1,GPU
2026-04-22 23:23:19.282,119.092,22.896,54.166,1.193,2.802,9.170,12.116,0.038,false,20.313,MODERATE,8,180,sequential_yolo_pose,SM-S906U1,GPU
2026-04-22 23:23:19.409,119.177,24.777,56.905,0.760,1.846,5.561,11.030,0.028,false,20.500,MODERATE,8,180,sequential_yolo_pose,SM-S906U1,GPU
2026-04-22 23:23:19.520,105.847,20.995,53.436,0.555,1.391,5.592,13.403,0.034,false,20.407,MODERATE,8,180,sequential_yolo_pose,SM-S906U1,GPU
2026-04-22 23:23:19.643,117.302,21.741,52.591,1.207,2.643,10.208,12.497,0.036,false,20.407,MODERATE,8,180,sequential_yolo_pose,SM-S906U1,GPU
2026-04-22 23:23:19.776,122.193,26.077,53.809,1.288,2.815,10.730,11.456,0.032,false,20.407,MODERATE,8,180,sequential_yolo_pose,SM-S906U1,GPU
2026-04-22 23:23:19.905,120.824,28.131,53.921,1.246,2.554,7.826,10.273,0.034,false,20.407,MODERATE,8,180,sequential_yolo_pose,SM-S906U1,GPU
2026-04-22 23:23:20.025,116.148,20.925,52.325,1.196,2.755,10.361,13.878,0.037,false,20.375,MODERATE,8,180,sequential_yolo_pose,SM-S906U1,GPU
2026-04-22 23:23:20.142,111.504,23.367,52.869,0.953,2.153,5.975,10.221,0.039,false,20.407,MODERATE,8,180,sequential_yolo_pose,SM-S906U1,GPU
2026-04-22 23:23:20.266,118.058,22.271,51.531,0.918,2.488,10.389,14.308,0.033,false,20.375,MODERATE,8,180,sequential_yolo_pose,SM-S906U1,GPU
2026-04-22 23:23:20.385,114.379,20.698,53.636,0.582,1.385,5.223,13.224,0.048,false,20.407,MODERATE,8,180,sequential_yolo_pose,SM-S906U1,GPU
2026-04-22 23:23:20.513,124.123,22.616,53.339,1.129,3.135,12.237,14.765,0.217,false,20.438,MODERATE,8,180,sequential_yolo_pose,SM-S906U1,GPU
2026-04-22 23:23:20.641,121.858,27.857,55.326,1.349,2.663,9.093,10.509,0.050,false,20.375,MODERATE,8,180,sequential_yolo_pose,SM-S906U1,GPU
2026-04-22 23:23:20.768,117.274,22.675,52.655,1.080,3.805,8.497,10.498,0.046,false,20.344,MODERATE,8,180,sequential_yolo_pose,SM-S906U1,GPU
2026-04-22 23:23:20.894,120.033,21.244,51.657,1.355,2.620,10.282,11.984,0.060,false,20.375,MODERATE,8,180,sequential_yolo_pose,SM-S906U1,GPU
2026-04-22 23:23:21.030,129.852,22.985,56.260,1.327,2.815,10.168,19.979,0.104,false,20.375,MODERATE,8,180,sequential_yolo_pose,SM-S906U1,GPU
2026-04-22 23:23:21.153,118.275,26.700,52.575,0.638,1.569,5.405,14.917,0.075,false,20.344,MODERATE,8,180,sequential_yolo_pose,SM-S906U1,GPU
2026-04-22 23:23:21.276,117.374,25.653,50.746,1.078,4.317,8.364,10.450,0.069,false,20.344,MODERATE,8,180,sequential_yolo_pose,SM-S906U1,GPU
2026-04-22 23:23:21.408,124.247,25.609,53.429,1.256,2.191,8.675,14.225,0.028,false,20.438,MODERATE,8,180,sequential_yolo_pose,SM-S906U1,GPU
2026-04-22 23:23:21.531,117.040,21.443,53.098,0.776,2.089,11.546,13.980,0.045,false,20.407,MODERATE,8,180,sequential_yolo_pose,SM-S906U1,GPU
2026-04-22 23:23:21.658,120.644,26.382,52.631,0.980,2.289,7.656,13.787,0.049,false,20.375,MODERATE,8,180,sequential_yolo_pose,SM-S906U1,GPU
2026-04-22 23:23:21.779,116.015,20.998,52.469,1.090,2.344,7.880,11.790,0.064,false,20.375,MODERATE,8,180,sequential_yolo_pose,SM-S906U1,GPU
2026-04-22 23:23:21.901,112.553,20.767,53.432,1.359,2.899,9.830,10.308,0.050,false,20.375,MODERATE,8,180,sequential_yolo_pose,SM-S906U1,GPU
2026-04-22 23:23:22.038,131.592,21.131,54.683,1.594,2.674,18.645,11.445,0.069,false,20.407,MODERATE,8,180,sequential_yolo_pose,SM-S906U1,GPU
2026-04-22 23:23:22.165,122.483,24.529,51.725,1.536,2.301,11.747,10.625,0.046,false,20.375,MODERATE,8,180,sequential_yolo_pose,SM-S906U1,GPU
2026-04-22 23:23:22.284,114.280,25.053,53.251,0.658,1.288,5.429,11.189,0.048,false,20.313,MODERATE,8,180,sequential_yolo_pose,SM-S906U1,GPU
2026-04-22 23:23:22.403,114.204,21.596,54.009,1.394,3.308,9.877,12.657,0.042,false,20.407,MODERATE,8,180,sequential_yolo_pose,SM-S906U1,GPU
2026-04-22 23:23:22.525,115.517,24.877,52.863,0.997,1.958,7.247,11.339,0.060,false,20.375,MODERATE,8,180,sequential_yolo_pose,SM-S906U1,GPU
2026-04-22 23:23:22.647,116.414,24.345,52.933,1.057,2.221,7.219,11.905,0.063,false,20.407,MODERATE,8,180,sequential_yolo_pose,SM-S906U1,GPU
2026-04-22 23:23:22.774,118.959,21.975,51.701,1.489,2.685,9.144,12.200,0.053,false,20.371,MODERATE,8,180,sequential_yolo_pose,SM-S906U1,GPU
2026-04-22 23:23:22.915,132.128,24.736,51.920,1.275,3.490,13.276,21.637,0.047,false,20.469,MODERATE,8,180,sequential_yolo_pose,SM-S906U1,GPU
2026-04-22 23:23:23.050,130.911,26.159,61.298,1.304,2.104,7.828,15.389,0.034,false,20.407,MODERATE,8,180,sequential_yolo_pose,SM-S906U1,GPU
2026-04-22 23:23:23.171,115.581,21.914,53.489,1.135,2.867,10.318,10.387,0.047,false,20.344,MODERATE,8,180,sequential_yolo_pose,SM-S906U1,GPU
2026-04-22 23:23:23.302,126.727,25.688,53.802,1.049,2.388,10.915,15.121,0.033,false,20.407,MODERATE,8,180,sequential_yolo_pose,SM-S906U1,GPU
2026-04-22 23:23:23.414,105.583,20.260,52.802,0.553,1.290,4.651,12.748,0.032,false,20.500,MODERATE,8,180,sequential_yolo_pose,SM-S906U1,GPU
2026-04-22 23:23:23.535,114.501,24.885,54.272,0.952,1.676,6.739,10.029,0.031,false,20.344,MODERATE,8,180,sequential_yolo_pose,SM-S906U1,GPU
2026-04-22 23:23:23.660,120.664,22.159,53.693,0.931,2.164,7.791,11.566,0.044,false,20.340,MODERATE,8,180,sequential_yolo_pose,SM-S906U1,GPU
2026-04-22 23:23:23.781,116.654,20.730,51.851,1.248,2.857,8.576,14.435,0.051,false,20.344,MODERATE,8,180,sequential_yolo_pose,SM-S906U1,GPU
2026-04-22 23:23:23.905,118.425,25.558,52.138,1.351,2.687,9.035,9.972,0.051,false,20.313,MODERATE,8,180,sequential_yolo_pose,SM-S906U1,GPU
2026-04-22 23:23:24.040,128.680,26.741,53.268,0.881,2.563,6.566,10.419,0.050,false,20.344,MODERATE,8,180,sequential_yolo_pose,SM-S906U1,GPU
2026-04-22 23:23:24.156,111.591,20.914,55.327,1.018,2.469,8.648,11.118,0.049,false,20.313,MODERATE,8,180,sequential_yolo_pose,SM-S906U1,GPU
2026-04-22 23:23:24.277,115.471,21.134,53.149,1.291,3.468,8.173,11.700,0.059,false,20.344,MODERATE,8,180,sequential_yolo_pose,SM-S906U1,GPU
2026-04-22 23:23:24.402,113.859,23.473,52.686,0.727,1.660,6.326,12.158,0.040,false,20.469,MODERATE,8,180,sequential_yolo_pose,SM-S906U1,GPU
2026-04-22 23:23:24.531,123.394,25.326,56.427,1.027,2.360,8.727,13.479,0.033,false,20.375,MODERATE,8,180,sequential_yolo_pose,SM-S906U1,GPU
2026-04-22 23:23:24.658,120.658,24.874,53.856,0.970,2.085,8.218,12.682,0.055,false,20.313,MODERATE,8,180,sequential_yolo_pose,SM-S906U1,GPU
2026-04-22 23:23:24.780,116.916,21.673,55.283,1.080,2.509,8.544,12.680,0.041,false,20.371,MODERATE,8,180,sequential_yolo_pose,SM-S906U1,GPU
2026-04-22 23:23:24.914,124.572,25.350,52.913,3.053,2.358,8.346,14.538,0.037,false,20.313,MODERATE,8,180,sequential_yolo_pose,SM-S906U1,GPU
2026-04-22 23:23:25.042,113.684,24.356,52.382,1.263,1.845,6.182,10.964,0.029,false,20.313,MODERATE,8,180,sequential_yolo_pose,SM-S906U1,GPU
2026-04-22 23:23:25.175,123.211,21.399,54.332,1.205,2.372,14.878,12.466,0.130,false,20.407,MODERATE,8,180,sequential_yolo_pose,SM-S906U1,GPU
2026-04-22 23:23:25.301,120.909,21.786,53.298,1.091,2.314,11.037,13.738,0.037,false,20.407,MODERATE,8,180,sequential_yolo_pose,SM-S906U1,GPU
2026-04-22 23:23:25.420,115.064,23.251,54.391,0.607,1.222,4.972,12.776,0.032,false,20.532,MODERATE,8,180,sequential_yolo_pose,SM-S906U1,GPU
2026-04-22 23:23:25.542,118.316,23.625,53.716,1.179,2.674,8.784,12.904,0.020,false,20.438,MODERATE,8,180,sequential_yolo_pose,SM-S906U1,GPU
2026-04-22 23:23:25.666,115.749,20.764,52.590,0.729,2.543,6.882,12.364,0.050,false,20.371,MODERATE,8,180,sequential_yolo_pose,SM-S906U1,GPU
2026-04-22 23:23:25.789,118.482,23.958,52.389,0.832,1.359,5.571,10.546,0.053,false,20.278,MODERATE,8,180,sequential_yolo_pose,SM-S906U1,GPU
2026-04-22 23:23:25.904,111.129,21.558,52.404,1.522,4.162,11.226,10.430,0.034,false,20.407,MODERATE,8,180,sequential_yolo_pose,SM-S906U1,GPU
2026-04-22 23:23:26.030,120.445,21.349,54.490,1.204,3.186,8.205,12.280,0.040,false,20.344,MODERATE,8,180,sequential_yolo_pose,SM-S906U1,GPU
2026-04-22 23:23:26.149,114.287,21.496,52.525,1.009,2.076,7.656,11.659,0.032,false,20.344,MODERATE,8,180,sequential_yolo_pose,SM-S906U1,GPU
2026-04-22 23:23:26.272,115.127,24.740,53.587,1.042,2.632,9.253,10.414,0.046,false,20.375,MODERATE,8,180,sequential_yolo_pose,SM-S906U1,GPU
2026-04-22 23:23:26.401,121.339,25.087,51.657,0.908,4.275,8.210,11.599,0.051,false,20.375,MODERATE,8,180,sequential_yolo_pose,SM-S906U1,GPU
2026-04-22 23:23:26.532,126.815,21.323,50.854,1.027,2.306,11.593,13.793,0.051,false,20.375,MODERATE,8,180,sequential_yolo_pose,SM-S906U1,GPU
2026-04-22 23:23:26.656,119.183,25.260,57.223,0.397,1.171,4.544,13.389,0.032,false,20.379,MODERATE,8,180,sequential_yolo_pose,SM-S906U1,GPU
2026-04-22 23:23:26.770,109.824,17.388,62.432,0.677,2.090,4.957,11.277,0.048,false,20.407,MODERATE,8,180,sequential_yolo_pose,SM-S906U1,GPU
2026-04-22 23:23:26.891,116.714,22.854,54.798,0.661,1.685,6.980,13.668,0.049,false,20.407,MODERATE,8,180,sequential_yolo_pose,SM-S906U1,GPU
2026-04-22 23:23:27.006,110.954,21.063,57.813,0.595,1.654,5.262,11.481,0.058,false,20.407,MODERATE,8,180,sequential_yolo_pose,SM-S906U1,GPU
2026-04-22 23:23:27.117,104.886,18.708,52.813,0.623,2.288,5.745,10.799,0.059,false,20.375,MODERATE,8,180,sequential_yolo_pose,SM-S906U1,GPU
2026-04-22 23:23:27.226,103.103,18.768,51.407,0.645,2.067,5.774,11.132,0.064,false,20.313,MODERATE,8,180,sequential_yolo_pose,SM-S906U1,GPU
2026-04-22 23:23:27.343,112.381,22.230,58.638,0.638,1.708,5.730,10.129,0.057,false,20.313,MODERATE,8,180,sequential_yolo_pose,SM-S906U1,GPU
2026-04-22 23:23:27.464,116.738,23.071,59.462,0.698,1.561,6.085,9.844,0.040,false,20.395,MODERATE,9,180,sequential_yolo_pose,SM-S906U1,GPU
2026-04-22 23:23:27.594,125.328,18.794,60.082,0.735,1.813,11.679,10.366,0.026,false,20.375,MODERATE,9,180,sequential_yolo_pose,SM-S906U1,GPU
2026-04-22 23:23:27.706,108.005,20.824,53.599,0.722,1.702,6.251,11.735,0.037,false,20.407,MODERATE,9,180,sequential_yolo_pose,SM-S906U1,GPU
2026-04-22 23:23:27.822,109.727,18.561,53.409,0.761,1.921,6.435,11.729,0.035,false,20.375,MODERATE,9,180,sequential_yolo_pose,SM-S906U1,GPU
2026-04-22 23:23:27.942,112.967,22.706,56.784,0.665,1.630,6.160,12.148,0.057,false,20.371,MODERATE,9,180,sequential_yolo_pose,SM-S906U1,GPU
2026-04-22 23:23:28.058,110.387,21.225,52.886,0.663,1.872,6.108,11.353,0.035,false,20.375,MODERATE,9,180,sequential_yolo_pose,SM-S906U1,GPU
2026-04-22 23:23:28.177,114.063,21.435,60.073,0.668,1.652,5.902,11.006,0.045,false,20.407,MODERATE,9,180,sequential_yolo_pose,SM-S906U1,GPU
2026-04-22 23:23:28.293,107.403,23.069,52.690,0.645,1.559,5.768,10.689,0.038,false,20.375,MODERATE,9,180,sequential_yolo_pose,SM-S906U1,GPU
2026-04-22 23:23:28.408,110.747,21.025,57.289,0.605,1.650,5.793,10.478,0.037,false,20.403,MODERATE,8,180,sequential_yolo_pose,SM-S906U1,GPU
2026-04-22 23:23:28.524,111.076,21.324,56.007,0.618,1.678,5.999,11.551,0.060,false,20.407,MODERATE,8,180,sequential_yolo_pose,SM-S906U1,GPU
2026-04-22 23:23:28.639,109.472,21.309,52.465,0.519,1.679,5.828,12.826,0.040,false,20.375,MODERATE,8,180,sequential_yolo_pose,SM-S906U1,GPU
2026-04-22 23:23:28.750,107.016,18.757,54.857,0.461,1.472,5.204,12.100,0.056,false,20.313,MODERATE,8,180,sequential_yolo_pose,SM-S906U1,GPU
2026-04-22 23:23:28.864,108.181,18.863,56.495,0.575,1.788,6.138,10.245,0.075,false,20.313,MODERATE,8,180,sequential_yolo_pose,SM-S906U1,GPU
2026-04-22 23:23:28.956,88.340,19.648,53.457,0.500,0.000,0.000,0.000,0.000,true,16.981,MODERATE,8,180,sequential_yolo_pose,SM-S906U1,GPU
2026-04-22 23:23:29.085,122.624,23.419,53.354,0.568,1.979,7.558,16.431,0.022,false,34.082,MODERATE,8,180,sequential_yolo_pose,SM-S906U1,GPU
2026-04-22 23:23:29.213,118.123,27.096,53.036,0.743,2.174,6.990,12.613,0.058,false,20.371,MODERATE,8,180,sequential_yolo_pose,SM-S906U1,GPU
2026-04-22 23:23:29.330,108.925,21.553,54.446,0.868,1.966,7.580,12.479,0.034,false,20.407,MODERATE,8,180,sequential_yolo_pose,SM-S906U1,GPU
2026-04-22 23:23:29.452,115.851,23.824,56.283,0.496,1.211,4.705,11.970,0.043,false,20.469,MODERATE,9,180,sequential_yolo_pose,SM-S906U1,GPU
2026-04-22 23:23:29.570,113.096,22.077,55.881,1.181,3.722,4.958,10.141,0.050,false,20.407,MODERATE,9,180,sequential_yolo_pose,SM-S906U1,GPU
2026-04-22 23:23:29.693,117.861,20.482,56.591,1.092,2.590,10.199,12.317,0.051,false,20.344,MODERATE,9,180,sequential_yolo_pose,SM-S906U1,GPU
2026-04-22 23:23:29.812,114.298,20.875,53.220,1.173,2.892,8.086,11.628,0.051,false,20.344,MODERATE,9,180,sequential_yolo_pose,SM-S906U1,GPU
2026-04-22 23:23:29.931,109.225,21.449,52.049,1.209,2.914,9.538,10.818,0.032,false,20.371,MODERATE,9,180,sequential_yolo_pose,SM-S906U1,GPU
2026-04-22 23:23:30.048,112.269,20.655,53.521,0.915,2.085,7.573,13.427,0.031,false,20.375,MODERATE,9,180,sequential_yolo_pose,SM-S906U1,GPU
2026-04-22 23:23:30.159,103.724,21.351,55.196,0.584,1.286,4.894,10.502,0.030,false,20.344,MODERATE,9,180,sequential_yolo_pose,SM-S906U1,GPU
2026-04-22 23:23:30.277,113.542,21.326,53.405,1.194,3.300,7.845,11.677,0.041,false,20.344,MODERATE,9,180,sequential_yolo_pose,SM-S906U1,GPU
2026-04-22 23:23:30.397,110.760,21.052,51.796,1.261,2.584,9.936,11.085,0.044,false,20.375,MODERATE,9,180,sequential_yolo_pose,SM-S906U1,GPU
2026-04-22 23:23:30.521,119.969,21.821,52.824,1.177,2.191,7.977,14.648,0.055,false,20.438,MODERATE,8,180,sequential_yolo_pose,SM-S906U1,GPU
2026-04-22 23:23:30.637,111.575,26.579,52.694,0.652,1.110,4.893,9.893,0.064,false,20.250,MODERATE,8,180,sequential_yolo_pose,SM-S906U1,GPU
2026-04-22 23:23:30.760,117.166,20.847,52.150,0.615,2.644,10.199,12.072,0.032,false,20.371,MODERATE,8,180,sequential_yolo_pose,SM-S906U1,GPU
2026-04-22 23:23:30.877,112.059,25.116,52.090,0.580,1.360,5.186,10.613,0.040,false,20.375,MODERATE,8,180,sequential_yolo_pose,SM-S906U1,GPU
2026-04-22 23:23:31.005,115.505,23.594,53.767,1.331,2.475,7.351,10.360,0.043,false,20.309,MODERATE,8,180,sequential_yolo_pose,SM-S906U1,GPU
2026-04-22 23:23:31.132,122.842,21.878,54.684,0.603,2.230,10.233,16.685,0.032,false,20.407,MODERATE,8,180,sequential_yolo_pose,SM-S906U1,GPU
2026-04-22 23:23:31.260,122.793,26.375,52.702,0.987,2.333,8.570,13.862,0.046,false,20.407,MODERATE,8,180,sequential_yolo_pose,SM-S906U1,GPU
2026-04-22 23:23:31.373,108.336,21.005,53.196,0.591,1.378,5.152,10.318,0.050,false,20.313,MODERATE,8,180,sequential_yolo_pose,SM-S906U1,GPU
2026-04-22 23:23:31.497,118.672,21.948,53.000,0.584,2.840,10.502,11.742,0.056,false,20.438,MODERATE,9,180,sequential_yolo_pose,SM-S906U1,GPU
2026-04-22 23:23:31.624,121.539,20.828,54.403,0.590,1.299,10.261,13.664,0.036,false,20.344,MODERATE,9,180,sequential_yolo_pose,SM-S906U1,GPU
2026-04-22 23:23:31.740,110.923,22.466,52.684,0.874,2.342,6.450,10.103,0.036,false,20.282,MODERATE,9,180,sequential_yolo_pose,SM-S906U1,GPU
2026-04-22 23:23:31.859,114.006,21.374,58.245,0.716,1.495,7.059,14.453,0.043,false,20.313,MODERATE,9,180,sequential_yolo_pose,SM-S906U1,GPU
2026-04-22 23:23:31.974,110.362,21.121,53.117,1.294,2.376,8.322,10.276,0.030,false,20.344,MODERATE,9,180,sequential_yolo_pose,SM-S906U1,GPU
2026-04-22 23:23:32.090,110.640,21.070,55.502,0.830,2.164,7.676,10.924,0.035,false,20.407,MODERATE,9,180,sequential_yolo_pose,SM-S906U1,GPU
2026-04-22 23:23:32.206,111.017,21.128,53.838,0.867,2.075,5.467,10.192,0.033,false,20.313,MODERATE,9,180,sequential_yolo_pose,SM-S906U1,GPU
2026-04-22 23:23:32.325,113.670,20.392,51.744,0.554,2.622,8.612,10.104,0.033,false,20.313,MODERATE,9,180,sequential_yolo_pose,SM-S906U1,GPU
2026-04-22 23:23:32.439,109.300,24.144,51.268,0.611,1.463,4.841,10.286,0.049,false,20.313,MODERATE,8,180,sequential_yolo_pose,SM-S906U1,GPU
2026-04-22 23:23:32.561,114.609,21.143,55.005,0.699,1.583,7.860,11.284,0.044,false,20.375,MODERATE,8,180,sequential_yolo_pose,SM-S906U1,GPU
2026-04-22 23:23:32.676,110.811,21.403,54.298,0.612,1.516,4.866,10.304,0.030,false,20.309,MODERATE,8,180,sequential_yolo_pose,SM-S906U1,GPU
2026-04-22 23:23:32.802,120.597,24.003,54.440,1.353,4.186,8.652,11.529,0.032,false,20.371,MODERATE,8,180,sequential_yolo_pose,SM-S906U1,GPU
2026-04-22 23:23:32.900,92.387,21.372,55.417,0.783,0.000,0.000,0.000,0.000,true,16.949,MODERATE,8,180,sequential_yolo_pose,SM-S906U1,GPU
2026-04-22 23:23:33.043,136.037,26.937,54.772,1.140,2.892,10.788,13.798,0.052,false,33.989,MODERATE,8,180,sequential_yolo_pose,SM-S906U1,GPU
2026-04-22 23:23:33.143,94.157,24.362,52.784,1.151,0.000,0.000,0.000,0.000,true,17.071,MODERATE,8,180,sequential_yolo_pose,SM-S906U1,GPU
2026-04-22 23:23:33.279,129.032,20.715,54.885,1.177,2.584,18.273,11.791,0.046,false,34.079,MODERATE,8,180,sequential_yolo_pose,SM-S906U1,GPU
2026-04-22 23:23:33.407,112.702,22.781,55.870,0.878,2.396,5.131,10.763,0.052,false,20.313,MODERATE,8,180,sequential_yolo_pose,SM-S906U1,GPU
2026-04-22 23:23:33.538,123.416,21.096,55.709,1.043,6.740,9.265,12.172,0.042,false,20.407,MODERATE,8,180,sequential_yolo_pose,SM-S906U1,GPU
2026-04-22 23:23:33.652,109.290,21.394,51.697,0.547,1.198,4.557,13.216,0.032,false,20.375,MODERATE,8,180,sequential_yolo_pose,SM-S906U1,GPU
2026-04-22 23:23:33.783,123.543,24.721,52.852,1.129,4.599,8.356,15.308,0.042,false,20.434,MODERATE,8,180,sequential_yolo_pose,SM-S906U1,GPU
2026-04-22 23:23:33.897,108.318,19.675,54.660,0.845,2.120,7.815,10.505,0.045,false,20.344,MODERATE,8,180,sequential_yolo_pose,SM-S906U1,GPU
2026-04-22 23:23:34.025,123.132,21.302,54.410,0.635,2.195,9.997,14.082,0.046,false,20.375,MODERATE,8,180,sequential_yolo_pose,SM-S906U1,GPU
2026-04-22 23:23:34.150,120.006,24.785,53.994,1.113,2.860,8.628,12.878,0.069,false,20.313,MODERATE,8,180,sequential_yolo_pose,SM-S906U1,GPU
2026-04-22 23:23:34.273,114.618,21.201,55.685,1.189,2.852,9.958,11.511,0.052,false,20.434,MODERATE,8,180,sequential_yolo_pose,SM-S906U1,GPU
2026-04-22 23:23:34.403,124.335,21.097,53.462,1.125,2.770,13.089,16.171,0.052,false,20.469,MODERATE,8,180,sequential_yolo_pose,SM-S906U1,GPU
2026-04-22 23:23:34.518,107.992,23.144,52.355,0.538,1.472,4.716,9.483,0.035,false,20.344,MODERATE,9,180,sequential_yolo_pose,SM-S906U1,GPU
2026-04-22 23:23:34.636,113.930,25.601,51.182,0.787,2.383,6.864,11.680,0.032,false,20.403,MODERATE,9,180,sequential_yolo_pose,SM-S906U1,GPU
2026-04-22 23:23:34.751,108.929,21.071,52.578,0.652,1.518,5.730,10.910,0.044,false,20.344,MODERATE,9,180,sequential_yolo_pose,SM-S906U1,GPU
2026-04-22 23:23:34.867,110.816,22.099,51.286,1.139,2.728,6.605,11.663,0.037,false,20.340,MODERATE,9,180,sequential_yolo_pose,SM-S906U1,GPU
2026-04-22 23:23:34.992,118.490,24.589,53.853,0.795,2.003,7.047,11.248,0.044,false,20.344,MODERATE,9,180,sequential_yolo_pose,SM-S906U1,GPU
2026-04-22 23:23:35.111,114.949,21.668,53.192,1.333,2.308,8.174,12.731,0.044,false,20.375,MODERATE,9,180,sequential_yolo_pose,SM-S906U1,GPU
2026-04-22 23:23:35.239,119.264,21.404,55.033,0.727,2.214,9.396,12.103,0.043,false,20.375,MODERATE,9,180,sequential_yolo_pose,SM-S906U1,GPU
2026-04-22 23:23:35.365,120.663,22.938,53.319,0.473,1.560,8.146,14.119,0.030,false,20.403,MODERATE,9,180,sequential_yolo_pose,SM-S906U1,GPU
2026-04-22 23:23:35.482,112.236,23.850,53.012,0.622,1.742,5.759,11.194,0.050,false,20.407,MODERATE,8,180,sequential_yolo_pose,SM-S906U1,GPU
2026-04-22 23:23:35.604,115.929,23.039,53.941,0.812,2.639,9.254,10.446,0.048,false,20.344,MODERATE,8,180,sequential_yolo_pose,SM-S906U1,GPU
2026-04-22 23:23:35.730,120.114,20.699,55.301,1.015,3.017,9.996,13.829,0.052,false,20.407,MODERATE,8,180,sequential_yolo_pose,SM-S906U1,GPU
2026-04-22 23:23:35.846,110.611,22.628,55.003,0.575,1.314,4.882,10.852,0.053,false,20.313,MODERATE,8,180,sequential_yolo_pose,SM-S906U1,GPU
2026-04-22 23:23:35.970,117.329,23.719,52.307,0.895,2.607,10.091,10.946,0.093,false,20.309,MODERATE,8,180,sequential_yolo_pose,SM-S906U1,GPU
2026-04-22 23:23:36.101,122.884,24.316,52.194,0.875,2.876,10.006,14.712,0.049,false,20.375,MODERATE,8,180,sequential_yolo_pose,SM-S906U1,GPU
2026-04-22 23:23:36.202,96.097,24.295,55.053,0.399,0.000,0.000,0.000,0.000,true,16.981,MODERATE,8,180,sequential_yolo_pose,SM-S906U1,GPU
2026-04-22 23:23:36.348,138.746,30.168,52.812,0.757,2.049,7.683,11.603,0.068,false,33.989,MODERATE,8,180,sequential_yolo_pose,SM-S906U1,GPU
2026-04-22 23:23:36.475,113.641,27.087,52.433,0.393,1.285,4.781,11.564,0.042,false,20.496,MODERATE,8,180,sequential_yolo_pose,SM-S906U1,GPU
2026-04-22 23:23:36.591,108.753,20.590,51.236,0.453,1.503,6.513,12.315,0.047,false,20.344,MODERATE,8,180,sequential_yolo_pose,SM-S906U1,GPU
2026-04-22 23:23:36.710,114.056,21.161,51.377,1.046,2.818,9.412,12.319,0.050,false,20.340,MODERATE,8,180,sequential_yolo_pose,SM-S906U1,GPU
2026-04-22 23:23:36.846,124.414,26.210,53.662,0.795,2.301,8.853,13.316,0.065,false,20.344,MODERATE,8,180,sequential_yolo_pose,SM-S906U1,GPU
2026-04-22 23:23:36.974,118.392,21.684,53.058,0.915,3.077,13.151,10.448,0.046,false,20.465,MODERATE,8,180,sequential_yolo_pose,SM-S906U1,GPU
2026-04-22 23:23:37.073,94.180,20.842,55.765,0.847,0.000,0.000,0.000,0.000,true,16.981,MODERATE,8,180,sequential_yolo_pose,SM-S906U1,GPU
2026-04-22 23:23:37.181,96.443,24.792,51.457,0.650,0.000,0.000,0.000,0.000,true,30.594,MODERATE,8,180,sequential_yolo_pose,SM-S906U1,GPU
2026-04-22 23:23:37.291,102.656,25.727,55.110,0.493,0.000,0.000,0.000,0.000,true,18.184,MODERATE,8,180,sequential_yolo_pose,SM-S906U1,GPU
2026-04-22 23:23:37.398,100.927,26.712,51.920,0.588,0.000,0.000,0.000,0.000,true,31.735,MODERATE,8,180,sequential_yolo_pose,SM-S906U1,GPU
2026-04-22 23:23:37.516,110.766,25.805,56.181,0.731,0.000,0.000,0.000,0.000,true,18.184,MODERATE,9,180,sequential_yolo_pose,SM-S906U1,GPU
2026-04-22 23:23:37.645,121.140,25.665,53.130,1.027,2.580,10.396,11.734,0.054,false,35.161,MODERATE,9,180,sequential_yolo_pose,SM-S906U1,GPU
2026-04-22 23:23:37.757,100.397,30.738,53.421,0.698,0.000,0.000,0.000,0.000,true,18.551,MODERATE,9,180,sequential_yolo_pose,SM-S906U1,GPU
2026-04-22 23:23:37.884,121.499,21.946,56.266,0.900,2.461,8.661,14.779,0.037,false,35.559,MODERATE,9,180,sequential_yolo_pose,SM-S906U1,GPU
2026-04-22 23:23:38.008,115.482,23.186,54.690,0.845,2.462,5.147,12.528,0.062,false,17.285,MODERATE,9,180,sequential_yolo_pose,SM-S906U1,GPU
2026-04-22 23:23:38.102,87.984,20.616,54.438,0.400,0.000,0.000,0.000,0.000,true,16.981,MODERATE,9,180,sequential_yolo_pose,SM-S906U1,GPU
2026-04-22 23:23:38.209,99.688,21.860,57.138,0.500,0.000,0.000,0.000,0.000,true,30.594,MODERATE,9,180,sequential_yolo_pose,SM-S906U1,GPU
2026-04-22 23:23:38.316,97.753,23.333,53.235,0.480,0.000,0.000,0.000,0.000,true,13.492,MODERATE,9,180,sequential_yolo_pose,SM-S906U1,GPU
2026-04-22 23:23:38.426,100.835,24.225,53.439,0.441,0.000,0.000,0.000,0.000,true,16.942,MODERATE,9,180,sequential_yolo_pose,SM-S906U1,GPU
2026-04-22 23:23:38.538,104.372,23.348,52.391,0.369,0.000,0.000,0.000,0.000,true,30.680,MODERATE,8,180,sequential_yolo_pose,SM-S906U1,GPU
2026-04-22 23:23:38.648,104.022,26.625,53.548,0.534,0.000,0.000,0.000,0.000,true,13.883,MODERATE,8,180,sequential_yolo_pose,SM-S906U1,GPU
2026-04-22 23:23:38.756,98.349,26.648,53.536,0.219,0.000,0.000,0.000,0.000,true,16.942,MODERATE,8,180,sequential_yolo_pose,SM-S906U1,GPU
2026-04-22 23:23:38.860,98.757,28.273,53.761,0.617,0.000,0.000,0.000,0.000,true,30.618,MODERATE,8,180,sequential_yolo_pose,SM-S906U1,GPU
2026-04-22 23:23:38.971,104.517,29.059,53.384,0.556,0.000,0.000,0.000,0.000,true,18.512,MODERATE,8,180,sequential_yolo_pose,SM-S906U1,GPU
2026-04-22 23:23:39.079,100.551,24.001,52.999,0.509,0.000,0.000,0.000,0.000,true,32.125,MODERATE,8,180,sequential_yolo_pose,SM-S906U1,GPU
2026-04-22 23:23:39.180,90.681,22.410,51.282,0.467,0.000,0.000,0.000,0.000,true,18.184,MODERATE,8,180,sequential_yolo_pose,SM-S906U1,GPU
2026-04-22 23:23:39.292,102.287,22.367,52.256,0.487,0.000,0.000,0.000,0.000,true,31.766,MODERATE,8,180,sequential_yolo_pose,SM-S906U1,GPU
2026-04-22 23:23:39.414,115.214,35.652,50.848,0.472,0.000,0.000,0.000,0.000,true,18.184,MODERATE,8,180,sequential_yolo_pose,SM-S906U1,GPU
2026-04-22 23:23:39.518,94.488,24.909,51.604,0.513,0.000,0.000,0.000,0.000,true,31.766,MODERATE,10,180,sequential_yolo_pose,SM-S906U1,GPU
2026-04-22 23:23:39.626,96.154,24.806,51.451,0.393,0.000,0.000,0.000,0.000,true,13.496,MODERATE,10,180,sequential_yolo_pose,SM-S906U1,GPU
2026-04-22 23:23:39.747,114.607,27.398,55.051,0.465,0.000,0.000,0.000,0.000,true,16.973,MODERATE,10,180,sequential_yolo_pose,SM-S906U1,GPU
2026-04-22 23:23:39.853,95.237,21.904,52.953,0.716,0.000,0.000,0.000,0.000,true,30.555,MODERATE,10,180,sequential_yolo_pose,SM-S906U1,GPU
2026-04-22 23:23:39.967,105.840,29.108,52.165,0.262,0.000,0.000,0.000,0.000,true,18.121,MODERATE,10,180,sequential_yolo_pose,SM-S906U1,GPU
2026-04-22 23:23:40.102,128.116,22.046,53.147,0.530,2.149,9.604,11.914,0.044,false,35.129,MODERATE,10,180,sequential_yolo_pose,SM-S906U1,GPU
2026-04-22 23:23:40.208,98.965,25.949,52.521,0.289,0.000,0.000,0.000,0.000,true,17.016,MODERATE,10,180,sequential_yolo_pose,SM-S906U1,GPU
2026-04-22 23:23:40.340,119.775,22.727,52.140,0.789,2.423,10.232,13.120,0.049,false,33.961,MODERATE,10,180,sequential_yolo_pose,SM-S906U1,GPU
2026-04-22 23:23:40.464,106.769,20.263,52.315,1.293,1.630,5.231,11.367,0.035,false,20.426,MODERATE,8,180,sequential_yolo_pose,SM-S906U1,GPU
2026-04-22 23:23:40.578,110.400,24.195,54.350,0.487,1.673,6.100,10.605,0.029,false,20.344,MODERATE,8,180,sequential_yolo_pose,SM-S906U1,GPU
2026-04-22 23:23:40.677,91.733,21.938,55.990,0.464,0.000,0.000,0.000,0.000,true,17.008,MODERATE,8,180,sequential_yolo_pose,SM-S906U1,GPU
2026-04-22 23:23:40.805,121.711,21.191,60.462,0.674,1.647,7.284,13.755,0.042,false,33.954,MODERATE,8,180,sequential_yolo_pose,SM-S906U1,GPU
2026-04-22 23:23:40.939,115.987,24.647,57.350,0.511,1.866,6.420,12.419,0.047,false,20.403,MODERATE,8,180,sequential_yolo_pose,SM-S906U1,GPU
2026-04-22 23:23:41.067,118.934,21.681,52.822,0.529,5.862,9.790,10.275,0.050,false,20.375,MODERATE,8,180,sequential_yolo_pose,SM-S906U1,GPU
2026-04-22 23:23:41.196,124.780,29.473,54.171,1.213,2.736,10.722,10.061,0.031,false,20.407,MODERATE,8,180,sequential_yolo_pose,SM-S906U1,GPU
2026-04-22 23:23:41.314,113.998,20.786,54.393,0.851,2.196,8.519,14.217,0.049,false,20.438,MODERATE,8,180,sequential_yolo_pose,SM-S906U1,GPU
2026-04-22 23:23:41.440,118.950,26.679,53.133,1.224,2.788,7.358,11.780,0.043,false,20.375,MODERATE,8,180,sequential_yolo_pose,SM-S906U1,GPU
2026-04-22 23:23:41.553,106.816,20.548,51.159,0.678,1.416,7.171,11.683,0.053,false,20.375,MODERATE,9,180,sequential_yolo_pose,SM-S906U1,GPU
2026-04-22 23:23:41.683,123.164,24.851,55.612,1.004,2.412,8.051,14.950,0.051,false,20.407,MODERATE,9,180,sequential_yolo_pose,SM-S906U1,GPU
2026-04-22 23:23:41.812,121.589,25.389,57.427,0.999,2.765,8.071,10.791,0.051,false,20.371,MODERATE,9,180,sequential_yolo_pose,SM-S906U1,GPU
2026-04-22 23:23:41.941,119.385,21.944,52.747,1.107,2.383,13.418,11.928,0.042,false,20.371,MODERATE,9,180,sequential_yolo_pose,SM-S906U1,GPU
2026-04-22 23:23:42.070,121.713,21.576,51.527,0.938,2.421,13.491,13.220,0.051,false,20.469,MODERATE,9,180,sequential_yolo_pose,SM-S906U1,GPU
2026-04-22 23:23:42.199,124.285,23.829,52.867,0.904,2.562,9.666,16.636,0.069,false,20.375,MODERATE,9,180,sequential_yolo_pose,SM-S906U1,GPU
2026-04-22 23:23:42.330,126.226,20.917,53.703,0.872,2.642,12.500,13.193,0.051,false,20.375,MODERATE,9,180,sequential_yolo_pose,SM-S906U1,GPU
2026-04-22 23:23:42.454,119.490,21.750,54.381,0.923,2.491,7.763,15.401,0.055,false,20.344,MODERATE,9,180,sequential_yolo_pose,SM-S906U1,GPU
2026-04-22 23:23:42.576,116.500,23.250,53.493,0.878,2.547,8.693,11.656,0.060,false,20.407,MODERATE,8,180,sequential_yolo_pose,SM-S906U1,GPU
2026-04-22 23:23:42.701,115.903,24.526,52.960,0.865,2.308,9.032,10.136,0.048,false,20.340,MODERATE,8,180,sequential_yolo_pose,SM-S906U1,GPU
2026-04-22 23:23:42.826,118.424,20.857,50.838,0.649,2.142,8.044,15.184,0.042,false,20.375,MODERATE,8,180,sequential_yolo_pose,SM-S906U1,GPU
2026-04-22 23:23:42.958,128.261,24.668,54.332,0.890,2.763,10.389,17.987,0.052,false,20.407,MODERATE,8,180,sequential_yolo_pose,SM-S906U1,GPU
2026-04-22 23:23:43.072,108.697,21.327,54.608,0.447,1.080,5.557,10.333,0.051,false,20.344,MODERATE,8,180,sequential_yolo_pose,SM-S906U1,GPU
2026-04-22 23:23:43.194,117.590,20.842,54.342,0.900,2.954,10.325,10.766,0.059,false,20.371,MODERATE,8,180,sequential_yolo_pose,SM-S906U1,GPU
2026-04-22 23:23:43.318,115.732,20.838,52.773,0.963,2.367,8.455,14.112,0.071,false,20.375,MODERATE,8,180,sequential_yolo_pose,SM-S906U1,GPU
2026-04-22 23:23:43.440,114.998,23.870,52.556,1.047,6.056,5.290,10.586,0.104,false,20.375,MODERATE,8,180,sequential_yolo_pose,SM-S906U1,GPU
2026-04-22 23:23:43.572,126.025,21.105,57.151,1.239,4.244,15.458,10.668,0.047,false,20.500,MODERATE,8,180,sequential_yolo_pose,SM-S906U1,GPU
2026-04-22 23:23:43.663,86.737,20.869,55.298,0.292,0.000,0.000,0.000,0.000,true,16.981,MODERATE,8,180,sequential_yolo_pose,SM-S906U1,GPU
2026-04-22 23:23:43.793,122.841,22.382,52.253,0.736,2.268,9.802,9.861,0.057,false,33.957,MODERATE,8,180,sequential_yolo_pose,SM-S906U1,GPU
2026-04-22 23:23:43.914,113.865,19.492,56.878,0.702,2.350,8.222,11.582,0.050,false,20.407,MODERATE,8,180,sequential_yolo_pose,SM-S906U1,GPU
2026-04-22 23:23:44.035,112.129,22.199,52.197,0.998,1.423,7.164,10.087,0.044,false,20.313,MODERATE,8,180,sequential_yolo_pose,SM-S906U1,GPU
2026-04-22 23:23:44.164,123.322,23.383,53.711,1.014,2.925,10.821,10.878,0.047,false,20.340,MODERATE,8,180,sequential_yolo_pose,SM-S906U1,GPU
2026-04-22 23:23:44.282,111.100,21.020,55.791,0.465,1.708,4.824,10.921,0.082,false,20.313,MODERATE,8,180,sequential_yolo_pose,SM-S906U1,GPU
2026-04-22 23:23:44.410,121.663,22.907,53.519,0.867,2.469,11.165,12.948,0.047,false,20.371,MODERATE,8,180,sequential_yolo_pose,SM-S906U1,GPU
2026-04-22 23:23:44.527,110.820,20.251,51.723,0.511,2.725,6.163,11.604,0.058,false,20.477,MODERATE,8,180,sequential_yolo_pose,SM-S906U1,GPU
2026-04-22 23:23:44.645,112.087,21.387,53.071,0.732,1.472,6.372,12.213,0.052,false,20.375,MODERATE,8,180,sequential_yolo_pose,SM-S906U1,GPU
2026-04-22 23:23:44.774,123.146,24.161,51.490,0.976,3.075,11.996,13.485,0.047,false,20.403,MODERATE,8,180,sequential_yolo_pose,SM-S906U1,GPU
2026-04-22 23:23:44.899,116.608,21.048,53.718,0.958,2.932,8.836,12.026,0.056,false,20.375,MODERATE,8,180,sequential_yolo_pose,SM-S906U1,GPU
2026-04-22 23:23:45.017,112.866,23.199,53.416,0.486,1.332,4.938,10.244,0.067,false,20.313,MODERATE,8,180,sequential_yolo_pose,SM-S906U1,GPU
2026-04-22 23:23:45.140,117.928,25.874,52.603,0.677,2.177,4.916,10.177,0.034,false,20.313,MODERATE,8,180,sequential_yolo_pose,SM-S906U1,GPU
2026-04-22 23:23:45.273,127.404,26.416,53.275,0.915,2.809,10.202,17.201,0.053,false,20.375,MODERATE,8,180,sequential_yolo_pose,SM-S906U1,GPU
2026-04-22 23:23:45.397,118.459,21.304,53.301,0.738,2.992,12.165,11.208,0.054,false,20.375,MODERATE,8,180,sequential_yolo_pose,SM-S906U1,GPU
2026-04-22 23:23:45.517,112.299,23.704,52.839,0.498,1.443,4.762,11.601,0.045,false,20.500,MODERATE,8,180,sequential_yolo_pose,SM-S906U1,GPU
2026-04-22 23:23:45.642,120.218,22.596,52.856,0.861,3.083,14.160,11.558,0.033,false,20.438,MODERATE,8,180,sequential_yolo_pose,SM-S906U1,GPU
2026-04-22 23:23:45.760,111.197,21.433,53.171,0.820,2.385,5.371,10.676,0.041,false,20.375,MODERATE,8,180,sequential_yolo_pose,SM-S906U1,GPU
2026-04-22 23:23:45.873,108.844,27.475,49.877,0.446,1.247,4.630,9.937,0.045,false,20.344,MODERATE,8,180,sequential_yolo_pose,SM-S906U1,GPU
2026-04-22 23:23:45.985,108.450,27.471,50.902,0.512,1.314,4.492,9.353,0.056,false,20.309,MODERATE,8,180,sequential_yolo_pose,SM-S906U1,GPU
2026-04-22 23:23:46.106,113.012,31.089,52.237,0.482,1.406,4.452,9.034,0.045,false,20.313,MODERATE,8,180,sequential_yolo_pose,SM-S906U1,GPU
2026-04-22 23:23:46.233,122.814,27.014,52.766,0.723,3.078,9.878,13.941,0.031,false,20.371,MODERATE,8,180,sequential_yolo_pose,SM-S906U1,GPU
2026-04-22 23:23:46.355,116.878,23.468,53.931,0.558,1.449,6.825,12.941,0.052,false,20.375,MODERATE,8,180,sequential_yolo_pose,SM-S906U1,GPU
2026-04-22 23:23:46.477,117.062,24.446,52.483,0.818,2.231,7.385,12.561,0.062,false,20.375,MODERATE,8,180,sequential_yolo_pose,SM-S906U1,GPU
2026-04-22 23:23:46.604,121.722,25.544,53.433,0.949,3.458,8.055,10.163,0.052,false,20.375,MODERATE,8,180,sequential_yolo_pose,SM-S906U1,GPU
2026-04-22 23:23:46.732,119.740,19.972,54.754,0.819,2.947,9.237,16.152,0.036,false,20.407,MODERATE,8,180,sequential_yolo_pose,SM-S906U1,GPU
2026-04-22 23:23:46.854,117.710,20.742,54.423,0.589,1.969,6.463,14.299,0.051,false,20.375,MODERATE,8,180,sequential_yolo_pose,SM-S906U1,GPU
2026-04-22 23:23:46.976,116.313,24.039,51.417,1.085,3.081,8.340,11.967,0.058,false,20.407,MODERATE,8,180,sequential_yolo_pose,SM-S906U1,GPU
2026-04-22 23:23:47.105,122.241,26.338,53.127,1.017,3.037,10.597,11.794,0.055,false,20.407,MODERATE,8,180,sequential_yolo_pose,SM-S906U1,GPU
2026-04-22 23:23:47.229,119.150,20.594,53.884,0.673,2.073,12.818,11.522,0.034,false,20.438,MODERATE,8,180,sequential_yolo_pose,SM-S906U1,GPU
2026-04-22 23:23:47.343,107.868,19.929,54.316,1.089,3.247,4.501,10.716,0.045,false,20.313,MODERATE,8,180,sequential_yolo_pose,SM-S906U1,GPU
2026-04-22 23:23:47.468,118.401,21.882,53.770,1.271,2.530,9.932,12.135,0.045,false,20.375,MODERATE,8,180,sequential_yolo_pose,SM-S906U1,GPU
2026-04-22 23:23:47.600,121.973,23.535,53.518,1.237,5.327,7.862,11.259,0.037,false,20.407,MODERATE,8,180,sequential_yolo_pose,SM-S906U1,GPU
2026-04-22 23:23:47.716,109.398,19.846,53.157,0.886,2.528,8.546,11.068,0.051,false,20.344,MODERATE,8,180,sequential_yolo_pose,SM-S906U1,GPU
2026-04-22 23:23:47.839,115.149,24.316,52.997,1.155,3.077,7.726,10.011,0.032,false,20.407,MODERATE,8,180,sequential_yolo_pose,SM-S906U1,GPU
2026-04-22 23:23:47.960,116.708,20.417,52.858,0.689,2.699,10.210,11.918,0.073,false,20.407,MODERATE,8,180,sequential_yolo_pose,SM-S906U1,GPU
2026-04-22 23:23:48.079,113.891,21.433,53.125,1.066,2.406,7.373,11.188,0.040,false,20.438,MODERATE,8,180,sequential_yolo_pose,SM-S906U1,GPU
2026-04-22 23:23:48.206,120.890,20.143,52.587,0.954,2.183,16.903,13.070,0.041,false,20.434,MODERATE,8,180,sequential_yolo_pose,SM-S906U1,GPU
2026-04-22 23:23:48.334,124.555,21.261,52.474,0.597,2.792,16.365,12.033,0.032,false,20.438,MODERATE,8,180,sequential_yolo_pose,SM-S906U1,GPU
2026-04-22 23:23:48.449,110.542,19.775,53.381,0.983,2.961,7.147,10.678,0.034,false,20.375,MODERATE,8,180,sequential_yolo_pose,SM-S906U1,GPU
2026-04-22 23:23:48.572,118.186,20.747,55.564,1.175,2.873,12.152,11.069,0.034,false,20.407,MODERATE,9,180,sequential_yolo_pose,SM-S906U1,GPU
2026-04-22 23:23:48.690,113.200,20.910,51.850,0.633,1.657,6.754,12.971,0.030,false,20.375,MODERATE,9,180,sequential_yolo_pose,SM-S906U1,GPU
2026-04-22 23:23:48.810,113.768,23.659,50.806,1.011,2.290,7.786,11.715,0.031,false,20.407,MODERATE,9,180,sequential_yolo_pose,SM-S906U1,GPU
2026-04-22 23:23:48.932,115.716,21.101,54.936,0.900,2.346,9.595,10.677,0.053,false,20.344,MODERATE,9,180,sequential_yolo_pose,SM-S906U1,GPU
2026-04-22 23:23:49.059,122.362,25.484,52.413,0.821,3.150,9.920,11.767,0.056,false,20.375,MODERATE,9,180,sequential_yolo_pose,SM-S906U1,GPU
2026-04-22 23:23:49.178,113.599,20.951,53.439,0.826,2.872,10.173,11.140,0.044,false,20.371,MODERATE,9,180,sequential_yolo_pose,SM-S906U1,GPU
2026-04-22 23:23:49.298,113.883,20.428,54.951,0.557,1.835,7.690,10.465,0.049,false,20.344,MODERATE,9,180,sequential_yolo_pose,SM-S906U1,GPU
2026-04-22 23:23:49.425,122.155,25.301,52.299,0.569,2.193,7.859,14.829,0.047,false,20.375,MODERATE,9,180,sequential_yolo_pose,SM-S906U1,GPU
2026-04-22 23:23:49.536,105.710,20.688,53.687,0.758,1.502,4.641,10.417,0.049,false,20.500,MODERATE,8,180,sequential_yolo_pose,SM-S906U1,GPU
2026-04-22 23:23:49.657,116.487,21.092,53.985,0.481,2.114,8.701,14.834,0.045,false,20.375,MODERATE,8,180,sequential_yolo_pose,SM-S906U1,GPU
2026-04-22 23:23:49.782,121.216,24.750,53.788,1.180,3.356,7.435,14.611,0.037,false,20.371,MODERATE,8,180,sequential_yolo_pose,SM-S906U1,GPU
2026-04-22 23:23:49.904,117.005,22.747,53.220,1.011,2.901,9.702,10.578,0.074,false,20.344,MODERATE,8,180,sequential_yolo_pose,SM-S906U1,GPU
2026-04-22 23:23:50.029,118.989,19.867,51.738,0.913,3.111,8.598,14.145,0.055,false,20.375,MODERATE,8,180,sequential_yolo_pose,SM-S906U1,GPU
2026-04-22 23:23:50.151,116.482,21.038,57.713,0.413,1.549,4.891,10.031,0.054,false,20.313,MODERATE,8,180,sequential_yolo_pose,SM-S906U1,GPU
2026-04-22 23:23:50.272,115.568,19.921,52.732,0.755,3.384,9.925,10.684,0.072,false,20.344,MODERATE,8,180,sequential_yolo_pose,SM-S906U1,GPU
2026-04-22 23:23:50.368,90.138,21.172,52.411,0.411,0.000,0.000,0.000,0.000,true,16.981,MODERATE,8,180,sequential_yolo_pose,SM-S906U1,GPU
2026-04-22 23:23:50.517,140.918,23.155,53.904,0.885,2.865,16.845,21.398,0.069,false,11.742,MODERATE,8,180,sequential_yolo_pose,SM-S906U1,GPU
2026-04-22 23:23:50.647,123.550,24.632,56.935,0.819,2.748,7.823,12.149,0.069,false,20.492,MODERATE,8,180,sequential_yolo_pose,SM-S906U1,GPU
2026-04-22 23:23:50.747,90.946,21.545,53.097,0.549,0.000,0.000,0.000,0.000,true,16.946,MODERATE,8,180,sequential_yolo_pose,SM-S906U1,GPU
2026-04-22 23:23:50.882,128.740,26.836,52.958,0.868,2.602,7.923,12.660,0.046,false,33.922,MODERATE,8,180,sequential_yolo_pose,SM-S906U1,GPU
2026-04-22 23:23:51.020,124.619,25.623,55.830,0.745,2.460,7.395,11.369,0.081,false,20.340,MODERATE,8,180,sequential_yolo_pose,SM-S906U1,GPU
2026-04-22 23:23:51.140,113.937,20.085,53.427,1.050,3.304,8.580,10.499,0.047,false,20.344,MODERATE,8,180,sequential_yolo_pose,SM-S906U1,GPU
2026-04-22 23:23:51.268,122.475,23.758,51.849,1.058,2.639,11.986,12.047,0.040,false,20.375,MODERATE,8,180,sequential_yolo_pose,SM-S906U1,GPU
2026-04-22 23:23:51.392,119.797,22.359,53.789,0.735,2.251,7.843,13.501,0.050,false,20.375,MODERATE,8,180,sequential_yolo_pose,SM-S906U1,GPU
2026-04-22 23:23:51.510,113.259,20.821,51.972,0.939,3.604,7.468,12.214,0.052,false,20.375,MODERATE,8,180,sequential_yolo_pose,SM-S906U1,GPU
2026-04-22 23:23:51.640,123.813,28.228,53.246,0.783,2.330,8.138,10.713,0.071,false,20.344,MODERATE,9,180,sequential_yolo_pose,SM-S906U1,GPU
2026-04-22 23:23:51.767,119.152,20.093,53.308,0.748,2.512,8.490,16.967,0.054,false,20.375,MODERATE,9,180,sequential_yolo_pose,SM-S906U1,GPU
2026-04-22 23:23:51.890,117.974,20.872,56.496,0.455,1.509,6.359,12.805,0.051,false,20.375,MODERATE,9,180,sequential_yolo_pose,SM-S906U1,GPU
2026-04-22 23:23:52.010,115.400,24.149,53.533,0.613,2.197,6.841,11.013,0.071,false,20.313,MODERATE,9,180,sequential_yolo_pose,SM-S906U1,GPU
2026-04-22 23:23:52.139,117.481,25.339,52.372,0.699,2.991,9.758,9.956,0.052,false,20.344,MODERATE,9,180,sequential_yolo_pose,SM-S906U1,GPU
2026-04-22 23:23:52.272,127.345,24.584,53.089,0.934,2.789,10.022,14.180,0.066,false,20.371,MODERATE,9,180,sequential_yolo_pose,SM-S906U1,GPU
2026-04-22 23:23:52.398,120.303,20.794,58.709,0.962,4.151,7.408,11.060,0.041,false,20.407,MODERATE,9,180,sequential_yolo_pose,SM-S906U1,GPU
2026-04-22 23:23:52.512,109.745,20.248,52.547,0.796,2.490,5.624,11.381,0.072,false,20.344,MODERATE,9,180,sequential_yolo_pose,SM-S906U1,GPU
2026-04-22 23:23:52.625,105.633,20.857,53.924,0.555,1.641,7.337,10.528,0.040,false,20.407,MODERATE,8,180,sequential_yolo_pose,SM-S906U1,GPU
2026-04-22 23:23:52.743,110.541,24.398,50.826,0.594,1.521,4.670,10.859,0.048,false,20.313,MODERATE,8,180,sequential_yolo_pose,SM-S906U1,GPU
2026-04-22 23:23:52.866,117.845,21.155,53.623,1.008,3.076,8.989,11.778,0.055,false,20.375,MODERATE,8,180,sequential_yolo_pose,SM-S906U1,GPU
2026-04-22 23:23:52.994,117.553,21.360,52.310,0.904,2.620,8.604,12.323,0.051,false,20.313,MODERATE,8,180,sequential_yolo_pose,SM-S906U1,GPU
2026-04-22 23:23:53.107,108.553,20.878,54.081,0.537,1.664,5.318,10.460,0.048,false,20.313,MODERATE,8,180,sequential_yolo_pose,SM-S906U1,GPU
2026-04-22 23:23:53.219,105.112,20.219,56.556,0.468,1.581,5.040,10.144,0.052,false,20.313,MODERATE,8,180,sequential_yolo_pose,SM-S906U1,GPU
2026-04-22 23:23:53.339,115.723,21.353,51.561,0.878,6.961,11.916,11.669,0.055,false,20.371,MODERATE,8,180,sequential_yolo_pose,SM-S906U1,GPU
2026-04-22 23:23:53.465,119.911,21.183,56.904,0.868,2.905,10.430,11.482,0.052,false,20.438,MODERATE,8,180,sequential_yolo_pose,SM-S906U1,GPU
2026-04-22 23:23:53.583,113.077,21.344,51.293,0.516,1.613,4.946,11.706,0.031,false,20.532,MODERATE,8,180,sequential_yolo_pose,SM-S906U1,GPU
2026-04-22 23:23:53.679,91.307,21.828,54.166,0.350,0.000,0.000,0.000,0.000,true,16.981,MODERATE,8,180,sequential_yolo_pose,SM-S906U1,GPU
2026-04-22 23:23:53.793,98.173,23.510,54.491,0.229,0.000,0.000,0.000,0.000,true,30.594,MODERATE,8,180,sequential_yolo_pose,SM-S906U1,GPU
2026-04-22 23:23:53.889,92.028,21.896,53.458,0.407,0.000,0.000,0.000,0.000,true,18.184,MODERATE,8,180,sequential_yolo_pose,SM-S906U1,GPU
2026-04-22 23:23:54.033,136.591,28.235,56.336,0.870,3.800,9.835,13.012,0.056,false,35.129,MODERATE,8,180,sequential_yolo_pose,SM-S906U1,GPU
2026-04-22 23:23:54.128,90.752,19.645,52.392,0.645,0.000,0.000,0.000,0.000,true,13.891,MODERATE,8,180,sequential_yolo_pose,SM-S906U1,GPU
2026-04-22 23:23:54.271,135.965,22.107,55.433,1.014,3.072,12.934,11.862,0.054,false,20.399,MODERATE,8,180,sequential_yolo_pose,SM-S906U1,GPU
2026-04-22 23:23:54.396,119.792,21.970,54.267,1.165,3.057,11.059,10.079,0.033,false,20.344,MODERATE,8,180,sequential_yolo_pose,SM-S906U1,GPU
2026-04-22 23:23:54.518,117.006,22.814,51.390,0.856,2.645,8.663,12.576,0.064,false,20.375,MODERATE,8,180,sequential_yolo_pose,SM-S906U1,GPU
2026-04-22 23:23:54.638,111.813,22.757,53.537,0.789,2.481,5.488,9.633,0.050,false,20.442,MODERATE,9,180,sequential_yolo_pose,SM-S906U1,GPU
2026-04-22 23:23:54.759,115.534,20.322,54.055,0.627,2.011,10.073,12.469,0.049,false,20.371,MODERATE,9,180,sequential_yolo_pose,SM-S906U1,GPU
2026-04-22 23:23:54.880,114.914,22.716,53.346,0.665,1.962,6.382,13.193,0.056,false,20.344,MODERATE,9,180,sequential_yolo_pose,SM-S906U1,GPU
2026-04-22 23:23:55.004,115.222,20.813,53.293,1.149,3.157,9.439,11.620,0.062,false,20.407,MODERATE,9,180,sequential_yolo_pose,SM-S906U1,GPU
2026-04-22 23:23:55.138,128.317,25.761,52.776,1.005,3.078,12.371,11.404,0.058,false,20.371,MODERATE,9,180,sequential_yolo_pose,SM-S906U1,GPU
2026-04-22 23:23:55.257,114.060,21.667,50.170,0.491,1.541,5.835,12.002,0.049,false,20.407,MODERATE,9,180,sequential_yolo_pose,SM-S906U1,GPU
2026-04-22 23:23:55.374,112.603,22.386,52.777,1.017,2.293,6.964,10.758,0.061,false,20.282,MODERATE,9,180,sequential_yolo_pose,SM-S906U1,GPU
2026-04-22 23:23:55.501,116.109,20.456,56.715,0.811,3.135,10.429,10.831,0.060,false,20.407,MODERATE,9,180,sequential_yolo_pose,SM-S906U1,GPU
2026-04-22 23:23:55.624,119.069,21.980,53.449,0.465,1.935,6.502,15.696,0.055,false,20.508,MODERATE,8,180,sequential_yolo_pose,SM-S906U1,GPU
2026-04-22 23:23:55.742,111.642,24.784,52.793,0.570,1.369,4.949,10.527,0.062,false,20.313,MODERATE,8,180,sequential_yolo_pose,SM-S906U1,GPU
2026-04-22 23:23:55.874,125.272,24.064,52.062,1.070,2.669,12.555,11.901,0.051,false,20.403,MODERATE,8,180,sequential_yolo_pose,SM-S906U1,GPU
2026-04-22 23:23:55.996,116.198,20.485,52.546,0.958,2.462,9.732,12.746,0.078,false,20.371,MODERATE,8,180,sequential_yolo_pose,SM-S906U1,GPU
2026-04-22 23:23:56.123,121.065,20.820,55.090,0.930,2.367,8.974,14.173,0.032,false,20.375,MODERATE,8,180,sequential_yolo_pose,SM-S906U1,GPU
2026-04-22 23:23:56.241,113.896,24.481,51.645,1.067,2.175,6.310,11.592,0.058,false,20.407,MODERATE,8,180,sequential_yolo_pose,SM-S906U1,GPU
2026-04-22 23:23:56.356,110.514,19.848,53.129,0.600,1.458,7.793,13.383,0.035,false,20.375,MODERATE,8,180,sequential_yolo_pose,SM-S906U1,GPU
2026-04-22 23:23:56.480,118.064,24.233,50.982,0.997,2.752,7.876,11.444,0.053,false,20.407,MODERATE,8,180,sequential_yolo_pose,SM-S906U1,GPU
2026-04-22 23:23:56.597,111.374,19.887,52.866,0.578,1.414,10.408,9.798,0.033,false,20.559,MODERATE,8,180,sequential_yolo_pose,SM-S906U1,GPU
2026-04-22 23:23:56.713,111.223,19.856,54.968,1.224,2.706,8.275,11.193,0.034,false,20.410,MODERATE,8,180,sequential_yolo_pose,SM-S906U1,GPU
2026-04-22 23:23:56.853,133.433,20.450,52.953,1.307,5.124,14.968,22.226,0.034,false,20.438,MODERATE,8,180,sequential_yolo_pose,SM-S906U1,GPU
2026-04-22 23:23:56.989,128.661,24.148,53.152,1.028,2.328,8.117,22.081,0.032,false,20.438,MODERATE,8,180,sequential_yolo_pose,SM-S906U1,GPU
2026-04-22 23:23:57.119,125.836,20.496,56.945,1.041,2.896,8.532,16.251,1.395,false,20.407,MODERATE,8,180,sequential_yolo_pose,SM-S906U1,GPU
2026-04-22 23:23:57.238,114.559,20.475,52.620,1.171,3.327,9.923,10.771,0.035,false,20.344,MODERATE,8,180,sequential_yolo_pose,SM-S906U1,GPU
2026-04-22 23:23:57.362,116.353,22.040,52.221,1.032,2.219,8.523,10.350,0.047,false,20.375,MODERATE,8,180,sequential_yolo_pose,SM-S906U1,GPU
2026-04-22 23:23:57.491,122.859,24.097,56.113,0.639,1.743,5.966,16.801,0.046,false,20.375,MODERATE,8,180,sequential_yolo_pose,SM-S906U1,GPU
2026-04-22 23:23:57.607,110.872,20.528,55.323,0.641,1.589,6.143,10.821,0.036,false,20.594,MODERATE,8,180,sequential_yolo_pose,SM-S906U1,GPU
2026-04-22 23:23:57.736,124.395,22.061,54.971,1.112,3.387,13.730,10.470,0.055,false,20.375,MODERATE,8,180,sequential_yolo_pose,SM-S906U1,GPU
2026-04-22 23:23:57.854,113.677,22.808,55.816,0.577,1.676,5.453,12.016,0.040,false,20.313,MODERATE,8,180,sequential_yolo_pose,SM-S906U1,GPU
2026-04-22 23:23:57.970,110.467,21.778,51.393,0.729,1.919,7.147,11.046,0.063,false,20.344,MODERATE,8,180,sequential_yolo_pose,SM-S906U1,GPU
2026-04-22 23:23:58.100,123.359,24.333,52.396,1.096,2.954,10.152,13.128,0.064,false,20.407,MODERATE,8,180,sequential_yolo_pose,SM-S906U1,GPU
2026-04-22 23:23:58.219,114.475,23.811,54.266,0.560,1.689,5.478,10.921,0.055,false,20.282,MODERATE,8,180,sequential_yolo_pose,SM-S906U1,GPU
2026-04-22 23:23:58.343,117.137,21.148,55.357,1.134,2.685,8.428,11.752,0.047,false,20.371,MODERATE,8,180,sequential_yolo_pose,SM-S906U1,GPU
2026-04-22 23:23:58.471,115.139,20.726,52.719,0.943,1.890,11.648,11.906,0.036,false,20.469,MODERATE,8,180,sequential_yolo_pose,SM-S906U1,GPU
2026-04-22 23:23:58.599,118.704,20.040,54.311,0.841,2.299,12.460,12.703,0.031,false,20.532,MODERATE,8,180,sequential_yolo_pose,SM-S906U1,GPU
2026-04-22 23:23:58.716,113.104,22.038,51.582,0.580,1.524,5.058,15.861,0.130,false,20.375,MODERATE,8,180,sequential_yolo_pose,SM-S906U1,GPU
2026-04-22 23:23:58.837,115.367,21.102,53.180,1.236,2.803,9.559,11.848,0.036,false,20.438,MODERATE,8,180,sequential_yolo_pose,SM-S906U1,GPU
2026-04-22 23:23:58.973,131.099,25.223,53.325,1.148,2.883,14.926,13.754,0.038,false,20.407,MODERATE,8,180,sequential_yolo_pose,SM-S906U1,GPU
2026-04-22 23:23:59.085,106.097,19.908,50.191,0.606,1.728,5.110,12.518,0.041,false,20.313,MODERATE,8,180,sequential_yolo_pose,SM-S906U1,GPU
2026-04-22 23:23:59.202,111.164,20.329,53.398,1.210,3.138,9.281,12.754,0.032,false,20.407,MODERATE,8,180,sequential_yolo_pose,SM-S906U1,GPU
2026-04-22 23:23:59.323,111.045,20.183,57.240,1.177,2.548,8.383,10.932,0.053,false,20.344,MODERATE,8,180,sequential_yolo_pose,SM-S906U1,GPU
2026-04-22 23:23:59.441,113.452,21.306,56.437,1.105,2.583,4.890,10.919,0.062,false,20.344,MODERATE,8,180,sequential_yolo_pose,SM-S906U1,GPU
2026-04-22 23:23:59.575,128.930,25.153,53.545,1.431,2.990,15.293,12.773,0.052,false,20.438,MODERATE,8,180,sequential_yolo_pose,SM-S906U1,GPU
2026-04-22 23:23:59.689,104.928,20.393,51.728,0.824,2.090,6.650,12.617,0.039,false,20.375,MODERATE,8,180,sequential_yolo_pose,SM-S906U1,GPU
2026-04-22 23:23:59.810,117.539,22.437,53.520,1.433,3.847,8.861,11.160,0.052,false,20.344,MODERATE,8,180,sequential_yolo_pose,SM-S906U1,GPU
2026-04-22 23:23:59.946,122.630,22.011,53.735,1.674,2.893,10.830,12.058,0.048,false,20.375,MODERATE,8,180,sequential_yolo_pose,SM-S906U1,GPU
2026-04-22 23:24:00.063,109.635,20.488,51.282,0.962,2.264,6.865,10.915,0.060,false,20.375,MODERATE,8,180,sequential_yolo_pose,SM-S906U1,GPU
2026-04-22 23:24:00.191,122.455,20.952,53.319,1.195,2.807,8.636,16.540,0.046,false,20.375,MODERATE,8,180,sequential_yolo_pose,SM-S906U1,GPU
2026-04-22 23:24:00.309,111.329,20.024,51.434,1.263,2.735,8.579,10.716,0.053,false,20.313,MODERATE,8,180,sequential_yolo_pose,SM-S906U1,GPU
2026-04-22 23:24:00.442,127.670,24.540,52.359,1.248,2.819,12.407,12.220,0.045,false,20.375,MODERATE,8,180,sequential_yolo_pose,SM-S906U1,GPU
2026-04-22 23:24:00.562,112.481,20.715,54.110,0.883,1.937,6.946,11.795,0.048,false,20.407,MODERATE,8,180,sequential_yolo_pose,SM-S906U1,GPU
2026-04-22 23:24:00.675,107.348,19.909,53.537,1.242,2.689,7.320,10.869,0.050,false,20.313,MODERATE,9,180,sequential_yolo_pose,SM-S906U1,GPU
2026-04-22 23:24:00.804,121.064,25.456,52.229,0.911,2.325,10.919,11.803,0.032,false,20.407,MODERATE,9,180,sequential_yolo_pose,SM-S906U1,GPU
2026-04-22 23:24:00.933,120.422,21.302,53.762,0.894,2.592,8.919,14.224,0.043,false,20.375,MODERATE,9,180,sequential_yolo_pose,SM-S906U1,GPU
2026-04-22 23:24:01.064,124.785,25.166,54.219,0.652,1.563,9.737,16.436,0.045,false,20.469,MODERATE,9,180,sequential_yolo_pose,SM-S906U1,GPU
2026-04-22 23:24:01.188,118.996,23.931,53.412,0.746,1.666,6.219,15.558,0.045,false,20.407,MODERATE,9,180,sequential_yolo_pose,SM-S906U1,GPU
2026-04-22 23:24:01.312,119.131,24.073,53.515,0.863,2.953,9.364,12.099,0.049,false,20.313,MODERATE,9,180,sequential_yolo_pose,SM-S906U1,GPU
2026-04-22 23:24:01.443,121.512,22.350,54.113,1.158,3.232,10.096,11.141,0.044,false,20.371,MODERATE,9,180,sequential_yolo_pose,SM-S906U1,GPU
2026-04-22 23:24:01.570,119.967,20.319,56.817,1.093,5.473,9.677,11.409,0.050,false,20.375,MODERATE,9,180,sequential_yolo_pose,SM-S906U1,GPU
2026-04-22 23:24:01.692,116.792,23.920,53.135,0.822,2.410,6.938,10.359,0.043,false,20.282,MODERATE,8,180,sequential_yolo_pose,SM-S906U1,GPU
2026-04-22 23:24:01.810,112.679,22.026,53.441,1.047,1.860,4.969,11.212,0.043,false,20.313,MODERATE,8,180,sequential_yolo_pose,SM-S906U1,GPU
2026-04-22 23:24:01.935,120.364,22.229,57.472,1.024,5.918,7.561,11.574,0.064,false,20.375,MODERATE,8,180,sequential_yolo_pose,SM-S906U1,GPU
2026-04-22 23:24:02.062,121.581,22.262,53.638,0.810,3.210,8.713,12.176,0.066,false,20.375,MODERATE,8,180,sequential_yolo_pose,SM-S906U1,GPU
2026-04-22 23:24:02.182,114.289,20.408,53.767,0.643,2.650,7.760,12.000,0.038,false,20.344,MODERATE,8,180,sequential_yolo_pose,SM-S906U1,GPU
2026-04-22 23:24:02.314,121.940,20.551,53.608,0.965,3.578,15.093,14.133,0.047,false,20.403,MODERATE,8,180,sequential_yolo_pose,SM-S906U1,GPU
2026-04-22 23:24:02.435,112.080,19.771,53.910,0.615,2.101,7.623,12.868,0.049,false,20.407,MODERATE,8,180,sequential_yolo_pose,SM-S906U1,GPU
2026-04-22 23:24:02.562,122.856,20.111,55.050,0.957,3.164,11.113,13.279,0.045,false,20.375,MODERATE,8,180,sequential_yolo_pose,SM-S906U1,GPU
2026-04-22 23:24:02.695,124.674,22.665,54.548,0.683,2.246,8.488,14.909,0.048,false,20.375,MODERATE,8,180,sequential_yolo_pose,SM-S906U1,GPU
2026-04-22 23:24:02.816,116.786,24.070,54.459,0.588,2.121,6.773,12.995,0.052,false,20.313,MODERATE,8,180,sequential_yolo_pose,SM-S906U1,GPU
2026-04-22 23:24:02.937,113.950,21.131,51.648,0.827,3.137,10.290,12.099,0.045,false,20.371,MODERATE,8,180,sequential_yolo_pose,SM-S906U1,GPU
2026-04-22 23:24:03.067,120.843,21.096,53.144,1.001,3.271,9.863,10.036,0.047,false,20.375,MODERATE,8,180,sequential_yolo_pose,SM-S906U1,GPU
2026-04-22 23:24:03.189,116.687,20.425,51.681,0.623,2.522,7.773,12.104,0.050,false,20.344,MODERATE,8,180,sequential_yolo_pose,SM-S906U1,GPU
2026-04-22 23:24:03.310,115.270,24.495,53.025,0.773,2.508,6.090,11.759,0.050,false,20.375,MODERATE,8,180,sequential_yolo_pose,SM-S906U1,GPU
2026-04-22 23:24:03.437,116.753,26.425,53.333,1.102,3.167,6.773,9.802,0.043,false,20.371,MODERATE,8,180,sequential_yolo_pose,SM-S906U1,GPU
2026-04-22 23:24:03.559,117.571,20.918,53.301,0.541,1.529,10.079,12.733,0.062,false,20.344,MODERATE,8,180,sequential_yolo_pose,SM-S906U1,GPU
2026-04-22 23:24:03.682,118.791,23.842,55.894,0.818,1.986,7.191,12.681,0.057,false,20.403,MODERATE,8,180,sequential_yolo_pose,SM-S906U1,GPU
2026-04-22 23:24:03.808,116.875,23.261,52.554,0.983,2.994,8.369,12.111,0.042,false,20.375,MODERATE,8,180,sequential_yolo_pose,SM-S906U1,GPU
2026-04-22 23:24:03.942,125.211,20.381,53.246,1.073,7.882,13.798,11.615,0.048,false,20.465,MODERATE,8,180,sequential_yolo_pose,SM-S906U1,GPU
2026-04-22 23:24:04.065,118.157,22.438,52.055,1.167,2.922,8.958,11.459,0.048,false,20.313,MODERATE,8,180,sequential_yolo_pose,SM-S906U1,GPU
2026-04-22 23:24:04.183,114.807,20.173,53.876,1.067,2.329,8.540,12.319,0.043,false,20.375,MODERATE,8,180,sequential_yolo_pose,SM-S906U1,GPU
2026-04-22 23:24:04.304,113.450,22.989,53.853,1.461,3.068,5.428,10.746,0.044,false,20.371,MODERATE,8,180,sequential_yolo_pose,SM-S906U1,GPU
2026-04-22 23:24:04.424,116.632,20.809,53.194,0.514,2.539,9.918,11.843,0.045,false,20.375,MODERATE,8,180,sequential_yolo_pose,SM-S906U1,GPU
2026-04-22 23:24:04.547,117.826,25.009,51.599,0.888,2.764,7.593,13.264,0.050,false,20.375,MODERATE,8,180,sequential_yolo_pose,SM-S906U1,GPU
2026-04-22 23:24:04.671,118.007,25.273,53.607,0.570,2.682,5.305,10.885,0.038,false,20.528,MODERATE,8,180,sequential_yolo_pose,SM-S906U1,GPU
2026-04-22 23:24:04.795,119.392,25.034,53.073,0.808,2.325,8.578,9.774,0.066,false,20.375,MODERATE,8,180,sequential_yolo_pose,SM-S906U1,GPU
2026-04-22 23:24:04.921,119.641,23.059,51.800,1.097,3.099,10.173,11.981,0.053,false,20.344,MODERATE,8,180,sequential_yolo_pose,SM-S906U1,GPU
2026-04-22 23:24:05.040,113.100,21.259,51.947,1.143,3.004,7.767,10.543,0.079,false,20.340,MODERATE,8,180,sequential_yolo_pose,SM-S906U1,GPU
2026-04-22 23:24:05.171,122.436,25.444,52.594,0.871,2.401,10.099,11.181,0.036,false,20.313,MODERATE,8,180,sequential_yolo_pose,SM-S906U1,GPU
2026-04-22 23:24:05.301,123.761,23.479,54.444,0.812,2.264,10.290,12.016,0.044,false,20.407,MODERATE,8,180,sequential_yolo_pose,SM-S906U1,GPU
2026-04-22 23:24:05.422,117.464,23.315,55.022,0.695,1.757,5.230,14.793,0.042,false,20.344,MODERATE,8,180,sequential_yolo_pose,SM-S906U1,GPU
2026-04-22 23:24:05.539,112.788,19.703,51.430,0.944,3.095,11.828,10.558,0.047,false,20.344,MODERATE,8,180,sequential_yolo_pose,SM-S906U1,GPU
2026-04-22 23:24:05.663,116.831,22.899,51.831,1.027,1.830,8.220,10.747,0.045,false,20.532,MODERATE,8,180,sequential_yolo_pose,SM-S906U1,GPU
2026-04-22 23:24:05.785,114.408,25.070,52.851,0.688,2.308,7.376,10.784,0.056,false,20.313,MODERATE,8,180,sequential_yolo_pose,SM-S906U1,GPU
2026-04-22 23:24:05.904,113.659,22.137,54.937,0.655,2.068,7.364,10.664,0.044,false,20.340,MODERATE,8,180,sequential_yolo_pose,SM-S906U1,GPU
2026-04-22 23:24:06.023,114.039,20.238,51.921,0.442,1.591,6.784,16.851,0.051,false,20.465,MODERATE,8,180,sequential_yolo_pose,SM-S906U1,GPU
2026-04-22 23:24:06.133,107.095,23.652,52.776,0.517,1.654,4.727,9.457,0.052,false,20.282,MODERATE,8,180,sequential_yolo_pose,SM-S906U1,GPU
2026-04-22 23:24:06.250,113.907,19.643,53.061,0.949,2.896,8.300,11.776,0.055,false,20.375,MODERATE,8,180,sequential_yolo_pose,SM-S906U1,GPU
2026-04-22 23:24:06.371,112.838,20.444,53.324,0.968,2.912,9.466,10.077,0.052,false,20.344,MODERATE,8,180,sequential_yolo_pose,SM-S906U1,GPU
2026-04-22 23:24:06.502,125.895,26.003,53.587,0.727,2.338,12.196,10.431,0.044,false,20.407,MODERATE,8,180,sequential_yolo_pose,SM-S906U1,GPU
2026-04-22 23:24:06.627,118.925,21.110,55.218,0.658,2.062,7.675,13.968,0.060,false,20.407,MODERATE,8,180,sequential_yolo_pose,SM-S906U1,GPU
2026-04-22 23:24:06.742,109.946,23.129,53.709,0.675,2.207,5.125,9.451,0.042,false,20.407,MODERATE,9,180,sequential_yolo_pose,SM-S906U1,GPU
2026-04-22 23:24:06.865,119.720,24.932,50.412,0.978,2.934,9.995,12.322,0.063,false,20.344,MODERATE,9,180,sequential_yolo_pose,SM-S906U1,GPU
2026-04-22 23:24:06.993,123.150,21.235,54.697,0.775,2.903,8.253,11.146,0.075,false,20.375,MODERATE,9,180,sequential_yolo_pose,SM-S906U1,GPU
2026-04-22 23:24:07.111,113.338,20.765,56.966,0.580,2.072,6.198,11.443,0.051,false,20.375,MODERATE,9,180,sequential_yolo_pose,SM-S906U1,GPU
2026-04-22 23:24:07.247,128.855,23.665,55.113,1.216,2.899,13.536,13.277,0.059,false,20.407,MODERATE,9,180,sequential_yolo_pose,SM-S906U1,GPU
2026-04-22 23:24:07.374,122.137,21.367,57.251,1.023,3.338,12.645,10.698,0.051,false,20.438,MODERATE,9,180,sequential_yolo_pose,SM-S906U1,GPU
2026-04-22 23:24:07.492,112.689,20.315,55.944,0.492,1.722,8.581,10.490,0.054,false,20.344,MODERATE,9,180,sequential_yolo_pose,SM-S906U1,GPU
2026-04-22 23:24:07.610,114.191,26.140,52.653,0.629,1.836,5.952,10.099,0.046,false,20.375,MODERATE,9,180,sequential_yolo_pose,SM-S906U1,GPU
2026-04-22 23:24:07.742,117.397,23.835,52.178,0.952,2.739,9.223,12.050,0.048,false,20.375,MODERATE,8,180,sequential_yolo_pose,SM-S906U1,GPU
2026-04-22 23:24:07.858,111.811,19.965,54.259,0.561,1.445,6.823,13.028,0.048,false,20.313,MODERATE,8,180,sequential_yolo_pose,SM-S906U1,GPU
2026-04-22 23:24:07.977,113.653,24.830,54.145,0.517,1.620,4.709,10.364,0.046,false,20.344,MODERATE,8,180,sequential_yolo_pose,SM-S906U1,GPU
2026-04-22 23:24:08.096,112.976,20.371,57.517,0.944,2.272,9.443,10.749,0.054,false,20.344,MODERATE,8,180,sequential_yolo_pose,SM-S906U1,GPU
2026-04-22 23:24:08.225,124.363,21.216,55.103,0.894,2.828,8.671,17.055,1.069,false,20.438,MODERATE,8,180,sequential_yolo_pose,SM-S906U1,GPU
2026-04-22 23:24:08.344,113.949,20.469,53.262,1.196,2.734,9.425,10.921,0.045,false,20.340,MODERATE,8,180,sequential_yolo_pose,SM-S906U1,GPU
2026-04-22 23:24:08.473,123.263,25.273,50.958,0.808,3.014,9.820,12.217,0.041,false,20.407,MODERATE,8,180,sequential_yolo_pose,SM-S906U1,GPU
2026-04-22 23:24:08.595,118.588,20.670,55.064,0.812,2.988,8.479,12.144,0.054,false,20.344,MODERATE,8,180,sequential_yolo_pose,SM-S906U1,GPU
2026-04-22 23:24:08.714,114.511,20.138,53.322,0.842,2.665,8.411,11.265,0.048,false,20.434,MODERATE,8,180,sequential_yolo_pose,SM-S906U1,GPU
2026-04-22 23:24:08.838,114.755,22.184,51.849,1.028,2.965,9.597,11.169,0.049,false,20.371,MODERATE,8,180,sequential_yolo_pose,SM-S906U1,GPU
2026-04-22 23:24:08.964,120.708,21.567,54.424,0.713,2.652,10.116,12.255,0.051,false,20.344,MODERATE,8,180,sequential_yolo_pose,SM-S906U1,GPU
2026-04-22 23:24:09.082,112.925,25.030,53.761,0.457,1.531,4.578,10.693,0.043,false,20.375,MODERATE,8,180,sequential_yolo_pose,SM-S906U1,GPU
2026-04-22 23:24:09.203,114.214,21.729,54.580,0.760,2.612,7.382,11.595,0.060,false,20.375,MODERATE,8,180,sequential_yolo_pose,SM-S906U1,GPU
2026-04-22 23:24:09.326,117.150,22.284,55.018,0.733,1.969,7.429,10.388,0.073,false,20.313,MODERATE,8,180,sequential_yolo_pose,SM-S906U1,GPU
2026-04-22 23:24:09.446,115.036,23.109,53.428,0.802,2.347,7.714,11.091,0.032,false,20.313,MODERATE,8,180,sequential_yolo_pose,SM-S906U1,GPU
2026-04-22 23:24:09.543,91.665,22.573,52.405,0.461,0.000,0.000,0.000,0.000,true,17.012,MODERATE,8,180,sequential_yolo_pose,SM-S906U1,GPU
2026-04-22 23:24:09.658,103.197,28.357,52.498,0.436,0.000,0.000,0.000,0.000,true,30.657,MODERATE,8,180,sequential_yolo_pose,SM-S906U1,GPU
2026-04-22 23:24:09.769,105.286,25.969,55.005,0.347,0.000,0.000,0.000,0.000,true,13.973,MODERATE,8,180,sequential_yolo_pose,SM-S906U1,GPU
2026-04-22 23:24:09.880,100.355,24.268,53.514,0.513,0.000,0.000,0.000,0.000,true,16.973,MODERATE,8,180,sequential_yolo_pose,SM-S906U1,GPU
2026-04-22 23:24:09.995,104.894,26.782,55.660,0.740,0.000,0.000,0.000,0.000,true,30.586,MODERATE,8,180,sequential_yolo_pose,SM-S906U1,GPU
2026-04-22 23:24:10.118,116.110,29.530,53.150,0.471,0.000,0.000,0.000,0.000,true,18.184,MODERATE,8,180,sequential_yolo_pose,SM-S906U1,GPU
2026-04-22 23:24:10.232,105.462,25.134,53.658,0.478,0.000,0.000,0.000,0.000,true,31.735,MODERATE,8,180,sequential_yolo_pose,SM-S906U1,GPU
2026-04-22 23:24:10.367,128.512,23.551,52.001,0.791,3.045,8.860,12.471,0.046,false,16.887,MODERATE,8,180,sequential_yolo_pose,SM-S906U1,GPU
2026-04-22 23:24:10.480,107.774,20.074,54.765,0.397,1.440,5.364,10.622,0.059,false,20.344,MODERATE,8,180,sequential_yolo_pose,SM-S906U1,GPU
2026-04-22 23:24:10.608,122.972,25.168,55.167,0.806,3.001,9.690,11.281,0.031,false,20.438,MODERATE,8,180,sequential_yolo_pose,SM-S906U1,GPU
2026-04-22 23:24:10.732,113.327,19.637,54.848,0.445,2.433,15.932,9.957,0.057,false,20.469,MODERATE,9,180,sequential_yolo_pose,SM-S906U1,GPU
2026-04-22 23:24:10.826,89.279,21.458,52.182,0.361,0.000,0.000,0.000,0.000,true,16.918,MODERATE,9,180,sequential_yolo_pose,SM-S906U1,GPU
2026-04-22 23:24:10.944,114.167,21.395,53.835,1.001,3.317,5.230,10.852,0.051,false,33.989,MODERATE,9,180,sequential_yolo_pose,SM-S906U1,GPU
2026-04-22 23:24:11.072,121.769,23.256,55.278,0.864,2.848,11.682,13.048,0.048,false,30.309,MODERATE,9,180,sequential_yolo_pose,SM-S906U1,GPU
2026-04-22 23:24:11.202,121.361,23.927,53.015,0.912,3.249,11.970,10.977,0.050,false,20.371,MODERATE,9,180,sequential_yolo_pose,SM-S906U1,GPU
2026-04-22 23:24:11.339,131.973,23.472,55.396,0.947,2.793,18.382,11.800,0.045,false,20.407,MODERATE,9,180,sequential_yolo_pose,SM-S906U1,GPU
2026-04-22 23:24:11.459,113.037,19.827,52.219,0.727,2.346,8.065,12.950,0.050,false,20.344,MODERATE,9,180,sequential_yolo_pose,SM-S906U1,GPU
2026-04-22 23:24:11.577,113.065,20.684,51.775,1.041,3.982,10.110,12.201,0.042,false,20.407,MODERATE,9,180,sequential_yolo_pose,SM-S906U1,GPU
2026-04-22 23:24:11.703,115.546,20.497,52.865,0.635,3.197,11.182,10.802,0.050,false,20.625,MODERATE,8,180,sequential_yolo_pose,SM-S906U1,GPU
2026-04-22 23:24:11.837,129.504,23.213,55.667,0.909,2.218,7.135,24.310,0.036,false,20.500,MODERATE,8,180,sequential_yolo_pose,SM-S906U1,GPU
2026-04-22 23:24:11.987,144.292,23.714,53.186,0.961,3.294,17.262,20.639,0.046,false,20.438,MODERATE,8,180,sequential_yolo_pose,SM-S906U1,GPU
2026-04-22 23:24:12.107,115.566,20.186,52.711,1.000,2.952,11.126,10.256,0.046,false,20.403,MODERATE,8,180,sequential_yolo_pose,SM-S906U1,GPU
2026-04-22 23:24:12.224,110.459,20.480,51.426,0.503,1.624,6.524,12.389,0.137,false,20.344,MODERATE,8,180,sequential_yolo_pose,SM-S906U1,GPU
2026-04-22 23:24:12.346,116.899,21.067,52.863,1.066,2.845,10.059,13.456,0.078,false,20.375,MODERATE,8,180,sequential_yolo_pose,SM-S906U1,GPU
2026-04-22 23:24:12.470,115.616,20.670,52.276,1.249,2.989,10.490,10.559,0.033,false,20.403,MODERATE,8,180,sequential_yolo_pose,SM-S906U1,GPU
2026-04-22 23:24:12.569,94.842,23.157,52.538,0.410,0.000,0.000,0.000,0.000,true,16.949,MODERATE,8,180,sequential_yolo_pose,SM-S906U1,GPU
2026-04-22 23:24:12.713,136.213,31.511,53.114,0.454,1.307,5.087,11.670,0.046,false,34.145,MODERATE,8,180,sequential_yolo_pose,SM-S906U1,GPU
2026-04-22 23:24:12.837,113.945,19.584,54.072,0.941,2.628,10.042,10.977,0.053,false,20.309,MODERATE,8,180,sequential_yolo_pose,SM-S906U1,GPU
2026-04-22 23:24:12.962,120.233,20.285,56.367,0.899,2.728,8.446,14.917,0.051,false,20.375,MODERATE,8,180,sequential_yolo_pose,SM-S906U1,GPU
2026-04-22 23:24:13.070,103.055,19.985,51.329,1.120,3.023,6.188,10.108,0.046,false,20.340,MODERATE,8,180,sequential_yolo_pose,SM-S906U1,GPU
2026-04-22 23:24:13.201,123.935,27.186,53.009,1.363,3.581,10.565,11.541,0.035,false,20.375,MODERATE,8,180,sequential_yolo_pose,SM-S906U1,GPU
2026-04-22 23:24:13.332,124.700,24.881,57.323,0.718,2.149,9.903,11.851,0.048,false,20.375,MODERATE,8,180,sequential_yolo_pose,SM-S906U1,GPU
2026-04-22 23:24:13.457,120.381,22.391,56.298,0.608,1.703,6.406,13.568,0.036,false,20.344,MODERATE,8,180,sequential_yolo_pose,SM-S906U1,GPU
2026-04-22 23:24:13.580,118.311,20.696,54.206,1.255,3.101,9.710,14.358,0.032,false,20.375,MODERATE,8,180,sequential_yolo_pose,SM-S906U1,GPU
2026-04-22 23:24:13.703,116.879,23.959,51.777,1.107,4.757,8.064,10.451,0.031,false,20.563,MODERATE,8,180,sequential_yolo_pose,SM-S906U1,GPU
2026-04-22 23:24:13.828,115.721,20.518,55.087,1.053,1.995,8.874,11.559,0.043,false,20.375,MODERATE,8,180,sequential_yolo_pose,SM-S906U1,GPU
2026-04-22 23:24:13.938,105.511,20.535,53.607,0.532,1.546,4.693,9.613,0.052,false,20.313,MODERATE,8,180,sequential_yolo_pose,SM-S906U1,GPU
2026-04-22 23:24:14.063,120.154,19.838,55.825,1.148,3.208,10.524,13.171,0.039,false,20.371,MODERATE,8,180,sequential_yolo_pose,SM-S906U1,GPU
2026-04-22 23:24:14.188,119.915,23.558,52.606,0.862,2.474,8.247,11.648,0.057,false,20.375,MODERATE,8,180,sequential_yolo_pose,SM-S906U1,GPU
2026-04-22 23:24:14.310,117.030,21.036,53.422,1.134,2.943,8.719,13.133,0.049,false,20.375,MODERATE,8,180,sequential_yolo_pose,SM-S906U1,GPU
2026-04-22 23:24:14.439,116.680,21.952,52.460,1.077,3.136,10.778,10.623,0.051,false,20.407,MODERATE,8,180,sequential_yolo_pose,SM-S906U1,GPU
2026-04-22 23:24:14.561,116.885,22.041,55.433,0.899,2.427,8.129,11.934,0.036,false,20.313,MODERATE,8,180,sequential_yolo_pose,SM-S906U1,GPU
2026-04-22 23:24:14.679,114.304,20.572,54.060,1.211,2.528,8.575,10.632,0.030,false,20.375,MODERATE,8,180,sequential_yolo_pose,SM-S906U1,GPU
2026-04-22 23:24:14.804,112.845,20.600,55.347,0.963,3.311,11.659,10.373,0.049,false,20.375,MODERATE,8,180,sequential_yolo_pose,SM-S906U1,GPU
2026-04-22 23:24:14.921,111.796,20.356,56.407,0.962,2.788,8.584,11.616,0.066,false,20.375,MODERATE,8,180,sequential_yolo_pose,SM-S906U1,GPU
2026-04-22 23:24:15.041,113.995,23.378,56.948,1.607,1.105,4.033,10.681,0.044,false,20.313,MODERATE,8,180,sequential_yolo_pose,SM-S906U1,GPU
2026-04-22 23:24:15.164,118.532,20.663,55.527,1.063,2.971,10.099,12.777,0.049,false,20.375,MODERATE,8,180,sequential_yolo_pose,SM-S906U1,GPU
2026-04-22 23:24:15.279,110.368,19.902,52.669,0.894,2.379,7.469,11.366,0.046,false,20.313,MODERATE,8,180,sequential_yolo_pose,SM-S906U1,GPU
2026-04-22 23:24:15.406,116.196,22.378,54.323,1.008,3.283,6.063,10.304,0.041,false,20.313,MODERATE,8,180,sequential_yolo_pose,SM-S906U1,GPU
2026-04-22 23:24:15.537,121.985,25.502,50.885,0.808,2.718,9.138,12.155,0.044,false,20.407,MODERATE,8,180,sequential_yolo_pose,SM-S906U1,GPU
2026-04-22 23:24:15.652,110.082,20.581,52.547,0.472,1.681,5.226,15.066,0.055,false,20.375,MODERATE,8,180,sequential_yolo_pose,SM-S906U1,GPU
2026-04-22 23:24:15.776,118.696,23.808,53.135,0.906,2.950,9.597,11.253,0.053,false,20.344,MODERATE,9,180,sequential_yolo_pose,SM-S906U1,GPU
2026-04-22 23:24:15.874,89.861,20.564,51.447,0.876,0.000,0.000,0.000,0.000,true,16.949,MODERATE,9,180,sequential_yolo_pose,SM-S906U1,GPU
2026-04-22 23:24:16.010,127.849,22.469,52.583,1.030,2.683,15.557,11.577,0.028,false,33.989,MODERATE,9,180,sequential_yolo_pose,SM-S906U1,GPU
2026-04-22 23:24:16.147,120.600,23.777,55.949,1.080,3.029,6.609,12.168,0.063,false,20.371,MODERATE,9,180,sequential_yolo_pose,SM-S906U1,GPU
2026-04-22 23:24:16.275,115.520,22.207,54.185,0.965,3.101,6.898,11.324,0.046,false,20.375,MODERATE,9,180,sequential_yolo_pose,SM-S906U1,GPU
2026-04-22 23:24:16.404,118.116,22.374,53.237,0.977,3.077,9.373,12.224,0.047,false,20.375,MODERATE,9,180,sequential_yolo_pose,SM-S906U1,GPU
2026-04-22 23:24:16.523,113.906,20.494,56.010,0.448,1.352,5.596,11.287,0.049,false,20.407,MODERATE,9,180,sequential_yolo_pose,SM-S906U1,GPU
2026-04-22 23:24:16.617,89.650,22.314,50.817,0.893,0.000,0.000,0.000,0.000,true,16.981,MODERATE,9,180,sequential_yolo_pose,SM-S906U1,GPU
2026-04-22 23:24:16.715,89.717,20.403,52.149,0.594,0.000,0.000,0.000,0.000,true,30.719,MODERATE,8,180,sequential_yolo_pose,SM-S906U1,GPU
2026-04-22 23:24:16.837,116.545,21.633,51.444,1.761,3.095,8.778,12.443,0.033,false,17.246,MODERATE,8,180,sequential_yolo_pose,SM-S906U1,GPU
2026-04-22 23:24:16.966,124.362,23.623,53.937,0.951,4.045,10.233,12.129,0.068,false,20.375,MODERATE,8,180,sequential_yolo_pose,SM-S906U1,GPU
2026-04-22 23:24:17.090,120.088,22.446,54.897,0.860,2.181,8.203,13.667,0.030,false,20.375,MODERATE,8,180,sequential_yolo_pose,SM-S906U1,GPU
2026-04-22 23:24:17.206,110.851,20.681,51.388,1.008,3.141,9.848,10.847,0.043,false,20.371,MODERATE,8,180,sequential_yolo_pose,SM-S906U1,GPU
2026-04-22 23:24:17.329,114.700,20.583,51.937,0.637,2.678,8.557,12.015,0.045,false,20.375,MODERATE,8,180,sequential_yolo_pose,SM-S906U1,GPU
2026-04-22 23:24:17.456,121.545,21.580,53.986,0.568,1.726,7.174,11.443,0.083,false,20.344,MODERATE,8,180,sequential_yolo_pose,SM-S906U1,GPU
2026-04-22 23:24:17.578,116.572,21.196,57.473,1.128,2.382,7.887,11.301,0.031,false,20.407,MODERATE,8,180,sequential_yolo_pose,SM-S906U1,GPU
2026-04-22 23:24:17.704,120.304,20.108,60.254,0.524,1.578,9.873,11.342,0.030,false,20.469,MODERATE,8,180,sequential_yolo_pose,SM-S906U1,GPU
2026-04-22 23:24:17.815,107.711,19.431,54.762,1.068,2.450,8.642,11.080,0.053,false,20.344,MODERATE,8,180,sequential_yolo_pose,SM-S906U1,GPU
2026-04-22 23:24:17.947,124.167,22.993,55.838,1.141,3.138,11.582,13.634,0.050,false,20.430,MODERATE,8,180,sequential_yolo_pose,SM-S906U1,GPU
2026-04-22 23:24:18.064,112.830,20.683,53.850,0.905,2.704,8.540,9.715,0.051,false,20.313,MODERATE,8,180,sequential_yolo_pose,SM-S906U1,GPU
2026-04-22 23:24:18.184,115.603,20.551,55.122,1.101,3.080,8.534,10.931,0.049,false,20.344,MODERATE,8,180,sequential_yolo_pose,SM-S906U1,GPU
2026-04-22 23:24:18.308,118.454,21.494,53.260,1.081,3.112,10.270,11.950,0.043,false,20.371,MODERATE,8,180,sequential_yolo_pose,SM-S906U1,GPU
2026-04-22 23:24:18.433,116.296,21.454,52.218,0.940,2.461,9.941,11.415,0.068,false,20.407,MODERATE,8,180,sequential_yolo_pose,SM-S906U1,GPU
2026-04-22 23:24:18.551,113.128,20.544,51.775,0.916,2.461,7.650,11.418,0.052,false,20.344,MODERATE,8,180,sequential_yolo_pose,SM-S906U1,GPU
2026-04-22 23:24:18.676,119.501,21.394,52.293,1.401,3.204,9.838,12.429,0.046,false,20.407,MODERATE,8,180,sequential_yolo_pose,SM-S906U1,GPU
2026-04-22 23:24:18.807,117.610,22.417,53.672,1.160,2.958,10.367,10.807,0.050,false,20.375,MODERATE,9,180,sequential_yolo_pose,SM-S906U1,GPU
2026-04-22 23:24:18.935,119.840,22.585,51.822,1.180,3.150,11.279,13.464,0.049,false,20.403,MODERATE,9,180,sequential_yolo_pose,SM-S906U1,GPU
2026-04-22 23:24:19.055,115.696,21.935,53.747,0.696,1.944,6.850,13.327,0.074,false,20.344,MODERATE,9,180,sequential_yolo_pose,SM-S906U1,GPU
2026-04-22 23:24:19.178,117.753,24.961,54.312,0.685,2.075,7.116,10.696,0.049,false,20.375,MODERATE,9,180,sequential_yolo_pose,SM-S906U1,GPU
2026-04-22 23:24:19.313,126.901,20.800,57.531,1.035,8.335,15.742,11.728,0.064,false,20.438,MODERATE,9,180,sequential_yolo_pose,SM-S906U1,GPU
2026-04-22 23:24:19.429,111.710,21.144,52.733,0.747,2.280,8.394,14.783,0.046,false,20.375,MODERATE,9,180,sequential_yolo_pose,SM-S906U1,GPU
2026-04-22 23:24:19.556,121.078,22.556,51.491,0.802,2.483,7.750,15.561,0.049,false,20.344,MODERATE,9,180,sequential_yolo_pose,SM-S906U1,GPU
2026-04-22 23:24:19.676,114.271,19.961,54.375,0.957,3.344,9.703,10.820,0.043,false,20.375,MODERATE,9,180,sequential_yolo_pose,SM-S906U1,GPU
2026-04-22 23:24:19.793,111.809,20.333,52.273,0.462,1.482,6.336,13.562,0.049,false,20.375,MODERATE,8,180,sequential_yolo_pose,SM-S906U1,GPU
2026-04-22 23:24:19.917,117.714,20.934,54.383,0.939,2.591,8.527,11.837,0.048,false,20.375,MODERATE,8,180,sequential_yolo_pose,SM-S906U1,GPU
2026-04-22 23:24:20.035,111.599,20.856,51.098,1.010,3.170,8.764,10.871,0.056,false,20.403,MODERATE,8,180,sequential_yolo_pose,SM-S906U1,GPU
2026-04-22 23:24:20.159,119.260,21.775,53.257,0.558,1.903,6.471,12.496,0.055,false,20.375,MODERATE,8,180,sequential_yolo_pose,SM-S906U1,GPU
2026-04-22 23:24:20.272,108.658,20.555,53.083,0.835,2.411,6.010,10.373,0.054,false,20.309,MODERATE,8,180,sequential_yolo_pose,SM-S906U1,GPU
2026-04-22 23:24:20.401,121.597,25.125,53.320,1.132,4.822,8.798,10.486,0.032,false,20.407,MODERATE,8,180,sequential_yolo_pose,SM-S906U1,GPU
2026-04-22 23:24:20.528,122.341,23.439,55.126,0.577,2.125,7.457,10.684,0.051,false,20.375,MODERATE,8,180,sequential_yolo_pose,SM-S906U1,GPU
2026-04-22 23:24:20.637,103.699,20.418,52.424,0.368,1.054,4.012,10.002,0.046,false,20.282,MODERATE,8,180,sequential_yolo_pose,SM-S906U1,GPU
2026-04-22 23:24:20.730,87.772,20.514,56.493,0.424,0.000,0.000,0.000,0.000,true,17.137,MODERATE,8,180,sequential_yolo_pose,SM-S906U1,GPU
2026-04-22 23:24:20.859,124.159,21.321,53.925,0.879,2.733,10.380,12.602,0.529,false,34.122,MODERATE,8,180,sequential_yolo_pose,SM-S906U1,GPU
2026-04-22 23:24:20.989,124.340,25.435,51.584,0.962,2.919,11.033,15.215,0.049,false,20.371,MODERATE,8,180,sequential_yolo_pose,SM-S906U1,GPU
2026-04-22 23:24:21.113,119.710,20.292,57.375,0.892,2.229,6.946,12.085,0.055,false,20.371,MODERATE,8,180,sequential_yolo_pose,SM-S906U1,GPU
2026-04-22 23:24:21.233,109.931,21.790,53.203,0.504,1.528,6.089,11.413,0.050,false,20.375,MODERATE,8,180,sequential_yolo_pose,SM-S906U1,GPU
2026-04-22 23:24:21.371,130.422,19.919,52.172,0.761,2.371,9.266,20.633,0.044,false,20.407,MODERATE,8,180,sequential_yolo_pose,SM-S906U1,GPU
2026-04-22 23:24:21.494,116.740,20.219,55.597,0.531,1.930,10.326,11.189,0.049,false,20.344,MODERATE,8,180,sequential_yolo_pose,SM-S906U1,GPU
2026-04-22 23:24:21.622,122.881,22.141,53.001,0.940,3.467,8.994,16.635,0.032,false,20.375,MODERATE,8,180,sequential_yolo_pose,SM-S906U1,GPU
2026-04-22 23:24:21.738,110.920,23.193,56.431,0.519,1.085,3.588,10.456,0.030,false,20.438,MODERATE,8,180,sequential_yolo_pose,SM-S906U1,GPU
2026-04-22 23:24:21.864,115.614,23.374,52.664,0.396,4.902,5.157,10.954,0.029,false,20.407,MODERATE,8,180,sequential_yolo_pose,SM-S906U1,GPU
2026-04-22 23:24:21.985,117.863,23.306,61.375,0.448,1.398,5.318,11.216,0.043,false,20.407,MODERATE,8,180,sequential_yolo_pose,SM-S906U1,GPU
2026-04-22 23:24:22.100,110.117,17.442,56.384,0.624,4.594,7.394,10.829,0.044,false,20.403,MODERATE,8,180,sequential_yolo_pose,SM-S906U1,GPU
2026-04-22 23:24:22.222,115.880,20.663,57.414,0.558,1.967,5.980,11.052,0.064,false,20.407,MODERATE,8,180,sequential_yolo_pose,SM-S906U1,GPU
2026-04-22 23:24:22.334,107.313,18.985,54.788,0.555,1.804,7.019,11.317,0.050,false,20.407,MODERATE,8,180,sequential_yolo_pose,SM-S906U1,GPU
2026-04-22 23:24:22.447,108.273,20.291,51.479,0.652,1.848,5.614,10.983,0.055,false,20.344,MODERATE,8,180,sequential_yolo_pose,SM-S906U1,GPU
2026-04-22 23:24:22.562,109.337,21.936,52.623,0.691,2.847,5.884,10.520,0.039,false,20.371,MODERATE,8,180,sequential_yolo_pose,SM-S906U1,GPU
2026-04-22 23:24:22.679,111.821,21.618,57.039,0.605,1.789,5.762,11.254,0.047,false,20.344,MODERATE,8,180,sequential_yolo_pose,SM-S906U1,GPU
2026-04-22 23:24:22.800,115.031,20.581,58.633,0.592,2.120,7.944,10.902,0.044,false,20.375,MODERATE,9,180,sequential_yolo_pose,SM-S906U1,GPU
2026-04-22 23:24:22.916,111.314,17.623,58.696,0.627,1.797,5.798,11.066,0.040,false,20.344,MODERATE,9,180,sequential_yolo_pose,SM-S906U1,GPU
2026-04-22 23:24:23.030,108.774,21.616,53.587,0.700,2.341,6.683,10.735,0.044,false,20.340,MODERATE,9,180,sequential_yolo_pose,SM-S906U1,GPU
2026-04-22 23:24:23.142,107.528,23.550,52.638,0.651,1.746,5.327,10.063,0.048,false,20.309,MODERATE,9,180,sequential_yolo_pose,SM-S906U1,GPU
2026-04-22 23:24:23.256,109.648,21.538,56.365,0.768,2.038,4.234,10.602,0.032,false,20.313,MODERATE,9,180,sequential_yolo_pose,SM-S906U1,GPU
2026-04-22 23:24:23.368,108.289,22.937,52.460,0.743,1.865,5.834,11.287,0.032,false,20.371,MODERATE,9,180,sequential_yolo_pose,SM-S906U1,GPU
2026-04-22 23:24:23.484,109.686,17.896,53.566,0.747,1.859,6.122,10.100,0.034,false,20.375,MODERATE,9,180,sequential_yolo_pose,SM-S906U1,GPU
2026-04-22 23:24:23.594,105.071,20.316,52.236,0.580,1.869,5.685,10.386,0.045,false,20.309,MODERATE,9,180,sequential_yolo_pose,SM-S906U1,GPU
2026-04-22 23:24:23.710,111.410,19.671,54.761,0.597,1.864,5.643,12.322,0.052,false,20.407,MODERATE,8,180,sequential_yolo_pose,SM-S906U1,GPU
2026-04-22 23:24:23.826,105.056,17.711,54.728,0.586,1.994,7.523,10.515,0.041,false,20.407,MODERATE,8,180,sequential_yolo_pose,SM-S906U1,GPU
2026-04-22 23:24:23.942,111.833,22.487,54.765,0.721,2.014,5.810,10.967,0.030,false,20.375,MODERATE,8,180,sequential_yolo_pose,SM-S906U1,GPU
2026-04-22 23:24:24.060,110.417,18.793,53.576,0.716,1.824,6.814,9.957,0.029,false,20.309,MODERATE,8,180,sequential_yolo_pose,SM-S906U1,GPU
2026-04-22 23:24:24.172,106.795,20.490,52.941,0.660,1.845,5.562,11.555,0.046,false,20.375,MODERATE,8,180,sequential_yolo_pose,SM-S906U1,GPU
2026-04-22 23:24:24.301,123.074,28.738,53.535,1.120,2.802,8.188,11.077,0.044,false,20.371,MODERATE,8,180,sequential_yolo_pose,SM-S906U1,GPU
2026-04-22 23:24:24.421,115.242,21.023,52.396,0.528,1.903,7.564,11.850,0.058,false,20.344,MODERATE,8,180,sequential_yolo_pose,SM-S906U1,GPU
2026-04-22 23:24:24.542,116.397,24.543,53.273,0.825,2.542,8.179,11.804,0.063,false,20.375,MODERATE,8,180,sequential_yolo_pose,SM-S906U1,GPU
2026-04-22 23:24:24.676,125.160,24.584,55.410,1.059,2.991,8.838,12.119,0.063,false,20.407,MODERATE,8,180,sequential_yolo_pose,SM-S906U1,GPU
2026-04-22 23:24:24.805,114.848,20.791,54.571,1.105,6.548,8.521,12.315,0.055,false,20.375,MODERATE,9,180,sequential_yolo_pose,SM-S906U1,GPU
2026-04-22 23:24:24.929,118.657,23.287,52.638,1.088,3.150,9.728,10.228,0.049,false,20.344,MODERATE,9,180,sequential_yolo_pose,SM-S906U1,GPU
2026-04-22 23:24:25.053,117.501,24.270,55.677,0.799,2.253,5.247,11.705,0.061,false,20.344,MODERATE,9,180,sequential_yolo_pose,SM-S906U1,GPU
2026-04-22 23:24:25.171,111.680,20.786,51.363,0.940,3.070,8.451,10.615,0.094,false,20.309,MODERATE,9,180,sequential_yolo_pose,SM-S906U1,GPU
2026-04-22 23:24:25.305,125.275,27.318,52.603,1.339,3.158,10.324,12.291,0.047,false,20.375,MODERATE,9,180,sequential_yolo_pose,SM-S906U1,GPU
2026-04-22 23:24:25.429,117.143,22.039,52.341,0.702,2.651,9.008,10.656,0.048,false,20.407,MODERATE,9,180,sequential_yolo_pose,SM-S906U1,GPU
2026-04-22 23:24:25.531,95.040,22.040,56.136,0.230,0.000,0.000,0.000,0.000,true,16.949,MODERATE,9,180,sequential_yolo_pose,SM-S906U1,GPU
2026-04-22 23:24:25.678,141.422,24.965,56.723,0.682,5.787,12.143,17.281,0.049,false,34.051,MODERATE,9,180,sequential_yolo_pose,SM-S906U1,GPU
2026-04-22 23:24:25.809,119.742,22.997,59.375,0.998,2.473,4.838,11.869,0.055,false,20.403,MODERATE,8,180,sequential_yolo_pose,SM-S906U1,GPU
2026-04-22 23:24:25.927,110.278,20.376,52.114,0.481,1.885,10.303,11.691,0.047,false,20.371,MODERATE,8,180,sequential_yolo_pose,SM-S906U1,GPU
2026-04-22 23:24:26.051,116.261,19.734,54.770,0.737,2.382,7.558,12.023,0.060,false,20.313,MODERATE,8,180,sequential_yolo_pose,SM-S906U1,GPU
2026-04-22 23:24:26.169,112.032,25.599,51.864,0.453,1.615,4.997,10.085,0.043,false,20.313,MODERATE,8,180,sequential_yolo_pose,SM-S906U1,GPU
2026-04-22 23:24:26.285,111.329,20.526,53.271,0.651,2.163,7.193,10.463,0.055,false,20.309,MODERATE,8,180,sequential_yolo_pose,SM-S906U1,GPU
2026-04-22 23:24:26.406,115.122,21.022,53.726,0.739,3.475,9.649,10.444,0.053,false,20.375,MODERATE,8,180,sequential_yolo_pose,SM-S906U1,GPU
2026-04-22 23:24:26.529,115.960,20.614,55.111,0.743,2.871,7.923,12.338,0.051,false,20.344,MODERATE,8,180,sequential_yolo_pose,SM-S906U1,GPU
2026-04-22 23:24:26.650,116.057,20.973,54.141,0.744,2.276,7.610,13.373,0.043,false,20.407,MODERATE,8,180,sequential_yolo_pose,SM-S906U1,GPU
2026-04-22 23:24:26.778,120.273,22.384,53.693,0.861,6.365,8.910,12.069,0.028,false,20.403,MODERATE,8,180,sequential_yolo_pose,SM-S906U1,GPU
2026-04-22 23:24:26.905,120.925,23.797,51.884,0.903,2.561,13.738,11.345,0.044,false,20.438,MODERATE,8,180,sequential_yolo_pose,SM-S906U1,GPU
2026-04-22 23:24:27.032,119.418,20.262,53.020,0.823,2.854,9.831,15.232,0.051,false,20.375,MODERATE,8,180,sequential_yolo_pose,SM-S906U1,GPU
2026-04-22 23:24:27.155,118.135,22.174,54.757,0.728,2.462,8.248,14.211,0.051,false,20.375,MODERATE,8,180,sequential_yolo_pose,SM-S906U1,GPU
2026-04-22 23:24:27.279,116.181,20.970,54.637,0.888,3.029,9.104,14.186,0.075,false,20.371,MODERATE,8,180,sequential_yolo_pose,SM-S906U1,GPU
2026-04-22 23:24:27.410,117.456,22.213,52.051,1.115,4.310,10.019,10.957,0.045,false,20.375,MODERATE,8,180,sequential_yolo_pose,SM-S906U1,GPU
2026-04-22 23:24:27.541,120.153,23.712,53.471,0.982,2.766,12.469,11.470,0.049,false,20.375,MODERATE,8,180,sequential_yolo_pose,SM-S906U1,GPU
2026-04-22 23:24:27.673,124.705,24.924,52.080,0.948,2.245,15.199,10.936,0.062,false,20.407,MODERATE,8,180,sequential_yolo_pose,SM-S906U1,GPU
2026-04-22 23:24:27.789,110.669,21.467,52.216,0.484,1.320,4.402,10.368,0.052,false,20.500,MODERATE,8,180,sequential_yolo_pose,SM-S906U1,GPU
2026-04-22 23:24:27.911,116.963,21.907,53.905,1.091,3.477,8.746,10.967,0.051,false,20.375,MODERATE,8,180,sequential_yolo_pose,SM-S906U1,GPU
2026-04-22 23:24:28.043,119.717,22.711,52.817,1.053,4.905,9.224,13.154,0.049,false,20.465,MODERATE,8,180,sequential_yolo_pose,SM-S906U1,GPU
2026-04-22 23:24:28.176,126.382,25.977,53.842,1.029,3.076,12.469,10.328,0.069,false,20.407,MODERATE,8,180,sequential_yolo_pose,SM-S906U1,GPU
2026-04-22 23:24:28.295,113.133,19.987,55.274,0.677,3.190,8.801,11.014,0.039,false,20.344,MODERATE,8,180,sequential_yolo_pose,SM-S906U1,GPU
2026-04-22 23:24:28.415,115.611,25.336,50.974,1.267,2.949,7.082,11.923,0.034,false,20.375,MODERATE,8,180,sequential_yolo_pose,SM-S906U1,GPU
2026-04-22 23:24:28.535,113.810,21.090,52.844,0.988,2.650,9.993,10.962,0.050,false,20.371,MODERATE,8,180,sequential_yolo_pose,SM-S906U1,GPU
2026-04-22 23:24:28.662,120.747,23.105,56.243,0.626,1.666,10.018,12.643,0.032,false,20.375,MODERATE,8,180,sequential_yolo_pose,SM-S906U1,GPU
2026-04-22 23:24:28.785,116.456,20.781,52.598,0.565,1.334,5.057,13.953,0.036,false,20.532,MODERATE,8,180,sequential_yolo_pose,SM-S906U1,GPU
2026-04-22 23:24:28.906,117.215,21.551,51.703,1.025,3.248,14.300,10.356,0.065,false,20.438,MODERATE,8,180,sequential_yolo_pose,SM-S906U1,GPU
2026-04-22 23:24:29.032,118.122,20.064,57.116,0.518,2.445,10.369,11.934,0.071,false,20.375,MODERATE,8,180,sequential_yolo_pose,SM-S906U1,GPU
2026-04-22 23:24:29.167,129.689,21.878,52.844,0.483,2.353,15.012,13.550,0.046,false,20.438,MODERATE,8,180,sequential_yolo_pose,SM-S906U1,GPU
2026-04-22 23:24:29.284,112.839,20.242,53.237,0.668,1.978,7.355,13.688,0.052,false,20.375,MODERATE,8,180,sequential_yolo_pose,SM-S906U1,GPU
2026-04-22 23:24:29.404,112.539,22.558,52.647,0.512,2.054,9.933,11.754,0.051,false,20.371,MODERATE,8,180,sequential_yolo_pose,SM-S906U1,GPU
2026-04-22 23:24:29.525,116.555,20.481,53.808,0.530,1.702,6.905,15.344,1.090,false,20.375,MODERATE,8,180,sequential_yolo_pose,SM-S906U1,GPU
2026-04-22 23:24:29.647,118.242,24.447,52.835,0.820,2.572,8.259,10.906,0.052,false,20.313,MODERATE,8,180,sequential_yolo_pose,SM-S906U1,GPU
2026-04-22 23:24:29.776,117.514,23.053,53.091,0.993,5.440,7.844,11.288,0.052,false,20.500,MODERATE,8,180,sequential_yolo_pose,SM-S906U1,GPU
2026-04-22 23:24:29.906,121.223,26.004,52.324,1.110,2.927,10.667,10.639,0.048,false,20.375,MODERATE,8,180,sequential_yolo_pose,SM-S906U1,GPU
2026-04-22 23:24:30.034,122.674,21.417,52.812,1.110,2.868,9.839,11.573,0.048,false,20.375,MODERATE,8,180,sequential_yolo_pose,SM-S906U1,GPU
2026-04-22 23:24:30.162,123.841,19.780,52.016,1.155,2.524,20.050,11.089,0.049,false,20.407,MODERATE,8,180,sequential_yolo_pose,SM-S906U1,GPU
2026-04-22 23:24:30.282,115.967,20.461,55.015,0.821,2.350,7.576,12.887,0.050,false,20.344,MODERATE,8,180,sequential_yolo_pose,SM-S906U1,GPU
2026-04-22 23:24:30.407,118.310,20.410,54.386,1.246,3.197,10.971,11.552,0.046,false,20.375,MODERATE,8,180,sequential_yolo_pose,SM-S906U1,GPU
2026-04-22 23:24:30.509,93.487,20.763,54.496,0.505,0.000,0.000,0.000,0.000,true,16.949,MODERATE,8,180,sequential_yolo_pose,SM-S906U1,GPU
2026-04-22 23:24:30.617,99.711,24.670,52.485,0.851,0.000,0.000,0.000,0.000,true,30.625,MODERATE,8,180,sequential_yolo_pose,SM-S906U1,GPU
2026-04-22 23:24:30.717,92.340,22.167,52.193,0.897,0.000,0.000,0.000,0.000,true,13.883,MODERATE,8,180,sequential_yolo_pose,SM-S906U1,GPU
2026-04-22 23:24:30.847,120.183,22.826,53.262,0.902,2.406,6.958,12.593,0.071,false,20.274,MODERATE,9,180,sequential_yolo_pose,SM-S906U1,GPU
2026-04-22 23:24:30.974,119.759,22.757,58.214,1.168,6.439,7.709,11.501,0.044,false,14.535,MODERATE,9,180,sequential_yolo_pose,SM-S906U1,GPU
2026-04-22 23:24:31.096,114.906,19.770,52.133,0.479,2.611,10.101,10.820,0.051,false,21.547,MODERATE,9,180,sequential_yolo_pose,SM-S906U1,GPU
2026-04-22 23:24:31.213,112.041,21.973,50.761,1.142,2.459,6.411,10.315,0.033,false,38.461,MODERATE,9,180,sequential_yolo_pose,SM-S906U1,GPU
2026-04-22 23:24:31.346,121.893,24.749,54.216,1.071,2.836,8.655,11.741,1.208,false,20.371,MODERATE,9,180,sequential_yolo_pose,SM-S906U1,GPU
2026-04-22 23:24:31.477,117.577,24.175,55.191,1.002,3.362,11.818,10.443,0.078,false,20.375,MODERATE,9,180,sequential_yolo_pose,SM-S906U1,GPU
2026-04-22 23:24:31.610,124.560,25.387,53.807,0.791,2.763,9.736,10.985,0.047,false,20.407,MODERATE,9,180,sequential_yolo_pose,SM-S906U1,GPU
2026-04-22 23:24:31.737,117.452,20.424,54.314,0.735,4.583,10.739,11.241,0.040,false,20.407,MODERATE,9,180,sequential_yolo_pose,SM-S906U1,GPU
2026-04-22 23:24:31.853,111.613,25.083,51.243,0.501,1.614,5.140,12.234,0.044,false,20.375,MODERATE,8,180,sequential_yolo_pose,SM-S906U1,GPU
2026-04-22 23:24:31.975,116.706,21.362,54.945,1.028,2.996,9.530,10.200,0.051,false,20.371,MODERATE,8,180,sequential_yolo_pose,SM-S906U1,GPU
2026-04-22 23:24:32.099,116.016,21.940,53.341,0.653,2.181,7.975,12.723,0.046,false,20.403,MODERATE,8,180,sequential_yolo_pose,SM-S906U1,GPU
2026-04-22 23:24:32.221,116.869,24.176,53.268,0.472,1.596,5.182,11.621,0.046,false,20.309,MODERATE,8,180,sequential_yolo_pose,SM-S906U1,GPU
2026-04-22 23:24:32.341,115.203,22.357,54.171,0.591,2.280,7.478,11.712,0.057,false,20.375,MODERATE,8,180,sequential_yolo_pose,SM-S906U1,GPU
2026-04-22 23:24:32.466,116.527,21.009,52.121,0.517,2.168,10.559,10.365,0.045,false,20.375,MODERATE,8,180,sequential_yolo_pose,SM-S906U1,GPU
2026-04-22 23:24:32.584,112.227,20.273,52.238,0.904,2.500,7.624,10.663,0.037,false,20.313,MODERATE,8,180,sequential_yolo_pose,SM-S906U1,GPU
2026-04-22 23:24:32.703,111.514,21.345,53.792,1.004,2.899,5.660,11.063,0.053,false,20.313,MODERATE,8,180,sequential_yolo_pose,SM-S906U1,GPU
2026-04-22 23:24:32.817,107.976,20.664,54.928,0.639,1.570,4.700,9.938,0.043,false,20.500,MODERATE,8,180,sequential_yolo_pose,SM-S906U1,GPU
2026-04-22 23:24:32.937,115.366,20.652,53.445,0.991,3.413,9.499,10.384,0.065,false,20.344,MODERATE,8,180,sequential_yolo_pose,SM-S906U1,GPU
2026-04-22 23:24:33.061,119.641,20.974,52.284,0.518,1.638,8.874,12.312,0.068,false,20.344,MODERATE,8,180,sequential_yolo_pose,SM-S906U1,GPU
2026-04-22 23:24:33.186,119.700,23.361,53.437,1.015,3.123,9.562,12.940,0.064,false,20.344,MODERATE,8,180,sequential_yolo_pose,SM-S906U1,GPU
2026-04-22 23:24:33.316,122.477,24.672,54.761,0.862,2.443,6.914,12.181,0.052,false,20.407,MODERATE,8,180,sequential_yolo_pose,SM-S906U1,GPU
2026-04-22 23:24:33.444,123.054,23.124,54.030,0.933,8.350,7.707,12.615,0.051,false,20.407,MODERATE,8,180,sequential_yolo_pose,SM-S906U1,GPU
2026-04-22 23:24:33.565,111.640,22.432,50.985,0.856,2.907,7.523,10.899,0.059,false,20.438,MODERATE,8,180,sequential_yolo_pose,SM-S906U1,GPU
2026-04-22 23:24:33.694,120.258,25.304,53.452,0.670,2.250,7.497,12.492,0.062,false,20.407,MODERATE,8,180,sequential_yolo_pose,SM-S906U1,GPU
2026-04-22 23:24:33.812,112.521,23.229,52.387,0.478,1.648,5.226,12.343,0.043,false,20.532,MODERATE,8,180,sequential_yolo_pose,SM-S906U1,GPU
2026-04-22 23:24:33.934,117.971,23.715,53.439,0.969,3.217,9.748,10.504,0.050,false,20.375,MODERATE,8,180,sequential_yolo_pose,SM-S906U1,GPU
2026-04-22 23:24:34.059,120.196,20.948,53.505,1.021,3.073,10.383,11.310,0.064,false,20.375,MODERATE,8,180,sequential_yolo_pose,SM-S906U1,GPU
2026-04-22 23:24:34.180,115.419,20.160,51.334,0.859,3.308,8.274,10.862,0.048,false,20.375,MODERATE,8,180,sequential_yolo_pose,SM-S906U1,GPU
2026-04-22 23:24:34.304,119.429,21.370,52.775,1.099,4.990,12.117,10.417,0.080,false,20.403,MODERATE,8,180,sequential_yolo_pose,SM-S906U1,GPU
2026-04-22 23:24:34.434,124.694,25.498,54.821,1.608,3.230,10.140,11.504,0.046,false,20.344,MODERATE,8,180,sequential_yolo_pose,SM-S906U1,GPU
2026-04-22 23:24:34.559,118.219,21.206,55.647,1.015,3.181,9.644,10.909,0.049,false,20.375,MODERATE,8,180,sequential_yolo_pose,SM-S906U1,GPU
2026-04-22 23:24:34.676,113.147,20.360,51.646,1.204,3.194,9.156,10.989,0.039,false,20.344,MODERATE,8,180,sequential_yolo_pose,SM-S906U1,GPU
2026-04-22 23:24:34.802,113.546,27.139,52.710,0.375,0.981,3.306,9.605,0.039,false,20.344,MODERATE,8,180,sequential_yolo_pose,SM-S906U1,GPU
2026-04-22 23:24:34.927,121.057,19.999,57.897,1.142,3.120,12.726,12.716,0.046,false,20.438,MODERATE,8,180,sequential_yolo_pose,SM-S906U1,GPU
2026-04-22 23:24:35.038,106.604,20.781,51.718,0.516,1.759,6.353,10.465,0.045,false,20.344,MODERATE,8,180,sequential_yolo_pose,SM-S906U1,GPU
2026-04-22 23:24:35.157,115.274,20.450,53.728,0.551,1.542,9.241,12.858,0.054,false,20.309,MODERATE,8,180,sequential_yolo_pose,SM-S906U1,GPU
2026-04-22 23:24:35.275,112.714,22.447,52.684,0.919,2.708,8.648,12.165,0.043,false,20.344,MODERATE,8,180,sequential_yolo_pose,SM-S906U1,GPU
2026-04-22 23:24:35.398,115.628,20.316,56.394,0.753,2.256,8.761,16.050,0.051,false,20.375,MODERATE,8,180,sequential_yolo_pose,SM-S906U1,GPU
2026-04-22 23:24:35.519,115.186,24.771,52.444,0.487,1.488,5.667,14.007,0.053,false,20.407,MODERATE,8,180,sequential_yolo_pose,SM-S906U1,GPU
2026-04-22 23:24:35.617,90.314,21.087,53.170,0.685,0.000,0.000,0.000,0.000,true,16.981,MODERATE,8,180,sequential_yolo_pose,SM-S906U1,GPU
2026-04-22 23:24:35.724,98.469,23.445,52.570,0.619,0.000,0.000,0.000,0.000,true,30.594,MODERATE,8,180,sequential_yolo_pose,SM-S906U1,GPU
2026-04-22 23:24:35.865,135.579,26.576,55.393,0.658,2.150,13.788,14.786,0.045,false,17.438,MODERATE,9,180,sequential_yolo_pose,SM-S906U1,GPU
2026-04-22 23:24:35.993,122.628,24.022,56.188,0.509,2.369,8.847,14.235,0.035,false,20.407,MODERATE,9,180,sequential_yolo_pose,SM-S906U1,GPU
2026-04-22 23:24:36.113,116.591,21.777,55.742,0.882,3.007,6.090,10.389,0.047,false,20.375,MODERATE,9,180,sequential_yolo_pose,SM-S906U1,GPU
2026-04-22 23:24:36.230,111.329,19.971,54.425,0.696,3.170,7.990,12.594,0.058,false,20.375,MODERATE,9,180,sequential_yolo_pose,SM-S906U1,GPU
2026-04-22 23:24:36.352,117.918,24.695,52.137,0.684,2.092,6.039,15.983,0.048,false,20.375,MODERATE,9,180,sequential_yolo_pose,SM-S906U1,GPU
2026-04-22 23:24:36.467,107.748,24.471,51.651,0.490,1.490,4.463,9.521,0.041,false,20.407,MODERATE,9,180,sequential_yolo_pose,SM-S906U1,GPU
2026-04-22 23:24:36.588,116.796,27.164,51.677,0.502,1.502,5.844,11.657,0.050,false,20.438,MODERATE,9,180,sequential_yolo_pose,SM-S906U1,GPU
2026-04-22 23:24:36.686,93.565,21.231,54.965,0.498,0.000,0.000,0.000,0.000,true,16.981,MODERATE,9,180,sequential_yolo_pose,SM-S906U1,GPU
2026-04-22 23:24:36.819,125.518,24.326,53.946,0.523,1.440,5.356,14.113,0.029,false,34.145,MODERATE,8,180,sequential_yolo_pose,SM-S906U1,GPU
2026-04-22 23:24:36.947,119.688,23.490,58.079,0.968,2.761,6.887,12.365,0.070,false,20.403,MODERATE,8,180,sequential_yolo_pose,SM-S906U1,GPU
2026-04-22 23:24:37.073,121.099,26.545,53.019,0.785,2.843,8.107,10.600,0.048,false,20.407,MODERATE,8,180,sequential_yolo_pose,SM-S906U1,GPU
2026-04-22 23:24:37.197,114.829,20.207,57.088,0.781,2.657,7.611,10.206,0.044,false,20.375,MODERATE,8,180,sequential_yolo_pose,SM-S906U1,GPU
2026-04-22 23:24:37.315,113.239,20.507,53.305,0.964,3.043,8.851,10.754,0.046,false,20.344,MODERATE,8,180,sequential_yolo_pose,SM-S906U1,GPU
2026-04-22 23:24:37.442,118.771,27.756,54.302,0.698,2.205,6.074,10.863,0.065,false,20.282,MODERATE,8,180,sequential_yolo_pose,SM-S906U1,GPU
2026-04-22 23:24:37.573,125.684,23.830,53.468,1.044,3.261,12.979,10.758,0.051,false,20.399,MODERATE,8,180,sequential_yolo_pose,SM-S906U1,GPU
2026-04-22 23:24:37.699,118.960,21.805,55.348,0.832,2.170,8.381,12.573,0.063,false,20.344,MODERATE,8,180,sequential_yolo_pose,SM-S906U1,GPU
2026-04-22 23:24:37.822,117.136,24.433,52.357,0.494,1.321,5.047,9.847,0.052,false,20.563,MODERATE,8,180,sequential_yolo_pose,SM-S906U1,GPU
2026-04-22 23:24:37.950,123.494,21.114,53.775,1.029,5.449,13.066,13.375,0.049,false,20.438,MODERATE,8,180,sequential_yolo_pose,SM-S906U1,GPU
2026-04-22 23:24:38.061,103.488,20.207,51.496,0.469,1.522,5.267,10.350,0.049,false,20.313,MODERATE,8,180,sequential_yolo_pose,SM-S906U1,GPU
2026-04-22 23:24:38.176,110.745,20.262,55.505,0.999,2.141,4.963,9.719,0.049,false,20.313,MODERATE,8,180,sequential_yolo_pose,SM-S906U1,GPU
2026-04-22 23:24:38.302,120.057,21.329,55.918,1.312,6.208,8.579,11.672,0.049,false,20.375,MODERATE,8,180,sequential_yolo_pose,SM-S906U1,GPU
2026-04-22 23:24:38.413,105.870,20.157,52.010,0.553,1.587,5.328,10.270,0.052,false,20.313,MODERATE,8,180,sequential_yolo_pose,SM-S906U1,GPU
2026-04-22 23:24:38.528,110.557,20.739,54.524,1.079,2.992,9.327,10.802,0.045,false,20.407,MODERATE,8,180,sequential_yolo_pose,SM-S906U1,GPU
2026-04-22 23:24:38.652,118.155,21.071,58.262,0.722,2.068,7.116,11.738,0.048,false,20.375,MODERATE,8,180,sequential_yolo_pose,SM-S906U1,GPU
2026-04-22 23:24:38.775,115.710,20.922,52.731,1.417,2.751,10.167,11.726,0.046,false,20.375,MODERATE,8,180,sequential_yolo_pose,SM-S906U1,GPU
2026-04-22 23:24:38.904,121.728,22.938,51.849,1.306,3.445,15.850,10.228,0.044,false,20.407,MODERATE,9,180,sequential_yolo_pose,SM-S906U1,GPU
2026-04-22 23:24:39.030,121.174,24.078,53.722,1.098,2.623,10.443,11.786,0.037,false,20.375,MODERATE,9,180,sequential_yolo_pose,SM-S906U1,GPU
2026-04-22 23:24:39.149,114.435,23.394,55.463,0.559,1.534,5.188,10.678,0.054,false,20.282,MODERATE,9,180,sequential_yolo_pose,SM-S906U1,GPU
2026-04-22 23:24:39.273,116.517,21.035,55.482,0.822,2.400,9.915,11.525,0.054,false,20.375,MODERATE,9,180,sequential_yolo_pose,SM-S906U1,GPU
2026-04-22 23:24:39.393,111.223,20.388,51.631,0.858,2.796,8.741,15.758,0.110,false,20.375,MODERATE,9,180,sequential_yolo_pose,SM-S906U1,GPU
2026-04-22 23:24:39.525,124.248,22.444,53.261,0.944,2.664,9.446,15.713,0.055,false,20.375,MODERATE,9,180,sequential_yolo_pose,SM-S906U1,GPU
2026-04-22 23:24:39.653,122.123,23.677,53.990,0.836,2.719,9.606,13.852,0.035,false,20.407,MODERATE,9,180,sequential_yolo_pose,SM-S906U1,GPU
2026-04-22 23:24:39.779,121.922,26.223,54.177,1.048,3.193,6.577,14.425,0.076,false,20.344,MODERATE,9,180,sequential_yolo_pose,SM-S906U1,GPU
2026-04-22 23:24:39.898,111.700,20.036,53.192,0.548,3.088,10.308,11.665,0.052,false,20.407,MODERATE,8,180,sequential_yolo_pose,SM-S906U1,GPU
2026-04-22 23:24:40.021,118.782,21.570,53.883,0.963,3.129,8.781,13.765,0.051,false,20.375,MODERATE,8,180,sequential_yolo_pose,SM-S906U1,GPU
2026-04-22 23:24:40.142,113.936,21.424,52.814,1.155,3.325,10.145,11.451,0.055,false,20.375,MODERATE,8,180,sequential_yolo_pose,SM-S906U1,GPU
2026-04-22 23:24:40.257,109.796,19.994,53.986,0.483,1.395,5.831,11.923,0.050,false,20.375,MODERATE,8,180,sequential_yolo_pose,SM-S906U1,GPU
2026-04-22 23:24:40.380,118.518,20.976,52.159,1.102,2.942,11.919,13.388,0.046,false,20.375,MODERATE,8,180,sequential_yolo_pose,SM-S906U1,GPU
2026-04-22 23:24:40.512,123.526,26.376,53.720,1.087,3.232,9.926,12.076,0.072,false,20.375,MODERATE,8,180,sequential_yolo_pose,SM-S906U1,GPU
2026-04-22 23:24:40.647,123.730,25.399,59.055,0.630,1.769,6.394,13.325,0.043,false,20.375,MODERATE,8,180,sequential_yolo_pose,SM-S906U1,GPU
2026-04-22 23:24:40.745,92.598,22.091,53.099,0.884,0.000,0.000,0.000,0.000,true,16.981,MODERATE,8,180,sequential_yolo_pose,SM-S906U1,GPU
2026-04-22 23:24:40.891,132.596,24.389,54.336,1.012,2.618,8.321,18.244,0.037,false,34.114,MODERATE,8,180,sequential_yolo_pose,SM-S906U1,GPU
2026-04-22 23:24:40.994,94.251,25.649,53.192,0.592,0.000,0.000,0.000,0.000,true,16.977,MODERATE,8,180,sequential_yolo_pose,SM-S906U1,GPU
2026-04-22 23:24:41.097,97.991,25.565,53.767,0.888,0.000,0.000,0.000,0.000,true,30.590,MODERATE,8,180,sequential_yolo_pose,SM-S906U1,GPU
2026-04-22 23:24:41.235,132.076,22.945,50.849,0.955,3.870,12.900,11.179,0.054,false,17.246,MODERATE,8,180,sequential_yolo_pose,SM-S906U1,GPU
2026-04-22 23:24:41.356,117.645,21.003,54.030,0.927,3.169,9.831,11.868,0.042,false,20.438,MODERATE,8,180,sequential_yolo_pose,SM-S906U1,GPU
2026-04-22 23:24:41.474,113.372,21.321,55.343,0.724,2.314,7.157,10.373,0.062,false,20.340,MODERATE,8,180,sequential_yolo_pose,SM-S906U1,GPU
2026-04-22 23:24:41.607,127.249,26.207,52.302,1.147,2.869,13.706,11.299,0.039,false,20.438,MODERATE,8,180,sequential_yolo_pose,SM-S906U1,GPU
2026-04-22 23:24:41.732,120.186,22.282,54.158,0.665,2.241,7.950,14.442,0.041,false,20.375,MODERATE,8,180,sequential_yolo_pose,SM-S906U1,GPU
2026-04-22 23:24:41.829,92.602,24.234,52.476,1.157,0.000,0.000,0.000,0.000,true,17.074,MODERATE,8,180,sequential_yolo_pose,SM-S906U1,GPU
2026-04-22 23:24:41.955,120.375,22.995,53.274,0.862,2.172,7.744,10.526,0.033,false,34.090,MODERATE,8,180,sequential_yolo_pose,SM-S906U1,GPU
2026-04-22 23:24:42.083,116.060,22.399,55.401,0.677,1.803,6.764,12.710,0.052,false,20.438,MODERATE,8,180,sequential_yolo_pose,SM-S906U1,GPU
2026-04-22 23:24:42.207,118.169,25.285,53.344,1.173,3.100,8.850,10.412,0.057,false,20.309,MODERATE,8,180,sequential_yolo_pose,SM-S906U1,GPU
2026-04-22 23:24:42.332,119.316,20.764,55.665,0.941,3.225,11.319,10.344,0.059,false,20.438,MODERATE,8,180,sequential_yolo_pose,SM-S906U1,GPU
2026-04-22 23:24:42.457,120.198,22.201,53.572,0.808,3.343,9.977,11.148,0.059,false,20.375,MODERATE,8,180,sequential_yolo_pose,SM-S906U1,GPU
2026-04-22 23:24:42.583,118.920,20.983,54.930,1.206,2.327,7.800,15.771,0.031,false,20.375,MODERATE,8,180,sequential_yolo_pose,SM-S906U1,GPU
2026-04-22 23:24:42.711,118.806,23.412,53.067,1.234,3.569,8.686,11.992,0.048,false,20.344,MODERATE,8,180,sequential_yolo_pose,SM-S906U1,GPU
2026-04-22 23:24:42.834,112.820,22.437,51.567,0.512,1.522,6.009,12.537,0.040,false,20.438,MODERATE,8,180,sequential_yolo_pose,SM-S906U1,GPU
2026-04-22 23:24:42.959,120.884,23.396,53.019,1.012,2.929,8.622,13.144,0.045,false,20.375,MODERATE,8,180,sequential_yolo_pose,SM-S906U1,GPU
2026-04-22 23:24:43.073,109.723,21.351,54.703,1.004,1.812,5.006,10.515,0.056,false,20.282,MODERATE,8,180,sequential_yolo_pose,SM-S906U1,GPU
2026-04-22 23:24:43.199,119.153,20.781,57.035,1.061,3.071,9.740,12.535,0.048,false,20.371,MODERATE,8,180,sequential_yolo_pose,SM-S906U1,GPU
2026-04-22 23:24:43.318,114.719,20.088,52.410,1.201,3.189,8.349,15.655,0.033,false,20.375,MODERATE,8,180,sequential_yolo_pose,SM-S906U1,GPU
2026-04-22 23:24:43.443,118.623,23.189,52.806,1.199,3.053,10.668,11.787,0.043,false,20.403,MODERATE,8,180,sequential_yolo_pose,SM-S906U1,GPU
2026-04-22 23:24:43.570,119.071,19.837,60.121,1.213,3.184,11.682,11.181,0.033,false,20.375,MODERATE,8,180,sequential_yolo_pose,SM-S906U1,GPU
2026-04-22 23:24:43.690,110.231,20.020,51.877,1.215,3.044,9.933,12.137,0.046,false,20.375,MODERATE,8,180,sequential_yolo_pose,SM-S906U1,GPU
2026-04-22 23:24:43.810,113.867,20.547,54.221,1.106,3.236,5.874,12.706,0.058,false,20.344,MODERATE,8,180,sequential_yolo_pose,SM-S906U1,GPU
2026-04-22 23:24:43.932,111.905,20.039,55.342,1.161,2.997,10.025,11.969,0.048,false,20.407,MODERATE,9,180,sequential_yolo_pose,SM-S906U1,GPU
2026-04-22 23:24:44.053,116.222,19.898,51.678,0.493,2.767,8.036,10.892,0.058,false,20.407,MODERATE,9,180,sequential_yolo_pose,SM-S906U1,GPU
2026-04-22 23:24:44.175,116.534,23.189,52.474,1.107,2.626,9.540,11.008,0.054,false,20.375,MODERATE,9,180,sequential_yolo_pose,SM-S906U1,GPU
2026-04-22 23:24:44.301,113.986,20.189,53.258,1.140,2.950,9.546,10.902,0.076,false,20.340,MODERATE,9,180,sequential_yolo_pose,SM-S906U1,GPU
2026-04-22 23:24:44.432,125.931,22.936,51.554,0.983,3.146,9.543,11.154,0.064,false,20.344,MODERATE,9,180,sequential_yolo_pose,SM-S906U1,GPU
2026-04-22 23:24:44.557,119.660,20.433,54.284,0.865,2.495,9.529,13.779,0.094,false,20.375,MODERATE,9,180,sequential_yolo_pose,SM-S906U1,GPU
2026-04-22 23:24:44.672,111.145,21.823,54.890,1.071,3.116,7.721,10.177,0.048,false,20.375,MODERATE,9,180,sequential_yolo_pose,SM-S906U1,GPU
2026-04-22 23:24:44.805,125.604,22.814,52.814,0.990,2.782,9.101,15.769,0.054,false,20.375,MODERATE,9,180,sequential_yolo_pose,SM-S906U1,GPU
2026-04-22 23:24:44.930,119.107,20.285,55.916,1.220,2.685,9.299,12.938,0.057,false,20.438,MODERATE,8,180,sequential_yolo_pose,SM-S906U1,GPU
2026-04-22 23:24:45.049,115.543,26.269,52.086,0.687,2.121,6.063,11.153,0.053,false,20.344,MODERATE,8,180,sequential_yolo_pose,SM-S906U1,GPU
2026-04-22 23:24:45.176,122.824,25.474,50.795,1.091,3.897,12.118,11.133,0.054,false,20.340,MODERATE,8,180,sequential_yolo_pose,SM-S906U1,GPU
2026-04-22 23:24:45.298,113.148,20.201,55.334,0.570,1.789,8.186,10.189,0.055,false,14.473,MODERATE,8,180,sequential_yolo_pose,SM-S906U1,GPU
2026-04-22 23:24:45.412,110.646,21.619,53.041,0.567,1.248,5.256,11.016,0.024,false,21.489,MODERATE,8,180,sequential_yolo_pose,SM-S906U1,GPU
2026-04-22 23:24:45.520,103.851,19.568,53.401,0.610,1.284,5.688,11.996,0.036,false,38.528,MODERATE,8,180,sequential_yolo_pose,SM-S906U1,GPU
2026-04-22 23:24:45.646,118.512,26.492,54.206,0.975,2.208,7.450,11.600,0.049,false,20.403,MODERATE,8,180,sequential_yolo_pose,SM-S906U1,GPU
2026-04-22 23:24:45.773,119.568,21.168,54.365,0.949,2.864,16.151,12.744,0.054,false,20.407,MODERATE,8,180,sequential_yolo_pose,SM-S906U1,GPU
2026-04-22 23:24:45.890,113.378,20.914,53.746,0.418,1.620,5.122,14.062,0.031,false,20.500,MODERATE,8,180,sequential_yolo_pose,SM-S906U1,GPU
2026-04-22 23:24:46.002,108.255,20.655,52.466,0.946,2.932,8.967,11.518,0.063,false,20.344,MODERATE,8,180,sequential_yolo_pose,SM-S906U1,GPU
2026-04-22 23:24:46.126,120.293,20.781,50.900,0.698,2.394,7.579,15.072,0.059,false,20.375,MODERATE,8,180,sequential_yolo_pose,SM-S906U1,GPU
2026-04-22 23:24:46.242,111.496,20.684,50.516,0.957,3.644,8.435,11.672,0.061,false,20.375,MODERATE,8,180,sequential_yolo_pose,SM-S906U1,GPU
2026-04-22 23:24:46.368,117.822,21.620,52.669,1.026,3.118,7.598,11.514,0.056,false,20.340,MODERATE,8,180,sequential_yolo_pose,SM-S906U1,GPU
2026-04-22 23:24:46.489,115.888,20.598,54.647,0.852,2.694,8.630,11.332,0.051,false,20.375,MODERATE,8,180,sequential_yolo_pose,SM-S906U1,GPU
2026-04-22 23:24:46.607,112.800,22.350,54.789,0.644,1.923,5.822,10.066,0.048,false,20.375,MODERATE,8,180,sequential_yolo_pose,SM-S906U1,GPU
2026-04-22 23:24:46.728,115.227,20.513,54.096,1.003,2.626,9.200,11.242,0.053,false,20.407,MODERATE,8,180,sequential_yolo_pose,SM-S906U1,GPU
2026-04-22 23:24:46.848,114.132,22.916,51.335,0.522,1.761,5.346,12.266,0.058,false,20.407,MODERATE,8,180,sequential_yolo_pose,SM-S906U1,GPU
2026-04-22 23:24:46.972,118.421,20.673,53.285,0.984,3.363,11.344,12.932,0.044,false,20.379,MODERATE,8,180,sequential_yolo_pose,SM-S906U1,GPU
2026-04-22 23:24:47.095,117.994,21.184,54.366,0.561,2.827,8.265,11.375,0.048,false,20.375,MODERATE,8,180,sequential_yolo_pose,SM-S906U1,GPU
2026-04-22 23:24:47.216,114.761,22.854,52.103,0.633,1.684,5.574,14.754,0.047,false,20.344,MODERATE,8,180,sequential_yolo_pose,SM-S906U1,GPU
2026-04-22 23:24:47.344,120.625,21.173,58.140,1.095,3.093,8.827,12.496,0.044,false,20.375,MODERATE,8,180,sequential_yolo_pose,SM-S906U1,GPU
2026-04-22 23:24:47.474,120.583,20.581,52.094,1.563,7.120,11.628,10.982,0.036,false,20.407,MODERATE,8,180,sequential_yolo_pose,SM-S906U1,GPU
2026-04-22 23:24:47.605,126.774,25.826,52.913,1.381,3.000,12.906,11.020,0.047,false,20.344,MODERATE,8,180,sequential_yolo_pose,SM-S906U1,GPU
2026-04-22 23:24:47.734,123.339,24.520,53.108,1.198,2.960,11.328,12.631,0.051,false,20.375,MODERATE,8,180,sequential_yolo_pose,SM-S906U1,GPU
2026-04-22 23:24:47.853,112.620,20.420,54.054,0.483,1.571,5.602,10.800,0.062,false,20.344,MODERATE,8,180,sequential_yolo_pose,SM-S906U1,GPU
2026-04-22 23:24:47.979,120.088,21.303,53.568,1.066,7.121,8.716,11.943,0.055,false,20.375,MODERATE,9,180,sequential_yolo_pose,SM-S906U1,GPU
2026-04-22 23:24:48.108,120.240,21.769,51.521,1.094,3.153,11.469,13.017,0.079,false,20.407,MODERATE,9,180,sequential_yolo_pose,SM-S906U1,GPU
2026-04-22 23:24:48.230,116.843,20.860,54.680,0.623,3.765,8.357,11.543,0.045,false,20.407,MODERATE,9,180,sequential_yolo_pose,SM-S906U1,GPU
2026-04-22 23:24:48.349,114.538,23.601,55.225,0.661,1.776,5.902,10.679,0.046,false,20.375,MODERATE,9,180,sequential_yolo_pose,SM-S906U1,GPU
2026-04-22 23:24:48.474,116.954,21.612,53.997,0.847,3.134,10.517,11.098,0.071,false,20.375,MODERATE,9,180,sequential_yolo_pose,SM-S906U1,GPU
2026-04-22 23:24:48.610,129.645,25.277,52.423,1.331,3.040,14.397,13.095,0.033,false,20.500,MODERATE,9,180,sequential_yolo_pose,SM-S906U1,GPU
2026-04-22 23:24:48.735,120.611,26.154,53.155,1.113,3.167,10.966,9.954,0.059,false,20.375,MODERATE,9,180,sequential_yolo_pose,SM-S906U1,GPU
2026-04-22 23:24:48.856,116.730,20.515,53.318,0.809,2.581,8.370,13.562,0.071,false,20.469,MODERATE,9,180,sequential_yolo_pose,SM-S906U1,GPU
2026-04-22 23:24:48.984,122.991,25.345,54.196,1.125,3.054,7.358,15.879,0.059,false,20.344,MODERATE,8,180,sequential_yolo_pose,SM-S906U1,GPU
2026-04-22 23:24:49.107,116.602,21.207,52.301,0.975,2.626,10.596,10.487,0.048,false,20.438,MODERATE,8,180,sequential_yolo_pose,SM-S906U1,GPU
2026-04-22 23:24:49.233,120.665,25.459,54.004,1.159,2.760,9.783,10.113,0.044,false,14.508,MODERATE,8,180,sequential_yolo_pose,SM-S906U1,GPU
2026-04-22 23:24:49.359,121.910,22.207,53.136,1.069,2.722,9.319,12.024,0.063,false,21.520,MODERATE,8,180,sequential_yolo_pose,SM-S906U1,GPU
2026-04-22 23:24:49.483,118.141,20.805,55.092,1.123,2.777,10.734,11.333,0.045,false,38.465,MODERATE,8,180,sequential_yolo_pose,SM-S906U1,GPU
2026-04-22 23:24:49.606,116.627,21.070,52.918,1.025,2.588,12.067,11.691,0.047,false,29.036,MODERATE,8,180,sequential_yolo_pose,SM-S906U1,GPU
2026-04-22 23:24:49.736,124.713,23.290,57.477,0.982,2.323,11.105,13.158,0.034,false,17.313,MODERATE,8,180,sequential_yolo_pose,SM-S906U1,GPU
2026-04-22 23:24:49.851,109.447,22.379,52.956,0.598,1.587,5.282,10.512,0.033,false,20.407,MODERATE,8,180,sequential_yolo_pose,SM-S906U1,GPU
2026-04-22 23:24:49.972,114.577,24.501,52.396,0.968,1.969,7.649,10.869,0.048,false,20.375,MODERATE,8,180,sequential_yolo_pose,SM-S906U1,GPU
2026-04-22 23:24:50.100,121.879,23.887,54.002,1.202,3.263,9.985,11.662,0.032,false,20.375,MODERATE,8,180,sequential_yolo_pose,SM-S906U1,GPU
2026-04-22 23:24:50.224,117.521,20.700,53.958,0.649,1.468,6.557,11.050,0.036,false,20.313,MODERATE,8,180,sequential_yolo_pose,SM-S906U1,GPU
2026-04-22 23:24:50.344,116.149,20.929,54.197,0.961,2.769,9.431,12.238,0.030,false,20.438,MODERATE,8,180,sequential_yolo_pose,SM-S906U1,GPU
2026-04-22 23:24:50.465,109.755,19.986,53.053,0.828,2.183,6.870,11.378,0.032,false,20.340,MODERATE,8,180,sequential_yolo_pose,SM-S906U1,GPU
2026-04-22 23:24:50.591,121.782,24.508,52.644,0.708,1.997,6.406,16.641,0.043,false,20.407,MODERATE,8,180,sequential_yolo_pose,SM-S906U1,GPU
2026-04-22 23:24:50.688,92.780,20.228,54.095,0.492,0.000,0.000,0.000,0.000,true,17.043,MODERATE,8,180,sequential_yolo_pose,SM-S906U1,GPU
2026-04-22 23:24:50.829,135.579,28.650,56.917,0.866,2.631,13.790,11.515,0.061,false,34.020,MODERATE,8,180,sequential_yolo_pose,SM-S906U1,GPU
2026-04-22 23:24:50.941,106.014,24.623,57.720,0.864,0.000,0.000,0.000,0.000,true,17.012,MODERATE,8,180,sequential_yolo_pose,SM-S906U1,GPU
2026-04-22 23:24:51.075,124.667,25.867,52.632,1.133,2.724,7.632,11.564,0.042,false,33.989,MODERATE,8,180,sequential_yolo_pose,SM-S906U1,GPU
2026-04-22 23:24:51.202,113.403,20.982,51.792,0.858,2.764,8.884,10.922,0.047,false,20.371,MODERATE,8,180,sequential_yolo_pose,SM-S906U1,GPU
2026-04-22 23:24:51.324,116.883,20.502,53.447,0.939,2.732,8.706,11.130,0.045,false,20.371,MODERATE,8,180,sequential_yolo_pose,SM-S906U1,GPU
2026-04-22 23:24:51.447,116.862,20.513,53.644,0.936,3.053,8.322,11.189,0.056,false,20.375,MODERATE,8,180,sequential_yolo_pose,SM-S906U1,GPU
2026-04-22 23:24:51.567,115.455,23.297,54.065,0.778,1.960,6.744,11.286,0.069,false,20.371,MODERATE,8,180,sequential_yolo_pose,SM-S906U1,GPU
2026-04-22 23:24:51.691,118.329,20.352,51.056,1.109,3.122,10.381,11.961,0.050,false,20.407,MODERATE,8,180,sequential_yolo_pose,SM-S906U1,GPU
2026-04-22 23:24:51.807,111.801,22.031,55.252,0.738,2.555,4.893,10.343,0.047,false,20.407,MODERATE,8,180,sequential_yolo_pose,SM-S906U1,GPU
2026-04-22 23:24:51.929,112.733,23.437,54.996,0.971,1.612,4.290,9.321,0.048,false,20.465,MODERATE,8,180,sequential_yolo_pose,SM-S906U1,GPU
2026-04-22 23:24:52.047,113.383,24.444,53.857,0.465,1.414,5.163,12.288,0.049,false,20.313,MODERATE,8,180,sequential_yolo_pose,SM-S906U1,GPU
2026-04-22 23:24:52.172,119.585,21.054,54.622,1.255,3.860,11.007,11.644,0.054,false,20.407,MODERATE,8,180,sequential_yolo_pose,SM-S906U1,GPU
2026-04-22 23:24:52.296,119.138,23.129,51.935,0.503,3.280,10.299,10.960,0.046,false,20.407,MODERATE,8,180,sequential_yolo_pose,SM-S906U1,GPU
2026-04-22 23:24:52.413,111.246,20.176,54.503,0.670,2.219,6.703,11.371,0.057,false,20.313,MODERATE,8,180,sequential_yolo_pose,SM-S906U1,GPU
2026-04-22 23:24:52.535,114.709,20.381,54.462,0.717,3.608,8.866,13.392,0.064,false,20.371,MODERATE,8,180,sequential_yolo_pose,SM-S906U1,GPU
2026-04-22 23:24:52.660,119.819,24.072,52.121,0.761,1.854,8.736,11.969,0.047,false,20.438,MODERATE,8,180,sequential_yolo_pose,SM-S906U1,GPU
2026-04-22 23:24:52.785,119.256,22.692,56.174,0.827,2.561,7.794,12.576,0.048,false,20.344,MODERATE,8,180,sequential_yolo_pose,SM-S906U1,GPU
2026-04-22 23:24:52.904,111.892,19.972,52.915,0.886,2.972,9.694,11.327,0.041,false,20.407,MODERATE,8,180,sequential_yolo_pose,SM-S906U1,GPU
2026-04-22 23:24:53.036,128.297,23.142,54.538,0.677,2.739,15.838,10.822,0.077,false,20.407,MODERATE,8,180,sequential_yolo_pose,SM-S906U1,GPU
2026-04-22 23:24:53.158,117.321,21.065,55.911,0.480,2.171,9.600,11.382,0.044,false,20.375,MODERATE,8,180,sequential_yolo_pose,SM-S906U1,GPU
2026-04-22 23:24:53.283,117.019,22.231,54.624,0.714,2.237,7.429,13.115,0.640,false,20.375,MODERATE,8,180,sequential_yolo_pose,SM-S906U1,GPU
2026-04-22 23:24:53.377,84.967,19.674,53.351,0.671,0.000,0.000,0.000,0.000,true,16.981,MODERATE,8,180,sequential_yolo_pose,SM-S906U1,GPU
2026-04-22 23:24:53.511,123.386,26.107,53.433,0.683,2.017,7.819,11.195,0.065,false,33.957,MODERATE,8,180,sequential_yolo_pose,SM-S906U1,GPU
2026-04-22 23:24:53.643,118.055,24.837,52.079,0.711,2.599,8.351,12.305,0.033,false,20.340,MODERATE,8,180,sequential_yolo_pose,SM-S906U1,GPU
2026-04-22 23:24:53.772,121.004,24.924,54.090,1.060,2.997,9.228,10.627,0.047,false,20.371,MODERATE,8,180,sequential_yolo_pose,SM-S906U1,GPU
2026-04-22 23:24:53.890,112.204,21.191,51.441,0.483,1.693,5.937,15.597,0.123,false,20.438,MODERATE,8,180,sequential_yolo_pose,SM-S906U1,GPU
2026-04-22 23:24:53.999,104.733,20.643,53.486,0.605,1.750,5.522,9.396,0.042,false,20.250,MODERATE,9,180,sequential_yolo_pose,SM-S906U1,GPU
2026-04-22 23:24:54.125,122.144,20.725,57.457,0.976,3.102,8.499,12.828,0.064,false,20.407,MODERATE,9,180,sequential_yolo_pose,SM-S906U1,GPU
2026-04-22 23:24:54.241,111.029,20.774,52.412,0.974,2.381,5.720,12.003,0.067,false,20.344,MODERATE,9,180,sequential_yolo_pose,SM-S906U1,GPU
2026-04-22 23:24:54.370,118.449,22.287,53.940,1.269,3.075,10.857,10.306,0.047,false,20.340,MODERATE,9,180,sequential_yolo_pose,SM-S906U1,GPU
2026-04-22 23:24:54.491,116.684,20.720,56.492,0.558,1.811,5.870,13.637,0.069,false,20.375,MODERATE,9,180,sequential_yolo_pose,SM-S906U1,GPU
2026-04-22 23:24:54.618,121.323,24.094,51.551,1.039,2.908,8.784,14.322,0.044,false,20.407,MODERATE,9,180,sequential_yolo_pose,SM-S906U1,GPU
2026-04-22 23:24:54.738,113.835,20.160,52.580,0.971,3.129,9.871,10.311,0.048,false,20.309,MODERATE,9,180,sequential_yolo_pose,SM-S906U1,GPU
2026-04-22 23:24:54.875,130.630,21.933,53.427,0.865,2.810,11.014,15.816,0.047,false,20.438,MODERATE,9,180,sequential_yolo_pose,SM-S906U1,GPU
2026-04-22 23:24:55.009,127.080,19.857,54.694,0.754,2.753,8.044,25.378,0.045,false,20.500,MODERATE,8,180,sequential_yolo_pose,SM-S906U1,GPU
2026-04-22 23:24:55.136,118.022,23.032,52.715,0.985,3.308,8.172,10.452,0.049,false,20.407,MODERATE,8,180,sequential_yolo_pose,SM-S906U1,GPU
2026-04-22 23:24:55.256,113.867,20.336,55.196,0.660,1.840,6.119,10.955,0.050,false,20.344,MODERATE,8,180,sequential_yolo_pose,SM-S906U1,GPU
2026-04-22 23:24:55.377,117.003,22.182,53.322,0.827,3.360,8.588,10.617,0.087,false,20.375,MODERATE,8,180,sequential_yolo_pose,SM-S906U1,GPU
2026-04-22 23:24:55.505,118.112,20.569,52.919,1.072,3.679,13.175,11.663,0.055,false,20.403,MODERATE,8,180,sequential_yolo_pose,SM-S906U1,GPU
2026-04-22 23:24:55.629,116.170,20.445,52.921,1.156,3.164,9.043,13.313,0.042,false,20.375,MODERATE,8,180,sequential_yolo_pose,SM-S906U1,GPU
2026-04-22 23:24:55.724,89.333,20.070,52.258,0.608,0.000,0.000,0.000,0.000,true,16.949,MODERATE,8,180,sequential_yolo_pose,SM-S906U1,GPU
2026-04-22 23:24:55.836,105.576,24.850,57.584,0.244,0.000,0.000,0.000,0.000,true,30.594,MODERATE,8,180,sequential_yolo_pose,SM-S906U1,GPU
2026-04-22 23:24:55.948,107.134,34.645,53.732,0.551,0.000,0.000,0.000,0.000,true,18.727,MODERATE,8,180,sequential_yolo_pose,SM-S906U1,GPU
2026-04-22 23:24:56.077,121.881,25.818,53.999,1.064,3.007,9.904,11.462,0.033,false,35.672,MODERATE,8,180,sequential_yolo_pose,SM-S906U1,GPU
2026-04-22 23:24:56.201,115.617,21.363,53.785,0.803,4.533,8.843,10.736,0.047,false,17.254,MODERATE,8,180,sequential_yolo_pose,SM-S906U1,GPU
2026-04-22 23:24:56.328,115.791,24.578,51.218,0.548,1.864,7.154,10.935,0.065,false,20.407,MODERATE,8,180,sequential_yolo_pose,SM-S906U1,GPU
2026-04-22 23:24:56.454,121.125,24.133,51.281,0.809,2.724,8.335,16.391,0.078,false,20.375,MODERATE,8,180,sequential_yolo_pose,SM-S906U1,GPU
2026-04-22 23:24:56.586,126.896,30.951,52.781,0.798,2.666,9.508,13.164,0.038,false,20.375,MODERATE,8,180,sequential_yolo_pose,SM-S906U1,GPU
2026-04-22 23:24:56.705,113.121,20.759,54.015,1.053,5.096,5.076,10.235,0.038,false,20.313,MODERATE,8,180,sequential_yolo_pose,SM-S906U1,GPU
2026-04-22 23:24:56.830,119.238,20.303,54.244,0.878,3.235,10.310,13.103,0.048,false,20.375,MODERATE,8,180,sequential_yolo_pose,SM-S906U1,GPU
2026-04-22 23:24:56.945,110.254,20.811,51.600,0.790,2.721,5.006,11.426,0.060,false,20.375,MODERATE,8,180,sequential_yolo_pose,SM-S906U1,GPU
2026-04-22 23:24:57.067,117.621,20.211,57.528,0.883,2.868,12.184,9.361,0.056,false,20.375,MODERATE,8,180,sequential_yolo_pose,SM-S906U1,GPU
2026-04-22 23:24:57.194,123.671,23.928,54.777,0.578,2.461,13.243,10.980,0.044,false,20.407,MODERATE,8,180,sequential_yolo_pose,SM-S906U1,GPU
2026-04-22 23:24:57.313,114.132,20.924,52.891,0.784,2.664,7.485,12.382,0.046,false,20.344,MODERATE,8,180,sequential_yolo_pose,SM-S906U1,GPU
2026-04-22 23:24:57.439,121.319,25.750,52.788,0.733,2.485,6.981,11.792,0.080,false,20.375,MODERATE,8,180,sequential_yolo_pose,SM-S906U1,GPU
2026-04-22 23:24:57.553,107.753,21.056,54.693,0.512,1.574,5.618,13.363,0.050,false,20.375,MODERATE,8,180,sequential_yolo_pose,SM-S906U1,GPU
2026-04-22 23:24:57.677,117.680,23.903,52.963,1.149,3.010,9.588,10.911,0.034,false,20.344,MODERATE,8,180,sequential_yolo_pose,SM-S906U1,GPU
2026-04-22 23:24:57.801,114.456,20.551,52.852,0.596,2.684,10.569,11.560,0.030,false,20.403,MODERATE,8,180,sequential_yolo_pose,SM-S906U1,GPU
2026-04-22 23:24:57.937,132.458,26.293,54.708,0.525,2.596,9.117,21.368,0.121,false,20.532,MODERATE,8,180,sequential_yolo_pose,SM-S906U1,GPU
2026-04-22 23:24:58.053,110.982,19.276,51.525,0.765,2.192,6.479,18.251,0.121,false,20.375,MODERATE,8,180,sequential_yolo_pose,SM-S906U1,GPU
2026-04-22 23:24:58.176,116.901,23.415,53.812,1.104,2.982,5.828,10.399,2.012,false,20.403,MODERATE,8,180,sequential_yolo_pose,SM-S906U1,GPU
2026-04-22 23:24:58.304,120.696,20.323,57.212,0.943,3.090,9.530,13.570,0.125,false,20.344,MODERATE,8,180,sequential_yolo_pose,SM-S906U1,GPU
2026-04-22 23:24:58.436,125.785,20.228,54.148,1.374,4.789,15.398,10.438,0.032,false,20.438,MODERATE,8,180,sequential_yolo_pose,SM-S906U1,GPU
2026-04-22 23:24:58.557,114.454,21.490,51.556,0.754,1.916,6.234,13.470,0.038,false,20.375,MODERATE,8,180,sequential_yolo_pose,SM-S906U1,GPU
2026-04-22 23:24:58.676,113.115,25.523,53.004,0.494,1.598,5.060,11.231,0.048,false,20.313,MODERATE,8,180,sequential_yolo_pose,SM-S906U1,GPU
2026-04-22 23:24:58.803,119.733,23.492,52.749,1.003,2.975,9.243,11.982,0.082,false,20.340,MODERATE,8,180,sequential_yolo_pose,SM-S906U1,GPU
2026-04-22 23:24:58.929,120.706,23.409,52.810,0.878,2.351,8.077,10.255,0.065,false,20.313,MODERATE,8,180,sequential_yolo_pose,SM-S906U1,GPU
2026-04-22 23:24:59.053,118.567,21.553,52.088,1.152,3.303,10.185,11.799,0.046,false,20.344,MODERATE,9,180,sequential_yolo_pose,SM-S906U1,GPU
2026-04-22 23:24:59.177,116.160,25.717,52.843,0.644,1.563,6.415,13.685,0.051,false,20.344,MODERATE,9,180,sequential_yolo_pose,SM-S906U1,GPU
2026-04-22 23:24:59.305,119.484,20.250,54.995,1.064,3.148,11.902,11.772,0.047,false,20.407,MODERATE,9,180,sequential_yolo_pose,SM-S906U1,GPU
2026-04-22 23:24:59.431,121.980,24.114,52.997,1.040,4.093,9.752,11.287,0.036,false,20.375,MODERATE,9,180,sequential_yolo_pose,SM-S906U1,GPU
2026-04-22 23:24:59.549,113.955,22.337,55.002,0.564,1.635,5.361,11.598,0.052,false,20.313,MODERATE,9,180,sequential_yolo_pose,SM-S906U1,GPU
2026-04-22 23:24:59.668,111.646,20.723,55.427,0.715,2.012,9.523,10.622,0.053,false,20.340,MODERATE,9,180,sequential_yolo_pose,SM-S906U1,GPU
2026-04-22 23:24:59.791,117.834,20.165,53.519,0.823,2.274,7.690,14.612,0.088,false,20.375,MODERATE,9,180,sequential_yolo_pose,SM-S906U1,GPU
2026-04-22 23:24:59.907,109.347,21.070,51.083,1.120,2.673,6.389,10.983,0.045,false,20.375,MODERATE,9,180,sequential_yolo_pose,SM-S906U1,GPU
2026-04-22 23:25:00.032,118.242,22.037,56.493,1.029,2.442,8.058,10.331,0.055,false,20.313,MODERATE,8,180,sequential_yolo_pose,SM-S906U1,GPU
2026-04-22 23:25:00.159,119.759,22.958,53.811,0.792,2.205,7.772,11.289,0.071,false,20.340,MODERATE,8,180,sequential_yolo_pose,SM-S906U1,GPU
2026-04-22 23:25:00.272,108.192,20.860,52.403,0.763,3.093,4.683,11.069,0.048,false,20.375,MODERATE,8,180,sequential_yolo_pose,SM-S906U1,GPU
2026-04-22 23:25:00.380,101.275,20.147,52.599,0.540,1.521,4.889,11.330,0.068,false,20.313,MODERATE,8,180,sequential_yolo_pose,SM-S906U1,GPU
2026-04-22 23:25:00.511,126.110,20.593,55.896,0.647,3.235,16.428,13.374,0.041,false,20.438,MODERATE,8,180,sequential_yolo_pose,SM-S906U1,GPU
2026-04-22 23:25:00.623,107.175,19.894,54.188,0.592,1.589,5.286,12.608,0.048,false,20.375,MODERATE,8,180,sequential_yolo_pose,SM-S906U1,GPU
2026-04-22 23:25:00.743,115.908,19.948,53.732,1.184,3.022,11.165,11.591,0.049,false,20.344,MODERATE,8,180,sequential_yolo_pose,SM-S906U1,GPU
2026-04-22 23:25:00.843,92.372,20.982,52.751,0.336,0.000,0.000,0.000,0.000,true,17.012,MODERATE,8,180,sequential_yolo_pose,SM-S906U1,GPU
2026-04-22 23:25:00.956,102.696,27.958,51.368,0.905,0.000,0.000,0.000,0.000,true,30.657,MODERATE,8,180,sequential_yolo_pose,SM-S906U1,GPU
2026-04-22 23:25:01.099,137.130,24.743,55.056,0.838,2.512,9.578,20.370,0.048,false,17.282,MODERATE,8,180,sequential_yolo_pose,SM-S906U1,GPU
2026-04-22 23:25:01.201,96.798,20.883,57.457,0.857,0.000,0.000,0.000,0.000,true,17.012,MODERATE,8,180,sequential_yolo_pose,SM-S906U1,GPU
2026-04-22 23:25:01.345,137.238,23.044,58.150,1.192,2.829,16.007,14.701,0.054,false,33.989,MODERATE,8,180,sequential_yolo_pose,SM-S906U1,GPU
2026-04-22 23:25:01.469,112.050,19.691,54.642,0.910,2.364,9.131,10.762,0.057,false,20.403,MODERATE,8,180,sequential_yolo_pose,SM-S906U1,GPU
2026-04-22 23:25:01.597,122.524,24.323,51.936,0.719,2.308,7.583,11.840,0.067,false,20.375,MODERATE,8,180,sequential_yolo_pose,SM-S906U1,GPU
2026-04-22 23:25:01.718,116.403,22.044,53.565,0.768,2.069,6.016,12.452,0.048,false,20.407,MODERATE,8,180,sequential_yolo_pose,SM-S906U1,GPU
2026-04-22 23:25:01.835,111.610,23.843,53.756,0.396,1.604,6.596,10.149,0.033,false,20.278,MODERATE,8,180,sequential_yolo_pose,SM-S906U1,GPU
2026-04-22 23:25:01.949,108.628,23.156,54.039,0.398,1.334,4.488,9.549,0.055,false,20.313,MODERATE,8,180,sequential_yolo_pose,SM-S906U1,GPU
2026-04-22 23:25:02.048,91.961,26.749,50.659,0.351,0.000,0.000,0.000,0.000,true,17.012,MODERATE,8,180,sequential_yolo_pose,SM-S906U1,GPU
2026-04-22 23:25:02.167,112.933,26.615,50.771,0.598,1.354,6.759,10.184,0.043,false,33.957,MODERATE,8,180,sequential_yolo_pose,SM-S906U1,GPU
2026-04-22 23:25:02.304,130.956,37.155,54.202,0.602,1.435,5.033,10.035,0.050,false,20.340,MODERATE,8,180,sequential_yolo_pose,SM-S906U1,GPU
2026-04-22 23:25:02.413,104.705,20.109,53.314,0.563,1.519,4.804,10.001,0.051,false,20.465,MODERATE,8,180,sequential_yolo_pose,SM-S906U1,GPU
2026-04-22 23:25:02.521,100.801,19.923,53.460,0.543,1.491,4.525,10.652,0.047,false,20.344,MODERATE,8,180,sequential_yolo_pose,SM-S906U1,GPU
2026-04-22 23:25:02.646,120.733,23.718,54.982,0.863,4.204,7.825,13.685,0.075,false,20.344,MODERATE,8,180,sequential_yolo_pose,SM-S906U1,GPU
2026-04-22 23:25:02.768,111.647,20.222,52.652,0.637,1.578,5.766,12.901,0.033,false,20.375,MODERATE,8,180,sequential_yolo_pose,SM-S906U1,GPU
2026-04-22 23:25:02.887,114.720,20.155,52.759,0.743,2.635,7.305,11.828,0.046,false,20.375,MODERATE,8,180,sequential_yolo_pose,SM-S906U1,GPU
2026-04-22 23:25:03.003,111.161,23.347,54.120,1.412,1.727,4.263,10.404,0.048,false,20.438,MODERATE,9,180,sequential_yolo_pose,SM-S906U1,GPU
2026-04-22 23:25:03.137,124.694,25.704,53.864,1.250,2.851,10.958,10.461,0.032,false,20.375,MODERATE,9,180,sequential_yolo_pose,SM-S906U1,GPU
2026-04-22 23:25:03.261,118.733,19.727,54.705,1.088,3.194,10.956,10.322,0.066,false,20.340,MODERATE,9,180,sequential_yolo_pose,SM-S906U1,GPU
2026-04-22 23:25:03.375,109.133,20.437,52.692,0.742,1.867,6.689,10.782,0.049,false,20.313,MODERATE,9,180,sequential_yolo_pose,SM-S906U1,GPU
2026-04-22 23:25:03.505,123.610,23.662,51.483,1.186,2.746,10.385,11.244,0.040,false,20.375,MODERATE,9,180,sequential_yolo_pose,SM-S906U1,GPU
2026-04-22 23:25:03.632,117.174,19.876,55.702,0.382,3.065,10.247,12.743,0.034,false,20.438,MODERATE,9,180,sequential_yolo_pose,SM-S906U1,GPU
2026-04-22 23:25:03.737,100.744,16.558,51.793,0.572,1.744,5.633,10.307,0.119,false,20.403,MODERATE,9,180,sequential_yolo_pose,SM-S906U1,GPU
2026-04-22 23:25:03.856,114.389,18.942,55.686,0.586,1.675,6.679,14.526,0.036,false,20.407,MODERATE,9,180,sequential_yolo_pose,SM-S906U1,GPU
2026-04-22 23:25:03.968,108.293,18.324,55.154,0.666,2.252,6.229,13.201,0.053,false,20.364,MODERATE,8,180,sequential_yolo_pose,SM-S906U1,GPU
2026-04-22 23:25:04.092,119.821,21.680,56.374,0.645,1.998,5.878,11.853,0.048,false,20.344,MODERATE,8,180,sequential_yolo_pose,SM-S906U1,GPU
2026-04-22 23:25:04.208,110.981,22.945,53.762,0.639,1.830,5.855,11.751,0.052,false,20.282,MODERATE,8,180,sequential_yolo_pose,SM-S906U1,GPU
2026-04-22 23:25:04.327,113.017,22.634,56.629,0.699,1.800,5.862,10.134,0.042,false,20.403,MODERATE,8,180,sequential_yolo_pose,SM-S906U1,GPU
2026-04-22 23:25:04.438,106.870,22.274,54.638,0.558,1.570,4.964,9.510,0.057,false,20.250,MODERATE,8,180,sequential_yolo_pose,SM-S906U1,GPU
2026-04-22 23:25:04.556,112.739,20.378,53.303,0.603,1.625,5.894,12.170,0.039,false,20.375,MODERATE,8,180,sequential_yolo_pose,SM-S906U1,GPU
2026-04-22 23:25:04.666,105.556,19.596,54.238,0.599,1.583,5.474,10.874,0.041,false,20.375,MODERATE,8,180,sequential_yolo_pose,SM-S906U1,GPU
2026-04-22 23:25:04.781,110.164,18.499,51.976,0.637,1.762,5.399,12.122,0.058,false,20.344,MODERATE,8,180,sequential_yolo_pose,SM-S906U1,GPU
2026-04-22 23:25:04.893,104.303,18.299,54.212,0.590,1.865,5.838,9.905,0.037,false,20.313,MODERATE,8,180,sequential_yolo_pose,SM-S906U1,GPU
2026-04-22 23:25:05.004,106.249,19.813,53.739,0.416,2.974,3.898,12.249,0.038,false,20.563,MODERATE,9,180,sequential_yolo_pose,SM-S906U1,GPU
2026-04-22 23:25:05.120,111.201,18.417,53.082,0.520,1.653,5.358,14.082,0.152,false,20.375,MODERATE,9,180,sequential_yolo_pose,SM-S906U1,GPU
2026-04-22 23:25:05.235,108.250,21.432,51.774,0.536,1.744,6.484,11.579,0.047,false,20.344,MODERATE,9,180,sequential_yolo_pose,SM-S906U1,GPU
2026-04-22 23:25:05.353,113.770,21.277,55.172,0.728,2.022,5.915,11.038,0.036,false,20.375,MODERATE,9,180,sequential_yolo_pose,SM-S906U1,GPU
2026-04-22 23:25:05.465,106.508,20.594,54.555,0.692,1.959,5.933,10.001,0.031,false,20.375,MODERATE,9,180,sequential_yolo_pose,SM-S906U1,GPU
2026-04-22 23:25:05.586,115.190,20.558,58.683,0.661,1.921,5.691,13.449,0.047,false,20.375,MODERATE,9,180,sequential_yolo_pose,SM-S906U1,GPU
2026-04-22 23:25:05.706,115.534,23.144,54.309,0.766,2.526,7.572,12.557,0.037,false,20.371,MODERATE,9,180,sequential_yolo_pose,SM-S906U1,GPU
2026-04-22 23:25:05.834,121.558,29.213,53.229,0.543,2.424,10.383,14.993,0.031,false,20.407,MODERATE,9,180,sequential_yolo_pose,SM-S906U1,GPU
2026-04-22 23:25:05.954,115.745,21.567,54.020,0.942,2.613,7.522,10.840,0.042,false,20.407,MODERATE,9,180,sequential_yolo_pose,SM-S906U1,GPU
2026-04-22 23:25:06.076,114.801,23.748,51.510,0.810,2.293,7.058,10.488,0.047,false,20.375,MODERATE,9,180,sequential_yolo_pose,SM-S906U1,GPU
2026-04-22 23:25:06.203,122.035,26.133,53.366,0.879,2.392,8.688,10.455,0.065,false,20.340,MODERATE,9,180,sequential_yolo_pose,SM-S906U1,GPU
2026-04-22 23:25:06.326,116.283,21.076,51.831,0.553,1.408,6.601,11.260,0.022,false,20.407,MODERATE,9,180,sequential_yolo_pose,SM-S906U1,GPU
2026-04-22 23:25:06.430,100.196,20.149,51.942,0.660,1.787,4.888,10.172,0.046,false,20.278,MODERATE,9,180,sequential_yolo_pose,SM-S906U1,GPU
2026-04-22 23:25:06.549,114.500,20.928,53.016,0.701,2.055,6.690,12.383,0.048,false,20.344,MODERATE,9,180,sequential_yolo_pose,SM-S906U1,GPU
2026-04-22 23:25:06.666,110.602,20.797,54.082,0.874,2.825,8.179,10.445,0.047,false,20.375,MODERATE,9,180,sequential_yolo_pose,SM-S906U1,GPU
2026-04-22 23:25:06.782,112.528,20.941,53.909,0.457,1.440,5.207,9.918,0.055,false,20.313,MODERATE,9,180,sequential_yolo_pose,SM-S906U1,GPU
2026-04-22 23:25:06.900,112.275,20.929,53.204,0.599,2.001,10.394,9.436,0.043,false,20.403,MODERATE,9,180,sequential_yolo_pose,SM-S906U1,GPU
2026-04-22 23:25:07.016,111.898,24.350,53.923,0.378,1.514,4.974,11.064,0.057,false,20.407,MODERATE,8,180,sequential_yolo_pose,SM-S906U1,GPU
2026-04-22 23:25:07.140,115.522,20.285,52.858,1.029,3.652,10.784,11.584,0.046,false,20.407,MODERATE,8,180,sequential_yolo_pose,SM-S906U1,GPU
2026-04-22 23:25:07.276,129.796,22.017,53.363,1.147,3.065,16.057,13.097,0.032,false,20.407,MODERATE,8,180,sequential_yolo_pose,SM-S906U1,GPU
2026-04-22 23:25:07.409,126.507,21.341,51.923,0.502,1.438,18.673,15.050,0.042,false,20.469,MODERATE,8,180,sequential_yolo_pose,SM-S906U1,GPU
2026-04-22 23:25:07.548,128.949,23.090,52.041,1.083,3.154,20.608,13.557,0.055,false,20.438,MODERATE,8,180,sequential_yolo_pose,SM-S906U1,GPU
2026-04-22 23:25:07.677,121.586,20.966,54.104,0.744,2.100,13.853,13.896,0.067,false,20.407,MODERATE,8,180,sequential_yolo_pose,SM-S906U1,GPU
2026-04-22 23:25:07.808,119.045,23.949,54.176,0.900,2.781,7.620,11.794,0.049,false,20.375,MODERATE,8,180,sequential_yolo_pose,SM-S906U1,GPU
2026-04-22 23:25:07.922,104.802,20.232,51.494,0.617,1.368,4.813,10.583,0.037,false,20.407,MODERATE,8,180,sequential_yolo_pose,SM-S906U1,GPU
2026-04-22 23:25:08.037,111.306,26.778,51.130,0.501,1.224,4.147,10.674,0.038,false,14.602,MODERATE,8,180,sequential_yolo_pose,SM-S906U1,GPU
2026-04-22 23:25:08.150,109.550,26.419,50.672,0.612,1.808,4.457,10.228,0.038,false,21.489,MODERATE,8,180,sequential_yolo_pose,SM-S906U1,GPU
2026-04-22 23:25:08.265,110.071,27.333,51.792,0.519,1.142,4.961,9.421,0.029,false,38.403,MODERATE,8,180,sequential_yolo_pose,SM-S906U1,GPU
2026-04-22 23:25:08.394,123.213,27.269,51.281,0.522,1.423,4.572,10.111,0.048,false,20.340,MODERATE,8,180,sequential_yolo_pose,SM-S906U1,GPU
2026-04-22 23:25:08.516,118.398,24.413,53.047,1.010,2.711,7.235,12.253,0.044,false,20.375,MODERATE,8,180,sequential_yolo_pose,SM-S906U1,GPU
2026-04-22 23:25:08.638,115.877,20.441,55.114,1.292,4.419,9.147,11.590,0.051,false,20.407,MODERATE,8,180,sequential_yolo_pose,SM-S906U1,GPU
2026-04-22 23:25:08.759,116.068,20.621,52.861,0.541,2.366,9.165,11.679,0.045,false,20.375,MODERATE,8,180,sequential_yolo_pose,SM-S906U1,GPU
2026-04-22 23:25:08.880,116.763,25.943,54.509,0.637,1.854,6.073,10.555,0.054,false,20.375,MODERATE,8,180,sequential_yolo_pose,SM-S906U1,GPU
2026-04-22 23:25:08.996,111.268,20.727,53.510,0.635,2.094,6.789,10.910,0.033,false,20.375,MODERATE,8,180,sequential_yolo_pose,SM-S906U1,GPU
2026-04-22 23:25:09.114,113.768,23.763,52.572,0.803,2.119,7.111,10.513,0.066,false,20.375,MODERATE,8,180,sequential_yolo_pose,SM-S906U1,GPU
2026-04-22 23:25:09.242,121.404,20.865,51.894,0.908,5.485,14.032,12.083,0.043,false,20.434,MODERATE,8,180,sequential_yolo_pose,SM-S906U1,GPU
2026-04-22 23:25:09.366,116.856,20.025,53.213,0.968,2.702,11.841,10.660,0.049,false,20.375,MODERATE,8,180,sequential_yolo_pose,SM-S906U1,GPU
2026-04-22 23:25:09.504,132.086,20.440,52.286,0.875,2.650,9.767,24.875,0.044,false,20.407,MODERATE,8,180,sequential_yolo_pose,SM-S906U1,GPU
2026-04-22 23:25:09.637,126.887,25.231,51.730,1.045,3.134,12.227,10.811,0.046,false,20.375,MODERATE,8,180,sequential_yolo_pose,SM-S906U1,GPU
2026-04-22 23:25:09.760,116.022,20.540,54.872,0.606,2.015,7.241,11.899,0.062,false,20.344,MODERATE,8,180,sequential_yolo_pose,SM-S906U1,GPU
2026-04-22 23:25:09.883,118.494,20.789,55.627,0.681,2.229,6.695,14.549,0.125,false,20.375,MODERATE,8,180,sequential_yolo_pose,SM-S906U1,GPU
2026-04-22 23:25:10.001,112.537,24.245,51.011,0.858,2.614,6.741,11.564,0.049,false,20.375,MODERATE,8,180,sequential_yolo_pose,SM-S906U1,GPU
2026-04-22 23:25:10.117,111.951,20.124,51.170,1.189,2.930,7.273,12.727,0.049,false,20.375,MODERATE,8,180,sequential_yolo_pose,SM-S906U1,GPU
2026-04-22 23:25:10.239,116.766,22.623,51.971,1.087,3.189,10.502,11.610,0.039,false,20.434,MODERATE,8,180,sequential_yolo_pose,SM-S906U1,GPU
2026-04-22 23:25:10.362,119.337,20.608,55.138,0.743,3.124,10.658,11.885,0.039,false,20.407,MODERATE,8,180,sequential_yolo_pose,SM-S906U1,GPU
2026-04-22 23:25:10.486,118.157,20.208,53.265,0.917,2.388,8.483,14.231,0.060,false,20.375,MODERATE,8,180,sequential_yolo_pose,SM-S906U1,GPU
2026-04-22 23:25:10.609,115.510,21.803,52.022,1.155,3.060,10.345,11.097,0.047,false,20.313,MODERATE,8,180,sequential_yolo_pose,SM-S906U1,GPU
2026-04-22 23:25:10.746,131.401,25.382,56.097,1.142,2.881,10.627,11.927,0.243,false,20.344,MODERATE,8,180,sequential_yolo_pose,SM-S906U1,GPU
2026-04-22 23:25:10.852,95.649,24.626,53.015,0.491,0.000,0.000,0.000,0.000,true,16.949,MODERATE,8,180,sequential_yolo_pose,SM-S906U1,GPU
2026-04-22 23:25:10.978,114.946,21.674,52.491,0.854,2.214,4.842,12.169,0.040,false,33.989,MODERATE,8,180,sequential_yolo_pose,SM-S906U1,GPU
2026-04-22 23:25:11.111,121.198,25.842,53.072,1.102,2.877,12.232,10.973,0.044,false,20.403,MODERATE,9,180,sequential_yolo_pose,SM-S906U1,GPU
2026-04-22 23:25:11.226,109.689,21.601,54.207,0.457,1.507,5.376,9.861,0.050,false,20.309,MODERATE,9,180,sequential_yolo_pose,SM-S906U1,GPU
2026-04-22 23:25:11.346,115.749,22.603,52.632,0.639,2.405,6.313,10.401,0.055,false,20.344,MODERATE,9,180,sequential_yolo_pose,SM-S906U1,GPU
2026-04-22 23:25:11.474,118.006,25.044,51.055,0.770,4.950,7.132,12.569,0.041,false,20.403,MODERATE,9,180,sequential_yolo_pose,SM-S906U1,GPU
2026-04-22 23:25:11.599,117.972,20.838,55.338,0.833,2.620,8.346,10.841,0.069,false,20.313,MODERATE,9,180,sequential_yolo_pose,SM-S906U1,GPU
2026-04-22 23:25:11.718,115.182,20.952,55.131,0.596,1.921,5.778,11.347,0.045,false,20.344,MODERATE,9,180,sequential_yolo_pose,SM-S906U1,GPU
2026-04-22 23:25:11.841,118.077,24.871,52.283,0.949,3.191,8.065,11.536,0.044,false,20.403,MODERATE,9,180,sequential_yolo_pose,SM-S906U1,GPU
2026-04-22 23:25:11.963,114.221,19.706,54.486,0.481,2.383,9.975,15.946,0.050,false,20.407,MODERATE,9,180,sequential_yolo_pose,SM-S906U1,GPU
2026-04-22 23:25:12.076,106.645,19.965,51.744,0.307,1.624,4.834,11.198,0.036,false,20.407,MODERATE,8,180,sequential_yolo_pose,SM-S906U1,GPU
2026-04-22 23:25:12.202,121.328,20.918,55.332,0.617,2.870,12.615,11.681,0.052,false,20.426,MODERATE,8,180,sequential_yolo_pose,SM-S906U1,GPU
2026-04-22 23:25:12.318,110.467,20.268,52.112,0.615,1.747,5.595,11.690,0.046,false,20.344,MODERATE,8,180,sequential_yolo_pose,SM-S906U1,GPU
2026-04-22 23:25:12.434,109.262,20.413,56.180,0.757,2.327,8.382,10.745,0.052,false,20.344,MODERATE,8,180,sequential_yolo_pose,SM-S906U1,GPU
2026-04-22 23:25:12.575,136.856,23.707,56.495,0.668,2.115,9.851,21.600,0.054,false,20.407,MODERATE,8,180,sequential_yolo_pose,SM-S906U1,GPU
2026-04-22 23:25:12.702,117.650,20.514,52.891,1.025,3.945,10.926,11.938,0.049,false,20.375,MODERATE,8,180,sequential_yolo_pose,SM-S906U1,GPU
2026-04-22 23:25:12.823,117.262,19.782,53.270,0.597,1.765,8.677,14.161,0.099,false,20.407,MODERATE,8,180,sequential_yolo_pose,SM-S906U1,GPU
2026-04-22 23:25:12.943,115.226,22.013,54.390,1.079,2.909,5.281,10.648,0.047,false,20.438,MODERATE,8,180,sequential_yolo_pose,SM-S906U1,GPU
2026-04-22 23:25:13.059,110.264,20.890,53.016,0.500,1.793,7.187,10.954,0.055,false,20.500,MODERATE,8,180,sequential_yolo_pose,SM-S906U1,GPU
2026-04-22 23:25:13.182,119.449,24.728,51.708,0.778,3.094,9.906,13.394,0.049,false,20.407,MODERATE,8,180,sequential_yolo_pose,SM-S906U1,GPU
2026-04-22 23:25:13.304,116.188,20.078,55.391,0.827,2.951,9.864,10.506,0.044,false,20.375,MODERATE,8,180,sequential_yolo_pose,SM-S906U1,GPU
2026-04-22 23:25:13.430,121.793,23.724,52.207,0.893,2.691,10.246,10.966,0.074,false,20.375,MODERATE,8,180,sequential_yolo_pose,SM-S906U1,GPU
2026-04-22 23:25:13.563,126.147,23.262,56.157,0.908,2.999,10.555,13.869,0.031,false,20.407,MODERATE,8,180,sequential_yolo_pose,SM-S906U1,GPU
2026-04-22 23:25:13.683,114.042,21.491,55.108,0.732,1.521,4.389,13.029,0.039,false,20.344,MODERATE,8,180,sequential_yolo_pose,SM-S906U1,GPU
2026-04-22 23:25:13.807,118.700,25.588,52.395,1.160,3.010,9.726,11.479,0.032,false,20.371,MODERATE,8,180,sequential_yolo_pose,SM-S906U1,GPU
2026-04-22 23:25:13.933,119.965,20.931,53.637,1.224,2.963,10.331,11.931,0.039,false,20.407,MODERATE,8,180,sequential_yolo_pose,SM-S906U1,GPU
2026-04-22 23:25:14.051,112.068,20.652,54.275,0.952,2.145,4.819,13.031,0.043,false,20.407,MODERATE,8,180,sequential_yolo_pose,SM-S906U1,GPU
2026-04-22 23:25:14.171,115.835,20.477,53.206,0.980,3.325,9.805,11.505,0.056,false,20.375,MODERATE,8,180,sequential_yolo_pose,SM-S906U1,GPU
2026-04-22 23:25:14.292,115.466,20.152,52.563,0.834,2.688,9.649,12.932,0.047,false,20.344,MODERATE,8,180,sequential_yolo_pose,SM-S906U1,GPU
2026-04-22 23:25:14.413,112.890,22.688,52.289,0.621,1.920,5.848,11.337,0.043,false,20.407,MODERATE,8,180,sequential_yolo_pose,SM-S906U1,GPU
2026-04-22 23:25:14.539,117.477,26.294,52.350,0.836,2.687,8.782,10.122,0.044,false,20.344,MODERATE,8,180,sequential_yolo_pose,SM-S906U1,GPU
2026-04-22 23:25:14.664,118.190,24.784,50.661,0.474,2.869,9.794,11.471,0.040,false,20.371,MODERATE,8,180,sequential_yolo_pose,SM-S906U1,GPU
2026-04-22 23:25:14.786,117.454,25.543,51.987,0.857,2.546,8.069,12.191,0.041,false,20.375,MODERATE,8,180,sequential_yolo_pose,SM-S906U1,GPU
2026-04-22 23:25:14.912,120.266,25.364,52.655,1.076,2.981,8.786,11.357,0.047,false,20.375,MODERATE,8,180,sequential_yolo_pose,SM-S906U1,GPU
2026-04-22 23:25:15.027,110.174,20.286,50.954,0.500,1.609,6.922,11.855,0.045,false,20.375,MODERATE,8,180,sequential_yolo_pose,SM-S906U1,GPU
2026-04-22 23:25:15.151,119.817,24.444,55.016,0.778,2.564,8.585,12.990,0.067,false,20.344,MODERATE,8,180,sequential_yolo_pose,SM-S906U1,GPU
2026-04-22 23:25:15.276,116.486,19.811,53.595,0.736,6.865,10.358,10.039,0.050,false,20.403,MODERATE,8,180,sequential_yolo_pose,SM-S906U1,GPU
2026-04-22 23:25:15.397,115.195,21.714,53.189,0.473,1.846,8.686,11.449,0.110,false,20.371,MODERATE,8,180,sequential_yolo_pose,SM-S906U1,GPU
2026-04-22 23:25:15.511,109.322,22.745,51.782,0.529,1.505,4.942,10.598,0.053,false,20.375,MODERATE,8,180,sequential_yolo_pose,SM-S906U1,GPU
2026-04-22 23:25:15.642,125.731,19.671,60.392,1.173,3.591,18.405,11.815,0.045,false,20.438,MODERATE,8,180,sequential_yolo_pose,SM-S906U1,GPU
2026-04-22 23:25:15.765,117.269,21.317,55.063,0.760,2.746,11.329,11.892,0.048,false,20.344,MODERATE,8,180,sequential_yolo_pose,SM-S906U1,GPU
2026-04-22 23:25:15.863,93.019,21.821,50.651,0.233,0.000,0.000,0.000,0.000,true,16.981,MODERATE,8,180,sequential_yolo_pose,SM-S906U1,GPU
2026-04-22 23:25:15.970,101.406,26.109,53.849,0.537,0.000,0.000,0.000,0.000,true,30.625,MODERATE,8,180,sequential_yolo_pose,SM-S906U1,GPU
2026-04-22 23:25:16.091,110.618,26.211,53.445,0.691,0.000,0.000,0.000,0.000,true,13.965,MODERATE,9,180,sequential_yolo_pose,SM-S906U1,GPU
2026-04-22 23:25:16.238,140.849,28.753,55.757,0.802,2.969,14.798,11.877,0.066,false,20.371,MODERATE,9,180,sequential_yolo_pose,SM-S906U1,GPU
2026-04-22 23:25:16.367,124.105,20.549,56.827,1.030,3.325,10.387,14.268,0.063,false,20.438,MODERATE,9,180,sequential_yolo_pose,SM-S906U1,GPU
2026-04-22 23:25:16.481,109.122,20.309,50.551,0.887,2.335,7.016,11.444,0.049,false,20.344,MODERATE,9,180,sequential_yolo_pose,SM-S906U1,GPU
2026-04-22 23:25:16.598,109.832,21.418,52.006,0.540,1.898,5.808,12.270,0.046,false,20.375,MODERATE,9,180,sequential_yolo_pose,SM-S906U1,GPU
2026-04-22 23:25:16.727,123.803,23.947,53.043,0.899,2.884,9.546,16.657,0.054,false,20.375,MODERATE,9,180,sequential_yolo_pose,SM-S906U1,GPU
2026-04-22 23:25:16.848,116.977,24.347,51.954,1.161,2.898,7.185,12.908,0.052,false,20.375,MODERATE,9,180,sequential_yolo_pose,SM-S906U1,GPU
2026-04-22 23:25:16.975,116.387,23.891,53.923,1.856,3.109,6.903,11.427,0.043,false,20.438,MODERATE,9,180,sequential_yolo_pose,SM-S906U1,GPU
2026-04-22 23:25:17.093,112.486,26.323,53.181,0.532,1.487,4.320,9.588,0.042,false,20.446,MODERATE,8,180,sequential_yolo_pose,SM-S906U1,GPU
2026-04-22 23:25:17.214,117.110,23.213,54.263,1.063,2.648,7.348,13.234,0.044,false,20.344,MODERATE,8,180,sequential_yolo_pose,SM-S906U1,GPU
2026-04-22 23:25:17.343,117.057,23.325,52.940,1.279,3.060,7.497,11.238,0.033,false,20.313,MODERATE,8,180,sequential_yolo_pose,SM-S906U1,GPU
2026-04-22 23:25:17.471,122.702,20.922,57.797,1.489,3.998,10.442,11.513,0.064,false,20.375,MODERATE,8,180,sequential_yolo_pose,SM-S906U1,GPU
2026-04-22 23:25:17.597,120.166,20.360,52.303,1.186,2.996,10.195,12.459,0.034,false,20.438,MODERATE,8,180,sequential_yolo_pose,SM-S906U1,GPU
2026-04-22 23:25:17.716,113.091,20.376,51.315,1.028,2.621,8.352,10.131,0.033,false,20.375,MODERATE,8,180,sequential_yolo_pose,SM-S906U1,GPU
2026-04-22 23:25:17.838,115.724,20.319,54.270,1.468,2.948,9.378,12.927,0.034,false,20.403,MODERATE,8,180,sequential_yolo_pose,SM-S906U1,GPU
2026-04-22 23:25:17.956,109.995,20.516,54.319,0.819,2.250,8.203,13.188,0.119,false,20.375,MODERATE,8,180,sequential_yolo_pose,SM-S906U1,GPU
2026-04-22 23:25:18.081,119.962,25.325,57.106,0.721,2.071,6.475,12.254,0.054,false,20.375,MODERATE,8,180,sequential_yolo_pose,SM-S906U1,GPU
2026-04-22 23:25:18.205,113.172,21.090,53.022,1.013,5.004,10.049,10.577,0.053,false,20.407,MODERATE,8,180,sequential_yolo_pose,SM-S906U1,GPU
2026-04-22 23:25:18.331,122.326,21.433,52.372,1.051,2.861,10.232,11.063,0.046,false,20.375,MODERATE,8,180,sequential_yolo_pose,SM-S906U1,GPU
2026-04-22 23:25:18.461,124.682,20.515,52.533,1.214,2.937,10.363,14.744,0.047,false,20.438,MODERATE,8,180,sequential_yolo_pose,SM-S906U1,GPU
2026-04-22 23:25:18.580,115.171,20.370,56.268,1.119,2.558,7.601,10.638,0.035,false,20.313,MODERATE,8,180,sequential_yolo_pose,SM-S906U1,GPU
2026-04-22 23:25:18.703,113.544,20.528,51.721,1.166,5.459,9.354,10.093,0.055,false,20.371,MODERATE,8,180,sequential_yolo_pose,SM-S906U1,GPU
2026-04-22 23:25:18.841,132.326,23.654,52.777,1.259,3.074,13.424,10.861,0.030,false,20.375,MODERATE,8,180,sequential_yolo_pose,SM-S906U1,GPU
2026-04-22 23:25:18.967,116.144,20.172,53.154,1.211,2.537,10.467,12.334,0.035,false,20.438,MODERATE,8,180,sequential_yolo_pose,SM-S906U1,GPU
2026-04-22 23:25:19.089,118.009,25.096,53.914,0.582,1.543,6.305,10.446,0.037,false,20.500,MODERATE,8,180,sequential_yolo_pose,SM-S906U1,GPU
2026-04-22 23:25:19.211,117.700,20.266,52.666,1.223,4.067,11.850,13.014,0.031,false,20.407,MODERATE,8,180,sequential_yolo_pose,SM-S906U1,GPU
2026-04-22 23:25:19.330,111.445,27.346,51.507,0.714,1.423,4.537,9.441,0.039,false,20.313,MODERATE,8,180,sequential_yolo_pose,SM-S906U1,GPU
2026-04-22 23:25:19.442,108.174,20.359,53.858,1.253,1.807,4.808,11.392,0.030,false,20.407,MODERATE,8,180,sequential_yolo_pose,SM-S906U1,GPU
2026-04-22 23:25:19.573,123.334,22.565,53.018,1.316,2.872,13.066,12.009,0.035,false,20.371,MODERATE,8,180,sequential_yolo_pose,SM-S906U1,GPU
2026-04-22 23:25:19.701,121.868,22.862,53.662,0.799,2.010,15.166,10.186,0.059,false,20.438,MODERATE,8,180,sequential_yolo_pose,SM-S906U1,GPU
2026-04-22 23:25:19.836,130.259,26.407,54.411,0.725,2.980,10.261,14.976,0.043,false,20.375,MODERATE,8,180,sequential_yolo_pose,SM-S906U1,GPU
2026-04-22 23:25:19.950,110.207,19.940,54.584,0.605,1.471,6.141,10.747,0.044,false,20.313,MODERATE,8,180,sequential_yolo_pose,SM-S906U1,GPU
2026-04-22 23:25:20.078,120.912,25.080,53.930,1.084,2.579,9.813,12.538,0.032,false,20.438,MODERATE,8,180,sequential_yolo_pose,SM-S906U1,GPU
2026-04-22 23:25:20.206,116.922,20.960,52.505,1.364,3.213,13.501,11.320,0.036,false,20.375,MODERATE,8,180,sequential_yolo_pose,SM-S906U1,GPU
2026-04-22 23:25:20.323,112.242,20.843,52.061,0.547,1.529,7.311,12.165,0.095,false,20.375,MODERATE,8,180,sequential_yolo_pose,SM-S906U1,GPU
2026-04-22 23:25:20.448,121.125,25.443,52.800,0.754,2.017,9.066,14.149,0.061,false,20.407,MODERATE,8,180,sequential_yolo_pose,SM-S906U1,GPU
2026-04-22 23:25:20.577,121.130,26.493,54.240,1.078,3.139,7.348,13.377,0.051,false,20.438,MODERATE,8,180,sequential_yolo_pose,SM-S906U1,GPU
2026-04-22 23:25:20.691,104.596,19.572,53.663,0.633,1.549,7.197,11.627,0.040,false,20.375,MODERATE,8,180,sequential_yolo_pose,SM-S906U1,GPU
2026-04-22 23:25:20.814,118.991,24.446,51.581,0.912,2.573,8.474,13.132,0.057,false,20.407,MODERATE,8,180,sequential_yolo_pose,SM-S906U1,GPU
2026-04-22 23:25:20.911,91.321,20.943,54.539,0.367,0.000,0.000,0.000,0.000,true,17.012,MODERATE,8,180,sequential_yolo_pose,SM-S906U1,GPU
2026-04-22 23:25:21.027,106.969,28.002,53.840,0.245,0.000,0.000,0.000,0.000,true,30.625,MODERATE,8,180,sequential_yolo_pose,SM-S906U1,GPU
2026-04-22 23:25:21.142,110.713,24.787,50.223,0.454,1.801,5.231,11.814,0.049,false,17.246,MODERATE,9,180,sequential_yolo_pose,SM-S906U1,GPU
2026-04-22 23:25:21.234,87.015,20.007,55.314,0.643,0.000,0.000,0.000,0.000,true,17.043,MODERATE,9,180,sequential_yolo_pose,SM-S906U1,GPU
2026-04-22 23:25:21.363,123.276,22.206,54.165,0.790,1.962,8.253,12.557,0.032,false,33.989,MODERATE,9,180,sequential_yolo_pose,SM-S906U1,GPU
2026-04-22 23:25:21.501,118.232,24.804,52.815,1.247,2.998,7.938,10.033,0.037,false,20.309,MODERATE,9,180,sequential_yolo_pose,SM-S906U1,GPU
2026-04-22 23:25:21.623,117.492,20.496,55.634,0.899,2.467,8.497,12.942,0.037,false,20.375,MODERATE,9,180,sequential_yolo_pose,SM-S906U1,GPU
2026-04-22 23:25:21.737,109.992,20.280,52.495,1.269,3.038,10.136,9.814,0.032,false,20.344,MODERATE,9,180,sequential_yolo_pose,SM-S906U1,GPU
2026-04-22 23:25:21.857,114.826,21.198,53.126,0.488,1.415,6.341,12.202,0.050,false,20.344,MODERATE,9,180,sequential_yolo_pose,SM-S906U1,GPU
2026-04-22 23:25:21.983,120.912,20.591,56.353,1.108,2.664,8.391,15.194,0.053,false,20.375,MODERATE,9,180,sequential_yolo_pose,SM-S906U1,GPU
2026-04-22 23:25:22.102,113.055,21.361,53.638,0.810,1.693,10.000,10.423,0.035,false,20.532,MODERATE,8,180,sequential_yolo_pose,SM-S906U1,GPU
2026-04-22 23:25:22.209,102.826,19.324,54.568,1.189,1.439,4.575,10.125,0.055,false,20.375,MODERATE,8,180,sequential_yolo_pose,SM-S906U1,GPU
2026-04-22 23:25:22.328,114.469,20.664,53.278,0.592,2.669,10.840,11.012,0.056,false,20.407,MODERATE,8,180,sequential_yolo_pose,SM-S906U1,GPU
2026-04-22 23:25:22.449,116.728,20.329,52.446,1.171,5.373,7.237,14.128,0.034,false,20.344,MODERATE,8,180,sequential_yolo_pose,SM-S906U1,GPU
2026-04-22 23:25:22.568,111.842,20.111,52.152,0.865,2.709,9.899,12.677,0.045,false,20.407,MODERATE,8,180,sequential_yolo_pose,SM-S906U1,GPU
2026-04-22 23:25:22.694,118.270,20.086,56.082,0.528,2.336,8.474,11.370,0.056,false,20.344,MODERATE,8,180,sequential_yolo_pose,SM-S906U1,GPU
2026-04-22 23:25:22.816,117.353,24.591,52.273,0.891,2.222,6.814,13.414,0.059,false,20.375,MODERATE,8,180,sequential_yolo_pose,SM-S906U1,GPU
2026-04-22 23:25:22.941,116.148,23.796,52.164,1.247,2.678,8.507,11.025,0.053,false,20.313,MODERATE,8,180,sequential_yolo_pose,SM-S906U1,GPU
2026-04-22 23:25:23.066,116.346,23.857,51.898,0.869,2.128,7.084,11.082,0.054,false,20.375,MODERATE,8,180,sequential_yolo_pose,SM-S906U1,GPU
2026-04-22 23:25:23.191,120.632,20.594,52.332,0.534,2.213,7.925,14.573,0.050,false,20.407,MODERATE,9,180,sequential_yolo_pose,SM-S906U1,GPU
2026-04-22 23:25:23.316,120.033,22.442,53.743,1.050,2.277,8.156,11.817,0.030,false,20.375,MODERATE,9,180,sequential_yolo_pose,SM-S906U1,GPU
2026-04-22 23:25:23.438,114.596,22.064,52.161,1.378,3.055,6.846,10.360,0.032,false,20.403,MODERATE,9,180,sequential_yolo_pose,SM-S906U1,GPU
2026-04-22 23:25:23.561,118.705,21.097,54.071,0.573,2.780,10.283,12.100,0.048,false,20.375,MODERATE,9,180,sequential_yolo_pose,SM-S906U1,GPU
2026-04-22 23:25:23.675,110.008,21.195,52.683,0.728,1.698,5.423,10.910,0.046,false,20.313,MODERATE,9,180,sequential_yolo_pose,SM-S906U1,GPU
2026-04-22 23:25:23.798,116.944,19.474,54.196,0.624,1.893,8.505,13.001,0.060,false,20.407,MODERATE,9,180,sequential_yolo_pose,SM-S906U1,GPU
2026-04-22 23:25:23.923,119.891,22.737,52.857,0.906,2.451,9.285,13.242,0.049,false,20.375,MODERATE,9,180,sequential_yolo_pose,SM-S906U1,GPU
2026-04-22 23:25:24.054,122.972,22.233,53.562,0.972,2.659,7.365,17.683,0.050,false,20.375,MODERATE,9,180,sequential_yolo_pose,SM-S906U1,GPU
2026-04-22 23:25:24.169,109.335,20.715,52.892,0.846,3.505,8.243,10.598,0.078,false,20.430,MODERATE,8,180,sequential_yolo_pose,SM-S906U1,GPU
2026-04-22 23:25:24.291,117.181,21.090,51.974,0.524,1.691,7.427,13.011,0.044,false,20.375,MODERATE,8,180,sequential_yolo_pose,SM-S906U1,GPU
2026-04-22 23:25:24.413,115.963,26.522,53.054,0.560,1.743,5.091,10.413,0.044,false,20.344,MODERATE,8,180,sequential_yolo_pose,SM-S906U1,GPU
2026-04-22 23:25:24.525,104.679,21.306,52.219,0.546,1.437,4.880,9.112,0.037,false,20.278,MODERATE,8,180,sequential_yolo_pose,SM-S906U1,GPU
2026-04-22 23:25:24.636,106.283,19.762,53.582,0.999,2.519,9.249,10.412,0.054,false,20.438,MODERATE,8,180,sequential_yolo_pose,SM-S906U1,GPU
2026-04-22 23:25:24.773,131.345,28.679,52.436,0.960,3.111,11.367,11.922,0.059,false,20.375,MODERATE,8,180,sequential_yolo_pose,SM-S906U1,GPU
2026-04-22 23:25:24.895,115.148,23.375,52.424,0.663,2.365,8.311,16.052,0.048,false,20.407,MODERATE,8,180,sequential_yolo_pose,SM-S906U1,GPU
2026-04-22 23:25:25.017,117.705,23.638,54.178,0.728,2.001,6.336,11.113,0.064,false,20.407,MODERATE,8,180,sequential_yolo_pose,SM-S906U1,GPU
2026-04-22 23:25:25.141,118.169,25.486,55.001,0.553,1.737,5.423,11.323,0.054,false,20.438,MODERATE,8,180,sequential_yolo_pose,SM-S906U1,GPU
2026-04-22 23:25:25.268,121.523,23.209,56.254,0.831,2.883,8.627,12.590,0.051,false,20.375,MODERATE,8,180,sequential_yolo_pose,SM-S906U1,GPU
2026-04-22 23:25:25.408,132.930,26.640,54.273,4.357,3.171,9.390,12.124,0.053,false,20.375,MODERATE,8,180,sequential_yolo_pose,SM-S906U1,GPU
2026-04-22 23:25:25.536,122.399,23.202,54.889,0.934,2.823,13.280,11.684,0.065,false,20.407,MODERATE,8,180,sequential_yolo_pose,SM-S906U1,GPU
2026-04-22 23:25:25.659,115.471,23.283,54.050,0.792,2.522,8.512,14.563,0.058,false,20.375,MODERATE,8,180,sequential_yolo_pose,SM-S906U1,GPU
2026-04-22 23:25:25.789,124.411,24.672,51.239,1.027,2.610,7.611,19.189,0.052,false,20.375,MODERATE,8,180,sequential_yolo_pose,SM-S906U1,GPU
2026-04-22 23:25:25.916,123.239,23.620,55.083,0.894,2.869,8.231,15.234,0.052,false,20.434,MODERATE,8,180,sequential_yolo_pose,SM-S906U1,GPU
2026-04-22 23:25:26.044,121.439,23.981,55.419,0.868,2.440,9.561,11.142,0.050,false,20.344,MODERATE,8,180,sequential_yolo_pose,SM-S906U1,GPU
2026-04-22 23:25:26.176,122.305,29.393,55.105,0.527,1.567,5.930,11.933,0.052,false,20.438,MODERATE,8,180,sequential_yolo_pose,SM-S906U1,GPU
2026-04-22 23:25:26.299,114.568,23.270,52.730,0.538,2.870,12.758,10.985,0.059,false,20.375,MODERATE,8,180,sequential_yolo_pose,SM-S906U1,GPU
2026-04-22 23:25:26.422,119.391,24.128,53.567,0.687,1.928,8.707,12.900,0.043,false,20.375,MODERATE,8,180,sequential_yolo_pose,SM-S906U1,GPU
2026-04-22 23:25:26.547,119.544,28.920,51.862,0.973,2.992,5.959,14.212,0.053,false,20.407,MODERATE,8,180,sequential_yolo_pose,SM-S906U1,GPU
2026-04-22 23:25:26.672,117.634,23.489,53.598,0.949,2.683,6.754,11.647,0.051,false,20.375,MODERATE,8,180,sequential_yolo_pose,SM-S906U1,GPU
2026-04-22 23:25:26.797,119.347,24.225,52.688,0.798,2.030,6.855,11.238,0.049,false,20.407,MODERATE,8,180,sequential_yolo_pose,SM-S906U1,GPU
2026-04-22 23:25:26.928,127.188,24.780,56.560,0.949,2.550,8.582,12.580,0.055,false,20.407,MODERATE,8,180,sequential_yolo_pose,SM-S906U1,GPU
2026-04-22 23:25:27.069,133.610,26.627,59.037,0.641,3.244,14.734,10.873,0.054,false,20.375,MODERATE,8,180,sequential_yolo_pose,SM-S906U1,GPU
2026-04-22 23:25:27.192,119.332,23.164,52.240,0.573,2.648,8.266,13.969,0.050,false,20.407,MODERATE,8,180,sequential_yolo_pose,SM-S906U1,GPU
2026-04-22 23:25:27.330,131.815,29.070,56.660,0.766,2.190,8.309,12.526,0.053,false,20.375,MODERATE,8,180,sequential_yolo_pose,SM-S906U1,GPU
2026-04-22 23:25:27.459,124.393,27.055,54.163,0.616,2.055,8.084,13.134,0.058,false,20.375,MODERATE,8,180,sequential_yolo_pose,SM-S906U1,GPU
2026-04-22 23:25:27.581,115.744,24.614,54.781,0.624,1.707,5.566,10.834,0.079,false,20.282,MODERATE,8,180,sequential_yolo_pose,SM-S906U1,GPU
2026-04-22 23:25:27.709,121.927,25.802,52.904,1.149,3.004,9.313,11.990,0.049,false,20.344,MODERATE,8,180,sequential_yolo_pose,SM-S906U1,GPU
2026-04-22 23:25:27.831,112.887,23.542,52.677,0.885,2.925,9.043,10.566,0.053,false,20.340,MODERATE,8,180,sequential_yolo_pose,SM-S906U1,GPU
2026-04-22 23:25:27.957,118.515,23.982,55.822,0.620,2.031,7.297,16.627,0.068,false,20.313,MODERATE,8,180,sequential_yolo_pose,SM-S906U1,GPU
2026-04-22 23:25:28.085,122.961,24.874,52.502,0.979,2.441,7.051,14.989,0.025,false,20.375,MODERATE,8,180,sequential_yolo_pose,SM-S906U1,GPU
2026-04-22 23:25:28.213,123.692,25.851,53.441,1.029,2.970,8.013,12.460,0.051,false,20.407,MODERATE,8,180,sequential_yolo_pose,SM-S906U1,GPU
2026-04-22 23:25:28.349,125.035,24.023,54.461,1.090,3.059,9.838,13.570,0.078,false,20.375,MODERATE,8,180,sequential_yolo_pose,SM-S906U1,GPU
2026-04-22 23:25:28.480,122.897,30.080,51.837,0.687,2.075,6.864,12.651,0.045,false,20.375,MODERATE,8,180,sequential_yolo_pose,SM-S906U1,GPU
2026-04-22 23:25:28.607,119.205,25.567,52.496,1.110,3.445,6.878,10.208,0.049,false,20.407,MODERATE,8,180,sequential_yolo_pose,SM-S906U1,GPU
2026-04-22 23:25:28.729,116.314,24.320,52.812,0.551,1.697,5.412,12.961,0.043,false,20.403,MODERATE,8,180,sequential_yolo_pose,SM-S906U1,GPU
2026-04-22 23:25:28.858,124.272,24.359,54.825,0.728,2.145,7.109,11.918,0.072,false,20.344,MODERATE,8,180,sequential_yolo_pose,SM-S906U1,GPU
2026-04-22 23:25:28.981,116.640,24.435,51.263,0.888,2.749,8.651,11.373,0.058,false,20.375,MODERATE,8,180,sequential_yolo_pose,SM-S906U1,GPU
2026-04-22 23:25:29.105,118.884,25.207,52.409,0.853,2.626,5.519,10.976,0.058,false,20.344,MODERATE,7,180,sequential_yolo_pose,SM-S906U1,GPU
2026-04-22 23:25:29.234,123.673,23.889,54.603,0.597,2.186,6.975,14.430,0.057,false,20.375,MODERATE,7,180,sequential_yolo_pose,SM-S906U1,GPU
2026-04-22 23:25:29.369,130.258,27.317,53.390,0.733,2.131,9.849,15.968,0.056,false,20.407,MODERATE,7,180,sequential_yolo_pose,SM-S906U1,GPU
2026-04-22 23:25:29.499,122.012,23.894,55.513,0.450,2.787,10.560,14.162,0.036,false,20.375,MODERATE,7,180,sequential_yolo_pose,SM-S906U1,GPU
2026-04-22 23:25:29.631,124.946,23.984,53.962,1.061,3.272,9.165,13.121,0.084,false,20.375,MODERATE,7,180,sequential_yolo_pose,SM-S906U1,GPU
2026-04-22 23:25:29.754,115.616,24.585,53.797,0.542,1.799,6.013,10.403,0.063,false,20.313,MODERATE,7,180,sequential_yolo_pose,SM-S906U1,GPU
2026-04-22 23:25:29.878,117.863,23.767,53.443,0.917,2.197,7.396,11.860,0.060,false,20.344,MODERATE,7,180,sequential_yolo_pose,SM-S906U1,GPU
2026-04-22 23:25:30.005,120.471,25.960,52.842,0.640,2.149,6.590,11.402,0.052,false,20.438,MODERATE,7,180,sequential_yolo_pose,SM-S906U1,GPU
2026-04-22 23:25:30.134,121.773,23.979,56.327,0.665,2.206,9.452,12.344,0.058,false,20.407,MODERATE,8,180,sequential_yolo_pose,SM-S906U1,GPU
2026-04-22 23:25:30.265,126.073,27.483,53.678,0.547,2.250,10.241,13.363,0.048,false,20.375,MODERATE,8,180,sequential_yolo_pose,SM-S906U1,GPU
2026-04-22 23:25:30.392,123.064,26.728,52.606,0.817,2.356,9.782,11.094,0.058,false,20.371,MODERATE,8,180,sequential_yolo_pose,SM-S906U1,GPU
2026-04-22 23:25:30.515,118.047,23.859,51.783,0.579,1.872,8.263,10.836,0.053,false,20.375,MODERATE,8,180,sequential_yolo_pose,SM-S906U1,GPU
2026-04-22 23:25:30.635,115.807,23.588,53.675,0.741,2.311,8.300,11.310,0.057,false,20.371,MODERATE,8,180,sequential_yolo_pose,SM-S906U1,GPU
2026-04-22 23:25:30.769,128.356,24.159,55.212,0.845,3.865,9.442,11.814,0.056,false,20.375,MODERATE,8,180,sequential_yolo_pose,SM-S906U1,GPU
2026-04-22 23:25:30.899,125.046,25.613,52.287,0.906,2.582,9.228,12.168,0.055,false,20.375,MODERATE,8,180,sequential_yolo_pose,SM-S906U1,GPU
2026-04-22 23:25:31.033,129.079,27.058,54.921,0.722,1.635,11.093,14.295,0.038,false,20.407,MODERATE,8,180,sequential_yolo_pose,SM-S906U1,GPU
2026-04-22 23:25:31.159,119.011,25.393,55.336,0.710,1.733,6.584,9.595,0.034,false,20.469,MODERATE,8,180,sequential_yolo_pose,SM-S906U1,GPU
2026-04-22 23:25:31.283,120.051,26.448,53.222,0.719,2.083,6.843,12.407,0.058,false,20.375,MODERATE,8,180,sequential_yolo_pose,SM-S906U1,GPU
2026-04-22 23:25:31.413,124.350,25.863,52.992,1.034,3.585,12.249,15.108,0.064,false,20.434,MODERATE,8,180,sequential_yolo_pose,SM-S906U1,GPU
2026-04-22 23:25:31.539,119.957,28.252,53.446,0.917,1.649,6.466,10.691,0.050,false,20.375,MODERATE,8,180,sequential_yolo_pose,SM-S906U1,GPU
2026-04-22 23:25:31.662,117.193,25.510,53.295,0.706,2.079,7.687,10.414,0.051,false,20.313,MODERATE,8,180,sequential_yolo_pose,SM-S906U1,GPU
2026-04-22 23:25:31.792,125.018,29.356,52.494,0.945,2.194,7.345,13.030,0.044,false,20.375,MODERATE,8,180,sequential_yolo_pose,SM-S906U1,GPU
2026-04-22 23:25:31.916,119.249,25.244,53.684,0.844,2.529,6.293,12.354,0.073,false,20.313,MODERATE,8,180,sequential_yolo_pose,SM-S906U1,GPU
2026-04-22 23:25:32.045,120.249,24.429,53.273,1.064,2.568,9.478,11.349,0.034,false,20.438,MODERATE,8,180,sequential_yolo_pose,SM-S906U1,GPU
2026-04-22 23:25:32.170,115.029,23.887,58.233,1.066,1.830,7.453,10.601,0.039,false,20.563,MODERATE,8,180,sequential_yolo_pose,SM-S906U1,GPU
2026-04-22 23:25:32.308,131.823,23.930,52.574,1.298,2.932,11.692,12.498,0.036,false,20.375,MODERATE,8,180,sequential_yolo_pose,SM-S906U1,GPU
2026-04-22 23:25:32.437,121.614,24.999,52.930,0.987,2.394,12.247,10.910,0.041,false,20.407,MODERATE,8,180,sequential_yolo_pose,SM-S906U1,GPU
2026-04-22 23:25:32.570,125.221,25.495,52.571,0.999,2.786,10.285,14.335,0.036,false,20.375,MODERATE,8,180,sequential_yolo_pose,SM-S906U1,GPU
2026-04-22 23:25:32.701,124.960,25.514,52.357,1.246,3.010,9.609,10.361,0.056,false,20.313,MODERATE,8,180,sequential_yolo_pose,SM-S906U1,GPU
2026-04-22 23:25:32.834,127.347,25.917,52.248,0.823,2.519,9.132,11.023,0.068,false,20.313,MODERATE,8,180,sequential_yolo_pose,SM-S906U1,GPU
2026-04-22 23:25:32.974,134.712,26.710,53.757,0.892,2.012,16.309,13.421,0.045,false,20.469,MODERATE,8,180,sequential_yolo_pose,SM-S906U1,GPU
2026-04-22 23:25:33.106,123.000,25.676,53.037,1.316,2.864,6.585,11.169,0.036,false,20.344,MODERATE,8,180,sequential_yolo_pose,SM-S906U1,GPU
2026-04-22 23:25:33.232,121.271,26.555,52.606,0.701,2.242,7.304,11.153,0.064,false,20.344,MODERATE,8,180,sequential_yolo_pose,SM-S906U1,GPU
2026-04-22 23:25:33.356,119.209,24.151,52.834,0.674,2.034,6.728,14.862,0.056,false,20.375,MODERATE,8,180,sequential_yolo_pose,SM-S906U1,GPU
2026-04-22 23:25:33.478,114.766,24.151,52.311,1.007,1.707,5.663,13.613,0.049,false,20.407,MODERATE,8,180,sequential_yolo_pose,SM-S906U1,GPU
2026-04-22 23:25:33.607,120.676,23.962,51.976,1.031,2.965,9.991,10.879,0.057,false,20.371,MODERATE,8,180,sequential_yolo_pose,SM-S906U1,GPU
2026-04-22 23:25:33.741,124.899,23.560,54.572,1.117,3.363,9.018,11.454,0.054,false,20.375,MODERATE,8,180,sequential_yolo_pose,SM-S906U1,GPU
2026-04-22 23:25:33.870,121.768,25.513,52.825,0.897,2.964,9.144,10.525,0.064,false,20.344,MODERATE,8,180,sequential_yolo_pose,SM-S906U1,GPU
2026-04-22 23:25:34.007,132.746,24.655,58.455,1.119,5.970,11.340,12.466,0.052,false,20.500,MODERATE,8,180,sequential_yolo_pose,SM-S906U1,GPU
2026-04-22 23:25:34.128,113.385,22.977,54.640,0.570,1.809,6.715,11.129,0.053,false,20.375,MODERATE,8,180,sequential_yolo_pose,SM-S906U1,GPU
2026-04-22 23:25:34.249,115.588,24.505,53.691,0.670,2.104,7.170,11.365,0.054,false,20.407,MODERATE,7,180,sequential_yolo_pose,SM-S906U1,GPU
2026-04-22 23:25:34.374,119.916,23.117,55.112,0.791,2.722,8.382,10.912,0.066,false,20.375,MODERATE,7,180,sequential_yolo_pose,SM-S906U1,GPU
2026-04-22 23:25:34.505,123.509,25.669,53.800,0.744,2.781,8.438,10.657,0.063,false,20.344,MODERATE,7,180,sequential_yolo_pose,SM-S906U1,GPU
2026-04-22 23:25:34.630,119.986,24.073,52.273,0.497,1.914,7.300,15.154,0.042,false,20.375,MODERATE,7,180,sequential_yolo_pose,SM-S906U1,GPU
2026-04-22 23:25:34.760,123.938,24.962,53.486,0.737,2.559,10.929,12.646,0.059,false,20.344,MODERATE,7,180,sequential_yolo_pose,SM-S906U1,GPU
2026-04-22 23:25:34.885,119.859,26.467,53.493,0.564,2.458,7.310,10.488,0.064,false,20.313,MODERATE,7,180,sequential_yolo_pose,SM-S906U1,GPU
2026-04-22 23:25:35.006,116.837,26.624,55.015,0.396,1.225,4.652,10.130,0.060,false,20.250,MODERATE,7,180,sequential_yolo_pose,SM-S906U1,GPU
2026-04-22 23:25:35.145,132.931,28.446,52.645,0.807,2.570,7.957,13.134,0.048,false,20.407,MODERATE,8,180,sequential_yolo_pose,SM-S906U1,GPU
2026-04-22 23:25:35.274,122.169,24.650,53.862,1.017,2.173,10.051,9.744,0.044,false,20.344,MODERATE,8,180,sequential_yolo_pose,SM-S906U1,GPU
2026-04-22 23:25:35.408,125.470,23.837,52.891,1.246,3.194,12.582,11.864,0.041,false,20.375,MODERATE,8,180,sequential_yolo_pose,SM-S906U1,GPU
2026-04-22 23:25:35.540,124.697,25.466,52.898,1.253,2.723,10.036,10.571,0.047,false,20.344,MODERATE,8,180,sequential_yolo_pose,SM-S906U1,GPU
2026-04-22 23:25:35.670,125.237,25.793,52.250,0.951,4.219,8.296,11.610,0.056,false,20.407,MODERATE,8,180,sequential_yolo_pose,SM-S906U1,GPU
2026-04-22 23:25:35.798,122.052,23.752,53.530,0.664,1.731,8.672,13.902,0.053,false,20.375,MODERATE,8,180,sequential_yolo_pose,SM-S906U1,GPU
2026-04-22 23:25:35.931,126.204,24.998,54.689,0.585,2.992,9.975,14.436,0.048,false,20.407,MODERATE,8,180,sequential_yolo_pose,SM-S906U1,GPU
2026-04-22 23:25:36.063,126.660,25.100,53.548,1.130,3.185,9.917,12.410,0.050,false,20.375,MODERATE,8,180,sequential_yolo_pose,SM-S906U1,GPU
2026-04-22 23:25:36.181,113.950,25.627,53.686,0.674,1.923,5.922,10.146,0.064,false,20.528,MODERATE,8,180,sequential_yolo_pose,SM-S906U1,GPU
2026-04-22 23:25:36.308,122.055,26.861,54.189,0.968,2.998,8.644,10.725,0.050,false,20.344,MODERATE,8,180,sequential_yolo_pose,SM-S906U1,GPU
2026-04-22 23:25:36.446,127.166,26.002,53.590,2.381,3.148,9.630,11.957,0.038,false,20.344,MODERATE,8,180,sequential_yolo_pose,SM-S906U1,GPU
2026-04-22 23:25:36.581,127.886,28.100,52.391,1.109,3.307,8.374,12.179,0.056,false,20.344,MODERATE,8,180,sequential_yolo_pose,SM-S906U1,GPU
2026-04-22 23:25:36.703,116.434,24.091,53.828,0.992,2.946,9.172,10.694,0.053,false,20.430,MODERATE,8,180,sequential_yolo_pose,SM-S906U1,GPU
2026-04-22 23:25:36.837,129.296,24.134,53.265,1.019,7.188,9.975,11.558,0.067,false,20.375,MODERATE,8,180,sequential_yolo_pose,SM-S906U1,GPU
2026-04-22 23:25:36.963,119.934,25.554,52.355,0.603,1.721,6.938,12.137,0.053,false,20.375,MODERATE,8,180,sequential_yolo_pose,SM-S906U1,GPU
2026-04-22 23:25:37.090,123.420,29.295,52.549,0.498,1.527,7.368,12.482,0.058,false,20.407,MODERATE,8,180,sequential_yolo_pose,SM-S906U1,GPU
2026-04-22 23:25:37.234,136.324,31.445,56.489,0.815,3.123,15.560,14.168,0.052,false,20.469,MODERATE,8,180,sequential_yolo_pose,SM-S906U1,GPU
2026-04-22 23:25:37.362,123.754,23.252,54.159,0.955,2.538,10.209,16.095,0.047,false,20.407,MODERATE,8,180,sequential_yolo_pose,SM-S906U1,GPU
2026-04-22 23:25:37.478,111.105,22.979,53.730,0.628,1.524,5.441,9.917,0.046,false,20.344,MODERATE,8,180,sequential_yolo_pose,SM-S906U1,GPU
2026-04-22 23:25:37.617,135.043,24.275,54.207,1.086,2.952,13.364,19.783,0.048,false,20.500,MODERATE,8,180,sequential_yolo_pose,SM-S906U1,GPU
2026-04-22 23:25:37.740,115.153,23.226,52.618,1.000,3.105,9.772,10.570,0.053,false,20.375,MODERATE,8,180,sequential_yolo_pose,SM-S906U1,GPU
2026-04-22 23:25:37.874,128.719,29.503,53.990,0.754,3.593,7.919,11.241,0.044,false,20.375,MODERATE,8,180,sequential_yolo_pose,SM-S906U1,GPU
2026-04-22 23:25:38.005,120.051,23.985,54.370,0.788,2.881,11.172,10.275,0.060,false,20.371,MODERATE,8,180,sequential_yolo_pose,SM-S906U1,GPU
2026-04-22 23:25:38.130,113.779,24.521,53.125,0.756,2.400,9.029,10.848,0.065,false,20.344,MODERATE,8,180,sequential_yolo_pose,SM-S906U1,GPU
2026-04-22 23:25:38.256,120.946,27.391,54.948,0.529,1.663,5.322,12.028,0.056,false,20.407,MODERATE,8,180,sequential_yolo_pose,SM-S906U1,GPU
2026-04-22 23:25:38.382,118.666,27.402,52.992,0.588,1.782,6.308,11.824,0.049,false,20.344,MODERATE,8,180,sequential_yolo_pose,SM-S906U1,GPU
2026-04-22 23:25:38.505,116.899,24.033,54.093,0.716,3.599,9.783,12.034,0.057,false,20.371,MODERATE,8,180,sequential_yolo_pose,SM-S906U1,GPU
2026-04-22 23:25:38.637,127.046,25.472,54.191,1.213,3.140,10.271,11.254,0.049,false,20.344,MODERATE,8,180,sequential_yolo_pose,SM-S906U1,GPU
2026-04-22 23:25:38.771,127.963,26.744,52.948,1.144,2.976,9.411,11.647,0.056,false,20.407,MODERATE,8,180,sequential_yolo_pose,SM-S906U1,GPU
2026-04-22 23:25:38.898,120.450,25.622,52.022,0.771,2.707,9.144,10.768,0.049,false,20.313,MODERATE,8,180,sequential_yolo_pose,SM-S906U1,GPU
2026-04-22 23:25:39.020,116.995,23.641,53.413,0.612,1.833,5.237,10.432,0.062,false,20.375,MODERATE,8,180,sequential_yolo_pose,SM-S906U1,GPU
2026-04-22 23:25:39.148,119.423,27.457,51.140,0.536,1.753,6.219,12.537,0.057,false,20.282,MODERATE,8,180,sequential_yolo_pose,SM-S906U1,GPU
2026-04-22 23:25:39.284,127.318,28.522,53.073,0.824,2.792,6.757,16.439,0.571,false,20.438,MODERATE,8,180,sequential_yolo_pose,SM-S906U1,GPU
2026-04-22 23:25:39.411,118.982,28.320,54.132,0.639,1.739,5.321,10.510,0.056,false,20.313,MODERATE,8,180,sequential_yolo_pose,SM-S906U1,GPU
2026-04-22 23:25:39.545,128.464,26.924,55.881,1.028,4.267,11.278,11.132,0.056,false,20.375,MODERATE,8,180,sequential_yolo_pose,SM-S906U1,GPU
2026-04-22 23:25:39.670,120.314,24.757,53.633,0.734,2.622,8.495,11.442,0.051,false,20.375,MODERATE,8,180,sequential_yolo_pose,SM-S906U1,GPU
2026-04-22 23:25:39.799,122.633,27.113,52.652,0.871,3.375,9.854,11.056,0.051,false,20.340,MODERATE,8,180,sequential_yolo_pose,SM-S906U1,GPU
2026-04-22 23:25:39.928,122.866,23.823,51.514,0.852,2.130,9.836,13.638,0.034,false,20.375,MODERATE,8,180,sequential_yolo_pose,SM-S906U1,GPU
2026-04-22 23:25:40.054,121.048,25.139,51.936,0.860,2.668,8.478,11.588,0.036,false,20.375,MODERATE,8,180,sequential_yolo_pose,SM-S906U1,GPU
2026-04-22 23:25:40.192,130.863,24.713,53.254,1.115,2.426,8.540,21.597,0.069,false,20.500,MODERATE,7,180,sequential_yolo_pose,SM-S906U1,GPU
2026-04-22 23:25:40.313,116.133,23.206,53.699,0.812,1.942,5.947,12.913,0.039,false,20.438,MODERATE,7,180,sequential_yolo_pose,SM-S906U1,GPU
2026-04-22 23:25:40.442,123.207,23.098,55.150,1.098,3.457,10.195,12.047,0.056,false,20.344,MODERATE,7,180,sequential_yolo_pose,SM-S906U1,GPU
2026-04-22 23:25:40.567,119.051,23.972,56.049,0.824,2.225,8.825,14.340,0.041,false,20.375,MODERATE,7,180,sequential_yolo_pose,SM-S906U1,GPU
2026-04-22 23:25:40.692,119.597,25.496,52.027,0.621,1.770,8.125,12.208,0.050,false,20.344,MODERATE,7,180,sequential_yolo_pose,SM-S906U1,GPU
2026-04-22 23:25:40.816,117.983,23.980,53.524,0.897,2.580,7.978,13.500,0.073,false,20.375,MODERATE,7,180,sequential_yolo_pose,SM-S906U1,GPU
2026-04-22 23:25:40.933,109.531,23.511,54.774,0.769,1.680,6.562,10.284,0.066,false,20.313,MODERATE,7,180,sequential_yolo_pose,SM-S906U1,GPU
2026-04-22 23:25:41.054,115.680,25.165,53.219,0.507,1.576,5.192,11.914,0.045,false,20.309,MODERATE,7,180,sequential_yolo_pose,SM-S906U1,GPU
2026-04-22 23:25:41.176,116.214,23.352,52.869,0.845,2.289,8.931,10.645,0.057,false,20.375,MODERATE,7,180,sequential_yolo_pose,SM-S906U1,GPU
2026-04-22 23:25:41.296,111.145,23.187,53.481,0.695,2.389,8.103,10.867,0.055,false,20.375,MODERATE,9,180,sequential_yolo_pose,SM-S906U1,GPU
2026-04-22 23:25:41.424,121.179,25.491,53.376,0.542,1.627,6.529,12.610,0.165,false,20.340,MODERATE,9,180,sequential_yolo_pose,SM-S906U1,GPU
2026-04-22 23:25:41.550,120.773,27.092,54.868,0.583,1.679,6.196,11.030,0.066,false,20.375,MODERATE,9,180,sequential_yolo_pose,SM-S906U1,GPU
2026-04-22 23:25:41.677,116.720,23.478,51.898,0.920,2.604,9.790,12.061,0.048,false,20.375,MODERATE,9,180,sequential_yolo_pose,SM-S906U1,GPU
2026-04-22 23:25:41.806,122.321,24.132,53.179,1.010,3.234,12.735,10.540,0.058,false,20.434,MODERATE,9,180,sequential_yolo_pose,SM-S906U1,GPU
2026-04-22 23:25:41.938,127.372,23.671,54.923,0.854,2.718,11.306,15.454,0.046,false,20.407,MODERATE,9,180,sequential_yolo_pose,SM-S906U1,GPU
2026-04-22 23:25:42.067,123.803,28.396,53.828,0.835,2.466,8.565,10.972,0.039,false,20.407,MODERATE,9,180,sequential_yolo_pose,SM-S906U1,GPU
2026-04-22 23:25:42.200,127.314,26.943,55.992,0.694,2.370,11.057,12.091,0.041,false,20.407,MODERATE,9,180,sequential_yolo_pose,SM-S906U1,GPU
2026-04-22 23:25:42.324,118.281,23.660,57.102,0.555,1.741,8.810,12.557,0.051,false,20.313,MODERATE,8,180,sequential_yolo_pose,SM-S906U1,GPU
2026-04-22 23:25:42.452,121.782,24.023,53.943,0.769,2.582,7.310,14.365,0.059,false,20.375,MODERATE,8,180,sequential_yolo_pose,SM-S906U1,GPU
2026-04-22 23:25:42.578,121.026,26.922,55.847,1.195,2.075,5.441,11.435,0.037,false,20.407,MODERATE,8,180,sequential_yolo_pose,SM-S906U1,GPU
2026-04-22 23:25:42.702,117.350,23.349,54.442,1.217,3.004,11.004,12.277,0.035,false,20.375,MODERATE,8,180,sequential_yolo_pose,SM-S906U1,GPU
2026-04-22 23:25:42.835,127.798,23.908,54.262,1.177,4.080,9.082,15.358,0.037,false,20.375,MODERATE,8,180,sequential_yolo_pose,SM-S906U1,GPU
2026-04-22 23:25:42.966,126.136,26.146,56.830,0.580,2.040,9.631,12.290,0.062,false,20.375,MODERATE,8,180,sequential_yolo_pose,SM-S906U1,GPU
2026-04-22 23:25:43.096,124.418,25.448,53.455,0.599,2.294,9.975,13.653,0.052,false,20.438,MODERATE,8,180,sequential_yolo_pose,SM-S906U1,GPU
2026-04-22 23:25:43.229,127.877,27.841,53.359,0.846,2.743,12.555,12.793,0.054,false,20.407,MODERATE,8,180,sequential_yolo_pose,SM-S906U1,GPU
2026-04-22 23:25:43.360,126.154,24.146,54.254,0.747,2.562,8.596,16.603,0.055,false,20.407,MODERATE,8,180,sequential_yolo_pose,SM-S906U1,GPU
2026-04-22 23:25:43.481,116.803,23.791,52.360,0.841,2.669,8.757,11.440,0.056,false,20.344,MODERATE,8,180,sequential_yolo_pose,SM-S906U1,GPU
2026-04-22 23:25:43.614,124.235,25.148,52.531,1.016,3.189,9.917,13.383,0.064,false,20.344,MODERATE,8,180,sequential_yolo_pose,SM-S906U1,GPU
2026-04-22 23:25:43.739,117.716,26.065,52.789,1.005,2.321,9.772,10.194,0.066,false,20.371,MODERATE,8,180,sequential_yolo_pose,SM-S906U1,GPU
2026-04-22 23:25:43.871,126.645,24.182,55.333,1.056,3.229,12.285,11.719,0.070,false,20.407,MODERATE,8,180,sequential_yolo_pose,SM-S906U1,GPU
2026-04-22 23:25:43.993,115.601,23.990,50.597,0.672,2.453,6.838,10.270,0.052,false,20.313,MODERATE,8,180,sequential_yolo_pose,SM-S906U1,GPU
2026-04-22 23:25:44.116,119.121,24.433,53.105,0.501,1.703,5.088,12.153,0.036,false,20.407,MODERATE,8,180,sequential_yolo_pose,SM-S906U1,GPU
2026-04-22 23:25:44.235,113.587,23.234,54.705,0.831,2.905,8.321,11.863,0.059,false,20.371,MODERATE,8,180,sequential_yolo_pose,SM-S906U1,GPU
2026-04-22 23:25:44.369,129.793,26.417,53.840,0.829,2.493,7.949,11.288,0.058,false,20.375,MODERATE,8,180,sequential_yolo_pose,SM-S906U1,GPU
2026-04-22 23:25:44.501,127.382,23.585,53.073,0.991,3.066,17.045,10.244,0.035,false,20.403,MODERATE,8,180,sequential_yolo_pose,SM-S906U1,GPU
2026-04-22 23:25:44.629,122.418,26.615,53.656,0.679,1.730,9.978,11.197,0.038,false,20.344,MODERATE,8,180,sequential_yolo_pose,SM-S906U1,GPU
2026-04-22 23:25:44.751,116.366,25.675,52.248,0.670,2.260,6.627,11.033,0.078,false,20.344,MODERATE,8,180,sequential_yolo_pose,SM-S906U1,GPU
2026-04-22 23:25:44.872,114.166,23.412,54.892,1.295,1.616,6.419,9.386,0.047,false,20.410,MODERATE,8,180,sequential_yolo_pose,SM-S906U1,GPU
2026-04-22 23:25:44.998,115.634,23.123,55.920,0.586,1.767,9.211,11.236,0.047,false,20.407,MODERATE,8,180,sequential_yolo_pose,SM-S906U1,GPU
2026-04-22 23:25:45.131,127.443,28.901,55.234,0.637,1.927,7.580,14.380,0.035,false,20.500,MODERATE,8,180,sequential_yolo_pose,SM-S906U1,GPU
2026-04-22 23:25:45.249,114.128,23.008,56.662,0.615,1.718,6.053,12.630,0.073,false,20.375,MODERATE,8,180,sequential_yolo_pose,SM-S906U1,GPU
2026-04-22 23:25:45.369,114.265,23.949,53.026,0.660,1.683,5.668,11.723,0.041,false,20.344,MODERATE,8,180,sequential_yolo_pose,SM-S906U1,GPU
2026-04-22 23:25:45.491,117.401,28.098,54.127,0.577,1.821,5.651,11.270,0.122,false,20.407,MODERATE,8,180,sequential_yolo_pose,SM-S906U1,GPU
2026-04-22 23:25:45.617,121.899,27.560,54.968,0.683,1.889,5.692,12.688,0.054,false,20.340,MODERATE,8,180,sequential_yolo_pose,SM-S906U1,GPU
2026-04-22 23:25:45.731,107.001,23.263,53.353,0.676,1.695,5.717,10.708,0.053,false,20.344,MODERATE,8,180,sequential_yolo_pose,SM-S906U1,GPU
2026-04-22 23:25:45.854,118.668,26.402,52.442,0.665,2.193,5.875,10.726,0.055,false,20.375,MODERATE,8,180,sequential_yolo_pose,SM-S906U1,GPU
2026-04-22 23:25:45.975,115.120,24.307,53.804,0.659,2.050,5.494,11.334,0.053,false,20.375,MODERATE,8,180,sequential_yolo_pose,SM-S906U1,GPU
2026-04-22 23:25:46.092,111.483,23.819,53.405,0.620,1.973,5.734,12.282,0.051,false,20.438,MODERATE,8,180,sequential_yolo_pose,SM-S906U1,GPU
2026-04-22 23:25:46.211,112.905,24.124,57.444,0.611,1.815,5.704,10.984,0.052,false,20.438,MODERATE,8,180,sequential_yolo_pose,SM-S906U1,GPU
2026-04-22 23:25:46.332,116.133,23.608,55.695,0.598,4.137,6.414,10.701,0.036,false,20.500,MODERATE,8,180,sequential_yolo_pose,SM-S906U1,GPU
2026-04-22 23:25:46.459,121.157,24.106,54.523,0.645,1.926,5.733,15.726,0.035,false,20.375,MODERATE,8,180,sequential_yolo_pose,SM-S906U1,GPU
2026-04-22 23:25:46.592,127.471,25.677,60.393,0.737,1.853,5.882,14.022,0.043,false,20.375,MODERATE,8,180,sequential_yolo_pose,SM-S906U1,GPU
2026-04-22 23:25:46.711,113.970,23.886,55.092,0.722,1.724,5.741,12.331,0.039,false,20.407,MODERATE,8,180,sequential_yolo_pose,SM-S906U1,GPU
2026-04-22 23:25:46.838,122.538,26.550,57.816,0.711,1.668,5.929,12.528,0.040,false,20.375,MODERATE,8,180,sequential_yolo_pose,SM-S906U1,GPU
2026-04-22 23:25:46.970,124.093,25.214,58.086,0.661,2.385,6.141,11.216,0.055,false,20.375,MODERATE,8,180,sequential_yolo_pose,SM-S906U1,GPU
2026-04-22 23:25:47.097,121.368,23.229,57.948,0.598,2.204,5.653,13.750,0.034,false,20.407,MODERATE,8,180,sequential_yolo_pose,SM-S906U1,GPU
2026-04-22 23:25:47.225,121.116,22.980,54.881,0.866,3.070,8.358,11.193,0.047,false,20.375,MODERATE,8,180,sequential_yolo_pose,SM-S906U1,GPU
2026-04-22 23:25:47.348,118.698,26.163,53.015,0.551,2.028,5.577,11.208,0.054,false,20.469,MODERATE,8,180,sequential_yolo_pose,SM-S906U1,GPU
2026-04-22 23:25:47.477,122.251,24.969,55.164,0.899,3.423,7.508,11.810,0.054,false,20.375,MODERATE,8,180,sequential_yolo_pose,SM-S906U1,GPU
2026-04-22 23:25:47.606,120.766,24.201,54.284,0.965,2.668,8.765,10.239,0.050,false,20.375,MODERATE,8,180,sequential_yolo_pose,SM-S906U1,GPU
2026-04-22 23:25:47.740,127.282,27.620,52.096,0.756,4.493,13.293,11.385,0.066,false,20.375,MODERATE,8,180,sequential_yolo_pose,SM-S906U1,GPU
2026-04-22 23:25:47.868,122.164,24.033,52.196,1.383,2.920,12.177,11.286,0.056,false,20.407,MODERATE,8,180,sequential_yolo_pose,SM-S906U1,GPU
2026-04-22 23:25:47.995,121.260,23.257,56.320,0.960,2.793,7.514,13.001,0.033,false,20.375,MODERATE,8,180,sequential_yolo_pose,SM-S906U1,GPU
2026-04-22 23:25:48.126,126.026,25.268,54.024,0.933,3.010,10.437,12.715,0.051,false,20.407,MODERATE,8,180,sequential_yolo_pose,SM-S906U1,GPU
2026-04-22 23:25:48.251,120.003,23.871,54.204,0.668,2.041,6.452,11.685,0.064,false,20.313,MODERATE,8,180,sequential_yolo_pose,SM-S906U1,GPU
2026-04-22 23:25:48.380,122.354,24.057,54.130,1.345,4.039,8.995,11.636,0.060,false,20.344,MODERATE,8,180,sequential_yolo_pose,SM-S906U1,GPU
2026-04-22 23:25:48.515,127.903,24.812,53.159,1.057,5.181,8.731,16.654,0.066,false,20.371,MODERATE,8,180,sequential_yolo_pose,SM-S906U1,GPU
2026-04-22 23:25:48.641,119.629,25.054,52.757,0.731,2.923,6.582,10.632,0.064,false,20.282,MODERATE,8,180,sequential_yolo_pose,SM-S906U1,GPU
2026-04-22 23:25:48.768,121.504,24.024,53.399,0.896,2.622,13.479,10.136,0.051,false,20.371,MODERATE,8,180,sequential_yolo_pose,SM-S906U1,GPU
2026-04-22 23:25:48.902,127.023,29.551,53.179,0.876,3.574,8.537,10.673,0.046,false,20.375,MODERATE,8,180,sequential_yolo_pose,SM-S906U1,GPU
2026-04-22 23:25:49.035,126.480,22.964,54.034,0.710,2.011,10.682,16.321,0.054,false,20.375,MODERATE,8,180,sequential_yolo_pose,SM-S906U1,GPU
2026-04-22 23:25:49.166,124.404,23.712,56.735,1.654,3.099,9.529,10.957,0.048,false,20.375,MODERATE,8,180,sequential_yolo_pose,SM-S906U1,GPU
2026-04-22 23:25:49.290,119.762,23.913,52.173,0.928,2.003,6.899,13.346,0.055,false,20.375,MODERATE,7,180,sequential_yolo_pose,SM-S906U1,GPU
2026-04-22 23:25:49.419,122.908,24.660,56.317,0.868,2.591,7.488,12.745,0.058,false,20.375,MODERATE,7,180,sequential_yolo_pose,SM-S906U1,GPU
2026-04-22 23:25:49.545,120.237,23.075,52.514,1.117,2.757,11.180,11.412,0.053,false,20.344,MODERATE,7,180,sequential_yolo_pose,SM-S906U1,GPU
2026-04-22 23:25:49.674,121.912,24.530,53.153,0.872,2.395,9.250,11.596,0.043,false,20.403,MODERATE,7,180,sequential_yolo_pose,SM-S906U1,GPU
2026-04-22 23:25:49.798,118.286,23.608,55.302,0.785,2.186,9.124,14.558,0.059,false,20.375,MODERATE,7,180,sequential_yolo_pose,SM-S906U1,GPU
2026-04-22 23:25:49.934,131.470,26.983,53.396,0.611,2.754,13.127,15.201,0.066,false,20.407,MODERATE,7,180,sequential_yolo_pose,SM-S906U1,GPU
2026-04-22 23:25:50.056,117.639,23.908,52.437,0.878,2.350,6.985,11.305,0.052,false,20.313,MODERATE,7,180,sequential_yolo_pose,SM-S906U1,GPU
2026-04-22 23:25:50.188,126.509,26.726,51.385,1.123,3.210,8.643,14.365,0.069,false,20.375,MODERATE,7,180,sequential_yolo_pose,SM-S906U1,GPU
2026-04-22 23:25:50.331,129.313,25.097,54.993,0.593,2.578,12.176,12.702,0.047,false,20.407,MODERATE,8,180,sequential_yolo_pose,SM-S906U1,GPU
2026-04-22 23:25:50.463,127.977,26.506,51.974,1.318,3.034,12.912,11.542,0.035,false,20.407,MODERATE,8,180,sequential_yolo_pose,SM-S906U1,GPU
2026-04-22 23:25:50.591,123.368,24.000,52.701,1.376,3.702,9.924,14.255,0.074,false,20.375,MODERATE,8,180,sequential_yolo_pose,SM-S906U1,GPU
2026-04-22 23:25:50.718,120.337,25.049,56.782,0.719,2.227,5.041,14.261,0.037,false,20.375,MODERATE,8,180,sequential_yolo_pose,SM-S906U1,GPU
2026-04-22 23:25:50.840,113.205,24.016,52.856,0.848,2.613,6.875,11.430,0.035,false,20.344,MODERATE,8,180,sequential_yolo_pose,SM-S906U1,GPU
2026-04-22 23:25:50.960,113.932,23.897,55.971,1.173,2.799,7.728,10.363,0.072,false,20.313,MODERATE,8,180,sequential_yolo_pose,SM-S906U1,GPU
2026-04-22 23:25:51.082,117.097,24.328,54.514,1.019,2.326,7.570,11.072,0.068,false,20.344,MODERATE,8,180,sequential_yolo_pose,SM-S906U1,GPU
2026-04-22 23:25:51.199,110.618,23.946,52.783,0.918,2.397,6.075,11.830,0.059,false,20.422,MODERATE,8,180,sequential_yolo_pose,SM-S906U1,GPU
2026-04-22 23:25:51.325,119.938,23.985,52.937,0.988,2.792,6.650,13.122,0.049,false,20.438,MODERATE,8,180,sequential_yolo_pose,SM-S906U1,GPU
2026-04-22 23:25:51.445,114.876,23.949,53.281,0.607,2.226,5.048,10.423,0.046,false,20.282,MODERATE,8,180,sequential_yolo_pose,SM-S906U1,GPU
2026-04-22 23:25:51.572,122.428,25.483,53.441,1.119,4.117,10.366,9.961,0.055,false,20.375,MODERATE,8,180,sequential_yolo_pose,SM-S906U1,GPU
2026-04-22 23:25:51.709,126.590,24.211,53.503,0.824,5.228,13.868,10.808,0.063,false,20.407,MODERATE,8,180,sequential_yolo_pose,SM-S906U1,GPU
2026-04-22 23:25:51.843,125.389,29.723,53.237,1.078,4.281,7.575,10.640,0.055,false,20.344,MODERATE,8,180,sequential_yolo_pose,SM-S906U1,GPU
2026-04-22 23:25:51.943,91.697,23.214,55.308,1.065,0.000,0.000,0.000,0.000,true,17.012,MODERATE,8,180,sequential_yolo_pose,SM-S906U1,GPU
2026-04-22 23:25:52.080,128.976,29.667,52.435,1.205,3.953,7.513,11.927,0.049,false,33.895,MODERATE,8,180,sequential_yolo_pose,SM-S906U1,GPU
2026-04-22 23:25:52.216,124.190,26.390,54.095,1.193,3.585,8.552,11.566,0.036,false,20.309,MODERATE,8,180,sequential_yolo_pose,SM-S906U1,GPU
2026-04-22 23:25:52.339,116.384,24.940,54.984,0.590,2.534,4.093,11.000,0.047,false,20.500,MODERATE,8,180,sequential_yolo_pose,SM-S906U1,GPU
2026-04-22 23:25:52.441,97.738,26.318,52.039,1.210,0.000,0.000,0.000,0.000,true,16.918,MODERATE,8,180,sequential_yolo_pose,SM-S906U1,GPU
2026-04-22 23:25:52.571,122.303,23.725,53.470,2.256,3.609,9.849,10.035,0.043,false,33.989,MODERATE,8,180,sequential_yolo_pose,SM-S906U1,GPU
2026-04-22 23:25:52.711,131.426,26.534,54.427,0.854,6.765,8.165,11.077,0.033,false,20.371,MODERATE,8,180,sequential_yolo_pose,SM-S906U1,GPU
2026-04-22 23:25:52.842,119.309,23.690,53.831,0.940,3.502,8.164,11.943,0.071,false,20.375,MODERATE,8,180,sequential_yolo_pose,SM-S906U1,GPU
2026-04-22 23:25:52.976,125.161,29.142,51.733,1.076,3.496,8.790,11.897,0.050,false,20.375,MODERATE,8,180,sequential_yolo_pose,SM-S906U1,GPU
2026-04-22 23:25:53.086,98.403,25.339,53.223,1.114,0.000,0.000,0.000,0.000,true,16.949,MODERATE,8,180,sequential_yolo_pose,SM-S906U1,GPU
2026-04-22 23:25:53.223,130.186,25.017,54.393,1.073,2.775,7.810,11.724,0.054,false,33.957,MODERATE,8,180,sequential_yolo_pose,SM-S906U1,GPU
2026-04-22 23:25:53.355,123.492,28.742,52.128,0.635,2.273,5.537,11.094,0.038,false,20.496,MODERATE,8,180,sequential_yolo_pose,SM-S906U1,GPU
2026-04-22 23:25:53.473,112.482,23.705,50.950,1.469,2.098,5.358,11.155,0.047,false,20.344,MODERATE,8,180,sequential_yolo_pose,SM-S906U1,GPU
2026-04-22 23:25:53.594,113.421,22.829,52.679,0.760,3.710,9.966,12.017,0.051,false,20.375,MODERATE,8,180,sequential_yolo_pose,SM-S906U1,GPU
2026-04-22 23:25:53.724,124.981,27.183,54.900,1.087,2.381,8.510,12.306,0.071,false,20.313,MODERATE,8,180,sequential_yolo_pose,SM-S906U1,GPU
2026-04-22 23:25:53.844,112.772,24.209,50.855,0.861,2.032,5.343,11.638,0.046,false,20.407,MODERATE,8,180,sequential_yolo_pose,SM-S906U1,GPU
2026-04-22 23:25:53.968,119.070,26.316,52.326,1.001,2.961,8.832,10.162,0.060,false,20.344,MODERATE,8,180,sequential_yolo_pose,SM-S906U1,GPU
2026-04-22 23:25:54.093,119.711,23.526,54.398,1.219,2.861,7.392,14.070,0.059,false,20.375,MODERATE,8,180,sequential_yolo_pose,SM-S906U1,GPU
2026-04-22 23:25:54.215,117.141,24.081,54.126,0.886,2.680,6.428,12.162,0.066,false,20.375,MODERATE,8,180,sequential_yolo_pose,SM-S906U1,GPU
2026-04-22 23:25:54.340,118.743,23.628,54.881,1.151,3.663,11.686,10.037,0.074,false,20.438,MODERATE,8,180,sequential_yolo_pose,SM-S906U1,GPU
2026-04-22 23:25:54.470,125.755,27.313,52.543,0.993,3.243,8.734,10.919,0.051,false,20.344,MODERATE,8,180,sequential_yolo_pose,SM-S906U1,GPU
2026-04-22 23:25:54.597,120.048,23.801,51.826,0.704,2.027,7.622,13.817,0.057,false,20.403,MODERATE,8,180,sequential_yolo_pose,SM-S906U1,GPU
2026-04-22 23:25:54.726,123.919,25.391,54.471,0.800,2.041,7.829,14.839,0.041,false,20.375,MODERATE,8,180,sequential_yolo_pose,SM-S906U1,GPU
2026-04-22 23:25:54.861,129.623,27.973,53.786,1.310,3.165,10.198,13.841,0.037,false,20.375,MODERATE,8,180,sequential_yolo_pose,SM-S906U1,GPU
2026-04-22 23:25:54.987,120.351,26.096,52.202,0.825,1.900,6.748,13.506,0.043,false,20.375,MODERATE,8,180,sequential_yolo_pose,SM-S906U1,GPU
2026-04-22 23:25:55.115,121.323,23.930,54.442,1.068,2.365,7.288,11.817,0.071,false,20.375,MODERATE,8,180,sequential_yolo_pose,SM-S906U1,GPU
2026-04-22 23:25:55.243,117.265,27.945,52.921,0.776,1.008,5.159,11.314,0.051,false,20.344,MODERATE,8,180,sequential_yolo_pose,SM-S906U1,GPU
2026-04-22 23:25:55.373,121.147,27.311,52.050,2.068,2.604,6.188,10.355,0.072,false,20.442,MODERATE,8,180,sequential_yolo_pose,SM-S906U1,GPU
2026-04-22 23:25:55.502,124.311,23.658,53.113,1.471,4.170,11.094,11.276,0.051,false,20.407,MODERATE,8,180,sequential_yolo_pose,SM-S906U1,GPU
2026-04-22 23:25:55.633,126.763,30.035,53.182,0.862,2.760,6.734,13.348,0.045,false,20.344,MODERATE,8,180,sequential_yolo_pose,SM-S906U1,GPU
2026-04-22 23:25:55.767,126.624,25.697,53.964,1.304,3.730,9.198,13.487,0.061,false,20.375,MODERATE,8,180,sequential_yolo_pose,SM-S906U1,GPU
2026-04-22 23:25:55.896,123.964,24.916,54.072,0.749,3.314,8.337,12.485,0.055,false,20.344,MODERATE,8,180,sequential_yolo_pose,SM-S906U1,GPU
2026-04-22 23:25:56.027,126.961,27.471,50.667,0.937,3.528,14.891,10.309,0.033,false,20.407,MODERATE,8,180,sequential_yolo_pose,SM-S906U1,GPU
2026-04-22 23:25:56.159,126.572,26.724,52.777,0.645,2.674,6.926,18.221,0.039,false,20.469,MODERATE,8,180,sequential_yolo_pose,SM-S906U1,GPU
2026-04-22 23:25:56.273,109.592,23.509,53.075,0.473,1.431,3.828,11.013,0.036,false,20.250,MODERATE,8,180,sequential_yolo_pose,SM-S906U1,GPU
2026-04-22 23:25:56.399,121.463,23.458,56.801,1.153,3.915,9.103,14.149,0.036,false,20.438,MODERATE,8,180,sequential_yolo_pose,SM-S906U1,GPU
2026-04-22 23:25:56.531,126.840,24.248,55.807,1.024,3.520,10.302,12.840,0.233,false,20.375,MODERATE,8,180,sequential_yolo_pose,SM-S906U1,GPU
2026-04-22 23:25:56.649,112.351,24.550,54.341,0.679,2.300,5.358,10.544,0.039,false,20.375,MODERATE,8,180,sequential_yolo_pose,SM-S906U1,GPU
2026-04-22 23:25:56.754,98.639,26.248,53.990,0.812,0.000,0.000,0.000,0.000,true,16.949,MODERATE,8,180,sequential_yolo_pose,SM-S906U1,GPU
2026-04-22 23:25:56.872,110.792,31.121,54.034,1.214,0.000,0.000,0.000,0.000,true,30.625,MODERATE,8,180,sequential_yolo_pose,SM-S906U1,GPU
2026-04-22 23:25:56.980,101.906,24.952,54.142,1.179,0.000,0.000,0.000,0.000,true,13.887,MODERATE,8,180,sequential_yolo_pose,SM-S906U1,GPU
2026-04-22 23:25:57.089,100.301,24.044,53.906,0.678,0.000,0.000,0.000,0.000,true,16.942,MODERATE,8,180,sequential_yolo_pose,SM-S906U1,GPU
2026-04-22 23:25:57.225,131.456,32.992,52.665,0.959,3.220,10.138,11.590,0.056,false,34.012,MODERATE,8,180,sequential_yolo_pose,SM-S906U1,GPU
2026-04-22 23:25:57.377,140.738,24.813,62.922,0.891,4.333,10.368,12.498,0.050,false,20.528,MODERATE,8,180,sequential_yolo_pose,SM-S906U1,GPU
2026-04-22 23:25:57.503,116.349,26.459,51.865,0.618,2.200,6.057,11.506,0.041,false,20.407,MODERATE,8,180,sequential_yolo_pose,SM-S906U1,GPU
2026-04-22 23:25:57.603,95.438,23.723,53.481,0.760,0.000,0.000,0.000,0.000,true,16.977,MODERATE,8,180,sequential_yolo_pose,SM-S906U1,GPU
2026-04-22 23:25:57.721,108.047,28.835,52.525,0.807,0.000,0.000,0.000,0.000,true,30.590,MODERATE,8,180,sequential_yolo_pose,SM-S906U1,GPU
2026-04-22 23:25:57.848,121.707,24.357,53.407,0.963,3.362,8.571,10.903,0.052,false,16.844,MODERATE,8,180,sequential_yolo_pose,SM-S906U1,GPU
2026-04-22 23:25:57.980,121.119,27.416,54.795,0.648,2.614,5.568,10.631,0.038,false,20.313,MODERATE,8,180,sequential_yolo_pose,SM-S906U1,GPU
2026-04-22 23:25:58.111,120.419,24.676,52.647,4.575,3.336,7.547,11.777,0.082,false,20.375,MODERATE,8,180,sequential_yolo_pose,SM-S906U1,GPU
2026-04-22 23:25:58.239,120.300,23.097,54.109,1.195,3.609,10.011,11.593,0.063,false,20.407,MODERATE,8,180,sequential_yolo_pose,SM-S906U1,GPU
2026-04-22 23:25:58.368,124.154,24.159,53.685,1.009,2.265,9.555,14.557,0.037,false,20.438,MODERATE,8,180,sequential_yolo_pose,SM-S906U1,GPU
2026-04-22 23:25:58.494,121.262,23.725,53.784,1.313,4.012,9.309,11.151,0.041,false,20.407,MODERATE,8,180,sequential_yolo_pose,SM-S906U1,GPU
2026-04-22 23:25:58.623,125.202,24.035,55.011,1.135,3.147,8.361,16.813,0.053,false,20.375,MODERATE,8,180,sequential_yolo_pose,SM-S906U1,GPU
2026-04-22 23:25:58.746,116.811,24.130,51.107,0.870,2.631,8.189,12.207,0.053,false,20.438,MODERATE,8,180,sequential_yolo_pose,SM-S906U1,GPU
2026-04-22 23:25:58.882,125.571,28.064,53.664,1.230,3.363,6.821,14.406,0.054,false,20.344,MODERATE,8,180,sequential_yolo_pose,SM-S906U1,GPU
2026-04-22 23:25:59.004,113.161,25.001,52.704,0.519,1.252,4.408,11.287,0.036,false,20.344,MODERATE,8,180,sequential_yolo_pose,SM-S906U1,GPU
2026-04-22 23:25:59.140,130.206,26.012,53.358,1.344,3.073,9.370,10.477,0.066,false,20.375,MODERATE,8,180,sequential_yolo_pose,SM-S906U1,GPU
2026-04-22 23:25:59.274,127.831,22.970,53.107,0.849,2.162,18.043,11.416,0.060,false,20.407,MODERATE,8,180,sequential_yolo_pose,SM-S906U1,GPU
2026-04-22 23:25:59.392,112.811,24.068,53.342,0.442,1.025,3.739,10.857,0.063,false,20.469,MODERATE,8,180,sequential_yolo_pose,SM-S906U1,GPU
2026-04-22 23:25:59.511,114.802,23.770,53.486,1.046,1.505,7.885,11.281,0.054,false,20.344,MODERATE,8,180,sequential_yolo_pose,SM-S906U1,GPU
2026-04-22 23:25:59.641,123.490,27.485,55.228,1.284,2.417,12.925,11.744,0.036,false,20.371,MODERATE,8,180,sequential_yolo_pose,SM-S906U1,GPU
2026-04-22 23:25:59.769,120.620,23.676,53.818,1.107,3.467,8.386,18.510,0.048,false,20.371,MODERATE,8,180,sequential_yolo_pose,SM-S906U1,GPU
2026-04-22 23:25:59.894,120.335,23.640,51.218,0.781,2.307,7.467,15.873,0.053,false,20.344,MODERATE,8,180,sequential_yolo_pose,SM-S906U1,GPU
2026-04-22 23:26:00.026,127.564,27.345,53.461,0.995,4.132,9.094,13.951,0.046,false,20.375,MODERATE,8,180,sequential_yolo_pose,SM-S906U1,GPU
2026-04-22 23:26:00.157,124.477,32.179,52.079,0.653,2.023,5.187,11.117,0.040,false,20.407,MODERATE,8,180,sequential_yolo_pose,SM-S906U1,GPU
2026-04-22 23:26:00.283,121.614,31.419,53.451,0.852,2.252,5.689,10.978,0.060,false,20.313,MODERATE,8,180,sequential_yolo_pose,SM-S906U1,GPU
2026-04-22 23:26:00.406,116.068,24.076,55.701,0.766,3.381,5.383,12.378,0.035,false,20.504,MODERATE,8,180,sequential_yolo_pose,SM-S906U1,GPU
2026-04-22 23:26:00.523,112.198,23.226,50.495,0.847,2.641,6.842,11.008,0.051,false,20.313,MODERATE,8,180,sequential_yolo_pose,SM-S906U1,GPU
2026-04-22 23:26:00.643,115.054,24.133,52.032,0.755,2.720,5.291,11.519,0.051,false,20.375,MODERATE,8,180,sequential_yolo_pose,SM-S906U1,GPU
2026-04-22 23:26:00.747,97.762,26.754,52.653,1.069,0.000,0.000,0.000,0.000,true,17.008,MODERATE,8,180,sequential_yolo_pose,SM-S906U1,GPU
2026-04-22 23:26:00.860,106.692,29.455,56.943,1.023,0.000,0.000,0.000,0.000,true,30.621,MODERATE,8,180,sequential_yolo_pose,SM-S906U1,GPU
2026-04-22 23:26:00.988,121.983,23.673,54.295,1.090,3.155,9.838,10.835,0.053,false,16.825,MODERATE,8,180,sequential_yolo_pose,SM-S906U1,GPU
2026-04-22 23:26:01.112,117.003,24.205,56.794,0.604,1.763,5.189,11.288,0.048,false,20.375,MODERATE,8,180,sequential_yolo_pose,SM-S906U1,GPU
2026-04-22 23:26:01.240,123.934,26.281,51.938,1.137,3.014,9.831,11.953,0.049,false,20.375,MODERATE,8,180,sequential_yolo_pose,SM-S906U1,GPU
2026-04-22 23:26:01.378,124.649,27.579,59.839,0.610,1.305,4.799,12.825,0.031,false,20.375,MODERATE,8,180,sequential_yolo_pose,SM-S906U1,GPU
2026-04-22 23:26:01.506,118.623,25.018,53.474,1.242,2.303,6.051,10.889,0.047,false,20.313,MODERATE,8,180,sequential_yolo_pose,SM-S906U1,GPU
2026-04-22 23:26:01.610,99.509,25.563,57.096,1.321,0.000,0.000,0.000,0.000,true,16.981,MODERATE,8,180,sequential_yolo_pose,SM-S906U1,GPU
2026-04-22 23:26:01.763,141.069,24.848,57.272,1.359,2.328,12.916,17.845,0.049,false,33.989,MODERATE,8,180,sequential_yolo_pose,SM-S906U1,GPU
2026-04-22 23:26:01.867,99.923,23.114,57.822,0.889,0.000,0.000,0.000,0.000,true,26.914,MODERATE,8,180,sequential_yolo_pose,SM-S906U1,GPU
2026-04-22 23:26:02.013,139.739,25.736,56.366,1.055,1.958,10.788,15.152,0.052,false,43.829,MODERATE,8,180,sequential_yolo_pose,SM-S906U1,GPU
2026-04-22 23:26:02.144,119.281,27.126,51.114,1.327,2.475,5.666,10.975,0.052,false,20.371,MODERATE,8,180,sequential_yolo_pose,SM-S906U1,GPU
2026-04-22 23:26:02.271,115.618,23.450,52.414,1.280,2.787,11.902,11.033,0.039,false,20.407,MODERATE,8,180,sequential_yolo_pose,SM-S906U1,GPU
2026-04-22 23:26:02.375,96.314,23.949,54.193,0.533,0.000,0.000,0.000,0.000,true,17.074,MODERATE,8,180,sequential_yolo_pose,SM-S906U1,GPU
2026-04-22 23:26:02.511,131.639,24.921,54.289,1.357,4.569,15.289,12.338,0.050,false,34.090,MODERATE,8,180,sequential_yolo_pose,SM-S906U1,GPU
2026-04-22 23:26:02.649,130.235,27.146,58.765,1.012,3.353,6.522,13.613,0.036,false,20.407,MODERATE,8,180,sequential_yolo_pose,SM-S906U1,GPU
2026-04-22 23:26:02.768,114.210,23.094,53.291,1.380,3.043,8.896,12.315,0.050,false,20.375,MODERATE,8,180,sequential_yolo_pose,SM-S906U1,GPU
2026-04-22 23:26:02.895,121.150,23.546,54.851,1.162,3.474,6.746,11.666,0.074,false,20.344,MODERATE,8,180,sequential_yolo_pose,SM-S906U1,GPU
2026-04-22 23:26:03.017,116.230,23.988,53.500,0.768,1.691,5.263,14.241,0.044,false,20.375,MODERATE,8,180,sequential_yolo_pose,SM-S906U1,GPU
2026-04-22 23:26:03.122,96.942,25.117,53.467,0.538,0.000,0.000,0.000,0.000,true,16.949,MODERATE,8,180,sequential_yolo_pose,SM-S906U1,GPU
2026-04-22 23:26:03.254,125.975,26.513,55.852,0.786,2.158,6.738,13.421,0.056,false,33.989,MODERATE,8,180,sequential_yolo_pose,SM-S906U1,GPU
2026-04-22 23:26:03.380,119.209,26.758,54.110,1.018,2.058,5.130,12.045,0.054,false,20.489,MODERATE,8,180,sequential_yolo_pose,SM-S906U1,GPU
2026-04-22 23:26:03.511,124.833,27.086,52.992,1.235,3.912,8.786,12.197,0.050,false,20.313,MODERATE,8,180,sequential_yolo_pose,SM-S906U1,GPU
2026-04-22 23:26:03.650,131.564,23.669,53.190,1.222,3.820,8.770,20.350,0.037,false,20.438,MODERATE,8,180,sequential_yolo_pose,SM-S906U1,GPU
2026-04-22 23:26:03.776,119.471,26.395,52.599,0.752,2.296,6.198,11.418,0.088,false,20.344,MODERATE,8,180,sequential_yolo_pose,SM-S906U1,GPU
2026-04-22 23:26:03.908,124.451,28.338,53.828,1.312,2.735,8.158,10.930,0.049,false,20.407,MODERATE,8,180,sequential_yolo_pose,SM-S906U1,GPU
2026-04-22 23:26:04.030,116.831,23.884,55.703,1.085,3.392,8.542,11.957,0.061,false,20.375,MODERATE,8,180,sequential_yolo_pose,SM-S906U1,GPU
2026-04-22 23:26:04.163,127.974,24.640,54.018,0.684,2.380,6.677,22.371,0.050,false,20.438,MODERATE,8,180,sequential_yolo_pose,SM-S906U1,GPU
2026-04-22 23:26:04.296,127.286,27.926,55.600,0.524,1.834,9.281,13.340,0.057,false,20.407,MODERATE,8,180,sequential_yolo_pose,SM-S906U1,GPU
2026-04-22 23:26:04.423,122.715,26.524,56.671,0.677,1.756,5.997,11.818,0.051,false,20.453,MODERATE,8,180,sequential_yolo_pose,SM-S906U1,GPU
2026-04-22 23:26:04.547,119.236,24.201,53.233,1.090,1.838,5.462,11.587,0.055,false,20.375,MODERATE,8,180,sequential_yolo_pose,SM-S906U1,GPU
2026-04-22 23:26:04.669,115.140,23.085,54.452,1.115,2.840,10.758,11.170,0.050,false,20.371,MODERATE,8,180,sequential_yolo_pose,SM-S906U1,GPU
2026-04-22 23:26:04.794,119.875,24.369,53.352,1.074,2.125,9.469,10.481,0.068,false,20.282,MODERATE,8,180,sequential_yolo_pose,SM-S906U1,GPU
2026-04-22 23:26:04.931,131.117,24.074,58.446,0.883,1.842,8.929,14.902,0.035,false,20.407,MODERATE,8,180,sequential_yolo_pose,SM-S906U1,GPU
2026-04-22 23:26:05.048,112.191,23.991,53.431,0.561,1.643,5.032,10.090,0.051,false,20.282,MODERATE,8,180,sequential_yolo_pose,SM-S906U1,GPU
2026-04-22 23:26:05.168,115.855,23.506,56.330,1.114,5.298,7.160,11.150,0.048,false,20.375,MODERATE,8,180,sequential_yolo_pose,SM-S906U1,GPU
2026-04-22 23:26:05.291,118.218,23.886,52.599,0.776,2.075,8.068,11.941,0.058,false,20.375,MODERATE,8,180,sequential_yolo_pose,SM-S906U1,GPU
2026-04-22 23:26:05.412,116.164,23.907,56.335,0.626,1.826,5.172,10.364,0.034,false,20.407,MODERATE,8,180,sequential_yolo_pose,SM-S906U1,GPU
2026-04-22 23:26:05.550,127.076,23.551,53.400,1.152,2.738,10.930,16.935,0.055,false,20.438,MODERATE,8,180,sequential_yolo_pose,SM-S906U1,GPU
2026-04-22 23:26:05.672,114.700,23.430,51.493,0.785,2.159,7.950,11.924,0.056,false,20.344,MODERATE,8,180,sequential_yolo_pose,SM-S906U1,GPU
2026-04-22 23:26:05.801,122.991,24.956,53.098,0.870,2.517,8.746,11.291,0.054,false,20.340,MODERATE,8,180,sequential_yolo_pose,SM-S906U1,GPU
2026-04-22 23:26:05.930,122.722,23.297,52.731,0.898,2.714,10.689,11.814,0.034,false,20.407,MODERATE,8,180,sequential_yolo_pose,SM-S906U1,GPU
2026-04-22 23:26:06.053,117.811,24.205,54.226,0.677,1.602,6.603,13.690,0.042,false,20.313,MODERATE,8,180,sequential_yolo_pose,SM-S906U1,GPU
2026-04-22 23:26:06.188,126.849,26.875,52.679,1.053,2.605,8.438,17.524,0.036,false,20.375,MODERATE,8,180,sequential_yolo_pose,SM-S906U1,GPU
2026-04-22 23:26:06.310,117.911,24.482,53.571,0.920,2.133,5.433,13.910,0.028,false,20.407,MODERATE,8,180,sequential_yolo_pose,SM-S906U1,GPU
2026-04-22 23:26:06.427,110.156,24.502,53.572,0.717,1.619,6.654,11.585,0.053,false,20.438,MODERATE,8,180,sequential_yolo_pose,SM-S906U1,GPU
2026-04-22 23:26:06.551,119.244,28.007,54.356,0.632,1.382,5.083,12.101,0.037,false,20.313,MODERATE,8,180,sequential_yolo_pose,SM-S906U1,GPU
2026-04-22 23:26:06.666,110.264,25.586,50.454,0.431,1.149,4.146,10.180,0.048,false,20.313,MODERATE,8,180,sequential_yolo_pose,SM-S906U1,GPU
2026-04-22 23:26:06.792,120.882,23.634,54.238,0.688,2.123,7.818,10.677,0.059,false,20.371,MODERATE,8,180,sequential_yolo_pose,SM-S906U1,GPU
2026-04-22 23:26:06.919,121.498,26.231,51.594,0.951,2.324,6.547,15.351,0.056,false,20.344,MODERATE,8,180,sequential_yolo_pose,SM-S906U1,GPU
2026-04-22 23:26:07.046,120.115,23.989,54.443,1.200,2.669,8.431,11.442,0.047,false,20.375,MODERATE,8,180,sequential_yolo_pose,SM-S906U1,GPU
2026-04-22 23:26:07.177,119.812,25.066,53.965,0.986,3.671,5.554,11.842,0.051,false,20.375,MODERATE,8,180,sequential_yolo_pose,SM-S906U1,GPU
2026-04-22 23:26:07.298,115.037,23.853,53.553,0.715,2.166,10.968,11.596,0.061,false,20.313,MODERATE,8,180,sequential_yolo_pose,SM-S906U1,GPU
2026-04-22 23:26:07.426,122.598,25.937,54.367,0.553,1.701,6.537,12.452,0.060,false,20.520,MODERATE,8,180,sequential_yolo_pose,SM-S906U1,GPU
2026-04-22 23:26:07.556,124.376,26.472,54.096,0.788,1.963,7.795,15.749,0.058,false,20.344,MODERATE,8,180,sequential_yolo_pose,SM-S906U1,GPU
2026-04-22 23:26:07.683,120.977,24.968,51.844,0.833,2.449,6.781,13.724,0.053,false,20.407,MODERATE,8,180,sequential_yolo_pose,SM-S906U1,GPU
2026-04-22 23:26:07.808,118.279,26.684,54.234,1.072,2.472,5.734,10.326,0.054,false,20.313,MODERATE,8,180,sequential_yolo_pose,SM-S906U1,GPU
2026-04-22 23:26:07.941,127.070,23.914,53.295,1.099,3.501,16.360,11.423,0.046,false,20.469,MODERATE,8,180,sequential_yolo_pose,SM-S906U1,GPU
2026-04-22 23:26:08.064,117.601,22.931,53.044,1.153,2.642,9.752,10.625,0.052,false,20.375,MODERATE,8,180,sequential_yolo_pose,SM-S906U1,GPU
2026-04-22 23:26:08.194,126.006,25.099,53.873,0.867,2.297,8.505,15.644,0.075,false,20.344,MODERATE,8,180,sequential_yolo_pose,SM-S906U1,GPU
2026-04-22 23:26:08.323,124.143,27.548,53.803,0.678,1.864,6.979,13.972,0.057,false,20.313,MODERATE,8,180,sequential_yolo_pose,SM-S906U1,GPU
2026-04-22 23:26:08.452,122.983,24.258,59.264,0.889,2.233,6.802,14.407,0.075,false,20.399,MODERATE,8,180,sequential_yolo_pose,SM-S906U1,GPU
2026-04-22 23:26:08.574,115.287,24.931,52.374,1.067,1.951,5.502,10.315,0.054,false,20.282,MODERATE,8,180,sequential_yolo_pose,SM-S906U1,GPU
2026-04-22 23:26:08.707,127.170,23.875,53.317,0.973,5.224,12.248,11.790,0.057,false,20.465,MODERATE,8,180,sequential_yolo_pose,SM-S906U1,GPU
2026-04-22 23:26:08.841,127.215,28.859,53.332,0.556,1.833,11.961,12.280,0.055,false,20.469,MODERATE,8,180,sequential_yolo_pose,SM-S906U1,GPU
2026-04-22 23:26:08.974,128.347,24.940,53.055,0.902,3.103,13.592,14.165,0.065,false,20.407,MODERATE,8,180,sequential_yolo_pose,SM-S906U1,GPU
2026-04-22 23:26:09.099,112.478,23.240,53.678,1.235,2.924,9.817,10.126,0.037,false,20.375,MODERATE,8,180,sequential_yolo_pose,SM-S906U1,GPU
2026-04-22 23:26:09.228,124.888,25.506,51.965,0.958,2.238,11.275,12.643,0.052,false,20.407,MODERATE,8,180,sequential_yolo_pose,SM-S906U1,GPU
2026-04-22 23:26:09.362,129.256,24.563,54.653,1.006,2.616,11.604,17.393,0.042,false,20.407,MODERATE,8,180,sequential_yolo_pose,SM-S906U1,GPU
2026-04-22 23:26:09.483,116.034,24.280,56.558,0.726,1.873,6.011,11.206,0.042,false,20.375,MODERATE,8,180,sequential_yolo_pose,SM-S906U1,GPU
2026-04-22 23:26:09.613,119.092,27.875,54.770,0.693,1.695,5.743,10.645,0.038,false,20.375,MODERATE,8,180,sequential_yolo_pose,SM-S906U1,GPU
2026-04-22 23:26:09.741,121.063,24.022,54.727,0.837,5.117,13.886,11.067,0.041,false,20.438,MODERATE,8,180,sequential_yolo_pose,SM-S906U1,GPU
2026-04-22 23:26:09.873,122.885,26.941,53.420,1.168,2.764,8.951,10.794,0.041,false,20.407,MODERATE,8,180,sequential_yolo_pose,SM-S906U1,GPU
2026-04-22 23:26:10.000,117.995,23.626,54.950,1.074,3.143,8.519,10.784,0.039,false,20.407,MODERATE,8,180,sequential_yolo_pose,SM-S906U1,GPU
2026-04-22 23:26:10.126,121.157,23.816,51.085,0.949,1.931,7.742,15.490,0.056,false,20.438,MODERATE,8,180,sequential_yolo_pose,SM-S906U1,GPU
2026-04-22 23:26:10.260,130.162,23.550,62.776,0.611,2.041,5.699,18.307,0.051,false,20.532,MODERATE,8,180,sequential_yolo_pose,SM-S906U1,GPU
2026-04-22 23:26:10.379,114.283,23.588,55.669,1.155,3.105,7.601,11.238,0.037,false,20.344,MODERATE,8,180,sequential_yolo_pose,SM-S906U1,GPU
2026-04-22 23:26:10.504,117.934,23.643,56.147,1.292,3.723,10.888,10.590,0.044,false,20.438,MODERATE,8,180,sequential_yolo_pose,SM-S906U1,GPU
2026-04-22 23:26:10.628,115.267,23.812,54.066,0.989,3.020,9.666,11.613,0.054,false,20.344,MODERATE,8,180,sequential_yolo_pose,SM-S906U1,GPU
2026-04-22 23:26:10.769,135.909,28.899,54.375,0.804,2.788,9.670,20.785,0.066,false,20.500,MODERATE,8,180,sequential_yolo_pose,SM-S906U1,GPU
2026-04-22 23:26:10.894,120.026,23.841,53.996,1.076,3.087,9.898,10.651,0.059,false,20.375,MODERATE,8,180,sequential_yolo_pose,SM-S906U1,GPU
2026-04-22 23:26:11.018,118.544,24.605,53.236,1.053,2.604,6.817,11.558,0.052,false,20.344,MODERATE,8,180,sequential_yolo_pose,SM-S906U1,GPU
2026-04-22 23:26:11.140,116.960,26.990,53.422,0.625,1.858,4.359,10.451,0.067,false,20.250,MODERATE,8,180,sequential_yolo_pose,SM-S906U1,GPU
2026-04-22 23:26:11.271,125.555,26.002,54.656,0.922,2.442,11.159,11.871,0.047,false,20.407,MODERATE,8,180,sequential_yolo_pose,SM-S906U1,GPU
2026-04-22 23:26:11.392,111.888,23.859,53.942,0.753,2.330,5.752,13.295,0.033,false,20.344,MODERATE,8,180,sequential_yolo_pose,SM-S906U1,GPU
2026-04-22 23:26:11.512,116.408,23.786,53.942,0.660,2.939,6.521,10.468,0.035,false,20.344,MODERATE,8,180,sequential_yolo_pose,SM-S906U1,GPU
2026-04-22 23:26:11.633,115.526,24.271,54.684,1.161,2.774,7.175,12.835,0.053,false,20.403,MODERATE,8,180,sequential_yolo_pose,SM-S906U1,GPU
2026-04-22 23:26:11.756,118.659,23.957,55.363,0.865,2.661,6.878,11.704,0.120,false,20.407,MODERATE,8,180,sequential_yolo_pose,SM-S906U1,GPU
2026-04-22 23:26:11.877,115.359,23.301,53.943,1.002,2.832,5.506,11.907,0.036,false,20.313,MODERATE,8,180,sequential_yolo_pose,SM-S906U1,GPU
2026-04-22 23:26:11.997,115.002,26.975,52.727,0.530,1.311,4.885,9.743,0.055,false,20.313,MODERATE,8,180,sequential_yolo_pose,SM-S906U1,GPU
2026-04-22 23:26:12.125,122.692,23.577,52.308,1.100,2.864,7.825,13.798,0.064,false,20.344,MODERATE,8,180,sequential_yolo_pose,SM-S906U1,GPU
2026-04-22 23:26:12.249,118.514,23.832,55.014,0.616,2.405,5.306,13.365,0.025,false,20.375,MODERATE,8,180,sequential_yolo_pose,SM-S906U1,GPU
2026-04-22 23:26:12.364,111.245,23.060,52.478,0.571,4.147,5.342,13.902,0.030,false,20.469,MODERATE,8,180,sequential_yolo_pose,SM-S906U1,GPU
2026-04-22 23:26:12.493,124.636,23.712,53.160,0.523,2.737,5.301,21.528,0.036,false,20.442,MODERATE,8,180,sequential_yolo_pose,SM-S906U1,GPU
2026-04-22 23:26:12.624,121.444,27.743,51.510,0.788,2.422,6.778,11.181,0.058,false,20.375,MODERATE,8,180,sequential_yolo_pose,SM-S906U1,GPU
2026-04-22 23:26:12.742,113.592,24.000,54.428,0.663,2.370,4.885,10.754,0.028,false,20.375,MODERATE,8,180,sequential_yolo_pose,SM-S906U1,GPU
2026-04-22 23:26:12.869,120.356,23.045,52.530,1.475,4.470,13.973,13.398,0.055,false,20.438,MODERATE,8,180,sequential_yolo_pose,SM-S906U1,GPU
2026-04-22 23:26:12.998,124.126,23.127,52.573,0.668,2.905,8.788,16.118,0.046,false,20.407,MODERATE,8,180,sequential_yolo_pose,SM-S906U1,GPU
2026-04-22 23:26:13.122,118.440,25.081,54.097,0.805,2.609,6.009,12.071,0.087,false,20.375,MODERATE,8,180,sequential_yolo_pose,SM-S906U1,GPU
2026-04-22 23:26:13.250,121.278,24.298,52.641,1.161,4.005,8.110,14.517,0.065,false,20.438,MODERATE,8,180,sequential_yolo_pose,SM-S906U1,GPU
2026-04-22 23:26:13.377,119.459,24.134,54.725,1.144,4.372,7.477,12.838,0.034,false,20.407,MODERATE,8,180,sequential_yolo_pose,SM-S906U1,GPU
2026-04-22 23:26:13.497,115.454,23.902,52.972,0.740,3.016,6.717,11.992,0.049,false,20.438,MODERATE,8,180,sequential_yolo_pose,SM-S906U1,GPU
2026-04-22 23:26:13.627,125.495,25.908,52.920,1.077,4.322,9.811,11.416,0.050,false,20.375,MODERATE,8,180,sequential_yolo_pose,SM-S906U1,GPU
2026-04-22 23:26:13.758,126.406,25.235,54.171,1.232,4.061,10.586,12.491,0.050,false,20.375,MODERATE,8,180,sequential_yolo_pose,SM-S906U1,GPU
2026-04-22 23:26:13.877,113.745,24.699,52.934,0.568,2.306,5.200,11.864,0.037,false,20.344,MODERATE,8,180,sequential_yolo_pose,SM-S906U1,GPU
2026-04-22 23:26:14.000,118.700,23.357,55.470,1.092,4.695,9.075,12.954,0.058,false,20.371,MODERATE,8,180,sequential_yolo_pose,SM-S906U1,GPU
2026-04-22 23:26:14.125,119.603,23.872,53.233,0.835,2.956,7.450,12.511,0.051,false,20.375,MODERATE,8,180,sequential_yolo_pose,SM-S906U1,GPU
2026-04-22 23:26:14.256,125.588,28.043,56.081,0.773,2.638,6.328,12.361,0.051,false,20.407,MODERATE,8,180,sequential_yolo_pose,SM-S906U1,GPU
2026-04-22 23:26:14.378,117.382,23.786,55.714,0.597,2.429,5.319,14.068,0.041,false,20.375,MODERATE,8,180,sequential_yolo_pose,SM-S906U1,GPU
2026-04-22 23:26:14.492,109.446,22.684,53.686,0.537,2.238,5.244,12.766,0.050,false,20.453,MODERATE,8,180,sequential_yolo_pose,SM-S906U1,GPU
2026-04-22 23:26:14.612,113.562,24.095,51.981,0.894,2.422,5.132,12.554,0.054,false,20.375,MODERATE,8,180,sequential_yolo_pose,SM-S906U1,GPU
2026-04-22 23:26:14.741,122.981,24.761,53.901,1.382,4.066,8.547,12.103,0.053,false,20.344,MODERATE,8,180,sequential_yolo_pose,SM-S906U1,GPU
2026-04-22 23:26:14.875,124.566,26.195,54.588,1.066,2.915,7.515,11.999,0.039,false,20.375,MODERATE,8,180,sequential_yolo_pose,SM-S906U1,GPU
2026-04-22 23:26:15.011,127.335,27.923,53.542,1.361,8.620,5.450,12.007,0.032,false,20.371,MODERATE,8,180,sequential_yolo_pose,SM-S906U1,GPU
2026-04-22 23:26:15.131,113.730,26.113,53.109,0.476,1.114,4.105,10.563,0.064,false,20.313,MODERATE,8,180,sequential_yolo_pose,SM-S906U1,GPU
2026-04-22 23:26:15.251,115.370,24.203,51.298,0.629,1.612,5.866,13.169,0.528,false,20.438,MODERATE,8,180,sequential_yolo_pose,SM-S906U1,GPU
2026-04-22 23:26:15.372,114.589,25.633,52.331,0.929,2.379,8.290,10.790,0.073,false,20.344,MODERATE,8,180,sequential_yolo_pose,SM-S906U1,GPU
2026-04-22 23:26:15.498,119.250,25.031,52.650,0.775,3.554,5.918,10.189,0.048,false,20.438,MODERATE,8,180,sequential_yolo_pose,SM-S906U1,GPU
2026-04-22 23:26:15.626,122.630,25.779,52.309,0.622,2.337,8.223,15.272,0.059,false,20.344,MODERATE,8,180,sequential_yolo_pose,SM-S906U1,GPU
2026-04-22 23:26:15.755,123.470,24.492,55.263,0.758,2.705,8.346,11.348,0.056,false,20.407,MODERATE,8,180,sequential_yolo_pose,SM-S906U1,GPU
2026-04-22 23:26:15.874,114.285,23.280,53.738,1.104,2.902,7.751,10.790,0.052,false,20.344,MODERATE,8,180,sequential_yolo_pose,SM-S906U1,GPU
2026-04-22 23:26:16.005,122.386,26.123,53.091,0.983,2.684,11.724,10.196,0.062,false,20.407,MODERATE,8,180,sequential_yolo_pose,SM-S906U1,GPU
2026-04-22 23:26:16.105,94.527,23.105,57.485,0.536,0.000,0.000,0.000,0.000,true,16.981,MODERATE,8,180,sequential_yolo_pose,SM-S906U1,GPU
2026-04-22 23:26:16.245,130.444,25.293,57.265,0.460,1.392,5.355,11.908,0.043,false,34.020,MODERATE,8,180,sequential_yolo_pose,SM-S906U1,GPU
2026-04-22 23:26:16.377,127.783,23.546,56.902,1.203,6.019,14.743,12.186,0.049,false,28.840,MODERATE,8,180,sequential_yolo_pose,SM-S906U1,GPU
2026-04-22 23:26:16.500,117.420,25.103,51.235,0.658,2.564,7.545,12.046,0.045,false,20.442,MODERATE,8,180,sequential_yolo_pose,SM-S906U1,GPU
2026-04-22 23:26:16.624,119.406,27.256,52.011,0.609,1.655,6.639,12.789,0.059,false,20.313,MODERATE,8,180,sequential_yolo_pose,SM-S906U1,GPU
2026-04-22 23:26:16.741,112.414,24.585,53.131,0.768,1.497,5.113,10.195,0.051,false,20.282,MODERATE,8,180,sequential_yolo_pose,SM-S906U1,GPU
2026-04-22 23:26:16.867,118.761,23.818,52.492,0.811,1.655,9.808,10.980,0.062,false,20.371,MODERATE,8,180,sequential_yolo_pose,SM-S906U1,GPU
2026-04-22 23:26:16.998,125.770,25.796,53.782,1.212,2.423,10.663,12.108,0.062,false,20.375,MODERATE,8,180,sequential_yolo_pose,SM-S906U1,GPU
2026-04-22 23:26:17.131,128.468,26.595,54.763,0.845,2.312,13.988,11.743,0.068,false,20.375,MODERATE,8,180,sequential_yolo_pose,SM-S906U1,GPU
2026-04-22 23:26:17.256,118.663,23.361,52.902,0.684,2.225,8.229,14.057,0.039,false,20.407,MODERATE,8,180,sequential_yolo_pose,SM-S906U1,GPU
2026-04-22 23:26:17.384,122.932,27.262,52.066,1.285,2.463,8.466,13.019,0.037,false,20.375,MODERATE,8,180,sequential_yolo_pose,SM-S906U1,GPU
2026-04-22 23:26:17.510,117.859,24.642,54.658,0.947,2.048,6.508,11.047,0.049,false,20.375,MODERATE,8,180,sequential_yolo_pose,SM-S906U1,GPU
2026-04-22 23:26:17.624,109.743,23.129,55.159,0.777,1.592,5.814,9.927,0.050,false,20.313,MODERATE,8,180,sequential_yolo_pose,SM-S906U1,GPU
2026-04-22 23:26:17.753,123.832,32.418,54.683,0.678,1.677,5.495,10.862,0.058,false,20.375,MODERATE,8,180,sequential_yolo_pose,SM-S906U1,GPU
2026-04-22 23:26:17.881,120.168,28.006,52.427,0.972,2.147,7.389,11.585,0.060,false,20.344,MODERATE,8,180,sequential_yolo_pose,SM-S906U1,GPU
2026-04-22 23:26:18.007,120.554,23.400,53.573,1.936,2.332,8.309,10.659,0.051,false,20.371,MODERATE,8,180,sequential_yolo_pose,SM-S906U1,GPU
2026-04-22 23:26:18.141,121.329,26.937,53.324,1.372,2.612,8.817,10.254,0.048,false,20.407,MODERATE,8,180,sequential_yolo_pose,SM-S906U1,GPU
2026-04-22 23:26:18.266,117.188,23.993,55.593,1.304,3.024,9.878,11.855,0.065,false,20.407,MODERATE,8,180,sequential_yolo_pose,SM-S906U1,GPU
2026-04-22 23:26:18.398,125.838,23.925,56.972,1.044,2.446,11.747,11.752,0.039,false,20.438,MODERATE,8,180,sequential_yolo_pose,SM-S906U1,GPU
2026-04-22 23:26:18.525,122.946,23.740,57.519,1.076,2.413,8.613,11.731,0.053,false,20.375,MODERATE,8,180,sequential_yolo_pose,SM-S906U1,GPU
2026-04-22 23:26:18.651,120.052,23.480,54.164,0.910,1.977,7.430,13.081,0.051,false,20.375,MODERATE,8,180,sequential_yolo_pose,SM-S906U1,GPU
2026-04-22 23:26:18.769,111.890,23.958,53.186,0.814,2.125,8.583,11.561,0.050,false,20.403,MODERATE,8,180,sequential_yolo_pose,SM-S906U1,GPU
2026-04-22 23:26:18.910,134.706,25.740,52.136,0.894,1.982,8.410,23.998,0.049,false,20.407,MODERATE,8,180,sequential_yolo_pose,SM-S906U1,GPU
2026-04-22 23:26:19.040,122.620,23.372,55.251,1.168,2.532,10.770,11.384,0.035,false,20.375,MODERATE,8,180,sequential_yolo_pose,SM-S906U1,GPU
2026-04-22 23:26:19.161,116.367,24.734,52.003,1.023,2.354,8.524,11.239,0.041,false,20.375,MODERATE,8,180,sequential_yolo_pose,SM-S906U1,GPU
2026-04-22 23:26:19.266,98.743,24.227,56.101,0.714,0.000,0.000,0.000,0.000,true,16.949,MODERATE,8,180,sequential_yolo_pose,SM-S906U1,GPU
2026-04-22 23:26:19.377,106.058,28.033,54.031,1.240,0.000,0.000,0.000,0.000,true,30.625,MODERATE,8,180,sequential_yolo_pose,SM-S906U1,GPU
2026-04-22 23:26:19.497,115.205,24.514,54.965,0.453,1.754,5.903,10.753,0.050,false,17.367,MODERATE,8,180,sequential_yolo_pose,SM-S906U1,GPU
2026-04-22 23:26:19.625,123.019,23.413,58.499,0.952,1.964,7.014,11.413,0.037,false,20.407,MODERATE,8,180,sequential_yolo_pose,SM-S906U1,GPU
2026-04-22 23:26:19.747,117.659,26.223,51.913,1.290,2.499,7.156,10.825,0.043,false,20.313,MODERATE,8,180,sequential_yolo_pose,SM-S906U1,GPU
2026-04-22 23:26:19.879,122.610,27.051,52.158,2.444,2.439,8.422,10.721,0.050,false,20.371,MODERATE,8,180,sequential_yolo_pose,SM-S906U1,GPU
2026-04-22 23:26:20.006,116.721,23.595,55.642,0.894,1.947,7.968,11.272,0.034,false,20.344,MODERATE,8,180,sequential_yolo_pose,SM-S906U1,GPU
2026-04-22 23:26:20.133,121.816,25.090,53.165,0.811,2.440,8.514,10.449,0.038,false,20.313,MODERATE,8,180,sequential_yolo_pose,SM-S906U1,GPU
2026-04-22 23:26:20.270,132.660,26.583,52.756,0.663,1.663,7.232,25.437,0.044,false,20.438,MODERATE,8,180,sequential_yolo_pose,SM-S906U1,GPU
2026-04-22 23:26:20.399,122.652,23.194,52.604,1.417,2.806,9.226,13.302,0.056,false,20.375,MODERATE,8,180,sequential_yolo_pose,SM-S906U1,GPU
2026-04-22 23:26:20.519,115.016,24.309,55.988,0.673,1.530,5.396,10.920,0.026,false,20.375,MODERATE,8,180,sequential_yolo_pose,SM-S906U1,GPU
2026-04-22 23:26:20.640,114.169,24.517,53.689,1.222,2.832,8.793,11.418,0.036,false,20.375,MODERATE,8,180,sequential_yolo_pose,SM-S906U1,GPU
2026-04-22 23:26:20.770,122.376,23.889,53.369,1.239,2.780,9.599,14.262,0.037,false,20.438,MODERATE,8,180,sequential_yolo_pose,SM-S906U1,GPU
2026-04-22 23:26:20.892,117.671,23.501,53.167,0.946,1.957,6.682,14.411,0.040,false,20.344,MODERATE,8,180,sequential_yolo_pose,SM-S906U1,GPU
2026-04-22 23:26:21.012,114.396,24.022,53.453,1.112,2.518,8.788,12.503,0.042,false,20.375,MODERATE,8,180,sequential_yolo_pose,SM-S906U1,GPU
2026-04-22 23:26:21.145,117.463,24.301,55.753,1.010,2.147,6.753,10.966,0.053,false,20.375,MODERATE,8,180,sequential_yolo_pose,SM-S906U1,GPU
2026-04-22 23:26:21.266,114.034,25.927,53.731,0.687,1.502,5.351,9.130,0.035,false,20.282,MODERATE,8,180,sequential_yolo_pose,SM-S906U1,GPU
2026-04-22 23:26:21.390,119.184,31.622,51.782,0.624,1.467,5.064,11.610,0.040,false,20.407,MODERATE,8,180,sequential_yolo_pose,SM-S906U1,GPU
2026-04-22 23:26:21.514,120.022,31.392,50.995,0.602,1.521,5.040,12.975,0.036,false,20.469,MODERATE,8,180,sequential_yolo_pose,SM-S906U1,GPU
2026-04-22 23:26:21.643,123.859,34.810,53.304,0.709,1.328,5.153,10.101,0.047,false,20.375,MODERATE,8,180,sequential_yolo_pose,SM-S906U1,GPU
2026-04-22 23:26:21.773,120.930,31.445,52.653,0.775,1.903,5.617,10.635,0.059,false,20.313,MODERATE,8,180,sequential_yolo_pose,SM-S906U1,GPU
2026-04-22 23:26:21.901,121.768,23.864,52.909,1.141,2.508,8.142,13.343,0.066,false,20.434,MODERATE,8,180,sequential_yolo_pose,SM-S906U1,GPU
2026-04-22 23:26:22.035,128.791,23.962,56.118,1.230,2.938,10.886,13.003,0.039,false,20.407,MODERATE,8,180,sequential_yolo_pose,SM-S906U1,GPU
2026-04-22 23:26:22.163,123.651,26.471,54.016,0.869,2.292,8.641,12.313,0.053,false,20.344,MODERATE,8,180,sequential_yolo_pose,SM-S906U1,GPU
2026-04-22 23:26:22.291,121.914,24.270,55.537,0.608,1.565,7.040,13.268,0.040,false,20.375,MODERATE,8,180,sequential_yolo_pose,SM-S906U1,GPU
2026-04-22 23:26:22.425,128.988,29.072,54.786,0.987,2.529,8.551,14.361,0.040,false,20.344,MODERATE,8,180,sequential_yolo_pose,SM-S906U1,GPU
2026-04-22 23:26:22.549,118.976,24.050,54.961,0.964,2.015,7.330,10.341,0.031,false,20.375,MODERATE,8,180,sequential_yolo_pose,SM-S906U1,GPU
2026-04-22 23:26:22.676,119.329,26.931,52.856,1.157,3.438,10.038,11.501,0.055,false,20.340,MODERATE,8,180,sequential_yolo_pose,SM-S906U1,GPU
2026-04-22 23:26:22.810,128.416,27.717,52.055,1.315,3.018,12.379,12.519,0.052,false,20.438,MODERATE,8,180,sequential_yolo_pose,SM-S906U1,GPU
2026-04-22 23:26:22.936,117.686,23.398,52.839,1.303,2.545,9.869,9.815,0.035,false,20.438,MODERATE,8,180,sequential_yolo_pose,SM-S906U1,GPU
2026-04-22 23:26:23.068,126.678,24.238,53.966,1.174,2.654,9.727,10.255,0.054,false,20.407,MODERATE,8,180,sequential_yolo_pose,SM-S906U1,GPU
2026-04-22 23:26:23.201,125.140,27.137,51.465,0.900,2.241,8.715,14.667,0.046,false,20.375,MODERATE,8,180,sequential_yolo_pose,SM-S906U1,GPU
2026-04-22 23:26:23.322,116.472,23.739,51.951,1.035,2.667,5.561,12.404,0.043,false,20.438,MODERATE,8,180,sequential_yolo_pose,SM-S906U1,GPU
2026-04-22 23:26:23.442,116.004,23.786,55.358,1.243,1.732,5.355,10.481,0.036,false,20.344,MODERATE,8,180,sequential_yolo_pose,SM-S906U1,GPU
2026-04-22 23:26:23.567,120.219,22.792,58.118,1.310,3.040,12.254,10.225,0.065,false,20.407,MODERATE,8,180,sequential_yolo_pose,SM-S906U1,GPU
2026-04-22 23:26:23.693,121.088,23.846,55.158,0.873,2.197,7.781,11.177,0.039,false,20.313,MODERATE,8,180,sequential_yolo_pose,SM-S906U1,GPU
2026-04-22 23:26:23.812,113.585,23.416,52.748,1.093,2.240,7.583,10.770,0.039,false,20.344,MODERATE,8,180,sequential_yolo_pose,SM-S906U1,GPU
2026-04-22 23:26:23.920,100.404,26.188,53.066,0.997,0.000,0.000,0.000,0.000,true,16.981,MODERATE,8,180,sequential_yolo_pose,SM-S906U1,GPU
2026-04-22 23:26:24.068,140.237,24.410,56.855,0.971,2.349,13.003,14.131,0.052,false,33.957,MODERATE,8,180,sequential_yolo_pose,SM-S906U1,GPU
2026-04-22 23:26:24.196,121.310,22.933,54.975,0.621,1.576,8.365,12.355,0.051,false,20.340,MODERATE,8,180,sequential_yolo_pose,SM-S906U1,GPU
2026-04-22 23:26:24.322,120.911,27.382,52.650,0.650,1.653,7.123,12.662,0.056,false,20.407,MODERATE,8,180,sequential_yolo_pose,SM-S906U1,GPU
2026-04-22 23:26:24.443,116.321,23.845,55.270,0.612,1.639,5.618,12.749,0.044,false,20.344,MODERATE,8,180,sequential_yolo_pose,SM-S906U1,GPU
2026-04-22 23:26:24.567,118.828,23.804,53.406,0.659,2.598,10.146,11.643,0.052,false,20.407,MODERATE,8,180,sequential_yolo_pose,SM-S906U1,GPU
2026-04-22 23:26:24.705,132.365,24.340,54.058,1.339,5.476,12.036,11.365,0.050,false,20.407,MODERATE,8,180,sequential_yolo_pose,SM-S906U1,GPU
2026-04-22 23:26:24.832,121.649,23.243,55.650,1.146,3.238,9.642,12.667,0.054,false,20.407,MODERATE,8,180,sequential_yolo_pose,SM-S906U1,GPU
2026-04-22 23:26:24.956,118.644,23.718,53.203,0.611,1.652,5.318,16.021,0.026,false,20.407,MODERATE,8,180,sequential_yolo_pose,SM-S906U1,GPU
2026-04-22 23:26:25.086,123.826,29.887,52.484,0.594,1.611,5.067,13.897,0.034,false,20.375,MODERATE,8,180,sequential_yolo_pose,SM-S906U1,GPU
2026-04-22 23:26:25.208,115.139,27.425,51.500,0.753,1.934,5.815,10.467,0.039,false,20.282,MODERATE,8,180,sequential_yolo_pose,SM-S906U1,GPU
2026-04-22 23:26:25.335,120.508,23.110,53.566,0.677,3.657,8.950,11.566,0.036,false,20.438,MODERATE,8,180,sequential_yolo_pose,SM-S906U1,GPU
2026-04-22 23:26:25.467,126.835,25.164,53.430,1.247,2.731,9.681,11.081,0.042,false,20.344,MODERATE,8,180,sequential_yolo_pose,SM-S906U1,GPU
2026-04-22 23:26:25.597,125.806,27.966,53.799,1.201,3.134,10.018,10.936,0.052,false,20.344,MODERATE,8,180,sequential_yolo_pose,SM-S906U1,GPU
2026-04-22 23:26:25.721,117.973,24.446,54.090,0.741,2.100,6.709,12.888,0.049,false,20.375,MODERATE,8,180,sequential_yolo_pose,SM-S906U1,GPU
2026-04-22 23:26:25.847,120.716,24.520,53.460,0.975,2.117,8.630,12.163,0.053,false,20.344,MODERATE,8,180,sequential_yolo_pose,SM-S906U1,GPU
2026-04-22 23:26:25.976,120.738,23.459,51.586,1.158,2.849,9.139,12.003,0.050,false,20.340,MODERATE,8,180,sequential_yolo_pose,SM-S906U1,GPU
2026-04-22 23:26:26.105,119.543,24.830,52.925,0.849,2.153,7.377,12.101,0.034,false,20.375,MODERATE,8,180,sequential_yolo_pose,SM-S906U1,GPU
2026-04-22 23:26:26.239,128.297,24.459,52.411,1.186,2.894,7.899,14.017,0.040,false,20.344,MODERATE,8,180,sequential_yolo_pose,SM-S906U1,GPU
2026-04-22 23:26:26.363,116.625,27.006,53.399,0.618,1.445,6.165,9.527,0.035,false,20.410,MODERATE,8,180,sequential_yolo_pose,SM-S906U1,GPU
2026-04-22 23:26:26.503,135.088,24.164,63.081,0.713,4.638,13.503,11.644,0.036,false,20.438,MODERATE,7,180,sequential_yolo_pose,SM-S906U1,GPU
2026-04-22 23:26:26.627,119.448,23.143,60.978,0.702,1.571,5.859,15.453,0.042,false,20.407,MODERATE,7,180,sequential_yolo_pose,SM-S906U1,GPU
2026-04-22 23:26:26.744,112.070,23.147,56.582,0.661,1.728,5.954,10.472,0.100,false,20.344,MODERATE,7,180,sequential_yolo_pose,SM-S906U1,GPU
2026-04-22 23:26:26.871,121.097,24.014,57.696,0.724,1.636,5.655,11.147,0.042,false,20.375,MODERATE,7,180,sequential_yolo_pose,SM-S906U1,GPU
2026-04-22 23:26:27.002,124.437,25.317,58.219,0.682,1.839,5.902,11.519,0.057,false,20.344,MODERATE,7,180,sequential_yolo_pose,SM-S906U1,GPU
2026-04-22 23:26:27.125,115.795,22.971,56.703,0.640,1.833,5.846,10.632,0.047,false,20.375,MODERATE,7,180,sequential_yolo_pose,SM-S906U1,GPU
2026-04-22 23:26:27.246,112.163,23.751,57.838,0.766,1.593,5.441,10.689,0.065,false,20.282,MODERATE,7,180,sequential_yolo_pose,SM-S906U1,GPU
2026-04-22 23:26:27.374,122.354,25.431,56.759,0.732,1.684,5.962,12.660,0.048,false,20.375,MODERATE,7,180,sequential_yolo_pose,SM-S906U1,GPU
2026-04-22 23:26:27.504,122.918,27.221,57.569,0.828,1.701,5.682,11.451,0.173,false,20.344,MODERATE,7,180,sequential_yolo_pose,SM-S906U1,GPU
2026-04-22 23:26:27.640,130.304,25.928,57.044,0.816,1.673,5.978,12.070,0.058,false,20.375,MODERATE,9,180,sequential_yolo_pose,SM-S906U1,GPU
2026-04-22 23:26:27.764,114.316,23.634,51.103,0.657,1.574,5.676,10.734,0.036,false,20.313,MODERATE,9,180,sequential_yolo_pose,SM-S906U1,GPU
2026-04-22 23:26:27.889,119.309,25.387,55.949,0.645,2.050,6.090,10.985,0.150,false,20.375,MODERATE,9,180,sequential_yolo_pose,SM-S906U1,GPU
2026-04-22 23:26:28.012,117.796,27.558,53.125,0.572,1.664,5.575,11.177,0.049,false,20.407,MODERATE,9,180,sequential_yolo_pose,SM-S906U1,GPU
2026-04-22 23:26:28.132,114.787,24.626,53.961,0.652,1.540,5.583,9.546,0.042,false,20.309,MODERATE,9,180,sequential_yolo_pose,SM-S906U1,GPU
2026-04-22 23:26:28.248,109.363,22.978,55.942,0.560,1.356,5.628,10.667,0.070,false,14.446,MODERATE,9,180,sequential_yolo_pose,SM-S906U1,GPU
2026-04-22 23:26:28.351,98.217,24.814,54.758,0.565,0.000,0.000,0.000,0.000,true,18.156,MODERATE,9,180,sequential_yolo_pose,SM-S906U1,GPU
2026-04-22 23:26:28.483,126.052,29.911,52.600,1.105,2.274,8.664,11.210,0.070,false,35.165,MODERATE,9,180,sequential_yolo_pose,SM-S906U1,GPU
2026-04-22 23:26:28.606,115.352,23.919,54.483,1.327,2.997,7.798,10.346,0.038,false,17.461,MODERATE,8,180,sequential_yolo_pose,SM-S906U1,GPU
2026-04-22 23:26:28.735,123.452,24.323,55.156,1.093,2.589,12.810,10.320,0.056,false,20.375,MODERATE,8,180,sequential_yolo_pose,SM-S906U1,GPU
2026-04-22 23:26:28.853,110.291,23.278,53.525,0.966,1.998,7.321,10.639,0.043,false,20.313,MODERATE,8,180,sequential_yolo_pose,SM-S906U1,GPU
2026-04-22 23:26:28.977,119.299,25.746,53.438,1.379,2.711,7.305,10.566,0.050,false,20.344,MODERATE,8,180,sequential_yolo_pose,SM-S906U1,GPU
2026-04-22 23:26:29.114,126.057,26.079,54.061,1.176,4.611,8.358,11.226,0.044,false,20.375,MODERATE,8,180,sequential_yolo_pose,SM-S906U1,GPU
2026-04-22 23:26:29.244,121.294,23.982,53.646,1.319,2.927,9.207,10.838,0.074,false,20.344,MODERATE,8,180,sequential_yolo_pose,SM-S906U1,GPU
2026-04-22 23:26:29.369,117.281,23.418,52.069,0.762,2.031,9.601,15.264,0.053,false,20.375,MODERATE,8,180,sequential_yolo_pose,SM-S906U1,GPU
2026-04-22 23:26:29.511,136.560,24.054,54.571,1.188,6.703,15.156,12.135,0.050,false,20.469,MODERATE,8,180,sequential_yolo_pose,SM-S906U1,GPU
2026-04-22 23:26:29.642,125.330,25.281,54.360,1.000,3.064,10.112,11.287,0.062,false,20.375,MODERATE,8,180,sequential_yolo_pose,SM-S906U1,GPU
2026-04-22 23:26:29.766,116.986,24.216,54.396,0.592,1.767,8.272,14.840,0.052,false,20.407,MODERATE,8,180,sequential_yolo_pose,SM-S906U1,GPU
2026-04-22 23:26:29.896,125.970,23.742,53.232,0.630,1.711,10.864,13.244,0.056,false,20.375,MODERATE,8,180,sequential_yolo_pose,SM-S906U1,GPU
2026-04-22 23:26:30.023,122.998,26.867,53.818,0.923,2.134,8.192,17.646,0.063,false,20.375,MODERATE,8,180,sequential_yolo_pose,SM-S906U1,GPU
2026-04-22 23:26:30.152,122.258,25.242,55.568,0.933,1.610,5.242,16.267,0.039,false,20.375,MODERATE,8,180,sequential_yolo_pose,SM-S906U1,GPU
2026-04-22 23:26:30.268,113.116,24.363,52.441,1.276,3.325,10.309,9.771,0.098,false,20.407,MODERATE,8,180,sequential_yolo_pose,SM-S906U1,GPU
2026-04-22 23:26:30.399,126.012,24.148,54.832,0.672,2.570,14.091,14.692,0.022,false,20.469,MODERATE,8,180,sequential_yolo_pose,SM-S906U1,GPU
2026-04-22 23:26:30.524,121.300,22.917,53.512,0.999,2.473,7.504,20.031,0.035,false,20.407,MODERATE,8,180,sequential_yolo_pose,SM-S906U1,GPU
2026-04-22 23:26:30.640,110.957,23.984,53.563,1.295,2.127,6.239,10.157,0.061,false,20.313,MODERATE,8,180,sequential_yolo_pose,SM-S906U1,GPU
2026-04-22 23:26:30.770,125.434,30.001,53.399,0.828,2.254,7.580,11.886,0.060,false,20.407,MODERATE,8,180,sequential_yolo_pose,SM-S906U1,GPU
2026-04-22 23:26:30.894,118.605,25.563,52.449,0.569,1.624,6.106,11.011,0.063,false,20.344,MODERATE,8,180,sequential_yolo_pose,SM-S906U1,GPU
2026-04-22 23:26:31.021,121.679,24.337,56.164,0.899,2.919,8.635,10.889,0.081,false,20.375,MODERATE,8,180,sequential_yolo_pose,SM-S906U1,GPU
2026-04-22 23:26:31.150,122.328,27.734,56.591,0.435,1.201,4.456,12.285,0.065,false,20.344,MODERATE,8,180,sequential_yolo_pose,SM-S906U1,GPU
2026-04-22 23:26:31.266,109.239,24.213,51.641,0.695,2.242,8.249,10.119,0.055,false,20.371,MODERATE,8,180,sequential_yolo_pose,SM-S906U1,GPU
2026-04-22 23:26:31.401,127.452,25.038,51.898,0.562,1.807,9.324,16.057,0.028,false,20.344,MODERATE,8,180,sequential_yolo_pose,SM-S906U1,GPU
2026-04-22 23:26:31.530,123.625,26.598,52.516,0.633,2.614,9.814,13.103,0.030,false,20.375,MODERATE,8,180,sequential_yolo_pose,SM-S906U1,GPU
2026-04-22 23:26:31.667,132.886,29.456,53.621,0.831,2.169,11.225,16.133,0.047,false,20.469,MODERATE,8,180,sequential_yolo_pose,SM-S906U1,GPU
2026-04-22 23:26:31.795,123.367,27.820,53.073,0.765,1.839,6.832,15.408,0.046,false,20.344,MODERATE,8,180,sequential_yolo_pose,SM-S906U1,GPU
2026-04-22 23:26:31.912,111.318,24.065,53.800,0.581,1.476,5.696,11.041,0.048,false,20.313,MODERATE,8,180,sequential_yolo_pose,SM-S906U1,GPU
2026-04-22 23:26:32.050,132.876,23.529,54.673,0.965,2.618,11.154,20.142,0.060,false,20.434,MODERATE,8,180,sequential_yolo_pose,SM-S906U1,GPU
2026-04-22 23:26:32.174,118.848,22.946,54.400,1.038,2.766,12.060,11.051,0.061,false,20.407,MODERATE,8,180,sequential_yolo_pose,SM-S906U1,GPU
2026-04-22 23:26:32.309,123.218,23.332,56.427,1.376,2.666,12.358,14.716,0.601,false,20.375,MODERATE,8,180,sequential_yolo_pose,SM-S906U1,GPU
2026-04-22 23:26:32.433,115.330,23.571,53.603,0.657,1.751,5.218,10.971,0.048,false,20.375,MODERATE,8,180,sequential_yolo_pose,SM-S906U1,GPU
2026-04-22 23:26:32.563,124.563,24.092,53.904,0.720,2.304,8.039,17.669,0.061,false,20.407,MODERATE,8,180,sequential_yolo_pose,SM-S906U1,GPU
2026-04-22 23:26:32.693,124.386,28.544,55.044,0.605,1.841,7.867,12.784,0.059,false,20.375,MODERATE,7,180,sequential_yolo_pose,SM-S906U1,GPU
2026-04-22 23:26:32.795,96.446,25.351,52.453,0.616,0.000,0.000,0.000,0.000,true,16.949,MODERATE,7,180,sequential_yolo_pose,SM-S906U1,GPU
2026-04-22 23:26:32.909,109.148,29.044,57.358,0.449,0.000,0.000,0.000,0.000,true,30.657,MODERATE,7,180,sequential_yolo_pose,SM-S906U1,GPU
2026-04-22 23:26:33.021,104.850,27.797,53.345,0.665,0.000,0.000,0.000,0.000,true,13.899,MODERATE,7,180,sequential_yolo_pose,SM-S906U1,GPU
2026-04-22 23:26:33.123,95.712,23.811,53.787,0.570,0.000,0.000,0.000,0.000,true,16.942,MODERATE,7,180,sequential_yolo_pose,SM-S906U1,GPU
2026-04-22 23:26:33.254,125.581,24.014,54.335,0.996,2.630,9.191,12.374,0.051,false,33.950,MODERATE,7,180,sequential_yolo_pose,SM-S906U1,GPU
2026-04-22 23:26:33.391,129.547,28.266,55.482,0.772,2.099,6.937,14.500,0.067,false,20.340,MODERATE,7,180,sequential_yolo_pose,SM-S906U1,GPU
2026-04-22 23:26:33.512,115.684,24.317,56.223,0.568,1.533,5.412,11.267,0.062,false,20.313,MODERATE,7,180,sequential_yolo_pose,SM-S906U1,GPU
2026-04-22 23:26:33.632,114.307,23.668,56.763,0.609,1.827,8.341,9.769,0.053,false,20.469,MODERATE,9,180,sequential_yolo_pose,SM-S906U1,GPU
2026-04-22 23:26:33.760,123.308,24.180,54.256,0.970,2.397,8.406,16.962,0.059,false,20.344,MODERATE,9,180,sequential_yolo_pose,SM-S906U1,GPU
2026-04-22 23:26:33.881,115.359,24.473,55.835,0.459,1.491,5.187,11.216,0.059,false,20.282,MODERATE,9,180,sequential_yolo_pose,SM-S906U1,GPU
2026-04-22 23:26:34.016,127.646,25.589,53.383,4.150,2.969,8.503,14.478,0.047,false,20.407,MODERATE,9,180,sequential_yolo_pose,SM-S906U1,GPU
2026-04-22 23:26:34.145,122.852,23.219,56.751,1.048,2.833,8.114,13.739,0.059,false,20.344,MODERATE,9,180,sequential_yolo_pose,SM-S906U1,GPU
2026-04-22 23:26:34.274,122.488,26.003,53.651,0.961,2.876,9.099,11.065,0.052,false,20.375,MODERATE,9,180,sequential_yolo_pose,SM-S906U1,GPU
2026-04-22 23:26:34.408,126.730,24.308,52.574,0.871,2.326,13.641,15.805,0.060,false,20.469,MODERATE,9,180,sequential_yolo_pose,SM-S906U1,GPU
2026-04-22 23:26:34.537,116.363,27.875,53.870,0.472,1.068,3.982,10.103,0.069,false,20.344,MODERATE,9,180,sequential_yolo_pose,SM-S906U1,GPU
2026-04-22 23:26:34.674,131.348,23.602,56.512,0.989,6.617,11.405,11.562,0.059,false,20.500,MODERATE,8,180,sequential_yolo_pose,SM-S906U1,GPU
2026-04-22 23:26:34.802,121.902,27.782,52.572,0.862,3.143,8.826,10.686,0.076,false,20.282,MODERATE,8,180,sequential_yolo_pose,SM-S906U1,GPU
2026-04-22 23:26:34.933,124.587,26.440,51.949,0.744,2.116,10.141,11.884,0.037,false,20.403,MODERATE,8,180,sequential_yolo_pose,SM-S906U1,GPU
2026-04-22 23:26:35.037,98.077,24.271,54.387,0.260,0.000,0.000,0.000,0.000,true,16.981,MODERATE,8,180,sequential_yolo_pose,SM-S906U1,GPU
2026-04-22 23:26:35.178,135.615,31.271,54.653,0.732,2.493,9.629,11.110,0.048,false,33.989,MODERATE,8,180,sequential_yolo_pose,SM-S906U1,GPU
2026-04-22 23:26:35.311,122.598,27.628,55.024,0.818,2.572,7.638,11.552,0.047,false,20.371,MODERATE,8,180,sequential_yolo_pose,SM-S906U1,GPU
2026-04-22 23:26:35.409,92.771,23.432,52.754,0.692,0.000,0.000,0.000,0.000,true,16.977,MODERATE,8,180,sequential_yolo_pose,SM-S906U1,GPU
2026-04-22 23:26:35.546,123.575,23.902,53.136,1.106,2.150,10.852,11.582,0.033,false,33.954,MODERATE,8,180,sequential_yolo_pose,SM-S906U1,GPU
2026-04-22 23:26:35.678,125.542,31.090,56.832,1.122,2.508,9.432,12.368,0.064,false,30.403,MODERATE,8,180,sequential_yolo_pose,SM-S906U1,GPU
2026-04-22 23:26:35.809,123.945,26.444,52.952,0.960,2.988,8.222,11.099,0.076,false,20.344,MODERATE,8,180,sequential_yolo_pose,SM-S906U1,GPU
2026-04-22 23:26:35.945,129.435,25.399,56.769,1.029,2.613,10.670,11.009,0.064,false,20.434,MODERATE,8,180,sequential_yolo_pose,SM-S906U1,GPU
2026-04-22 23:26:36.075,123.823,25.534,54.724,0.802,2.491,9.754,11.391,0.169,false,20.375,MODERATE,8,180,sequential_yolo_pose,SM-S906U1,GPU
2026-04-22 23:26:36.205,120.006,24.043,53.399,1.139,2.148,9.589,11.962,0.052,false,20.375,MODERATE,8,180,sequential_yolo_pose,SM-S906U1,GPU
2026-04-22 23:26:36.330,119.354,23.429,53.925,1.023,3.018,10.638,10.251,0.058,false,20.403,MODERATE,8,180,sequential_yolo_pose,SM-S906U1,GPU
2026-04-22 23:26:36.459,123.168,25.892,53.449,0.809,2.433,8.446,14.152,0.050,false,20.344,MODERATE,8,180,sequential_yolo_pose,SM-S906U1,GPU
2026-04-22 23:26:36.583,118.667,23.902,54.953,0.761,2.340,7.488,10.874,0.054,false,20.313,MODERATE,8,180,sequential_yolo_pose,SM-S906U1,GPU
2026-04-22 23:26:36.707,117.782,24.451,53.016,1.137,2.613,8.013,10.426,0.054,false,20.282,MODERATE,8,180,sequential_yolo_pose,SM-S906U1,GPU
2026-04-22 23:26:36.844,128.882,24.328,57.470,1.091,3.333,14.524,10.945,0.049,false,20.465,MODERATE,8,180,sequential_yolo_pose,SM-S906U1,GPU
2026-04-22 23:26:36.974,122.446,23.389,53.042,1.177,2.544,12.817,13.148,0.050,false,20.407,MODERATE,8,180,sequential_yolo_pose,SM-S906U1,GPU
2026-04-22 23:26:37.101,120.415,23.960,54.991,1.132,2.903,9.178,11.563,0.048,false,20.375,MODERATE,8,180,sequential_yolo_pose,SM-S906U1,GPU
2026-04-22 23:26:37.231,125.744,26.485,52.454,0.852,2.726,10.143,14.392,0.057,false,20.407,MODERATE,8,180,sequential_yolo_pose,SM-S906U1,GPU
2026-04-22 23:26:37.333,97.624,24.202,55.308,0.549,0.000,0.000,0.000,0.000,true,16.949,MODERATE,8,180,sequential_yolo_pose,SM-S906U1,GPU
2026-04-22 23:26:37.476,137.617,28.800,54.765,0.977,2.744,12.703,11.696,0.131,false,33.989,MODERATE,8,180,sequential_yolo_pose,SM-S906U1,GPU
2026-04-22 23:26:37.623,140.921,31.207,57.379,1.165,2.744,9.469,17.494,0.062,false,30.340,MODERATE,7,180,sequential_yolo_pose,SM-S906U1,GPU
2026-04-22 23:26:37.724,96.062,24.314,52.521,0.846,0.000,0.000,0.000,0.000,true,16.949,MODERATE,7,180,sequential_yolo_pose,SM-S906U1,GPU
2026-04-22 23:26:37.861,130.399,28.192,58.298,0.507,1.427,10.346,11.509,0.063,false,33.957,MODERATE,7,180,sequential_yolo_pose,SM-S906U1,GPU
2026-04-22 23:26:38.000,130.462,27.972,54.150,0.916,2.000,7.611,13.068,0.079,false,20.340,MODERATE,7,180,sequential_yolo_pose,SM-S906U1,GPU
2026-04-22 23:26:38.135,128.046,28.502,52.014,0.911,2.246,11.392,12.220,0.056,false,20.344,MODERATE,7,180,sequential_yolo_pose,SM-S906U1,GPU
2026-04-22 23:26:38.260,118.719,25.893,51.994,0.651,1.814,9.721,10.671,0.060,false,20.282,MODERATE,7,180,sequential_yolo_pose,SM-S906U1,GPU
2026-04-22 23:26:38.381,116.452,24.156,54.926,0.782,2.828,7.633,11.421,0.070,false,20.375,MODERATE,7,180,sequential_yolo_pose,SM-S906U1,GPU
2026-04-22 23:26:38.507,119.672,25.897,53.580,0.554,3.790,6.718,10.789,0.053,false,20.407,MODERATE,7,180,sequential_yolo_pose,SM-S906U1,GPU
2026-04-22 23:26:38.628,114.100,23.725,54.772,0.486,1.719,7.187,14.669,0.045,false,20.375,MODERATE,8,180,sequential_yolo_pose,SM-S906U1,GPU
2026-04-22 23:26:38.758,126.092,28.749,53.387,0.561,1.632,6.568,16.983,0.059,false,20.375,MODERATE,8,180,sequential_yolo_pose,SM-S906U1,GPU
2026-04-22 23:26:38.891,126.970,24.465,53.336,0.718,2.039,8.269,19.337,0.053,false,20.371,MODERATE,8,180,sequential_yolo_pose,SM-S906U1,GPU
2026-04-22 23:26:39.014,119.080,24.138,56.874,0.725,2.279,6.581,10.950,0.060,false,20.344,MODERATE,8,180,sequential_yolo_pose,SM-S906U1,GPU
2026-04-22 23:26:39.145,124.177,24.778,53.114,1.098,3.170,11.195,14.459,0.068,false,20.375,MODERATE,8,180,sequential_yolo_pose,SM-S906U1,GPU
2026-04-22 23:26:39.274,120.971,23.406,53.462,1.102,2.689,10.358,11.589,0.050,false,20.344,MODERATE,8,180,sequential_yolo_pose,SM-S906U1,GPU
2026-04-22 23:26:39.406,125.566,23.812,54.071,1.066,2.771,10.003,13.001,0.051,false,20.407,MODERATE,8,180,sequential_yolo_pose,SM-S906U1,GPU
2026-04-22 23:26:39.526,112.937,24.203,53.491,0.629,2.398,7.805,12.788,0.056,false,20.407,MODERATE,8,180,sequential_yolo_pose,SM-S906U1,GPU
2026-04-22 23:26:39.653,121.476,24.898,52.794,0.813,1.689,6.385,15.857,0.041,false,20.407,MODERATE,8,180,sequential_yolo_pose,SM-S906U1,GPU
2026-04-22 23:26:39.788,125.497,26.366,53.376,1.194,2.676,10.251,13.481,0.052,false,20.375,MODERATE,8,180,sequential_yolo_pose,SM-S906U1,GPU
2026-04-22 23:26:39.916,120.478,23.941,53.959,0.973,2.849,9.327,13.177,0.055,false,20.407,MODERATE,8,180,sequential_yolo_pose,SM-S906U1,GPU
2026-04-22 23:26:40.038,117.234,23.216,53.130,0.905,2.666,8.285,11.770,0.055,false,20.375,MODERATE,8,180,sequential_yolo_pose,SM-S906U1,GPU
2026-04-22 23:26:40.167,123.802,25.170,52.509,0.909,3.111,9.878,10.316,0.036,false,20.340,MODERATE,8,180,sequential_yolo_pose,SM-S906U1,GPU
2026-04-22 23:26:40.286,114.810,23.481,54.313,0.632,1.717,6.011,11.791,0.075,false,20.344,MODERATE,8,180,sequential_yolo_pose,SM-S906U1,GPU
2026-04-22 23:26:40.418,124.333,28.441,52.271,0.775,2.506,7.664,11.525,0.061,false,20.313,MODERATE,8,180,sequential_yolo_pose,SM-S906U1,GPU
2026-04-22 23:26:40.548,124.291,26.145,51.925,1.132,2.800,11.457,14.473,0.052,false,20.407,MODERATE,8,180,sequential_yolo_pose,SM-S906U1,GPU
2026-04-22 23:26:40.670,112.278,23.886,52.783,1.195,2.676,7.556,11.098,0.035,false,20.375,MODERATE,8,180,sequential_yolo_pose,SM-S906U1,GPU
2026-04-22 23:26:40.798,123.333,23.792,54.553,1.143,2.668,11.799,11.315,0.038,false,20.375,MODERATE,8,180,sequential_yolo_pose,SM-S906U1,GPU
2026-04-22 23:26:40.916,112.586,23.537,54.823,1.032,1.842,6.435,11.154,0.050,false,20.313,MODERATE,8,180,sequential_yolo_pose,SM-S906U1,GPU
2026-04-22 23:26:41.040,118.494,23.544,56.507,1.127,2.663,8.653,14.117,0.045,false,14.508,MODERATE,8,180,sequential_yolo_pose,SM-S906U1,GPU
2026-04-22 23:26:41.164,116.964,25.451,51.817,0.683,3.779,11.562,12.486,0.040,false,21.520,MODERATE,8,180,sequential_yolo_pose,SM-S906U1,GPU
2026-04-22 23:26:41.291,122.997,25.419,53.267,0.971,1.986,10.274,13.373,0.028,false,38.465,MODERATE,8,180,sequential_yolo_pose,SM-S906U1,GPU
2026-04-22 23:26:41.428,130.593,26.673,55.034,0.800,2.163,7.493,16.760,0.049,false,20.371,MODERATE,8,180,sequential_yolo_pose,SM-S906U1,GPU
2026-04-22 23:26:41.548,115.568,26.244,52.440,0.677,1.640,5.301,11.898,0.052,false,20.375,MODERATE,8,180,sequential_yolo_pose,SM-S906U1,GPU
2026-04-22 23:26:41.672,118.294,23.806,55.041,1.263,2.952,11.766,11.286,0.037,false,20.500,MODERATE,8,180,sequential_yolo_pose,SM-S906U1,GPU
2026-04-22 23:26:41.797,119.021,23.315,51.520,0.647,1.478,8.439,13.189,0.039,false,20.375,MODERATE,8,180,sequential_yolo_pose,SM-S906U1,GPU
2026-04-22 23:26:41.926,123.567,27.607,54.714,0.549,1.672,9.955,11.506,0.061,false,20.344,MODERATE,8,180,sequential_yolo_pose,SM-S906U1,GPU
2026-04-22 23:26:42.059,127.907,27.545,53.192,0.716,2.363,8.420,17.867,0.044,false,20.469,MODERATE,8,180,sequential_yolo_pose,SM-S906U1,GPU
2026-04-22 23:26:42.179,116.685,23.759,53.697,1.077,2.173,5.448,12.636,0.040,false,20.375,MODERATE,8,180,sequential_yolo_pose,SM-S906U1,GPU
2026-04-22 23:26:42.294,110.234,23.243,51.349,0.511,1.662,9.375,11.697,0.053,false,20.340,MODERATE,8,180,sequential_yolo_pose,SM-S906U1,GPU
2026-04-22 23:26:42.420,121.027,27.285,53.630,0.571,1.948,7.270,11.453,0.055,false,20.313,MODERATE,8,180,sequential_yolo_pose,SM-S906U1,GPU
2026-04-22 23:26:42.549,121.215,24.798,52.563,1.071,2.867,8.776,12.876,0.058,false,20.375,MODERATE,8,180,sequential_yolo_pose,SM-S906U1,GPU
2026-04-22 23:26:42.672,114.604,24.491,53.821,0.751,2.556,5.628,9.655,0.049,false,20.375,MODERATE,8,180,sequential_yolo_pose,SM-S906U1,GPU
2026-04-22 23:26:42.794,118.317,23.515,54.863,0.781,2.046,7.536,12.209,0.043,false,20.375,MODERATE,8,180,sequential_yolo_pose,SM-S906U1,GPU
2026-04-22 23:26:42.910,112.036,23.580,53.933,0.761,2.323,7.345,10.232,0.062,false,20.344,MODERATE,8,180,sequential_yolo_pose,SM-S906U1,GPU
2026-04-22 23:26:43.038,122.403,24.054,52.661,1.043,2.715,11.394,10.762,0.059,false,20.344,MODERATE,8,180,sequential_yolo_pose,SM-S906U1,GPU
2026-04-22 23:26:43.169,124.630,30.003,52.898,0.969,2.825,10.405,10.248,0.053,false,20.375,MODERATE,8,180,sequential_yolo_pose,SM-S906U1,GPU
2026-04-22 23:26:43.293,117.043,23.186,53.787,0.701,1.825,7.102,13.496,0.054,false,20.313,MODERATE,8,180,sequential_yolo_pose,SM-S906U1,GPU
2026-04-22 23:26:43.412,114.944,25.120,51.173,0.516,1.414,5.001,12.285,0.052,false,20.375,MODERATE,8,180,sequential_yolo_pose,SM-S906U1,GPU
2026-04-22 23:26:43.538,119.559,27.404,53.619,0.600,2.658,7.319,10.434,0.048,false,20.313,MODERATE,8,180,sequential_yolo_pose,SM-S906U1,GPU
2026-04-22 23:26:43.663,120.424,23.829,53.839,0.805,2.041,8.059,11.898,0.037,false,20.375,MODERATE,8,180,sequential_yolo_pose,SM-S906U1,GPU
2026-04-22 23:26:43.792,124.780,24.484,52.832,0.902,2.389,8.543,15.423,0.059,false,20.438,MODERATE,8,180,sequential_yolo_pose,SM-S906U1,GPU
2026-04-22 23:26:43.914,118.429,24.057,52.886,0.729,1.887,7.318,11.434,0.070,false,20.375,MODERATE,8,180,sequential_yolo_pose,SM-S906U1,GPU
2026-04-22 23:26:44.044,120.911,24.449,53.206,1.094,3.083,10.282,10.860,0.049,false,20.282,MODERATE,8,180,sequential_yolo_pose,SM-S906U1,GPU
2026-04-22 23:26:44.173,121.564,28.348,53.051,1.150,2.596,4.249,9.959,0.044,false,20.282,MODERATE,8,180,sequential_yolo_pose,SM-S906U1,GPU
2026-04-22 23:26:44.307,123.716,28.256,53.567,1.280,3.785,6.996,11.032,0.052,false,20.407,MODERATE,8,180,sequential_yolo_pose,SM-S906U1,GPU
2026-04-22 23:26:44.437,125.312,23.614,54.771,1.149,2.736,10.297,12.206,0.057,false,20.371,MODERATE,8,180,sequential_yolo_pose,SM-S906U1,GPU
2026-04-22 23:26:44.569,127.086,25.362,55.687,0.895,2.538,9.962,14.006,0.053,false,20.375,MODERATE,8,180,sequential_yolo_pose,SM-S906U1,GPU
2026-04-22 23:26:44.696,122.640,23.946,54.228,0.688,1.741,8.235,12.946,0.032,false,20.469,MODERATE,8,180,sequential_yolo_pose,SM-S906U1,GPU
2026-04-22 23:26:44.818,118.408,23.724,52.598,0.974,2.436,8.280,16.503,0.044,false,20.375,MODERATE,8,180,sequential_yolo_pose,SM-S906U1,GPU
2026-04-22 23:26:44.951,126.425,26.219,56.171,1.063,2.321,8.467,12.438,0.057,false,20.371,MODERATE,8,180,sequential_yolo_pose,SM-S906U1,GPU
2026-04-22 23:26:45.078,119.746,23.569,52.979,1.171,2.996,8.495,11.729,0.037,false,20.344,MODERATE,8,180,sequential_yolo_pose,SM-S906U1,GPU
2026-04-22 23:26:45.208,125.311,27.495,53.090,0.625,2.406,10.923,11.827,0.065,false,20.403,MODERATE,8,180,sequential_yolo_pose,SM-S906U1,GPU
2026-04-22 23:26:45.334,119.907,25.196,54.012,0.568,2.065,8.127,11.933,0.045,false,20.375,MODERATE,8,180,sequential_yolo_pose,SM-S906U1,GPU
2026-04-22 23:26:45.462,124.385,26.291,53.012,0.583,1.328,9.643,13.368,0.061,false,20.375,MODERATE,8,180,sequential_yolo_pose,SM-S906U1,GPU
2026-04-22 23:26:45.590,123.706,26.176,53.854,0.771,2.072,8.613,14.394,0.043,false,20.375,MODERATE,8,180,sequential_yolo_pose,SM-S906U1,GPU
2026-04-22 23:26:45.712,115.609,25.720,52.387,0.935,1.601,5.684,11.513,0.043,false,20.438,MODERATE,8,180,sequential_yolo_pose,SM-S906U1,GPU
2026-04-22 23:26:45.844,125.402,23.740,54.725,1.049,2.890,13.971,12.371,0.052,false,20.375,MODERATE,8,180,sequential_yolo_pose,SM-S906U1,GPU
2026-04-22 23:26:45.977,123.059,25.642,54.627,0.655,1.998,9.355,12.100,0.108,false,20.375,MODERATE,8,180,sequential_yolo_pose,SM-S906U1,GPU
2026-04-22 23:26:46.097,111.505,26.981,52.676,0.394,1.055,3.898,9.557,0.053,false,20.340,MODERATE,8,180,sequential_yolo_pose,SM-S906U1,GPU
2026-04-22 23:26:46.214,112.212,24.161,53.239,0.632,1.887,6.460,10.496,0.049,false,20.309,MODERATE,8,180,sequential_yolo_pose,SM-S906U1,GPU
2026-04-22 23:26:46.337,118.581,26.518,51.965,0.596,1.495,6.845,11.022,0.053,false,20.344,MODERATE,8,180,sequential_yolo_pose,SM-S906U1,GPU
2026-04-22 23:26:46.471,129.626,24.421,53.569,0.794,2.811,17.581,12.451,0.033,false,20.496,MODERATE,8,180,sequential_yolo_pose,SM-S906U1,GPU
2026-04-22 23:26:46.586,106.770,22.938,51.810,0.553,1.524,5.196,11.503,0.053,false,20.375,MODERATE,8,180,sequential_yolo_pose,SM-S906U1,GPU
2026-04-22 23:26:46.705,114.488,23.855,53.965,2.660,1.471,4.628,10.259,0.070,false,20.500,MODERATE,8,180,sequential_yolo_pose,SM-S906U1,GPU
2026-04-22 23:26:46.833,124.997,23.710,56.291,0.999,2.751,8.772,13.551,0.045,false,20.375,MODERATE,8,180,sequential_yolo_pose,SM-S906U1,GPU
2026-04-22 23:26:46.952,114.834,24.445,52.436,0.484,1.488,5.027,10.334,0.056,false,20.344,MODERATE,8,180,sequential_yolo_pose,SM-S906U1,GPU
2026-04-22 23:26:47.076,117.995,25.464,53.650,0.654,1.870,6.678,10.332,0.051,false,20.407,MODERATE,8,180,sequential_yolo_pose,SM-S906U1,GPU
2026-04-22 23:26:47.205,122.691,26.512,51.430,0.884,2.169,10.967,10.477,0.051,false,20.375,MODERATE,8,180,sequential_yolo_pose,SM-S906U1,GPU
2026-04-22 23:26:47.341,121.693,31.135,51.030,0.575,1.539,6.623,9.674,0.052,false,20.375,MODERATE,8,180,sequential_yolo_pose,SM-S906U1,GPU
2026-04-22 23:26:47.463,113.012,23.432,52.951,0.471,1.484,5.548,9.291,0.047,false,20.278,MODERATE,8,180,sequential_yolo_pose,SM-S906U1,GPU
2026-04-22 23:26:47.591,123.389,23.612,52.364,0.483,1.484,5.027,17.749,0.047,false,20.407,MODERATE,8,180,sequential_yolo_pose,SM-S906U1,GPU
2026-04-22 23:26:47.724,128.833,29.184,56.123,0.365,1.553,5.187,19.762,0.148,false,20.438,MODERATE,8,180,sequential_yolo_pose,SM-S906U1,GPU
2026-04-22 23:26:47.857,123.920,30.202,54.098,0.521,1.348,6.168,11.089,0.033,false,20.344,MODERATE,8,180,sequential_yolo_pose,SM-S906U1,GPU
2026-04-22 23:26:47.965,105.270,23.233,53.837,0.621,1.916,5.410,9.260,0.045,false,20.282,MODERATE,8,180,sequential_yolo_pose,SM-S906U1,GPU
2026-04-22 23:26:48.082,113.477,23.897,55.665,0.590,1.479,7.624,12.224,0.049,false,20.375,MODERATE,8,180,sequential_yolo_pose,SM-S906U1,GPU
2026-04-22 23:26:48.213,125.503,23.981,57.111,1.140,4.061,8.194,15.122,0.043,false,20.407,MODERATE,8,180,sequential_yolo_pose,SM-S906U1,GPU
2026-04-22 23:26:48.345,128.650,23.415,55.863,1.053,3.195,20.221,13.773,0.053,false,20.438,MODERATE,8,180,sequential_yolo_pose,SM-S906U1,GPU
2026-04-22 23:26:48.467,117.888,23.252,53.558,0.703,1.731,6.605,10.405,0.059,false,20.313,MODERATE,8,180,sequential_yolo_pose,SM-S906U1,GPU
2026-04-22 23:26:48.591,119.254,24.382,53.331,0.647,1.631,6.029,13.855,0.035,false,20.375,MODERATE,8,180,sequential_yolo_pose,SM-S906U1,GPU
2026-04-22 23:26:48.710,110.021,23.227,53.093,0.581,1.429,4.993,11.544,0.034,false,20.500,MODERATE,8,180,sequential_yolo_pose,SM-S906U1,GPU
2026-04-22 23:26:48.848,126.251,25.881,52.973,0.926,5.505,8.235,11.818,0.037,false,20.407,MODERATE,8,180,sequential_yolo_pose,SM-S906U1,GPU
2026-04-22 23:26:48.975,122.189,23.855,56.175,1.105,2.704,9.156,10.789,0.055,false,20.344,MODERATE,8,180,sequential_yolo_pose,SM-S906U1,GPU
2026-04-22 23:26:49.106,120.928,27.123,53.949,0.639,1.451,5.223,10.337,0.039,false,20.375,MODERATE,8,180,sequential_yolo_pose,SM-S906U1,GPU
2026-04-22 23:26:49.239,128.122,27.899,51.887,1.327,2.819,10.325,15.914,0.037,false,20.371,MODERATE,8,180,sequential_yolo_pose,SM-S906U1,GPU
2026-04-22 23:26:49.367,122.780,24.397,52.306,1.048,2.172,8.344,11.731,0.056,false,20.375,MODERATE,8,180,sequential_yolo_pose,SM-S906U1,GPU
2026-04-22 23:26:49.498,126.315,26.620,56.279,0.967,3.456,10.095,11.186,0.055,false,20.407,MODERATE,8,180,sequential_yolo_pose,SM-S906U1,GPU
2026-04-22 23:26:49.629,126.643,25.675,53.956,1.090,2.908,9.911,11.588,0.053,false,20.375,MODERATE,8,180,sequential_yolo_pose,SM-S906U1,GPU
2026-04-22 23:26:49.761,127.067,23.965,55.214,0.972,2.387,11.616,15.277,0.066,false,20.442,MODERATE,8,180,sequential_yolo_pose,SM-S906U1,GPU
2026-04-22 23:26:49.883,118.404,25.039,52.778,0.985,2.708,8.468,12.159,0.043,false,20.375,MODERATE,8,180,sequential_yolo_pose,SM-S906U1,GPU
2026-04-22 23:26:50.025,133.264,28.729,53.069,0.970,2.930,8.808,19.939,0.049,false,20.407,MODERATE,8,180,sequential_yolo_pose,SM-S906U1,GPU
2026-04-22 23:26:50.159,130.126,24.535,53.980,0.942,2.372,8.427,17.536,0.058,false,20.375,MODERATE,8,180,sequential_yolo_pose,SM-S906U1,GPU
2026-04-22 23:26:50.280,116.529,24.244,55.831,0.748,1.669,6.296,10.966,0.037,false,20.375,SEVERE,8,180,sequential_yolo_pose,SM-S906U1,GPU
2026-04-22 23:26:50.416,130.279,26.927,53.604,1.091,3.755,8.385,12.800,0.077,false,20.375,SEVERE,8,180,sequential_yolo_pose,SM-S906U1,GPU
2026-04-22 23:26:50.539,116.628,23.850,52.818,1.047,2.721,10.410,10.455,0.051,false,20.313,SEVERE,8,180,sequential_yolo_pose,SM-S906U1,GPU
2026-04-22 23:26:50.664,120.155,24.700,51.839,0.573,1.935,9.959,12.630,0.054,false,20.371,SEVERE,8,180,sequential_yolo_pose,SM-S906U1,GPU
2026-04-22 23:26:50.791,121.378,28.636,53.106,0.895,2.484,7.712,10.583,0.056,false,20.344,SEVERE,8,180,sequential_yolo_pose,SM-S906U1,GPU
2026-04-22 23:26:50.895,100.129,25.550,55.614,0.914,0.000,0.000,0.000,0.000,true,16.946,SEVERE,8,180,sequential_yolo_pose,SM-S906U1,GPU
2026-04-22 23:26:51.037,134.305,24.528,55.811,1.134,2.683,10.673,10.859,0.039,false,33.985,SEVERE,8,180,sequential_yolo_pose,SM-S906U1,GPU
2026-04-22 23:26:51.177,130.201,27.395,55.773,0.928,5.739,8.290,11.086,0.051,false,20.375,SEVERE,8,180,sequential_yolo_pose,SM-S906U1,GPU
2026-04-22 23:26:51.310,126.893,24.991,54.518,0.843,2.913,13.628,12.393,0.051,false,20.407,SEVERE,8,180,sequential_yolo_pose,SM-S906U1,GPU
2026-04-22 23:26:51.446,128.335,26.965,54.140,1.044,2.485,12.006,12.074,0.053,false,20.375,SEVERE,8,180,sequential_yolo_pose,SM-S906U1,GPU
2026-04-22 23:26:51.561,107.951,24.510,52.201,0.553,2.211,6.481,10.073,0.046,false,20.344,SEVERE,8,180,sequential_yolo_pose,SM-S906U1,GPU
2026-04-22 23:26:51.694,128.909,24.344,55.870,0.868,2.385,8.432,18.524,0.053,false,20.375,SEVERE,7,180,sequential_yolo_pose,SM-S906U1,GPU
2026-04-22 23:26:51.814,116.029,24.258,54.375,0.693,1.995,6.587,10.663,0.046,false,20.344,SEVERE,7,180,sequential_yolo_pose,SM-S906U1,GPU
2026-04-22 23:26:51.936,114.970,27.213,51.391,0.450,1.381,5.337,11.054,0.088,false,20.375,SEVERE,7,180,sequential_yolo_pose,SM-S906U1,GPU
2026-04-22 23:26:52.060,115.323,25.278,52.035,0.481,1.488,5.098,9.459,0.048,false,20.313,SEVERE,7,180,sequential_yolo_pose,SM-S906U1,GPU
2026-04-22 23:26:52.188,123.854,24.156,53.246,0.930,2.257,7.931,17.644,0.049,false,20.375,SEVERE,7,180,sequential_yolo_pose,SM-S906U1,GPU
2026-04-22 23:26:52.313,120.073,26.980,54.704,0.830,2.053,7.382,10.751,0.050,false,20.344,SEVERE,7,180,sequential_yolo_pose,SM-S906U1,GPU
2026-04-22 23:26:52.442,119.919,23.528,53.751,1.418,2.711,10.735,10.916,0.134,false,20.375,SEVERE,7,180,sequential_yolo_pose,SM-S906U1,GPU
2026-04-22 23:26:52.560,110.141,24.160,55.243,0.684,1.855,6.414,9.941,0.061,false,20.313,SEVERE,7,180,sequential_yolo_pose,SM-S906U1,GPU
2026-04-22 23:26:52.678,113.715,24.974,51.212,0.572,1.563,5.311,12.458,0.035,false,20.313,SEVERE,8,180,sequential_yolo_pose,SM-S906U1,GPU
2026-04-22 23:26:52.796,113.822,23.551,54.585,0.820,2.087,8.696,11.005,0.054,false,20.344,SEVERE,8,180,sequential_yolo_pose,SM-S906U1,GPU
2026-04-22 23:26:52.925,123.875,27.139,53.126,0.778,2.075,7.346,12.179,0.042,false,20.375,SEVERE,8,180,sequential_yolo_pose,SM-S906U1,GPU
2026-04-22 23:26:53.049,118.477,24.741,55.519,0.660,1.509,5.335,13.866,0.046,false,20.344,SEVERE,8,180,sequential_yolo_pose,SM-S906U1,GPU
2026-04-22 23:26:53.165,111.742,23.007,55.386,1.123,2.591,7.248,10.206,0.048,false,20.344,SEVERE,8,180,sequential_yolo_pose,SM-S906U1,GPU
2026-04-22 23:26:53.286,115.419,25.060,52.967,0.661,1.690,5.854,11.022,0.057,false,20.375,SEVERE,8,180,sequential_yolo_pose,SM-S906U1,GPU
2026-04-22 23:26:53.413,120.899,28.398,53.312,0.930,1.654,6.872,11.672,0.695,false,20.438,SEVERE,8,180,sequential_yolo_pose,SM-S906U1,GPU
2026-04-22 23:26:53.535,114.425,24.218,55.389,1.335,2.958,8.632,10.292,0.037,false,20.375,SEVERE,8,180,sequential_yolo_pose,SM-S906U1,GPU
2026-04-22 23:26:53.661,116.401,23.908,53.807,1.048,2.172,8.893,12.241,0.039,false,20.375,SEVERE,8,180,sequential_yolo_pose,SM-S906U1,GPU
2026-04-22 23:26:53.779,113.042,24.102,53.120,1.158,3.021,6.012,12.855,0.052,false,20.407,SEVERE,9,180,sequential_yolo_pose,SM-S906U1,GPU
2026-04-22 23:26:53.906,117.107,23.895,56.896,1.071,2.750,8.215,11.659,0.057,false,20.375,SEVERE,9,180,sequential_yolo_pose,SM-S906U1,GPU
2026-04-22 23:26:54.035,122.708,25.381,53.486,0.866,1.633,8.769,10.553,0.059,false,20.344,SEVERE,9,180,sequential_yolo_pose,SM-S906U1,GPU
2026-04-22 23:26:54.158,117.892,24.231,52.138,0.771,1.820,6.981,14.599,0.044,false,20.375,SEVERE,9,180,sequential_yolo_pose,SM-S906U1,GPU
2026-04-22 23:26:54.277,114.311,24.738,53.987,0.616,1.476,5.217,11.697,0.036,false,20.375,SEVERE,9,180,sequential_yolo_pose,SM-S906U1,GPU
2026-04-22 23:26:54.397,109.229,23.905,54.087,0.676,1.729,6.169,10.282,0.035,false,20.344,SEVERE,9,180,sequential_yolo_pose,SM-S906U1,GPU
2026-04-22 23:26:54.526,124.607,24.392,59.291,0.609,1.574,5.543,13.743,0.041,false,20.375,SEVERE,9,180,sequential_yolo_pose,SM-S906U1,GPU
2026-04-22 23:26:54.666,133.784,31.014,54.330,0.973,2.718,8.263,11.787,0.040,false,20.375,SEVERE,9,180,sequential_yolo_pose,SM-S906U1,GPU
2026-04-22 23:26:54.801,129.715,24.611,56.137,1.336,2.783,9.695,11.455,0.044,false,20.344,SEVERE,8,180,sequential_yolo_pose,SM-S906U1,GPU
2026-04-22 23:26:54.928,122.507,23.611,53.060,0.625,1.823,9.412,11.719,0.065,false,20.407,SEVERE,8,180,sequential_yolo_pose,SM-S906U1,GPU
2026-04-22 23:26:55.045,111.669,24.517,52.173,0.675,1.588,6.782,9.808,0.034,false,20.375,SEVERE,8,180,sequential_yolo_pose,SM-S906U1,GPU
2026-04-22 23:26:55.162,110.710,23.456,53.378,1.089,2.353,8.143,10.641,0.058,false,20.403,SEVERE,8,180,sequential_yolo_pose,SM-S906U1,GPU
2026-04-22 23:26:55.291,124.493,25.235,50.875,0.975,2.244,8.296,12.392,0.071,false,20.313,SEVERE,8,180,sequential_yolo_pose,SM-S906U1,GPU
2026-04-22 23:26:55.417,116.812,24.379,55.565,0.725,2.094,5.544,10.575,0.051,false,20.375,SEVERE,8,180,sequential_yolo_pose,SM-S906U1,GPU
2026-04-22 23:26:55.545,122.826,25.690,54.153,0.952,2.778,9.651,10.778,0.053,false,20.375,SEVERE,8,180,sequential_yolo_pose,SM-S906U1,GPU
2026-04-22 23:26:55.678,122.449,28.265,52.908,0.721,2.493,7.441,12.174,0.061,false,20.375,SEVERE,8,180,sequential_yolo_pose,SM-S906U1,GPU
2026-04-22 23:26:55.806,117.745,24.850,54.525,1.021,2.826,8.147,10.864,0.084,false,20.344,SEVERE,8,180,sequential_yolo_pose,SM-S906U1,GPU
2026-04-22 23:26:55.935,123.778,24.455,52.746,1.007,2.858,11.988,11.312,0.051,false,20.438,SEVERE,8,180,sequential_yolo_pose,SM-S906U1,GPU
2026-04-22 23:26:56.070,129.306,28.084,53.090,0.813,2.386,9.828,10.879,0.058,false,20.313,SEVERE,8,180,sequential_yolo_pose,SM-S906U1,GPU
2026-04-22 23:26:56.206,130.817,23.926,52.790,0.693,1.813,10.857,18.999,0.049,false,20.438,SEVERE,8,180,sequential_yolo_pose,SM-S906U1,GPU
2026-04-22 23:26:56.334,119.662,23.799,53.001,0.860,2.691,9.373,12.312,0.051,false,20.407,SEVERE,8,180,sequential_yolo_pose,SM-S906U1,GPU
2026-04-22 23:26:56.466,126.515,28.729,53.459,0.654,3.154,6.546,12.220,0.050,false,20.375,SEVERE,8,180,sequential_yolo_pose,SM-S906U1,GPU
2026-04-22 23:26:56.595,125.169,24.716,57.037,0.737,2.256,7.943,17.037,0.045,false,20.375,SEVERE,8,180,sequential_yolo_pose,SM-S906U1,GPU
2026-04-22 23:26:56.718,117.464,27.749,53.435,0.597,1.625,5.850,10.644,0.050,false,20.344,SEVERE,7,180,sequential_yolo_pose,SM-S906U1,GPU
2026-04-22 23:26:56.837,114.679,23.555,54.093,0.726,1.850,12.314,10.758,0.052,false,20.407,SEVERE,7,180,sequential_yolo_pose,SM-S906U1,GPU
2026-04-22 23:26:56.966,123.950,23.956,54.420,0.678,2.540,10.004,10.841,0.048,false,20.375,SEVERE,7,180,sequential_yolo_pose,SM-S906U1,GPU
2026-04-22 23:26:57.097,125.800,26.242,55.207,0.937,2.887,10.082,10.914,0.047,false,20.371,SEVERE,7,180,sequential_yolo_pose,SM-S906U1,GPU
2026-04-22 23:26:57.226,124.033,27.092,53.275,1.118,2.763,9.754,11.917,0.050,false,20.375,SEVERE,7,180,sequential_yolo_pose,SM-S906U1,GPU
2026-04-22 23:26:57.361,130.262,24.929,52.417,0.897,1.562,5.460,25.354,0.040,false,20.469,SEVERE,7,180,sequential_yolo_pose,SM-S906U1,GPU
2026-04-22 23:26:57.479,114.445,23.902,54.619,0.645,1.443,5.303,10.642,0.051,false,20.375,SEVERE,7,180,sequential_yolo_pose,SM-S906U1,GPU
2026-04-22 23:26:57.609,123.589,27.098,53.493,0.963,2.498,9.954,11.213,0.057,false,20.340,SEVERE,7,180,sequential_yolo_pose,SM-S906U1,GPU
2026-04-22 23:26:57.745,120.887,26.538,53.421,1.214,2.958,6.335,11.284,0.030,false,20.282,SEVERE,8,180,sequential_yolo_pose,SM-S906U1,GPU
2026-04-22 23:26:57.870,121.064,24.076,54.581,1.103,2.758,11.233,10.917,0.046,false,20.407,SEVERE,8,180,sequential_yolo_pose,SM-S906U1,GPU
2026-04-22 23:26:57.991,114.338,24.098,54.019,0.731,1.863,6.434,10.654,0.058,false,20.313,SEVERE,8,180,sequential_yolo_pose,SM-S906U1,GPU
2026-04-22 23:26:58.113,117.580,26.269,52.925,0.800,2.418,6.199,10.388,0.051,false,20.375,SEVERE,8,180,sequential_yolo_pose,SM-S906U1,GPU
2026-04-22 23:26:58.238,115.930,24.221,52.483,1.086,2.817,10.249,10.690,0.050,false,20.434,SEVERE,8,180,sequential_yolo_pose,SM-S906U1,GPU
2026-04-22 23:26:58.366,119.214,24.398,53.851,0.845,2.190,8.306,11.409,0.056,false,14.446,SEVERE,8,180,sequential_yolo_pose,SM-S906U1,GPU
2026-04-22 23:26:58.489,116.856,23.974,53.726,0.771,1.898,6.168,10.730,0.085,false,21.489,SEVERE,8,180,sequential_yolo_pose,SM-S906U1,GPU
2026-04-22 23:26:58.617,124.032,25.339,55.924,0.970,2.276,8.835,11.220,0.043,false,38.465,SEVERE,8,180,sequential_yolo_pose,SM-S906U1,GPU
2026-04-22 23:26:58.751,122.180,23.970,53.051,0.447,1.186,3.876,11.612,0.032,false,20.496,SEVERE,8,180,sequential_yolo_pose,SM-S906U1,GPU
2026-04-22 23:26:58.876,119.314,27.426,53.165,0.787,2.197,7.256,11.003,0.051,false,20.313,SEVERE,8,180,sequential_yolo_pose,SM-S906U1,GPU
2026-04-22 23:26:58.999,116.633,23.993,55.868,0.574,1.704,9.708,12.997,0.055,false,20.403,SEVERE,8,180,sequential_yolo_pose,SM-S906U1,GPU
2026-04-22 23:26:59.130,125.357,26.474,53.144,0.877,2.480,8.351,12.905,0.064,false,20.344,SEVERE,8,180,sequential_yolo_pose,SM-S906U1,GPU
2026-04-22 23:26:59.262,127.813,23.506,56.046,0.925,3.058,11.620,11.944,0.059,false,20.375,SEVERE,8,180,sequential_yolo_pose,SM-S906U1,GPU
2026-04-22 23:26:59.384,115.964,24.639,55.231,0.708,1.769,6.361,10.196,0.062,false,20.344,SEVERE,8,180,sequential_yolo_pose,SM-S906U1,GPU
2026-04-22 23:26:59.512,120.529,25.190,54.345,0.988,2.925,8.344,10.926,0.108,false,20.344,SEVERE,8,180,sequential_yolo_pose,SM-S906U1,GPU
2026-04-22 23:26:59.651,132.220,28.753,53.133,0.899,3.095,7.452,15.300,0.089,false,20.375,SEVERE,8,180,sequential_yolo_pose,SM-S906U1,GPU
2026-04-22 23:26:59.776,117.298,27.278,54.351,0.611,2.032,5.413,9.661,0.055,false,20.438,SEVERE,8,180,sequential_yolo_pose,SM-S906U1,GPU
2026-04-22 23:26:59.880,94.927,24.672,58.062,0.646,0.000,0.000,0.000,0.000,true,17.012,SEVERE,8,180,sequential_yolo_pose,SM-S906U1,GPU
2026-04-22 23:27:00.017,125.964,24.428,53.860,1.028,5.671,9.055,13.965,0.041,false,33.958,SEVERE,8,180,sequential_yolo_pose,SM-S906U1,GPU
2026-04-22 23:27:00.145,122.115,23.241,53.704,1.259,2.997,7.444,13.209,0.039,false,20.407,SEVERE,8,180,sequential_yolo_pose,SM-S906U1,GPU
2026-04-22 23:27:00.268,114.655,23.769,56.753,1.018,2.349,8.126,10.662,0.048,false,20.375,SEVERE,8,180,sequential_yolo_pose,SM-S906U1,GPU
2026-04-22 23:27:00.407,133.744,24.898,54.133,1.012,5.344,15.799,11.812,0.056,false,20.469,SEVERE,8,180,sequential_yolo_pose,SM-S906U1,GPU
2026-04-22 23:27:00.527,112.085,24.358,54.733,0.592,2.100,7.034,10.523,0.056,false,20.375,SEVERE,8,180,sequential_yolo_pose,SM-S906U1,GPU
2026-04-22 23:27:00.647,115.670,24.265,54.991,0.606,1.548,5.254,12.184,0.045,false,20.313,SEVERE,8,180,sequential_yolo_pose,SM-S906U1,GPU
2026-04-22 23:27:00.769,117.765,23.821,55.576,1.012,2.373,9.808,13.577,0.033,false,20.375,SEVERE,8,180,sequential_yolo_pose,SM-S906U1,GPU
2026-04-22 23:27:00.903,128.310,26.292,53.916,0.690,2.441,9.567,11.847,0.062,false,20.407,SEVERE,8,180,sequential_yolo_pose,SM-S906U1,GPU
2026-04-22 23:27:01.038,128.071,25.545,54.171,0.939,2.711,11.614,11.611,0.049,false,20.375,SEVERE,8,180,sequential_yolo_pose,SM-S906U1,GPU
2026-04-22 23:27:01.172,127.125,26.422,53.420,1.033,2.761,8.097,12.539,0.064,false,20.282,SEVERE,8,180,sequential_yolo_pose,SM-S906U1,GPU
2026-04-22 23:27:01.305,125.674,25.483,53.419,0.816,3.943,10.649,12.025,0.049,false,20.371,SEVERE,8,180,sequential_yolo_pose,SM-S906U1,GPU
2026-04-22 23:27:01.437,125.583,25.671,52.949,0.938,3.388,9.324,10.326,0.051,false,20.407,SEVERE,8,180,sequential_yolo_pose,SM-S906U1,GPU
2026-04-22 23:27:01.569,126.723,24.555,54.638,0.831,2.671,8.742,15.190,0.060,false,20.375,SEVERE,8,180,sequential_yolo_pose,SM-S906U1,GPU
2026-04-22 23:27:01.693,119.564,23.590,52.186,0.815,1.766,6.726,15.379,0.059,false,20.375,SEVERE,8,180,sequential_yolo_pose,SM-S906U1,GPU
2026-04-22 23:27:01.805,106.393,23.900,53.946,0.460,1.085,4.038,11.173,0.057,false,20.422,SEVERE,8,180,sequential_yolo_pose,SM-S906U1,GPU
2026-04-22 23:27:01.939,128.060,27.422,52.510,2.468,2.925,9.128,13.041,0.063,false,20.375,SEVERE,8,180,sequential_yolo_pose,SM-S906U1,GPU
2026-04-22 23:27:02.064,115.117,24.022,52.271,0.773,2.254,9.766,13.120,0.056,false,20.407,SEVERE,8,180,sequential_yolo_pose,SM-S906U1,GPU
2026-04-22 23:27:02.189,119.580,24.302,55.034,0.668,1.849,6.990,14.312,0.054,false,20.375,SEVERE,8,180,sequential_yolo_pose,SM-S906U1,GPU
2026-04-22 23:27:02.303,108.862,24.375,52.312,0.475,1.230,4.136,9.857,0.050,false,20.313,SEVERE,8,180,sequential_yolo_pose,SM-S906U1,GPU
2026-04-22 23:27:02.428,120.391,24.141,55.626,1.276,2.771,9.588,10.942,0.038,false,20.407,SEVERE,8,180,sequential_yolo_pose,SM-S906U1,GPU
2026-04-22 23:27:02.557,123.872,27.578,54.136,0.690,1.872,5.929,13.590,0.052,false,20.375,SEVERE,8,180,sequential_yolo_pose,SM-S906U1,GPU
2026-04-22 23:27:02.685,121.777,24.464,56.702,0.881,2.112,7.126,14.042,0.053,false,20.407,SEVERE,8,180,sequential_yolo_pose,SM-S906U1,GPU
2026-04-22 23:27:02.799,107.015,24.444,55.477,0.466,1.167,4.053,9.790,0.038,false,20.407,SEVERE,8,180,sequential_yolo_pose,SM-S906U1,GPU
2026-04-22 23:27:02.930,127.193,24.591,59.296,1.313,3.318,9.124,12.359,0.056,false,20.407,SEVERE,8,180,sequential_yolo_pose,SM-S906U1,GPU
2026-04-22 23:27:03.067,130.302,27.387,56.177,0.705,2.746,12.148,12.275,0.053,false,20.407,SEVERE,8,180,sequential_yolo_pose,SM-S906U1,GPU
2026-04-22 23:27:03.196,124.804,25.457,55.594,1.266,2.617,8.318,11.649,0.039,false,20.375,SEVERE,8,180,sequential_yolo_pose,SM-S906U1,GPU
2026-04-22 23:27:03.327,124.583,28.396,54.186,0.773,1.880,6.818,12.086,0.049,false,20.375,SEVERE,8,180,sequential_yolo_pose,SM-S906U1,GPU
2026-04-22 23:27:03.444,110.569,24.208,52.427,0.544,1.507,5.109,10.382,0.058,false,20.407,SEVERE,8,180,sequential_yolo_pose,SM-S906U1,GPU
2026-04-22 23:27:03.570,119.712,25.935,52.369,0.778,3.333,5.772,11.206,0.052,false,20.278,SEVERE,8,180,sequential_yolo_pose,SM-S906U1,GPU
2026-04-22 23:27:03.704,128.851,24.057,56.890,1.131,4.613,11.045,13.195,0.045,false,20.407,SEVERE,8,180,sequential_yolo_pose,SM-S906U1,GPU
2026-04-22 23:27:03.832,123.333,24.455,54.486,0.710,2.440,9.905,13.259,0.052,false,20.438,SEVERE,8,180,sequential_yolo_pose,SM-S906U1,GPU
2026-04-22 23:27:03.958,120.766,25.954,52.010,0.954,2.508,10.021,11.262,0.061,false,20.344,SEVERE,8,180,sequential_yolo_pose,SM-S906U1,GPU
2026-04-22 23:27:04.081,118.892,29.238,51.604,0.790,1.638,5.424,12.081,0.058,false,20.375,SEVERE,8,180,sequential_yolo_pose,SM-S906U1,GPU
2026-04-22 23:27:04.205,118.503,24.193,53.470,1.156,2.933,9.393,10.903,0.042,false,20.371,SEVERE,8,180,sequential_yolo_pose,SM-S906U1,GPU
2026-04-22 23:27:04.304,94.831,23.273,53.678,0.606,0.000,0.000,0.000,0.000,true,16.981,SEVERE,8,180,sequential_yolo_pose,SM-S906U1,GPU
2026-04-22 23:27:04.447,136.461,27.271,53.069,1.009,4.016,12.017,13.854,0.052,false,33.989,SEVERE,8,180,sequential_yolo_pose,SM-S906U1,GPU
2026-04-22 23:27:04.584,131.017,31.060,54.541,0.644,1.663,5.619,14.258,0.032,false,30.227,SEVERE,8,180,sequential_yolo_pose,SM-S906U1,GPU
2026-04-22 23:27:04.711,119.945,25.717,54.624,1.207,2.783,10.687,12.150,0.051,false,28.739,SEVERE,8,180,sequential_yolo_pose,SM-S906U1,GPU
2026-04-22 23:27:04.839,121.033,24.383,54.071,0.501,3.988,7.831,11.495,0.056,false,20.473,SEVERE,8,180,sequential_yolo_pose,SM-S906U1,GPU
2026-04-22 23:27:04.969,125.112,23.591,53.091,0.540,2.840,11.312,11.467,0.062,false,20.375,SEVERE,8,180,sequential_yolo_pose,SM-S906U1,GPU
2026-04-22 23:27:05.098,124.221,26.337,53.333,0.729,2.703,10.836,11.466,0.047,false,20.375,SEVERE,8,180,sequential_yolo_pose,SM-S906U1,GPU
2026-04-22 23:27:05.228,126.013,26.817,53.298,0.805,2.440,12.502,10.381,0.048,false,20.407,SEVERE,8,180,sequential_yolo_pose,SM-S906U1,GPU
2026-04-22 23:27:05.349,116.604,23.697,54.689,0.731,1.806,5.551,13.263,0.049,false,20.375,SEVERE,8,180,sequential_yolo_pose,SM-S906U1,GPU
2026-04-22 23:27:05.469,112.327,24.387,52.461,0.837,2.504,8.713,11.299,0.060,false,20.438,SEVERE,8,180,sequential_yolo_pose,SM-S906U1,GPU
2026-04-22 23:27:05.599,125.942,24.352,53.587,0.802,3.259,10.636,11.038,0.052,false,20.375,SEVERE,8,180,sequential_yolo_pose,SM-S906U1,GPU
2026-04-22 23:27:05.715,112.138,24.053,53.428,0.544,1.522,5.712,9.817,0.047,false,20.375,SEVERE,8,180,sequential_yolo_pose,SM-S906U1,GPU
2026-04-22 23:27:05.840,119.435,28.400,55.080,0.771,2.081,5.136,9.957,0.057,false,20.407,SEVERE,8,180,sequential_yolo_pose,SM-S906U1,GPU
2026-04-22 23:27:05.968,123.629,23.885,56.090,1.242,2.724,8.679,10.705,0.055,false,20.375,SEVERE,8,180,sequential_yolo_pose,SM-S906U1,GPU
2026-04-22 23:27:06.091,118.291,23.884,51.607,0.568,1.572,5.406,17.787,0.037,false,20.407,SEVERE,8,180,sequential_yolo_pose,SM-S906U1,GPU
2026-04-22 23:27:06.214,119.471,23.217,53.629,3.773,2.476,9.627,13.566,0.050,false,20.407,SEVERE,8,180,sequential_yolo_pose,SM-S906U1,GPU
2026-04-22 23:27:06.336,115.943,23.975,53.437,0.551,1.598,7.692,10.886,0.055,false,20.375,SEVERE,8,180,sequential_yolo_pose,SM-S906U1,GPU
2026-04-22 23:27:06.459,119.512,23.213,54.248,0.700,1.824,7.040,16.681,0.048,false,20.438,SEVERE,8,180,sequential_yolo_pose,SM-S906U1,GPU
2026-04-22 23:27:06.577,113.421,23.332,52.698,0.656,1.759,5.594,11.124,0.048,false,20.313,SEVERE,8,180,sequential_yolo_pose,SM-S906U1,GPU
2026-04-22 23:27:06.696,110.487,23.272,55.739,0.572,1.555,6.751,10.899,0.052,false,20.313,SEVERE,8,180,sequential_yolo_pose,SM-S906U1,GPU
2026-04-22 23:27:06.822,120.039,24.783,54.419,0.582,1.651,5.521,12.681,0.050,false,20.438,SEVERE,8,180,sequential_yolo_pose,SM-S906U1,GPU
2026-04-22 23:27:06.941,115.622,24.692,54.191,1.140,2.701,10.209,11.847,0.067,false,20.407,SEVERE,8,180,sequential_yolo_pose,SM-S906U1,GPU
2026-04-22 23:27:07.074,123.903,29.835,52.649,1.739,2.738,8.038,10.933,0.059,false,20.375,SEVERE,8,180,sequential_yolo_pose,SM-S906U1,GPU
2026-04-22 23:27:07.202,119.215,26.439,52.479,1.198,2.951,7.606,12.726,0.071,false,20.344,SEVERE,8,180,sequential_yolo_pose,SM-S906U1,GPU
2026-04-22 23:27:07.331,124.320,24.466,57.374,0.907,2.276,13.261,10.394,0.054,false,20.375,SEVERE,8,180,sequential_yolo_pose,SM-S906U1,GPU
2026-04-22 23:27:07.469,132.984,29.008,55.925,0.595,2.519,15.607,11.603,0.055,false,20.469,SEVERE,8,180,sequential_yolo_pose,SM-S906U1,GPU
2026-04-22 23:27:07.590,116.740,24.562,53.236,0.548,1.344,5.068,13.559,0.049,false,20.407,SEVERE,8,180,sequential_yolo_pose,SM-S906U1,GPU
2026-04-22 23:27:07.710,110.816,22.925,57.466,0.625,1.593,5.234,11.865,0.053,false,20.375,SEVERE,8,180,sequential_yolo_pose,SM-S906U1,GPU
2026-04-22 23:27:07.834,118.087,23.907,61.365,0.663,2.179,7.713,9.969,0.043,false,20.469,SEVERE,8,180,sequential_yolo_pose,SM-S906U1,GPU
2026-04-22 23:27:07.967,128.541,26.307,57.798,0.620,1.695,9.964,10.092,0.061,false,20.375,SEVERE,8,180,sequential_yolo_pose,SM-S906U1,GPU
2026-04-22 23:27:08.095,123.357,23.838,58.258,0.588,1.623,7.921,12.871,0.056,false,20.407,SEVERE,8,180,sequential_yolo_pose,SM-S906U1,GPU
2026-04-22 23:27:08.219,120.082,24.445,57.700,0.651,1.797,5.754,11.353,0.072,false,20.344,SEVERE,8,180,sequential_yolo_pose,SM-S906U1,GPU
2026-04-22 23:27:08.344,120.669,24.502,57.615,0.646,1.549,5.681,11.687,0.048,false,20.407,SEVERE,8,180,sequential_yolo_pose,SM-S906U1,GPU
2026-04-22 23:27:08.468,116.401,23.372,54.271,0.686,1.920,5.774,10.321,0.035,false,20.403,SEVERE,8,180,sequential_yolo_pose,SM-S906U1,GPU
2026-04-22 23:27:08.585,113.274,25.535,57.185,0.582,1.793,5.698,10.388,0.038,false,20.344,SEVERE,8,180,sequential_yolo_pose,SM-S906U1,GPU
2026-04-22 23:27:08.703,113.562,24.468,53.322,0.539,1.585,5.891,10.215,0.063,false,20.340,SEVERE,8,180,sequential_yolo_pose,SM-S906U1,GPU
2026-04-22 23:27:08.815,105.382,29.047,53.302,0.427,0.000,0.000,0.000,0.000,true,17.106,SEVERE,8,180,sequential_yolo_pose,SM-S906U1,GPU
2026-04-22 23:27:08.914,91.756,22.818,57.097,0.434,0.000,0.000,0.000,0.000,true,30.657,SEVERE,8,180,sequential_yolo_pose,SM-S906U1,GPU
2026-04-22 23:27:09.026,104.927,27.411,58.557,0.526,0.000,0.000,0.000,0.000,true,13.918,SEVERE,8,180,sequential_yolo_pose,SM-S906U1,GPU
2026-04-22 23:27:09.154,122.534,26.333,57.723,0.616,1.637,5.813,11.907,0.041,false,20.336,SEVERE,8,180,sequential_yolo_pose,SM-S906U1,GPU
2026-04-22 23:27:09.277,116.254,23.196,60.644,0.547,1.809,5.679,12.231,0.050,false,20.407,SEVERE,8,180,sequential_yolo_pose,SM-S906U1,GPU
2026-04-22 23:27:09.399,115.541,24.580,52.838,0.548,1.641,6.994,12.224,0.043,false,20.407,SEVERE,8,180,sequential_yolo_pose,SM-S906U1,GPU
2026-04-22 23:27:09.516,112.773,23.649,56.184,0.501,1.584,5.454,13.667,0.051,false,20.438,SEVERE,8,180,sequential_yolo_pose,SM-S906U1,GPU
2026-04-22 23:27:09.636,112.828,24.102,56.656,0.608,1.943,7.838,10.129,0.049,false,20.313,SEVERE,8,180,sequential_yolo_pose,SM-S906U1,GPU
2026-04-22 23:27:09.763,122.450,29.477,54.245,0.543,1.820,5.733,12.265,0.038,false,20.375,SEVERE,8,180,sequential_yolo_pose,SM-S906U1,GPU
2026-04-22 23:27:09.886,118.023,23.546,58.537,0.501,1.704,5.917,15.522,0.054,false,20.407,SEVERE,9,180,sequential_yolo_pose,SM-S906U1,GPU
2026-04-22 23:27:10.013,118.070,24.125,56.764,0.618,1.558,5.700,12.392,0.060,false,20.344,SEVERE,9,180,sequential_yolo_pose,SM-S906U1,GPU
2026-04-22 23:27:10.143,120.015,24.058,58.909,1.000,2.780,9.221,12.234,0.063,false,20.375,SEVERE,9,180,sequential_yolo_pose,SM-S906U1,GPU
2026-04-22 23:27:10.271,120.702,25.815,53.081,0.604,1.718,6.115,10.300,0.056,false,20.344,SEVERE,9,180,sequential_yolo_pose,SM-S906U1,GPU
2026-04-22 23:27:10.412,134.180,28.934,52.387,1.174,7.117,12.534,14.645,0.095,false,20.407,SEVERE,9,180,sequential_yolo_pose,SM-S906U1,GPU
2026-04-22 23:27:10.533,112.851,24.186,52.245,0.593,1.565,9.394,12.249,0.064,false,20.438,SEVERE,9,180,sequential_yolo_pose,SM-S906U1,GPU
2026-04-22 23:27:10.667,127.630,25.703,56.735,1.245,2.947,11.359,10.177,0.052,false,20.438,SEVERE,9,180,sequential_yolo_pose,SM-S906U1,GPU
2026-04-22 23:27:10.798,126.124,23.689,56.587,1.206,2.754,9.781,13.463,0.045,false,20.438,SEVERE,7,180,sequential_yolo_pose,SM-S906U1,GPU
2026-04-22 23:27:10.922,119.003,23.429,54.399,0.941,2.166,7.827,11.445,0.056,false,20.313,SEVERE,7,180,sequential_yolo_pose,SM-S906U1,GPU
2026-04-22 23:27:11.039,111.593,23.495,54.336,0.453,1.085,3.813,10.610,0.054,false,20.278,SEVERE,7,180,sequential_yolo_pose,SM-S906U1,GPU
2026-04-22 23:27:11.171,127.530,23.974,55.085,1.158,4.275,13.517,10.664,0.038,false,20.403,SEVERE,7,180,sequential_yolo_pose,SM-S906U1,GPU
2026-04-22 23:27:11.315,138.339,26.327,55.625,1.091,2.958,15.564,16.392,0.059,false,20.407,SEVERE,7,180,sequential_yolo_pose,SM-S906U1,GPU
2026-04-22 23:27:11.443,121.892,26.626,52.607,1.076,2.723,8.177,11.134,0.058,false,20.344,SEVERE,7,180,sequential_yolo_pose,SM-S906U1,GPU
2026-04-22 23:27:11.584,131.176,32.483,53.058,0.616,1.471,5.356,9.785,0.036,false,20.438,SEVERE,7,180,sequential_yolo_pose,SM-S906U1,GPU
2026-04-22 23:27:11.707,117.102,32.008,52.204,0.574,1.488,4.851,9.324,0.049,false,20.344,SEVERE,7,180,sequential_yolo_pose,SM-S906U1,GPU
2026-04-22 23:27:11.838,126.190,32.093,52.436,1.567,2.866,9.264,10.011,0.044,false,20.500,SEVERE,8,180,sequential_yolo_pose,SM-S906U1,GPU
2026-04-22 23:27:11.969,126.944,31.934,54.354,0.507,1.657,6.660,9.567,0.050,false,20.407,SEVERE,8,180,sequential_yolo_pose,SM-S906U1,GPU
2026-04-22 23:27:12.093,119.484,23.162,54.541,0.732,2.069,7.492,16.069,0.049,false,20.438,SEVERE,8,180,sequential_yolo_pose,SM-S906U1,GPU
2026-04-22 23:27:12.217,118.017,24.284,55.024,0.613,2.067,6.659,11.677,0.055,false,20.375,SEVERE,8,180,sequential_yolo_pose,SM-S906U1,GPU
2026-04-22 23:27:12.342,120.436,27.813,54.160,0.715,1.917,6.404,11.153,0.058,false,20.344,SEVERE,8,180,sequential_yolo_pose,SM-S906U1,GPU
2026-04-22 23:27:12.470,122.074,24.500,53.815,0.688,2.455,8.481,14.153,0.056,false,20.371,SEVERE,8,180,sequential_yolo_pose,SM-S906U1,GPU
2026-04-22 23:27:12.604,127.433,23.492,55.633,1.178,2.634,13.569,10.837,0.047,false,20.375,SEVERE,8,180,sequential_yolo_pose,SM-S906U1,GPU
2026-04-22 23:27:12.733,123.732,24.163,55.125,1.078,3.186,9.505,13.255,0.050,false,20.375,SEVERE,8,180,sequential_yolo_pose,SM-S906U1,GPU
2026-04-22 23:27:12.861,115.945,24.230,53.145,0.599,1.520,5.013,9.739,0.051,false,20.422,SEVERE,8,180,sequential_yolo_pose,SM-S906U1,GPU
2026-04-22 23:27:12.995,129.767,24.633,55.342,0.950,2.355,8.364,20.050,0.051,false,20.375,SEVERE,8,180,sequential_yolo_pose,SM-S906U1,GPU
2026-04-22 23:27:13.123,123.357,26.448,52.143,0.599,2.183,8.032,14.276,0.059,false,20.344,SEVERE,8,180,sequential_yolo_pose,SM-S906U1,GPU
2026-04-22 23:27:13.250,122.679,23.885,56.241,0.723,2.134,7.135,12.465,0.064,false,20.313,SEVERE,8,180,sequential_yolo_pose,SM-S906U1,GPU
2026-04-22 23:27:13.361,100.442,26.269,54.443,0.399,0.000,0.000,0.000,0.000,true,16.918,SEVERE,8,180,sequential_yolo_pose,SM-S906U1,GPU
2026-04-22 23:27:13.489,123.120,24.303,59.023,0.540,1.539,6.954,13.535,0.064,false,33.926,SEVERE,8,180,sequential_yolo_pose,SM-S906U1,GPU
2026-04-22 23:27:13.626,128.719,27.820,55.309,0.914,2.029,8.213,18.917,0.063,false,30.258,SEVERE,8,180,sequential_yolo_pose,SM-S906U1,GPU
2026-04-22 23:27:13.747,116.278,23.497,53.972,0.763,2.610,6.022,11.360,0.060,false,20.313,SEVERE,8,180,sequential_yolo_pose,SM-S906U1,GPU
2026-04-22 23:27:13.872,119.085,24.271,54.859,3.016,4.297,6.239,11.143,0.052,false,20.520,SEVERE,8,180,sequential_yolo_pose,SM-S906U1,GPU
2026-04-22 23:27:14.003,127.138,24.765,55.664,0.966,2.804,11.148,12.333,0.064,false,20.344,SEVERE,8,180,sequential_yolo_pose,SM-S906U1,GPU
2026-04-22 23:27:14.134,124.700,23.973,52.159,0.646,2.350,14.030,12.067,0.057,false,20.438,SEVERE,8,180,sequential_yolo_pose,SM-S906U1,GPU
2026-04-22 23:27:14.261,122.807,27.997,51.480,0.495,1.452,11.685,11.715,0.032,false,20.371,SEVERE,8,180,sequential_yolo_pose,SM-S906U1,GPU
2026-04-22 23:27:14.382,116.608,26.361,53.051,0.568,1.971,5.783,10.474,0.052,false,20.344,SEVERE,8,180,sequential_yolo_pose,SM-S906U1,GPU
2026-04-22 23:27:14.497,110.228,24.055,53.378,0.428,1.258,4.347,9.954,0.047,false,20.309,SEVERE,8,180,sequential_yolo_pose,SM-S906U1,GPU
2026-04-22 23:27:14.619,116.153,24.083,54.088,0.540,1.474,5.342,14.611,0.059,false,20.344,SEVERE,8,180,sequential_yolo_pose,SM-S906U1,GPU
2026-04-22 23:27:14.742,117.180,25.627,51.843,0.605,2.099,7.395,11.377,0.049,false,20.313,SEVERE,8,180,sequential_yolo_pose,SM-S906U1,GPU
2026-04-22 23:27:14.858,108.653,23.578,52.270,0.409,1.018,4.122,11.645,0.044,false,20.500,SEVERE,8,180,sequential_yolo_pose,SM-S906U1,GPU
2026-04-22 23:27:14.974,112.279,27.044,51.461,0.411,1.062,3.938,11.262,0.059,false,20.344,SEVERE,8,180,sequential_yolo_pose,SM-S906U1,GPU
2026-04-22 23:27:15.102,122.880,24.045,54.645,1.099,2.630,11.391,11.218,0.071,false,20.340,SEVERE,8,180,sequential_yolo_pose,SM-S906U1,GPU
2026-04-22 23:27:15.233,126.081,25.057,52.936,0.623,1.705,7.717,10.942,0.074,false,20.344,SEVERE,8,180,sequential_yolo_pose,SM-S906U1,GPU
2026-04-22 23:27:15.362,119.512,23.144,54.683,0.716,1.747,7.348,11.755,0.061,false,20.375,SEVERE,8,180,sequential_yolo_pose,SM-S906U1,GPU
2026-04-22 23:27:15.482,115.759,23.599,55.117,0.519,1.573,5.284,12.107,0.059,false,20.313,SEVERE,8,180,sequential_yolo_pose,SM-S906U1,GPU
2026-04-22 23:27:15.607,117.592,24.659,55.788,0.946,2.183,9.821,11.765,0.049,false,20.407,SEVERE,8,180,sequential_yolo_pose,SM-S906U1,GPU
2026-04-22 23:27:15.744,132.934,29.631,52.054,1.056,4.848,7.119,12.142,0.064,false,20.375,SEVERE,8,180,sequential_yolo_pose,SM-S906U1,GPU
2026-04-22 23:27:15.862,107.388,23.240,52.863,0.582,1.503,7.719,10.229,0.039,false,20.528,SEVERE,8,180,sequential_yolo_pose,SM-S906U1,GPU
2026-04-22 23:27:15.990,120.943,23.365,55.338,0.689,2.057,6.770,13.657,0.049,false,20.344,SEVERE,8,180,sequential_yolo_pose,SM-S906U1,GPU
2026-04-22 23:27:16.107,111.950,23.905,54.954,0.784,2.145,6.992,9.626,0.059,false,20.403,SEVERE,8,180,sequential_yolo_pose,SM-S906U1,GPU
2026-04-22 23:27:16.233,121.823,23.268,54.142,0.608,2.224,9.974,13.655,0.049,false,20.375,SEVERE,8,180,sequential_yolo_pose,SM-S906U1,GPU
2026-04-22 23:27:16.356,117.265,23.233,53.535,0.664,2.080,6.818,11.431,0.053,false,20.371,SEVERE,8,180,sequential_yolo_pose,SM-S906U1,GPU
2026-04-22 23:27:16.485,123.347,27.654,52.657,1.131,2.679,8.247,12.800,0.085,false,20.375,SEVERE,8,180,sequential_yolo_pose,SM-S906U1,GPU
2026-04-22 23:27:16.606,114.982,25.994,52.370,1.099,2.842,8.133,10.730,0.037,false,20.430,SEVERE,8,180,sequential_yolo_pose,SM-S906U1,GPU
2026-04-22 23:27:16.731,120.375,23.156,53.423,1.025,2.722,12.264,10.776,0.038,false,20.375,SEVERE,8,180,sequential_yolo_pose,SM-S906U1,GPU
2026-04-22 23:27:16.854,118.328,26.070,52.282,0.753,1.814,6.696,12.135,0.042,false,20.375,SEVERE,8,180,sequential_yolo_pose,SM-S906U1,GPU
2026-04-22 23:27:16.979,121.644,26.421,54.386,1.178,2.852,6.746,12.190,0.153,false,20.422,SEVERE,8,180,sequential_yolo_pose,SM-S906U1,GPU
2026-04-22 23:27:17.108,119.251,23.877,53.607,1.141,2.669,9.692,12.127,0.044,false,20.453,SEVERE,8,180,sequential_yolo_pose,SM-S906U1,GPU
2026-04-22 23:27:17.233,114.236,24.038,52.684,1.207,2.392,8.329,12.074,0.037,false,20.450,SEVERE,8,180,sequential_yolo_pose,SM-S906U1,GPU
2026-04-22 23:27:17.356,117.485,23.941,55.739,0.937,2.503,6.837,10.589,0.063,false,20.422,SEVERE,8,180,sequential_yolo_pose,SM-S906U1,GPU
2026-04-22 23:27:17.484,121.933,29.273,52.581,0.616,1.837,5.299,12.338,0.071,false,20.453,SEVERE,8,180,sequential_yolo_pose,SM-S906U1,GPU
2026-04-22 23:27:17.610,119.726,23.082,55.366,0.958,2.719,10.244,10.217,0.039,false,20.450,SEVERE,8,180,sequential_yolo_pose,SM-S906U1,GPU
2026-04-22 23:27:17.733,117.699,24.831,53.738,0.808,2.065,9.783,12.482,0.056,false,20.453,SEVERE,8,180,sequential_yolo_pose,SM-S906U1,GPU
2026-04-22 23:27:17.869,130.714,25.038,55.977,0.684,2.357,7.295,21.110,0.048,false,20.547,SEVERE,8,180,sequential_yolo_pose,SM-S906U1,GPU
2026-04-22 23:27:18.002,127.729,27.410,52.230,0.784,2.013,9.417,11.083,0.040,false,20.453,SEVERE,8,180,sequential_yolo_pose,SM-S906U1,GPU
2026-04-22 23:27:18.131,124.177,23.357,56.052,0.739,2.160,10.174,11.807,0.052,false,20.422,SEVERE,8,180,sequential_yolo_pose,SM-S906U1,GPU
2026-04-22 23:27:18.262,126.820,26.403,56.867,0.568,1.716,9.343,13.368,0.052,false,20.422,SEVERE,8,180,sequential_yolo_pose,SM-S906U1,GPU
2026-04-22 23:27:18.393,126.183,26.780,53.028,0.814,2.298,9.980,15.313,0.063,false,20.453,SEVERE,8,180,sequential_yolo_pose,SM-S906U1,GPU
2026-04-22 23:27:18.513,115.137,24.143,52.166,0.675,2.557,5.648,11.649,0.049,false,20.422,SEVERE,8,180,sequential_yolo_pose,SM-S906U1,GPU
2026-04-22 23:27:18.639,117.259,25.832,52.994,0.830,2.504,7.371,9.831,0.046,false,20.391,SEVERE,8,180,sequential_yolo_pose,SM-S906U1,GPU
2026-04-22 23:27:18.765,120.378,27.160,53.733,0.622,1.508,6.213,11.236,0.047,false,20.453,SEVERE,8,180,sequential_yolo_pose,SM-S906U1,GPU
2026-04-22 23:27:18.886,117.230,26.006,54.055,0.465,2.130,6.407,10.448,0.052,false,20.547,SEVERE,8,180,sequential_yolo_pose,SM-S906U1,GPU
2026-04-22 23:27:19.005,112.368,23.671,53.440,0.866,2.562,9.299,11.600,0.049,false,20.453,SEVERE,8,180,sequential_yolo_pose,SM-S906U1,GPU
2026-04-22 23:27:19.129,117.925,22.893,53.909,0.566,1.628,5.736,11.761,0.050,false,20.449,SEVERE,8,180,sequential_yolo_pose,SM-S906U1,GPU
2026-04-22 23:27:19.246,112.251,23.620,53.317,0.633,1.758,6.318,10.783,0.056,false,20.422,SEVERE,8,180,sequential_yolo_pose,SM-S906U1,GPU
2026-04-22 23:27:19.370,117.067,23.293,52.851,0.861,3.949,8.148,10.777,0.050,false,20.481,SEVERE,8,180,sequential_yolo_pose,SM-S906U1,GPU
2026-04-22 23:27:19.497,121.168,23.106,53.804,0.520,2.546,11.004,10.923,0.062,false,20.453,SEVERE,8,180,sequential_yolo_pose,SM-S906U1,GPU
2026-04-22 23:27:19.627,124.030,24.000,56.394,1.005,2.395,8.306,11.625,0.066,false,20.422,SEVERE,8,180,sequential_yolo_pose,SM-S906U1,GPU
2026-04-22 23:27:19.762,129.675,25.080,56.339,0.773,2.072,11.618,13.732,0.056,false,20.453,SEVERE,8,180,sequential_yolo_pose,SM-S906U1,GPU
2026-04-22 23:27:19.886,118.427,27.200,52.565,0.593,1.724,5.457,12.421,0.063,false,20.610,SEVERE,8,180,sequential_yolo_pose,SM-S906U1,GPU
2026-04-22 23:27:20.004,112.625,23.925,52.817,0.832,2.113,6.723,10.136,0.068,false,20.422,SEVERE,8,180,sequential_yolo_pose,SM-S906U1,GPU
2026-04-22 23:27:20.129,119.240,23.875,53.990,0.612,1.524,7.712,10.462,0.052,false,20.422,SEVERE,8,180,sequential_yolo_pose,SM-S906U1,GPU
2026-04-22 23:27:20.262,127.445,24.703,58.538,0.585,1.643,8.490,14.183,0.058,false,20.422,SEVERE,8,180,sequential_yolo_pose,SM-S906U1,GPU
2026-04-22 23:27:20.385,117.807,26.500,54.159,0.641,1.861,6.554,10.789,0.062,false,20.422,SEVERE,8,180,sequential_yolo_pose,SM-S906U1,GPU
2026-04-22 23:27:20.503,112.193,23.179,52.927,0.749,2.681,9.909,11.107,0.055,false,20.481,SEVERE,8,180,sequential_yolo_pose,SM-S906U1,GPU
2026-04-22 23:27:20.634,125.053,24.133,52.150,0.871,2.699,9.888,13.471,0.037,false,20.453,SEVERE,8,180,sequential_yolo_pose,SM-S906U1,GPU
2026-04-22 23:27:20.757,118.415,23.372,53.260,0.803,1.775,8.131,14.433,0.057,false,20.422,SEVERE,8,180,sequential_yolo_pose,SM-S906U1,GPU
2026-04-22 23:27:20.878,113.774,25.877,50.716,0.518,1.484,5.864,10.547,0.060,false,20.547,SEVERE,8,180,sequential_yolo_pose,SM-S906U1,GPU
2026-04-22 23:27:21.007,123.230,23.847,53.935,1.210,4.974,9.903,10.774,0.051,false,20.422,SEVERE,8,180,sequential_yolo_pose,SM-S906U1,GPU
2026-04-22 23:27:21.132,120.583,24.989,52.178,0.777,2.159,10.313,11.051,0.095,false,20.422,SEVERE,8,180,sequential_yolo_pose,SM-S906U1,GPU
2026-04-22 23:27:21.261,124.233,24.445,54.530,0.969,2.718,11.329,12.456,0.047,false,20.516,SEVERE,8,180,sequential_yolo_pose,SM-S906U1,GPU
2026-04-22 23:27:21.386,120.570,23.307,55.354,0.538,1.564,5.573,16.500,0.054,false,20.391,SEVERE,8,180,sequential_yolo_pose,SM-S906U1,GPU
2026-04-22 23:27:21.507,116.795,22.741,54.598,1.016,2.824,10.568,11.586,0.053,false,20.453,SEVERE,8,180,sequential_yolo_pose,SM-S906U1,GPU
2026-04-22 23:27:21.640,125.756,23.354,54.417,1.096,2.569,16.515,11.753,0.046,false,20.453,SEVERE,8,180,sequential_yolo_pose,SM-S906U1,GPU
2026-04-22 23:27:21.771,126.055,24.788,54.096,1.033,2.926,8.969,11.947,0.066,false,20.453,SEVERE,8,180,sequential_yolo_pose,SM-S906U1,GPU
2026-04-22 23:27:21.892,115.866,23.725,52.534,0.526,1.397,5.694,11.367,0.055,false,20.578,SEVERE,8,180,sequential_yolo_pose,SM-S906U1,GPU
2026-04-22 23:27:22.006,109.439,23.133,52.244,0.742,2.420,8.113,11.462,0.047,false,20.453,SEVERE,8,180,sequential_yolo_pose,SM-S906U1,GPU
2026-04-22 23:27:22.129,115.452,24.523,51.914,0.558,1.812,7.355,10.534,0.051,false,20.387,SEVERE,8,180,sequential_yolo_pose,SM-S906U1,GPU
2026-04-22 23:27:22.256,122.164,26.188,55.384,0.588,1.898,6.296,13.294,0.074,false,20.485,SEVERE,8,180,sequential_yolo_pose,SM-S906U1,GPU
2026-04-22 23:27:22.359,96.959,25.842,53.672,0.607,0.000,0.000,0.000,0.000,true,17.059,SEVERE,8,180,sequential_yolo_pose,SM-S906U1,GPU
2026-04-22 23:27:22.499,130.308,27.176,54.288,0.798,2.146,12.562,11.039,0.058,false,34.067,SEVERE,8,180,sequential_yolo_pose,SM-S906U1,GPU
2026-04-22 23:27:22.641,136.477,26.696,59.484,0.955,2.736,14.159,11.434,0.053,false,28.930,SEVERE,8,180,sequential_yolo_pose,SM-S906U1,GPU
2026-04-22 23:27:22.776,121.178,27.177,51.969,0.922,2.239,8.233,11.838,0.046,false,20.418,SEVERE,8,180,sequential_yolo_pose,SM-S906U1,GPU
2026-04-22 23:27:22.899,113.056,23.458,52.216,0.506,1.958,7.551,10.274,0.064,false,20.516,SEVERE,8,180,sequential_yolo_pose,SM-S906U1,GPU
2026-04-22 23:27:23.032,127.587,23.908,53.210,0.464,2.555,10.389,11.845,0.051,false,20.453,SEVERE,8,180,sequential_yolo_pose,SM-S906U1,GPU
2026-04-22 23:27:23.163,125.986,23.601,51.981,0.583,1.836,10.046,17.012,0.249,false,20.485,SEVERE,8,180,sequential_yolo_pose,SM-S906U1,GPU
2026-04-22 23:27:23.298,129.110,24.184,58.794,0.971,3.099,9.310,13.687,0.053,false,20.453,SEVERE,8,180,sequential_yolo_pose,SM-S906U1,GPU
2026-04-22 23:27:23.417,113.868,24.064,53.958,0.518,1.618,5.559,11.681,0.054,false,20.391,SEVERE,8,180,sequential_yolo_pose,SM-S906U1,GPU
2026-04-22 23:27:23.543,121.505,29.425,51.054,0.687,1.904,6.534,12.109,0.049,false,20.485,SEVERE,8,180,sequential_yolo_pose,SM-S906U1,GPU
2026-04-22 23:27:23.681,124.057,27.376,55.472,0.867,2.459,6.652,13.000,0.070,false,20.453,SEVERE,8,180,sequential_yolo_pose,SM-S906U1,GPU
2026-04-22 23:27:23.810,120.632,26.781,54.666,0.990,2.522,5.285,12.379,0.052,false,20.360,SEVERE,8,180,sequential_yolo_pose,SM-S906U1,GPU
2026-04-22 23:27:23.944,126.682,23.103,56.070,1.209,3.003,16.231,15.155,0.033,false,20.578,SEVERE,8,180,sequential_yolo_pose,SM-S906U1,GPU
2026-04-22 23:27:24.078,126.616,25.471,53.741,1.170,2.654,9.533,13.066,0.059,false,20.453,SEVERE,8,180,sequential_yolo_pose,SM-S906U1,GPU
2026-04-22 23:27:24.206,119.459,25.351,52.711,1.129,2.717,6.410,10.571,0.035,false,20.391,SEVERE,8,180,sequential_yolo_pose,SM-S906U1,GPU
2026-04-22 23:27:24.338,126.968,27.001,52.243,0.876,2.026,9.586,11.340,0.038,false,20.418,SEVERE,8,180,sequential_yolo_pose,SM-S906U1,GPU
2026-04-22 23:27:24.471,127.489,23.973,55.345,1.135,2.702,9.523,16.968,0.061,false,20.453,SEVERE,8,180,sequential_yolo_pose,SM-S906U1,GPU
2026-04-22 23:27:24.602,126.152,25.610,54.061,0.687,3.048,11.465,11.689,0.043,false,20.485,SEVERE,8,180,sequential_yolo_pose,SM-S906U1,GPU
2026-04-22 23:27:24.735,125.569,24.172,54.157,1.059,2.623,14.133,10.556,0.071,false,20.453,SEVERE,8,180,sequential_yolo_pose,SM-S906U1,GPU
2026-04-22 23:27:24.859,118.683,24.501,53.535,0.757,2.013,7.170,11.931,0.054,false,20.485,SEVERE,7,180,sequential_yolo_pose,SM-S906U1,GPU
2026-04-22 23:27:24.981,117.967,22.761,53.225,1.032,2.143,5.542,12.392,0.043,false,20.453,SEVERE,7,180,sequential_yolo_pose,SM-S906U1,GPU
2026-04-22 23:27:25.107,118.701,24.121,52.979,1.096,2.791,12.457,10.524,0.034,false,20.481,SEVERE,7,180,sequential_yolo_pose,SM-S906U1,GPU
2026-04-22 23:27:25.245,130.140,26.403,53.081,1.024,2.815,11.167,12.391,0.058,false,20.453,SEVERE,7,180,sequential_yolo_pose,SM-S906U1,GPU
2026-04-22 23:27:25.378,124.208,26.737,58.183,1.097,2.575,5.339,11.096,0.047,false,20.422,SEVERE,7,180,sequential_yolo_pose,SM-S906U1,GPU
2026-04-22 23:27:25.506,122.721,27.439,53.836,1.002,2.957,8.668,10.881,0.055,false,20.391,SEVERE,7,180,sequential_yolo_pose,SM-S906U1,GPU
2026-04-22 23:27:25.636,120.752,26.183,52.484,0.975,2.133,6.888,9.742,0.039,false,20.387,SEVERE,7,180,sequential_yolo_pose,SM-S906U1,GPU
2026-04-22 23:27:25.760,119.981,24.647,52.864,0.627,1.837,6.730,11.495,0.055,false,20.422,SEVERE,7,180,sequential_yolo_pose,SM-S906U1,GPU
2026-04-22 23:27:25.883,118.641,22.876,55.417,0.923,2.425,8.230,13.337,0.038,false,20.485,SEVERE,8,180,sequential_yolo_pose,SM-S906U1,GPU
2026-04-22 23:27:26.008,118.987,23.632,53.419,1.219,3.799,9.361,9.989,0.048,false,20.422,SEVERE,8,180,sequential_yolo_pose,SM-S906U1,GPU
2026-04-22 23:27:26.136,119.938,23.012,52.236,0.711,3.119,10.396,11.551,0.046,false,20.449,SEVERE,8,180,sequential_yolo_pose,SM-S906U1,GPU
2026-04-22 23:27:26.263,120.959,25.219,51.594,0.886,2.679,9.957,10.836,0.038,false,20.485,SEVERE,8,180,sequential_yolo_pose,SM-S906U1,GPU
2026-04-22 23:27:26.378,110.142,23.912,53.770,0.615,1.652,5.256,10.629,0.034,false,20.422,SEVERE,8,180,sequential_yolo_pose,SM-S906U1,GPU
2026-04-22 23:27:26.505,119.460,23.221,53.058,0.618,2.044,9.513,13.365,0.034,false,20.453,SEVERE,8,180,sequential_yolo_pose,SM-S906U1,GPU
2026-04-22 23:27:26.614,105.632,23.040,53.102,0.589,1.440,5.140,10.694,0.057,false,20.422,SEVERE,8,180,sequential_yolo_pose,SM-S906U1,GPU
2026-04-22 23:27:26.745,124.434,28.735,52.346,1.181,3.006,15.571,10.884,0.038,false,20.481,SEVERE,8,180,sequential_yolo_pose,SM-S906U1,GPU
2026-04-22 23:27:26.873,122.543,23.505,52.457,0.745,2.524,13.104,10.911,0.053,false,20.485,SEVERE,8,180,sequential_yolo_pose,SM-S906U1,GPU
2026-04-22 23:27:27.001,122.757,23.581,53.579,0.680,2.924,8.318,13.819,0.070,false,20.485,SEVERE,8,180,sequential_yolo_pose,SM-S906U1,GPU
2026-04-22 23:27:27.130,123.797,23.989,53.611,0.921,2.659,8.452,11.037,0.052,false,20.422,SEVERE,8,180,sequential_yolo_pose,SM-S906U1,GPU
2026-04-22 23:27:27.258,122.299,23.548,53.102,0.969,2.480,9.352,13.196,0.052,false,20.453,SEVERE,8,180,sequential_yolo_pose,SM-S906U1,GPU
2026-04-22 23:27:27.374,111.082,23.702,52.475,0.469,1.034,3.942,10.733,0.049,false,20.391,SEVERE,8,180,sequential_yolo_pose,SM-S906U1,GPU
2026-04-22 23:27:27.503,124.767,26.885,55.004,1.190,3.133,9.498,11.424,0.047,false,20.485,SEVERE,8,180,sequential_yolo_pose,SM-S906U1,GPU
2026-04-22 23:27:27.628,118.871,23.474,55.055,0.821,2.171,7.762,10.757,0.059,false,20.422,SEVERE,8,180,sequential_yolo_pose,SM-S906U1,GPU
2026-04-22 23:27:27.752,117.427,23.562,55.395,0.596,1.426,5.579,10.433,0.087,false,20.391,SEVERE,8,180,sequential_yolo_pose,SM-S906U1,GPU
2026-04-22 23:27:27.878,121.152,26.463,54.098,1.065,1.641,7.465,12.620,0.056,false,20.360,SEVERE,8,180,sequential_yolo_pose,SM-S906U1,GPU
2026-04-22 23:27:28.015,129.883,24.193,54.390,1.954,2.926,10.237,13.565,0.106,false,20.485,SEVERE,8,180,sequential_yolo_pose,SM-S906U1,GPU
2026-04-22 23:27:28.142,119.813,23.077,54.426,1.095,3.118,8.771,11.981,0.055,false,20.485,SEVERE,8,180,sequential_yolo_pose,SM-S906U1,GPU
2026-04-22 23:27:28.274,124.095,29.812,52.736,1.092,2.655,6.800,10.269,0.051,false,20.453,SEVERE,8,180,sequential_yolo_pose,SM-S906U1,GPU
2026-04-22 23:27:28.400,119.163,23.792,54.506,1.013,3.049,14.277,10.895,0.049,false,20.516,SEVERE,8,180,sequential_yolo_pose,SM-S906U1,GPU
2026-04-22 23:27:28.522,118.063,23.318,54.131,0.889,2.558,8.256,12.543,0.065,false,20.453,SEVERE,8,180,sequential_yolo_pose,SM-S906U1,GPU
2026-04-22 23:27:28.643,114.919,25.683,52.851,0.533,1.745,5.295,11.005,0.050,false,20.422,SEVERE,8,180,sequential_yolo_pose,SM-S906U1,GPU
2026-04-22 23:27:28.773,124.098,27.193,54.015,0.609,1.652,12.182,11.326,0.054,false,20.485,SEVERE,8,180,sequential_yolo_pose,SM-S906U1,GPU
2026-04-22 23:27:28.886,107.814,23.310,51.152,0.675,2.158,6.678,10.839,0.059,false,20.422,SEVERE,8,180,sequential_yolo_pose,SM-S906U1,GPU
2026-04-22 23:27:29.009,118.082,26.767,55.811,1.004,2.954,6.702,11.902,0.050,false,20.453,SEVERE,8,180,sequential_yolo_pose,SM-S906U1,GPU
2026-04-22 23:27:29.134,119.670,23.693,53.942,0.994,2.232,11.227,12.076,0.052,false,20.481,SEVERE,8,180,sequential_yolo_pose,SM-S906U1,GPU
2026-04-22 23:27:29.264,125.267,23.175,52.745,0.849,2.893,14.022,12.247,0.065,false,20.422,SEVERE,8,180,sequential_yolo_pose,SM-S906U1,GPU
2026-04-22 23:27:29.387,117.159,23.735,53.199,0.785,2.305,7.293,12.402,0.048,false,20.391,SEVERE,8,180,sequential_yolo_pose,SM-S906U1,GPU
2026-04-22 23:27:29.510,116.912,23.192,53.630,1.037,2.254,7.612,12.087,0.049,false,20.422,SEVERE,8,180,sequential_yolo_pose,SM-S906U1,GPU
2026-04-22 23:27:29.636,116.271,24.019,52.846,1.215,2.936,9.916,11.765,0.039,false,20.453,SEVERE,8,180,sequential_yolo_pose,SM-S906U1,GPU
2026-04-22 23:27:29.771,127.968,26.835,51.813,0.816,2.602,13.678,11.586,0.049,false,20.453,SEVERE,8,180,sequential_yolo_pose,SM-S906U1,GPU
2026-04-22 23:27:29.893,115.461,23.775,50.044,0.648,1.632,7.613,14.299,0.038,false,20.485,SEVERE,8,180,sequential_yolo_pose,SM-S906U1,GPU
2026-04-22 23:27:30.026,128.090,28.375,54.334,0.971,2.680,9.601,14.182,0.034,false,20.422,SEVERE,8,180,sequential_yolo_pose,SM-S906U1,GPU
2026-04-22 23:27:30.153,122.879,26.283,55.076,0.948,2.563,8.597,10.722,0.067,false,20.422,SEVERE,8,180,sequential_yolo_pose,SM-S906U1,GPU
2026-04-22 23:27:30.278,118.831,27.432,53.118,0.638,1.631,6.273,11.821,0.047,false,20.453,SEVERE,8,180,sequential_yolo_pose,SM-S906U1,GPU
2026-04-22 23:27:30.398,115.019,27.526,52.756,0.436,1.197,4.426,10.277,0.069,false,20.387,SEVERE,8,180,sequential_yolo_pose,SM-S906U1,GPU
2026-04-22 23:27:30.528,124.501,24.090,56.325,0.968,2.439,8.470,14.397,0.050,false,20.453,SEVERE,8,180,sequential_yolo_pose,SM-S906U1,GPU
2026-04-22 23:27:30.650,116.815,24.119,54.078,0.589,1.538,5.160,13.729,0.046,false,20.485,SEVERE,8,180,sequential_yolo_pose,SM-S906U1,GPU
2026-04-22 23:27:30.784,127.623,23.060,54.368,0.921,2.769,13.609,21.933,0.051,false,20.485,SEVERE,8,180,sequential_yolo_pose,SM-S906U1,GPU
2026-04-22 23:27:30.906,112.777,24.031,52.587,0.729,2.016,8.240,10.729,0.050,false,20.422,SEVERE,8,180,sequential_yolo_pose,SM-S906U1,GPU
2026-04-22 23:27:31.036,122.451,23.997,56.168,1.247,4.656,8.505,10.235,0.040,false,20.485,SEVERE,8,180,sequential_yolo_pose,SM-S906U1,GPU
2026-04-22 23:27:31.163,119.596,24.139,56.824,1.078,2.975,10.014,12.024,0.050,false,20.453,SEVERE,8,180,sequential_yolo_pose,SM-S906U1,GPU
2026-04-22 23:27:31.293,124.604,25.680,55.090,0.940,2.436,8.573,13.268,0.065,false,20.453,SEVERE,8,180,sequential_yolo_pose,SM-S906U1,GPU
2026-04-22 23:27:31.411,112.319,23.819,51.955,1.053,3.126,7.845,12.259,0.053,false,20.422,SEVERE,8,180,sequential_yolo_pose,SM-S906U1,GPU
2026-04-22 23:27:31.546,129.604,26.785,54.241,0.960,3.310,10.986,11.136,0.059,false,20.485,SEVERE,8,180,sequential_yolo_pose,SM-S906U1,GPU
2026-04-22 23:27:31.672,119.615,25.546,52.740,0.800,2.085,8.184,10.688,0.054,false,20.391,SEVERE,8,180,sequential_yolo_pose,SM-S906U1,GPU
2026-04-22 23:27:31.801,124.072,23.172,53.343,0.627,1.939,9.318,15.097,0.051,false,20.453,SEVERE,8,180,sequential_yolo_pose,SM-S906U1,GPU
2026-04-22 23:27:31.927,121.391,23.332,55.773,0.689,1.789,6.950,12.597,0.022,false,20.610,SEVERE,8,180,sequential_yolo_pose,SM-S906U1,GPU
2026-04-22 23:27:32.045,113.249,23.808,52.497,0.855,2.543,8.353,11.075,0.065,false,20.422,SEVERE,8,180,sequential_yolo_pose,SM-S906U1,GPU
2026-04-22 23:27:32.175,115.657,24.990,52.865,1.171,2.219,5.588,10.185,0.058,false,20.391,SEVERE,8,180,sequential_yolo_pose,SM-S906U1,GPU
2026-04-22 23:27:32.297,116.872,23.696,55.563,0.856,2.906,9.853,12.121,0.040,false,20.453,SEVERE,8,180,sequential_yolo_pose,SM-S906U1,GPU
2026-04-22 23:27:32.428,124.270,25.791,50.970,0.884,2.501,8.976,15.653,0.077,false,20.547,SEVERE,8,180,sequential_yolo_pose,SM-S906U1,GPU
2026-04-22 23:27:32.546,113.493,23.607,53.434,0.857,2.254,5.279,10.797,0.053,false,20.453,SEVERE,8,180,sequential_yolo_pose,SM-S906U1,GPU
2026-04-22 23:27:32.671,118.647,23.324,55.289,1.042,2.881,12.203,12.228,0.054,false,20.481,SEVERE,8,180,sequential_yolo_pose,SM-S906U1,GPU
2026-04-22 23:27:32.795,119.285,23.170,55.087,0.809,2.768,8.256,10.516,0.053,false,20.453,SEVERE,8,180,sequential_yolo_pose,SM-S906U1,GPU
2026-04-22 23:27:32.914,114.063,23.151,52.729,0.869,2.249,5.422,11.971,0.051,false,20.547,SEVERE,8,180,sequential_yolo_pose,SM-S906U1,GPU
2026-04-22 23:27:33.037,118.361,23.363,54.471,1.125,2.877,9.303,12.052,0.076,false,20.453,SEVERE,8,180,sequential_yolo_pose,SM-S906U1,GPU
2026-04-22 23:27:33.174,131.772,23.781,60.715,0.932,2.807,13.251,11.331,0.053,false,20.453,SEVERE,8,180,sequential_yolo_pose,SM-S906U1,GPU
2026-04-22 23:27:33.298,117.216,23.496,52.677,0.635,1.555,7.121,11.549,0.057,false,20.453,SEVERE,8,180,sequential_yolo_pose,SM-S906U1,GPU
2026-04-22 23:27:33.422,118.272,27.141,52.767,0.560,1.518,5.824,12.437,0.077,false,20.453,SEVERE,8,180,sequential_yolo_pose,SM-S906U1,GPU
2026-04-22 23:27:33.548,118.965,27.159,54.382,0.599,1.595,5.447,10.834,0.056,false,20.422,SEVERE,8,180,sequential_yolo_pose,SM-S906U1,GPU
2026-04-22 23:27:33.669,114.559,24.021,54.428,0.850,1.837,8.361,12.627,0.039,false,20.453,SEVERE,8,180,sequential_yolo_pose,SM-S906U1,GPU
2026-04-22 23:27:33.799,124.997,23.275,51.385,0.642,2.082,9.327,13.078,0.040,false,20.422,SEVERE,8,180,sequential_yolo_pose,SM-S906U1,GPU
2026-04-22 23:27:33.923,119.007,27.838,52.784,0.571,1.502,5.400,12.483,0.044,false,20.578,SEVERE,8,180,sequential_yolo_pose,SM-S906U1,GPU
2026-04-22 23:27:34.052,124.925,29.669,53.250,0.946,1.979,7.898,12.855,0.057,false,20.453,SEVERE,8,180,sequential_yolo_pose,SM-S906U1,GPU
2026-04-22 23:27:34.173,114.705,23.199,53.966,1.183,2.858,9.834,11.495,0.049,false,20.481,SEVERE,8,180,sequential_yolo_pose,SM-S906U1,GPU
2026-04-22 23:27:34.296,115.772,23.964,53.895,0.579,1.913,11.493,11.851,0.115,false,20.453,SEVERE,8,180,sequential_yolo_pose,SM-S906U1,GPU
2026-04-22 23:27:34.426,125.588,25.559,53.051,0.870,3.014,9.681,14.475,0.085,false,20.453,SEVERE,8,180,sequential_yolo_pose,SM-S906U1,GPU
2026-04-22 23:27:34.545,115.268,23.691,54.814,0.590,1.848,6.008,11.052,0.048,false,20.391,SEVERE,8,180,sequential_yolo_pose,SM-S906U1,GPU
2026-04-22 23:27:34.677,126.782,24.398,56.197,1.006,4.940,10.337,13.963,0.074,false,20.539,SEVERE,8,180,sequential_yolo_pose,SM-S906U1,GPU
2026-04-22 23:27:34.804,121.846,23.863,53.377,0.907,1.642,7.440,12.155,0.056,false,20.453,SEVERE,8,180,sequential_yolo_pose,SM-S906U1,GPU
2026-04-22 23:27:34.928,116.528,24.638,51.719,0.560,1.542,5.820,11.118,0.068,false,20.547,SEVERE,8,180,sequential_yolo_pose,SM-S906U1,GPU
2026-04-22 23:27:35.047,115.168,24.036,55.575,0.567,1.546,5.274,11.168,0.056,false,20.360,SEVERE,8,180,sequential_yolo_pose,SM-S906U1,GPU
2026-04-22 23:27:35.175,121.766,25.706,55.440,0.807,2.093,7.860,11.539,0.051,false,20.450,SEVERE,8,180,sequential_yolo_pose,SM-S906U1,GPU
2026-04-22 23:27:35.296,114.097,24.240,52.951,0.706,2.063,7.005,10.774,0.061,false,20.391,SEVERE,8,180,sequential_yolo_pose,SM-S906U1,GPU
2026-04-22 23:27:35.417,116.603,24.338,53.329,0.570,1.389,5.377,11.452,0.049,false,20.422,SEVERE,8,180,sequential_yolo_pose,SM-S906U1,GPU
2026-04-22 23:27:35.532,110.571,23.503,53.821,0.696,1.774,7.920,11.238,0.034,false,20.418,SEVERE,8,180,sequential_yolo_pose,SM-S906U1,GPU
2026-04-22 23:27:35.653,115.961,24.178,55.425,0.642,1.611,5.281,9.949,0.036,false,20.453,SEVERE,8,180,sequential_yolo_pose,SM-S906U1,GPU
2026-04-22 23:27:35.778,119.528,31.125,53.116,0.898,1.422,5.102,10.389,0.051,false,20.391,SEVERE,8,180,sequential_yolo_pose,SM-S906U1,GPU
2026-04-22 23:27:35.911,126.569,25.869,52.428,1.051,4.503,11.869,11.319,0.060,false,20.485,SEVERE,8,180,sequential_yolo_pose,SM-S906U1,GPU
2026-04-22 23:27:36.045,122.921,23.846,55.042,1.019,2.932,9.636,11.835,0.060,false,20.422,SEVERE,8,180,sequential_yolo_pose,SM-S906U1,GPU
2026-04-22 23:27:36.167,114.117,24.361,56.174,0.735,2.355,7.927,10.515,0.053,false,20.391,SEVERE,8,180,sequential_yolo_pose,SM-S906U1,GPU
2026-04-22 23:27:36.291,119.740,24.717,53.438,0.810,2.392,9.174,11.797,0.059,false,20.391,SEVERE,8,180,sequential_yolo_pose,SM-S906U1,GPU
2026-04-22 23:27:36.413,113.222,26.200,52.561,0.804,1.894,5.745,12.208,0.054,false,20.485,SEVERE,8,180,sequential_yolo_pose,SM-S906U1,GPU
2026-04-22 23:27:36.563,136.005,35.422,52.323,0.525,1.530,5.310,22.062,0.141,false,20.485,SEVERE,8,180,sequential_yolo_pose,SM-S906U1,GPU
2026-04-22 23:27:36.698,127.163,23.469,57.762,0.886,2.298,8.185,11.883,0.053,false,20.453,SEVERE,8,180,sequential_yolo_pose,SM-S906U1,GPU
2026-04-22 23:27:36.818,114.830,23.741,53.384,0.740,1.999,5.357,10.158,0.025,false,20.391,SEVERE,8,180,sequential_yolo_pose,SM-S906U1,GPU
2026-04-22 23:27:36.937,114.600,23.621,54.533,0.795,2.525,10.566,10.628,0.049,false,20.485,SEVERE,8,180,sequential_yolo_pose,SM-S906U1,GPU
2026-04-22 23:27:37.072,128.949,26.130,51.895,1.056,2.722,9.043,10.723,0.047,false,20.422,SEVERE,8,180,sequential_yolo_pose,SM-S906U1,GPU
2026-04-22 23:27:37.204,127.722,22.431,53.617,1.000,2.872,16.514,11.325,0.053,false,20.512,SEVERE,8,180,sequential_yolo_pose,SM-S906U1,GPU
2026-04-22 23:27:37.332,122.615,28.723,52.554,0.611,1.930,8.295,12.226,0.052,false,20.453,SEVERE,8,180,sequential_yolo_pose,SM-S906U1,GPU
2026-04-22 23:27:37.453,115.287,24.359,52.315,0.539,1.499,5.875,11.856,0.071,false,20.391,SEVERE,8,180,sequential_yolo_pose,SM-S906U1,GPU
2026-04-22 23:27:37.577,116.549,24.164,53.196,0.921,2.377,8.148,10.629,0.086,false,20.453,SEVERE,8,180,sequential_yolo_pose,SM-S906U1,GPU
2026-04-22 23:27:37.708,120.834,25.198,54.101,0.876,2.781,8.897,10.376,0.098,false,20.422,SEVERE,8,180,sequential_yolo_pose,SM-S906U1,GPU
2026-04-22 23:27:37.821,106.431,23.523,52.748,0.580,1.548,5.675,10.437,0.061,false,20.391,SEVERE,8,180,sequential_yolo_pose,SM-S906U1,GPU
2026-04-22 23:27:37.944,116.216,24.235,55.723,0.637,1.731,5.612,10.048,0.033,false,20.578,SEVERE,8,180,sequential_yolo_pose,SM-S906U1,GPU
2026-04-22 23:27:38.072,122.556,26.468,53.304,0.607,2.414,8.911,10.375,0.051,false,20.391,SEVERE,8,180,sequential_yolo_pose,SM-S906U1,GPU
2026-04-22 23:27:38.203,126.354,24.304,54.468,1.400,3.110,9.726,12.288,0.035,false,20.453,SEVERE,8,180,sequential_yolo_pose,SM-S906U1,GPU
2026-04-22 23:27:38.320,112.537,23.265,54.489,0.627,1.512,5.571,9.746,0.035,false,20.422,SEVERE,8,180,sequential_yolo_pose,SM-S906U1,GPU
2026-04-22 23:27:38.421,96.354,25.633,52.364,0.191,0.000,0.000,0.000,0.000,true,17.086,SEVERE,8,180,sequential_yolo_pose,SM-S906U1,GPU
2026-04-22 23:27:38.526,100.064,26.249,55.653,0.535,0.000,0.000,0.000,0.000,true,30.668,SEVERE,8,180,sequential_yolo_pose,SM-S906U1,GPU
2026-04-22 23:27:38.635,103.864,28.851,53.641,0.269,0.000,0.000,0.000,0.000,true,13.571,SEVERE,8,180,sequential_yolo_pose,SM-S906U1,GPU
2026-04-22 23:27:38.745,103.314,27.215,52.116,0.287,0.000,0.000,0.000,0.000,true,17.051,SEVERE,8,180,sequential_yolo_pose,SM-S906U1,GPU
2026-04-22 23:27:38.856,106.448,32.227,52.931,0.325,0.000,0.000,0.000,0.000,true,30.664,SEVERE,8,180,sequential_yolo_pose,SM-S906U1,GPU
2026-04-22 23:27:38.962,101.871,25.456,56.875,0.827,0.000,0.000,0.000,0.000,true,18.356,SEVERE,9,180,sequential_yolo_pose,SM-S906U1,GPU
2026-04-22 23:27:39.083,116.620,43.017,56.674,2.103,0.000,0.000,0.000,0.000,true,31.907,SEVERE,9,180,sequential_yolo_pose,SM-S906U1,GPU
2026-04-22 23:27:39.196,105.723,27.226,52.930,0.521,0.000,0.000,0.000,0.000,true,13.574,SEVERE,9,180,sequential_yolo_pose,SM-S906U1,GPU
2026-04-22 23:27:39.309,107.487,23.999,53.775,0.894,0.000,0.000,0.000,0.000,true,17.082,SEVERE,9,180,sequential_yolo_pose,SM-S906U1,GPU
2026-04-22 23:27:39.419,103.597,25.117,53.238,1.107,0.000,0.000,0.000,0.000,true,30.664,SEVERE,9,180,sequential_yolo_pose,SM-S906U1,GPU
2026-04-22 23:27:39.543,114.865,27.208,54.547,0.963,0.000,0.000,0.000,0.000,true,13.571,SEVERE,9,180,sequential_yolo_pose,SM-S906U1,GPU
2026-04-22 23:27:39.653,102.479,25.832,52.846,0.860,0.000,0.000,0.000,0.000,true,17.020,SEVERE,9,180,sequential_yolo_pose,SM-S906U1,GPU
2026-04-22 23:27:39.765,103.994,25.564,55.100,0.666,0.000,0.000,0.000,0.000,true,30.633,SEVERE,9,180,sequential_yolo_pose,SM-S906U1,GPU
2026-04-22 23:27:39.885,113.678,29.751,53.047,0.521,0.000,0.000,0.000,0.000,true,13.961,SEVERE,9,180,sequential_yolo_pose,SM-S906U1,GPU
2026-04-22 23:27:39.999,105.987,28.230,54.394,0.368,0.000,0.000,0.000,0.000,true,17.086,SEVERE,9,180,sequential_yolo_pose,SM-S906U1,GPU
2026-04-22 23:27:40.139,131.715,24.862,50.515,0.873,2.708,11.857,10.336,0.056,false,34.032,SEVERE,9,180,sequential_yolo_pose,SM-S906U1,GPU
2026-04-22 23:27:40.256,109.379,27.536,53.870,0.522,0.000,0.000,0.000,0.000,true,17.055,SEVERE,9,180,sequential_yolo_pose,SM-S906U1,GPU
2026-04-22 23:27:40.381,119.754,24.035,57.831,0.695,1.869,7.191,11.944,0.054,false,34.032,SEVERE,9,180,sequential_yolo_pose,SM-S906U1,GPU
2026-04-22 23:27:40.518,122.176,24.084,52.839,0.792,2.179,7.670,12.738,0.060,false,20.418,SEVERE,9,180,sequential_yolo_pose,SM-S906U1,GPU
2026-04-22 23:27:40.641,118.823,24.199,54.260,1.113,6.198,8.859,11.397,0.055,false,20.516,SEVERE,9,180,sequential_yolo_pose,SM-S906U1,GPU
2026-04-22 23:27:40.769,119.726,23.967,51.742,0.958,4.448,7.585,11.730,0.048,false,20.453,SEVERE,9,180,sequential_yolo_pose,SM-S906U1,GPU
2026-04-22 23:27:40.901,126.510,26.086,53.660,0.793,1.820,8.831,12.852,0.037,false,20.453,SEVERE,9,180,sequential_yolo_pose,SM-S906U1,GPU
2026-04-22 23:27:41.037,129.215,25.095,56.371,1.357,2.694,11.700,10.336,0.045,false,14.617,SEVERE,8,180,sequential_yolo_pose,SM-S906U1,GPU
2026-04-22 23:27:41.172,127.880,26.652,53.578,1.095,2.674,9.920,12.157,0.056,false,21.629,SEVERE,8,180,sequential_yolo_pose,SM-S906U1,GPU
2026-04-22 23:27:41.301,122.579,23.874,52.367,0.599,1.415,9.031,10.714,0.065,false,38.574,SEVERE,8,180,sequential_yolo_pose,SM-S906U1,GPU
2026-04-22 23:27:41.438,125.539,24.063,53.280,1.289,2.878,11.101,11.262,0.036,false,20.481,SEVERE,8,180,sequential_yolo_pose,SM-S906U1,GPU
2026-04-22 23:27:41.570,125.409,26.692,54.441,0.640,1.912,5.884,17.016,0.023,false,20.453,SEVERE,8,180,sequential_yolo_pose,SM-S906U1,GPU
2026-04-22 23:27:41.700,122.637,29.709,52.528,0.391,1.000,3.684,10.504,0.057,false,20.422,SEVERE,8,180,sequential_yolo_pose,SM-S906U1,GPU
2026-04-22 23:27:41.819,114.292,23.348,57.868,0.459,0.880,3.948,13.688,0.021,false,20.485,SEVERE,8,180,sequential_yolo_pose,SM-S906U1,GPU
2026-04-22 23:27:41.938,109.055,34.946,51.884,1.514,0.000,0.000,0.000,0.000,true,17.090,SEVERE,8,180,sequential_yolo_pose,SM-S906U1,GPU
2026-04-22 23:27:42.057,113.016,35.932,51.970,0.374,0.000,0.000,0.000,0.000,true,30.766,SEVERE,7,180,sequential_yolo_pose,SM-S906U1,GPU
2026-04-22 23:27:42.156,94.935,26.539,57.138,0.288,0.000,0.000,0.000,0.000,true,13.606,SEVERE,7,180,sequential_yolo_pose,SM-S906U1,GPU
2026-04-22 23:27:42.252,92.452,24.046,49.982,0.279,0.000,0.000,0.000,0.000,true,17.020,SEVERE,7,180,sequential_yolo_pose,SM-S906U1,GPU
2026-04-22 23:27:42.348,91.491,23.345,50.873,0.617,0.000,0.000,0.000,0.000,true,30.664,SEVERE,7,180,sequential_yolo_pose,SM-S906U1,GPU
2026-04-22 23:27:42.452,98.827,26.886,57.009,1.019,0.000,0.000,0.000,0.000,true,14.024,SEVERE,7,180,sequential_yolo_pose,SM-S906U1,GPU
2026-04-22 23:27:42.558,97.792,28.537,50.452,0.499,0.000,0.000,0.000,0.000,true,17.051,SEVERE,7,180,sequential_yolo_pose,SM-S906U1,GPU
2026-04-22 23:27:42.664,100.199,27.447,53.689,0.605,0.000,0.000,0.000,0.000,true,30.664,SEVERE,7,180,sequential_yolo_pose,SM-S906U1,GPU
2026-04-22 23:27:42.777,108.211,29.352,53.982,0.635,0.000,0.000,0.000,0.000,true,18.262,SEVERE,7,180,sequential_yolo_pose,SM-S906U1,GPU
2026-04-22 23:27:42.894,106.631,28.938,53.230,0.709,0.000,0.000,0.000,0.000,true,31.813,SEVERE,7,180,sequential_yolo_pose,SM-S906U1,GPU
2026-04-22 23:27:43.007,107.313,28.636,55.691,0.431,0.000,0.000,0.000,0.000,true,13.645,SEVERE,10,180,sequential_yolo_pose,SM-S906U1,GPU
2026-04-22 23:27:43.118,102.471,25.260,52.289,0.501,0.000,0.000,0.000,0.000,true,17.055,SEVERE,10,180,sequential_yolo_pose,SM-S906U1,GPU
2026-04-22 23:27:43.227,104.294,28.234,54.361,0.602,0.000,0.000,0.000,0.000,true,30.637,SEVERE,10,180,sequential_yolo_pose,SM-S906U1,GPU
2026-04-22 23:27:43.341,107.877,28.887,52.762,0.457,0.000,0.000,0.000,0.000,true,13.571,SEVERE,10,180,sequential_yolo_pose,SM-S906U1,GPU
2026-04-22 23:27:43.454,105.514,27.530,54.133,0.760,0.000,0.000,0.000,0.000,true,17.082,SEVERE,10,180,sequential_yolo_pose,SM-S906U1,GPU
2026-04-22 23:27:43.555,95.822,23.863,53.415,0.673,0.000,0.000,0.000,0.000,true,30.664,SEVERE,10,180,sequential_yolo_pose,SM-S906U1,GPU
2026-04-22 23:27:43.668,107.207,25.085,54.104,0.795,0.000,0.000,0.000,0.000,true,13.539,SEVERE,10,180,sequential_yolo_pose,SM-S906U1,GPU
2026-04-22 23:27:43.788,112.832,27.484,53.940,0.618,0.000,0.000,0.000,0.000,true,17.051,SEVERE,10,180,sequential_yolo_pose,SM-S906U1,GPU
2026-04-22 23:27:43.897,102.686,28.066,53.250,0.849,0.000,0.000,0.000,0.000,true,30.696,SEVERE,10,180,sequential_yolo_pose,SM-S906U1,GPU
2026-04-22 23:27:44.013,110.158,28.877,51.905,0.539,0.000,0.000,0.000,0.000,true,13.633,SEVERE,9,180,sequential_yolo_pose,SM-S906U1,GPU
2026-04-22 23:27:44.123,99.856,26.336,54.263,0.773,0.000,0.000,0.000,0.000,true,17.024,SEVERE,9,180,sequential_yolo_pose,SM-S906U1,GPU
2026-04-22 23:27:44.227,97.271,24.150,54.319,0.442,0.000,0.000,0.000,0.000,true,30.668,SEVERE,9,180,sequential_yolo_pose,SM-S906U1,GPU
2026-04-22 23:27:44.333,102.123,28.412,55.592,0.548,0.000,0.000,0.000,0.000,true,13.961,SEVERE,9,180,sequential_yolo_pose,SM-S906U1,GPU
2026-04-22 23:27:44.453,112.757,29.511,52.708,0.702,0.000,0.000,0.000,0.000,true,17.082,SEVERE,9,180,sequential_yolo_pose,SM-S906U1,GPU
2026-04-22 23:27:44.560,101.845,26.889,54.843,0.704,0.000,0.000,0.000,0.000,true,30.633,SEVERE,9,180,sequential_yolo_pose,SM-S906U1,GPU
2026-04-22 23:27:44.669,103.769,28.306,52.168,0.264,0.000,0.000,0.000,0.000,true,13.602,SEVERE,9,180,sequential_yolo_pose,SM-S906U1,GPU
2026-04-22 23:27:44.801,124.879,39.011,55.514,0.526,0.000,0.000,0.000,0.000,true,17.051,SEVERE,9,180,sequential_yolo_pose,SM-S906U1,GPU
2026-04-22 23:27:44.918,108.628,24.994,54.169,0.766,0.000,0.000,0.000,0.000,true,30.664,SEVERE,9,180,sequential_yolo_pose,SM-S906U1,GPU
2026-04-22 23:27:45.053,128.029,28.207,55.572,0.840,2.900,8.257,11.736,0.092,false,16.969,SEVERE,9,180,sequential_yolo_pose,SM-S906U1,GPU
2026-04-22 23:27:45.180,118.721,24.051,55.055,0.718,2.022,7.397,12.240,0.058,false,20.516,SEVERE,9,180,sequential_yolo_pose,SM-S906U1,GPU
2026-04-22 23:27:45.300,114.847,23.401,52.307,0.776,2.171,8.360,10.700,0.041,false,20.387,SEVERE,9,180,sequential_yolo_pose,SM-S906U1,GPU
2026-04-22 23:27:45.434,127.086,26.131,53.612,0.621,1.497,9.306,16.594,0.049,false,20.453,SEVERE,9,180,sequential_yolo_pose,SM-S906U1,GPU
2026-04-22 23:27:45.562,124.173,26.783,52.621,0.612,2.852,11.204,12.212,0.051,false,20.391,SEVERE,9,180,sequential_yolo_pose,SM-S906U1,GPU
2026-04-22 23:27:45.687,118.867,23.371,53.187,0.736,2.596,8.482,11.325,0.058,false,20.485,SEVERE,9,180,sequential_yolo_pose,SM-S906U1,GPU
2026-04-22 23:27:45.807,111.984,23.628,51.759,0.645,1.494,5.056,11.083,0.033,false,20.328,SEVERE,9,180,sequential_yolo_pose,SM-S906U1,GPU
2026-04-22 23:27:45.931,118.714,23.836,55.515,0.566,1.364,6.436,12.522,0.057,false,20.422,SEVERE,9,180,sequential_yolo_pose,SM-S906U1,GPU
2026-04-22 23:27:46.059,123.635,24.382,52.644,0.980,2.317,10.314,12.143,0.043,false,20.422,SEVERE,8,180,sequential_yolo_pose,SM-S906U1,GPU
2026-04-22 23:27:46.178,112.580,24.075,54.028,0.775,1.566,5.633,10.207,0.041,false,20.422,SEVERE,8,180,sequential_yolo_pose,SM-S906U1,GPU
2026-04-22 23:27:46.300,117.346,23.164,53.699,0.801,4.621,8.578,10.935,0.071,false,20.485,SEVERE,8,180,sequential_yolo_pose,SM-S906U1,GPU
2026-04-22 23:27:46.429,123.421,23.164,53.851,0.767,3.075,15.773,10.340,0.054,false,20.485,SEVERE,8,180,sequential_yolo_pose,SM-S906U1,GPU
2026-04-22 23:27:46.549,116.160,23.815,52.868,0.928,2.295,7.992,11.243,0.051,false,20.422,SEVERE,8,180,sequential_yolo_pose,SM-S906U1,GPU
2026-04-22 23:27:46.672,117.855,28.143,53.083,0.614,1.534,5.533,11.445,0.035,false,20.516,SEVERE,8,180,sequential_yolo_pose,SM-S906U1,GPU
2026-04-22 23:27:46.795,117.979,24.008,58.983,0.991,2.492,8.646,11.270,0.044,false,20.391,SEVERE,8,180,sequential_yolo_pose,SM-S906U1,GPU
2026-04-22 23:27:46.918,117.847,24.154,52.941,1.013,2.025,7.505,12.144,0.034,false,20.422,SEVERE,8,180,sequential_yolo_pose,SM-S906U1,GPU
2026-04-22 23:27:47.048,121.037,26.895,54.167,0.960,2.460,8.183,10.939,0.053,false,20.453,SEVERE,8,180,sequential_yolo_pose,SM-S906U1,GPU
2026-04-22 23:27:47.174,117.273,24.197,52.895,1.122,2.030,7.944,10.881,0.037,false,20.485,SEVERE,8,180,sequential_yolo_pose,SM-S906U1,GPU
2026-04-22 23:27:47.294,116.029,24.703,52.204,0.879,1.801,6.736,11.285,0.054,false,20.391,SEVERE,8,180,sequential_yolo_pose,SM-S906U1,GPU
2026-04-22 23:27:47.422,123.427,23.622,53.764,0.888,2.252,7.491,17.837,0.049,false,20.453,SEVERE,8,180,sequential_yolo_pose,SM-S906U1,GPU
2026-04-22 23:27:47.548,119.415,25.762,53.687,0.987,2.476,8.160,11.853,0.060,false,20.391,SEVERE,8,180,sequential_yolo_pose,SM-S906U1,GPU
2026-04-22 23:27:47.673,119.856,29.308,53.454,0.575,1.151,4.299,11.353,0.040,false,20.516,SEVERE,8,180,sequential_yolo_pose,SM-S906U1,GPU
2026-04-22 23:27:47.807,126.191,29.410,51.960,1.403,2.487,8.034,11.984,0.038,false,20.453,SEVERE,8,180,sequential_yolo_pose,SM-S906U1,GPU
2026-04-22 23:27:47.906,92.912,23.675,51.688,0.719,0.000,0.000,0.000,0.000,true,16.996,SEVERE,8,180,sequential_yolo_pose,SM-S906U1,GPU
2026-04-22 23:27:48.018,100.549,23.937,55.277,0.932,0.000,0.000,0.000,0.000,true,30.797,SEVERE,8,180,sequential_yolo_pose,SM-S906U1,GPU
2026-04-22 23:27:48.165,133.923,26.064,53.973,0.950,2.953,8.206,19.189,0.043,false,17.387,SEVERE,8,180,sequential_yolo_pose,SM-S906U1,GPU
2026-04-22 23:27:48.292,122.572,25.791,56.874,0.618,1.599,8.780,11.386,0.042,false,20.453,SEVERE,8,180,sequential_yolo_pose,SM-S906U1,GPU
2026-04-22 23:27:48.409,110.990,24.003,50.719,0.881,1.870,6.535,10.795,0.040,false,20.422,SEVERE,8,180,sequential_yolo_pose,SM-S906U1,GPU
2026-04-22 23:27:48.543,127.140,23.869,53.108,1.090,2.969,10.760,12.294,0.587,false,20.485,SEVERE,8,180,sequential_yolo_pose,SM-S906U1,GPU
2026-04-22 23:27:48.661,110.732,23.761,53.275,0.650,2.780,7.436,10.823,0.038,false,20.485,SEVERE,8,180,sequential_yolo_pose,SM-S906U1,GPU
2026-04-22 23:27:48.784,118.268,23.493,56.204,0.843,2.312,8.300,12.684,0.058,false,20.391,SEVERE,8,180,sequential_yolo_pose,SM-S906U1,GPU
2026-04-22 23:27:48.914,124.712,24.328,58.613,1.270,2.873,7.002,14.402,0.036,false,20.485,SEVERE,8,180,sequential_yolo_pose,SM-S906U1,GPU
2026-04-22 23:27:49.040,121.565,24.140,55.971,0.643,1.951,6.442,13.016,0.032,false,20.547,SEVERE,8,180,sequential_yolo_pose,SM-S906U1,GPU
2026-04-22 23:27:49.196,144.887,34.122,63.860,0.544,3.116,8.492,9.885,0.078,false,20.485,SEVERE,8,180,sequential_yolo_pose,SM-S906U1,GPU
2026-04-22 23:27:49.333,132.634,31.795,56.765,0.734,2.148,7.167,14.661,0.049,false,20.489,SEVERE,8,180,sequential_yolo_pose,SM-S906U1,GPU
2026-04-22 23:27:49.468,130.120,32.071,61.115,0.561,1.529,4.852,9.515,0.050,false,20.453,SEVERE,8,180,sequential_yolo_pose,SM-S906U1,GPU
2026-04-22 23:27:49.600,127.892,30.758,52.953,0.654,1.764,9.377,11.121,0.049,false,20.485,SEVERE,8,180,sequential_yolo_pose,SM-S906U1,GPU
2026-04-22 23:27:49.719,114.837,23.492,55.026,0.797,1.625,5.668,10.694,0.053,false,20.391,SEVERE,8,180,sequential_yolo_pose,SM-S906U1,GPU
2026-04-22 23:27:49.839,115.082,24.907,56.328,0.506,1.274,4.115,10.218,0.040,false,20.422,SEVERE,8,180,sequential_yolo_pose,SM-S906U1,GPU
2026-04-22 23:27:49.963,118.220,23.950,56.866,0.473,1.644,6.139,11.449,0.036,false,20.453,SEVERE,8,180,sequential_yolo_pose,SM-S906U1,GPU
2026-04-22 23:27:50.075,105.578,25.381,55.869,0.294,0.000,0.000,0.000,0.000,true,17.059,SEVERE,8,180,sequential_yolo_pose,SM-S906U1,GPU
2026-04-22 23:27:50.180,98.853,24.293,54.594,0.351,0.000,0.000,0.000,0.000,true,30.672,SEVERE,8,180,sequential_yolo_pose,SM-S906U1,GPU
2026-04-22 23:27:50.295,108.222,31.477,57.693,0.284,0.000,0.000,0.000,0.000,true,18.266,SEVERE,8,180,sequential_yolo_pose,SM-S906U1,GPU
2026-04-22 23:27:50.397,97.548,26.685,52.061,0.304,0.000,0.000,0.000,0.000,true,31.848,SEVERE,8,180,sequential_yolo_pose,SM-S906U1,GPU
2026-04-22 23:27:50.498,96.277,24.311,53.794,0.478,0.000,0.000,0.000,0.000,true,13.598,SEVERE,8,180,sequential_yolo_pose,SM-S906U1,GPU
2026-04-22 23:27:50.603,98.938,27.356,52.658,0.431,0.000,0.000,0.000,0.000,true,17.020,SEVERE,8,180,sequential_yolo_pose,SM-S906U1,GPU
2026-04-22 23:27:50.708,98.113,28.256,50.998,0.484,0.000,0.000,0.000,0.000,true,30.696,SEVERE,8,180,sequential_yolo_pose,SM-S906U1,GPU
2026-04-22 23:27:50.815,102.097,29.555,52.499,0.457,0.000,0.000,0.000,0.000,true,18.262,SEVERE,8,180,sequential_yolo_pose,SM-S906U1,GPU
2026-04-22 23:27:50.922,98.437,24.167,58.645,0.490,0.000,0.000,0.000,0.000,true,31.844,SEVERE,8,180,sequential_yolo_pose,SM-S906U1,GPU
2026-04-22 23:27:51.028,101.166,24.168,57.598,0.440,0.000,0.000,0.000,0.000,true,13.664,SEVERE,9,180,sequential_yolo_pose,SM-S906U1,GPU
2026-04-22 23:27:51.131,98.287,26.274,53.663,0.493,0.000,0.000,0.000,0.000,true,16.992,SEVERE,9,180,sequential_yolo_pose,SM-S906U1,GPU
2026-04-22 23:27:51.236,99.501,25.123,50.757,0.843,0.000,0.000,0.000,0.000,true,30.637,SEVERE,9,180,sequential_yolo_pose,SM-S906U1,GPU
2026-04-22 23:27:51.358,114.869,35.667,52.765,0.664,0.000,0.000,0.000,0.000,true,18.653,SEVERE,9,180,sequential_yolo_pose,SM-S906U1,GPU
2026-04-22 23:27:51.477,111.451,30.283,53.329,0.927,0.000,0.000,0.000,0.000,true,32.204,SEVERE,9,180,sequential_yolo_pose,SM-S906U1,GPU
2026-04-22 23:27:51.587,101.971,27.534,52.632,0.747,0.000,0.000,0.000,0.000,true,18.262,SEVERE,9,180,sequential_yolo_pose,SM-S906U1,GPU
2026-04-22 23:27:51.705,108.900,23.916,53.133,0.811,0.000,0.000,0.000,0.000,true,31.875,SEVERE,9,180,sequential_yolo_pose,SM-S906U1,GPU
2026-04-22 23:27:51.823,111.191,30.314,53.371,0.358,0.000,0.000,0.000,0.000,true,13.571,SEVERE,9,180,sequential_yolo_pose,SM-S906U1,GPU
2026-04-22 23:27:51.928,100.259,28.407,51.751,0.629,0.000,0.000,0.000,0.000,true,17.020,SEVERE,9,180,sequential_yolo_pose,SM-S906U1,GPU
2026-04-22 23:27:52.051,116.760,34.049,53.049,0.451,0.000,0.000,0.000,0.000,true,30.789,SEVERE,9,180,sequential_yolo_pose,SM-S906U1,GPU
2026-04-22 23:27:52.160,103.001,30.465,51.584,0.783,0.000,0.000,0.000,0.000,true,13.930,SEVERE,9,180,sequential_yolo_pose,SM-S906U1,GPU
2026-04-22 23:27:52.300,133.300,28.403,56.694,1.005,2.510,9.645,10.444,0.055,false,20.446,SEVERE,9,180,sequential_yolo_pose,SM-S906U1,GPU
2026-04-22 23:27:52.435,129.597,27.695,55.265,0.612,1.948,9.602,13.220,0.034,false,20.453,SEVERE,9,180,sequential_yolo_pose,SM-S906U1,GPU
2026-04-22 23:27:52.558,117.296,26.528,53.467,0.495,1.691,5.867,11.588,0.069,false,20.387,SEVERE,9,180,sequential_yolo_pose,SM-S906U1,GPU
2026-04-22 23:27:52.679,116.229,25.152,54.286,0.679,1.841,6.197,10.783,0.050,false,20.450,SEVERE,9,180,sequential_yolo_pose,SM-S906U1,GPU
2026-04-22 23:27:52.807,122.803,26.861,53.054,0.777,2.220,7.265,10.860,0.059,false,20.391,SEVERE,9,180,sequential_yolo_pose,SM-S906U1,GPU
2026-04-22 23:27:52.938,124.600,24.144,54.069,0.968,2.907,8.115,10.959,0.056,false,20.485,SEVERE,9,180,sequential_yolo_pose,SM-S906U1,GPU
2026-04-22 23:27:53.056,113.190,23.244,54.485,0.512,1.470,5.968,9.410,0.068,false,20.485,SEVERE,8,180,sequential_yolo_pose,SM-S906U1,GPU
2026-04-22 23:27:53.181,121.217,24.620,57.279,0.869,2.057,7.492,12.642,0.058,false,20.485,SEVERE,8,180,sequential_yolo_pose,SM-S906U1,GPU
2026-04-22 23:27:53.306,120.340,24.447,53.731,0.964,2.875,8.534,10.514,0.050,false,20.512,SEVERE,8,180,sequential_yolo_pose,SM-S906U1,GPU
2026-04-22 23:27:53.445,134.143,24.423,60.059,1.292,2.875,10.096,13.761,0.045,false,20.516,SEVERE,8,180,sequential_yolo_pose,SM-S906U1,GPU
2026-04-22 23:27:53.574,123.975,23.923,53.256,1.390,4.022,11.624,13.322,0.058,false,20.453,SEVERE,8,180,sequential_yolo_pose,SM-S906U1,GPU
2026-04-22 23:27:53.705,124.318,23.428,54.323,1.029,2.668,11.088,10.851,0.034,false,20.485,SEVERE,8,180,sequential_yolo_pose,SM-S906U1,GPU
2026-04-22 23:27:53.833,122.730,24.664,53.844,0.814,2.651,10.599,11.688,0.046,false,20.453,SEVERE,8,180,sequential_yolo_pose,SM-S906U1,GPU
2026-04-22 23:27:53.956,117.332,25.039,52.431,0.664,1.601,8.963,10.671,0.039,false,20.453,SEVERE,8,180,sequential_yolo_pose,SM-S906U1,GPU
2026-04-22 23:27:54.068,107.719,23.651,53.744,0.668,1.674,5.693,10.764,0.036,false,20.551,SEVERE,8,180,sequential_yolo_pose,SM-S906U1,GPU
2026-04-22 23:27:54.193,120.193,26.701,52.491,0.694,1.660,7.134,13.956,0.125,false,20.453,SEVERE,8,180,sequential_yolo_pose,SM-S906U1,GPU
2026-04-22 23:27:54.313,114.931,25.157,52.976,0.659,1.569,5.410,11.016,0.040,false,20.391,SEVERE,8,180,sequential_yolo_pose,SM-S906U1,GPU
2026-04-22 23:27:54.455,133.834,24.130,53.396,1.158,3.484,16.008,17.005,0.037,false,20.547,SEVERE,8,180,sequential_yolo_pose,SM-S906U1,GPU
2026-04-22 23:27:54.572,112.859,23.942,52.990,1.028,2.336,8.520,11.507,0.082,false,20.453,SEVERE,8,180,sequential_yolo_pose,SM-S906U1,GPU
2026-04-22 23:27:54.708,130.481,27.045,53.818,1.307,2.782,9.746,11.536,0.035,false,20.485,SEVERE,8,180,sequential_yolo_pose,SM-S906U1,GPU
2026-04-22 23:27:54.838,121.999,24.429,53.299,1.035,2.249,10.007,12.441,0.067,false,20.453,SEVERE,8,180,sequential_yolo_pose,SM-S906U1,GPU
2026-04-22 23:27:54.966,122.324,24.203,51.999,1.020,2.688,9.704,10.456,0.053,false,20.422,SEVERE,8,180,sequential_yolo_pose,SM-S906U1,GPU
2026-04-22 23:27:55.101,130.713,25.549,55.852,0.874,2.224,15.623,12.842,0.048,false,20.520,SEVERE,8,180,sequential_yolo_pose,SM-S906U1,GPU
2026-04-22 23:27:55.238,131.681,29.030,55.941,1.086,2.583,10.953,10.912,0.061,false,20.453,SEVERE,8,180,sequential_yolo_pose,SM-S906U1,GPU
2026-04-22 23:27:55.373,128.301,23.794,53.043,0.961,6.011,10.454,10.064,0.057,false,20.485,SEVERE,8,180,sequential_yolo_pose,SM-S906U1,GPU
2026-04-22 23:27:55.510,130.532,27.207,53.705,1.178,2.798,10.597,11.623,0.050,false,20.418,SEVERE,8,180,sequential_yolo_pose,SM-S906U1,GPU
2026-04-22 23:27:55.645,124.561,23.342,53.332,0.907,2.726,14.201,11.468,0.042,false,20.485,SEVERE,8,180,sequential_yolo_pose,SM-S906U1,GPU
2026-04-22 23:27:55.768,114.747,24.321,53.989,0.814,2.816,10.371,10.533,0.050,false,20.422,SEVERE,8,180,sequential_yolo_pose,SM-S906U1,GPU
2026-04-22 23:27:55.886,113.386,24.269,50.559,0.663,1.540,6.043,11.363,0.058,false,20.391,SEVERE,8,180,sequential_yolo_pose,SM-S906U1,GPU
2026-04-22 23:27:56.025,132.130,28.089,55.735,0.806,2.131,7.863,18.683,0.046,false,20.485,SEVERE,7,180,sequential_yolo_pose,SM-S906U1,GPU
2026-04-22 23:27:56.145,114.929,23.996,54.916,2.461,2.675,5.777,11.884,0.033,false,20.485,SEVERE,7,180,sequential_yolo_pose,SM-S906U1,GPU
2026-04-22 23:27:56.270,112.762,24.085,52.298,1.179,3.302,9.301,11.289,0.045,false,20.422,SEVERE,7,180,sequential_yolo_pose,SM-S906U1,GPU
2026-04-22 23:27:56.395,118.438,24.044,53.853,0.871,1.896,8.204,11.837,0.053,false,20.453,SEVERE,7,180,sequential_yolo_pose,SM-S906U1,GPU
2026-04-22 23:27:56.518,117.676,25.261,51.578,0.788,2.152,7.413,11.102,0.050,false,20.422,SEVERE,7,180,sequential_yolo_pose,SM-S906U1,GPU
2026-04-22 23:27:56.641,117.899,25.198,57.177,0.777,1.911,5.694,9.750,0.049,false,20.422,SEVERE,7,180,sequential_yolo_pose,SM-S906U1,GPU
2026-04-22 23:27:56.767,119.995,26.918,52.756,1.076,2.527,8.245,9.941,0.036,false,20.422,SEVERE,7,180,sequential_yolo_pose,SM-S906U1,GPU
2026-04-22 23:27:56.904,132.952,24.218,62.768,1.237,1.974,12.987,12.035,0.064,false,20.485,SEVERE,7,180,sequential_yolo_pose,SM-S906U1,GPU
2026-04-22 23:27:57.028,119.601,23.865,51.544,0.688,1.574,7.037,16.409,0.035,false,20.485,SEVERE,8,180,sequential_yolo_pose,SM-S906U1,GPU
2026-04-22 23:27:57.149,115.426,23.606,53.632,0.670,1.534,5.814,11.161,0.039,false,20.485,SEVERE,8,180,sequential_yolo_pose,SM-S906U1,GPU
2026-04-22 23:27:57.278,123.956,25.085,53.738,1.228,3.046,9.447,12.968,0.125,false,20.453,SEVERE,8,180,sequential_yolo_pose,SM-S906U1,GPU
2026-04-22 23:27:57.405,120.967,23.700,52.446,1.289,2.618,14.177,9.811,0.037,false,20.516,SEVERE,8,180,sequential_yolo_pose,SM-S906U1,GPU
2026-04-22 23:27:57.524,114.279,23.117,51.663,0.662,2.041,7.897,11.578,0.042,false,20.391,SEVERE,8,180,sequential_yolo_pose,SM-S906U1,GPU
2026-04-22 23:27:57.660,130.747,26.817,52.356,1.105,2.451,8.145,21.851,0.038,false,20.485,SEVERE,8,180,sequential_yolo_pose,SM-S906U1,GPU
2026-04-22 23:27:57.785,120.408,24.488,54.329,1.019,2.297,7.900,11.434,0.035,false,20.453,SEVERE,8,180,sequential_yolo_pose,SM-S906U1,GPU
2026-04-22 23:27:57.907,117.938,23.782,53.684,1.190,2.797,11.862,10.380,0.041,false,20.422,SEVERE,8,180,sequential_yolo_pose,SM-S906U1,GPU
2026-04-22 23:27:58.044,126.147,25.166,53.879,1.038,3.155,11.615,11.074,0.042,false,20.485,SEVERE,8,180,sequential_yolo_pose,SM-S906U1,GPU
2026-04-22 23:27:58.170,119.025,24.169,53.469,1.214,2.711,8.927,10.400,0.035,false,20.391,SEVERE,8,180,sequential_yolo_pose,SM-S906U1,GPU
2026-04-22 23:27:58.295,120.627,23.983,54.112,0.592,3.787,7.342,11.835,0.047,false,20.422,SEVERE,8,180,sequential_yolo_pose,SM-S906U1,GPU
2026-04-22 23:27:58.426,127.359,29.460,52.844,0.922,3.065,10.043,12.047,0.054,false,20.422,SEVERE,8,180,sequential_yolo_pose,SM-S906U1,GPU
2026-04-22 23:27:58.551,121.171,23.460,53.679,0.914,2.484,6.689,15.697,0.057,false,20.453,SEVERE,8,180,sequential_yolo_pose,SM-S906U1,GPU
2026-04-22 23:27:58.682,124.129,24.159,54.165,1.105,3.342,9.793,11.938,0.067,false,20.516,SEVERE,8,180,sequential_yolo_pose,SM-S906U1,GPU
2026-04-22 23:27:58.818,127.455,25.370,52.916,0.875,7.984,7.807,16.123,0.056,false,20.453,SEVERE,8,180,sequential_yolo_pose,SM-S906U1,GPU
2026-04-22 23:27:58.910,87.107,23.331,52.237,0.343,0.000,0.000,0.000,0.000,true,17.059,SEVERE,8,180,sequential_yolo_pose,SM-S906U1,GPU
2026-04-22 23:27:59.020,99.333,25.917,51.980,0.707,0.000,0.000,0.000,0.000,true,30.641,SEVERE,8,180,sequential_yolo_pose,SM-S906U1,GPU
2026-04-22 23:27:59.162,129.226,28.294,54.260,0.730,2.934,9.731,13.144,0.064,false,16.903,SEVERE,8,180,sequential_yolo_pose,SM-S906U1,GPU
2026-04-22 23:27:59.286,116.943,23.532,53.735,0.719,1.957,6.583,12.128,0.064,false,20.453,SEVERE,8,180,sequential_yolo_pose,SM-S906U1,GPU
2026-04-22 23:27:59.408,115.250,24.212,52.375,0.665,2.569,6.911,9.904,0.047,false,20.360,SEVERE,8,180,sequential_yolo_pose,SM-S906U1,GPU
2026-04-22 23:27:59.536,123.500,23.794,53.908,1.062,3.773,10.551,10.974,0.036,false,20.453,SEVERE,8,180,sequential_yolo_pose,SM-S906U1,GPU
2026-04-22 23:27:59.660,119.268,25.663,53.935,0.980,2.271,7.659,13.083,0.039,false,20.516,SEVERE,8,180,sequential_yolo_pose,SM-S906U1,GPU
2026-04-22 23:27:59.776,112.232,23.449,53.071,0.534,1.547,5.306,10.148,0.051,false,20.328,SEVERE,8,180,sequential_yolo_pose,SM-S906U1,GPU
2026-04-22 23:27:59.905,122.001,24.057,55.883,1.108,2.922,9.303,11.901,0.052,false,20.485,SEVERE,8,180,sequential_yolo_pose,SM-S906U1,GPU
2026-04-22 23:28:00.035,124.261,27.233,51.999,1.475,2.995,7.387,15.436,0.051,false,20.453,SEVERE,8,180,sequential_yolo_pose,SM-S906U1,GPU
2026-04-22 23:28:00.166,126.169,26.449,51.906,0.934,2.024,8.912,18.493,0.039,false,20.453,SEVERE,8,180,sequential_yolo_pose,SM-S906U1,GPU
2026-04-22 23:28:00.304,134.032,27.792,52.344,0.623,2.884,17.251,12.528,0.042,false,20.547,SEVERE,8,180,sequential_yolo_pose,SM-S906U1,GPU
2026-04-22 23:28:00.422,112.608,23.074,52.337,0.493,2.000,6.798,12.804,0.039,false,20.422,SEVERE,8,180,sequential_yolo_pose,SM-S906U1,GPU
2026-04-22 23:28:00.552,125.736,33.229,53.476,0.847,2.168,7.338,10.508,0.066,false,20.422,SEVERE,8,180,sequential_yolo_pose,SM-S906U1,GPU
2026-04-22 23:28:00.676,116.848,25.950,54.268,0.586,1.488,5.116,10.565,0.049,false,20.391,SEVERE,8,180,sequential_yolo_pose,SM-S906U1,GPU
2026-04-22 23:28:00.803,121.792,29.957,54.015,0.650,1.893,6.676,10.330,0.058,false,20.453,SEVERE,8,180,sequential_yolo_pose,SM-S906U1,GPU
2026-04-22 23:28:00.932,122.207,25.402,53.473,0.988,2.264,8.255,14.028,0.040,false,20.422,SEVERE,8,180,sequential_yolo_pose,SM-S906U1,GPU
2026-04-22 23:28:01.066,128.353,27.475,52.465,0.825,1.922,14.677,10.976,0.048,false,20.453,SEVERE,8,180,sequential_yolo_pose,SM-S906U1,GPU
2026-04-22 23:28:01.191,118.752,23.203,54.651,0.854,2.483,7.565,11.794,0.045,false,20.453,SEVERE,8,180,sequential_yolo_pose,SM-S906U1,GPU
2026-04-22 23:28:01.321,120.966,23.681,51.053,1.058,2.762,8.523,14.919,0.054,false,20.453,SEVERE,8,180,sequential_yolo_pose,SM-S906U1,GPU
2026-04-22 23:28:01.450,123.466,26.306,54.366,0.740,2.181,7.704,13.442,0.057,false,20.422,SEVERE,8,180,sequential_yolo_pose,SM-S906U1,GPU
2026-04-22 23:28:01.585,126.705,28.115,53.072,1.005,2.366,8.343,14.030,0.061,false,20.422,SEVERE,8,180,sequential_yolo_pose,SM-S906U1,GPU
2026-04-22 23:28:01.710,119.078,24.318,53.469,1.167,2.888,8.394,10.740,0.041,false,20.453,SEVERE,8,180,sequential_yolo_pose,SM-S906U1,GPU
2026-04-22 23:28:01.842,124.777,25.316,53.624,1.321,2.710,10.203,11.619,0.038,false,20.453,SEVERE,8,180,sequential_yolo_pose,SM-S906U1,GPU
2026-04-22 23:28:01.968,118.007,25.309,53.955,0.506,1.645,6.403,10.316,0.086,false,20.453,SEVERE,8,180,sequential_yolo_pose,SM-S906U1,GPU
2026-04-22 23:28:02.099,125.760,24.099,53.900,0.908,2.470,11.334,15.995,0.047,false,20.578,SEVERE,8,180,sequential_yolo_pose,SM-S906U1,GPU
2026-04-22 23:28:02.230,126.435,28.579,53.328,0.809,2.525,9.469,13.525,0.056,false,20.453,SEVERE,8,180,sequential_yolo_pose,SM-S906U1,GPU
2026-04-22 23:28:02.350,114.772,24.549,52.884,0.643,1.551,4.987,11.895,0.024,false,20.391,SEVERE,8,180,sequential_yolo_pose,SM-S906U1,GPU
2026-04-22 23:28:02.461,107.294,22.958,54.476,0.574,1.551,6.978,9.230,0.052,false,20.516,SEVERE,8,180,sequential_yolo_pose,SM-S906U1,GPU
2026-04-22 23:28:02.588,122.598,27.139,54.480,0.963,2.448,7.899,12.051,0.074,false,20.391,SEVERE,8,180,sequential_yolo_pose,SM-S906U1,GPU
2026-04-22 23:28:02.707,113.455,23.813,53.275,1.253,2.747,7.984,11.259,0.048,false,20.453,SEVERE,8,180,sequential_yolo_pose,SM-S906U1,GPU
2026-04-22 23:28:02.845,125.903,24.802,53.261,1.148,2.966,10.268,12.994,0.048,false,20.485,SEVERE,8,180,sequential_yolo_pose,SM-S906U1,GPU
2026-04-22 23:28:02.975,119.044,22.894,54.316,1.309,3.450,8.300,11.351,0.054,false,20.453,SEVERE,8,180,sequential_yolo_pose,SM-S906U1,GPU
2026-04-22 23:28:03.102,121.066,24.313,53.983,0.623,2.038,11.663,10.216,0.062,false,20.641,SEVERE,8,180,sequential_yolo_pose,SM-S906U1,GPU
2026-04-22 23:28:03.228,121.470,24.318,55.875,1.090,2.682,9.826,10.645,0.064,false,20.453,SEVERE,8,180,sequential_yolo_pose,SM-S906U1,GPU
2026-04-22 23:28:03.355,118.776,23.963,52.355,0.752,2.085,6.621,11.457,0.057,false,20.422,SEVERE,8,180,sequential_yolo_pose,SM-S906U1,GPU
2026-04-22 23:28:03.479,117.782,24.003,52.469,1.293,2.528,7.396,12.196,0.037,false,20.422,SEVERE,8,180,sequential_yolo_pose,SM-S906U1,GPU
2026-04-22 23:28:03.604,114.004,23.914,53.534,0.883,2.448,5.893,10.340,0.051,false,20.422,SEVERE,8,180,sequential_yolo_pose,SM-S906U1,GPU
2026-04-22 23:28:03.725,114.878,23.563,55.385,0.732,2.410,7.116,13.484,0.057,false,20.485,SEVERE,8,180,sequential_yolo_pose,SM-S906U1,GPU
2026-04-22 23:28:03.843,113.444,24.260,53.276,0.740,1.533,5.269,11.639,0.033,false,20.422,SEVERE,8,180,sequential_yolo_pose,SM-S906U1,GPU
2026-04-22 23:28:03.965,115.804,23.553,54.292,1.255,2.294,8.377,13.931,0.065,false,20.450,SEVERE,8,180,sequential_yolo_pose,SM-S906U1,GPU
2026-04-22 23:28:04.097,125.832,25.244,52.648,0.888,2.280,10.210,15.069,0.036,false,20.578,SEVERE,8,180,sequential_yolo_pose,SM-S906U1,GPU
2026-04-22 23:28:04.216,115.165,23.798,55.494,0.690,1.517,5.198,12.140,0.056,false,20.516,SEVERE,8,180,sequential_yolo_pose,SM-S906U1,GPU
2026-04-22 23:28:04.336,113.649,23.708,54.811,0.854,1.697,8.199,10.078,0.050,false,20.391,SEVERE,8,180,sequential_yolo_pose,SM-S906U1,GPU
2026-04-22 23:28:04.464,123.605,23.807,52.991,1.139,2.160,8.354,12.552,0.055,false,20.422,SEVERE,8,180,sequential_yolo_pose,SM-S906U1,GPU
2026-04-22 23:28:04.608,139.672,25.032,58.833,0.918,2.671,8.432,25.571,0.038,false,20.516,SEVERE,8,180,sequential_yolo_pose,SM-S906U1,GPU
2026-04-22 23:28:04.736,119.801,22.692,52.922,1.162,2.918,9.598,11.967,1.042,false,20.516,SEVERE,8,180,sequential_yolo_pose,SM-S906U1,GPU
2026-04-22 23:28:04.860,119.732,25.349,53.036,0.923,2.050,7.390,12.849,0.082,false,20.453,SEVERE,8,180,sequential_yolo_pose,SM-S906U1,GPU
2026-04-22 23:28:04.985,119.533,27.830,53.332,0.647,1.838,5.348,12.011,0.042,false,20.422,SEVERE,8,180,sequential_yolo_pose,SM-S906U1,GPU
2026-04-22 23:28:05.104,112.194,23.545,55.730,0.681,1.638,8.710,9.908,0.037,false,20.610,SEVERE,8,180,sequential_yolo_pose,SM-S906U1,GPU
2026-04-22 23:28:05.234,124.683,23.686,53.877,1.253,3.521,8.319,16.329,0.038,false,20.485,SEVERE,8,180,sequential_yolo_pose,SM-S906U1,GPU
2026-04-22 23:28:05.360,121.893,25.243,53.529,0.888,2.123,7.747,14.156,0.055,false,20.422,SEVERE,8,180,sequential_yolo_pose,SM-S906U1,GPU
2026-04-22 23:28:05.478,113.209,24.247,53.360,0.724,1.529,5.084,11.381,0.051,false,20.422,SEVERE,8,180,sequential_yolo_pose,SM-S906U1,GPU
2026-04-22 23:28:05.609,125.670,27.592,53.539,1.062,2.850,11.550,10.563,0.045,false,20.543,SEVERE,8,180,sequential_yolo_pose,SM-S906U1,GPU
2026-04-22 23:28:05.732,117.649,24.086,56.826,0.880,2.422,8.781,12.401,0.056,false,20.453,SEVERE,8,180,sequential_yolo_pose,SM-S906U1,GPU
2026-04-22 23:28:05.857,116.638,24.647,52.108,0.688,1.586,6.633,11.690,0.037,false,20.391,SEVERE,8,180,sequential_yolo_pose,SM-S906U1,GPU
2026-04-22 23:28:05.985,123.209,24.095,53.977,1.050,2.434,7.721,13.941,0.038,false,20.453,SEVERE,8,180,sequential_yolo_pose,SM-S906U1,GPU
2026-04-22 23:28:06.106,113.924,24.489,53.030,0.700,1.758,7.639,11.584,0.049,false,20.547,SEVERE,8,180,sequential_yolo_pose,SM-S906U1,GPU
2026-04-22 23:28:06.229,117.011,23.148,51.953,0.509,1.558,8.129,12.237,0.053,false,20.485,SEVERE,8,180,sequential_yolo_pose,SM-S906U1,GPU
2026-04-22 23:28:06.343,109.623,23.362,54.079,0.568,1.469,5.444,10.019,0.047,false,20.391,SEVERE,8,180,sequential_yolo_pose,SM-S906U1,GPU
2026-04-22 23:28:06.470,120.897,23.647,52.721,0.861,2.172,11.090,11.748,0.053,false,20.450,SEVERE,8,180,sequential_yolo_pose,SM-S906U1,GPU
2026-04-22 23:28:06.596,119.797,23.321,52.300,0.700,1.513,8.431,12.477,0.030,false,20.422,SEVERE,8,180,sequential_yolo_pose,SM-S906U1,GPU
2026-04-22 23:28:06.721,120.570,28.022,53.471,0.587,1.572,6.448,11.997,0.035,false,20.485,SEVERE,8,180,sequential_yolo_pose,SM-S906U1,GPU
2026-04-22 23:28:06.845,117.645,26.411,55.222,0.665,1.597,5.180,12.078,0.050,false,20.422,SEVERE,8,180,sequential_yolo_pose,SM-S906U1,GPU
2026-04-22 23:28:06.966,114.672,22.889,56.703,0.668,1.932,9.539,11.549,0.039,false,20.453,SEVERE,8,180,sequential_yolo_pose,SM-S906U1,GPU
2026-04-22 23:28:07.091,119.253,24.098,54.112,0.735,1.828,6.581,15.557,0.058,false,20.453,SEVERE,8,180,sequential_yolo_pose,SM-S906U1,GPU
2026-04-22 23:28:07.219,122.717,24.259,56.129,0.973,3.655,8.736,13.926,0.057,false,20.422,SEVERE,8,180,sequential_yolo_pose,SM-S906U1,GPU
2026-04-22 23:28:07.342,116.387,24.080,53.299,1.167,3.127,9.926,10.597,0.052,false,20.391,SEVERE,8,180,sequential_yolo_pose,SM-S906U1,GPU
2026-04-22 23:28:07.472,118.651,24.103,53.007,1.003,3.924,10.216,9.794,0.056,false,20.453,SEVERE,8,180,sequential_yolo_pose,SM-S906U1,GPU
2026-04-22 23:28:07.602,123.448,24.993,52.259,0.879,2.352,8.410,12.164,0.057,false,20.453,SEVERE,8,180,sequential_yolo_pose,SM-S906U1,GPU
2026-04-22 23:28:07.725,117.859,24.562,56.964,0.707,1.723,7.289,10.701,0.046,false,20.453,SEVERE,8,180,sequential_yolo_pose,SM-S906U1,GPU
2026-04-22 23:28:07.844,114.549,23.805,55.275,0.672,1.741,5.070,10.319,0.023,false,20.391,SEVERE,8,180,sequential_yolo_pose,SM-S906U1,GPU
2026-04-22 23:28:07.958,109.015,23.851,54.851,0.622,1.579,5.706,10.756,0.024,false,20.485,SEVERE,8,180,sequential_yolo_pose,SM-S906U1,GPU
2026-04-22 23:28:08.075,114.210,23.283,54.203,1.153,3.688,9.990,10.527,0.039,false,20.449,SEVERE,8,180,sequential_yolo_pose,SM-S906U1,GPU
2026-04-22 23:28:08.205,123.061,24.271,55.420,1.132,3.048,10.672,10.277,0.063,false,20.453,SEVERE,8,180,sequential_yolo_pose,SM-S906U1,GPU
2026-04-22 23:28:08.337,122.784,27.540,52.920,1.033,3.193,9.225,10.954,0.052,false,20.422,SEVERE,8,180,sequential_yolo_pose,SM-S906U1,GPU
2026-04-22 23:28:08.463,121.108,23.365,53.226,0.613,1.672,9.208,9.267,0.045,false,20.391,SEVERE,8,180,sequential_yolo_pose,SM-S906U1,GPU
