timestamp,frame_total_ms,yolo_preprocess_ms,yolo_inference_ms,yolo_nms_ms,pose_crop_ms,pose_preprocess_ms,pose_inference_ms,pose_postprocess_ms,pose_skipped,ram_mb,thermal_status,fps_1s_window,rotation_degrees,mode,device,gpu_mode
2026-04-22 23:57:30.506,224.289,144.623,26.283,26.468,4.498,3.520,5.521,0.234,false,21.473,NONE,0,180,sequential_yolo_pose,SM-S906U1,GPU
2026-04-22 23:57:30.602,91.769,16.411,20.369,36.404,1.234,4.885,5.200,0.082,false,21.492,NONE,0,180,sequential_yolo_pose,SM-S906U1,GPU
2026-04-22 23:57:30.667,61.219,15.992,20.415,0.744,0.933,4.962,9.845,0.157,false,38.469,NONE,0,180,sequential_yolo_pose,SM-S906U1,GPU
2026-04-22 23:57:30.741,66.602,20.821,21.519,1.185,1.179,5.022,5.429,0.148,false,20.168,NONE,0,180,sequential_yolo_pose,SM-S906U1,GPU
2026-04-22 23:57:30.816,69.341,23.692,21.855,0.650,0.964,4.923,5.886,0.146,false,20.246,NONE,0,180,sequential_yolo_pose,SM-S906U1,GPU
2026-04-22 23:57:30.900,78.453,26.409,25.668,0.524,1.028,6.440,5.502,0.137,false,20.207,NONE,0,180,sequential_yolo_pose,SM-S906U1,GPU
2026-04-22 23:57:30.977,71.883,24.487,22.552,0.931,1.116,5.135,5.719,0.132,false,20.152,NONE,0,180,sequential_yolo_pose,SM-S906U1,GPU
2026-04-22 23:57:31.049,66.673,19.255,21.236,0.735,0.803,4.970,6.406,0.214,false,37.129,NONE,0,180,sequential_yolo_pose,SM-S906U1,GPU
2026-04-22 23:57:31.127,73.037,21.936,22.027,1.336,1.651,5.934,5.952,0.133,false,30.070,NONE,8,180,sequential_yolo_pose,SM-S906U1,GPU
2026-04-22 23:57:31.200,68.554,21.579,21.818,1.574,1.000,6.184,5.488,0.155,false,21.914,NONE,8,180,sequential_yolo_pose,SM-S906U1,GPU
2026-04-22 23:57:31.275,69.902,20.517,21.782,0.985,0.807,6.634,7.070,0.292,false,38.766,NONE,8,180,sequential_yolo_pose,SM-S906U1,GPU
2026-04-22 23:57:31.356,70.622,21.243,21.606,1.080,1.127,5.336,5.488,0.110,false,20.184,NONE,8,180,sequential_yolo_pose,SM-S906U1,GPU
2026-04-22 23:57:31.425,65.019,21.679,20.781,0.746,0.847,4.817,5.374,0.137,false,20.215,NONE,8,180,sequential_yolo_pose,SM-S906U1,GPU
2026-04-22 23:57:31.499,69.364,23.905,21.189,1.131,0.844,4.555,5.546,0.177,false,20.168,NONE,8,180,sequential_yolo_pose,SM-S906U1,GPU
2026-04-22 23:57:31.569,65.723,21.838,21.136,0.952,1.110,4.945,5.369,0.125,false,14.340,NONE,8,180,sequential_yolo_pose,SM-S906U1,GPU
2026-04-22 23:57:31.636,63.603,19.489,21.896,0.791,0.895,4.907,5.182,0.193,false,21.434,NONE,8,180,sequential_yolo_pose,SM-S906U1,GPU
2026-04-22 23:57:31.706,65.281,19.321,21.820,0.803,0.852,5.850,4.972,0.221,false,38.254,NONE,8,180,sequential_yolo_pose,SM-S906U1,GPU
2026-04-22 23:57:31.785,73.056,24.828,21.332,0.864,0.930,5.412,5.308,0.138,false,20.184,NONE,8,180,sequential_yolo_pose,SM-S906U1,GPU
2026-04-22 23:57:31.860,69.736,20.707,21.810,1.600,1.231,5.682,7.236,0.150,false,20.250,NONE,8,180,sequential_yolo_pose,SM-S906U1,GPU
2026-04-22 23:57:31.931,66.470,21.379,22.019,0.905,0.823,4.855,5.067,0.169,false,37.164,NONE,8,180,sequential_yolo_pose,SM-S906U1,GPU
2026-04-22 23:57:32.003,67.947,22.659,21.309,0.825,0.813,4.026,6.539,0.182,false,17.121,NONE,8,180,sequential_yolo_pose,SM-S906U1,GPU
2026-04-22 23:57:32.077,68.525,22.751,22.264,0.883,0.819,4.935,5.034,0.186,false,20.227,NONE,8,180,sequential_yolo_pose,SM-S906U1,GPU
2026-04-22 23:57:32.151,68.859,22.993,22.027,0.858,0.891,5.525,5.063,0.148,false,20.074,NONE,14,180,sequential_yolo_pose,SM-S906U1,GPU
2026-04-22 23:57:32.222,66.992,21.184,20.662,1.185,1.311,5.243,5.243,0.143,false,20.215,NONE,14,180,sequential_yolo_pose,SM-S906U1,GPU
2026-04-22 23:57:32.298,70.793,23.015,22.350,1.164,1.021,5.496,5.302,0.155,false,37.160,NONE,14,180,sequential_yolo_pose,SM-S906U1,GPU
2026-04-22 23:57:32.374,70.808,24.760,21.155,1.115,0.987,5.286,5.149,0.136,false,21.844,NONE,14,180,sequential_yolo_pose,SM-S906U1,GPU
2026-04-22 23:57:32.444,65.582,21.042,20.698,1.233,0.847,5.398,5.112,0.156,false,38.758,NONE,14,180,sequential_yolo_pose,SM-S906U1,GPU
2026-04-22 23:57:32.527,76.623,24.899,25.862,1.249,1.085,5.474,5.235,0.156,false,20.145,NONE,14,180,sequential_yolo_pose,SM-S906U1,GPU
2026-04-22 23:57:32.602,70.153,21.868,22.422,1.510,0.979,5.450,5.817,0.143,false,20.270,NONE,14,180,sequential_yolo_pose,SM-S906U1,GPU
2026-04-22 23:57:32.680,72.252,25.446,21.354,1.043,0.957,5.514,5.259,0.149,false,20.145,NONE,14,180,sequential_yolo_pose,SM-S906U1,GPU
2026-04-22 23:57:32.751,66.427,20.418,21.159,0.877,0.999,5.320,5.283,0.162,false,20.117,NONE,14,180,sequential_yolo_pose,SM-S906U1,GPU
2026-04-22 23:57:32.826,69.223,23.235,21.736,1.082,0.927,5.359,5.115,0.162,false,20.203,NONE,14,180,sequential_yolo_pose,SM-S906U1,GPU
2026-04-22 23:57:32.899,67.508,22.249,21.229,0.928,0.959,5.432,4.906,0.151,false,20.273,NONE,14,180,sequential_yolo_pose,SM-S906U1,GPU
2026-04-22 23:57:32.978,72.339,25.380,21.681,0.810,0.877,5.669,4.933,0.148,false,20.211,NONE,14,180,sequential_yolo_pose,SM-S906U1,GPU
2026-04-22 23:57:33.058,71.654,22.980,21.334,1.014,1.022,5.304,7.938,0.094,false,20.215,NONE,14,180,sequential_yolo_pose,SM-S906U1,GPU
2026-04-22 23:57:33.133,68.023,20.884,21.288,0.762,0.916,4.853,7.659,0.207,false,20.242,NONE,13,180,sequential_yolo_pose,SM-S906U1,GPU
2026-04-22 23:57:33.203,64.879,19.930,20.306,0.943,0.989,5.160,6.267,0.134,false,20.156,NONE,13,180,sequential_yolo_pose,SM-S906U1,GPU
2026-04-22 23:57:33.282,72.037,23.704,22.389,1.038,0.996,5.742,5.434,0.141,false,20.320,NONE,13,180,sequential_yolo_pose,SM-S906U1,GPU
2026-04-22 23:57:33.359,71.689,25.005,22.776,0.884,2.665,4.528,5.340,0.127,false,20.191,NONE,13,180,sequential_yolo_pose,SM-S906U1,GPU
2026-04-22 23:57:33.437,71.926,19.466,21.694,1.611,1.234,10.036,5.963,0.148,false,20.195,NONE,13,180,sequential_yolo_pose,SM-S906U1,GPU
2026-04-22 23:57:33.513,70.117,23.350,22.248,0.853,0.972,5.028,5.291,0.160,false,20.176,NONE,13,180,sequential_yolo_pose,SM-S906U1,GPU
2026-04-22 23:57:33.589,69.547,20.685,21.119,1.167,1.175,5.381,4.873,0.165,false,20.211,NONE,13,180,sequential_yolo_pose,SM-S906U1,GPU
2026-04-22 23:57:33.666,71.357,23.834,22.095,0.890,0.995,6.636,5.611,0.144,false,20.191,NONE,13,180,sequential_yolo_pose,SM-S906U1,GPU
2026-04-22 23:57:33.747,74.674,20.887,21.900,1.169,0.999,5.542,4.743,0.134,false,20.156,NONE,13,180,sequential_yolo_pose,SM-S906U1,GPU
2026-04-22 23:57:33.822,68.008,21.489,21.083,0.901,0.829,5.763,6.170,0.123,false,37.258,NONE,13,180,sequential_yolo_pose,SM-S906U1,GPU
2026-04-22 23:57:33.901,71.215,22.666,21.244,1.174,1.361,6.054,6.756,0.143,false,20.270,NONE,13,180,sequential_yolo_pose,SM-S906U1,GPU
2026-04-22 23:57:33.970,66.056,21.957,21.078,0.757,0.875,5.194,5.658,0.130,false,20.246,NONE,13,180,sequential_yolo_pose,SM-S906U1,GPU
2026-04-22 23:57:34.047,72.310,24.352,22.541,1.043,1.039,5.223,5.678,0.143,false,20.211,NONE,13,180,sequential_yolo_pose,SM-S906U1,GPU
2026-04-22 23:57:34.125,72.891,25.549,21.022,1.345,0.880,5.532,5.057,0.115,false,20.281,NONE,13,180,sequential_yolo_pose,SM-S906U1,GPU
2026-04-22 23:57:34.193,62.758,20.890,21.098,0.550,0.700,3.970,5.033,0.129,false,37.164,NONE,13,180,sequential_yolo_pose,SM-S906U1,GPU
2026-04-22 23:57:34.274,72.660,18.141,22.108,1.843,2.487,8.793,7.286,0.186,false,30.117,NONE,13,180,sequential_yolo_pose,SM-S906U1,GPU
2026-04-22 23:57:34.360,80.992,26.531,22.984,0.923,0.962,4.986,5.829,0.125,false,21.926,NONE,13,180,sequential_yolo_pose,SM-S906U1,GPU
2026-04-22 23:57:34.428,61.224,15.552,20.602,0.853,0.799,5.587,5.307,0.254,false,38.840,NONE,13,180,sequential_yolo_pose,SM-S906U1,GPU
2026-04-22 23:57:34.508,68.214,19.872,22.018,0.835,1.453,5.431,4.982,0.109,false,20.277,NONE,13,180,sequential_yolo_pose,SM-S906U1,GPU
2026-04-22 23:57:34.567,55.384,22.271,21.381,0.705,0.000,0.000,0.000,0.000,true,16.797,NONE,13,180,sequential_yolo_pose,SM-S906U1,GPU
2026-04-22 23:57:34.624,52.468,20.388,21.010,0.439,0.000,0.000,0.000,0.000,true,30.504,NONE,13,180,sequential_yolo_pose,SM-S906U1,GPU
2026-04-22 23:57:34.696,67.220,28.461,26.368,0.443,0.000,0.000,0.000,0.000,true,13.359,NONE,13,180,sequential_yolo_pose,SM-S906U1,GPU
2026-04-22 23:57:34.765,64.329,16.727,25.725,0.941,0.891,4.349,5.086,0.146,false,20.246,NONE,13,180,sequential_yolo_pose,SM-S906U1,GPU
2026-04-22 23:57:34.844,73.231,22.594,24.046,0.654,0.982,5.481,5.031,0.136,false,20.191,NONE,13,180,sequential_yolo_pose,SM-S906U1,GPU
2026-04-22 23:57:34.915,67.406,22.718,22.495,0.756,0.834,4.252,5.143,0.107,false,20.133,NONE,13,180,sequential_yolo_pose,SM-S906U1,GPU
2026-04-22 23:57:34.991,70.874,23.592,22.601,0.875,0.895,5.325,5.915,0.115,false,20.254,NONE,13,180,sequential_yolo_pose,SM-S906U1,GPU
2026-04-22 23:57:35.069,71.803,24.496,22.222,0.867,3.570,4.601,5.276,0.109,false,20.164,NONE,13,180,sequential_yolo_pose,SM-S906U1,GPU
2026-04-22 23:57:35.141,66.890,21.696,21.663,1.516,0.923,5.219,4.997,0.120,false,20.348,NONE,14,180,sequential_yolo_pose,SM-S906U1,GPU
2026-04-22 23:57:35.212,66.888,21.903,21.621,0.812,1.001,5.367,4.922,0.156,false,20.148,NONE,14,180,sequential_yolo_pose,SM-S906U1,GPU
2026-04-22 23:57:35.291,72.435,22.795,21.401,1.119,0.879,4.796,6.844,0.432,false,20.129,NONE,14,180,sequential_yolo_pose,SM-S906U1,GPU
2026-04-22 23:57:35.361,63.149,17.075,20.872,0.745,0.742,4.970,8.776,0.361,false,37.106,NONE,14,180,sequential_yolo_pose,SM-S906U1,GPU
2026-04-22 23:57:35.441,72.364,22.447,22.101,2.762,1.855,5.077,5.450,0.116,false,20.285,NONE,14,180,sequential_yolo_pose,SM-S906U1,GPU
2026-04-22 23:57:35.514,67.782,19.212,21.082,1.725,1.164,6.328,5.291,0.101,false,20.141,NONE,14,180,sequential_yolo_pose,SM-S906U1,GPU
2026-04-22 23:57:35.600,80.543,21.011,22.667,1.132,0.899,6.917,10.599,0.126,false,37.086,NONE,14,180,sequential_yolo_pose,SM-S906U1,GPU
2026-04-22 23:57:35.675,65.062,19.624,21.898,0.923,0.870,5.150,4.832,0.109,false,20.199,NONE,14,180,sequential_yolo_pose,SM-S906U1,GPU
2026-04-22 23:57:35.750,70.118,23.549,22.046,0.806,1.090,4.847,5.282,0.105,false,20.102,NONE,14,180,sequential_yolo_pose,SM-S906U1,GPU
2026-04-22 23:57:35.836,79.716,27.080,27.392,0.760,1.123,5.671,6.348,0.124,false,20.238,NONE,14,180,sequential_yolo_pose,SM-S906U1,GPU
2026-04-22 23:57:35.916,75.534,27.242,22.079,1.015,0.971,6.301,5.457,0.129,false,20.211,NONE,14,180,sequential_yolo_pose,SM-S906U1,GPU
2026-04-22 23:57:36.010,69.375,21.872,22.137,0.556,0.972,5.625,6.108,0.151,false,37.156,NONE,14,180,sequential_yolo_pose,SM-S906U1,GPU
2026-04-22 23:57:36.085,67.083,18.106,21.855,0.865,1.043,5.768,5.560,0.100,false,20.203,NONE,14,180,sequential_yolo_pose,SM-S906U1,GPU
2026-04-22 23:57:36.158,66.702,21.593,21.957,0.545,0.847,4.893,5.818,0.116,false,37.242,NONE,13,180,sequential_yolo_pose,SM-S906U1,GPU
2026-04-22 23:57:36.236,73.172,19.558,21.778,0.653,1.277,6.429,11.879,0.096,false,17.133,NONE,13,180,sequential_yolo_pose,SM-S906U1,GPU
2026-04-22 23:57:36.315,70.698,21.716,24.302,0.609,1.023,4.792,5.129,0.108,false,20.102,NONE,13,180,sequential_yolo_pose,SM-S906U1,GPU
2026-04-22 23:57:36.398,76.727,20.949,21.276,0.946,0.930,9.106,5.651,0.111,false,20.227,NONE,13,180,sequential_yolo_pose,SM-S906U1,GPU
2026-04-22 23:57:36.475,69.485,21.293,23.930,0.561,0.784,5.078,5.433,0.088,false,20.254,NONE,13,180,sequential_yolo_pose,SM-S906U1,GPU
2026-04-22 23:57:36.544,63.860,19.434,20.563,1.495,0.916,5.259,4.925,0.088,false,20.133,NONE,13,180,sequential_yolo_pose,SM-S906U1,GPU
2026-04-22 23:57:36.618,69.034,21.597,21.107,1.095,1.120,6.432,5.664,0.132,false,37.110,NONE,13,180,sequential_yolo_pose,SM-S906U1,GPU
2026-04-22 23:57:36.700,71.903,24.183,21.111,1.155,1.035,5.939,5.138,0.087,false,20.191,NONE,13,180,sequential_yolo_pose,SM-S906U1,GPU
2026-04-22 23:57:36.776,70.547,19.904,26.056,0.632,0.553,7.098,6.038,0.086,false,20.301,NONE,13,180,sequential_yolo_pose,SM-S906U1,GPU
2026-04-22 23:57:36.844,63.630,17.562,21.121,1.158,0.953,5.929,5.026,0.098,false,20.250,NONE,13,180,sequential_yolo_pose,SM-S906U1,GPU
2026-04-22 23:57:36.911,62.790,20.618,21.008,0.939,0.574,3.501,4.643,0.081,false,20.133,NONE,13,180,sequential_yolo_pose,SM-S906U1,GPU
2026-04-22 23:57:36.980,64.277,18.930,21.314,0.626,0.840,6.643,4.996,0.135,false,37.047,NONE,13,180,sequential_yolo_pose,SM-S906U1,GPU
2026-04-22 23:57:37.072,85.977,24.164,20.684,0.826,0.942,14.339,8.950,0.151,false,30.090,NONE,13,180,sequential_yolo_pose,SM-S906U1,GPU
2026-04-22 23:57:37.145,66.763,19.067,20.902,1.171,0.922,5.371,5.173,0.108,false,20.164,NONE,13,180,sequential_yolo_pose,SM-S906U1,GPU
2026-04-22 23:57:37.225,72.950,21.204,21.594,0.628,0.567,5.991,10.675,1.178,false,37.141,NONE,13,180,sequential_yolo_pose,SM-S906U1,GPU
2026-04-22 23:57:37.308,73.348,23.825,20.629,1.617,0.817,5.271,5.389,0.107,false,20.219,NONE,13,180,sequential_yolo_pose,SM-S906U1,GPU
2026-04-22 23:57:37.380,67.107,21.522,22.316,0.941,0.885,5.236,4.755,0.131,false,20.184,NONE,13,180,sequential_yolo_pose,SM-S906U1,GPU
2026-04-22 23:57:37.466,79.981,18.500,23.107,3.431,1.387,13.276,7.189,0.105,false,20.195,NONE,13,180,sequential_yolo_pose,SM-S906U1,GPU
2026-04-22 23:57:37.532,60.465,15.079,20.363,0.864,1.777,4.502,7.022,0.153,false,37.141,NONE,13,180,sequential_yolo_pose,SM-S906U1,GPU
2026-04-22 23:57:37.630,90.709,24.518,23.574,0.756,1.112,6.638,7.882,0.098,false,28.606,NONE,13,180,sequential_yolo_pose,SM-S906U1,GPU
2026-04-22 23:57:37.713,71.053,21.679,22.595,0.845,1.294,6.291,5.103,0.111,false,20.207,NONE,13,180,sequential_yolo_pose,SM-S906U1,GPU
2026-04-22 23:57:37.773,55.651,20.772,22.501,1.173,0.000,0.000,0.000,0.000,true,16.672,NONE,13,180,sequential_yolo_pose,SM-S906U1,GPU
2026-04-22 23:57:37.845,64.789,24.686,20.748,0.243,0.000,0.000,0.000,0.000,true,30.504,NONE,13,180,sequential_yolo_pose,SM-S906U1,GPU
2026-04-22 23:57:37.919,68.915,35.539,20.344,0.365,0.000,0.000,0.000,0.000,true,18.469,NONE,13,180,sequential_yolo_pose,SM-S906U1,GPU
2026-04-22 23:57:38.002,76.030,23.136,21.455,0.810,0.931,9.802,6.465,0.081,false,35.445,NONE,13,180,sequential_yolo_pose,SM-S906U1,GPU
2026-04-22 23:57:38.082,75.770,21.081,21.137,1.032,1.107,5.888,5.370,0.083,false,21.863,NONE,13,180,sequential_yolo_pose,SM-S906U1,GPU
2026-04-22 23:57:38.153,65.154,18.138,21.466,0.938,0.826,6.010,5.325,0.089,false,38.778,NONE,13,180,sequential_yolo_pose,SM-S906U1,GPU
2026-04-22 23:57:38.234,68.669,20.223,20.792,1.075,1.293,7.205,5.272,0.140,false,20.238,NONE,13,180,sequential_yolo_pose,SM-S906U1,GPU
2026-04-22 23:57:38.308,69.847,22.707,22.062,1.184,0.731,4.635,4.973,0.164,false,20.164,NONE,13,180,sequential_yolo_pose,SM-S906U1,GPU
2026-04-22 23:57:38.381,67.350,20.444,20.850,1.130,0.891,5.209,5.509,0.106,false,37.203,NONE,13,180,sequential_yolo_pose,SM-S906U1,GPU
2026-04-22 23:57:38.461,72.620,21.562,20.800,1.146,1.505,7.882,7.128,0.120,false,21.856,NONE,13,180,sequential_yolo_pose,SM-S906U1,GPU
2026-04-22 23:57:38.538,69.876,21.189,20.628,1.025,0.834,6.532,4.925,0.151,false,38.770,NONE,13,180,sequential_yolo_pose,SM-S906U1,GPU
2026-04-22 23:57:38.620,73.698,16.886,22.142,1.192,1.153,5.814,6.821,0.080,false,20.203,NONE,13,180,sequential_yolo_pose,SM-S906U1,GPU
2026-04-22 23:57:38.700,75.131,19.530,22.541,0.779,0.942,12.604,5.484,0.133,false,37.149,NONE,13,180,sequential_yolo_pose,SM-S906U1,GPU
2026-04-22 23:57:38.778,70.654,25.333,20.801,0.550,0.820,4.198,5.920,0.089,false,23.109,NONE,13,180,sequential_yolo_pose,SM-S906U1,GPU
2026-04-22 23:57:38.851,68.885,19.752,21.684,0.787,1.196,7.606,5.739,0.125,false,40.117,NONE,13,180,sequential_yolo_pose,SM-S906U1,GPU
2026-04-22 23:57:38.933,72.684,20.396,20.564,0.832,0.739,4.016,8.978,0.085,false,20.270,NONE,13,180,sequential_yolo_pose,SM-S906U1,GPU
2026-04-22 23:57:39.013,75.377,17.457,21.177,1.862,1.820,11.463,10.473,0.109,false,37.153,NONE,13,180,sequential_yolo_pose,SM-S906U1,GPU
2026-04-22 23:57:39.089,70.856,21.986,22.569,0.641,0.818,4.457,5.244,0.086,false,20.188,NONE,13,180,sequential_yolo_pose,SM-S906U1,GPU
2026-04-22 23:57:39.156,62.161,18.865,20.752,0.646,0.762,5.116,5.184,0.091,false,20.191,NONE,13,180,sequential_yolo_pose,SM-S906U1,GPU
2026-04-22 23:57:39.208,45.795,17.120,20.942,0.193,0.000,0.000,0.000,0.000,true,33.930,NONE,13,180,sequential_yolo_pose,SM-S906U1,GPU
2026-04-22 23:57:39.267,54.835,18.736,22.236,0.225,0.000,0.000,0.000,0.000,true,18.144,NONE,13,180,sequential_yolo_pose,SM-S906U1,GPU
2026-04-22 23:57:39.328,54.813,20.502,22.370,0.273,0.000,0.000,0.000,0.000,true,31.727,NONE,13,180,sequential_yolo_pose,SM-S906U1,GPU
2026-04-22 23:57:39.418,84.751,32.694,20.706,0.292,0.753,10.177,5.530,0.059,false,21.531,NONE,13,180,sequential_yolo_pose,SM-S906U1,GPU
2026-04-22 23:57:39.478,56.920,15.431,22.251,0.718,0.915,4.967,5.125,0.095,false,38.422,NONE,13,180,sequential_yolo_pose,SM-S906U1,GPU
2026-04-22 23:57:39.549,63.094,17.068,21.789,1.123,1.081,6.123,5.392,0.090,false,20.227,NONE,13,180,sequential_yolo_pose,SM-S906U1,GPU
2026-04-22 23:57:39.614,60.214,17.294,21.636,0.930,1.017,4.774,5.310,0.090,false,20.223,NONE,13,180,sequential_yolo_pose,SM-S906U1,GPU
2026-04-22 23:57:39.680,61.629,19.016,20.688,0.787,0.594,3.875,5.465,0.089,false,20.168,NONE,13,180,sequential_yolo_pose,SM-S906U1,GPU
2026-04-22 23:57:39.734,50.481,18.751,20.840,0.273,0.000,0.000,0.000,0.000,true,33.813,NONE,13,180,sequential_yolo_pose,SM-S906U1,GPU
2026-04-22 23:57:39.815,73.882,22.415,22.063,0.535,0.925,5.666,4.909,0.083,false,21.426,NONE,13,180,sequential_yolo_pose,SM-S906U1,GPU
2026-04-22 23:57:39.889,69.614,22.063,20.561,0.593,1.011,5.417,6.309,0.141,false,38.348,NONE,13,180,sequential_yolo_pose,SM-S906U1,GPU
2026-04-22 23:57:39.977,76.596,23.139,23.899,2.053,1.178,5.936,4.782,0.089,false,20.164,NONE,13,180,sequential_yolo_pose,SM-S906U1,GPU
2026-04-22 23:57:40.044,61.987,15.024,20.893,0.707,0.783,4.189,4.993,0.086,false,20.191,NONE,13,180,sequential_yolo_pose,SM-S906U1,GPU
2026-04-22 23:57:40.127,64.706,15.572,23.058,1.170,0.918,5.528,5.232,0.120,false,20.164,NONE,13,180,sequential_yolo_pose,SM-S906U1,GPU
2026-04-22 23:57:40.199,67.592,20.821,20.386,0.929,1.322,5.961,5.847,0.103,false,20.250,NONE,15,180,sequential_yolo_pose,SM-S906U1,GPU
2026-04-22 23:57:40.268,65.339,18.794,20.898,1.171,1.272,7.228,5.576,0.092,false,37.196,NONE,15,180,sequential_yolo_pose,SM-S906U1,GPU
2026-04-22 23:57:40.345,71.959,20.911,23.993,0.690,0.967,4.830,5.599,0.118,false,28.582,NONE,15,180,sequential_yolo_pose,SM-S906U1,GPU
2026-04-22 23:57:40.415,61.896,15.066,22.452,0.847,0.946,4.551,5.746,0.092,false,20.238,NONE,15,180,sequential_yolo_pose,SM-S906U1,GPU
2026-04-22 23:57:40.484,64.419,19.883,21.076,0.955,0.773,4.394,4.995,0.090,false,20.074,NONE,15,180,sequential_yolo_pose,SM-S906U1,GPU
2026-04-22 23:57:40.550,60.697,18.645,20.892,0.598,0.813,4.825,6.051,0.082,false,37.113,NONE,15,180,sequential_yolo_pose,SM-S906U1,GPU
2026-04-22 23:57:40.616,61.692,17.874,20.928,0.644,0.859,4.895,5.395,0.095,false,17.219,NONE,15,180,sequential_yolo_pose,SM-S906U1,GPU
2026-04-22 23:57:40.685,63.936,19.144,21.203,1.224,0.947,4.959,5.141,0.123,false,20.008,NONE,15,180,sequential_yolo_pose,SM-S906U1,GPU
2026-04-22 23:57:40.767,75.305,22.845,24.494,0.920,1.031,6.225,6.201,0.113,false,20.195,NONE,15,180,sequential_yolo_pose,SM-S906U1,GPU
2026-04-22 23:57:40.842,69.838,21.770,22.309,0.632,1.030,5.376,5.108,0.108,false,20.164,NONE,15,180,sequential_yolo_pose,SM-S906U1,GPU
2026-04-22 23:57:40.912,64.421,18.400,22.523,0.753,0.723,4.341,5.038,0.096,false,20.246,NONE,15,180,sequential_yolo_pose,SM-S906U1,GPU
2026-04-22 23:57:40.976,59.048,16.961,21.989,0.796,0.870,4.441,4.889,0.092,false,20.164,NONE,15,180,sequential_yolo_pose,SM-S906U1,GPU
2026-04-22 23:57:41.043,62.429,19.394,22.681,0.448,0.557,3.594,4.721,0.100,false,20.223,NONE,15,180,sequential_yolo_pose,SM-S906U1,GPU
2026-04-22 23:57:41.109,61.080,16.817,22.278,0.915,0.917,5.686,4.947,0.093,false,20.199,NONE,15,180,sequential_yolo_pose,SM-S906U1,GPU
2026-04-22 23:57:41.181,67.007,20.997,20.895,0.721,0.874,5.115,7.615,0.081,false,37.301,NONE,14,180,sequential_yolo_pose,SM-S906U1,GPU
2026-04-22 23:57:41.251,64.909,16.744,21.235,0.733,0.683,4.055,5.693,0.097,false,20.223,NONE,14,180,sequential_yolo_pose,SM-S906U1,GPU
2026-04-22 23:57:41.320,64.377,18.207,21.416,0.657,0.917,4.754,5.945,0.119,false,37.168,NONE,14,180,sequential_yolo_pose,SM-S906U1,GPU
2026-04-22 23:57:41.402,76.128,20.490,24.809,2.324,1.489,7.219,7.051,0.107,false,17.195,NONE,14,180,sequential_yolo_pose,SM-S906U1,GPU
2026-04-22 23:57:41.472,63.799,19.078,20.531,0.808,0.860,4.793,5.020,0.079,false,20.230,NONE,14,180,sequential_yolo_pose,SM-S906U1,GPU
2026-04-22 23:57:41.538,62.643,19.851,22.036,0.635,0.679,3.771,4.852,0.089,false,20.164,NONE,14,180,sequential_yolo_pose,SM-S906U1,GPU
2026-04-22 23:57:41.601,59.169,16.056,21.930,0.612,0.611,3.792,6.476,0.085,false,20.164,NONE,14,180,sequential_yolo_pose,SM-S906U1,GPU
2026-04-22 23:57:41.666,60.855,16.284,20.281,0.513,0.723,4.417,9.869,0.105,false,37.141,NONE,14,180,sequential_yolo_pose,SM-S906U1,GPU
2026-04-22 23:57:41.741,68.600,20.679,20.831,1.026,1.279,6.605,5.304,0.119,false,29.609,NONE,14,180,sequential_yolo_pose,SM-S906U1,GPU
2026-04-22 23:57:41.838,87.292,23.531,23.306,0.941,1.318,11.769,6.769,0.123,false,14.293,NONE,14,180,sequential_yolo_pose,SM-S906U1,GPU
2026-04-22 23:57:41.913,67.203,21.305,21.845,0.652,0.830,4.266,5.415,0.089,false,21.496,NONE,14,180,sequential_yolo_pose,SM-S906U1,GPU
2026-04-22 23:57:41.992,74.476,21.810,21.251,0.954,0.995,6.924,11.616,0.113,false,38.442,NONE,14,180,sequential_yolo_pose,SM-S906U1,GPU
2026-04-22 23:57:42.078,73.418,21.159,22.643,0.843,4.534,5.008,5.178,0.090,false,20.133,NONE,14,180,sequential_yolo_pose,SM-S906U1,GPU
2026-04-22 23:57:42.152,67.909,22.057,21.724,0.797,0.755,4.699,5.924,0.092,false,37.203,NONE,14,180,sequential_yolo_pose,SM-S906U1,GPU
2026-04-22 23:57:42.227,66.337,22.498,22.222,0.513,0.656,3.592,5.130,0.075,false,17.047,NONE,14,180,sequential_yolo_pose,SM-S906U1,GPU
2026-04-22 23:57:42.292,60.275,17.206,21.242,1.108,1.075,5.367,6.373,0.076,false,20.172,NONE,14,180,sequential_yolo_pose,SM-S906U1,GPU
2026-04-22 23:57:42.367,70.730,17.636,21.182,1.666,1.700,9.833,7.243,0.173,false,37.117,NONE,14,180,sequential_yolo_pose,SM-S906U1,GPU
2026-04-22 23:57:42.436,62.089,16.069,20.827,0.745,0.981,4.910,5.601,0.095,false,20.258,NONE,14,180,sequential_yolo_pose,SM-S906U1,GPU
2026-04-22 23:57:42.506,66.073,18.261,24.647,0.738,1.042,4.461,5.013,0.096,false,20.133,NONE,14,180,sequential_yolo_pose,SM-S906U1,GPU
2026-04-22 23:57:42.574,63.620,18.446,21.120,1.810,0.913,4.498,5.090,0.096,false,20.164,NONE,14,180,sequential_yolo_pose,SM-S906U1,GPU
2026-04-22 23:57:42.641,61.944,19.229,21.417,0.792,0.568,4.126,4.811,0.084,false,20.102,NONE,14,180,sequential_yolo_pose,SM-S906U1,GPU
2026-04-22 23:57:42.706,61.106,16.342,20.679,0.760,1.121,6.847,5.226,0.110,false,37.078,NONE,14,180,sequential_yolo_pose,SM-S906U1,GPU
2026-04-22 23:57:42.781,64.320,17.192,21.542,0.729,1.026,5.217,5.229,0.098,false,30.160,NONE,14,180,sequential_yolo_pose,SM-S906U1,GPU
2026-04-22 23:57:42.855,66.424,16.820,21.019,0.975,0.754,4.538,7.614,0.117,false,20.227,NONE,14,180,sequential_yolo_pose,SM-S906U1,GPU
2026-04-22 23:57:42.934,69.842,19.246,20.876,0.867,1.257,7.600,9.213,0.111,false,37.266,NONE,14,180,sequential_yolo_pose,SM-S906U1,GPU
2026-04-22 23:57:43.013,73.626,19.065,27.833,0.824,1.130,5.684,5.667,0.126,false,17.141,NONE,14,180,sequential_yolo_pose,SM-S906U1,GPU
2026-04-22 23:57:43.093,73.777,22.472,22.714,1.119,1.455,4.795,5.366,0.081,false,20.211,NONE,14,180,sequential_yolo_pose,SM-S906U1,GPU
2026-04-22 23:57:43.163,64.512,17.317,21.101,1.547,1.182,5.690,7.087,0.101,false,20.195,NONE,14,180,sequential_yolo_pose,SM-S906U1,GPU
2026-04-22 23:57:43.238,68.174,21.844,22.136,0.686,0.852,6.096,5.223,0.088,false,37.266,NONE,14,180,sequential_yolo_pose,SM-S906U1,GPU
2026-04-22 23:57:43.309,63.798,19.543,21.075,0.708,0.881,4.189,5.143,0.105,false,20.098,NONE,14,180,sequential_yolo_pose,SM-S906U1,GPU
2026-04-22 23:57:43.376,63.032,18.850,22.002,0.852,0.732,3.775,4.905,0.081,false,20.164,NONE,14,180,sequential_yolo_pose,SM-S906U1,GPU
2026-04-22 23:57:43.438,57.849,16.947,20.643,0.614,0.885,4.630,4.910,0.087,false,37.047,NONE,14,180,sequential_yolo_pose,SM-S906U1,GPU
2026-04-22 23:57:43.507,64.937,21.231,21.548,0.554,0.574,3.950,4.926,0.094,false,17.102,NONE,14,180,sequential_yolo_pose,SM-S906U1,GPU
2026-04-22 23:57:43.575,64.013,17.669,22.359,1.171,1.364,4.715,5.591,0.100,false,20.195,NONE,14,180,sequential_yolo_pose,SM-S906U1,GPU
2026-04-22 23:57:43.646,66.438,20.944,21.257,1.207,0.997,4.799,5.267,0.079,false,20.133,NONE,14,180,sequential_yolo_pose,SM-S906U1,GPU
2026-04-22 23:57:43.714,63.516,18.799,21.156,0.782,0.881,5.596,5.424,0.111,false,37.141,NONE,14,180,sequential_yolo_pose,SM-S906U1,GPU
2026-04-22 23:57:43.801,81.882,24.204,25.428,0.629,0.900,7.943,10.204,0.119,false,21.879,NONE,14,180,sequential_yolo_pose,SM-S906U1,GPU
2026-04-22 23:57:43.877,70.799,22.265,20.957,1.304,1.106,6.591,5.326,0.144,false,38.762,NONE,14,180,sequential_yolo_pose,SM-S906U1,GPU
2026-04-22 23:57:43.949,66.980,18.599,20.975,0.637,0.966,5.060,5.359,0.094,false,29.621,NONE,14,180,sequential_yolo_pose,SM-S906U1,GPU
2026-04-22 23:57:44.023,68.898,20.090,21.664,0.674,0.924,4.055,5.120,0.086,false,21.922,NONE,14,180,sequential_yolo_pose,SM-S906U1,GPU
2026-04-22 23:57:44.087,60.327,16.483,21.000,0.666,0.848,4.557,6.014,0.100,false,38.774,NONE,14,180,sequential_yolo_pose,SM-S906U1,GPU
2026-04-22 23:57:44.155,62.790,16.789,21.056,1.014,1.141,5.682,5.550,0.085,false,20.188,NONE,14,180,sequential_yolo_pose,SM-S906U1,GPU
2026-04-22 23:57:44.227,67.331,20.489,21.301,0.949,0.950,4.576,5.613,0.088,false,20.293,NONE,14,180,sequential_yolo_pose,SM-S906U1,GPU
2026-04-22 23:57:44.298,67.068,17.871,20.435,0.523,0.519,6.239,11.273,0.129,false,37.145,NONE,14,180,sequential_yolo_pose,SM-S906U1,GPU
2026-04-22 23:57:44.368,63.978,19.414,20.924,0.777,0.770,4.451,4.716,0.078,false,20.270,NONE,14,180,sequential_yolo_pose,SM-S906U1,GPU
2026-04-22 23:57:44.441,69.428,21.939,21.869,1.061,1.629,6.376,5.763,0.102,false,37.278,NONE,14,180,sequential_yolo_pose,SM-S906U1,GPU
2026-04-22 23:57:44.512,63.923,20.532,21.794,0.478,0.581,3.110,4.783,0.081,false,20.160,NONE,14,180,sequential_yolo_pose,SM-S906U1,GPU
2026-04-22 23:57:44.575,58.693,15.805,23.788,0.643,0.590,3.442,4.673,0.089,false,20.164,NONE,14,180,sequential_yolo_pose,SM-S906U1,GPU
2026-04-22 23:57:44.644,65.552,20.092,21.952,0.401,0.902,5.336,5.221,0.107,false,37.078,NONE,14,180,sequential_yolo_pose,SM-S906U1,GPU
2026-04-22 23:57:44.733,80.579,23.205,21.006,0.641,1.269,6.576,5.812,0.120,false,20.195,NONE,14,180,sequential_yolo_pose,SM-S906U1,GPU
2026-04-22 23:57:44.794,56.083,20.312,24.046,0.339,0.000,0.000,0.000,0.000,true,16.848,NONE,14,180,sequential_yolo_pose,SM-S906U1,GPU
2026-04-22 23:57:44.849,49.436,18.548,20.693,0.216,0.000,0.000,0.000,0.000,true,30.492,NONE,14,180,sequential_yolo_pose,SM-S906U1,GPU
2026-04-22 23:57:44.906,52.670,20.012,21.710,0.219,0.000,0.000,0.000,0.000,true,13.383,NONE,14,180,sequential_yolo_pose,SM-S906U1,GPU
2026-04-22 23:57:44.974,63.238,19.971,20.560,0.649,0.855,5.659,4.867,0.073,false,20.219,NONE,14,180,sequential_yolo_pose,SM-S906U1,GPU
2026-04-22 23:57:45.037,60.225,16.014,21.248,0.446,0.921,5.700,5.813,0.097,false,37.164,NONE,14,180,sequential_yolo_pose,SM-S906U1,GPU
2026-04-22 23:57:45.107,64.140,19.937,21.670,0.670,0.720,4.350,4.593,0.080,false,20.223,NONE,14,180,sequential_yolo_pose,SM-S906U1,GPU
2026-04-22 23:57:45.179,67.899,23.098,20.749,0.416,1.205,5.962,5.251,0.114,false,37.137,NONE,14,180,sequential_yolo_pose,SM-S906U1,GPU
2026-04-22 23:57:45.254,68.194,20.069,21.109,0.669,0.883,4.657,5.202,0.100,false,20.164,NONE,15,180,sequential_yolo_pose,SM-S906U1,GPU
2026-04-22 23:57:45.324,64.985,18.499,21.956,0.725,0.862,5.406,6.716,0.085,false,20.195,NONE,15,180,sequential_yolo_pose,SM-S906U1,GPU
2026-04-22 23:57:45.403,73.318,20.589,21.919,1.573,1.723,9.115,5.594,0.123,false,20.164,NONE,15,180,sequential_yolo_pose,SM-S906U1,GPU
2026-04-22 23:57:45.481,71.785,22.034,22.707,0.951,0.819,4.429,5.275,0.083,false,20.070,NONE,15,180,sequential_yolo_pose,SM-S906U1,GPU
2026-04-22 23:57:45.552,63.278,18.671,21.177,0.477,0.670,4.154,5.400,0.108,false,37.141,NONE,15,180,sequential_yolo_pose,SM-S906U1,GPU
2026-04-22 23:57:45.630,69.148,21.192,22.078,0.775,0.842,4.615,5.971,0.096,false,17.133,NONE,15,180,sequential_yolo_pose,SM-S906U1,GPU
2026-04-22 23:57:45.699,64.439,21.435,20.701,0.551,0.635,3.618,6.403,0.069,false,20.195,NONE,15,180,sequential_yolo_pose,SM-S906U1,GPU
2026-04-22 23:57:45.772,67.403,17.330,24.944,0.801,0.859,4.724,9.650,0.066,false,20.270,NONE,15,180,sequential_yolo_pose,SM-S906U1,GPU
2026-04-22 23:57:45.846,70.384,18.078,31.540,1.050,0.901,4.945,4.958,0.095,false,20.102,NONE,15,180,sequential_yolo_pose,SM-S906U1,GPU
2026-04-22 23:57:45.912,62.114,18.513,22.339,0.588,0.746,3.555,4.948,0.087,false,37.110,NONE,15,180,sequential_yolo_pose,SM-S906U1,GPU
2026-04-22 23:57:45.978,60.914,18.442,21.250,0.534,0.676,3.534,4.982,0.069,false,17.152,NONE,15,180,sequential_yolo_pose,SM-S906U1,GPU
2026-04-22 23:57:46.041,60.101,17.078,21.323,1.111,0.978,5.749,5.326,0.093,false,20.238,NONE,15,180,sequential_yolo_pose,SM-S906U1,GPU
2026-04-22 23:57:46.109,63.912,16.721,21.286,0.833,1.030,5.369,7.465,0.095,false,20.211,NONE,15,180,sequential_yolo_pose,SM-S906U1,GPU
2026-04-22 23:57:46.184,70.696,22.619,21.129,1.296,1.059,6.045,5.440,0.123,false,20.070,NONE,15,180,sequential_yolo_pose,SM-S906U1,GPU
2026-04-22 23:57:46.265,74.235,21.457,22.940,1.118,1.203,5.722,6.907,0.088,false,20.293,NONE,14,180,sequential_yolo_pose,SM-S906U1,GPU
2026-04-22 23:57:46.340,69.936,19.483,21.591,3.963,0.821,5.993,6.465,0.096,false,20.133,NONE,14,180,sequential_yolo_pose,SM-S906U1,GPU
2026-04-22 23:57:46.408,61.790,18.029,21.540,0.757,0.970,4.496,4.749,0.084,false,20.133,NONE,14,180,sequential_yolo_pose,SM-S906U1,GPU
2026-04-22 23:57:46.477,63.466,17.991,20.986,1.059,1.139,5.641,5.214,0.108,false,20.133,NONE,14,180,sequential_yolo_pose,SM-S906U1,GPU
2026-04-22 23:57:46.550,67.407,19.576,22.104,0.933,1.119,4.842,5.143,0.099,false,20.070,NONE,14,180,sequential_yolo_pose,SM-S906U1,GPU
2026-04-22 23:57:46.620,64.970,19.816,21.616,1.034,0.979,4.782,5.284,0.096,false,20.191,NONE,14,180,sequential_yolo_pose,SM-S906U1,GPU
2026-04-22 23:57:46.688,58.252,16.892,21.083,0.610,1.037,5.030,5.748,0.099,false,37.199,NONE,14,180,sequential_yolo_pose,SM-S906U1,GPU
2026-04-22 23:57:46.761,65.560,18.050,24.207,0.610,0.992,5.878,6.910,0.101,false,21.965,NONE,14,180,sequential_yolo_pose,SM-S906U1,GPU
2026-04-22 23:57:46.843,77.098,22.029,20.619,0.849,1.132,12.062,8.782,0.210,false,38.785,NONE,14,180,sequential_yolo_pose,SM-S906U1,GPU
2026-04-22 23:57:46.918,61.559,18.145,21.905,1.223,1.697,4.724,5.287,0.087,false,20.195,NONE,14,180,sequential_yolo_pose,SM-S906U1,GPU
2026-04-22 23:57:46.994,68.077,20.086,21.079,0.925,0.916,5.891,8.344,0.125,false,37.203,NONE,14,180,sequential_yolo_pose,SM-S906U1,GPU
2026-04-22 23:57:47.071,70.723,21.970,22.398,0.639,0.836,4.589,5.392,0.090,false,30.141,NONE,14,180,sequential_yolo_pose,SM-S906U1,GPU
2026-04-22 23:57:47.139,61.630,17.455,22.554,0.734,0.904,6.603,4.987,0.092,false,29.418,NONE,14,180,sequential_yolo_pose,SM-S906U1,GPU
2026-04-22 23:57:47.212,68.393,19.890,20.817,1.562,1.030,6.945,5.055,0.099,false,20.199,NONE,14,180,sequential_yolo_pose,SM-S906U1,GPU
2026-04-22 23:57:47.282,62.972,20.145,21.570,0.881,0.744,3.256,4.992,0.093,false,20.070,NONE,13,180,sequential_yolo_pose,SM-S906U1,GPU
2026-04-22 23:57:47.345,56.703,16.882,20.783,0.543,0.698,3.834,5.092,0.112,false,37.047,NONE,13,180,sequential_yolo_pose,SM-S906U1,GPU
2026-04-22 23:57:47.419,69.450,22.799,22.675,0.705,1.049,4.107,5.432,0.110,false,21.887,NONE,13,180,sequential_yolo_pose,SM-S906U1,GPU
2026-04-22 23:57:47.499,72.900,15.337,23.128,1.849,0.839,8.848,9.309,1.261,false,38.832,NONE,13,180,sequential_yolo_pose,SM-S906U1,GPU
2026-04-22 23:57:47.578,66.992,19.747,21.971,0.945,1.565,4.330,5.231,0.089,false,20.254,NONE,13,180,sequential_yolo_pose,SM-S906U1,GPU
2026-04-22 23:57:47.657,74.651,21.357,21.368,1.434,1.414,8.383,8.948,0.126,false,37.199,NONE,13,180,sequential_yolo_pose,SM-S906U1,GPU
2026-04-22 23:57:47.740,74.999,26.499,21.731,1.022,0.991,5.481,5.591,0.106,false,21.883,NONE,13,180,sequential_yolo_pose,SM-S906U1,GPU
2026-04-22 23:57:47.806,62.450,15.380,22.159,1.331,0.939,5.772,5.375,0.118,false,38.828,NONE,13,180,sequential_yolo_pose,SM-S906U1,GPU
2026-04-22 23:57:47.888,76.706,21.458,21.732,0.884,1.315,5.235,5.928,0.082,false,20.109,NONE,13,180,sequential_yolo_pose,SM-S906U1,GPU
2026-04-22 23:57:47.965,71.511,26.298,22.606,0.966,0.907,4.645,5.351,0.102,false,37.184,NONE,13,180,sequential_yolo_pose,SM-S906U1,GPU
2026-04-22 23:57:48.034,63.878,18.606,21.097,1.225,1.002,5.057,5.721,0.089,false,17.129,NONE,13,180,sequential_yolo_pose,SM-S906U1,GPU
2026-04-22 23:57:48.108,70.110,19.192,20.825,2.683,1.625,8.094,5.403,0.165,false,20.168,NONE,13,180,sequential_yolo_pose,SM-S906U1,GPU
2026-04-22 23:57:48.175,61.933,18.481,21.523,0.952,0.557,3.186,5.260,0.084,false,20.168,NONE,13,180,sequential_yolo_pose,SM-S906U1,GPU
2026-04-22 23:57:48.243,63.821,19.306,20.382,0.833,0.946,4.872,5.489,0.092,false,37.301,NONE,14,180,sequential_yolo_pose,SM-S906U1,GPU
2026-04-22 23:57:48.319,69.791,23.436,21.175,0.772,0.960,4.812,5.388,0.140,false,20.070,NONE,14,180,sequential_yolo_pose,SM-S906U1,GPU
2026-04-22 23:57:48.399,72.822,19.470,23.195,1.239,1.277,7.241,7.721,0.106,false,20.164,NONE,14,180,sequential_yolo_pose,SM-S906U1,GPU
2026-04-22 23:57:48.476,69.631,19.857,24.106,0.928,0.953,4.171,5.619,0.087,false,20.258,NONE,14,180,sequential_yolo_pose,SM-S906U1,GPU
2026-04-22 23:57:48.544,64.098,20.424,21.918,0.695,0.647,3.440,5.403,0.080,false,20.141,NONE,14,180,sequential_yolo_pose,SM-S906U1,GPU
2026-04-22 23:57:48.605,56.768,15.911,21.247,0.409,0.710,4.426,5.010,0.128,false,37.149,NONE,14,180,sequential_yolo_pose,SM-S906U1,GPU
2026-04-22 23:57:48.682,69.452,17.681,22.770,1.132,1.188,5.679,5.482,0.094,false,20.164,NONE,14,180,sequential_yolo_pose,SM-S906U1,GPU
2026-04-22 23:57:48.749,62.984,15.692,20.673,1.279,1.107,6.823,5.330,0.076,false,20.137,NONE,14,180,sequential_yolo_pose,SM-S906U1,GPU
2026-04-22 23:57:48.818,64.060,19.851,20.794,0.513,0.601,3.082,5.910,0.100,false,37.176,NONE,14,180,sequential_yolo_pose,SM-S906U1,GPU
2026-04-22 23:57:48.899,73.602,22.456,21.667,1.117,1.046,4.196,5.349,0.079,false,20.168,NONE,14,180,sequential_yolo_pose,SM-S906U1,GPU
2026-04-22 23:57:48.963,60.403,15.741,20.507,1.236,1.187,6.994,6.391,0.081,false,37.113,NONE,14,180,sequential_yolo_pose,SM-S906U1,GPU
2026-04-22 23:57:49.046,78.776,29.433,21.369,0.833,1.001,4.739,5.739,0.086,false,23.133,NONE,14,180,sequential_yolo_pose,SM-S906U1,GPU
2026-04-22 23:57:49.113,62.113,19.062,20.256,0.488,0.761,4.431,5.756,0.108,false,40.047,NONE,14,180,sequential_yolo_pose,SM-S906U1,GPU
2026-04-22 23:57:49.195,77.889,20.630,21.798,0.585,0.949,8.796,10.360,0.141,false,29.383,NONE,14,180,sequential_yolo_pose,SM-S906U1,GPU
2026-04-22 23:57:49.275,71.537,21.200,21.618,1.082,1.642,4.059,5.012,0.103,false,20.289,NONE,14,180,sequential_yolo_pose,SM-S906U1,GPU
2026-04-22 23:57:49.349,69.902,20.990,22.459,0.789,2.608,4.788,5.977,0.101,false,20.105,NONE,14,180,sequential_yolo_pose,SM-S906U1,GPU
2026-04-22 23:57:49.417,62.807,15.677,21.174,1.012,1.027,5.173,5.223,0.107,false,37.145,NONE,14,180,sequential_yolo_pose,SM-S906U1,GPU
2026-04-22 23:57:49.502,79.910,26.938,21.045,0.810,1.062,4.554,5.007,0.099,false,17.047,NONE,14,180,sequential_yolo_pose,SM-S906U1,GPU
2026-04-22 23:57:49.580,73.517,24.101,22.716,1.031,1.336,5.648,5.662,0.106,false,20.164,NONE,14,180,sequential_yolo_pose,SM-S906U1,GPU
2026-04-22 23:57:49.657,71.826,19.478,22.702,1.870,1.428,4.823,5.676,0.091,false,20.137,NONE,14,180,sequential_yolo_pose,SM-S906U1,GPU
2026-04-22 23:57:49.729,66.730,16.109,23.335,1.205,1.234,4.662,8.987,0.114,false,20.195,NONE,14,180,sequential_yolo_pose,SM-S906U1,GPU
2026-04-22 23:57:49.810,74.349,26.755,21.263,1.414,0.872,6.516,5.242,0.094,false,20.164,NONE,14,180,sequential_yolo_pose,SM-S906U1,GPU
2026-04-22 23:57:49.867,52.351,18.336,21.466,0.855,0.000,0.000,0.000,0.000,true,16.863,NONE,14,180,sequential_yolo_pose,SM-S906U1,GPU
2026-04-22 23:57:49.934,60.482,22.922,22.714,0.274,0.000,0.000,0.000,0.000,true,30.570,NONE,14,180,sequential_yolo_pose,SM-S906U1,GPU
2026-04-22 23:57:50.001,61.311,25.703,21.013,0.348,0.000,0.000,0.000,0.000,true,13.738,NONE,14,180,sequential_yolo_pose,SM-S906U1,GPU
2026-04-22 23:57:50.068,62.048,18.283,21.521,0.561,0.582,3.577,7.000,0.090,false,20.160,NONE,14,180,sequential_yolo_pose,SM-S906U1,GPU
2026-04-22 23:57:50.133,59.972,15.434,21.983,0.497,0.654,3.846,9.991,0.113,false,37.074,NONE,14,180,sequential_yolo_pose,SM-S906U1,GPU
2026-04-22 23:57:50.209,69.953,20.902,21.865,0.791,0.885,4.870,5.073,0.099,false,28.641,NONE,14,180,sequential_yolo_pose,SM-S906U1,GPU
2026-04-22 23:57:50.288,73.530,21.028,22.173,1.285,1.025,4.096,5.570,0.111,false,20.168,NONE,14,180,sequential_yolo_pose,SM-S906U1,GPU
2026-04-22 23:57:50.364,67.841,19.339,20.470,1.448,1.441,5.375,7.969,0.419,false,20.133,NONE,14,180,sequential_yolo_pose,SM-S906U1,GPU
2026-04-22 23:57:50.433,64.047,18.800,21.098,0.801,0.574,3.352,5.624,0.076,false,20.195,NONE,14,180,sequential_yolo_pose,SM-S906U1,GPU
2026-04-22 23:57:50.497,59.810,17.488,20.001,0.550,0.823,4.413,6.478,0.097,false,37.110,NONE,14,180,sequential_yolo_pose,SM-S906U1,GPU
2026-04-22 23:57:50.578,74.953,24.790,24.143,0.894,0.929,4.149,6.411,0.073,false,16.746,NONE,14,180,sequential_yolo_pose,SM-S906U1,GPU
2026-04-22 23:57:50.643,60.544,18.135,21.072,0.981,0.698,3.750,4.869,0.078,false,20.152,NONE,14,180,sequential_yolo_pose,SM-S906U1,GPU
2026-04-22 23:57:50.704,54.838,15.291,21.041,0.632,0.623,4.033,5.386,0.231,false,37.160,NONE,14,180,sequential_yolo_pose,SM-S906U1,GPU
2026-04-22 23:57:50.787,73.567,22.156,22.186,0.734,0.811,5.484,6.531,0.149,false,17.105,NONE,14,180,sequential_yolo_pose,SM-S906U1,GPU
2026-04-22 23:57:50.861,66.834,19.458,21.409,1.328,0.993,4.630,6.338,0.125,false,20.168,NONE,14,180,sequential_yolo_pose,SM-S906U1,GPU
2026-04-22 23:57:50.937,68.293,20.677,21.345,0.921,1.104,5.423,5.219,0.126,false,37.207,NONE,14,180,sequential_yolo_pose,SM-S906U1,GPU
2026-04-22 23:57:51.008,59.585,17.105,22.794,0.817,0.628,2.995,4.982,0.073,false,20.133,NONE,14,180,sequential_yolo_pose,SM-S906U1,GPU
2026-04-22 23:57:51.070,57.649,15.880,21.438,0.701,0.933,4.451,4.941,0.103,false,37.172,NONE,14,180,sequential_yolo_pose,SM-S906U1,GPU
2026-04-22 23:57:51.139,64.974,19.588,21.102,0.456,0.663,6.352,5.011,0.098,false,17.125,NONE,14,180,sequential_yolo_pose,SM-S906U1,GPU
2026-04-22 23:57:51.214,67.099,22.152,21.243,0.915,1.132,4.225,4.712,0.088,false,20.105,NONE,14,180,sequential_yolo_pose,SM-S906U1,GPU
2026-04-22 23:57:51.287,68.914,21.157,23.314,0.809,0.751,4.263,5.384,0.083,false,20.242,NONE,14,180,sequential_yolo_pose,SM-S906U1,GPU
2026-04-22 23:57:51.371,79.548,20.422,26.407,1.506,1.714,8.911,6.397,0.100,false,20.230,NONE,14,180,sequential_yolo_pose,SM-S906U1,GPU
2026-04-22 23:57:51.438,61.786,18.527,20.822,0.519,0.783,4.173,5.172,0.096,false,37.176,NONE,14,180,sequential_yolo_pose,SM-S906U1,GPU
2026-04-22 23:57:51.512,70.221,23.900,23.358,0.657,0.985,4.450,5.272,0.106,false,21.316,NONE,14,180,sequential_yolo_pose,SM-S906U1,GPU
2026-04-22 23:57:51.580,62.830,14.594,21.266,0.583,0.744,4.277,5.275,0.184,false,38.356,NONE,14,180,sequential_yolo_pose,SM-S906U1,GPU
2026-04-22 23:57:51.660,72.384,19.690,21.097,1.139,1.007,4.799,5.720,0.094,false,14.332,NONE,14,180,sequential_yolo_pose,SM-S906U1,GPU
2026-04-22 23:57:51.733,66.053,21.327,21.230,0.514,0.839,4.014,6.289,0.066,false,21.438,NONE,14,180,sequential_yolo_pose,SM-S906U1,GPU
2026-04-22 23:57:51.794,56.172,16.135,21.093,0.389,0.501,3.255,7.419,0.140,false,38.289,NONE,14,180,sequential_yolo_pose,SM-S906U1,GPU
2026-04-22 23:57:51.867,63.115,19.126,21.444,0.633,0.911,4.358,6.765,0.079,false,29.711,NONE,14,180,sequential_yolo_pose,SM-S906U1,GPU
2026-04-22 23:57:51.954,81.652,21.279,22.136,1.290,1.585,10.041,13.173,0.079,false,20.387,NONE,14,180,sequential_yolo_pose,SM-S906U1,GPU
2026-04-22 23:57:52.037,73.044,19.306,20.871,1.076,1.914,8.025,7.803,0.112,false,37.239,NONE,14,180,sequential_yolo_pose,SM-S906U1,GPU
2026-04-22 23:57:52.111,66.850,20.442,24.041,0.611,0.822,3.703,4.870,0.074,false,21.848,NONE,14,180,sequential_yolo_pose,SM-S906U1,GPU
2026-04-22 23:57:52.180,63.303,19.330,21.876,0.691,0.906,4.672,5.009,0.053,false,38.793,NONE,14,180,sequential_yolo_pose,SM-S906U1,GPU
2026-04-22 23:57:52.264,66.621,19.581,21.281,1.372,1.518,4.439,6.508,0.116,false,20.168,NONE,14,180,sequential_yolo_pose,SM-S906U1,GPU
2026-04-22 23:57:52.338,67.150,18.565,22.934,0.737,0.860,4.235,5.421,0.066,false,20.230,NONE,14,180,sequential_yolo_pose,SM-S906U1,GPU
2026-04-22 23:57:52.402,60.786,18.779,21.180,1.008,0.741,3.264,4.725,0.070,false,20.168,NONE,14,180,sequential_yolo_pose,SM-S906U1,GPU
2026-04-22 23:57:52.467,60.379,16.477,21.304,0.507,0.594,4.316,6.774,0.097,false,37.082,NONE,14,180,sequential_yolo_pose,SM-S906U1,GPU
2026-04-22 23:57:52.537,64.157,18.004,21.171,0.637,0.913,5.208,5.642,0.052,false,17.145,NONE,14,180,sequential_yolo_pose,SM-S906U1,GPU
2026-04-22 23:57:52.607,66.252,20.950,21.667,0.901,1.044,5.024,4.843,0.090,false,20.137,NONE,14,180,sequential_yolo_pose,SM-S906U1,GPU
2026-04-22 23:57:52.693,79.298,18.457,23.046,2.740,1.755,9.826,8.185,0.094,false,20.199,NONE,14,180,sequential_yolo_pose,SM-S906U1,GPU
2026-04-22 23:57:52.769,68.803,19.234,20.986,0.734,0.913,5.251,10.016,0.097,false,37.145,NONE,14,180,sequential_yolo_pose,SM-S906U1,GPU
2026-04-22 23:57:52.844,69.077,19.155,22.167,0.698,0.834,3.867,5.141,0.106,false,28.609,NONE,14,180,sequential_yolo_pose,SM-S906U1,GPU
2026-04-22 23:57:52.919,68.815,18.795,21.914,2.618,0.977,4.224,6.142,0.075,false,20.152,NONE,14,180,sequential_yolo_pose,SM-S906U1,GPU
2026-04-22 23:57:52.992,66.221,20.550,21.476,0.941,0.912,4.097,6.684,0.052,false,37.192,NONE,14,180,sequential_yolo_pose,SM-S906U1,GPU
2026-04-22 23:57:53.066,67.316,23.369,21.443,0.849,0.917,3.745,6.712,0.056,false,21.879,NONE,14,180,sequential_yolo_pose,SM-S906U1,GPU
2026-04-22 23:57:53.131,61.018,16.514,20.861,0.730,0.934,4.539,5.504,0.091,false,38.762,NONE,14,180,sequential_yolo_pose,SM-S906U1,GPU
2026-04-22 23:57:53.211,73.433,21.434,22.535,1.200,1.574,6.771,5.305,0.086,false,29.613,NONE,14,180,sequential_yolo_pose,SM-S906U1,GPU
2026-04-22 23:57:53.290,72.216,20.658,22.848,0.582,0.880,3.974,5.851,0.059,false,20.230,NONE,13,180,sequential_yolo_pose,SM-S906U1,GPU
2026-04-22 23:57:53.375,80.528,21.945,26.636,1.230,1.333,7.854,6.627,0.064,false,20.262,NONE,13,180,sequential_yolo_pose,SM-S906U1,GPU
2026-04-22 23:57:53.439,57.500,15.824,21.548,0.477,0.729,4.507,5.222,0.065,false,37.113,NONE,13,180,sequential_yolo_pose,SM-S906U1,GPU
2026-04-22 23:57:53.505,60.195,18.800,21.335,0.636,0.583,4.134,4.916,0.066,false,30.090,NONE,13,180,sequential_yolo_pose,SM-S906U1,GPU
2026-04-22 23:57:53.577,67.858,19.651,21.053,1.538,2.577,5.597,5.387,0.061,false,20.137,NONE,13,180,sequential_yolo_pose,SM-S906U1,GPU
2026-04-22 23:57:53.642,59.900,15.727,21.381,0.792,0.892,4.258,5.150,0.075,false,20.164,NONE,13,180,sequential_yolo_pose,SM-S906U1,GPU
2026-04-22 23:57:53.718,71.617,20.196,25.306,0.935,0.925,6.872,5.925,0.061,false,20.195,NONE,13,180,sequential_yolo_pose,SM-S906U1,GPU
2026-04-22 23:57:53.784,62.152,16.722,21.216,1.101,1.023,5.271,5.488,0.072,false,20.199,NONE,13,180,sequential_yolo_pose,SM-S906U1,GPU
2026-04-22 23:57:53.876,85.095,18.641,22.597,0.632,0.915,21.157,7.527,0.109,false,37.301,NONE,13,180,sequential_yolo_pose,SM-S906U1,GPU
2026-04-22 23:57:53.955,71.091,18.886,20.822,0.739,0.829,4.183,5.651,0.055,false,20.102,NONE,13,180,sequential_yolo_pose,SM-S906U1,GPU
2026-04-22 23:57:54.027,65.520,17.499,23.753,0.860,1.050,5.301,6.264,0.075,false,37.110,NONE,13,180,sequential_yolo_pose,SM-S906U1,GPU
2026-04-22 23:57:54.098,65.264,20.407,21.811,0.469,0.606,2.939,6.454,0.078,false,17.047,NONE,13,180,sequential_yolo_pose,SM-S906U1,GPU
2026-04-22 23:57:54.175,70.904,22.702,22.475,0.614,0.912,3.976,4.932,0.068,false,20.227,NONE,13,180,sequential_yolo_pose,SM-S906U1,GPU
2026-04-22 23:57:54.243,64.150,19.704,22.288,0.892,0.714,3.874,5.086,0.071,false,20.137,NONE,13,180,sequential_yolo_pose,SM-S906U1,GPU
2026-04-22 23:57:54.311,62.525,17.460,21.669,1.192,1.114,5.732,5.119,0.082,false,37.207,NONE,14,180,sequential_yolo_pose,SM-S906U1,GPU
2026-04-22 23:57:54.385,69.523,21.835,21.257,0.690,0.975,4.517,7.606,0.078,false,21.770,NONE,14,180,sequential_yolo_pose,SM-S906U1,GPU
2026-04-22 23:57:54.467,75.087,23.079,21.684,0.631,0.809,4.887,10.327,0.084,false,38.746,NONE,14,180,sequential_yolo_pose,SM-S906U1,GPU
2026-04-22 23:57:54.546,68.582,20.307,22.450,1.256,1.054,3.963,5.130,0.054,false,20.164,NONE,14,180,sequential_yolo_pose,SM-S906U1,GPU
2026-04-22 23:57:54.611,60.571,18.177,21.186,0.526,0.721,4.036,5.219,0.085,false,37.047,NONE,14,180,sequential_yolo_pose,SM-S906U1,GPU
2026-04-22 23:57:54.678,62.202,18.719,21.639,0.508,0.867,3.736,5.104,0.061,false,17.090,NONE,14,180,sequential_yolo_pose,SM-S906U1,GPU
2026-04-22 23:57:54.748,65.122,22.508,21.841,0.546,0.795,3.625,4.775,0.063,false,20.137,NONE,14,180,sequential_yolo_pose,SM-S906U1,GPU
2026-04-22 23:57:54.829,77.310,19.678,22.862,0.788,1.175,7.011,8.598,0.076,false,20.277,NONE,14,180,sequential_yolo_pose,SM-S906U1,GPU
2026-04-22 23:57:54.901,65.471,18.804,22.150,0.587,0.639,3.315,8.129,0.060,false,20.137,NONE,14,180,sequential_yolo_pose,SM-S906U1,GPU
2026-04-22 23:57:54.953,47.849,16.242,23.240,0.706,0.000,0.000,0.000,0.000,true,33.875,NONE,14,180,sequential_yolo_pose,SM-S906U1,GPU
2026-04-22 23:57:55.025,60.057,22.301,22.544,0.324,0.000,0.000,0.000,0.000,true,13.742,NONE,14,180,sequential_yolo_pose,SM-S906U1,GPU
2026-04-22 23:57:55.086,54.149,18.811,23.195,0.521,0.000,0.000,0.000,0.000,true,16.734,NONE,14,180,sequential_yolo_pose,SM-S906U1,GPU
2026-04-22 23:57:55.175,81.300,22.640,21.698,0.424,0.860,4.693,14.164,0.050,false,33.898,NONE,14,180,sequential_yolo_pose,SM-S906U1,GPU
2026-04-22 23:57:55.229,47.872,16.316,21.380,0.898,0.000,0.000,0.000,0.000,true,16.801,NONE,14,180,sequential_yolo_pose,SM-S906U1,GPU
2026-04-22 23:57:55.305,70.224,21.181,21.476,0.507,1.362,6.002,5.789,0.073,false,33.965,NONE,14,180,sequential_yolo_pose,SM-S906U1,GPU
2026-04-22 23:57:55.391,79.228,22.681,21.427,0.904,0.988,6.531,7.330,0.055,false,20.168,NONE,14,180,sequential_yolo_pose,SM-S906U1,GPU
2026-04-22 23:57:55.483,85.745,21.530,22.141,2.002,5.815,16.699,6.561,0.073,false,37.207,NONE,14,180,sequential_yolo_pose,SM-S906U1,GPU
2026-04-22 23:57:55.586,97.043,36.094,22.815,0.693,1.029,4.989,5.506,0.319,false,21.879,NONE,14,180,sequential_yolo_pose,SM-S906U1,GPU
2026-04-22 23:57:55.662,70.810,20.542,21.237,0.674,1.079,5.355,8.246,0.065,false,38.762,NONE,14,180,sequential_yolo_pose,SM-S906U1,GPU
2026-04-22 23:57:55.745,76.486,23.636,24.628,0.644,0.949,3.754,4.955,0.059,false,20.102,NONE,14,180,sequential_yolo_pose,SM-S906U1,GPU
2026-04-22 23:57:55.809,60.969,18.307,21.559,0.704,0.833,3.683,4.889,0.060,false,20.105,NONE,14,180,sequential_yolo_pose,SM-S906U1,GPU
2026-04-22 23:57:55.876,62.893,18.076,22.865,0.595,0.927,4.653,4.937,0.060,false,37.082,NONE,14,180,sequential_yolo_pose,SM-S906U1,GPU
2026-04-22 23:57:55.951,70.668,20.262,22.639,0.604,0.845,3.858,5.233,0.060,false,21.801,NONE,14,180,sequential_yolo_pose,SM-S906U1,GPU
2026-04-22 23:57:56.020,62.570,16.046,22.215,0.809,0.832,5.385,9.275,0.068,false,38.871,NONE,14,180,sequential_yolo_pose,SM-S906U1,GPU
2026-04-22 23:57:56.106,70.513,22.356,21.931,1.445,1.704,4.336,5.408,0.057,false,20.164,NONE,14,180,sequential_yolo_pose,SM-S906U1,GPU
2026-04-22 23:57:56.174,62.789,16.232,21.088,1.094,2.081,4.898,5.439,0.064,false,20.242,NONE,14,180,sequential_yolo_pose,SM-S906U1,GPU
2026-04-22 23:57:56.250,72.379,22.248,23.659,2.061,1.501,5.207,5.663,0.066,false,20.105,NONE,14,180,sequential_yolo_pose,SM-S906U1,GPU
2026-04-22 23:57:56.314,58.862,16.383,21.632,0.642,0.856,4.839,5.541,0.068,false,37.238,NONE,13,180,sequential_yolo_pose,SM-S906U1,GPU
2026-04-22 23:57:56.393,73.558,22.449,22.299,0.777,1.319,8.115,5.143,0.072,false,20.195,NONE,13,180,sequential_yolo_pose,SM-S906U1,GPU
2026-04-22 23:57:56.466,66.454,16.946,20.868,0.811,1.025,4.963,12.952,0.048,false,20.262,NONE,13,180,sequential_yolo_pose,SM-S906U1,GPU
2026-04-22 23:57:56.528,57.383,16.752,22.102,0.462,0.599,3.600,5.531,0.063,false,37.176,NONE,13,180,sequential_yolo_pose,SM-S906U1,GPU
2026-04-22 23:57:56.595,60.175,17.612,20.331,0.659,0.759,3.942,7.476,0.092,false,30.059,NONE,13,180,sequential_yolo_pose,SM-S906U1,GPU
2026-04-22 23:57:56.666,65.327,16.932,22.035,1.284,1.196,7.418,7.379,0.038,false,20.297,NONE,13,180,sequential_yolo_pose,SM-S906U1,GPU
2026-04-22 23:57:56.730,60.452,17.020,21.512,0.918,0.970,6.344,5.277,0.047,false,20.227,NONE,13,180,sequential_yolo_pose,SM-S906U1,GPU
2026-04-22 23:57:56.796,62.219,17.299,21.615,0.630,1.141,7.315,6.123,0.080,false,37.141,NONE,13,180,sequential_yolo_pose,SM-S906U1,GPU
2026-04-22 23:57:56.868,66.276,21.531,21.116,0.554,0.975,4.719,5.359,0.078,false,28.598,NONE,13,180,sequential_yolo_pose,SM-S906U1,GPU
2026-04-22 23:57:56.947,69.305,21.936,22.367,1.019,1.049,4.946,5.571,0.090,false,20.133,NONE,13,180,sequential_yolo_pose,SM-S906U1,GPU
2026-04-22 23:57:57.027,74.979,20.777,22.503,3.683,1.397,6.016,6.246,0.082,false,20.105,NONE,13,180,sequential_yolo_pose,SM-S906U1,GPU
2026-04-22 23:57:57.108,73.134,24.303,21.024,0.474,1.229,5.279,5.579,0.087,false,37.176,NONE,13,180,sequential_yolo_pose,SM-S906U1,GPU
2026-04-22 23:57:57.187,72.678,25.836,21.715,0.529,0.858,3.650,5.802,0.057,false,21.855,NONE,13,180,sequential_yolo_pose,SM-S906U1,GPU
2026-04-22 23:57:57.247,53.847,15.604,20.648,0.508,0.615,3.407,5.273,0.054,false,38.770,NONE,13,180,sequential_yolo_pose,SM-S906U1,GPU
2026-04-22 23:57:57.322,70.304,18.933,21.609,0.572,1.146,4.791,5.308,0.059,false,29.586,NONE,14,180,sequential_yolo_pose,SM-S906U1,GPU
2026-04-22 23:57:57.391,63.993,18.704,21.790,1.008,0.941,4.658,6.252,0.059,false,20.328,NONE,14,180,sequential_yolo_pose,SM-S906U1,GPU
2026-04-22 23:57:57.467,70.174,20.340,21.504,1.696,1.696,7.579,5.806,0.095,false,37.211,NONE,14,180,sequential_yolo_pose,SM-S906U1,GPU
2026-04-22 23:57:57.551,72.993,23.402,21.051,0.462,0.595,3.004,4.889,0.085,false,20.074,NONE,14,180,sequential_yolo_pose,SM-S906U1,GPU
2026-04-22 23:57:57.633,74.173,21.476,21.798,1.502,1.941,3.983,5.100,0.053,false,20.137,NONE,14,180,sequential_yolo_pose,SM-S906U1,GPU
2026-04-22 23:57:57.707,69.124,16.095,23.312,0.685,0.848,12.350,7.083,0.071,false,37.113,NONE,14,180,sequential_yolo_pose,SM-S906U1,GPU
2026-04-22 23:57:57.780,69.040,20.158,20.870,0.654,1.193,5.613,5.221,0.140,false,30.149,NONE,14,180,sequential_yolo_pose,SM-S906U1,GPU
2026-04-22 23:57:57.853,68.146,15.969,22.615,1.174,0.908,4.458,5.784,0.072,false,20.105,NONE,14,180,sequential_yolo_pose,SM-S906U1,GPU
2026-04-22 23:57:57.930,71.065,23.969,21.469,0.558,0.805,3.697,5.772,0.130,false,20.227,NONE,14,180,sequential_yolo_pose,SM-S906U1,GPU
2026-04-22 23:57:57.995,60.819,15.900,21.138,0.876,0.931,4.278,6.745,0.066,false,20.137,NONE,14,180,sequential_yolo_pose,SM-S906U1,GPU
2026-04-22 23:57:58.072,72.936,19.863,25.118,2.366,0.978,6.465,5.458,0.072,false,20.223,NONE,14,180,sequential_yolo_pose,SM-S906U1,GPU
2026-04-22 23:57:58.152,73.108,19.278,22.236,1.447,2.560,7.517,5.711,0.222,false,37.199,NONE,14,180,sequential_yolo_pose,SM-S906U1,GPU
2026-04-22 23:57:58.235,74.730,23.418,22.248,0.639,0.891,7.312,5.031,0.096,false,17.180,NONE,14,180,sequential_yolo_pose,SM-S906U1,GPU
2026-04-22 23:57:58.318,75.495,23.958,21.889,0.618,0.916,4.150,5.227,0.087,false,20.105,NONE,13,180,sequential_yolo_pose,SM-S906U1,GPU
2026-04-22 23:57:58.394,69.584,20.521,23.366,0.725,0.934,4.683,6.902,0.056,false,20.230,NONE,13,180,sequential_yolo_pose,SM-S906U1,GPU
2026-04-22 23:57:58.467,67.807,19.989,21.813,0.597,0.913,6.234,8.192,0.081,false,20.262,NONE,13,180,sequential_yolo_pose,SM-S906U1,GPU
2026-04-22 23:57:58.544,70.170,20.554,23.215,0.573,0.820,4.077,6.392,0.060,false,20.258,NONE,13,180,sequential_yolo_pose,SM-S906U1,GPU
2026-04-22 23:57:58.612,62.450,18.434,21.023,0.835,0.784,4.484,5.476,0.056,false,20.137,NONE,13,180,sequential_yolo_pose,SM-S906U1,GPU
2026-04-22 23:57:58.681,64.265,20.875,21.274,0.650,0.796,3.564,5.173,0.081,false,37.145,NONE,13,180,sequential_yolo_pose,SM-S906U1,GPU
2026-04-22 23:57:58.762,74.718,20.373,22.628,0.504,0.906,4.932,9.009,0.070,false,17.016,NONE,13,180,sequential_yolo_pose,SM-S906U1,GPU
2026-04-22 23:57:58.839,68.778,20.682,25.316,0.519,0.957,4.859,5.071,0.051,false,20.242,NONE,13,180,sequential_yolo_pose,SM-S906U1,GPU
2026-04-22 23:57:58.897,53.622,15.330,21.077,0.716,0.529,3.458,5.280,0.061,false,14.320,NONE,13,180,sequential_yolo_pose,SM-S906U1,GPU
2026-04-22 23:57:58.962,59.406,18.174,20.169,0.764,0.672,3.347,5.798,0.070,false,20.168,NONE,13,180,sequential_yolo_pose,SM-S906U1,GPU
2026-04-22 23:57:59.043,74.943,17.985,21.544,1.424,2.151,14.811,5.638,0.119,false,37.176,NONE,13,180,sequential_yolo_pose,SM-S906U1,GPU
2026-04-22 23:57:59.128,77.494,21.227,20.397,0.956,1.492,4.922,5.738,0.068,false,17.105,NONE,13,180,sequential_yolo_pose,SM-S906U1,GPU
2026-04-22 23:57:59.209,70.113,21.961,23.737,1.318,0.910,4.378,5.291,0.063,false,20.168,NONE,13,180,sequential_yolo_pose,SM-S906U1,GPU
2026-04-22 23:57:59.277,62.966,16.114,21.691,1.796,1.087,5.250,6.583,0.059,false,37.145,NONE,13,180,sequential_yolo_pose,SM-S906U1,GPU
2026-04-22 23:57:59.352,67.799,23.863,22.940,0.834,0.949,4.439,4.930,0.071,false,30.211,NONE,14,180,sequential_yolo_pose,SM-S906U1,GPU
2026-04-22 23:57:59.430,71.437,20.937,20.556,0.517,0.642,8.740,6.653,0.080,false,20.074,NONE,14,180,sequential_yolo_pose,SM-S906U1,GPU
2026-04-22 23:57:59.499,62.298,19.189,20.620,0.583,0.889,4.559,4.871,0.060,false,37.113,NONE,14,180,sequential_yolo_pose,SM-S906U1,GPU
2026-04-22 23:57:59.566,62.180,20.127,20.861,0.404,0.726,3.198,4.730,0.081,false,17.074,NONE,14,180,sequential_yolo_pose,SM-S906U1,GPU
2026-04-22 23:57:59.633,61.977,19.268,21.424,0.469,0.630,3.607,4.933,0.068,false,20.168,NONE,14,180,sequential_yolo_pose,SM-S906U1,GPU
2026-04-22 23:57:59.700,63.104,18.829,21.125,0.420,1.115,5.414,5.405,0.106,false,37.051,NONE,14,180,sequential_yolo_pose,SM-S906U1,GPU
2026-04-22 23:57:59.778,70.949,27.578,20.817,0.449,0.908,3.939,4.802,0.085,false,22.973,NONE,14,180,sequential_yolo_pose,SM-S906U1,GPU
2026-04-22 23:57:59.849,64.279,16.363,21.189,0.778,0.921,4.794,7.514,0.073,false,40.012,NONE,14,180,sequential_yolo_pose,SM-S906U1,GPU
2026-04-22 23:57:59.938,80.851,18.625,22.622,2.452,1.995,12.097,6.055,0.100,false,20.102,NONE,14,180,sequential_yolo_pose,SM-S906U1,GPU
2026-04-22 23:58:00.030,83.317,25.205,22.800,5.005,1.212,6.192,5.687,0.052,false,20.168,NONE,14,180,sequential_yolo_pose,SM-S906U1,GPU
2026-04-22 23:58:00.108,71.083,19.409,23.390,0.660,8.948,3.510,4.827,0.072,false,20.105,NONE,14,180,sequential_yolo_pose,SM-S906U1,GPU
2026-04-22 23:58:00.175,61.816,15.644,21.767,0.408,0.938,4.596,5.184,0.064,false,37.113,NONE,14,180,sequential_yolo_pose,SM-S906U1,GPU
2026-04-22 23:58:00.246,64.263,19.052,21.446,0.485,0.970,3.721,6.249,0.057,false,17.145,NONE,14,180,sequential_yolo_pose,SM-S906U1,GPU
2026-04-22 23:58:00.315,63.519,18.586,20.958,0.939,1.120,4.871,5.324,0.053,false,20.199,NONE,14,180,sequential_yolo_pose,SM-S906U1,GPU
2026-04-22 23:58:00.382,62.152,16.399,21.489,3.450,0.912,4.974,5.750,0.054,false,20.297,NONE,14,180,sequential_yolo_pose,SM-S906U1,GPU
2026-04-22 23:58:00.454,68.037,23.196,21.406,0.924,0.895,3.932,5.021,0.065,false,20.168,NONE,14,180,sequential_yolo_pose,SM-S906U1,GPU
2026-04-22 23:58:00.513,54.429,15.623,20.354,0.488,0.620,3.689,5.610,0.054,false,37.113,NONE,14,180,sequential_yolo_pose,SM-S906U1,GPU
2026-04-22 23:58:00.582,64.011,17.235,21.579,0.662,0.911,4.143,5.080,0.075,false,30.164,NONE,14,180,sequential_yolo_pose,SM-S906U1,GPU
2026-04-22 23:58:00.653,65.956,20.519,21.307,0.768,0.960,4.196,5.484,0.076,false,16.621,NONE,14,180,sequential_yolo_pose,SM-S906U1,GPU
2026-04-22 23:58:00.733,74.089,23.828,20.834,0.735,1.271,6.044,7.563,0.048,false,20.258,NONE,14,180,sequential_yolo_pose,SM-S906U1,GPU
2026-04-22 23:58:00.799,62.514,16.848,21.731,1.021,0.954,4.749,6.137,0.063,false,20.199,NONE,14,180,sequential_yolo_pose,SM-S906U1,GPU
2026-04-22 23:58:00.868,64.746,18.298,21.212,0.592,0.633,4.852,7.903,0.093,false,37.207,NONE,14,180,sequential_yolo_pose,SM-S906U1,GPU
2026-04-22 23:58:00.941,68.491,21.507,21.982,0.651,0.908,4.024,5.239,0.076,false,17.105,NONE,14,180,sequential_yolo_pose,SM-S906U1,GPU
2026-04-22 23:58:01.015,69.805,20.801,23.542,1.175,1.155,5.785,5.089,0.066,false,20.164,NONE,14,180,sequential_yolo_pose,SM-S906U1,GPU
2026-04-22 23:58:01.098,77.095,20.944,21.402,1.135,1.381,9.305,10.789,0.117,false,37.172,NONE,14,180,sequential_yolo_pose,SM-S906U1,GPU
2026-04-22 23:58:01.188,82.388,28.938,21.577,0.838,1.021,4.169,5.285,0.068,false,21.879,NONE,14,180,sequential_yolo_pose,SM-S906U1,GPU
2026-04-22 23:58:01.268,73.956,21.319,21.146,0.542,0.848,6.484,7.213,0.094,false,38.762,NONE,14,180,sequential_yolo_pose,SM-S906U1,GPU
2026-04-22 23:58:01.359,83.634,21.691,22.810,1.704,1.708,7.520,5.160,0.075,false,20.168,NONE,13,180,sequential_yolo_pose,SM-S906U1,GPU
2026-04-22 23:58:01.425,60.571,17.854,21.046,0.324,0.567,2.914,5.899,0.070,false,37.176,NONE,13,180,sequential_yolo_pose,SM-S906U1,GPU
2026-04-22 23:58:01.497,66.042,18.997,21.644,0.518,0.871,4.302,9.057,0.058,false,17.145,NONE,13,180,sequential_yolo_pose,SM-S906U1,GPU
2026-04-22 23:58:01.563,62.424,16.422,21.809,0.833,0.791,3.366,6.200,0.058,false,20.105,NONE,13,180,sequential_yolo_pose,SM-S906U1,GPU
2026-04-22 23:58:01.634,66.783,20.750,21.095,0.429,0.819,5.604,5.306,0.068,false,37.207,NONE,13,180,sequential_yolo_pose,SM-S906U1,GPU
2026-04-22 23:58:01.708,69.211,21.222,24.255,0.602,1.004,4.460,4.895,0.069,false,17.098,NONE,13,180,sequential_yolo_pose,SM-S906U1,GPU
2026-04-22 23:58:01.776,63.935,20.344,21.358,0.724,0.671,3.311,5.178,0.061,false,20.164,NONE,13,180,sequential_yolo_pose,SM-S906U1,GPU
2026-04-22 23:58:01.838,57.348,16.049,20.806,0.610,0.856,4.686,5.091,0.064,false,37.172,NONE,13,180,sequential_yolo_pose,SM-S906U1,GPU
2026-04-22 23:58:01.910,66.953,20.908,21.881,0.639,1.019,4.330,5.157,0.083,false,17.121,NONE,13,180,sequential_yolo_pose,SM-S906U1,GPU
2026-04-22 23:58:01.984,67.995,17.988,23.701,1.180,1.275,4.471,5.837,0.082,false,20.223,NONE,13,180,sequential_yolo_pose,SM-S906U1,GPU
2026-04-22 23:58:02.055,67.246,18.527,21.618,1.225,1.219,5.259,5.341,0.069,false,20.137,NONE,13,180,sequential_yolo_pose,SM-S906U1,GPU
2026-04-22 23:58:02.127,63.902,17.233,20.833,0.637,0.898,3.966,9.304,0.077,false,37.051,NONE,13,180,sequential_yolo_pose,SM-S906U1,GPU
2026-04-22 23:58:02.213,71.292,21.354,22.295,0.518,1.585,6.406,5.737,0.054,false,20.137,NONE,13,180,sequential_yolo_pose,SM-S906U1,GPU
2026-04-22 23:58:02.279,61.471,17.921,21.109,0.548,0.925,4.511,5.106,0.064,false,37.176,NONE,13,180,sequential_yolo_pose,SM-S906U1,GPU
2026-04-22 23:58:02.359,73.850,24.998,21.455,0.697,0.635,3.310,5.086,0.073,false,17.168,NONE,14,180,sequential_yolo_pose,SM-S906U1,GPU
2026-04-22 23:58:02.430,66.554,17.807,20.708,0.739,1.388,7.762,6.820,0.068,false,20.141,NONE,14,180,sequential_yolo_pose,SM-S906U1,GPU
2026-04-22 23:58:02.508,62.663,16.866,22.282,0.797,1.926,4.362,5.083,0.061,false,37.149,NONE,14,180,sequential_yolo_pose,SM-S906U1,GPU
2026-04-22 23:58:02.584,70.352,21.334,22.381,0.679,0.890,4.408,5.916,0.066,false,21.805,NONE,14,180,sequential_yolo_pose,SM-S906U1,GPU
2026-04-22 23:58:02.654,65.104,18.576,21.588,0.575,0.808,4.969,5.688,0.096,false,38.750,NONE,14,180,sequential_yolo_pose,SM-S906U1,GPU
2026-04-22 23:58:02.722,57.252,16.926,20.482,0.326,0.742,3.852,5.293,0.077,false,29.649,NONE,14,180,sequential_yolo_pose,SM-S906U1,GPU
2026-04-22 23:58:02.806,78.753,26.316,20.885,0.377,0.968,9.890,5.207,0.071,false,21.887,NONE,14,180,sequential_yolo_pose,SM-S906U1,GPU
2026-04-22 23:58:02.866,54.598,18.659,23.185,0.224,0.000,0.000,0.000,0.000,true,35.438,NONE,14,180,sequential_yolo_pose,SM-S906U1,GPU
2026-04-22 23:58:02.939,68.648,22.341,21.709,0.502,1.149,5.453,5.063,0.075,false,21.828,NONE,14,180,sequential_yolo_pose,SM-S906U1,GPU
2026-04-22 23:58:03.011,66.511,21.363,21.138,0.342,0.901,4.268,5.843,0.079,false,38.742,NONE,14,180,sequential_yolo_pose,SM-S906U1,GPU
2026-04-22 23:58:03.087,68.501,23.682,21.069,0.594,0.887,4.206,5.667,0.061,false,29.680,NONE,14,180,sequential_yolo_pose,SM-S906U1,GPU
2026-04-22 23:58:03.153,60.682,22.824,21.706,0.645,0.000,0.000,0.000,0.000,true,16.711,NONE,14,180,sequential_yolo_pose,SM-S906U1,GPU
2026-04-22 23:58:03.212,53.411,19.702,21.643,0.507,0.000,0.000,0.000,0.000,true,30.449,NONE,14,180,sequential_yolo_pose,SM-S906U1,GPU
2026-04-22 23:58:03.289,69.622,26.790,25.506,0.608,0.000,0.000,0.000,0.000,true,13.395,NONE,14,180,sequential_yolo_pose,SM-S906U1,GPU
2026-04-22 23:58:03.373,72.444,24.442,22.482,2.425,0.803,3.766,5.174,0.055,false,20.223,NONE,14,180,sequential_yolo_pose,SM-S906U1,GPU
2026-04-22 23:58:03.436,57.867,20.584,24.932,0.714,0.000,0.000,0.000,0.000,true,16.769,NONE,14,180,sequential_yolo_pose,SM-S906U1,GPU
2026-04-22 23:58:03.513,71.627,22.777,21.087,0.635,1.055,5.368,5.895,0.076,false,33.840,NONE,14,180,sequential_yolo_pose,SM-S906U1,GPU
2026-04-22 23:58:03.573,51.109,16.983,21.317,0.213,0.000,0.000,0.000,0.000,true,26.840,NONE,14,180,sequential_yolo_pose,SM-S906U1,GPU
2026-04-22 23:58:03.647,66.116,20.707,22.531,0.368,1.047,4.689,5.245,0.071,false,21.402,NONE,14,180,sequential_yolo_pose,SM-S906U1,GPU
2026-04-22 23:58:03.713,57.473,22.000,20.450,0.206,0.000,0.000,0.000,0.000,true,35.078,NONE,14,180,sequential_yolo_pose,SM-S906U1,GPU
2026-04-22 23:58:03.781,62.090,28.489,22.207,0.209,0.000,0.000,0.000,0.000,true,18.504,NONE,14,180,sequential_yolo_pose,SM-S906U1,GPU
2026-04-22 23:58:03.846,57.873,19.911,22.009,0.523,0.000,0.000,0.000,0.000,true,32.148,NONE,14,180,sequential_yolo_pose,SM-S906U1,GPU
2026-04-22 23:58:03.932,77.322,23.749,22.015,0.555,1.219,5.722,7.058,0.083,false,21.449,NONE,14,180,sequential_yolo_pose,SM-S906U1,GPU
2026-04-22 23:58:04.006,67.486,20.928,20.984,0.367,0.772,7.447,5.508,0.067,false,38.426,NONE,14,180,sequential_yolo_pose,SM-S906U1,GPU
2026-04-22 23:58:04.084,64.342,20.142,21.246,0.582,0.906,3.922,5.525,0.063,false,20.070,NONE,14,180,sequential_yolo_pose,SM-S906U1,GPU
2026-04-22 23:58:04.156,64.792,19.135,20.638,0.812,0.902,4.144,5.963,0.069,false,20.070,NONE,14,180,sequential_yolo_pose,SM-S906U1,GPU
2026-04-22 23:58:04.222,57.869,16.113,21.231,0.875,0.952,4.657,6.691,0.071,false,20.199,NONE,14,180,sequential_yolo_pose,SM-S906U1,GPU
2026-04-22 23:58:04.303,73.225,21.285,22.836,0.633,1.508,6.656,7.660,0.093,false,37.145,NONE,14,180,sequential_yolo_pose,SM-S906U1,GPU
2026-04-22 23:58:04.379,70.490,24.610,21.794,0.486,0.847,4.167,5.165,0.060,false,23.223,NONE,14,180,sequential_yolo_pose,SM-S906U1,GPU
2026-04-22 23:58:04.454,69.408,21.059,21.263,0.487,1.152,5.612,5.327,2.467,false,40.137,NONE,14,180,sequential_yolo_pose,SM-S906U1,GPU
2026-04-22 23:58:04.543,78.736,24.457,22.290,0.928,0.939,4.020,4.730,0.059,false,20.133,NONE,14,180,sequential_yolo_pose,SM-S906U1,GPU
2026-04-22 23:58:04.609,62.061,20.082,20.756,0.470,0.706,4.052,5.052,0.069,false,37.047,NONE,14,180,sequential_yolo_pose,SM-S906U1,GPU
2026-04-22 23:58:04.680,65.632,16.101,22.305,0.767,0.950,3.998,5.358,0.078,false,17.043,NONE,14,180,sequential_yolo_pose,SM-S906U1,GPU
2026-04-22 23:58:04.759,72.242,22.712,22.669,1.129,1.174,5.121,5.581,0.061,false,20.207,NONE,14,180,sequential_yolo_pose,SM-S906U1,GPU
2026-04-22 23:58:04.824,59.416,16.086,21.057,0.717,1.001,4.722,5.122,0.083,false,37.121,NONE,14,180,sequential_yolo_pose,SM-S906U1,GPU
2026-04-22 23:58:04.895,63.811,20.367,21.396,0.560,0.573,3.075,5.321,0.071,false,17.063,NONE,14,180,sequential_yolo_pose,SM-S906U1,GPU
2026-04-22 23:58:04.976,75.165,21.265,22.206,1.449,2.399,8.794,5.146,0.087,false,20.227,NONE,14,180,sequential_yolo_pose,SM-S906U1,GPU
2026-04-22 23:58:05.061,78.274,22.061,25.295,1.160,1.509,6.413,5.409,0.088,false,20.199,NONE,14,180,sequential_yolo_pose,SM-S906U1,GPU
2026-04-22 23:58:05.133,65.249,19.073,20.973,0.640,0.906,5.068,5.952,0.082,false,37.113,NONE,14,180,sequential_yolo_pose,SM-S906U1,GPU
2026-04-22 23:58:05.217,76.391,28.058,21.103,0.442,0.854,5.065,5.392,0.084,false,28.606,NONE,14,180,sequential_yolo_pose,SM-S906U1,GPU
2026-04-22 23:58:05.293,70.436,19.697,20.447,0.455,3.360,5.206,6.876,0.130,false,20.109,NONE,14,180,sequential_yolo_pose,SM-S906U1,GPU
2026-04-22 23:58:05.371,72.993,19.220,21.167,0.685,1.074,14.070,5.912,0.077,false,37.180,NONE,13,180,sequential_yolo_pose,SM-S906U1,GPU
2026-04-22 23:58:05.452,75.437,27.715,23.262,0.521,0.879,3.709,5.069,0.085,false,21.797,NONE,13,180,sequential_yolo_pose,SM-S906U1,GPU
2026-04-22 23:58:05.534,74.480,19.817,21.649,1.089,1.330,6.778,8.732,0.081,false,38.742,NONE,13,180,sequential_yolo_pose,SM-S906U1,GPU
2026-04-22 23:58:05.612,69.943,25.467,21.106,0.591,0.849,3.888,4.961,0.063,false,29.672,NONE,13,180,sequential_yolo_pose,SM-S906U1,GPU
2026-04-22 23:58:05.682,65.666,18.577,22.744,0.752,0.635,3.678,5.247,0.084,false,20.109,NONE,13,180,sequential_yolo_pose,SM-S906U1,GPU
2026-04-22 23:58:05.755,66.603,20.304,21.361,0.671,0.888,4.427,5.820,0.083,false,37.211,NONE,13,180,sequential_yolo_pose,SM-S906U1,GPU
2026-04-22 23:58:05.839,72.708,26.777,21.751,0.541,0.805,5.321,5.654,0.069,false,21.895,NONE,13,180,sequential_yolo_pose,SM-S906U1,GPU
2026-04-22 23:58:05.911,67.629,20.199,21.613,0.922,1.165,6.191,5.318,0.098,false,38.778,NONE,13,180,sequential_yolo_pose,SM-S906U1,GPU
2026-04-22 23:58:05.989,70.609,19.961,22.093,0.512,0.848,3.658,5.798,0.053,false,20.234,NONE,13,180,sequential_yolo_pose,SM-S906U1,GPU
2026-04-22 23:58:06.066,69.778,20.976,24.174,2.250,1.619,4.776,5.198,0.068,false,20.203,NONE,13,180,sequential_yolo_pose,SM-S906U1,GPU
2026-04-22 23:58:06.142,71.612,19.099,21.670,1.712,1.034,11.446,4.872,0.068,false,20.230,NONE,13,180,sequential_yolo_pose,SM-S906U1,GPU
2026-04-22 23:58:06.221,74.325,20.865,23.019,1.586,1.510,6.403,5.223,0.053,false,20.234,NONE,13,180,sequential_yolo_pose,SM-S906U1,GPU
2026-04-22 23:58:06.282,55.573,16.150,20.050,0.587,0.952,4.488,5.363,0.087,false,37.149,NONE,13,180,sequential_yolo_pose,SM-S906U1,GPU
2026-04-22 23:58:06.359,70.652,20.928,22.881,0.681,1.230,5.674,6.384,0.084,false,21.805,NONE,13,180,sequential_yolo_pose,SM-S906U1,GPU
2026-04-22 23:58:06.437,70.752,18.770,23.553,0.526,0.912,6.353,7.232,0.062,false,38.750,NONE,14,180,sequential_yolo_pose,SM-S906U1,GPU
2026-04-22 23:58:06.518,68.324,18.247,21.971,2.862,1.246,4.930,5.126,0.055,false,20.172,NONE,14,180,sequential_yolo_pose,SM-S906U1,GPU
2026-04-22 23:58:06.587,63.864,14.998,21.600,0.545,1.000,4.763,5.971,0.082,false,37.180,NONE,14,180,sequential_yolo_pose,SM-S906U1,GPU
2026-04-22 23:58:06.671,75.784,27.038,23.242,0.463,1.039,3.928,5.608,0.055,false,17.145,NONE,14,180,sequential_yolo_pose,SM-S906U1,GPU
2026-04-22 23:58:06.737,61.948,18.689,21.657,0.587,0.607,3.706,5.097,0.080,false,20.078,NONE,14,180,sequential_yolo_pose,SM-S906U1,GPU
2026-04-22 23:58:06.808,66.939,20.381,20.512,0.648,1.020,4.733,7.913,0.067,false,37.149,NONE,14,180,sequential_yolo_pose,SM-S906U1,GPU
2026-04-22 23:58:06.872,60.988,16.857,21.308,0.945,0.971,4.272,5.255,0.074,false,17.250,NONE,14,180,sequential_yolo_pose,SM-S906U1,GPU
2026-04-22 23:58:06.943,66.530,20.114,22.175,0.972,0.883,4.159,4.808,0.065,false,20.109,NONE,14,180,sequential_yolo_pose,SM-S906U1,GPU
2026-04-22 23:58:07.011,63.118,18.941,20.996,0.490,0.938,4.828,5.176,0.066,false,37.055,NONE,14,180,sequential_yolo_pose,SM-S906U1,GPU
2026-04-22 23:58:07.093,76.292,20.594,22.161,1.616,1.507,4.785,9.127,0.077,false,20.172,NONE,14,180,sequential_yolo_pose,SM-S906U1,GPU
2026-04-22 23:58:07.176,74.467,20.068,20.522,1.664,2.823,8.836,8.061,0.138,false,37.149,NONE,14,180,sequential_yolo_pose,SM-S906U1,GPU
2026-04-22 23:58:07.268,73.666,20.158,20.869,1.264,1.128,5.959,6.484,0.081,false,20.141,NONE,14,180,sequential_yolo_pose,SM-S906U1,GPU
2026-04-22 23:58:07.342,68.987,19.637,21.698,0.771,1.128,6.064,7.093,0.081,false,37.149,NONE,14,180,sequential_yolo_pose,SM-S906U1,GPU
2026-04-22 23:58:07.420,73.419,25.528,23.308,0.708,0.980,4.213,5.132,0.064,false,30.234,NONE,13,180,sequential_yolo_pose,SM-S906U1,GPU
2026-04-22 23:58:07.488,63.872,21.107,21.332,0.706,0.609,3.249,4.935,0.058,false,21.441,NONE,13,180,sequential_yolo_pose,SM-S906U1,GPU
2026-04-22 23:58:07.559,64.587,19.742,20.642,1.036,0.951,4.435,6.275,0.076,false,38.387,NONE,13,180,sequential_yolo_pose,SM-S906U1,GPU
2026-04-22 23:58:07.634,69.581,23.964,21.460,0.534,1.090,4.773,4.832,0.071,false,21.801,NONE,13,180,sequential_yolo_pose,SM-S906U1,GPU
2026-04-22 23:58:07.720,80.523,37.382,21.527,0.582,1.112,3.934,5.462,0.059,false,38.778,NONE,13,180,sequential_yolo_pose,SM-S906U1,GPU
2026-04-22 23:58:07.803,76.587,19.737,22.964,2.331,1.125,5.728,5.163,0.075,false,20.141,NONE,13,180,sequential_yolo_pose,SM-S906U1,GPU
2026-04-22 23:58:07.873,65.158,20.571,20.283,0.527,0.651,3.372,5.010,0.083,false,37.149,NONE,13,180,sequential_yolo_pose,SM-S906U1,GPU
2026-04-22 23:58:07.945,66.645,16.243,23.156,1.234,1.121,5.166,5.720,0.050,false,20.262,NONE,13,180,sequential_yolo_pose,SM-S906U1,GPU
2026-04-22 23:58:08.019,66.356,19.705,21.550,0.522,0.649,5.101,6.352,0.068,false,37.238,NONE,13,180,sequential_yolo_pose,SM-S906U1,GPU
2026-04-22 23:58:08.094,67.982,17.496,22.690,0.784,1.129,5.149,7.360,0.050,false,30.152,NONE,13,180,sequential_yolo_pose,SM-S906U1,GPU
2026-04-22 23:58:08.176,72.426,23.455,22.004,0.683,1.014,4.566,5.651,0.045,false,21.848,NONE,13,180,sequential_yolo_pose,SM-S906U1,GPU
2026-04-22 23:58:08.252,68.684,20.083,21.714,0.926,1.339,5.473,6.034,0.111,false,38.793,NONE,13,180,sequential_yolo_pose,SM-S906U1,GPU
2026-04-22 23:58:08.344,83.279,23.596,25.989,0.922,1.101,5.323,5.109,0.021,false,20.234,NONE,13,180,sequential_yolo_pose,SM-S906U1,GPU
2026-04-22 23:58:08.415,65.151,15.638,21.601,1.250,1.295,6.421,5.566,0.038,false,20.203,NONE,13,180,sequential_yolo_pose,SM-S906U1,GPU
2026-04-22 23:58:08.479,56.030,15.834,22.006,0.519,0.710,4.137,5.398,0.040,false,37.180,NONE,13,180,sequential_yolo_pose,SM-S906U1,GPU
2026-04-22 23:58:08.556,69.502,22.212,22.274,0.570,2.697,4.293,5.380,0.028,false,21.926,NONE,13,180,sequential_yolo_pose,SM-S906U1,GPU
2026-04-22 23:58:08.636,74.912,23.445,21.131,0.727,1.106,7.467,5.187,0.028,false,38.840,NONE,13,180,sequential_yolo_pose,SM-S906U1,GPU
2026-04-22 23:58:08.712,66.876,20.395,21.200,0.868,1.087,5.550,5.339,0.039,false,20.281,NONE,13,180,sequential_yolo_pose,SM-S906U1,GPU
2026-04-22 23:58:08.788,71.439,20.626,22.825,1.030,1.099,6.172,6.102,0.028,false,20.141,NONE,13,180,sequential_yolo_pose,SM-S906U1,GPU
2026-04-22 23:58:08.857,62.502,17.454,23.161,0.510,0.750,4.201,6.194,0.042,false,37.149,NONE,13,180,sequential_yolo_pose,SM-S906U1,GPU
2026-04-22 23:58:08.942,65.689,20.523,22.354,0.630,1.161,3.645,4.742,0.030,false,20.109,NONE,13,180,sequential_yolo_pose,SM-S906U1,GPU
2026-04-22 23:58:09.012,65.886,20.813,22.557,0.799,0.623,4.085,5.694,0.032,false,20.141,NONE,13,180,sequential_yolo_pose,SM-S906U1,GPU
2026-04-22 23:58:09.071,54.291,16.645,20.996,0.442,0.556,3.146,4.844,0.037,false,37.180,NONE,13,180,sequential_yolo_pose,SM-S906U1,GPU
2026-04-22 23:58:09.145,69.932,22.489,23.454,0.540,0.866,4.006,7.051,0.026,false,21.961,NONE,13,180,sequential_yolo_pose,SM-S906U1,GPU
2026-04-22 23:58:09.207,57.983,15.891,20.956,0.984,0.889,4.783,6.197,0.024,false,38.844,NONE,13,180,sequential_yolo_pose,SM-S906U1,GPU
2026-04-22 23:58:09.280,66.338,20.412,21.199,0.933,1.154,4.166,5.151,0.038,false,20.078,NONE,13,180,sequential_yolo_pose,SM-S906U1,GPU
2026-04-22 23:58:09.347,63.347,19.110,21.429,0.526,0.865,4.187,5.228,0.030,false,37.055,NONE,13,180,sequential_yolo_pose,SM-S906U1,GPU
2026-04-22 23:58:09.431,75.745,22.032,27.358,0.686,0.796,3.936,7.136,0.039,false,20.234,NONE,14,180,sequential_yolo_pose,SM-S906U1,GPU
2026-04-22 23:58:09.488,53.138,15.829,21.802,0.355,0.503,3.029,4.755,0.023,false,37.180,NONE,14,180,sequential_yolo_pose,SM-S906U1,GPU
2026-04-22 23:58:09.549,57.437,16.182,20.429,0.724,0.912,4.270,5.536,0.029,false,17.145,NONE,14,180,sequential_yolo_pose,SM-S906U1,GPU
2026-04-22 23:58:09.611,58.081,17.528,21.349,0.689,0.682,3.480,5.336,0.022,false,20.078,NONE,14,180,sequential_yolo_pose,SM-S906U1,GPU
2026-04-22 23:58:09.673,58.943,16.974,21.277,0.737,1.140,4.995,5.287,0.026,false,37.117,NONE,14,180,sequential_yolo_pose,SM-S906U1,GPU
2026-04-22 23:58:09.749,71.161,23.752,21.963,0.989,0.975,4.903,5.290,0.041,false,17.207,NONE,14,180,sequential_yolo_pose,SM-S906U1,GPU
2026-04-22 23:58:09.835,81.129,26.263,26.502,1.263,2.264,4.757,4.987,0.044,false,20.141,NONE,14,180,sequential_yolo_pose,SM-S906U1,GPU
2026-04-22 23:58:09.914,75.001,25.790,22.747,1.132,1.126,5.136,5.519,0.035,false,20.172,NONE,14,180,sequential_yolo_pose,SM-S906U1,GPU
2026-04-22 23:58:09.994,74.447,25.916,22.160,0.871,1.141,5.269,5.808,0.047,false,37.117,NONE,14,180,sequential_yolo_pose,SM-S906U1,GPU
2026-04-22 23:58:10.080,79.105,29.335,23.142,0.971,1.439,4.785,5.620,0.034,false,17.141,NONE,14,180,sequential_yolo_pose,SM-S906U1,GPU
2026-04-22 23:58:10.152,66.873,20.520,21.054,1.340,0.958,4.429,5.254,0.029,false,20.109,NONE,14,180,sequential_yolo_pose,SM-S906U1,GPU
2026-04-22 23:58:10.222,64.959,19.937,21.226,0.895,0.735,3.664,5.837,0.017,false,20.141,NONE,14,180,sequential_yolo_pose,SM-S906U1,GPU
2026-04-22 23:58:10.273,46.247,17.259,21.454,0.134,0.000,0.000,0.000,0.000,true,33.848,NONE,14,180,sequential_yolo_pose,SM-S906U1,GPU
2026-04-22 23:58:10.326,49.135,18.314,22.993,0.157,0.000,0.000,0.000,0.000,true,18.031,NONE,14,180,sequential_yolo_pose,SM-S906U1,GPU
2026-04-22 23:58:10.400,68.635,16.643,22.401,0.834,1.296,5.051,8.681,0.024,false,35.133,NONE,14,180,sequential_yolo_pose,SM-S906U1,GPU
2026-04-22 23:58:10.474,70.165,26.504,22.717,0.404,0.589,2.905,4.766,0.033,false,21.840,NONE,15,180,sequential_yolo_pose,SM-S906U1,GPU
2026-04-22 23:58:10.543,63.606,20.006,21.589,0.631,0.909,4.191,5.138,0.033,false,38.785,NONE,15,180,sequential_yolo_pose,SM-S906U1,GPU
2026-04-22 23:58:10.607,60.428,16.117,21.685,0.620,0.687,4.284,6.046,0.037,false,29.641,NONE,15,180,sequential_yolo_pose,SM-S906U1,GPU
2026-04-22 23:58:10.685,71.933,22.895,22.417,0.948,0.897,4.346,6.085,0.048,false,20.109,NONE,15,180,sequential_yolo_pose,SM-S906U1,GPU
2026-04-22 23:58:10.767,76.654,20.157,20.787,0.887,1.215,8.254,8.988,0.042,false,37.086,NONE,15,180,sequential_yolo_pose,SM-S906U1,GPU
2026-04-22 23:58:10.847,73.763,23.241,21.042,1.307,1.095,6.099,6.205,0.041,false,20.203,NONE,15,180,sequential_yolo_pose,SM-S906U1,GPU
2026-04-22 23:58:10.933,78.558,20.486,22.315,0.614,1.057,8.697,9.689,0.039,false,20.113,NONE,15,180,sequential_yolo_pose,SM-S906U1,GPU
2026-04-22 23:58:11.017,78.748,25.677,21.984,0.903,1.620,7.591,5.771,0.055,false,37.184,NONE,15,180,sequential_yolo_pose,SM-S906U1,GPU
2026-04-22 23:58:11.101,76.567,18.779,22.108,0.541,0.990,10.324,7.943,0.040,false,17.129,NONE,15,180,sequential_yolo_pose,SM-S906U1,GPU
2026-04-22 23:58:11.177,69.720,20.220,21.880,1.471,1.197,5.526,5.070,0.039,false,20.109,NONE,15,180,sequential_yolo_pose,SM-S906U1,GPU
2026-04-22 23:58:11.256,74.666,21.884,22.217,1.022,1.206,5.870,5.186,0.039,false,20.109,NONE,15,180,sequential_yolo_pose,SM-S906U1,GPU
2026-04-22 23:58:11.335,69.333,18.204,20.556,1.091,1.749,9.395,7.578,0.084,false,37.117,NONE,15,180,sequential_yolo_pose,SM-S906U1,GPU
2026-04-22 23:58:11.411,69.086,22.323,22.121,0.516,0.841,3.509,4.765,0.026,false,21.863,NONE,15,180,sequential_yolo_pose,SM-S906U1,GPU
2026-04-22 23:58:11.481,65.947,18.946,21.569,0.645,1.082,5.708,5.795,0.031,false,38.871,NONE,13,180,sequential_yolo_pose,SM-S906U1,GPU
2026-04-22 23:58:11.568,80.351,21.410,22.877,1.603,1.826,10.061,5.777,0.046,false,20.199,NONE,13,180,sequential_yolo_pose,SM-S906U1,GPU
2026-04-22 23:58:11.644,71.269,19.389,22.216,1.289,2.802,7.939,5.357,0.048,false,37.145,NONE,13,180,sequential_yolo_pose,SM-S906U1,GPU
2026-04-22 23:58:11.737,86.317,30.696,20.906,0.357,1.791,7.253,7.845,0.027,false,21.891,NONE,13,180,sequential_yolo_pose,SM-S906U1,GPU
2026-04-22 23:58:11.812,70.191,21.776,21.569,0.263,0.880,3.621,8.014,0.035,false,38.742,NONE,13,180,sequential_yolo_pose,SM-S906U1,GPU
2026-04-22 23:58:11.881,61.095,16.010,22.110,0.710,1.099,4.879,6.361,0.049,false,20.133,NONE,13,180,sequential_yolo_pose,SM-S906U1,GPU
2026-04-22 23:58:11.969,81.719,21.072,21.413,0.868,4.243,11.436,8.254,0.038,false,20.203,NONE,13,180,sequential_yolo_pose,SM-S906U1,GPU
2026-04-22 23:58:12.046,72.706,20.981,21.052,0.798,1.396,9.293,6.558,0.043,false,37.180,NONE,13,180,sequential_yolo_pose,SM-S906U1,GPU
2026-04-22 23:58:12.122,69.939,20.656,20.887,0.730,1.366,5.423,5.306,0.036,false,17.109,NONE,13,180,sequential_yolo_pose,SM-S906U1,GPU
2026-04-22 23:58:12.193,64.189,20.533,20.717,0.671,0.643,3.019,5.638,0.029,false,20.109,NONE,13,180,sequential_yolo_pose,SM-S906U1,GPU
2026-04-22 23:58:12.262,58.984,15.401,21.994,0.416,0.573,4.160,8.543,0.031,false,37.180,NONE,13,180,sequential_yolo_pose,SM-S906U1,GPU
2026-04-22 23:58:12.342,72.682,20.714,23.104,1.007,1.399,7.889,5.175,0.036,false,30.121,NONE,13,180,sequential_yolo_pose,SM-S906U1,GPU
2026-04-22 23:58:12.421,73.094,24.899,21.776,0.638,1.257,4.123,5.506,0.031,false,21.813,NONE,13,180,sequential_yolo_pose,SM-S906U1,GPU
2026-04-22 23:58:12.487,61.753,18.018,21.348,0.453,0.780,4.505,8.499,0.027,false,38.821,NONE,12,180,sequential_yolo_pose,SM-S906U1,GPU
2026-04-22 23:58:12.566,67.247,16.551,24.035,0.881,1.013,6.182,5.280,0.024,false,20.199,NONE,12,180,sequential_yolo_pose,SM-S906U1,GPU
2026-04-22 23:58:12.657,85.879,26.139,21.788,0.714,0.928,4.070,15.266,0.049,false,20.262,NONE,12,180,sequential_yolo_pose,SM-S906U1,GPU
2026-04-22 23:58:12.733,68.439,22.743,21.048,0.919,1.064,4.794,6.389,0.029,false,20.199,NONE,12,180,sequential_yolo_pose,SM-S906U1,GPU
2026-04-22 23:58:12.803,65.098,20.086,22.701,0.744,0.629,3.362,5.622,0.035,false,20.172,NONE,12,180,sequential_yolo_pose,SM-S906U1,GPU
2026-04-22 23:58:12.872,65.366,17.533,20.763,1.101,1.404,6.619,5.472,0.040,false,37.086,NONE,12,180,sequential_yolo_pose,SM-S906U1,GPU
2026-04-22 23:58:12.947,70.325,26.509,21.355,0.597,0.823,3.429,5.040,0.022,false,21.852,NONE,12,180,sequential_yolo_pose,SM-S906U1,GPU
2026-04-22 23:58:13.014,61.665,17.361,21.266,0.654,0.832,4.193,5.974,0.021,false,38.797,NONE,12,180,sequential_yolo_pose,SM-S906U1,GPU
2026-04-22 23:58:13.082,62.321,18.059,21.186,0.636,0.899,3.935,5.561,0.043,false,29.777,NONE,12,180,sequential_yolo_pose,SM-S906U1,GPU
2026-04-22 23:58:13.162,74.047,23.976,21.106,0.745,1.168,4.933,9.363,0.037,false,21.863,NONE,12,180,sequential_yolo_pose,SM-S906U1,GPU
2026-04-22 23:58:13.236,67.978,19.125,20.811,0.940,1.155,6.705,8.033,0.039,false,38.778,NONE,12,180,sequential_yolo_pose,SM-S906U1,GPU
2026-04-22 23:58:13.313,72.352,24.974,22.793,0.560,0.837,4.312,5.039,0.034,false,29.652,NONE,12,180,sequential_yolo_pose,SM-S906U1,GPU
2026-04-22 23:58:13.392,74.298,21.224,21.050,0.809,1.332,5.540,8.271,0.053,false,21.895,NONE,12,180,sequential_yolo_pose,SM-S906U1,GPU
2026-04-22 23:58:13.470,70.422,23.160,21.069,0.761,0.782,5.878,5.028,0.045,false,38.996,NONE,14,180,sequential_yolo_pose,SM-S906U1,GPU
2026-04-22 23:58:13.553,76.722,16.736,23.485,2.274,1.883,6.801,5.640,0.043,false,20.168,NONE,14,180,sequential_yolo_pose,SM-S906U1,GPU
2026-04-22 23:58:13.627,65.092,17.160,21.359,0.669,1.051,4.602,7.301,0.051,false,37.113,NONE,14,180,sequential_yolo_pose,SM-S906U1,GPU
2026-04-22 23:58:13.714,80.516,28.896,21.240,0.522,0.848,5.806,5.262,0.044,false,29.641,NONE,14,180,sequential_yolo_pose,SM-S906U1,GPU
2026-04-22 23:58:13.797,76.866,22.391,21.254,0.385,0.795,5.274,7.911,0.039,false,29.621,NONE,14,180,sequential_yolo_pose,SM-S906U1,GPU
2026-04-22 23:58:13.878,70.989,22.598,23.183,0.671,1.139,4.925,5.338,0.048,false,16.750,NONE,14,180,sequential_yolo_pose,SM-S906U1,GPU
2026-04-22 23:58:13.949,65.524,21.385,21.106,0.545,0.893,4.448,5.176,0.032,false,20.203,NONE,14,180,sequential_yolo_pose,SM-S906U1,GPU
2026-04-22 23:58:14.021,67.248,19.287,21.400,1.594,1.152,4.665,7.318,0.040,false,20.234,NONE,14,180,sequential_yolo_pose,SM-S906U1,GPU
2026-04-22 23:58:14.093,67.110,20.550,20.602,1.236,0.938,3.894,6.109,0.033,false,20.172,NONE,14,180,sequential_yolo_pose,SM-S906U1,GPU
2026-04-22 23:58:14.154,55.781,15.657,20.833,0.437,0.507,2.901,5.955,0.040,false,37.086,NONE,14,180,sequential_yolo_pose,SM-S906U1,GPU
2026-04-22 23:58:14.225,65.595,21.480,22.255,0.563,0.961,4.062,5.292,0.028,false,21.863,NONE,14,180,sequential_yolo_pose,SM-S906U1,GPU
2026-04-22 23:58:14.305,75.413,20.584,23.464,1.147,1.292,10.066,5.937,0.038,false,38.746,NONE,14,180,sequential_yolo_pose,SM-S906U1,GPU
2026-04-22 23:58:14.384,71.679,15.776,22.775,1.451,1.255,5.335,5.219,0.031,false,20.109,NONE,14,180,sequential_yolo_pose,SM-S906U1,GPU
2026-04-22 23:58:14.462,71.000,16.827,22.850,1.765,1.544,5.246,6.413,0.030,false,20.109,NONE,13,180,sequential_yolo_pose,SM-S906U1,GPU
2026-04-22 23:58:14.538,68.874,21.253,21.649,1.701,0.812,4.851,7.978,0.045,false,37.242,NONE,13,180,sequential_yolo_pose,SM-S906U1,GPU
2026-04-22 23:58:14.617,73.613,23.825,21.485,0.841,1.160,5.344,6.045,0.049,false,30.129,NONE,13,180,sequential_yolo_pose,SM-S906U1,GPU
2026-04-22 23:58:14.701,74.055,20.059,23.099,1.021,2.921,3.802,5.215,0.023,false,14.426,NONE,13,180,sequential_yolo_pose,SM-S906U1,GPU
2026-04-22 23:58:14.766,60.530,19.811,20.780,0.511,0.615,3.229,5.365,0.027,false,21.410,NONE,13,180,sequential_yolo_pose,SM-S906U1,GPU
2026-04-22 23:58:14.839,68.429,18.953,21.008,0.594,0.666,10.667,5.338,0.054,false,38.418,NONE,13,180,sequential_yolo_pose,SM-S906U1,GPU
2026-04-22 23:58:14.926,77.593,24.034,21.158,0.553,0.900,4.145,5.384,0.040,false,20.137,NONE,13,180,sequential_yolo_pose,SM-S906U1,GPU
2026-04-22 23:58:15.005,71.468,19.228,23.042,1.700,1.599,7.933,6.473,0.049,false,20.203,NONE,13,180,sequential_yolo_pose,SM-S906U1,GPU
2026-04-22 23:58:15.087,75.739,26.125,22.825,0.713,0.899,4.686,5.261,0.028,false,20.109,NONE,13,180,sequential_yolo_pose,SM-S906U1,GPU
2026-04-22 23:58:15.151,59.627,16.619,20.875,0.715,1.030,4.245,5.075,0.016,false,20.121,NONE,13,180,sequential_yolo_pose,SM-S906U1,GPU
2026-04-22 23:58:15.209,54.067,16.094,20.841,0.353,0.634,3.420,5.226,0.042,false,37.160,NONE,13,180,sequential_yolo_pose,SM-S906U1,GPU
2026-04-22 23:58:15.280,67.318,22.176,22.093,0.480,0.895,4.322,5.033,0.043,false,23.031,NONE,13,180,sequential_yolo_pose,SM-S906U1,GPU
2026-04-22 23:58:15.363,74.468,19.841,21.284,0.917,1.222,6.340,8.719,0.074,false,39.946,NONE,13,180,sequential_yolo_pose,SM-S906U1,GPU
2026-04-22 23:58:15.442,65.729,24.473,22.002,0.504,0.000,0.000,0.000,0.000,true,16.684,NONE,13,180,sequential_yolo_pose,SM-S906U1,GPU
2026-04-22 23:58:15.524,74.979,19.294,20.730,0.422,1.242,6.204,10.923,0.044,false,33.879,NONE,13,180,sequential_yolo_pose,SM-S906U1,GPU
2026-04-22 23:58:15.597,67.421,19.811,22.291,0.639,1.191,7.568,6.908,0.046,false,30.149,NONE,13,180,sequential_yolo_pose,SM-S906U1,GPU
2026-04-22 23:58:15.675,71.137,21.697,21.612,1.557,1.716,5.190,5.172,0.043,false,20.113,NONE,13,180,sequential_yolo_pose,SM-S906U1,GPU
2026-04-22 23:58:15.745,64.094,18.971,20.099,0.440,0.693,4.643,5.253,0.047,false,37.059,NONE,13,180,sequential_yolo_pose,SM-S906U1,GPU
2026-04-22 23:58:15.818,67.669,19.963,21.203,0.551,0.959,4.166,5.429,0.031,false,29.633,NONE,13,180,sequential_yolo_pose,SM-S906U1,GPU
2026-04-22 23:58:15.895,71.588,20.655,22.709,0.497,1.053,7.998,6.010,0.046,false,20.141,NONE,13,180,sequential_yolo_pose,SM-S906U1,GPU
2026-04-22 23:58:15.980,78.865,27.992,21.601,0.630,0.969,4.441,5.171,0.052,false,37.055,NONE,13,180,sequential_yolo_pose,SM-S906U1,GPU
2026-04-22 23:58:16.058,72.537,22.308,21.871,0.590,1.155,4.731,6.792,0.037,false,17.082,NONE,13,180,sequential_yolo_pose,SM-S906U1,GPU
2026-04-22 23:58:16.129,63.195,20.182,21.017,0.654,0.674,3.341,5.358,0.036,false,20.172,NONE,13,180,sequential_yolo_pose,SM-S906U1,GPU
2026-04-22 23:58:16.203,69.788,18.757,21.800,0.586,1.528,8.244,8.314,0.034,false,37.086,NONE,13,180,sequential_yolo_pose,SM-S906U1,GPU
2026-04-22 23:58:16.278,69.338,21.896,22.549,0.547,1.008,3.809,5.294,0.040,false,21.805,NONE,13,180,sequential_yolo_pose,SM-S906U1,GPU
2026-04-22 23:58:16.347,64.690,19.887,23.034,0.335,0.837,3.639,5.414,0.041,false,38.688,NONE,13,180,sequential_yolo_pose,SM-S906U1,GPU
2026-04-22 23:58:16.423,57.715,15.613,21.829,0.741,0.971,4.471,5.927,0.031,false,20.172,NONE,13,180,sequential_yolo_pose,SM-S906U1,GPU
2026-04-22 23:58:16.526,95.013,41.319,20.617,0.504,1.225,6.691,8.690,0.036,false,37.274,NONE,14,180,sequential_yolo_pose,SM-S906U1,GPU
2026-04-22 23:58:16.607,76.153,19.982,24.080,3.523,0.965,7.903,5.111,0.033,false,30.152,NONE,14,180,sequential_yolo_pose,SM-S906U1,GPU
2026-04-22 23:58:16.702,88.203,20.777,21.887,0.713,1.722,10.470,14.581,0.031,false,29.422,NONE,14,180,sequential_yolo_pose,SM-S906U1,GPU
2026-04-22 23:58:16.771,60.103,15.383,21.790,0.422,0.825,3.916,4.907,0.033,false,29.617,NONE,14,180,sequential_yolo_pose,SM-S906U1,GPU
2026-04-22 23:58:16.842,64.197,16.395,23.931,2.201,2.005,5.214,5.585,0.036,false,20.293,NONE,14,180,sequential_yolo_pose,SM-S906U1,GPU
2026-04-22 23:58:16.915,68.739,19.752,20.700,0.921,1.718,7.847,5.908,0.066,false,37.176,NONE,14,180,sequential_yolo_pose,SM-S906U1,GPU
2026-04-22 23:58:16.996,74.362,23.009,21.893,0.558,1.107,5.103,6.723,0.036,false,21.930,NONE,14,180,sequential_yolo_pose,SM-S906U1,GPU
2026-04-22 23:58:17.073,72.472,16.957,21.884,1.215,3.101,9.032,5.750,0.046,false,38.813,NONE,14,180,sequential_yolo_pose,SM-S906U1,GPU
2026-04-22 23:58:17.146,65.073,16.953,22.552,0.852,1.084,4.195,4.911,0.033,false,20.172,NONE,14,180,sequential_yolo_pose,SM-S906U1,GPU
2026-04-22 23:58:17.215,64.773,18.895,20.887,0.566,0.665,4.018,5.292,0.032,false,37.117,NONE,14,180,sequential_yolo_pose,SM-S906U1,GPU
2026-04-22 23:58:17.293,72.445,19.676,22.541,0.715,1.100,4.841,7.371,0.046,false,17.082,NONE,14,180,sequential_yolo_pose,SM-S906U1,GPU
2026-04-22 23:58:17.372,70.588,25.690,23.310,0.628,0.886,3.835,4.995,0.030,false,20.172,NONE,14,180,sequential_yolo_pose,SM-S906U1,GPU
2026-04-22 23:58:17.442,65.253,20.775,22.966,0.859,0.927,3.799,5.453,0.033,false,20.172,NONE,14,180,sequential_yolo_pose,SM-S906U1,GPU
2026-04-22 23:58:17.514,65.052,17.383,21.237,0.604,0.982,5.265,6.928,0.036,false,37.242,NONE,13,180,sequential_yolo_pose,SM-S906U1,GPU
2026-04-22 23:58:17.598,77.629,26.928,21.621,0.513,0.995,3.845,5.598,0.049,false,21.773,NONE,13,180,sequential_yolo_pose,SM-S906U1,GPU
2026-04-22 23:58:17.667,64.645,19.112,21.324,0.424,0.614,5.027,6.852,0.057,false,38.688,NONE,13,180,sequential_yolo_pose,SM-S906U1,GPU
2026-04-22 23:58:17.743,68.956,21.852,21.426,0.334,0.587,2.810,4.859,0.036,false,29.621,NONE,13,180,sequential_yolo_pose,SM-S906U1,GPU
2026-04-22 23:58:17.809,62.046,18.629,21.795,0.602,0.975,3.913,5.142,0.033,false,16.781,NONE,13,180,sequential_yolo_pose,SM-S906U1,GPU
2026-04-22 23:58:17.882,68.041,22.577,22.830,1.038,0.872,3.893,5.348,0.036,false,20.109,NONE,13,180,sequential_yolo_pose,SM-S906U1,GPU
2026-04-22 23:58:17.947,61.451,18.801,20.678,0.735,0.840,3.884,6.192,0.036,false,37.117,NONE,13,180,sequential_yolo_pose,SM-S906U1,GPU
2026-04-22 23:58:18.019,67.649,19.598,22.492,0.870,0.740,3.642,5.014,0.022,false,20.164,NONE,13,180,sequential_yolo_pose,SM-S906U1,GPU
2026-04-22 23:58:18.087,61.884,17.454,21.222,0.739,0.821,3.715,6.131,0.026,false,37.203,NONE,13,180,sequential_yolo_pose,SM-S906U1,GPU
2026-04-22 23:58:18.178,85.247,31.521,21.922,0.789,1.048,6.147,5.343,0.033,false,21.895,NONE,13,180,sequential_yolo_pose,SM-S906U1,GPU
2026-04-22 23:58:18.264,79.046,20.960,21.616,0.611,0.787,6.653,10.546,0.055,false,38.809,NONE,13,180,sequential_yolo_pose,SM-S906U1,GPU
2026-04-22 23:58:18.344,74.949,22.096,24.978,0.606,0.791,3.334,5.279,0.028,false,20.203,NONE,13,180,sequential_yolo_pose,SM-S906U1,GPU
2026-04-22 23:58:18.407,58.274,16.419,21.185,0.812,1.166,5.378,4.991,0.035,false,20.234,NONE,13,180,sequential_yolo_pose,SM-S906U1,GPU
2026-04-22 23:58:18.480,68.334,19.680,27.071,0.602,0.876,3.750,4.796,0.063,false,20.172,NONE,13,180,sequential_yolo_pose,SM-S906U1,GPU
2026-04-22 23:58:18.552,67.409,20.044,21.610,1.489,1.298,4.881,5.402,0.039,false,20.203,NONE,14,180,sequential_yolo_pose,SM-S906U1,GPU
2026-04-22 23:58:18.623,62.901,15.577,22.431,0.932,1.096,4.730,6.121,0.029,false,20.133,NONE,14,180,sequential_yolo_pose,SM-S906U1,GPU
2026-04-22 23:58:18.683,54.389,15.412,21.057,0.484,0.655,3.647,5.440,0.047,false,37.141,NONE,14,180,sequential_yolo_pose,SM-S906U1,GPU
2026-04-22 23:58:18.764,76.050,23.837,23.404,1.319,1.341,6.196,5.607,0.026,false,17.070,NONE,14,180,sequential_yolo_pose,SM-S906U1,GPU
2026-04-22 23:58:18.831,62.268,18.605,21.176,0.442,0.712,3.892,6.509,0.052,false,33.922,NONE,14,180,sequential_yolo_pose,SM-S906U1,GPU
2026-04-22 23:58:18.913,69.740,22.137,21.579,0.738,0.734,3.205,4.878,0.038,false,20.016,NONE,14,180,sequential_yolo_pose,SM-S906U1,GPU
2026-04-22 23:58:18.981,62.818,17.838,21.634,0.713,0.963,4.399,5.095,0.029,false,37.086,NONE,14,180,sequential_yolo_pose,SM-S906U1,GPU
2026-04-22 23:58:19.062,75.626,21.486,23.934,0.605,1.022,6.730,8.199,0.063,false,21.852,NONE,14,180,sequential_yolo_pose,SM-S906U1,GPU
2026-04-22 23:58:19.135,66.704,22.048,21.840,0.347,0.527,2.908,4.616,0.037,false,38.828,NONE,14,180,sequential_yolo_pose,SM-S906U1,GPU
2026-04-22 23:58:19.209,68.856,20.166,22.692,1.216,1.330,5.609,5.684,0.027,false,20.168,NONE,14,180,sequential_yolo_pose,SM-S906U1,GPU
2026-04-22 23:58:19.277,63.301,19.579,21.420,0.684,0.579,2.817,5.437,0.034,false,20.078,NONE,14,180,sequential_yolo_pose,SM-S906U1,GPU
2026-04-22 23:58:19.344,61.671,19.121,20.239,0.693,0.866,4.422,5.612,0.036,false,37.086,NONE,14,180,sequential_yolo_pose,SM-S906U1,GPU
2026-04-22 23:58:19.417,67.676,20.139,22.337,0.615,0.898,3.819,5.451,0.041,false,21.801,NONE,14,180,sequential_yolo_pose,SM-S906U1,GPU
2026-04-22 23:58:19.490,67.870,20.336,21.675,0.500,0.751,5.114,6.205,0.041,false,38.715,NONE,14,180,sequential_yolo_pose,SM-S906U1,GPU
2026-04-22 23:58:19.559,63.029,20.055,21.060,0.647,1.063,4.267,5.260,1.368,false,29.746,NONE,14,180,sequential_yolo_pose,SM-S906U1,GPU
2026-04-22 23:58:19.642,76.589,20.157,25.243,1.312,1.097,8.064,7.727,0.035,false,20.145,NONE,14,180,sequential_yolo_pose,SM-S906U1,GPU
2026-04-22 23:58:19.731,83.130,23.671,20.952,0.589,0.873,4.747,8.020,1.374,false,37.215,NONE,14,180,sequential_yolo_pose,SM-S906U1,GPU
2026-04-22 23:58:19.802,66.295,22.395,21.981,0.591,1.034,3.725,5.334,0.027,false,21.832,NONE,14,180,sequential_yolo_pose,SM-S906U1,GPU
2026-04-22 23:58:19.875,69.128,22.021,20.280,1.389,2.025,5.203,5.465,0.047,false,38.715,NONE,14,180,sequential_yolo_pose,SM-S906U1,GPU
2026-04-22 23:58:19.960,76.355,21.118,24.059,0.692,1.265,5.354,6.635,0.038,false,20.141,NONE,14,180,sequential_yolo_pose,SM-S906U1,GPU
2026-04-22 23:58:20.033,66.592,21.571,21.490,0.406,0.769,3.239,4.847,0.037,false,20.172,NONE,14,180,sequential_yolo_pose,SM-S906U1,GPU
2026-04-22 23:58:20.108,70.782,19.561,26.150,0.780,1.093,5.008,5.191,0.046,false,20.203,NONE,14,180,sequential_yolo_pose,SM-S906U1,GPU
2026-04-22 23:58:20.186,71.279,23.385,22.399,0.693,1.546,3.880,5.423,0.040,false,20.109,NONE,14,180,sequential_yolo_pose,SM-S906U1,GPU
2026-04-22 23:58:20.269,76.034,25.660,20.968,0.874,4.013,5.068,4.895,0.040,false,20.172,NONE,14,180,sequential_yolo_pose,SM-S906U1,GPU
2026-04-22 23:58:20.345,68.069,20.549,22.464,1.063,1.086,5.081,5.171,0.031,false,20.141,NONE,14,180,sequential_yolo_pose,SM-S906U1,GPU
2026-04-22 23:58:20.414,65.201,18.825,22.009,1.123,1.132,4.351,5.296,0.036,false,20.141,NONE,14,180,sequential_yolo_pose,SM-S906U1,GPU
2026-04-22 23:58:20.471,53.219,19.446,22.108,0.474,0.000,0.000,0.000,0.000,true,33.879,NONE,14,180,sequential_yolo_pose,SM-S906U1,GPU
2026-04-22 23:58:20.541,63.640,24.606,21.441,0.153,0.000,0.000,0.000,0.000,true,18.504,NONE,13,180,sequential_yolo_pose,SM-S906U1,GPU
2026-04-22 23:58:20.597,51.606,19.338,21.569,0.123,0.000,0.000,0.000,0.000,true,32.180,NONE,13,180,sequential_yolo_pose,SM-S906U1,GPU
2026-04-22 23:58:20.666,65.682,19.369,22.214,0.533,1.262,5.273,6.231,0.044,false,21.438,NONE,13,180,sequential_yolo_pose,SM-S906U1,GPU
2026-04-22 23:58:20.743,71.484,19.756,21.364,0.777,0.996,8.699,6.349,0.053,false,38.352,NONE,13,180,sequential_yolo_pose,SM-S906U1,GPU
2026-04-22 23:58:20.817,69.364,20.722,21.372,0.451,0.741,4.015,6.016,0.050,false,29.625,NONE,13,180,sequential_yolo_pose,SM-S906U1,GPU
2026-04-22 23:58:20.891,65.604,18.114,21.032,1.091,1.046,4.625,6.086,0.047,false,20.141,NONE,13,180,sequential_yolo_pose,SM-S906U1,GPU
2026-04-22 23:58:20.969,72.034,19.354,24.299,1.085,1.381,8.645,4.914,0.025,false,20.172,NONE,13,180,sequential_yolo_pose,SM-S906U1,GPU
2026-04-22 23:58:21.037,64.803,16.654,21.368,0.516,0.977,10.114,5.174,0.036,false,37.117,NONE,13,180,sequential_yolo_pose,SM-S906U1,GPU
2026-04-22 23:58:21.102,59.591,15.630,21.554,0.696,0.763,2.903,4.797,0.032,false,20.141,NONE,13,180,sequential_yolo_pose,SM-S906U1,GPU
2026-04-22 23:58:21.172,66.180,19.117,22.895,0.434,0.938,4.486,5.684,0.060,false,37.086,NONE,13,180,sequential_yolo_pose,SM-S906U1,GPU
2026-04-22 23:58:21.254,75.805,24.480,22.064,0.760,1.232,5.463,5.699,0.052,false,21.773,NONE,13,180,sequential_yolo_pose,SM-S906U1,GPU
2026-04-22 23:58:21.334,73.053,21.981,21.346,0.397,1.192,5.640,7.144,0.025,false,38.656,NONE,13,180,sequential_yolo_pose,SM-S906U1,GPU
2026-04-22 23:58:21.417,77.029,26.634,21.512,0.918,1.012,3.933,5.511,0.050,false,29.652,NONE,13,180,sequential_yolo_pose,SM-S906U1,GPU
2026-04-22 23:58:21.499,76.382,22.661,21.500,0.498,0.857,5.047,5.204,0.045,false,20.234,NONE,13,180,sequential_yolo_pose,SM-S906U1,GPU
2026-04-22 23:58:21.570,66.154,20.818,22.074,0.678,0.930,4.341,4.840,0.038,false,20.141,NONE,14,180,sequential_yolo_pose,SM-S906U1,GPU
2026-04-22 23:58:21.639,65.021,19.602,21.233,1.378,1.104,4.906,4.801,0.034,false,20.109,NONE,14,180,sequential_yolo_pose,SM-S906U1,GPU
2026-04-22 23:58:21.712,66.908,15.823,22.032,0.914,3.599,7.376,6.411,0.061,false,37.086,NONE,14,180,sequential_yolo_pose,SM-S906U1,GPU
2026-04-22 23:58:21.780,62.332,18.149,21.017,0.282,0.794,3.968,5.549,0.045,false,21.977,NONE,14,180,sequential_yolo_pose,SM-S906U1,GPU
2026-04-22 23:58:21.850,63.909,20.450,21.472,0.458,0.920,4.011,5.232,0.042,false,38.766,NONE,14,180,sequential_yolo_pose,SM-S906U1,GPU
2026-04-22 23:58:21.932,65.848,17.176,21.995,1.057,1.577,6.824,6.596,0.047,false,20.199,NONE,14,180,sequential_yolo_pose,SM-S906U1,GPU
2026-04-22 23:58:22.008,71.635,24.624,22.238,0.585,0.992,4.721,5.225,0.036,false,20.141,NONE,14,180,sequential_yolo_pose,SM-S906U1,GPU
2026-04-22 23:58:22.081,68.073,19.441,21.528,0.417,2.555,4.048,6.706,0.034,false,20.172,NONE,14,180,sequential_yolo_pose,SM-S906U1,GPU
2026-04-22 23:58:22.146,60.821,18.618,21.049,0.353,0.806,3.487,6.198,0.039,false,37.180,NONE,14,180,sequential_yolo_pose,SM-S906U1,GPU
2026-04-22 23:58:22.222,70.101,20.875,22.578,0.568,0.879,4.144,5.642,0.033,false,17.078,NONE,14,180,sequential_yolo_pose,SM-S906U1,GPU
2026-04-22 23:58:22.287,59.478,18.052,21.840,0.385,0.556,2.892,5.105,0.040,false,20.078,NONE,14,180,sequential_yolo_pose,SM-S906U1,GPU
2026-04-22 23:58:22.368,71.370,17.917,21.481,1.089,2.043,10.584,7.199,0.048,false,37.117,NONE,14,180,sequential_yolo_pose,SM-S906U1,GPU
2026-04-22 23:58:22.455,77.984,26.231,21.895,0.801,1.447,5.512,5.660,0.046,false,28.547,NONE,14,180,sequential_yolo_pose,SM-S906U1,GPU
2026-04-22 23:58:22.541,79.828,25.227,21.346,1.057,2.012,9.690,5.910,0.057,false,21.832,NONE,13,180,sequential_yolo_pose,SM-S906U1,GPU
2026-04-22 23:58:22.620,73.292,22.763,21.443,0.497,0.869,4.076,5.519,0.036,false,38.746,NONE,13,180,sequential_yolo_pose,SM-S906U1,GPU
2026-04-22 23:58:22.694,67.161,19.688,19.877,0.440,1.195,6.161,7.303,0.052,false,29.563,NONE,13,180,sequential_yolo_pose,SM-S906U1,GPU
2026-04-22 23:58:22.771,69.183,21.194,21.642,0.489,0.809,3.444,7.175,0.041,false,20.199,NONE,13,180,sequential_yolo_pose,SM-S906U1,GPU
2026-04-22 23:58:22.846,69.794,17.443,21.573,0.988,1.556,8.527,9.004,0.037,false,37.082,NONE,13,180,sequential_yolo_pose,SM-S906U1,GPU
2026-04-22 23:58:22.928,76.133,21.108,21.416,0.729,0.943,4.770,9.128,0.045,false,29.406,NONE,13,180,sequential_yolo_pose,SM-S906U1,GPU
2026-04-22 23:58:23.005,70.751,20.657,21.673,0.642,2.665,8.133,4.784,0.024,false,20.301,NONE,13,180,sequential_yolo_pose,SM-S906U1,GPU
2026-04-22 23:58:23.082,71.803,20.083,23.477,6.690,0.665,3.203,6.201,0.027,false,20.203,NONE,13,180,sequential_yolo_pose,SM-S906U1,GPU
2026-04-22 23:58:23.147,60.349,16.482,21.771,0.947,0.887,4.253,5.086,0.037,false,20.230,NONE,13,180,sequential_yolo_pose,SM-S906U1,GPU
2026-04-22 23:58:23.230,77.373,19.550,22.424,0.839,1.393,7.341,10.991,0.046,false,37.207,NONE,13,180,sequential_yolo_pose,SM-S906U1,GPU
2026-04-22 23:58:23.312,74.360,26.370,21.632,0.564,0.725,3.135,4.867,0.036,false,20.172,NONE,13,180,sequential_yolo_pose,SM-S906U1,GPU
2026-04-22 23:58:23.384,66.723,18.451,21.898,0.916,1.218,6.049,6.206,0.050,false,37.149,NONE,13,180,sequential_yolo_pose,SM-S906U1,GPU
2026-04-22 23:58:23.471,69.138,19.840,22.204,0.601,1.486,4.838,4.863,0.034,false,20.137,NONE,13,180,sequential_yolo_pose,SM-S906U1,GPU
2026-04-22 23:58:23.538,63.083,19.225,21.640,0.661,0.949,4.418,5.108,0.039,false,20.203,NONE,13,180,sequential_yolo_pose,SM-S906U1,GPU
2026-04-22 23:58:23.608,64.491,17.238,20.980,0.970,2.473,5.738,5.334,0.044,false,37.117,NONE,13,180,sequential_yolo_pose,SM-S906U1,GPU
2026-04-22 23:58:23.691,74.554,19.741,21.680,0.956,1.070,4.192,5.402,0.041,false,20.137,NONE,13,180,sequential_yolo_pose,SM-S906U1,GPU
2026-04-22 23:58:23.771,75.268,21.766,21.427,0.799,0.973,5.480,11.185,0.037,false,37.082,NONE,13,180,sequential_yolo_pose,SM-S906U1,GPU
2026-04-22 23:58:23.846,69.176,21.471,22.209,1.462,1.536,3.529,4.909,0.032,false,20.137,NONE,13,180,sequential_yolo_pose,SM-S906U1,GPU
2026-04-22 23:58:23.929,75.599,21.695,21.204,0.819,1.353,8.382,11.325,0.031,false,37.176,NONE,13,180,sequential_yolo_pose,SM-S906U1,GPU
2026-04-22 23:58:24.009,73.541,25.676,21.522,0.574,0.988,4.157,5.363,0.040,false,28.602,NONE,13,180,sequential_yolo_pose,SM-S906U1,GPU
2026-04-22 23:58:24.080,66.429,19.660,21.900,0.612,1.570,5.161,5.143,0.043,false,21.770,NONE,13,180,sequential_yolo_pose,SM-S906U1,GPU
2026-04-22 23:58:24.153,67.553,17.838,21.318,0.578,1.049,6.137,5.737,0.033,false,38.778,NONE,13,180,sequential_yolo_pose,SM-S906U1,GPU
2026-04-22 23:58:24.237,75.480,22.251,22.502,0.927,1.426,8.863,5.327,0.047,false,20.203,NONE,13,180,sequential_yolo_pose,SM-S906U1,GPU
2026-04-22 23:58:24.315,73.898,26.444,20.872,0.991,0.999,4.234,5.072,0.034,false,20.109,NONE,13,180,sequential_yolo_pose,SM-S906U1,GPU
2026-04-22 23:58:24.382,62.635,18.785,20.835,0.527,0.636,3.823,5.215,0.045,false,37.149,NONE,13,180,sequential_yolo_pose,SM-S906U1,GPU
2026-04-22 23:58:24.459,70.686,20.637,23.084,0.630,1.046,4.254,6.525,0.050,false,21.832,NONE,13,180,sequential_yolo_pose,SM-S906U1,GPU
2026-04-22 23:58:24.539,72.454,23.273,21.156,0.999,1.092,5.040,6.449,0.034,false,38.715,NONE,13,180,sequential_yolo_pose,SM-S906U1,GPU
2026-04-22 23:58:24.615,70.236,21.864,22.199,1.483,2.987,3.453,5.177,0.032,false,20.184,NONE,14,180,sequential_yolo_pose,SM-S906U1,GPU
2026-04-22 23:58:24.680,60.798,15.635,21.598,0.829,0.949,3.894,4.977,0.034,false,20.168,NONE,14,180,sequential_yolo_pose,SM-S906U1,GPU
2026-04-22 23:58:24.742,58.659,16.427,21.484,0.435,0.952,3.630,4.882,0.034,false,37.113,NONE,14,180,sequential_yolo_pose,SM-S906U1,GPU
2026-04-22 23:58:24.807,60.777,17.441,20.967,1.856,0.939,3.744,4.843,0.031,false,21.836,NONE,14,180,sequential_yolo_pose,SM-S906U1,GPU
2026-04-22 23:58:24.875,62.887,20.182,21.781,0.494,0.873,4.029,5.034,0.043,false,38.656,NONE,14,180,sequential_yolo_pose,SM-S906U1,GPU
2026-04-22 23:58:24.953,69.155,20.743,21.668,0.458,0.958,4.323,5.556,0.039,false,20.047,NONE,14,180,sequential_yolo_pose,SM-S906U1,GPU
2026-04-22 23:58:25.049,89.068,22.470,24.484,2.378,5.171,9.783,8.651,0.048,false,20.203,NONE,14,180,sequential_yolo_pose,SM-S906U1,GPU
2026-04-22 23:58:25.122,66.557,19.181,21.421,0.677,0.595,2.851,5.711,0.031,false,20.109,NONE,14,180,sequential_yolo_pose,SM-S906U1,GPU
2026-04-22 23:58:25.194,66.422,17.604,21.828,0.928,1.538,7.122,6.434,0.035,false,37.086,NONE,14,180,sequential_yolo_pose,SM-S906U1,GPU
2026-04-22 23:58:25.274,71.609,24.911,20.498,1.397,1.597,4.295,5.065,0.040,false,21.824,NONE,14,180,sequential_yolo_pose,SM-S906U1,GPU
2026-04-22 23:58:25.345,66.749,20.259,21.269,0.341,0.621,4.195,5.790,0.051,false,38.676,NONE,14,180,sequential_yolo_pose,SM-S906U1,GPU
2026-04-22 23:58:25.436,84.913,24.594,22.591,0.398,1.005,10.799,9.022,0.028,false,29.590,NONE,14,180,sequential_yolo_pose,SM-S906U1,GPU
2026-04-22 23:58:25.510,68.707,22.674,21.932,0.788,0.982,4.210,5.051,0.037,false,20.145,NONE,14,180,sequential_yolo_pose,SM-S906U1,GPU
2026-04-22 23:58:25.566,51.331,16.566,24.153,0.231,0.000,0.000,0.000,0.000,true,16.777,NONE,13,180,sequential_yolo_pose,SM-S906U1,GPU
2026-04-22 23:58:25.630,56.323,20.092,22.549,0.234,0.000,0.000,0.000,0.000,true,30.648,NONE,13,180,sequential_yolo_pose,SM-S906U1,GPU
2026-04-22 23:58:25.694,59.018,25.399,21.500,0.193,0.000,0.000,0.000,0.000,true,13.832,NONE,13,180,sequential_yolo_pose,SM-S906U1,GPU
2026-04-22 23:58:25.759,60.000,18.219,20.555,0.604,0.863,3.563,5.398,0.031,false,20.133,NONE,13,180,sequential_yolo_pose,SM-S906U1,GPU
2026-04-22 23:58:25.819,55.428,15.434,20.734,0.488,0.937,4.108,5.399,0.043,false,37.110,NONE,13,180,sequential_yolo_pose,SM-S906U1,GPU
2026-04-22 23:58:25.886,59.093,16.067,22.020,0.493,0.959,3.928,6.660,0.040,false,17.105,NONE,13,180,sequential_yolo_pose,SM-S906U1,GPU
2026-04-22 23:58:25.967,73.058,21.667,22.507,0.675,1.991,4.972,6.728,0.048,false,20.172,NONE,13,180,sequential_yolo_pose,SM-S906U1,GPU
2026-04-22 23:58:26.038,65.491,19.274,22.714,0.702,0.971,2.954,5.529,0.040,false,20.141,NONE,13,180,sequential_yolo_pose,SM-S906U1,GPU
2026-04-22 23:58:26.107,64.463,16.961,22.123,0.573,4.870,4.488,5.004,0.033,false,37.149,NONE,13,180,sequential_yolo_pose,SM-S906U1,GPU
2026-04-22 23:58:26.182,70.392,20.278,22.825,0.912,1.033,4.134,5.160,0.048,false,20.105,NONE,13,180,sequential_yolo_pose,SM-S906U1,GPU
2026-04-22 23:58:26.246,58.365,15.675,21.418,0.473,0.894,3.870,5.000,0.025,false,37.113,NONE,13,180,sequential_yolo_pose,SM-S906U1,GPU
2026-04-22 23:58:26.333,82.744,25.621,21.301,0.444,2.036,8.222,11.214,0.042,false,30.152,NONE,13,180,sequential_yolo_pose,SM-S906U1,GPU
2026-04-22 23:58:26.415,72.291,19.511,23.146,0.619,1.364,3.926,5.635,0.040,false,20.020,NONE,13,180,sequential_yolo_pose,SM-S906U1,GPU
2026-04-22 23:58:26.491,71.250,19.755,21.399,0.762,1.330,4.479,9.998,1.225,false,37.184,NONE,13,180,sequential_yolo_pose,SM-S906U1,GPU
2026-04-22 23:58:26.564,64.119,21.248,21.678,0.395,0.944,3.432,5.488,0.037,false,21.773,NONE,14,180,sequential_yolo_pose,SM-S906U1,GPU
2026-04-22 23:58:26.625,55.771,16.168,20.926,0.346,0.685,3.820,6.344,0.043,false,38.750,NONE,14,180,sequential_yolo_pose,SM-S906U1,GPU
2026-04-22 23:58:26.699,67.412,19.921,21.143,0.460,1.448,5.577,5.523,0.035,false,29.598,NONE,14,180,sequential_yolo_pose,SM-S906U1,GPU
2026-04-22 23:58:26.793,87.443,27.481,23.262,0.390,1.620,9.504,8.750,0.017,false,20.168,NONE,14,180,sequential_yolo_pose,SM-S906U1,GPU
2026-04-22 23:58:26.867,68.159,20.535,21.416,0.445,0.789,7.771,5.733,0.037,false,37.113,NONE,14,180,sequential_yolo_pose,SM-S906U1,GPU
2026-04-22 23:58:26.940,67.330,20.930,22.506,0.550,1.325,4.380,5.327,0.029,false,17.117,NONE,14,180,sequential_yolo_pose,SM-S906U1,GPU
2026-04-22 23:58:27.012,67.739,20.309,22.960,0.296,0.498,6.419,5.296,0.031,false,20.113,NONE,14,180,sequential_yolo_pose,SM-S906U1,GPU
2026-04-22 23:58:27.086,62.996,20.478,20.527,0.333,0.721,3.690,5.547,0.050,false,37.090,NONE,14,180,sequential_yolo_pose,SM-S906U1,GPU
2026-04-22 23:58:27.161,67.730,18.741,21.830,0.358,0.863,3.948,6.908,0.041,false,17.207,NONE,14,180,sequential_yolo_pose,SM-S906U1,GPU
2026-04-22 23:58:27.231,65.115,19.639,22.733,0.413,0.925,4.348,4.933,0.044,false,20.234,NONE,14,180,sequential_yolo_pose,SM-S906U1,GPU
2026-04-22 23:58:27.310,73.440,19.643,21.107,1.454,1.478,6.926,5.473,0.055,false,20.172,NONE,14,180,sequential_yolo_pose,SM-S906U1,GPU
2026-04-22 23:58:27.387,70.220,20.982,20.963,0.897,0.876,3.875,5.376,0.027,false,20.109,NONE,14,180,sequential_yolo_pose,SM-S906U1,GPU
2026-04-22 23:58:27.463,71.481,19.966,21.534,0.619,1.071,6.365,10.491,0.048,false,37.180,NONE,14,180,sequential_yolo_pose,SM-S906U1,GPU
2026-04-22 23:58:27.538,66.072,23.154,20.859,0.511,0.811,3.311,4.854,0.044,false,21.742,NONE,14,180,sequential_yolo_pose,SM-S906U1,GPU
2026-04-22 23:58:27.612,67.822,21.697,21.656,0.598,0.913,4.270,5.187,0.049,false,38.813,NONE,14,180,sequential_yolo_pose,SM-S906U1,GPU
2026-04-22 23:58:27.681,60.953,15.756,21.997,0.523,0.947,4.483,5.170,0.041,false,29.656,NONE,14,180,sequential_yolo_pose,SM-S906U1,GPU
2026-04-22 23:58:27.767,75.888,26.940,21.686,0.997,1.389,6.363,5.295,0.033,false,21.832,NONE,14,180,sequential_yolo_pose,SM-S906U1,GPU
2026-04-22 23:58:27.842,69.360,21.240,21.389,0.506,0.672,4.927,5.270,0.056,false,38.778,NONE,14,180,sequential_yolo_pose,SM-S906U1,GPU
2026-04-22 23:58:27.928,82.189,23.364,20.973,0.762,1.143,8.929,7.273,0.035,false,29.649,NONE,14,180,sequential_yolo_pose,SM-S906U1,GPU
2026-04-22 23:58:27.996,62.375,19.841,20.874,0.419,0.619,2.776,4.969,0.036,false,21.895,NONE,14,180,sequential_yolo_pose,SM-S906U1,GPU
2026-04-22 23:58:28.066,66.481,20.606,21.281,0.539,0.678,5.373,6.941,0.044,false,38.778,NONE,14,180,sequential_yolo_pose,SM-S906U1,GPU
2026-04-22 23:58:28.141,70.950,21.163,21.557,0.948,2.254,5.074,6.573,0.027,false,29.621,NONE,14,180,sequential_yolo_pose,SM-S906U1,GPU
2026-04-22 23:58:28.218,72.053,20.296,21.690,1.817,1.319,5.677,5.712,0.034,false,20.109,NONE,14,180,sequential_yolo_pose,SM-S906U1,GPU
2026-04-22 23:58:28.301,72.641,19.166,20.776,0.901,0.902,5.371,13.475,0.046,false,37.180,NONE,14,180,sequential_yolo_pose,SM-S906U1,GPU
2026-04-22 23:58:28.367,59.804,16.435,21.994,0.543,0.857,4.793,5.364,0.057,false,30.078,NONE,14,180,sequential_yolo_pose,SM-S906U1,GPU
2026-04-22 23:58:28.448,75.891,19.173,24.797,3.886,2.021,8.580,5.264,0.032,false,20.266,NONE,14,180,sequential_yolo_pose,SM-S906U1,GPU
2026-04-22 23:58:28.525,67.925,19.481,22.809,0.958,0.820,4.252,5.256,0.022,false,20.141,NONE,14,180,sequential_yolo_pose,SM-S906U1,GPU
2026-04-22 23:58:28.596,66.582,20.495,20.910,0.567,0.907,6.665,5.968,0.050,false,37.211,NONE,13,180,sequential_yolo_pose,SM-S906U1,GPU
2026-04-22 23:58:28.678,71.998,21.378,24.885,0.928,1.186,4.829,4.977,0.032,false,20.168,NONE,13,180,sequential_yolo_pose,SM-S906U1,GPU
2026-04-22 23:58:28.747,64.917,18.604,20.728,1.040,1.678,3.721,5.007,0.024,false,20.141,NONE,13,180,sequential_yolo_pose,SM-S906U1,GPU
2026-04-22 23:58:28.815,64.824,18.903,20.960,0.730,1.017,4.530,5.303,0.046,false,37.055,NONE,13,180,sequential_yolo_pose,SM-S906U1,GPU
2026-04-22 23:58:28.906,85.241,29.639,22.846,1.001,2.412,7.711,6.676,0.031,false,21.898,NONE,13,180,sequential_yolo_pose,SM-S906U1,GPU
2026-04-22 23:58:28.974,63.165,19.079,20.928,0.506,0.760,3.744,6.129,0.054,false,38.844,NONE,13,180,sequential_yolo_pose,SM-S906U1,GPU
2026-04-22 23:58:29.054,71.117,20.332,21.811,1.866,1.215,3.708,5.208,0.020,false,20.109,NONE,13,180,sequential_yolo_pose,SM-S906U1,GPU
2026-04-22 23:58:29.118,58.514,15.875,22.134,0.665,0.941,4.044,4.879,0.024,false,20.199,NONE,13,180,sequential_yolo_pose,SM-S906U1,GPU
2026-04-22 23:58:29.178,57.192,17.696,20.861,0.678,0.661,3.212,5.599,0.030,false,20.078,NONE,13,180,sequential_yolo_pose,SM-S906U1,GPU
2026-04-22 23:58:29.237,56.399,17.275,20.652,0.555,0.962,3.986,4.982,0.035,false,37.086,NONE,13,180,sequential_yolo_pose,SM-S906U1,GPU
2026-04-22 23:58:29.307,65.514,20.493,21.960,1.578,0.940,3.938,5.019,0.020,false,17.215,NONE,13,180,sequential_yolo_pose,SM-S906U1,GPU
2026-04-22 23:58:29.374,63.543,17.266,21.821,1.130,1.165,4.790,5.616,0.035,false,20.230,NONE,13,180,sequential_yolo_pose,SM-S906U1,GPU
2026-04-22 23:58:29.439,61.125,17.873,20.963,0.607,0.854,4.031,5.366,0.040,false,37.176,NONE,13,180,sequential_yolo_pose,SM-S906U1,GPU
2026-04-22 23:58:29.511,61.882,18.325,21.576,0.571,0.957,4.141,4.941,0.034,false,17.109,NONE,13,180,sequential_yolo_pose,SM-S906U1,GPU
2026-04-22 23:58:29.581,65.064,18.628,21.496,1.015,1.060,5.080,5.205,0.033,false,20.203,NONE,14,180,sequential_yolo_pose,SM-S906U1,GPU
2026-04-22 23:58:29.651,66.075,20.862,21.417,0.453,0.824,4.939,5.424,0.046,false,37.117,NONE,14,180,sequential_yolo_pose,SM-S906U1,GPU
2026-04-22 23:58:29.723,63.675,20.496,20.931,0.537,0.903,3.913,4.934,0.031,false,30.094,NONE,14,180,sequential_yolo_pose,SM-S906U1,GPU
2026-04-22 23:58:29.795,65.124,16.567,21.630,0.563,1.056,6.734,6.051,0.044,false,20.109,NONE,14,180,sequential_yolo_pose,SM-S906U1,GPU
2026-04-22 23:58:29.868,68.004,22.527,20.712,0.552,0.832,5.956,5.543,0.075,false,37.117,NONE,14,180,sequential_yolo_pose,SM-S906U1,GPU
2026-04-22 23:58:29.942,69.904,20.633,22.670,0.591,0.972,5.539,5.849,0.043,false,15.484,NONE,14,180,sequential_yolo_pose,SM-S906U1,GPU
2026-04-22 23:58:30.018,70.595,23.156,21.204,0.623,1.029,4.399,5.171,0.041,false,21.395,NONE,14,180,sequential_yolo_pose,SM-S906U1,GPU
2026-04-22 23:58:30.096,72.067,19.138,22.397,0.648,1.041,7.247,10.786,0.050,false,38.340,NONE,14,180,sequential_yolo_pose,SM-S906U1,GPU
2026-04-22 23:58:30.168,66.155,18.805,21.293,0.514,1.214,4.988,6.664,0.049,false,20.172,NONE,14,180,sequential_yolo_pose,SM-S906U1,GPU
2026-04-22 23:58:30.237,63.217,19.736,21.152,0.853,0.842,3.956,4.768,0.047,false,20.141,NONE,14,180,sequential_yolo_pose,SM-S906U1,GPU
2026-04-22 23:58:30.310,67.129,20.797,22.320,0.605,0.996,4.499,6.292,0.026,false,37.149,NONE,14,180,sequential_yolo_pose,SM-S906U1,GPU
2026-04-22 23:58:30.388,66.453,19.745,22.319,0.702,0.979,3.987,5.129,0.033,false,20.105,NONE,14,180,sequential_yolo_pose,SM-S906U1,GPU
2026-04-22 23:58:30.460,66.619,19.356,21.401,0.961,1.149,4.701,7.658,0.041,false,20.195,NONE,14,180,sequential_yolo_pose,SM-S906U1,GPU
2026-04-22 23:58:30.539,73.176,19.087,21.097,0.407,2.450,9.916,5.884,0.031,false,37.203,NONE,14,180,sequential_yolo_pose,SM-S906U1,GPU
2026-04-22 23:58:30.618,73.721,25.815,22.824,0.483,1.001,4.046,5.114,0.049,false,23.137,NONE,14,180,sequential_yolo_pose,SM-S906U1,GPU
2026-04-22 23:58:30.684,56.226,20.700,21.771,0.198,0.000,0.000,0.000,0.000,true,36.750,NONE,14,180,sequential_yolo_pose,SM-S906U1,GPU
2026-04-22 23:58:30.736,45.498,16.438,20.775,0.489,0.000,0.000,0.000,0.000,true,13.742,NONE,14,180,sequential_yolo_pose,SM-S906U1,GPU
2026-04-22 23:58:30.812,70.838,24.529,21.222,0.621,0.901,3.964,5.480,0.028,false,20.164,NONE,14,180,sequential_yolo_pose,SM-S906U1,GPU
2026-04-22 23:58:30.887,70.695,19.863,23.221,0.716,2.593,6.182,6.144,0.037,false,20.172,NONE,14,180,sequential_yolo_pose,SM-S906U1,GPU
2026-04-22 23:58:30.981,89.610,21.035,25.119,0.678,0.974,5.002,7.273,0.019,false,37.149,NONE,14,180,sequential_yolo_pose,SM-S906U1,GPU
2026-04-22 23:58:31.132,142.354,35.436,24.445,0.446,0.665,11.624,16.403,0.025,false,22.004,NONE,14,180,sequential_yolo_pose,SM-S906U1,GPU
2026-04-22 23:58:31.212,66.094,18.918,23.007,0.454,0.689,3.439,7.545,0.039,false,38.949,NONE,14,180,sequential_yolo_pose,SM-S906U1,GPU
2026-04-22 23:58:31.297,74.368,18.550,23.211,1.065,1.217,5.377,6.944,0.037,false,20.266,NONE,14,180,sequential_yolo_pose,SM-S906U1,GPU
2026-04-22 23:58:31.369,68.303,20.063,21.432,0.720,0.965,4.940,5.275,0.030,false,37.117,NONE,14,180,sequential_yolo_pose,SM-S906U1,GPU
2026-04-22 23:58:31.442,68.469,22.151,22.406,0.695,0.696,3.160,5.021,0.035,false,20.152,NONE,14,180,sequential_yolo_pose,SM-S906U1,GPU
2026-04-22 23:58:31.504,57.484,17.347,21.485,0.420,0.613,3.450,5.124,0.027,false,37.129,NONE,14,180,sequential_yolo_pose,SM-S906U1,GPU
2026-04-22 23:58:31.572,64.352,18.633,23.151,0.624,1.135,4.665,4.994,0.076,false,17.055,NONE,14,180,sequential_yolo_pose,SM-S906U1,GPU
2026-04-22 23:58:31.644,66.949,18.553,21.808,0.890,3.132,4.122,4.829,0.032,false,20.270,NONE,13,180,sequential_yolo_pose,SM-S906U1,GPU
2026-04-22 23:58:31.713,64.967,20.135,20.909,1.066,0.935,4.354,5.630,0.024,false,20.172,NONE,13,180,sequential_yolo_pose,SM-S906U1,GPU
2026-04-22 23:58:31.774,57.487,17.082,21.763,0.463,0.589,3.105,5.314,0.036,false,37.180,NONE,13,180,sequential_yolo_pose,SM-S906U1,GPU
2026-04-22 23:58:31.842,64.394,22.619,21.030,0.322,0.586,2.926,4.894,0.022,false,21.856,NONE,13,180,sequential_yolo_pose,SM-S906U1,GPU
2026-04-22 23:58:31.908,62.219,17.835,22.024,0.559,0.920,4.232,4.960,0.036,false,38.801,NONE,13,180,sequential_yolo_pose,SM-S906U1,GPU
2026-04-22 23:58:31.976,64.505,18.616,21.867,0.907,1.001,4.229,4.900,0.034,false,20.164,NONE,13,180,sequential_yolo_pose,SM-S906U1,GPU
2026-04-22 23:58:32.054,73.604,19.644,20.745,0.615,1.034,4.956,15.072,0.026,false,37.266,NONE,13,180,sequential_yolo_pose,SM-S906U1,GPU
2026-04-22 23:58:32.141,73.810,20.915,21.119,1.416,1.606,7.809,5.623,0.049,false,20.168,NONE,13,180,sequential_yolo_pose,SM-S906U1,GPU
2026-04-22 23:58:32.218,72.755,22.255,21.615,0.735,1.025,3.845,5.629,0.040,false,20.078,NONE,13,180,sequential_yolo_pose,SM-S906U1,GPU
2026-04-22 23:58:32.289,66.456,19.018,21.360,0.481,0.960,4.999,6.378,0.054,false,37.055,NONE,13,180,sequential_yolo_pose,SM-S906U1,GPU
2026-04-22 23:58:32.359,65.009,18.289,22.788,0.568,1.197,4.707,5.831,0.041,false,17.082,NONE,13,180,sequential_yolo_pose,SM-S906U1,GPU
2026-04-22 23:58:32.428,59.487,16.409,22.197,0.461,0.920,4.017,5.092,0.032,false,20.203,NONE,13,180,sequential_yolo_pose,SM-S906U1,GPU
2026-04-22 23:58:32.499,66.277,20.307,22.190,0.622,0.670,3.276,6.066,0.033,false,14.336,NONE,13,180,sequential_yolo_pose,SM-S906U1,GPU
2026-04-22 23:58:32.561,58.160,17.098,22.234,0.701,0.713,3.304,5.150,0.033,false,20.203,NONE,13,180,sequential_yolo_pose,SM-S906U1,GPU
2026-04-22 23:58:32.622,56.828,17.256,20.593,0.549,0.574,3.330,5.470,0.052,false,37.180,NONE,14,180,sequential_yolo_pose,SM-S906U1,GPU
2026-04-22 23:58:32.688,60.173,17.716,20.825,0.648,1.148,4.504,6.800,0.047,false,17.086,NONE,14,180,sequential_yolo_pose,SM-S906U1,GPU
2026-04-22 23:58:32.765,71.702,24.416,20.710,1.060,1.070,4.654,6.678,0.027,false,20.172,NONE,14,180,sequential_yolo_pose,SM-S906U1,GPU
2026-04-22 23:58:32.829,60.872,18.015,22.347,0.372,0.579,3.395,7.313,0.114,false,37.180,NONE,14,180,sequential_yolo_pose,SM-S906U1,GPU
2026-04-22 23:58:32.906,68.565,21.750,21.671,0.949,1.023,4.064,4.814,0.035,false,20.230,NONE,14,180,sequential_yolo_pose,SM-S906U1,GPU
2026-04-22 23:58:32.976,65.636,20.852,21.098,0.575,0.987,4.664,5.741,0.048,false,37.082,NONE,14,180,sequential_yolo_pose,SM-S906U1,GPU
2026-04-22 23:58:33.045,63.887,17.989,20.775,0.614,0.964,4.285,6.182,0.034,false,29.668,NONE,14,180,sequential_yolo_pose,SM-S906U1,GPU
2026-04-22 23:58:33.119,63.776,17.938,21.259,2.547,1.220,4.942,5.429,0.040,false,20.078,NONE,14,180,sequential_yolo_pose,SM-S906U1,GPU
2026-04-22 23:58:33.196,71.292,19.479,22.618,1.234,1.539,6.289,5.645,0.044,false,37.117,NONE,14,180,sequential_yolo_pose,SM-S906U1,GPU
2026-04-22 23:58:33.276,75.165,22.140,22.886,5.484,0.880,3.616,5.416,0.046,false,17.113,NONE,14,180,sequential_yolo_pose,SM-S906U1,GPU
2026-04-22 23:58:33.342,61.104,18.157,22.444,1.606,0.922,3.725,5.180,0.031,false,20.168,NONE,14,180,sequential_yolo_pose,SM-S906U1,GPU
2026-04-22 23:58:33.412,66.414,21.452,22.705,0.884,0.981,4.191,5.119,0.035,false,37.145,NONE,14,180,sequential_yolo_pose,SM-S906U1,GPU
2026-04-22 23:58:33.481,65.186,18.777,21.534,1.069,1.336,5.086,5.511,0.040,false,17.105,NONE,14,180,sequential_yolo_pose,SM-S906U1,GPU
2026-04-22 23:58:33.555,69.017,22.385,21.626,0.657,0.894,5.607,5.378,0.036,false,20.172,NONE,14,180,sequential_yolo_pose,SM-S906U1,GPU
2026-04-22 23:58:33.628,66.973,21.647,21.230,0.624,0.969,3.905,5.006,0.026,false,20.234,NONE,14,180,sequential_yolo_pose,SM-S906U1,GPU
2026-04-22 23:58:33.716,82.284,21.890,22.866,2.618,1.706,12.183,7.378,0.039,false,20.203,NONE,14,180,sequential_yolo_pose,SM-S906U1,GPU
2026-04-22 23:58:33.808,85.849,22.288,21.746,2.545,4.613,9.952,5.523,0.043,false,20.234,NONE,14,180,sequential_yolo_pose,SM-S906U1,GPU
2026-04-22 23:58:33.881,67.864,22.191,21.265,0.773,1.017,4.344,5.116,0.041,false,20.141,NONE,14,180,sequential_yolo_pose,SM-S906U1,GPU
2026-04-22 23:58:33.955,69.218,19.459,21.694,0.595,3.407,4.096,5.879,0.028,false,14.273,NONE,14,180,sequential_yolo_pose,SM-S906U1,GPU
2026-04-22 23:58:34.030,68.129,21.702,21.993,0.778,0.944,5.880,5.149,0.019,false,20.203,NONE,14,180,sequential_yolo_pose,SM-S906U1,GPU
2026-04-22 23:58:34.097,63.376,18.121,25.044,0.663,1.030,4.670,5.839,0.025,false,20.227,NONE,14,180,sequential_yolo_pose,SM-S906U1,GPU
2026-04-22 23:58:34.169,67.017,19.055,21.875,1.489,1.749,4.864,6.295,0.044,false,20.266,NONE,14,180,sequential_yolo_pose,SM-S906U1,GPU
2026-04-22 23:58:34.243,69.506,20.773,24.410,1.107,0.915,3.895,5.220,0.040,false,20.172,NONE,14,180,sequential_yolo_pose,SM-S906U1,GPU
2026-04-22 23:58:34.310,62.445,18.472,20.950,0.702,1.179,4.750,5.418,0.048,false,37.149,NONE,14,180,sequential_yolo_pose,SM-S906U1,GPU
2026-04-22 23:58:34.385,68.017,21.437,21.835,0.464,0.625,2.923,5.711,0.055,false,21.836,NONE,14,180,sequential_yolo_pose,SM-S906U1,GPU
2026-04-22 23:58:34.470,73.998,24.731,20.960,0.457,1.291,6.170,6.164,0.047,false,38.750,NONE,14,180,sequential_yolo_pose,SM-S906U1,GPU
2026-04-22 23:58:34.545,68.946,21.330,21.859,0.430,0.572,2.668,4.868,0.029,false,29.656,NONE,14,180,sequential_yolo_pose,SM-S906U1,GPU
2026-04-22 23:58:34.617,67.306,18.848,21.713,0.805,3.542,5.020,6.056,0.029,false,20.168,NONE,14,180,sequential_yolo_pose,SM-S906U1,GPU
2026-04-22 23:58:34.685,61.459,19.520,21.119,0.488,0.738,3.703,5.742,0.033,false,37.270,NONE,14,180,sequential_yolo_pose,SM-S906U1,GPU
2026-04-22 23:58:34.754,64.084,20.539,21.297,0.481,0.713,3.195,5.643,0.049,false,21.738,NONE,14,180,sequential_yolo_pose,SM-S906U1,GPU
2026-04-22 23:58:34.836,74.611,21.041,22.343,0.663,1.107,6.688,9.779,0.036,false,38.653,NONE,14,180,sequential_yolo_pose,SM-S906U1,GPU
2026-04-22 23:58:34.917,73.848,20.255,22.696,0.838,1.634,6.510,6.486,0.362,false,29.625,NONE,14,180,sequential_yolo_pose,SM-S906U1,GPU
2026-04-22 23:58:35.011,87.998,22.052,22.374,1.235,1.673,13.718,7.932,0.041,false,29.430,NONE,14,180,sequential_yolo_pose,SM-S906U1,GPU
2026-04-22 23:58:35.096,75.321,21.847,21.178,1.116,1.971,4.100,6.387,0.022,false,20.195,NONE,14,180,sequential_yolo_pose,SM-S906U1,GPU
2026-04-22 23:58:35.164,64.878,19.696,22.601,0.453,1.043,3.483,6.304,0.027,false,37.203,NONE,14,180,sequential_yolo_pose,SM-S906U1,GPU
2026-04-22 23:58:35.244,73.840,21.801,25.756,0.831,1.913,6.879,5.196,0.042,false,17.086,NONE,14,180,sequential_yolo_pose,SM-S906U1,GPU
2026-04-22 23:58:35.321,72.197,23.688,21.549,0.474,0.933,3.871,7.012,0.034,false,20.234,NONE,14,180,sequential_yolo_pose,SM-S906U1,GPU
2026-04-22 23:58:35.399,73.406,20.655,23.457,1.272,1.360,5.836,8.257,0.034,false,20.172,NONE,14,180,sequential_yolo_pose,SM-S906U1,GPU
2026-04-22 23:58:35.461,57.396,16.203,21.029,0.647,1.438,4.610,5.580,0.048,false,37.086,NONE,14,180,sequential_yolo_pose,SM-S906U1,GPU
2026-04-22 23:58:35.536,67.046,21.658,21.094,1.220,1.429,4.157,5.340,0.033,false,21.773,NONE,14,180,sequential_yolo_pose,SM-S906U1,GPU
2026-04-22 23:58:35.604,63.757,19.559,21.161,0.437,0.935,4.005,6.954,0.057,false,38.750,NONE,14,180,sequential_yolo_pose,SM-S906U1,GPU
2026-04-22 23:58:35.673,61.743,18.551,21.003,0.652,1.453,4.294,5.168,0.033,false,29.715,NONE,13,180,sequential_yolo_pose,SM-S906U1,GPU
2026-04-22 23:58:35.747,68.973,20.774,23.703,0.959,0.935,4.333,4.844,0.331,false,20.113,NONE,13,180,sequential_yolo_pose,SM-S906U1,GPU
2026-04-22 23:58:35.806,53.689,19.776,21.732,0.406,0.000,0.000,0.000,0.000,true,33.883,NONE,13,180,sequential_yolo_pose,SM-S906U1,GPU
2026-04-22 23:58:35.889,76.792,24.367,21.281,0.439,1.628,6.029,5.442,0.036,false,21.438,NONE,13,180,sequential_yolo_pose,SM-S906U1,GPU
2026-04-22 23:58:35.966,71.085,21.115,23.576,0.477,1.226,5.275,6.006,0.039,false,38.352,NONE,13,180,sequential_yolo_pose,SM-S906U1,GPU
2026-04-22 23:58:36.040,64.549,17.229,21.614,1.426,2.704,3.219,4.682,0.030,false,20.234,NONE,13,180,sequential_yolo_pose,SM-S906U1,GPU
2026-04-22 23:58:36.111,65.968,21.932,21.362,0.572,0.620,3.087,5.009,0.030,false,20.078,NONE,13,180,sequential_yolo_pose,SM-S906U1,GPU
2026-04-22 23:58:36.172,56.809,17.622,20.575,0.386,0.638,3.596,5.639,0.031,false,37.086,NONE,13,180,sequential_yolo_pose,SM-S906U1,GPU
2026-04-22 23:58:36.246,68.811,22.630,21.187,0.464,1.034,4.325,5.173,0.051,false,21.789,NONE,13,180,sequential_yolo_pose,SM-S906U1,GPU
2026-04-22 23:58:36.305,53.687,20.103,21.063,0.188,0.000,0.000,0.000,0.000,true,35.434,NONE,13,180,sequential_yolo_pose,SM-S906U1,GPU
2026-04-22 23:58:36.390,80.319,27.917,23.454,0.448,1.393,6.416,6.188,0.051,false,23.070,NONE,13,180,sequential_yolo_pose,SM-S906U1,GPU
2026-04-22 23:58:36.468,73.042,19.550,22.385,0.595,1.405,6.741,9.747,0.053,false,39.985,NONE,13,180,sequential_yolo_pose,SM-S906U1,GPU
2026-04-22 23:58:36.540,65.995,18.594,21.841,0.695,1.573,6.390,5.848,0.043,false,29.684,NONE,13,180,sequential_yolo_pose,SM-S906U1,GPU
2026-04-22 23:58:36.615,68.320,20.629,21.313,0.938,1.004,4.427,5.663,0.040,false,20.141,NONE,13,180,sequential_yolo_pose,SM-S906U1,GPU
2026-04-22 23:58:36.692,70.727,22.460,21.342,0.317,0.580,2.923,9.046,0.030,false,37.336,NONE,14,180,sequential_yolo_pose,SM-S906U1,GPU
2026-04-22 23:58:36.772,71.854,20.993,21.453,1.499,1.082,5.489,6.316,0.060,false,20.168,NONE,14,180,sequential_yolo_pose,SM-S906U1,GPU
2026-04-22 23:58:36.843,67.012,21.453,21.190,0.654,1.138,4.865,5.025,0.041,false,37.113,NONE,14,180,sequential_yolo_pose,SM-S906U1,GPU
2026-04-22 23:58:36.921,71.081,20.543,23.140,0.602,1.175,6.555,6.068,0.038,false,20.137,NONE,14,180,sequential_yolo_pose,SM-S906U1,GPU
2026-04-22 23:58:36.982,56.235,20.824,20.766,0.378,0.000,0.000,0.000,0.000,true,16.715,NONE,14,180,sequential_yolo_pose,SM-S906U1,GPU
2026-04-22 23:58:37.051,63.137,19.716,21.910,0.296,0.791,3.937,5.318,0.029,false,33.817,NONE,14,180,sequential_yolo_pose,SM-S906U1,GPU
2026-04-22 23:58:37.135,78.184,24.160,22.289,0.493,1.223,6.425,7.508,0.045,false,30.145,NONE,14,180,sequential_yolo_pose,SM-S906U1,GPU
2026-04-22 23:58:37.208,65.735,20.853,22.235,0.556,0.651,3.093,5.144,0.032,false,14.242,NONE,14,180,sequential_yolo_pose,SM-S906U1,GPU
2026-04-22 23:58:37.276,64.512,16.537,20.190,0.667,6.156,4.644,5.460,0.016,false,31.219,NONE,14,180,sequential_yolo_pose,SM-S906U1,GPU
2026-04-22 23:58:37.342,61.714,17.101,22.133,0.766,1.049,4.905,5.858,0.039,false,28.914,NONE,14,180,sequential_yolo_pose,SM-S906U1,GPU
2026-04-22 23:58:37.414,68.129,20.755,21.396,0.665,1.159,5.431,6.003,0.061,false,30.125,NONE,14,180,sequential_yolo_pose,SM-S906U1,GPU
2026-04-22 23:58:37.487,58.284,16.812,21.080,0.825,0.934,4.330,5.369,0.039,false,20.234,NONE,14,180,sequential_yolo_pose,SM-S906U1,GPU
2026-04-22 23:58:37.569,76.584,20.109,21.535,0.651,1.641,11.057,9.096,0.045,false,37.211,NONE,14,180,sequential_yolo_pose,SM-S906U1,GPU
2026-04-22 23:58:37.641,66.684,20.541,22.025,0.613,1.020,4.249,5.054,0.038,false,17.105,NONE,14,180,sequential_yolo_pose,SM-S906U1,GPU
2026-04-22 23:58:37.710,65.175,19.382,22.577,0.845,0.830,4.278,4.810,0.035,false,20.172,NONE,14,180,sequential_yolo_pose,SM-S906U1,GPU
2026-04-22 23:58:37.777,63.333,19.311,21.019,0.450,0.784,3.226,5.188,0.037,false,37.149,NONE,14,180,sequential_yolo_pose,SM-S906U1,GPU
2026-04-22 23:58:37.847,64.095,19.236,21.184,0.551,0.958,4.047,5.046,0.035,false,17.145,NONE,14,180,sequential_yolo_pose,SM-S906U1,GPU
2026-04-22 23:58:37.914,62.845,17.464,21.449,0.895,0.941,3.972,5.120,0.054,false,20.078,NONE,14,180,sequential_yolo_pose,SM-S906U1,GPU
2026-04-22 23:58:37.984,66.386,20.368,21.636,0.351,0.665,4.255,5.795,0.042,false,37.055,NONE,14,180,sequential_yolo_pose,SM-S906U1,GPU
2026-04-22 23:58:38.063,70.784,21.732,20.921,0.401,1.041,4.045,5.501,0.037,false,20.262,NONE,14,180,sequential_yolo_pose,SM-S906U1,GPU
2026-04-22 23:58:38.119,52.636,20.034,21.104,0.405,0.000,0.000,0.000,0.000,true,16.652,NONE,14,180,sequential_yolo_pose,SM-S906U1,GPU
2026-04-22 23:58:38.193,64.683,24.420,22.232,0.255,0.000,0.000,0.000,0.000,true,30.547,NONE,14,180,sequential_yolo_pose,SM-S906U1,GPU
2026-04-22 23:58:38.270,70.450,25.032,20.597,0.365,1.038,3.586,5.732,0.038,false,21.781,NONE,14,180,sequential_yolo_pose,SM-S906U1,GPU
2026-04-22 23:58:38.335,60.843,17.887,21.939,0.469,0.582,3.377,4.965,0.028,false,38.789,NONE,14,180,sequential_yolo_pose,SM-S906U1,GPU
2026-04-22 23:58:38.418,78.737,21.425,22.270,3.890,1.009,9.375,8.314,0.030,false,29.684,NONE,14,180,sequential_yolo_pose,SM-S906U1,GPU
2026-04-22 23:58:38.507,76.139,24.993,21.166,1.265,1.300,5.617,5.518,0.032,false,20.234,NONE,14,180,sequential_yolo_pose,SM-S906U1,GPU
2026-04-22 23:58:38.578,67.419,22.057,20.895,0.610,1.034,5.384,5.428,0.047,false,37.117,NONE,14,180,sequential_yolo_pose,SM-S906U1,GPU
2026-04-22 23:58:38.651,61.026,16.167,22.213,0.892,1.049,4.720,5.153,0.043,false,20.199,NONE,14,180,sequential_yolo_pose,SM-S906U1,GPU
2026-04-22 23:58:38.736,78.956,22.168,21.088,1.019,1.085,8.443,13.594,0.034,false,20.176,NONE,14,180,sequential_yolo_pose,SM-S906U1,GPU
2026-04-22 23:58:38.813,72.439,22.999,20.320,0.779,2.923,9.643,5.281,0.043,false,37.215,NONE,14,180,sequential_yolo_pose,SM-S906U1,GPU
2026-04-22 23:58:38.879,62.430,20.055,20.931,0.386,0.662,2.627,4.624,0.022,false,21.711,NONE,14,180,sequential_yolo_pose,SM-S906U1,GPU
2026-04-22 23:58:38.952,67.407,19.991,22.439,0.884,1.188,5.474,5.624,0.041,false,38.625,NONE,14,180,sequential_yolo_pose,SM-S906U1,GPU
2026-04-22 23:58:39.028,66.431,16.005,21.196,0.553,0.944,5.558,9.109,0.035,false,29.781,NONE,14,180,sequential_yolo_pose,SM-S906U1,GPU
2026-04-22 23:58:39.102,66.602,22.272,20.929,0.469,0.941,4.825,5.159,0.044,false,17.102,NONE,14,180,sequential_yolo_pose,SM-S906U1,GPU
2026-04-22 23:58:39.178,70.641,23.341,21.790,0.905,0.899,4.066,4.839,0.043,false,20.109,NONE,14,180,sequential_yolo_pose,SM-S906U1,GPU
2026-04-22 23:58:39.248,65.141,21.994,21.339,0.650,0.659,2.837,4.751,0.038,false,20.047,NONE,14,180,sequential_yolo_pose,SM-S906U1,GPU
2026-04-22 23:58:39.315,61.620,18.344,20.617,0.372,0.644,3.992,6.564,0.038,false,37.055,NONE,14,180,sequential_yolo_pose,SM-S906U1,GPU
2026-04-22 23:58:39.395,74.053,21.531,22.949,0.601,1.245,6.202,6.736,0.068,false,17.020,NONE,14,180,sequential_yolo_pose,SM-S906U1,GPU
2026-04-22 23:58:39.468,66.791,21.172,21.447,0.806,0.790,3.839,5.005,0.041,false,20.230,NONE,14,180,sequential_yolo_pose,SM-S906U1,GPU
2026-04-22 23:58:39.544,70.631,24.204,22.531,0.627,1.133,5.194,6.038,0.030,false,37.207,NONE,14,180,sequential_yolo_pose,SM-S906U1,GPU
2026-04-22 23:58:39.614,64.060,16.353,20.958,0.797,1.041,4.030,4.870,0.040,false,20.016,NONE,14,180,sequential_yolo_pose,SM-S906U1,GPU
2026-04-22 23:58:39.680,61.299,18.717,20.870,0.398,0.663,4.129,5.175,0.029,false,37.086,NONE,14,180,sequential_yolo_pose,SM-S906U1,GPU
2026-04-22 23:58:39.757,72.272,24.348,23.113,0.415,0.963,3.689,5.327,0.039,false,21.926,NONE,13,180,sequential_yolo_pose,SM-S906U1,GPU
2026-04-22 23:58:39.821,57.381,15.884,21.464,0.429,0.778,3.663,6.254,0.025,false,38.778,NONE,13,180,sequential_yolo_pose,SM-S906U1,GPU
2026-04-22 23:58:39.902,71.737,22.173,21.768,1.045,1.291,4.178,4.502,0.032,false,20.262,NONE,13,180,sequential_yolo_pose,SM-S906U1,GPU
2026-04-22 23:58:39.972,65.772,20.093,21.878,0.368,1.095,4.926,6.522,0.040,false,37.176,NONE,13,180,sequential_yolo_pose,SM-S906U1,GPU
2026-04-22 23:58:40.049,72.163,23.362,21.074,0.323,0.716,3.266,5.367,0.049,false,29.621,NONE,13,180,sequential_yolo_pose,SM-S906U1,GPU
2026-04-22 23:58:40.121,66.669,17.624,21.636,0.910,1.207,4.424,5.920,0.038,false,20.109,NONE,13,180,sequential_yolo_pose,SM-S906U1,GPU
2026-04-22 23:58:40.191,64.970,19.638,20.625,0.422,0.813,4.448,6.666,0.052,false,37.149,NONE,13,180,sequential_yolo_pose,SM-S906U1,GPU
2026-04-22 23:58:40.267,67.235,24.950,22.556,0.917,1.032,3.655,5.212,0.040,false,29.621,NONE,13,180,sequential_yolo_pose,SM-S906U1,GPU
2026-04-22 23:58:40.340,69.280,19.558,21.277,2.658,1.437,5.124,7.194,0.038,false,20.172,NONE,13,180,sequential_yolo_pose,SM-S906U1,GPU
2026-04-22 23:58:40.412,66.890,22.971,21.510,0.468,0.838,4.241,5.044,0.038,false,37.180,NONE,13,180,sequential_yolo_pose,SM-S906U1,GPU
2026-04-22 23:58:40.484,66.934,19.722,22.590,1.363,1.220,4.873,5.207,0.044,false,17.078,NONE,13,180,sequential_yolo_pose,SM-S906U1,GPU
2026-04-22 23:58:40.574,84.276,22.623,25.461,1.275,2.193,10.542,5.617,0.042,false,20.172,NONE,13,180,sequential_yolo_pose,SM-S906U1,GPU
2026-04-22 23:58:40.647,68.370,19.276,21.577,1.007,0.874,4.691,7.710,0.053,false,20.172,NONE,13,180,sequential_yolo_pose,SM-S906U1,GPU
2026-04-22 23:58:40.718,64.510,16.772,20.755,0.508,0.920,4.843,5.575,0.034,false,37.242,NONE,14,180,sequential_yolo_pose,SM-S906U1,GPU
2026-04-22 23:58:40.802,77.636,18.897,22.042,0.463,1.777,8.012,13.708,0.046,false,17.145,NONE,14,180,sequential_yolo_pose,SM-S906U1,GPU
2026-04-22 23:58:40.875,66.228,15.847,22.443,1.172,1.280,5.782,5.278,0.040,false,20.215,NONE,14,180,sequential_yolo_pose,SM-S906U1,GPU
2026-04-22 23:58:40.935,55.069,17.943,21.757,0.135,0.000,0.000,0.000,0.000,true,33.860,NONE,14,180,sequential_yolo_pose,SM-S906U1,GPU
2026-04-22 23:58:41.015,75.177,29.393,21.728,0.262,0.849,3.457,5.146,0.030,false,23.012,NONE,14,180,sequential_yolo_pose,SM-S906U1,GPU
2026-04-22 23:58:41.112,89.309,22.949,22.232,1.236,2.456,15.461,7.663,0.048,false,39.965,NONE,14,180,sequential_yolo_pose,SM-S906U1,GPU
2026-04-22 23:58:41.198,81.915,21.080,25.677,0.784,1.688,6.438,7.800,0.037,false,20.246,NONE,14,180,sequential_yolo_pose,SM-S906U1,GPU
2026-04-22 23:58:41.266,64.676,20.185,21.054,0.611,0.643,3.203,5.972,0.039,false,20.184,NONE,14,180,sequential_yolo_pose,SM-S906U1,GPU
2026-04-22 23:58:41.323,53.655,16.201,19.978,0.282,0.544,2.891,5.249,0.056,false,37.098,NONE,14,180,sequential_yolo_pose,SM-S906U1,GPU
2026-04-22 23:58:41.403,70.522,17.774,24.549,0.647,0.982,6.214,7.466,0.042,false,17.094,NONE,14,180,sequential_yolo_pose,SM-S906U1,GPU
2026-04-22 23:58:41.471,63.236,20.875,21.343,0.309,0.936,3.167,4.579,0.038,false,20.152,NONE,14,180,sequential_yolo_pose,SM-S906U1,GPU
2026-04-22 23:58:41.536,60.988,19.234,21.357,0.306,0.682,3.037,4.876,0.074,false,20.152,NONE,14,180,sequential_yolo_pose,SM-S906U1,GPU
2026-04-22 23:58:41.609,67.049,19.384,22.879,0.529,1.251,5.598,5.408,0.045,false,20.152,NONE,14,180,sequential_yolo_pose,SM-S906U1,GPU
2026-04-22 23:58:41.679,63.934,20.280,21.989,0.633,0.670,3.303,4.846,0.033,false,20.184,NONE,14,180,sequential_yolo_pose,SM-S906U1,GPU
2026-04-22 23:58:41.749,65.057,19.189,21.656,0.707,1.073,5.066,5.105,0.031,false,37.285,NONE,14,180,sequential_yolo_pose,SM-S906U1,GPU
2026-04-22 23:58:41.815,57.531,17.143,20.837,0.486,1.041,4.065,5.667,0.039,false,21.848,NONE,14,180,sequential_yolo_pose,SM-S906U1,GPU
2026-04-22 23:58:41.884,62.389,16.211,21.420,0.441,0.871,4.077,5.447,0.042,false,38.731,NONE,14,180,sequential_yolo_pose,SM-S906U1,GPU
2026-04-22 23:58:41.968,69.309,20.723,21.911,0.619,1.169,6.220,6.630,0.046,false,20.246,NONE,14,180,sequential_yolo_pose,SM-S906U1,GPU
2026-04-22 23:58:42.046,71.648,20.231,22.067,1.325,1.567,7.584,6.055,0.039,false,20.246,NONE,14,180,sequential_yolo_pose,SM-S906U1,GPU
2026-04-22 23:58:42.130,78.423,22.671,22.343,1.419,1.663,6.947,7.669,0.051,false,20.121,NONE,14,180,sequential_yolo_pose,SM-S906U1,GPU
2026-04-22 23:58:42.204,68.939,17.303,21.785,0.846,1.887,8.752,5.918,0.045,false,37.223,NONE,14,180,sequential_yolo_pose,SM-S906U1,GPU
2026-04-22 23:58:42.272,62.699,20.810,20.807,0.259,0.583,2.634,4.947,0.036,false,17.137,NONE,14,180,sequential_yolo_pose,SM-S906U1,GPU
2026-04-22 23:58:42.341,64.685,18.485,20.716,0.627,0.871,6.994,5.319,0.056,false,20.152,NONE,14,180,sequential_yolo_pose,SM-S906U1,GPU
2026-04-22 23:58:42.417,68.732,22.797,20.896,0.770,0.956,5.118,6.118,0.059,false,37.192,NONE,14,180,sequential_yolo_pose,SM-S906U1,GPU
2026-04-22 23:58:42.480,56.279,16.100,21.664,0.310,0.580,3.407,5.493,0.033,false,21.879,NONE,14,180,sequential_yolo_pose,SM-S906U1,GPU
2026-04-22 23:58:42.547,62.246,17.201,21.295,0.329,1.068,4.830,5.106,0.026,false,38.762,NONE,14,180,sequential_yolo_pose,SM-S906U1,GPU
2026-04-22 23:58:42.628,74.411,22.495,23.223,0.479,1.004,5.783,7.181,0.041,false,29.699,NONE,14,180,sequential_yolo_pose,SM-S906U1,GPU
2026-04-22 23:58:42.702,67.702,19.561,21.214,0.401,1.070,7.124,5.971,0.034,false,21.973,NONE,13,180,sequential_yolo_pose,SM-S906U1,GPU
2026-04-22 23:58:42.780,72.424,21.689,22.045,0.599,1.379,6.391,8.718,0.026,false,38.887,NONE,13,180,sequential_yolo_pose,SM-S906U1,GPU
2026-04-22 23:58:42.867,73.639,21.040,22.758,0.566,1.421,3.943,9.854,0.023,false,20.313,NONE,13,180,sequential_yolo_pose,SM-S906U1,GPU
2026-04-22 23:58:42.936,63.287,17.470,20.729,0.853,1.028,4.769,9.053,0.038,false,20.258,NONE,13,180,sequential_yolo_pose,SM-S906U1,GPU
2026-04-22 23:58:43.010,65.820,21.084,21.558,0.484,0.776,3.794,5.062,0.044,false,37.172,NONE,13,180,sequential_yolo_pose,SM-S906U1,GPU
2026-04-22 23:58:43.083,67.500,21.479,21.723,0.421,1.002,3.881,6.308,0.023,false,21.891,NONE,13,180,sequential_yolo_pose,SM-S906U1,GPU
2026-04-22 23:58:43.144,57.070,16.735,21.178,0.475,0.842,3.760,5.908,0.033,false,38.774,NONE,13,180,sequential_yolo_pose,SM-S906U1,GPU
2026-04-22 23:58:43.223,66.717,20.670,20.668,0.764,1.067,5.127,5.331,0.047,false,20.184,NONE,13,180,sequential_yolo_pose,SM-S906U1,GPU
2026-04-22 23:58:43.305,74.688,20.964,22.647,1.033,1.505,9.346,6.162,0.032,false,20.184,NONE,13,180,sequential_yolo_pose,SM-S906U1,GPU
2026-04-22 23:58:43.373,63.292,14.964,21.188,0.531,1.052,4.798,5.616,0.042,false,37.129,NONE,13,180,sequential_yolo_pose,SM-S906U1,GPU
2026-04-22 23:58:43.450,70.671,19.034,22.575,0.950,1.146,5.337,5.613,0.034,false,20.125,NONE,13,180,sequential_yolo_pose,SM-S906U1,GPU
2026-04-22 23:58:43.522,67.064,19.726,20.732,0.422,0.648,4.862,6.612,0.044,false,37.133,NONE,13,180,sequential_yolo_pose,SM-S906U1,GPU
2026-04-22 23:58:43.599,70.092,23.108,21.165,0.342,0.838,3.598,6.861,0.025,false,17.098,NONE,13,180,sequential_yolo_pose,SM-S906U1,GPU
2026-04-22 23:58:43.668,64.783,19.518,21.458,0.499,0.538,2.963,8.370,0.026,false,20.184,NONE,13,180,sequential_yolo_pose,SM-S906U1,GPU
2026-04-22 23:58:43.735,62.607,18.478,21.021,0.722,1.025,4.491,6.367,0.034,false,37.254,NONE,14,180,sequential_yolo_pose,SM-S906U1,GPU
2026-04-22 23:58:43.796,56.413,16.688,21.135,0.456,1.020,4.312,5.062,0.039,false,17.156,NONE,14,180,sequential_yolo_pose,SM-S906U1,GPU
2026-04-22 23:58:43.870,67.807,18.951,22.087,0.827,1.015,4.950,5.249,0.037,false,20.188,NONE,14,180,sequential_yolo_pose,SM-S906U1,GPU
2026-04-22 23:58:43.936,62.479,20.185,21.306,0.328,0.614,3.814,5.082,0.057,false,37.071,NONE,14,180,sequential_yolo_pose,SM-S906U1,GPU
2026-04-22 23:58:44.010,69.205,23.962,22.185,0.436,0.873,3.805,4.949,0.035,false,21.777,NONE,14,180,sequential_yolo_pose,SM-S906U1,GPU
2026-04-22 23:58:44.080,64.872,20.480,21.041,0.362,0.672,3.632,4.868,0.034,false,38.754,NONE,14,180,sequential_yolo_pose,SM-S906U1,GPU
2026-04-22 23:58:44.148,62.809,19.670,20.708,0.463,0.886,3.483,4.984,0.039,false,29.691,NONE,14,180,sequential_yolo_pose,SM-S906U1,GPU
2026-04-22 23:58:44.217,65.687,18.592,22.961,0.831,0.928,5.356,5.712,0.025,false,20.188,NONE,14,180,sequential_yolo_pose,SM-S906U1,GPU
2026-04-22 23:58:44.279,56.761,16.922,21.101,0.501,0.908,4.006,5.199,0.032,false,37.164,NONE,14,180,sequential_yolo_pose,SM-S906U1,GPU
2026-04-22 23:58:44.343,59.643,17.339,21.173,0.876,0.944,3.973,4.977,0.044,false,17.160,NONE,14,180,sequential_yolo_pose,SM-S906U1,GPU
2026-04-22 23:58:44.411,62.695,18.392,21.214,0.898,0.951,4.318,4.867,0.033,false,20.184,NONE,14,180,sequential_yolo_pose,SM-S906U1,GPU
2026-04-22 23:58:44.478,62.962,20.252,21.562,0.428,0.659,3.388,4.989,0.029,false,37.192,NONE,14,180,sequential_yolo_pose,SM-S906U1,GPU
2026-04-22 23:58:44.545,63.610,20.467,21.228,0.476,0.661,3.281,5.010,0.037,false,30.133,NONE,14,180,sequential_yolo_pose,SM-S906U1,GPU
2026-04-22 23:58:44.620,70.124,25.574,20.714,0.497,0.945,4.276,5.700,0.045,false,21.910,NONE,14,180,sequential_yolo_pose,SM-S906U1,GPU
2026-04-22 23:58:44.697,69.998,19.459,22.972,0.973,1.280,6.583,6.735,0.057,false,38.731,NONE,14,180,sequential_yolo_pose,SM-S906U1,GPU
2026-04-22 23:58:44.778,72.931,20.747,21.260,1.304,3.300,5.187,5.728,0.078,false,20.313,NONE,15,180,sequential_yolo_pose,SM-S906U1,GPU
2026-04-22 23:58:44.843,61.188,15.345,23.347,0.732,1.384,3.965,4.931,0.033,false,20.184,NONE,15,180,sequential_yolo_pose,SM-S906U1,GPU
2026-04-22 23:58:44.908,61.955,20.063,21.049,0.547,0.585,2.886,4.788,0.031,false,20.090,NONE,15,180,sequential_yolo_pose,SM-S906U1,GPU
2026-04-22 23:58:44.970,58.232,16.453,20.790,0.454,0.762,3.640,5.493,0.048,false,37.035,NONE,15,180,sequential_yolo_pose,SM-S906U1,GPU
2026-04-22 23:58:45.048,73.706,27.028,22.023,0.388,0.934,3.831,5.900,0.031,false,21.902,NONE,15,180,sequential_yolo_pose,SM-S906U1,GPU
2026-04-22 23:58:45.112,60.625,17.559,20.637,0.476,0.901,4.149,5.486,0.037,false,38.754,NONE,15,180,sequential_yolo_pose,SM-S906U1,GPU
2026-04-22 23:58:45.181,63.749,17.322,22.480,0.469,1.006,4.335,5.484,0.033,false,29.688,NONE,15,180,sequential_yolo_pose,SM-S906U1,GPU
2026-04-22 23:58:45.255,68.238,21.781,21.444,0.419,1.058,5.128,6.169,0.040,false,16.828,NONE,15,180,sequential_yolo_pose,SM-S906U1,GPU
2026-04-22 23:58:45.328,62.571,20.427,20.929,0.447,0.628,2.804,5.113,0.051,false,20.152,NONE,15,180,sequential_yolo_pose,SM-S906U1,GPU
2026-04-22 23:58:45.416,78.387,24.940,21.663,0.570,1.002,5.168,5.513,0.060,false,20.309,NONE,15,180,sequential_yolo_pose,SM-S906U1,GPU
2026-04-22 23:58:45.486,65.723,20.431,21.214,0.467,0.610,3.104,5.171,0.036,false,20.152,NONE,15,180,sequential_yolo_pose,SM-S906U1,GPU
2026-04-22 23:58:45.542,51.422,19.717,20.449,0.136,0.000,0.000,0.000,0.000,true,33.766,NONE,15,180,sequential_yolo_pose,SM-S906U1,GPU
2026-04-22 23:58:45.604,58.040,21.251,22.656,0.190,0.000,0.000,0.000,0.000,true,18.090,NONE,15,180,sequential_yolo_pose,SM-S906U1,GPU
2026-04-22 23:58:45.677,69.447,22.715,21.374,0.424,0.906,3.522,4.921,0.035,false,35.004,NONE,15,180,sequential_yolo_pose,SM-S906U1,GPU
2026-04-22 23:58:45.748,67.321,23.462,21.505,0.554,0.952,4.116,5.072,0.039,false,23.051,NONE,14,180,sequential_yolo_pose,SM-S906U1,GPU
2026-04-22 23:58:45.817,63.581,16.924,21.718,0.694,1.059,5.445,5.507,0.047,false,40.059,NONE,14,180,sequential_yolo_pose,SM-S906U1,GPU
2026-04-22 23:58:45.899,77.614,26.943,21.666,0.543,1.108,4.503,6.378,0.045,false,29.414,NONE,14,180,sequential_yolo_pose,SM-S906U1,GPU
2026-04-22 23:58:45.982,77.358,30.822,22.231,0.301,1.111,3.912,5.378,0.051,false,21.844,NONE,14,180,sequential_yolo_pose,SM-S906U1,GPU
2026-04-22 23:58:46.051,61.795,21.696,20.744,0.201,0.000,0.000,0.000,0.000,true,35.520,NONE,14,180,sequential_yolo_pose,SM-S906U1,GPU
2026-04-22 23:58:46.117,61.545,24.755,21.495,0.353,0.000,0.000,0.000,0.000,true,19.730,NONE,14,180,sequential_yolo_pose,SM-S906U1,GPU
2026-04-22 23:58:46.209,86.645,26.207,21.329,1.523,2.749,9.982,5.443,0.042,false,36.738,NONE,14,180,sequential_yolo_pose,SM-S906U1,GPU
2026-04-22 23:58:46.293,77.912,25.514,21.180,0.579,1.458,5.711,5.486,0.037,false,21.863,NONE,14,180,sequential_yolo_pose,SM-S906U1,GPU
2026-04-22 23:58:46.356,57.507,20.911,20.987,0.813,0.000,0.000,0.000,0.000,true,35.383,NONE,14,180,sequential_yolo_pose,SM-S906U1,GPU
2026-04-22 23:58:46.445,73.838,35.800,21.869,0.658,0.000,0.000,0.000,0.000,true,18.480,NONE,14,180,sequential_yolo_pose,SM-S906U1,GPU
2026-04-22 23:58:46.503,54.478,20.186,21.813,0.342,0.000,0.000,0.000,0.000,true,32.125,NONE,14,180,sequential_yolo_pose,SM-S906U1,GPU
2026-04-22 23:58:46.568,60.356,23.839,21.281,0.159,0.000,0.000,0.000,0.000,true,18.055,NONE,14,180,sequential_yolo_pose,SM-S906U1,GPU
2026-04-22 23:58:46.620,48.961,16.821,21.638,0.501,0.000,0.000,0.000,0.000,true,31.699,NONE,14,180,sequential_yolo_pose,SM-S906U1,GPU
2026-04-22 23:58:46.688,63.308,20.307,21.060,0.603,0.757,3.284,4.974,0.025,false,16.633,NONE,14,180,sequential_yolo_pose,SM-S906U1,GPU
2026-04-22 23:58:46.746,52.679,18.866,21.297,0.276,0.000,0.000,0.000,0.000,true,30.434,NONE,14,180,sequential_yolo_pose,SM-S906U1,GPU
2026-04-22 23:58:46.825,75.003,26.574,21.325,0.522,1.181,4.280,6.876,0.048,false,17.059,NONE,14,180,sequential_yolo_pose,SM-S906U1,GPU
2026-04-22 23:58:46.909,77.421,27.549,21.813,0.350,0.612,9.493,4.698,0.026,false,20.344,NONE,14,180,sequential_yolo_pose,SM-S906U1,GPU
2026-04-22 23:58:46.969,57.670,17.152,20.236,1.044,0.990,4.211,5.493,0.025,false,20.156,NONE,14,180,sequential_yolo_pose,SM-S906U1,GPU
2026-04-22 23:58:47.041,67.119,21.135,21.516,0.597,0.896,4.848,5.327,0.036,false,37.133,NONE,14,180,sequential_yolo_pose,SM-S906U1,GPU
2026-04-22 23:58:47.119,73.047,24.453,22.868,0.589,0.962,3.792,5.348,0.036,false,21.813,NONE,14,180,sequential_yolo_pose,SM-S906U1,GPU
2026-04-22 23:58:47.196,72.056,19.812,21.819,0.826,1.227,6.286,10.919,0.025,false,38.821,NONE,14,180,sequential_yolo_pose,SM-S906U1,GPU
2026-04-22 23:58:47.274,71.440,19.336,21.535,3.276,0.791,3.700,4.842,0.035,false,20.121,NONE,14,180,sequential_yolo_pose,SM-S906U1,GPU
2026-04-22 23:58:47.345,67.206,20.133,24.804,0.851,0.881,3.954,5.155,0.037,false,20.152,NONE,14,180,sequential_yolo_pose,SM-S906U1,GPU
2026-04-22 23:58:47.415,65.811,19.049,21.547,0.806,1.265,5.776,5.661,0.061,false,37.067,NONE,14,180,sequential_yolo_pose,SM-S906U1,GPU
2026-04-22 23:58:47.494,73.570,22.856,26.507,0.726,0.887,3.669,5.305,0.034,false,17.051,NONE,14,180,sequential_yolo_pose,SM-S906U1,GPU
2026-04-22 23:58:47.561,62.036,18.168,22.604,0.704,0.852,3.804,5.129,0.037,false,20.152,NONE,14,180,sequential_yolo_pose,SM-S906U1,GPU
2026-04-22 23:58:47.638,72.330,20.444,25.104,0.656,1.467,6.145,6.127,0.043,false,20.184,NONE,14,180,sequential_yolo_pose,SM-S906U1,GPU
2026-04-22 23:58:47.707,64.959,19.945,21.175,0.831,1.459,3.905,5.243,0.030,false,20.184,NONE,14,180,sequential_yolo_pose,SM-S906U1,GPU
2026-04-22 23:58:47.776,64.454,20.717,22.078,0.781,0.689,3.688,4.718,0.033,false,20.219,NONE,14,180,sequential_yolo_pose,SM-S906U1,GPU
2026-04-22 23:58:47.845,65.551,20.228,21.428,0.634,1.110,5.011,5.409,0.053,false,37.164,NONE,14,180,sequential_yolo_pose,SM-S906U1,GPU
2026-04-22 23:58:47.917,66.826,20.235,22.507,0.459,0.943,3.672,6.328,0.033,false,21.789,NONE,14,180,sequential_yolo_pose,SM-S906U1,GPU
2026-04-22 23:58:47.999,78.207,21.339,23.952,0.569,1.049,5.542,12.222,0.049,false,38.828,NONE,14,180,sequential_yolo_pose,SM-S906U1,GPU
2026-04-22 23:58:48.083,76.796,24.773,21.495,0.353,0.649,6.714,6.096,0.027,false,20.121,NONE,14,180,sequential_yolo_pose,SM-S906U1,GPU
2026-04-22 23:58:48.168,81.221,18.257,21.910,1.332,2.278,13.644,12.027,0.046,false,37.223,NONE,14,180,sequential_yolo_pose,SM-S906U1,GPU
2026-04-22 23:58:48.246,68.326,23.099,21.658,0.458,0.930,3.601,5.164,0.041,false,17.121,NONE,14,180,sequential_yolo_pose,SM-S906U1,GPU
2026-04-22 23:58:48.316,65.133,17.621,23.158,0.810,1.108,5.100,5.246,0.042,false,20.121,NONE,14,180,sequential_yolo_pose,SM-S906U1,GPU
2026-04-22 23:58:48.376,55.638,16.394,20.820,0.458,0.962,3.721,5.282,0.028,false,37.035,NONE,14,180,sequential_yolo_pose,SM-S906U1,GPU
2026-04-22 23:58:48.446,66.055,20.624,22.008,0.450,1.029,4.097,5.110,0.035,false,17.156,NONE,14,180,sequential_yolo_pose,SM-S906U1,GPU
2026-04-22 23:58:48.522,71.044,21.918,22.110,0.827,1.211,5.244,5.997,0.091,false,20.094,NONE,14,180,sequential_yolo_pose,SM-S906U1,GPU
2026-04-22 23:58:48.603,70.179,21.619,21.476,0.686,0.988,4.441,5.071,0.032,false,20.246,NONE,14,180,sequential_yolo_pose,SM-S906U1,GPU
2026-04-22 23:58:48.676,68.915,21.600,24.041,0.982,1.006,4.569,5.228,0.033,false,20.184,NONE,14,180,sequential_yolo_pose,SM-S906U1,GPU
2026-04-22 23:58:48.745,64.008,15.790,20.894,0.637,1.114,4.613,5.331,0.042,false,37.160,NONE,14,180,sequential_yolo_pose,SM-S906U1,GPU
2026-04-22 23:58:48.819,69.737,21.264,21.907,0.446,0.836,6.208,5.409,0.046,false,21.820,NONE,14,180,sequential_yolo_pose,SM-S906U1,GPU
2026-04-22 23:58:48.903,76.579,19.393,20.970,0.502,0.955,5.665,15.670,0.039,false,38.860,NONE,14,180,sequential_yolo_pose,SM-S906U1,GPU
2026-04-22 23:58:48.979,67.799,21.998,20.861,0.626,0.773,3.925,5.002,0.040,false,20.184,NONE,14,180,sequential_yolo_pose,SM-S906U1,GPU
2026-04-22 23:58:49.049,65.229,20.292,21.012,0.503,1.074,3.679,5.347,0.035,false,37.098,NONE,14,180,sequential_yolo_pose,SM-S906U1,GPU
2026-04-22 23:58:49.129,73.901,19.492,22.746,0.602,1.303,8.382,6.106,0.061,false,17.066,NONE,14,180,sequential_yolo_pose,SM-S906U1,GPU
2026-04-22 23:58:49.210,73.076,23.108,21.901,0.785,0.856,4.506,5.564,0.041,false,20.246,NONE,14,180,sequential_yolo_pose,SM-S906U1,GPU
2026-04-22 23:58:49.279,65.136,19.386,21.800,0.595,1.063,4.956,5.298,0.038,false,37.160,NONE,14,180,sequential_yolo_pose,SM-S906U1,GPU
2026-04-22 23:58:49.365,80.414,21.296,21.010,0.922,1.391,6.667,11.725,0.051,false,29.609,NONE,14,180,sequential_yolo_pose,SM-S906U1,GPU
2026-04-22 23:58:49.439,68.756,18.077,22.543,0.449,1.222,5.396,4.937,0.042,false,29.660,NONE,14,180,sequential_yolo_pose,SM-S906U1,GPU
2026-04-22 23:58:49.509,65.827,22.577,20.873,0.426,0.896,3.687,5.629,0.035,false,21.836,NONE,14,180,sequential_yolo_pose,SM-S906U1,GPU
2026-04-22 23:58:49.577,64.010,17.301,21.638,0.678,1.110,5.128,6.425,0.029,false,38.844,NONE,14,180,sequential_yolo_pose,SM-S906U1,GPU
2026-04-22 23:58:49.644,61.391,16.501,21.279,0.306,0.969,3.891,5.733,0.026,false,29.695,NONE,14,180,sequential_yolo_pose,SM-S906U1,GPU
2026-04-22 23:58:49.713,64.563,20.393,21.224,0.464,0.641,3.106,5.103,0.032,false,20.031,NONE,14,180,sequential_yolo_pose,SM-S906U1,GPU
2026-04-22 23:58:49.774,56.471,16.331,21.035,0.389,0.842,3.795,5.169,0.035,false,37.258,NONE,13,180,sequential_yolo_pose,SM-S906U1,GPU
2026-04-22 23:58:49.844,65.855,21.404,21.716,0.403,1.032,4.055,5.587,0.037,false,21.918,NONE,13,180,sequential_yolo_pose,SM-S906U1,GPU
2026-04-22 23:58:49.914,66.364,19.456,21.323,0.525,0.920,4.887,7.667,0.027,false,38.832,NONE,13,180,sequential_yolo_pose,SM-S906U1,GPU
2026-04-22 23:58:49.989,69.533,20.232,22.022,0.396,0.730,6.637,6.952,0.069,false,29.633,NONE,13,180,sequential_yolo_pose,SM-S906U1,GPU
2026-04-22 23:58:50.070,68.761,21.957,21.667,0.605,0.901,3.917,4.857,0.027,false,20.211,NONE,13,180,sequential_yolo_pose,SM-S906U1,GPU
2026-04-22 23:58:50.138,63.797,18.081,22.531,1.118,0.938,3.985,5.206,0.032,false,20.211,NONE,13,180,sequential_yolo_pose,SM-S906U1,GPU
2026-04-22 23:58:50.206,63.293,20.153,21.187,0.497,0.873,4.211,5.223,0.029,false,37.188,NONE,13,180,sequential_yolo_pose,SM-S906U1,GPU
2026-04-22 23:58:50.270,59.826,16.415,21.548,0.532,1.015,4.068,4.915,0.034,false,29.633,NONE,13,180,sequential_yolo_pose,SM-S906U1,GPU
2026-04-22 23:58:50.339,63.962,20.547,21.751,0.503,1.427,3.699,4.969,0.030,false,21.441,NONE,13,180,sequential_yolo_pose,SM-S906U1,GPU
2026-04-22 23:58:50.406,62.706,18.485,21.640,0.565,1.933,3.787,5.020,0.033,false,38.387,NONE,13,180,sequential_yolo_pose,SM-S906U1,GPU
2026-04-22 23:58:50.480,63.778,20.795,20.722,0.650,0.741,3.036,5.014,0.032,false,20.059,NONE,13,180,sequential_yolo_pose,SM-S906U1,GPU
2026-04-22 23:58:50.541,56.811,16.940,21.010,0.333,0.620,2.998,5.001,0.040,false,37.098,NONE,13,180,sequential_yolo_pose,SM-S906U1,GPU
2026-04-22 23:58:50.615,70.180,24.920,22.224,0.442,0.950,3.898,5.116,0.048,false,21.914,NONE,13,180,sequential_yolo_pose,SM-S906U1,GPU
2026-04-22 23:58:50.682,63.285,16.663,21.848,0.809,1.069,4.473,5.096,0.045,false,38.766,NONE,13,180,sequential_yolo_pose,SM-S906U1,GPU
2026-04-22 23:58:50.748,62.973,16.332,21.230,0.431,0.910,3.759,5.072,0.045,false,29.606,NONE,13,180,sequential_yolo_pose,SM-S906U1,GPU
2026-04-22 23:58:50.815,63.193,21.122,21.217,0.352,0.705,2.993,4.896,0.056,false,16.707,NONE,15,180,sequential_yolo_pose,SM-S906U1,GPU
2026-04-22 23:58:50.878,59.526,17.548,21.009,0.503,0.701,3.258,5.643,0.039,false,20.156,NONE,15,180,sequential_yolo_pose,SM-S906U1,GPU
2026-04-22 23:58:50.944,62.535,20.576,21.138,0.320,0.630,3.134,4.880,0.027,false,37.195,NONE,15,180,sequential_yolo_pose,SM-S906U1,GPU
2026-04-22 23:58:51.016,66.503,18.102,22.248,0.515,1.090,5.140,5.187,0.045,false,20.152,NONE,15,180,sequential_yolo_pose,SM-S906U1,GPU
2026-04-22 23:58:51.083,62.865,19.671,21.034,0.821,1.072,4.428,5.246,0.039,false,20.094,NONE,15,180,sequential_yolo_pose,SM-S906U1,GPU
2026-04-22 23:58:51.148,60.692,17.913,21.269,0.336,0.576,3.362,5.449,0.033,false,37.071,NONE,15,180,sequential_yolo_pose,SM-S906U1,GPU
2026-04-22 23:58:51.226,72.923,19.507,22.108,0.893,1.025,4.552,6.607,0.040,false,20.184,NONE,15,180,sequential_yolo_pose,SM-S906U1,GPU
2026-04-22 23:58:51.299,66.720,20.737,21.180,0.773,0.721,3.809,5.740,0.044,false,20.184,NONE,15,180,sequential_yolo_pose,SM-S906U1,GPU
2026-04-22 23:58:51.374,71.360,16.571,24.049,1.066,1.492,8.029,11.248,0.040,false,37.098,NONE,15,180,sequential_yolo_pose,SM-S906U1,GPU
2026-04-22 23:58:51.452,73.060,25.592,22.591,0.468,0.955,4.005,5.593,0.045,false,21.859,NONE,15,180,sequential_yolo_pose,SM-S906U1,GPU
2026-04-22 23:58:51.543,84.208,20.023,21.787,1.352,2.478,18.928,6.554,0.041,false,38.774,NONE,15,180,sequential_yolo_pose,SM-S906U1,GPU
2026-04-22 23:58:51.622,72.808,21.299,20.727,0.807,1.130,4.645,5.399,0.043,false,29.664,NONE,15,180,sequential_yolo_pose,SM-S906U1,GPU
2026-04-22 23:58:51.694,64.613,17.512,20.969,0.881,0.905,4.349,6.689,0.024,false,20.184,NONE,15,180,sequential_yolo_pose,SM-S906U1,GPU
2026-04-22 23:58:51.767,68.626,20.507,21.220,0.470,1.118,5.487,8.246,0.065,false,37.192,NONE,13,180,sequential_yolo_pose,SM-S906U1,GPU
2026-04-22 23:58:51.833,62.042,17.122,21.766,0.523,0.681,3.121,4.851,0.035,false,17.219,NONE,13,180,sequential_yolo_pose,SM-S906U1,GPU
2026-04-22 23:58:51.902,65.829,18.566,20.833,1.276,1.052,7.516,5.107,0.031,false,14.320,NONE,13,180,sequential_yolo_pose,SM-S906U1,GPU
2026-04-22 23:58:51.981,73.716,24.838,21.013,0.515,1.029,4.324,6.391,0.040,false,21.453,NONE,13,180,sequential_yolo_pose,SM-S906U1,GPU
2026-04-22 23:58:52.066,81.184,19.826,21.323,0.839,1.479,7.227,14.484,0.060,false,38.399,NONE,13,180,sequential_yolo_pose,SM-S906U1,GPU
2026-04-22 23:58:52.138,62.992,16.261,22.330,0.562,1.032,3.985,5.322,0.042,false,20.215,NONE,13,180,sequential_yolo_pose,SM-S906U1,GPU
2026-04-22 23:58:52.203,62.132,16.348,20.855,1.061,1.207,4.924,5.323,0.043,false,20.215,NONE,13,180,sequential_yolo_pose,SM-S906U1,GPU
2026-04-22 23:58:52.271,63.853,20.551,21.090,0.629,0.654,3.332,4.714,0.030,false,20.152,NONE,13,180,sequential_yolo_pose,SM-S906U1,GPU
2026-04-22 23:58:52.337,61.951,16.692,20.804,0.508,0.816,4.179,7.577,0.058,false,37.067,NONE,13,180,sequential_yolo_pose,SM-S906U1,GPU
2026-04-22 23:58:52.401,60.385,18.794,20.841,0.422,0.656,2.931,4.797,0.070,false,17.098,NONE,13,180,sequential_yolo_pose,SM-S906U1,GPU
2026-04-22 23:58:52.475,67.027,19.368,22.722,1.066,1.074,4.929,5.074,0.041,false,20.152,NONE,13,180,sequential_yolo_pose,SM-S906U1,GPU
2026-04-22 23:58:52.545,65.176,20.420,21.086,0.438,0.657,4.323,6.415,0.043,false,37.160,NONE,13,180,sequential_yolo_pose,SM-S906U1,GPU
2026-04-22 23:58:52.619,67.724,20.444,20.475,0.867,0.931,3.882,5.093,0.034,false,20.090,NONE,13,180,sequential_yolo_pose,SM-S906U1,GPU
2026-04-22 23:58:52.685,61.854,20.058,20.808,0.377,0.637,3.292,5.329,0.047,false,37.067,NONE,13,180,sequential_yolo_pose,SM-S906U1,GPU
2026-04-22 23:58:52.756,60.249,19.141,21.268,0.421,0.908,4.110,5.309,0.037,false,29.578,NONE,13,180,sequential_yolo_pose,SM-S906U1,GPU
2026-04-22 23:58:52.831,63.470,21.170,21.342,0.518,0.608,3.092,5.613,0.032,false,20.215,NONE,15,180,sequential_yolo_pose,SM-S906U1,GPU
2026-04-22 23:58:52.902,66.512,19.702,21.158,0.417,1.231,5.637,7.056,0.039,false,37.160,NONE,15,180,sequential_yolo_pose,SM-S906U1,GPU
2026-04-22 23:58:52.975,66.845,19.877,21.962,0.442,0.691,3.258,5.176,0.023,false,20.184,NONE,15,180,sequential_yolo_pose,SM-S906U1,GPU
2026-04-22 23:58:53.050,69.146,22.557,21.963,0.882,1.596,3.486,5.525,0.023,false,20.215,NONE,15,180,sequential_yolo_pose,SM-S906U1,GPU
2026-04-22 23:58:53.110,57.127,18.191,20.449,0.343,0.751,3.395,5.833,0.019,false,37.160,NONE,15,180,sequential_yolo_pose,SM-S906U1,GPU
2026-04-22 23:58:53.174,60.589,18.010,22.633,0.430,0.696,4.064,4.746,0.027,false,17.180,NONE,15,180,sequential_yolo_pose,SM-S906U1,GPU
2026-04-22 23:58:53.244,64.840,18.686,21.576,0.899,0.990,4.149,5.122,0.032,false,20.176,NONE,15,180,sequential_yolo_pose,SM-S906U1,GPU
2026-04-22 23:58:53.307,59.301,16.965,21.984,0.371,0.644,3.284,4.875,0.028,false,37.153,NONE,15,180,sequential_yolo_pose,SM-S906U1,GPU
2026-04-22 23:58:53.386,72.275,23.330,22.137,0.965,1.102,5.315,5.802,0.042,false,20.156,NONE,15,180,sequential_yolo_pose,SM-S906U1,GPU
2026-04-22 23:58:53.450,59.567,17.673,21.521,0.485,0.948,4.582,5.950,0.030,false,37.196,NONE,15,180,sequential_yolo_pose,SM-S906U1,GPU
2026-04-22 23:58:53.528,71.754,24.113,20.810,0.461,1.055,4.452,5.591,0.044,false,21.879,NONE,15,180,sequential_yolo_pose,SM-S906U1,GPU
2026-04-22 23:58:53.600,65.477,20.256,20.966,0.358,0.609,3.234,7.921,0.088,false,38.824,NONE,15,180,sequential_yolo_pose,SM-S906U1,GPU
2026-04-22 23:58:53.677,71.449,20.939,21.959,1.817,2.025,6.271,5.393,0.040,false,20.184,NONE,15,180,sequential_yolo_pose,SM-S906U1,GPU
2026-04-22 23:58:53.752,68.849,18.807,21.947,0.748,0.954,4.291,5.747,0.034,false,20.156,NONE,15,180,sequential_yolo_pose,SM-S906U1,GPU
2026-04-22 23:58:53.817,60.675,16.330,21.579,0.468,0.824,3.828,5.977,0.030,false,37.321,NONE,14,180,sequential_yolo_pose,SM-S906U1,GPU
2026-04-22 23:58:53.890,67.919,23.470,20.935,0.478,1.052,4.542,5.249,0.052,false,21.879,NONE,14,180,sequential_yolo_pose,SM-S906U1,GPU
2026-04-22 23:58:53.967,69.598,17.470,21.098,0.799,1.613,8.023,10.598,0.066,false,38.731,NONE,14,180,sequential_yolo_pose,SM-S906U1,GPU
2026-04-22 23:58:54.042,68.796,20.463,21.675,1.664,1.102,4.015,4.914,0.028,false,20.211,NONE,14,180,sequential_yolo_pose,SM-S906U1,GPU
2026-04-22 23:58:54.109,61.768,18.375,21.531,0.522,1.013,3.848,5.026,0.038,false,37.188,NONE,14,180,sequential_yolo_pose,SM-S906U1,GPU
2026-04-22 23:58:54.182,69.050,24.142,21.104,0.568,1.231,4.581,5.300,0.045,false,21.899,NONE,14,180,sequential_yolo_pose,SM-S906U1,GPU
2026-04-22 23:58:54.255,67.551,20.974,20.714,0.426,0.988,4.343,7.183,0.038,false,38.782,NONE,14,180,sequential_yolo_pose,SM-S906U1,GPU
2026-04-22 23:58:54.336,71.742,19.653,21.255,0.577,1.306,5.338,10.357,0.051,false,29.602,NONE,14,180,sequential_yolo_pose,SM-S906U1,GPU
2026-04-22 23:58:54.409,65.508,16.374,23.261,0.658,1.311,3.919,6.103,0.036,false,29.344,NONE,14,180,sequential_yolo_pose,SM-S906U1,GPU
2026-04-22 23:58:54.478,64.326,20.629,21.293,0.454,0.939,3.910,4.758,0.031,false,29.633,NONE,14,180,sequential_yolo_pose,SM-S906U1,GPU
2026-04-22 23:58:54.553,69.970,20.109,23.233,0.812,1.572,5.634,5.785,0.026,false,20.090,NONE,14,180,sequential_yolo_pose,SM-S906U1,GPU
2026-04-22 23:58:54.617,59.358,16.931,20.982,0.452,0.949,3.841,6.378,0.036,false,37.192,NONE,14,180,sequential_yolo_pose,SM-S906U1,GPU
2026-04-22 23:58:54.679,56.792,16.854,21.686,0.305,0.716,2.958,4.798,0.033,false,21.832,NONE,14,180,sequential_yolo_pose,SM-S906U1,GPU
2026-04-22 23:58:54.742,59.578,17.234,21.278,0.363,0.661,3.170,4.797,0.021,false,38.809,NONE,14,180,sequential_yolo_pose,SM-S906U1,GPU
2026-04-22 23:58:54.811,63.406,18.797,21.408,0.452,1.265,4.531,6.565,0.038,false,29.746,NONE,14,180,sequential_yolo_pose,SM-S906U1,GPU
2026-04-22 23:58:54.884,68.506,21.201,22.665,0.657,2.278,3.267,5.540,0.032,false,20.250,NONE,14,180,sequential_yolo_pose,SM-S906U1,GPU
2026-04-22 23:58:54.945,56.124,17.660,20.796,0.309,0.793,3.360,5.024,0.034,false,37.164,NONE,14,180,sequential_yolo_pose,SM-S906U1,GPU
2026-04-22 23:58:55.013,62.536,19.039,21.370,0.367,1.041,3.906,5.100,0.039,false,17.109,NONE,14,180,sequential_yolo_pose,SM-S906U1,GPU
2026-04-22 23:58:55.087,67.977,20.792,21.452,0.337,1.024,4.643,6.082,0.038,false,20.121,NONE,14,180,sequential_yolo_pose,SM-S906U1,GPU
2026-04-22 23:58:55.161,63.390,17.926,20.597,0.942,1.112,4.913,6.020,0.049,false,20.121,NONE,14,180,sequential_yolo_pose,SM-S906U1,GPU
2026-04-22 23:58:55.232,63.484,17.323,23.517,0.404,0.963,5.011,6.835,0.106,false,37.192,NONE,14,180,sequential_yolo_pose,SM-S906U1,GPU
2026-04-22 23:58:55.307,68.886,22.597,20.795,0.442,1.126,4.146,5.385,0.035,false,29.660,NONE,14,180,sequential_yolo_pose,SM-S906U1,GPU
2026-04-22 23:58:55.380,67.935,19.787,23.647,0.694,1.149,4.094,4.930,0.029,false,20.184,NONE,14,180,sequential_yolo_pose,SM-S906U1,GPU
2026-04-22 23:58:55.447,60.630,16.713,20.790,0.461,1.078,3.735,5.243,0.046,false,37.192,NONE,14,180,sequential_yolo_pose,SM-S906U1,GPU
2026-04-22 23:58:55.523,69.178,21.317,21.097,0.233,0.979,3.775,5.872,0.063,false,21.879,NONE,14,180,sequential_yolo_pose,SM-S906U1,GPU
2026-04-22 23:58:55.601,67.725,19.978,20.685,0.277,0.796,3.910,7.462,0.031,false,38.731,NONE,14,180,sequential_yolo_pose,SM-S906U1,GPU
2026-04-22 23:58:55.667,61.098,21.963,21.823,0.501,0.000,0.000,0.000,0.000,true,16.727,NONE,14,180,sequential_yolo_pose,SM-S906U1,GPU
2026-04-22 23:58:55.737,64.184,20.896,20.365,0.424,0.991,4.266,5.870,0.035,false,33.859,NONE,14,180,sequential_yolo_pose,SM-S906U1,GPU
2026-04-22 23:58:55.816,72.653,22.430,24.268,0.776,1.034,4.388,5.432,0.035,false,20.191,NONE,14,180,sequential_yolo_pose,SM-S906U1,GPU
2026-04-22 23:58:55.893,70.941,22.708,21.387,0.391,0.974,3.994,6.804,0.045,false,37.231,NONE,14,180,sequential_yolo_pose,SM-S906U1,GPU
2026-04-22 23:58:55.965,67.670,17.970,22.365,0.405,1.434,5.557,7.983,0.055,false,17.145,NONE,14,180,sequential_yolo_pose,SM-S906U1,GPU
2026-04-22 23:58:56.042,70.905,21.211,23.621,0.501,1.644,6.050,5.318,0.054,false,20.152,NONE,14,180,sequential_yolo_pose,SM-S906U1,GPU
2026-04-22 23:58:56.110,64.155,20.982,21.069,0.604,0.708,3.129,4.840,0.034,false,20.184,NONE,14,180,sequential_yolo_pose,SM-S906U1,GPU
2026-04-22 23:58:56.172,57.805,17.187,20.474,0.429,0.730,3.391,5.634,0.047,false,37.067,NONE,14,180,sequential_yolo_pose,SM-S906U1,GPU
2026-04-22 23:58:56.238,62.385,20.106,20.456,0.489,1.043,3.849,5.096,0.033,false,17.156,NONE,14,180,sequential_yolo_pose,SM-S906U1,GPU
2026-04-22 23:58:56.309,66.031,20.682,22.547,0.862,1.033,3.848,5.194,0.037,false,20.094,NONE,14,180,sequential_yolo_pose,SM-S906U1,GPU
2026-04-22 23:58:56.377,62.897,18.564,21.223,0.597,1.020,4.428,5.663,0.042,false,37.070,NONE,14,180,sequential_yolo_pose,SM-S906U1,GPU
2026-04-22 23:58:56.449,67.113,22.648,21.194,0.419,0.701,3.683,5.374,0.035,false,21.785,NONE,14,180,sequential_yolo_pose,SM-S906U1,GPU
2026-04-22 23:58:56.530,74.446,21.317,23.198,0.547,1.041,4.521,9.489,0.043,false,38.762,NONE,14,180,sequential_yolo_pose,SM-S906U1,GPU
2026-04-22 23:58:56.606,69.331,21.810,21.706,0.491,1.094,5.345,5.782,0.042,false,29.695,NONE,14,180,sequential_yolo_pose,SM-S906U1,GPU
2026-04-22 23:58:56.678,67.067,19.437,21.931,0.649,1.361,5.414,5.616,0.043,false,30.121,NONE,14,180,sequential_yolo_pose,SM-S906U1,GPU
2026-04-22 23:58:56.753,70.381,21.603,21.681,0.571,1.018,4.731,6.021,0.030,false,29.449,NONE,14,180,sequential_yolo_pose,SM-S906U1,GPU
2026-04-22 23:58:56.822,64.152,18.916,22.120,0.513,1.051,4.078,6.305,0.039,false,29.789,NONE,14,180,sequential_yolo_pose,SM-S906U1,GPU
2026-04-22 23:58:56.887,59.854,17.311,21.879,0.520,1.115,4.186,5.895,0.041,false,21.879,NONE,14,180,sequential_yolo_pose,SM-S906U1,GPU
2026-04-22 23:58:56.965,73.381,17.800,21.434,0.505,0.923,4.321,13.698,0.025,false,38.949,NONE,14,180,sequential_yolo_pose,SM-S906U1,GPU
2026-04-22 23:58:57.044,69.122,22.655,23.018,0.599,0.643,4.106,4.918,0.038,false,20.215,NONE,14,180,sequential_yolo_pose,SM-S906U1,GPU
2026-04-22 23:58:57.108,60.821,17.417,21.576,0.347,0.802,3.828,8.237,0.039,false,37.160,NONE,14,180,sequential_yolo_pose,SM-S906U1,GPU
2026-04-22 23:58:57.169,56.185,17.792,21.071,0.438,0.646,3.151,4.860,0.042,false,17.188,NONE,14,180,sequential_yolo_pose,SM-S906U1,GPU
2026-04-22 23:58:57.241,67.347,19.938,22.374,1.041,1.125,4.279,4.932,0.038,false,20.215,NONE,14,180,sequential_yolo_pose,SM-S906U1,GPU
2026-04-22 23:58:57.315,69.866,23.256,21.423,0.369,0.720,4.629,7.067,0.040,false,37.098,NONE,14,180,sequential_yolo_pose,SM-S906U1,GPU
2026-04-22 23:58:57.390,69.381,21.870,20.977,0.499,1.004,4.288,6.598,0.043,false,30.203,NONE,14,180,sequential_yolo_pose,SM-S906U1,GPU
2026-04-22 23:58:57.471,76.960,21.278,20.416,0.408,1.424,6.397,14.532,0.082,false,47.055,NONE,14,180,sequential_yolo_pose,SM-S906U1,GPU
2026-04-22 23:58:57.549,69.249,20.444,23.474,0.455,1.010,3.767,5.230,0.036,false,16.645,NONE,14,180,sequential_yolo_pose,SM-S906U1,GPU
2026-04-22 23:58:57.623,67.684,19.012,21.962,0.913,1.147,4.329,6.005,0.026,false,20.156,NONE,14,180,sequential_yolo_pose,SM-S906U1,GPU
2026-04-22 23:58:57.687,58.606,17.088,20.796,0.520,0.989,3.929,6.987,0.032,false,37.195,NONE,14,180,sequential_yolo_pose,SM-S906U1,GPU
2026-04-22 23:58:57.755,59.675,17.390,20.939,0.451,1.009,3.931,5.993,0.037,false,21.840,NONE,14,180,sequential_yolo_pose,SM-S906U1,GPU
2026-04-22 23:58:57.837,76.768,22.056,20.977,0.358,0.588,7.764,13.004,0.034,false,38.910,NONE,14,180,sequential_yolo_pose,SM-S906U1,GPU
2026-04-22 23:58:57.909,63.229,17.616,21.541,0.984,1.056,4.311,4.903,0.036,false,20.121,NONE,14,180,sequential_yolo_pose,SM-S906U1,GPU
2026-04-22 23:58:57.979,65.970,21.707,21.806,0.548,0.898,3.605,4.962,0.041,false,37.067,NONE,14,180,sequential_yolo_pose,SM-S906U1,GPU
2026-04-22 23:58:58.050,66.183,19.480,23.385,0.529,1.045,4.001,5.040,0.040,false,17.102,NONE,14,180,sequential_yolo_pose,SM-S906U1,GPU
2026-04-22 23:58:58.127,71.698,23.496,21.533,0.679,1.109,4.572,7.462,0.025,false,20.188,NONE,14,180,sequential_yolo_pose,SM-S906U1,GPU
2026-04-22 23:58:58.202,69.754,22.223,20.604,0.894,1.101,5.580,5.759,0.035,false,20.152,NONE,14,180,sequential_yolo_pose,SM-S906U1,GPU
2026-04-22 23:58:58.266,60.057,17.362,21.549,0.325,0.630,3.272,4.883,0.031,false,37.129,NONE,14,180,sequential_yolo_pose,SM-S906U1,GPU
2026-04-22 23:58:58.335,64.919,23.064,22.036,0.364,0.660,3.122,4.727,0.035,false,29.660,NONE,14,180,sequential_yolo_pose,SM-S906U1,GPU
2026-04-22 23:58:58.401,61.782,17.964,22.460,0.380,0.856,3.182,5.065,0.042,false,29.602,NONE,14,180,sequential_yolo_pose,SM-S906U1,GPU
2026-04-22 23:58:58.469,64.606,18.591,23.765,1.514,1.225,4.403,5.178,0.041,false,16.777,NONE,14,180,sequential_yolo_pose,SM-S906U1,GPU
2026-04-22 23:58:58.541,67.508,19.073,21.239,0.930,3.549,4.043,5.506,0.025,false,20.188,NONE,14,180,sequential_yolo_pose,SM-S906U1,GPU
2026-04-22 23:58:58.604,58.699,17.865,21.752,0.624,1.188,4.082,4.970,0.024,false,20.277,NONE,14,180,sequential_yolo_pose,SM-S906U1,GPU
2026-04-22 23:58:58.672,63.434,17.863,21.773,0.898,1.186,5.026,5.171,0.043,false,20.184,NONE,14,180,sequential_yolo_pose,SM-S906U1,GPU
2026-04-22 23:58:58.744,67.582,20.339,21.691,0.959,1.253,4.607,5.091,0.042,false,20.094,NONE,14,180,sequential_yolo_pose,SM-S906U1,GPU
2026-04-22 23:58:58.817,67.007,20.798,21.412,0.254,0.774,4.468,5.316,0.055,false,37.133,NONE,14,180,sequential_yolo_pose,SM-S906U1,GPU
2026-04-22 23:58:58.888,63.338,21.733,21.034,0.490,1.008,4.340,5.672,0.042,false,30.199,NONE,14,180,sequential_yolo_pose,SM-S906U1,GPU
2026-04-22 23:58:58.969,74.441,19.833,23.766,0.513,1.221,9.681,6.280,0.040,false,20.219,NONE,14,180,sequential_yolo_pose,SM-S906U1,GPU
2026-04-22 23:58:59.040,65.897,20.792,23.216,0.336,0.718,3.118,5.433,0.042,false,20.215,NONE,14,180,sequential_yolo_pose,SM-S906U1,GPU
2026-04-22 23:58:59.112,65.594,19.650,21.742,0.843,1.034,4.097,4.823,0.038,false,20.094,NONE,14,180,sequential_yolo_pose,SM-S906U1,GPU
2026-04-22 23:58:59.185,68.082,23.717,21.923,0.327,0.741,4.263,5.331,0.040,false,37.070,NONE,14,180,sequential_yolo_pose,SM-S906U1,GPU
2026-04-22 23:58:59.261,70.358,23.377,20.963,0.405,0.993,3.946,6.279,0.364,false,21.988,NONE,14,180,sequential_yolo_pose,SM-S906U1,GPU
2026-04-22 23:58:59.334,66.453,19.198,20.833,0.392,1.048,5.727,7.237,0.066,false,38.871,NONE,14,180,sequential_yolo_pose,SM-S906U1,GPU
2026-04-22 23:58:59.405,65.395,22.515,20.647,0.380,0.786,3.749,5.402,0.039,false,29.602,NONE,14,180,sequential_yolo_pose,SM-S906U1,GPU
2026-04-22 23:58:59.477,67.484,24.893,21.559,0.458,1.007,3.646,5.074,0.037,false,29.375,NONE,14,180,sequential_yolo_pose,SM-S906U1,GPU
2026-04-22 23:58:59.546,64.530,18.018,21.458,1.043,1.166,5.219,5.114,0.044,false,20.125,NONE,14,180,sequential_yolo_pose,SM-S906U1,GPU
2026-04-22 23:58:59.612,62.207,19.347,21.137,0.450,0.945,3.918,5.211,0.049,false,37.071,NONE,14,180,sequential_yolo_pose,SM-S906U1,GPU
2026-04-22 23:58:59.686,69.105,23.271,22.223,0.404,1.063,3.606,5.742,0.038,false,21.879,NONE,14,180,sequential_yolo_pose,SM-S906U1,GPU
2026-04-22 23:58:59.749,58.518,16.252,20.755,0.475,0.980,3.898,5.246,0.027,false,38.824,NONE,14,180,sequential_yolo_pose,SM-S906U1,GPU
2026-04-22 23:58:59.840,75.379,28.122,24.322,0.499,1.265,4.156,4.977,0.042,false,20.125,NONE,14,180,sequential_yolo_pose,SM-S906U1,GPU
2026-04-22 23:58:59.913,67.201,19.081,21.970,0.903,1.449,5.912,5.665,0.036,false,20.188,NONE,14,180,sequential_yolo_pose,SM-S906U1,GPU
2026-04-22 23:58:59.978,61.215,15.919,21.632,0.421,0.986,3.977,5.882,0.023,false,37.164,NONE,14,180,sequential_yolo_pose,SM-S906U1,GPU
2026-04-22 23:59:00.050,68.602,23.763,21.534,0.335,0.877,3.758,5.591,0.056,false,30.113,NONE,14,180,sequential_yolo_pose,SM-S906U1,GPU
2026-04-22 23:59:00.128,73.078,21.650,21.964,0.427,1.090,4.310,7.411,0.055,false,21.816,NONE,14,180,sequential_yolo_pose,SM-S906U1,GPU
2026-04-22 23:59:00.206,69.291,19.131,20.833,1.084,4.245,6.330,6.049,0.032,false,38.762,NONE,14,180,sequential_yolo_pose,SM-S906U1,GPU
2026-04-22 23:59:00.287,73.314,23.357,22.066,0.839,0.931,3.870,5.428,0.035,false,20.121,LIGHT,14,180,sequential_yolo_pose,SM-S906U1,GPU
2026-04-22 23:59:00.353,58.118,16.132,21.248,0.399,0.637,3.674,6.488,0.036,false,37.160,LIGHT,14,180,sequential_yolo_pose,SM-S906U1,GPU
2026-04-22 23:59:00.429,70.037,20.424,20.924,0.604,1.352,5.531,7.711,0.043,false,29.695,LIGHT,14,180,sequential_yolo_pose,SM-S906U1,GPU
2026-04-22 23:59:00.500,65.993,17.163,20.727,0.376,1.140,4.885,6.147,0.059,false,29.379,LIGHT,14,180,sequential_yolo_pose,SM-S906U1,GPU
2026-04-22 23:59:00.575,69.987,25.320,21.744,0.340,0.782,3.651,5.024,0.044,false,23.078,LIGHT,14,180,sequential_yolo_pose,SM-S906U1,GPU
2026-04-22 23:59:00.649,69.804,17.780,21.960,0.530,1.062,4.672,5.627,0.050,false,40.024,LIGHT,14,180,sequential_yolo_pose,SM-S906U1,GPU
2026-04-22 23:59:00.723,67.979,20.349,21.551,0.367,0.887,3.641,6.874,0.044,false,29.387,LIGHT,14,180,sequential_yolo_pose,SM-S906U1,GPU
2026-04-22 23:59:00.802,70.915,22.649,20.234,0.512,1.038,5.122,8.055,0.048,false,29.664,LIGHT,14,180,sequential_yolo_pose,SM-S906U1,GPU
2026-04-22 23:59:00.874,67.112,18.316,21.215,0.643,1.138,5.211,5.498,0.043,false,29.410,LIGHT,14,180,sequential_yolo_pose,SM-S906U1,GPU
2026-04-22 23:59:00.945,64.891,20.155,20.798,0.384,0.665,4.203,5.591,0.043,false,29.406,LIGHT,14,180,sequential_yolo_pose,SM-S906U1,GPU
2026-04-22 23:59:01.017,66.199,20.300,21.290,0.468,0.928,3.913,5.652,0.044,false,29.664,LIGHT,14,180,sequential_yolo_pose,SM-S906U1,GPU
2026-04-22 23:59:01.089,67.009,20.971,21.204,0.655,0.754,3.121,5.365,0.032,false,20.152,LIGHT,14,180,sequential_yolo_pose,SM-S906U1,GPU
2026-04-22 23:59:01.149,56.536,17.158,20.801,0.335,0.648,3.278,5.188,0.029,false,37.129,LIGHT,14,180,sequential_yolo_pose,SM-S906U1,GPU
2026-04-22 23:59:01.212,60.190,18.279,21.375,0.407,1.028,4.172,5.789,0.036,false,21.973,LIGHT,14,180,sequential_yolo_pose,SM-S906U1,GPU
2026-04-22 23:59:01.274,57.762,17.175,20.880,0.370,0.610,3.232,4.963,0.019,false,38.824,LIGHT,14,180,sequential_yolo_pose,SM-S906U1,GPU
2026-04-22 23:59:01.338,60.784,20.426,21.930,0.371,0.647,3.145,4.966,0.042,false,29.606,LIGHT,14,180,sequential_yolo_pose,SM-S906U1,GPU
2026-04-22 23:59:01.414,69.118,21.213,22.810,0.543,1.107,4.276,6.873,0.048,false,16.773,LIGHT,14,180,sequential_yolo_pose,SM-S906U1,GPU
2026-04-22 23:59:01.484,65.538,18.335,21.780,0.906,1.041,4.356,6.143,0.037,false,20.094,LIGHT,14,180,sequential_yolo_pose,SM-S906U1,GPU
2026-04-22 23:59:01.546,57.628,17.512,21.149,0.355,0.737,3.549,6.239,0.020,false,37.133,LIGHT,14,180,sequential_yolo_pose,SM-S906U1,GPU
2026-04-22 23:59:01.622,71.835,22.631,21.192,0.738,1.176,5.248,6.050,0.316,false,29.664,LIGHT,14,180,sequential_yolo_pose,SM-S906U1,GPU
2026-04-22 23:59:01.705,74.885,21.121,21.006,1.352,2.475,6.774,5.540,0.042,false,29.348,LIGHT,14,180,sequential_yolo_pose,SM-S906U1,GPU
2026-04-22 23:59:01.783,64.576,18.639,21.265,0.859,2.730,3.851,5.083,0.042,false,20.090,LIGHT,14,180,sequential_yolo_pose,SM-S906U1,GPU
2026-04-22 23:59:01.849,62.287,17.253,21.869,0.773,1.115,4.134,5.031,0.032,false,20.125,LIGHT,14,180,sequential_yolo_pose,SM-S906U1,GPU
2026-04-22 23:59:01.914,60.615,17.066,20.677,0.510,0.998,3.984,5.519,0.027,false,37.258,LIGHT,14,180,sequential_yolo_pose,SM-S906U1,GPU
2026-04-22 23:59:01.994,74.883,24.016,21.801,0.824,1.756,6.418,6.285,0.039,false,23.082,LIGHT,14,180,sequential_yolo_pose,SM-S906U1,GPU
2026-04-22 23:59:02.073,73.556,20.114,20.406,0.373,0.670,5.242,13.195,0.042,false,40.059,LIGHT,14,180,sequential_yolo_pose,SM-S906U1,GPU
2026-04-22 23:59:02.144,66.547,19.505,21.544,0.355,0.666,3.737,5.218,0.046,false,29.391,LIGHT,14,180,sequential_yolo_pose,SM-S906U1,GPU
2026-04-22 23:59:02.217,67.121,19.462,21.033,0.700,1.071,3.928,5.090,0.043,false,20.152,LIGHT,14,180,sequential_yolo_pose,SM-S906U1,GPU
2026-04-22 23:59:02.289,66.991,21.262,21.107,0.638,0.851,3.388,5.431,0.045,false,20.090,LIGHT,14,180,sequential_yolo_pose,SM-S906U1,GPU
2026-04-22 23:59:02.351,54.820,16.344,20.637,0.309,0.627,3.554,5.228,0.032,false,37.129,LIGHT,14,180,sequential_yolo_pose,SM-S906U1,GPU
2026-04-22 23:59:02.422,63.521,19.213,20.958,0.754,1.225,4.680,5.667,0.042,false,17.031,LIGHT,14,180,sequential_yolo_pose,SM-S906U1,GPU
2026-04-22 23:59:02.490,63.278,17.940,21.253,0.793,1.050,4.174,5.135,0.037,false,20.184,LIGHT,14,180,sequential_yolo_pose,SM-S906U1,GPU
2026-04-22 23:59:02.554,58.963,16.487,20.864,0.494,1.025,3.697,5.350,0.031,false,37.129,LIGHT,14,180,sequential_yolo_pose,SM-S906U1,GPU
2026-04-22 23:59:02.622,63.305,18.088,22.057,0.536,1.147,4.023,5.395,0.037,false,17.152,LIGHT,14,180,sequential_yolo_pose,SM-S906U1,GPU
2026-04-22 23:59:02.701,70.977,22.050,20.633,0.985,1.219,5.049,6.787,0.035,false,20.184,LIGHT,14,180,sequential_yolo_pose,SM-S906U1,GPU
2026-04-22 23:59:02.776,71.079,20.432,23.273,0.645,1.181,6.024,6.395,0.037,false,20.184,LIGHT,14,180,sequential_yolo_pose,SM-S906U1,GPU
2026-04-22 23:59:02.843,62.906,17.279,23.372,0.624,0.916,4.098,4.874,0.031,false,20.207,LIGHT,14,180,sequential_yolo_pose,SM-S906U1,GPU
2026-04-22 23:59:02.913,65.499,21.197,21.131,0.257,0.614,3.614,4.928,0.038,false,37.278,LIGHT,14,180,sequential_yolo_pose,SM-S906U1,GPU
2026-04-22 23:59:02.988,70.478,18.661,22.210,0.748,1.140,4.367,6.003,0.039,false,20.184,LIGHT,14,180,sequential_yolo_pose,SM-S906U1,GPU
2026-04-22 23:59:03.068,74.596,18.773,26.972,0.576,1.047,5.927,10.177,0.043,false,20.215,LIGHT,14,180,sequential_yolo_pose,SM-S906U1,GPU
2026-04-22 23:59:03.150,78.002,22.795,21.994,0.921,0.710,3.125,10.211,0.024,false,20.246,LIGHT,14,180,sequential_yolo_pose,SM-S906U1,GPU
2026-04-22 23:59:03.201,47.625,18.358,20.863,0.242,0.000,0.000,0.000,0.000,true,33.859,LIGHT,14,180,sequential_yolo_pose,SM-S906U1,GPU
2026-04-22 23:59:03.267,62.269,20.369,21.088,0.326,0.846,3.141,7.628,0.035,false,21.512,LIGHT,14,180,sequential_yolo_pose,SM-S906U1,GPU
2026-04-22 23:59:03.327,54.984,20.328,22.180,0.319,0.000,0.000,0.000,0.000,true,35.125,LIGHT,14,180,sequential_yolo_pose,SM-S906U1,GPU
2026-04-22 23:59:03.387,54.828,21.588,20.929,0.404,0.000,0.000,0.000,0.000,true,19.660,LIGHT,14,180,sequential_yolo_pose,SM-S906U1,GPU
2026-04-22 23:59:03.452,58.985,22.437,21.368,0.788,0.000,0.000,0.000,0.000,true,33.367,LIGHT,14,180,sequential_yolo_pose,SM-S906U1,GPU
2026-04-22 23:59:03.537,68.593,22.091,20.977,0.319,0.697,3.203,5.471,0.048,false,21.359,LIGHT,14,180,sequential_yolo_pose,SM-S906U1,GPU
2026-04-22 23:59:03.612,70.243,21.071,22.622,0.617,1.463,5.891,5.915,0.053,false,38.274,LIGHT,14,180,sequential_yolo_pose,SM-S906U1,GPU
2026-04-22 23:59:03.689,71.209,21.616,20.781,0.788,1.147,4.005,4.925,0.033,false,20.211,LIGHT,14,180,sequential_yolo_pose,SM-S906U1,GPU
2026-04-22 23:59:03.749,52.542,20.366,20.961,0.326,0.000,0.000,0.000,0.000,true,33.856,LIGHT,14,180,sequential_yolo_pose,SM-S906U1,GPU
2026-04-22 23:59:03.836,81.943,27.428,21.826,0.737,0.906,4.650,4.833,0.029,false,21.906,LIGHT,14,180,sequential_yolo_pose,SM-S906U1,GPU
2026-04-22 23:59:03.894,54.454,21.470,21.555,0.278,0.000,0.000,0.000,0.000,true,35.488,LIGHT,14,180,sequential_yolo_pose,SM-S906U1,GPU
2026-04-22 23:59:03.959,60.122,23.443,21.187,0.276,0.000,0.000,0.000,0.000,true,18.398,LIGHT,14,180,sequential_yolo_pose,SM-S906U1,GPU
2026-04-22 23:59:04.033,68.631,20.542,22.313,0.360,1.101,4.538,7.879,0.048,false,35.500,LIGHT,14,180,sequential_yolo_pose,SM-S906U1,GPU
2026-04-22 23:59:04.107,68.290,22.025,22.757,0.357,0.999,3.632,5.175,0.039,false,21.820,LIGHT,14,180,sequential_yolo_pose,SM-S906U1,GPU
2026-04-22 23:59:04.174,63.222,19.371,21.094,0.400,1.146,4.305,5.453,0.043,false,38.672,LIGHT,14,180,sequential_yolo_pose,SM-S906U1,GPU
2026-04-22 23:59:04.248,67.633,18.977,21.832,0.938,1.251,4.291,5.304,0.032,false,20.121,LIGHT,14,180,sequential_yolo_pose,SM-S906U1,GPU
2026-04-22 23:59:04.322,68.633,20.310,21.668,0.474,1.093,5.848,6.729,0.067,false,37.192,LIGHT,14,180,sequential_yolo_pose,SM-S906U1,GPU
2026-04-22 23:59:04.406,71.041,21.630,21.850,0.764,3.717,3.687,4.958,0.033,false,20.152,LIGHT,14,180,sequential_yolo_pose,SM-S906U1,GPU
2026-04-22 23:59:04.473,61.968,17.065,22.881,1.072,1.225,5.331,5.333,0.040,false,20.184,LIGHT,14,180,sequential_yolo_pose,SM-S906U1,GPU
2026-04-22 23:59:04.543,66.047,22.139,21.518,0.590,0.710,3.119,5.204,0.038,false,20.090,LIGHT,14,180,sequential_yolo_pose,SM-S906U1,GPU
2026-04-22 23:59:04.609,62.125,19.740,21.294,0.304,0.821,3.449,4.859,0.050,false,37.129,LIGHT,14,180,sequential_yolo_pose,SM-S906U1,GPU
2026-04-22 23:59:04.680,66.872,24.002,20.856,0.416,0.921,3.519,5.144,0.052,false,21.961,LIGHT,14,180,sequential_yolo_pose,SM-S906U1,GPU
2026-04-22 23:59:04.756,68.485,19.878,21.874,0.288,1.230,5.079,5.994,0.117,false,38.813,LIGHT,14,180,sequential_yolo_pose,SM-S906U1,GPU
2026-04-22 23:59:04.844,78.350,23.903,22.439,0.898,3.759,8.102,5.568,0.042,false,20.184,LIGHT,14,180,sequential_yolo_pose,SM-S906U1,GPU
2026-04-22 23:59:04.920,70.440,16.586,22.044,0.804,1.041,4.128,5.908,0.036,false,20.246,LIGHT,14,180,sequential_yolo_pose,SM-S906U1,GPU
2026-04-22 23:59:04.985,61.444,17.104,22.072,0.423,0.955,3.997,5.355,0.042,false,37.223,LIGHT,14,180,sequential_yolo_pose,SM-S906U1,GPU
2026-04-22 23:59:05.051,61.829,15.947,22.134,0.456,0.967,4.077,5.951,0.034,false,17.250,LIGHT,14,180,sequential_yolo_pose,SM-S906U1,GPU
2026-04-22 23:59:05.119,63.528,17.763,22.366,0.804,1.144,4.875,5.662,0.036,false,20.156,LIGHT,14,180,sequential_yolo_pose,SM-S906U1,GPU
2026-04-22 23:59:05.182,56.492,17.598,20.616,0.392,0.717,3.103,5.992,0.032,false,37.164,LIGHT,14,180,sequential_yolo_pose,SM-S906U1,GPU
2026-04-22 23:59:05.260,72.165,21.762,25.742,0.537,1.063,4.171,5.529,0.052,false,23.129,LIGHT,14,180,sequential_yolo_pose,SM-S906U1,GPU
2026-04-22 23:59:05.331,63.582,17.980,22.824,0.459,0.722,5.657,5.592,0.048,false,39.981,LIGHT,14,180,sequential_yolo_pose,SM-S906U1,GPU
2026-04-22 23:59:05.404,67.264,26.003,20.941,0.502,0.993,3.645,4.870,0.046,false,29.379,LIGHT,14,180,sequential_yolo_pose,SM-S906U1,GPU
2026-04-22 23:59:05.470,62.641,20.110,20.884,0.482,0.967,3.808,5.382,0.031,false,20.219,LIGHT,14,180,sequential_yolo_pose,SM-S906U1,GPU
2026-04-22 23:59:05.536,63.046,20.677,21.389,0.361,0.673,3.013,5.406,0.051,false,20.152,LIGHT,14,180,sequential_yolo_pose,SM-S906U1,GPU
2026-04-22 23:59:05.609,68.116,20.674,22.729,0.614,1.084,5.027,5.174,0.048,false,20.152,LIGHT,14,180,sequential_yolo_pose,SM-S906U1,GPU
2026-04-22 23:59:05.680,66.648,21.569,20.948,0.739,0.823,3.210,5.112,0.062,false,20.059,LIGHT,14,180,sequential_yolo_pose,SM-S906U1,GPU
2026-04-22 23:59:05.741,55.683,16.853,20.760,0.363,0.753,2.996,5.226,0.040,false,37.129,LIGHT,14,180,sequential_yolo_pose,SM-S906U1,GPU
2026-04-22 23:59:05.808,62.690,20.118,21.815,0.342,0.907,2.836,4.693,0.039,false,17.063,LIGHT,14,180,sequential_yolo_pose,SM-S906U1,GPU
2026-04-22 23:59:05.879,66.068,20.090,21.645,0.981,1.025,4.226,5.197,0.049,false,20.219,LIGHT,15,180,sequential_yolo_pose,SM-S906U1,GPU
2026-04-22 23:59:05.949,64.928,21.186,21.112,0.454,0.668,3.097,5.120,0.031,false,37.227,LIGHT,15,180,sequential_yolo_pose,SM-S906U1,GPU
2026-04-22 23:59:06.013,58.533,17.249,21.412,0.446,0.945,3.579,4.853,0.034,false,21.887,LIGHT,15,180,sequential_yolo_pose,SM-S906U1,GPU
2026-04-22 23:59:06.076,57.813,16.225,21.470,0.367,0.587,2.978,4.710,0.040,false,38.832,LIGHT,15,180,sequential_yolo_pose,SM-S906U1,GPU
2026-04-22 23:59:06.146,64.956,20.499,21.434,0.369,0.644,2.962,5.464,0.042,false,29.613,LIGHT,15,180,sequential_yolo_pose,SM-S906U1,GPU
2026-04-22 23:59:06.216,65.217,19.418,21.594,0.924,1.083,4.308,5.239,0.085,false,20.227,LIGHT,15,180,sequential_yolo_pose,SM-S906U1,GPU
2026-04-22 23:59:06.290,68.738,18.008,22.207,0.592,1.128,6.459,6.744,0.053,false,37.328,LIGHT,15,180,sequential_yolo_pose,SM-S906U1,GPU
2026-04-22 23:59:06.369,72.517,22.602,21.263,0.418,0.723,3.752,8.676,0.037,false,29.629,LIGHT,15,180,sequential_yolo_pose,SM-S906U1,GPU
2026-04-22 23:59:06.441,67.398,20.374,21.302,0.681,1.477,4.762,5.275,0.044,false,29.359,LIGHT,15,180,sequential_yolo_pose,SM-S906U1,GPU
2026-04-22 23:59:06.513,66.894,22.669,21.299,0.453,0.742,3.141,4.858,0.038,false,21.785,LIGHT,15,180,sequential_yolo_pose,SM-S906U1,GPU
2026-04-22 23:59:06.582,64.431,19.676,21.406,0.587,0.961,3.900,5.141,0.039,false,38.762,LIGHT,15,180,sequential_yolo_pose,SM-S906U1,GPU
2026-04-22 23:59:06.666,71.601,20.524,24.490,0.513,1.461,6.521,5.578,0.033,false,20.277,LIGHT,15,180,sequential_yolo_pose,SM-S906U1,GPU
2026-04-22 23:59:06.734,63.523,16.407,21.405,0.956,0.941,4.397,7.593,0.034,false,20.211,LIGHT,15,180,sequential_yolo_pose,SM-S906U1,GPU
2026-04-22 23:59:06.802,65.291,20.598,20.662,0.394,0.718,4.697,6.737,0.055,false,37.188,LIGHT,15,180,sequential_yolo_pose,SM-S906U1,GPU
2026-04-22 23:59:06.877,69.693,23.215,23.825,0.422,0.928,3.824,5.244,0.036,false,28.688,LIGHT,14,180,sequential_yolo_pose,SM-S906U1,GPU
2026-04-22 23:59:06.945,64.214,19.872,22.041,0.660,0.661,3.023,4.955,0.025,false,20.156,LIGHT,14,180,sequential_yolo_pose,SM-S906U1,GPU
2026-04-22 23:59:07.006,58.480,18.419,21.301,0.411,0.780,3.354,5.433,0.045,false,37.039,LIGHT,14,180,sequential_yolo_pose,SM-S906U1,GPU
2026-04-22 23:59:07.080,68.756,20.051,21.918,0.622,1.321,4.919,5.159,0.036,false,17.105,LIGHT,14,180,sequential_yolo_pose,SM-S906U1,GPU
2026-04-22 23:59:07.148,64.206,17.737,21.873,0.936,1.132,4.146,5.022,0.039,false,20.090,LIGHT,14,180,sequential_yolo_pose,SM-S906U1,GPU
2026-04-22 23:59:07.212,59.647,16.306,21.509,0.365,0.678,2.888,4.695,0.029,false,37.129,LIGHT,14,180,sequential_yolo_pose,SM-S906U1,GPU
2026-04-22 23:59:07.273,57.365,18.144,21.923,0.382,0.671,3.049,4.970,0.040,false,21.879,LIGHT,14,180,sequential_yolo_pose,SM-S906U1,GPU
2026-04-22 23:59:07.339,62.994,17.805,20.357,0.560,0.972,5.086,5.901,0.038,false,38.824,LIGHT,14,180,sequential_yolo_pose,SM-S906U1,GPU
2026-04-22 23:59:07.409,65.067,20.760,21.009,0.344,0.851,3.435,5.153,0.031,false,28.602,LIGHT,14,180,sequential_yolo_pose,SM-S906U1,GPU
2026-04-22 23:59:07.472,59.503,17.976,21.816,0.587,0.668,3.248,5.450,0.040,false,20.156,LIGHT,14,180,sequential_yolo_pose,SM-S906U1,GPU
2026-04-22 23:59:07.537,61.019,18.762,21.250,0.428,0.759,4.432,5.434,0.030,false,37.102,LIGHT,14,180,sequential_yolo_pose,SM-S906U1,GPU
2026-04-22 23:59:07.608,65.592,18.793,21.249,0.551,2.089,5.362,5.408,0.053,false,17.125,LIGHT,14,180,sequential_yolo_pose,SM-S906U1,GPU
2026-04-22 23:59:07.676,63.635,16.520,23.586,0.633,1.050,4.131,5.087,0.034,false,20.184,LIGHT,14,180,sequential_yolo_pose,SM-S906U1,GPU
2026-04-22 23:59:07.743,63.125,20.717,20.630,0.668,0.719,3.077,4.912,0.030,false,20.059,LIGHT,14,180,sequential_yolo_pose,SM-S906U1,GPU
2026-04-22 23:59:07.814,66.402,21.134,20.892,0.699,1.169,4.350,5.441,0.032,false,37.098,LIGHT,14,180,sequential_yolo_pose,SM-S906U1,GPU
2026-04-22 23:59:07.891,70.851,19.991,22.326,0.298,0.681,3.196,6.713,0.035,false,17.188,LIGHT,15,180,sequential_yolo_pose,SM-S906U1,GPU
2026-04-22 23:59:07.962,65.960,18.084,23.402,1.013,1.429,5.582,6.781,0.040,false,20.125,LIGHT,15,180,sequential_yolo_pose,SM-S906U1,GPU
2026-04-22 23:59:08.038,70.949,18.914,22.868,0.588,1.433,9.863,6.404,0.037,false,37.102,LIGHT,15,180,sequential_yolo_pose,SM-S906U1,GPU
2026-04-22 23:59:08.112,69.124,22.880,20.792,0.335,0.702,3.936,5.049,0.036,false,30.164,LIGHT,15,180,sequential_yolo_pose,SM-S906U1,GPU
2026-04-22 23:59:08.184,68.483,18.975,22.008,0.447,1.010,3.858,5.355,0.025,false,29.344,LIGHT,15,180,sequential_yolo_pose,SM-S906U1,GPU
2026-04-22 23:59:08.254,66.522,21.180,21.728,0.505,0.975,4.203,6.674,0.032,false,29.695,LIGHT,15,180,sequential_yolo_pose,SM-S906U1,GPU
2026-04-22 23:59:08.330,71.528,20.898,21.501,0.523,4.066,5.265,6.644,0.037,false,20.188,LIGHT,15,180,sequential_yolo_pose,SM-S906U1,GPU
2026-04-22 23:59:08.395,60.271,16.663,21.778,0.499,0.921,3.730,5.336,0.037,false,37.039,LIGHT,15,180,sequential_yolo_pose,SM-S906U1,GPU
2026-04-22 23:59:08.464,65.031,21.024,21.738,0.325,0.809,3.012,6.019,0.057,false,17.063,LIGHT,15,180,sequential_yolo_pose,SM-S906U1,GPU
2026-04-22 23:59:08.540,69.330,19.209,21.613,1.545,1.801,6.402,5.156,0.043,false,20.152,LIGHT,15,180,sequential_yolo_pose,SM-S906U1,GPU
2026-04-22 23:59:08.607,63.095,20.204,20.741,0.322,0.796,3.945,5.587,0.048,false,37.192,LIGHT,15,180,sequential_yolo_pose,SM-S906U1,GPU
2026-04-22 23:59:08.673,60.600,17.222,20.985,0.343,0.733,3.278,5.277,0.257,false,29.727,LIGHT,15,180,sequential_yolo_pose,SM-S906U1,GPU
2026-04-22 23:59:08.745,68.244,17.775,23.449,0.785,0.778,10.070,5.555,0.028,false,20.313,LIGHT,15,180,sequential_yolo_pose,SM-S906U1,GPU
2026-04-22 23:59:08.809,60.677,17.779,21.571,0.635,1.425,5.288,5.565,0.039,false,37.195,LIGHT,15,180,sequential_yolo_pose,SM-S906U1,GPU
2026-04-22 23:59:08.884,70.462,23.519,22.460,0.382,1.054,3.906,5.671,0.038,false,21.941,LIGHT,14,180,sequential_yolo_pose,SM-S906U1,GPU
2026-04-22 23:59:08.952,64.062,19.833,21.544,0.501,1.049,3.868,5.385,0.030,false,38.918,LIGHT,14,180,sequential_yolo_pose,SM-S906U1,GPU
2026-04-22 23:59:09.025,68.250,22.756,20.835,0.445,1.016,4.094,9.368,0.044,false,29.699,LIGHT,14,180,sequential_yolo_pose,SM-S906U1,GPU
2026-04-22 23:59:09.099,68.677,19.487,24.183,1.107,1.187,5.221,4.996,0.039,false,20.156,LIGHT,14,180,sequential_yolo_pose,SM-S906U1,GPU
2026-04-22 23:59:09.170,67.353,20.905,21.585,0.413,0.824,5.623,5.805,0.035,false,37.102,LIGHT,14,180,sequential_yolo_pose,SM-S906U1,GPU
2026-04-22 23:59:09.244,68.242,23.875,21.092,0.499,1.003,4.151,5.271,0.038,false,21.848,LIGHT,14,180,sequential_yolo_pose,SM-S906U1,GPU
2026-04-22 23:59:09.315,66.963,20.572,22.129,0.410,0.804,5.138,5.359,0.066,false,38.793,LIGHT,14,180,sequential_yolo_pose,SM-S906U1,GPU
2026-04-22 23:59:09.384,63.297,17.887,21.115,0.581,1.101,4.183,5.443,0.043,false,29.567,LIGHT,14,180,sequential_yolo_pose,SM-S906U1,GPU
2026-04-22 23:59:09.463,73.813,20.491,27.737,0.999,1.129,4.183,5.701,0.053,false,20.219,LIGHT,14,180,sequential_yolo_pose,SM-S906U1,GPU
2026-04-22 23:59:09.534,67.120,22.517,20.520,0.498,0.806,4.497,5.753,0.045,false,37.102,LIGHT,14,180,sequential_yolo_pose,SM-S906U1,GPU
2026-04-22 23:59:09.610,69.913,28.543,21.102,0.487,1.041,3.950,5.461,0.038,false,30.227,LIGHT,14,180,sequential_yolo_pose,SM-S906U1,GPU
2026-04-22 23:59:09.681,66.528,22.085,21.359,0.620,0.737,3.250,5.351,0.038,false,20.125,LIGHT,14,180,sequential_yolo_pose,SM-S906U1,GPU
2026-04-22 23:59:09.752,65.603,19.596,20.890,0.657,1.152,4.687,5.573,0.054,false,37.102,LIGHT,14,180,sequential_yolo_pose,SM-S906U1,GPU
2026-04-22 23:59:09.821,63.176,18.233,22.344,0.538,1.080,4.018,5.801,0.032,false,17.227,LIGHT,14,180,sequential_yolo_pose,SM-S906U1,GPU
2026-04-22 23:59:09.889,62.625,18.085,22.675,1.008,1.120,4.735,5.703,0.026,false,20.223,LIGHT,14,180,sequential_yolo_pose,SM-S906U1,GPU
2026-04-22 23:59:09.967,73.542,19.853,21.355,0.933,1.512,6.632,11.321,0.045,false,37.293,LIGHT,14,180,sequential_yolo_pose,SM-S906U1,GPU
2026-04-22 23:59:10.044,69.532,19.714,21.262,0.601,2.052,7.745,5.338,0.052,false,17.125,LIGHT,14,180,sequential_yolo_pose,SM-S906U1,GPU
2026-04-22 23:59:10.114,63.445,17.200,21.153,0.710,0.690,3.210,4.848,0.037,false,20.121,LIGHT,14,180,sequential_yolo_pose,SM-S906U1,GPU
2026-04-22 23:59:10.178,60.086,17.956,21.026,0.564,0.719,3.714,4.960,0.049,false,37.067,LIGHT,14,180,sequential_yolo_pose,SM-S906U1,GPU
2026-04-22 23:59:10.249,65.843,18.791,22.583,0.449,1.121,4.034,5.262,0.062,false,17.082,LIGHT,14,180,sequential_yolo_pose,SM-S906U1,GPU
2026-04-22 23:59:10.323,68.882,18.492,23.800,0.966,1.090,5.435,6.011,0.062,false,20.121,LIGHT,14,180,sequential_yolo_pose,SM-S906U1,GPU
2026-04-22 23:59:10.395,62.819,18.108,21.245,0.510,1.007,4.170,5.368,0.037,false,37.160,LIGHT,14,180,sequential_yolo_pose,SM-S906U1,GPU
2026-04-22 23:59:10.474,74.526,24.003,21.640,0.683,1.734,7.253,6.656,0.054,false,21.848,LIGHT,14,180,sequential_yolo_pose,SM-S906U1,GPU
2026-04-22 23:59:10.552,72.182,23.464,20.943,0.653,1.291,5.429,5.545,0.061,false,38.793,LIGHT,14,180,sequential_yolo_pose,SM-S906U1,GPU
2026-04-22 23:59:10.620,62.599,20.512,20.957,0.550,1.101,4.156,5.816,0.064,false,29.567,LIGHT,14,180,sequential_yolo_pose,SM-S906U1,GPU
2026-04-22 23:59:10.697,70.234,21.276,23.076,0.938,1.142,4.762,5.277,0.045,false,20.188,LIGHT,14,180,sequential_yolo_pose,SM-S906U1,GPU
2026-04-22 23:59:10.765,64.105,18.102,21.919,0.506,0.973,4.436,5.512,0.035,false,37.070,LIGHT,14,180,sequential_yolo_pose,SM-S906U1,GPU
2026-04-22 23:59:10.838,68.682,20.931,22.635,0.508,1.161,5.950,5.164,0.057,false,17.105,LIGHT,14,180,sequential_yolo_pose,SM-S906U1,GPU
2026-04-22 23:59:10.907,63.678,17.888,20.594,0.834,2.104,4.120,4.832,0.044,false,20.219,LIGHT,14,180,sequential_yolo_pose,SM-S906U1,GPU
2026-04-22 23:59:10.978,66.657,22.193,21.253,0.613,0.720,3.732,5.389,0.040,false,20.215,LIGHT,14,180,sequential_yolo_pose,SM-S906U1,GPU
2026-04-22 23:59:11.040,57.863,17.297,20.864,0.359,0.654,3.665,5.128,0.039,false,37.160,LIGHT,14,180,sequential_yolo_pose,SM-S906U1,GPU
2026-04-22 23:59:11.110,64.443,19.570,21.349,0.454,1.033,3.906,5.194,0.037,false,17.188,LIGHT,14,180,sequential_yolo_pose,SM-S906U1,GPU
2026-04-22 23:59:11.179,64.488,18.868,21.057,0.877,1.061,4.230,5.512,0.033,false,20.188,LIGHT,14,180,sequential_yolo_pose,SM-S906U1,GPU
2026-04-22 23:59:11.259,74.177,22.094,21.134,0.796,1.791,7.359,6.805,0.031,false,37.196,LIGHT,14,180,sequential_yolo_pose,SM-S906U1,GPU
2026-04-22 23:59:11.340,69.617,19.124,22.106,1.101,1.348,5.643,5.139,0.042,false,20.152,LIGHT,14,180,sequential_yolo_pose,SM-S906U1,GPU
2026-04-22 23:59:11.410,65.272,21.414,21.514,0.581,0.786,3.613,4.955,0.042,false,37.192,LIGHT,14,180,sequential_yolo_pose,SM-S906U1,GPU
2026-04-22 23:59:11.481,66.329,20.656,21.536,0.503,1.102,4.028,5.426,0.044,false,29.633,LIGHT,14,180,sequential_yolo_pose,SM-S906U1,GPU
2026-04-22 23:59:11.560,73.419,22.013,21.727,0.870,1.288,4.386,5.646,0.067,false,20.152,LIGHT,14,180,sequential_yolo_pose,SM-S906U1,GPU
2026-04-22 23:59:11.635,67.906,22.115,20.772,0.419,0.743,5.282,5.749,0.063,false,37.129,LIGHT,14,180,sequential_yolo_pose,SM-S906U1,GPU
2026-04-22 23:59:11.708,66.497,21.223,21.298,0.534,1.427,4.319,5.045,0.038,false,17.063,LIGHT,14,180,sequential_yolo_pose,SM-S906U1,GPU
2026-04-22 23:59:11.776,64.189,21.703,20.357,0.604,0.736,3.158,4.807,0.034,false,20.125,LIGHT,14,180,sequential_yolo_pose,SM-S906U1,GPU
2026-04-22 23:59:11.837,57.584,17.153,21.389,0.390,0.617,3.251,4.853,0.038,false,37.133,LIGHT,14,180,sequential_yolo_pose,SM-S906U1,GPU
2026-04-22 23:59:11.909,67.259,22.195,21.538,0.511,1.082,4.385,5.095,0.041,false,21.945,LIGHT,14,180,sequential_yolo_pose,SM-S906U1,GPU
2026-04-22 23:59:11.977,63.994,18.886,20.863,0.486,1.462,4.087,5.584,0.038,false,38.922,LIGHT,14,180,sequential_yolo_pose,SM-S906U1,GPU
2026-04-22 23:59:12.048,61.733,17.535,21.194,0.628,0.781,3.237,5.003,0.032,false,20.090,LIGHT,14,180,sequential_yolo_pose,SM-S906U1,GPU
2026-04-22 23:59:12.113,60.890,18.104,21.559,0.597,1.133,4.898,6.020,0.038,false,37.129,LIGHT,14,180,sequential_yolo_pose,SM-S906U1,GPU
2026-04-22 23:59:12.182,64.437,19.938,21.628,0.529,1.094,3.849,5.307,0.028,false,17.184,LIGHT,14,180,sequential_yolo_pose,SM-S906U1,GPU
2026-04-22 23:59:12.251,64.388,17.950,21.179,0.889,1.149,4.296,5.127,0.034,false,20.031,LIGHT,14,180,sequential_yolo_pose,SM-S906U1,GPU
2026-04-22 23:59:12.324,69.152,21.306,20.910,0.407,1.081,5.014,5.997,0.088,false,37.102,LIGHT,14,180,sequential_yolo_pose,SM-S906U1,GPU
2026-04-22 23:59:12.400,66.458,19.120,21.606,0.423,1.245,5.068,6.544,0.057,false,21.852,LIGHT,14,180,sequential_yolo_pose,SM-S906U1,GPU
2026-04-22 23:59:12.475,70.458,20.541,21.048,0.638,1.765,7.354,6.156,0.049,false,38.735,LIGHT,14,180,sequential_yolo_pose,SM-S906U1,GPU
2026-04-22 23:59:12.566,83.370,17.268,26.016,0.805,1.077,4.916,9.869,0.039,false,20.152,LIGHT,14,180,sequential_yolo_pose,SM-S906U1,GPU
2026-04-22 23:59:12.636,65.778,19.768,21.748,0.454,1.030,4.588,5.158,0.049,false,37.129,LIGHT,14,180,sequential_yolo_pose,SM-S906U1,GPU
2026-04-22 23:59:12.703,63.708,18.352,21.587,0.467,1.169,4.376,5.365,0.052,false,17.117,LIGHT,14,180,sequential_yolo_pose,SM-S906U1,GPU
2026-04-22 23:59:12.777,69.382,21.377,21.814,0.914,1.163,4.826,5.407,0.042,false,20.121,LIGHT,14,180,sequential_yolo_pose,SM-S906U1,GPU
2026-04-22 23:59:12.843,62.596,17.180,20.953,0.480,1.028,4.131,5.422,0.027,false,37.129,LIGHT,14,180,sequential_yolo_pose,SM-S906U1,GPU
2026-04-22 23:59:12.912,65.187,17.666,22.152,0.476,1.108,3.917,5.221,0.035,false,29.820,LIGHT,14,180,sequential_yolo_pose,SM-S906U1,GPU
2026-04-22 23:59:12.984,68.076,20.557,21.058,0.504,1.146,4.390,5.296,0.038,false,20.125,LIGHT,14,180,sequential_yolo_pose,SM-S906U1,GPU
2026-04-22 23:59:13.056,68.160,19.290,21.607,0.495,1.100,5.023,6.583,0.054,false,37.102,LIGHT,14,180,sequential_yolo_pose,SM-S906U1,GPU
2026-04-22 23:59:13.135,73.000,20.679,21.590,0.727,1.730,9.869,5.825,0.041,false,17.125,LIGHT,14,180,sequential_yolo_pose,SM-S906U1,GPU
2026-04-22 23:59:13.209,69.947,20.490,21.019,1.095,1.347,5.809,6.528,0.038,false,20.152,LIGHT,14,180,sequential_yolo_pose,SM-S906U1,GPU
2026-04-22 23:59:13.275,61.881,17.126,21.525,0.480,1.030,4.105,5.018,0.034,false,37.129,LIGHT,14,180,sequential_yolo_pose,SM-S906U1,GPU
2026-04-22 23:59:13.347,67.755,17.401,22.175,0.312,0.651,3.027,5.614,0.034,false,29.758,LIGHT,14,180,sequential_yolo_pose,SM-S906U1,GPU
2026-04-22 23:59:13.416,64.308,19.046,21.124,0.439,1.352,4.323,5.839,0.043,false,16.828,LIGHT,14,180,sequential_yolo_pose,SM-S906U1,GPU
2026-04-22 23:59:13.487,65.686,17.683,21.598,0.777,1.155,4.716,5.413,0.059,false,20.063,LIGHT,14,180,sequential_yolo_pose,SM-S906U1,GPU
2026-04-22 23:59:13.564,69.977,19.410,21.248,0.472,1.290,5.495,6.878,0.047,false,37.102,LIGHT,14,180,sequential_yolo_pose,SM-S906U1,GPU
2026-04-22 23:59:13.634,65.106,17.323,22.075,0.692,1.463,4.733,8.921,0.033,false,17.129,LIGHT,14,180,sequential_yolo_pose,SM-S906U1,GPU
2026-04-22 23:59:13.706,68.462,20.312,22.413,0.870,1.113,5.218,5.567,0.041,false,20.184,LIGHT,14,180,sequential_yolo_pose,SM-S906U1,GPU
2026-04-22 23:59:13.776,66.073,22.192,21.758,0.541,0.826,3.159,4.907,0.033,false,20.090,LIGHT,14,180,sequential_yolo_pose,SM-S906U1,GPU
2026-04-22 23:59:13.838,57.352,17.354,21.078,0.270,0.719,3.107,4.647,0.046,false,37.129,LIGHT,14,180,sequential_yolo_pose,SM-S906U1,GPU
2026-04-22 23:59:13.901,59.843,18.481,20.336,0.325,0.781,3.100,5.281,0.036,false,17.188,LIGHT,14,180,sequential_yolo_pose,SM-S906U1,GPU
2026-04-22 23:59:13.976,70.820,22.057,22.028,0.923,1.225,4.864,5.138,0.038,false,20.125,LIGHT,14,180,sequential_yolo_pose,SM-S906U1,GPU
2026-04-22 23:59:14.053,70.225,21.819,21.250,0.352,0.735,6.873,6.368,0.042,false,37.164,LIGHT,14,180,sequential_yolo_pose,SM-S906U1,GPU
2026-04-22 23:59:14.136,75.979,21.943,21.059,0.350,1.021,4.477,10.670,0.037,false,29.664,LIGHT,14,180,sequential_yolo_pose,SM-S906U1,GPU
2026-04-22 23:59:14.216,72.590,21.625,21.067,0.788,1.124,4.778,5.421,0.032,false,20.059,LIGHT,14,180,sequential_yolo_pose,SM-S906U1,GPU
2026-04-22 23:59:14.289,68.117,17.796,21.510,0.450,0.974,4.497,9.018,0.038,false,37.223,LIGHT,14,180,sequential_yolo_pose,SM-S906U1,GPU
2026-04-22 23:59:14.360,63.295,20.442,21.278,0.705,1.066,3.983,5.395,0.161,false,28.668,LIGHT,14,180,sequential_yolo_pose,SM-S906U1,GPU
2026-04-22 23:59:14.440,73.563,17.462,22.841,0.435,0.806,7.845,11.883,0.016,false,20.250,LIGHT,14,180,sequential_yolo_pose,SM-S906U1,GPU
2026-04-22 23:59:14.503,59.208,17.388,21.720,0.598,1.156,4.583,5.340,0.028,false,37.195,LIGHT,14,180,sequential_yolo_pose,SM-S906U1,GPU
2026-04-22 23:59:14.577,69.702,23.095,22.923,0.698,1.212,4.153,5.116,0.028,false,17.156,LIGHT,14,180,sequential_yolo_pose,SM-S906U1,GPU
2026-04-22 23:59:14.648,66.529,19.546,22.052,0.932,1.015,4.079,5.277,0.029,false,20.156,LIGHT,14,180,sequential_yolo_pose,SM-S906U1,GPU
2026-04-22 23:59:14.723,69.387,22.947,21.291,0.596,1.095,4.577,5.214,0.029,false,37.164,LIGHT,14,180,sequential_yolo_pose,SM-S906U1,GPU
2026-04-22 23:59:14.800,72.835,24.961,22.823,0.592,1.177,4.653,6.513,0.043,false,17.207,LIGHT,14,180,sequential_yolo_pose,SM-S906U1,GPU
2026-04-22 23:59:14.897,91.433,28.246,22.650,0.976,2.581,5.816,13.631,0.042,false,20.246,LIGHT,14,180,sequential_yolo_pose,SM-S906U1,GPU
2026-04-22 23:59:14.981,78.955,29.112,22.518,0.708,1.295,5.109,6.382,0.043,false,37.317,LIGHT,14,180,sequential_yolo_pose,SM-S906U1,GPU
2026-04-22 23:59:15.069,83.040,29.232,23.812,0.813,1.427,5.239,7.022,0.032,false,21.875,LIGHT,14,180,sequential_yolo_pose,SM-S906U1,GPU
2026-04-22 23:59:15.146,72.529,23.628,21.205,0.786,1.339,5.754,5.501,0.045,false,38.758,LIGHT,14,180,sequential_yolo_pose,SM-S906U1,GPU
2026-04-22 23:59:15.223,71.667,22.797,21.535,0.905,1.141,4.323,6.341,0.052,false,29.637,LIGHT,14,180,sequential_yolo_pose,SM-S906U1,GPU
2026-04-22 23:59:15.298,67.114,21.095,21.497,0.701,0.899,3.751,6.020,0.040,false,20.094,LIGHT,14,180,sequential_yolo_pose,SM-S906U1,GPU
2026-04-22 23:59:15.362,59.209,17.417,21.740,0.390,0.825,4.742,5.489,0.045,false,37.196,LIGHT,14,180,sequential_yolo_pose,SM-S906U1,GPU
2026-04-22 23:59:15.437,68.619,20.682,21.226,0.490,1.102,5.900,5.497,0.036,false,17.188,LIGHT,14,180,sequential_yolo_pose,SM-S906U1,GPU
2026-04-22 23:59:15.512,70.257,22.221,21.194,1.075,1.389,5.028,5.998,0.041,false,20.090,LIGHT,14,180,sequential_yolo_pose,SM-S906U1,GPU
2026-04-22 23:59:15.578,61.287,17.073,20.272,0.576,1.052,4.473,5.064,0.041,false,37.129,LIGHT,14,180,sequential_yolo_pose,SM-S906U1,GPU
2026-04-22 23:59:15.654,70.984,23.223,22.767,0.542,1.051,4.296,6.332,0.042,false,30.195,LIGHT,14,180,sequential_yolo_pose,SM-S906U1,GPU
2026-04-22 23:59:15.724,65.428,18.793,22.264,0.521,1.105,4.365,5.555,0.046,false,16.727,LIGHT,14,180,sequential_yolo_pose,SM-S906U1,GPU
2026-04-22 23:59:15.793,62.098,18.503,21.210,0.836,1.186,5.108,5.607,0.063,false,20.152,LIGHT,14,180,sequential_yolo_pose,SM-S906U1,GPU
2026-04-22 23:59:15.870,71.429,19.976,20.795,0.894,1.890,8.219,7.160,0.045,false,37.098,LIGHT,14,180,sequential_yolo_pose,SM-S906U1,GPU
2026-04-22 23:59:15.943,68.486,21.688,23.385,0.375,0.781,3.147,4.981,0.036,false,17.215,LIGHT,13,180,sequential_yolo_pose,SM-S906U1,GPU
2026-04-22 23:59:16.011,63.809,17.301,21.908,1.004,1.136,4.354,5.007,0.043,false,20.121,LIGHT,13,180,sequential_yolo_pose,SM-S906U1,GPU
2026-04-22 23:59:16.080,64.159,21.670,20.789,0.517,0.710,3.201,4.856,0.034,false,20.059,LIGHT,13,180,sequential_yolo_pose,SM-S906U1,GPU
2026-04-22 23:59:16.141,57.688,17.357,21.163,0.358,0.700,3.053,4.738,0.025,false,37.098,LIGHT,13,180,sequential_yolo_pose,SM-S906U1,GPU
2026-04-22 23:59:16.214,68.907,23.279,22.258,0.442,1.083,4.106,5.338,0.038,false,21.836,LIGHT,13,180,sequential_yolo_pose,SM-S906U1,GPU
2026-04-22 23:59:16.284,65.168,18.112,20.761,0.476,0.956,4.100,8.131,0.039,false,38.781,LIGHT,13,180,sequential_yolo_pose,SM-S906U1,GPU
2026-04-22 23:59:16.365,76.415,28.858,23.671,0.554,1.107,4.138,5.764,0.048,false,29.699,LIGHT,13,180,sequential_yolo_pose,SM-S906U1,GPU
2026-04-22 23:59:16.445,74.203,21.048,24.986,1.018,1.481,5.002,5.425,0.045,false,20.188,LIGHT,13,180,sequential_yolo_pose,SM-S906U1,GPU
2026-04-22 23:59:16.523,72.892,22.554,21.127,0.561,1.047,4.316,5.578,0.067,false,37.071,LIGHT,13,180,sequential_yolo_pose,SM-S906U1,GPU
2026-04-22 23:59:16.605,75.804,25.927,20.741,0.639,1.203,5.048,6.689,0.034,false,23.043,LIGHT,13,180,sequential_yolo_pose,SM-S906U1,GPU
2026-04-22 23:59:16.679,69.701,21.655,21.180,0.818,1.453,5.997,5.623,0.056,false,39.989,LIGHT,13,180,sequential_yolo_pose,SM-S906U1,GPU
2026-04-22 23:59:16.769,82.726,21.405,21.562,1.149,2.419,11.414,7.099,0.048,false,29.402,LIGHT,13,180,sequential_yolo_pose,SM-S906U1,GPU
2026-04-22 23:59:16.844,68.000,21.034,21.987,0.667,1.036,4.013,5.101,0.029,false,20.152,LIGHT,13,180,sequential_yolo_pose,SM-S906U1,GPU
2026-04-22 23:59:16.921,71.899,23.822,21.041,0.979,1.304,4.775,6.077,0.043,false,20.121,LIGHT,13,180,sequential_yolo_pose,SM-S906U1,GPU
2026-04-22 23:59:16.995,68.769,20.135,20.654,0.343,0.733,3.785,10.050,0.064,false,37.192,LIGHT,14,180,sequential_yolo_pose,SM-S906U1,GPU
2026-04-22 23:59:17.066,66.650,22.337,20.711,0.748,1.675,5.791,5.814,0.043,false,30.074,LIGHT,14,180,sequential_yolo_pose,SM-S906U1,GPU
2026-04-22 23:59:17.137,65.934,17.192,21.845,0.732,2.052,4.903,6.254,0.025,false,20.219,LIGHT,14,180,sequential_yolo_pose,SM-S906U1,GPU
2026-04-22 23:59:17.201,59.678,18.798,21.197,0.285,0.917,4.352,5.424,0.046,false,37.164,LIGHT,14,180,sequential_yolo_pose,SM-S906U1,GPU
2026-04-22 23:59:17.272,65.672,20.218,21.791,0.416,1.160,3.897,5.594,0.034,false,17.188,LIGHT,14,180,sequential_yolo_pose,SM-S906U1,GPU
2026-04-22 23:59:17.343,66.892,18.103,22.782,1.591,1.171,4.545,5.193,0.039,false,20.125,LIGHT,14,180,sequential_yolo_pose,SM-S906U1,GPU
2026-04-22 23:59:17.415,64.523,18.026,21.711,0.517,1.441,4.773,5.366,0.036,false,37.102,LIGHT,14,180,sequential_yolo_pose,SM-S906U1,GPU
2026-04-22 23:59:17.490,68.946,21.393,22.213,0.293,0.765,3.126,5.715,0.036,false,17.156,LIGHT,14,180,sequential_yolo_pose,SM-S906U1,GPU
2026-04-22 23:59:17.562,65.811,19.444,22.214,0.455,1.277,4.389,5.528,0.030,false,20.184,LIGHT,14,180,sequential_yolo_pose,SM-S906U1,GPU
2026-04-22 23:59:17.627,60.683,17.419,22.606,0.803,1.314,4.616,5.361,0.037,false,20.184,LIGHT,14,180,sequential_yolo_pose,SM-S906U1,GPU
2026-04-22 23:59:17.698,67.479,21.703,21.100,0.343,0.814,4.791,6.469,0.040,false,37.067,LIGHT,14,180,sequential_yolo_pose,SM-S906U1,GPU
2026-04-22 23:59:17.776,69.329,22.846,21.106,0.597,0.796,3.376,5.308,0.043,false,20.152,LIGHT,14,180,sequential_yolo_pose,SM-S906U1,GPU
2026-04-22 23:59:17.841,60.802,18.376,21.523,0.337,0.712,3.159,5.725,0.037,false,37.067,LIGHT,14,180,sequential_yolo_pose,SM-S906U1,GPU
2026-04-22 23:59:17.910,64.443,19.896,20.874,0.418,1.076,3.863,5.098,0.043,false,17.125,LIGHT,14,180,sequential_yolo_pose,SM-S906U1,GPU
2026-04-22 23:59:17.978,63.561,18.127,20.837,0.774,1.159,4.208,4.888,0.049,false,20.129,LIGHT,14,180,sequential_yolo_pose,SM-S906U1,GPU
2026-04-22 23:59:18.044,61.683,18.642,20.551,0.360,0.768,3.684,5.402,0.028,false,37.106,LIGHT,14,180,sequential_yolo_pose,SM-S906U1,GPU
2026-04-22 23:59:18.113,64.714,20.866,21.980,0.357,0.838,3.250,4.799,0.049,false,21.852,LIGHT,14,180,sequential_yolo_pose,SM-S906U1,GPU
2026-04-22 23:59:18.185,67.116,19.551,21.261,0.569,1.316,5.513,6.030,0.030,false,38.703,LIGHT,14,180,sequential_yolo_pose,SM-S906U1,GPU
2026-04-22 23:59:18.265,70.395,21.513,22.608,0.832,1.578,5.431,7.547,0.035,false,28.727,LIGHT,14,180,sequential_yolo_pose,SM-S906U1,GPU
2026-04-22 23:59:18.334,57.413,17.213,21.365,0.441,1.123,4.112,5.008,0.034,false,20.184,LIGHT,14,180,sequential_yolo_pose,SM-S906U1,GPU
2026-04-22 23:59:18.409,69.891,21.008,21.296,0.869,3.351,4.763,5.038,0.041,false,20.215,LIGHT,14,180,sequential_yolo_pose,SM-S906U1,GPU
2026-04-22 23:59:18.479,65.105,18.744,22.279,0.582,0.695,3.241,4.921,0.045,false,20.090,LIGHT,14,180,sequential_yolo_pose,SM-S906U1,GPU
2026-04-22 23:59:18.543,59.880,17.870,20.576,0.328,0.720,3.521,5.677,0.030,false,37.035,LIGHT,14,180,sequential_yolo_pose,SM-S906U1,GPU
2026-04-22 23:59:18.615,67.526,22.778,21.112,0.509,1.036,3.908,5.122,0.041,false,21.816,LIGHT,14,180,sequential_yolo_pose,SM-S906U1,GPU
2026-04-22 23:59:18.683,63.746,17.589,21.686,0.473,1.058,4.107,5.583,0.032,false,38.637,LIGHT,14,180,sequential_yolo_pose,SM-S906U1,GPU
2026-04-22 23:59:18.748,58.513,17.638,21.077,0.446,1.047,3.932,5.457,0.048,false,29.672,LIGHT,14,180,sequential_yolo_pose,SM-S906U1,GPU
2026-04-22 23:59:18.827,74.272,21.901,21.975,0.901,2.057,7.995,6.664,0.055,false,21.848,LIGHT,14,180,sequential_yolo_pose,SM-S906U1,GPU
2026-04-22 23:59:18.904,68.141,21.190,21.296,0.669,1.022,4.616,5.135,0.041,false,38.762,LIGHT,14,180,sequential_yolo_pose,SM-S906U1,GPU
2026-04-22 23:59:18.980,68.812,21.158,22.455,0.802,1.149,4.445,4.950,0.034,false,20.152,LIGHT,14,180,sequential_yolo_pose,SM-S906U1,GPU
2026-04-22 23:59:19.050,65.555,19.266,22.751,0.592,1.048,4.001,5.596,0.089,false,37.192,LIGHT,14,180,sequential_yolo_pose,SM-S906U1,GPU
2026-04-22 23:59:19.126,70.698,20.817,20.776,0.613,1.123,4.153,6.649,0.033,false,17.160,LIGHT,14,180,sequential_yolo_pose,SM-S906U1,GPU
2026-04-22 23:59:19.198,65.257,17.535,24.244,0.924,1.161,6.423,5.913,0.036,false,20.188,LIGHT,14,180,sequential_yolo_pose,SM-S906U1,GPU
2026-04-22 23:59:19.273,71.180,22.073,22.834,0.942,1.126,5.771,5.748,0.033,false,37.102,LIGHT,14,180,sequential_yolo_pose,SM-S906U1,GPU
2026-04-22 23:59:19.342,63.837,18.544,21.212,0.556,0.965,4.029,5.756,0.028,false,21.879,LIGHT,14,180,sequential_yolo_pose,SM-S906U1,GPU
2026-04-22 23:59:19.418,72.075,20.970,21.660,0.955,1.971,7.687,5.721,0.027,false,38.824,LIGHT,14,180,sequential_yolo_pose,SM-S906U1,GPU
2026-04-22 23:59:19.500,72.160,22.783,26.140,0.578,1.584,5.000,6.053,0.061,false,29.660,LIGHT,14,180,sequential_yolo_pose,SM-S906U1,GPU
2026-04-22 23:59:19.583,77.395,22.787,26.111,0.752,1.280,4.753,5.860,0.042,false,20.156,LIGHT,14,180,sequential_yolo_pose,SM-S906U1,GPU
2026-04-22 23:59:19.668,79.287,19.581,29.175,0.600,1.443,5.707,6.485,0.068,false,20.152,LIGHT,14,180,sequential_yolo_pose,SM-S906U1,GPU
2026-04-22 23:59:19.747,73.440,19.594,27.051,0.575,1.111,4.758,6.451,0.044,false,20.184,LIGHT,14,180,sequential_yolo_pose,SM-S906U1,GPU
2026-04-22 23:59:19.835,82.293,19.484,26.816,0.491,1.332,10.545,8.121,0.050,false,20.121,LIGHT,14,180,sequential_yolo_pose,SM-S906U1,GPU
2026-04-22 23:59:19.925,83.630,22.774,28.811,0.629,1.096,6.218,8.018,0.059,false,20.188,LIGHT,14,180,sequential_yolo_pose,SM-S906U1,GPU
2026-04-22 23:59:20.011,79.744,25.750,27.962,0.269,0.628,2.824,6.992,0.036,false,20.219,LIGHT,13,180,sequential_yolo_pose,SM-S906U1,GPU
2026-04-22 23:59:20.089,74.805,21.228,26.862,2.877,0.910,3.822,6.909,0.036,false,20.250,LIGHT,13,180,sequential_yolo_pose,SM-S906U1,GPU
2026-04-22 23:59:20.163,67.053,17.102,27.030,0.648,0.950,5.164,7.330,0.035,false,20.215,LIGHT,13,180,sequential_yolo_pose,SM-S906U1,GPU
2026-04-22 23:59:20.247,75.485,22.269,29.379,0.483,0.888,3.700,6.157,0.038,false,20.250,LIGHT,13,180,sequential_yolo_pose,SM-S906U1,GPU
2026-04-22 23:59:20.323,71.614,16.674,29.347,0.524,1.053,3.666,6.432,0.025,false,14.316,LIGHT,13,180,sequential_yolo_pose,SM-S906U1,GPU
2026-04-22 23:59:20.406,77.354,20.104,28.158,0.481,1.031,4.889,9.484,0.044,false,21.453,LIGHT,13,180,sequential_yolo_pose,SM-S906U1,GPU
2026-04-22 23:59:20.487,74.825,16.222,29.937,0.532,1.421,5.943,7.757,0.071,false,38.367,LIGHT,13,180,sequential_yolo_pose,SM-S906U1,GPU
2026-04-22 23:59:20.572,72.150,20.180,27.402,0.431,1.103,3.688,6.288,0.035,false,14.344,LIGHT,13,180,sequential_yolo_pose,SM-S906U1,GPU
2026-04-22 23:59:20.653,76.589,21.642,27.693,0.428,1.084,3.964,6.535,0.042,false,21.449,LIGHT,13,180,sequential_yolo_pose,SM-S906U1,GPU
2026-04-22 23:59:20.731,72.318,17.256,27.694,0.793,1.506,8.006,6.826,0.049,false,38.426,LIGHT,13,180,sequential_yolo_pose,SM-S906U1,GPU
2026-04-22 23:59:20.818,82.632,26.079,27.267,0.599,1.160,4.594,7.152,0.047,false,29.633,LIGHT,13,180,sequential_yolo_pose,SM-S906U1,GPU
2026-04-22 23:59:20.896,71.394,16.418,26.818,0.578,1.226,4.917,7.212,0.037,false,20.090,LIGHT,13,180,sequential_yolo_pose,SM-S906U1,GPU
2026-04-22 23:59:20.978,75.012,21.890,26.785,0.450,0.979,4.092,7.318,0.035,false,20.277,LIGHT,12,180,sequential_yolo_pose,SM-S906U1,GPU
2026-04-22 23:59:21.053,70.030,17.468,26.448,0.552,1.104,4.560,6.421,0.050,false,20.156,LIGHT,12,180,sequential_yolo_pose,SM-S906U1,GPU
2026-04-22 23:59:21.122,63.852,16.802,27.156,0.456,0.744,3.347,6.287,0.030,false,20.152,LIGHT,12,180,sequential_yolo_pose,SM-S906U1,GPU
2026-04-22 23:59:21.202,75.896,19.532,29.593,0.643,2.323,5.788,7.643,0.038,false,20.340,LIGHT,12,180,sequential_yolo_pose,SM-S906U1,GPU
2026-04-22 23:59:21.282,73.004,19.478,26.032,0.465,1.085,4.918,6.045,0.053,false,20.152,LIGHT,12,180,sequential_yolo_pose,SM-S906U1,GPU
2026-04-22 23:59:21.373,86.253,22.141,32.125,0.526,1.236,9.361,6.961,0.046,false,20.188,LIGHT,12,180,sequential_yolo_pose,SM-S906U1,GPU
2026-04-22 23:59:21.469,90.596,23.941,30.924,0.548,1.274,6.944,11.354,0.053,false,20.250,LIGHT,12,180,sequential_yolo_pose,SM-S906U1,GPU
2026-04-22 23:59:21.553,78.247,21.892,26.800,0.958,1.660,5.556,6.622,0.037,false,20.152,LIGHT,12,180,sequential_yolo_pose,SM-S906U1,GPU
2026-04-22 23:59:21.645,84.797,23.577,26.942,1.017,2.356,8.429,7.315,0.042,false,37.098,LIGHT,12,180,sequential_yolo_pose,SM-S906U1,GPU
2026-04-22 23:59:21.733,79.326,19.593,27.139,0.428,1.162,3.685,8.696,0.037,false,20.215,LIGHT,12,180,sequential_yolo_pose,SM-S906U1,GPU
2026-04-22 23:59:21.812,74.524,18.580,27.111,0.830,2.045,9.167,7.487,0.052,false,37.192,LIGHT,12,180,sequential_yolo_pose,SM-S906U1,GPU
2026-04-22 23:59:21.908,88.125,23.243,28.779,0.794,2.069,6.841,8.051,0.064,false,30.133,LIGHT,12,180,sequential_yolo_pose,SM-S906U1,GPU
2026-04-22 23:59:22.002,81.516,24.763,26.524,0.470,1.168,4.233,5.371,0.041,false,20.281,LIGHT,12,180,sequential_yolo_pose,SM-S906U1,GPU
2026-04-22 23:59:22.084,77.717,23.599,26.598,0.845,1.106,4.944,6.459,0.057,false,20.125,LIGHT,12,180,sequential_yolo_pose,SM-S906U1,GPU
2026-04-22 23:59:22.171,82.810,20.385,28.079,0.362,1.583,7.535,10.249,0.065,false,37.133,LIGHT,12,180,sequential_yolo_pose,SM-S906U1,GPU
2026-04-22 23:59:22.276,100.896,29.656,29.323,1.177,2.820,8.667,8.356,0.042,false,28.707,LIGHT,12,180,sequential_yolo_pose,SM-S906U1,GPU
2026-04-22 23:59:22.370,81.642,23.610,27.146,0.586,1.223,5.962,6.433,0.045,false,20.246,LIGHT,12,180,sequential_yolo_pose,SM-S906U1,GPU
2026-04-22 23:59:22.449,74.828,22.826,25.276,0.467,1.134,4.723,6.545,0.045,false,20.215,LIGHT,12,180,sequential_yolo_pose,SM-S906U1,GPU
2026-04-22 23:59:22.537,81.465,20.563,28.017,0.436,1.569,6.722,9.418,0.078,false,20.246,LIGHT,12,180,sequential_yolo_pose,SM-S906U1,GPU
2026-04-22 23:59:22.610,69.447,18.898,27.093,0.311,0.805,3.107,5.184,0.023,false,20.184,LIGHT,12,180,sequential_yolo_pose,SM-S906U1,GPU
2026-04-22 23:59:22.681,66.987,19.441,25.955,0.428,1.062,4.064,6.490,0.040,false,20.242,LIGHT,12,180,sequential_yolo_pose,SM-S906U1,GPU
2026-04-22 23:59:22.763,77.603,18.681,28.244,0.754,1.821,6.118,7.259,0.043,false,20.215,LIGHT,12,180,sequential_yolo_pose,SM-S906U1,GPU
2026-04-22 23:59:22.843,75.127,18.922,26.903,1.122,1.387,5.940,7.437,0.041,false,20.156,LIGHT,12,180,sequential_yolo_pose,SM-S906U1,GPU
2026-04-22 23:59:22.928,80.741,22.483,27.445,0.431,0.864,4.327,9.938,0.047,false,37.196,LIGHT,12,180,sequential_yolo_pose,SM-S906U1,GPU
2026-04-22 23:59:23.010,74.207,19.133,26.177,0.627,1.337,5.332,6.557,0.053,false,30.285,LIGHT,12,180,sequential_yolo_pose,SM-S906U1,GPU
2026-04-22 23:59:23.105,89.867,25.212,28.939,1.137,1.325,6.527,7.874,0.042,false,20.219,LIGHT,12,180,sequential_yolo_pose,SM-S906U1,GPU
2026-04-22 23:59:23.197,86.415,22.145,27.199,0.556,1.911,8.048,11.177,0.033,false,37.164,LIGHT,12,180,sequential_yolo_pose,SM-S906U1,GPU
2026-04-22 23:59:23.282,74.935,20.328,26.685,0.450,1.148,4.373,6.481,0.036,false,20.246,LIGHT,12,180,sequential_yolo_pose,SM-S906U1,GPU
2026-04-22 23:59:23.363,76.462,20.977,27.736,0.633,1.154,5.563,6.538,0.041,false,20.246,LIGHT,12,180,sequential_yolo_pose,SM-S906U1,GPU
2026-04-22 23:59:23.443,75.281,20.499,28.385,0.618,0.859,4.658,6.276,0.027,false,20.184,LIGHT,12,180,sequential_yolo_pose,SM-S906U1,GPU
2026-04-22 23:59:23.514,67.301,18.218,26.818,0.714,1.117,4.386,6.474,0.035,false,37.192,LIGHT,12,180,sequential_yolo_pose,SM-S906U1,GPU
2026-04-22 23:59:23.602,83.427,21.038,29.693,0.625,1.426,5.650,9.339,0.050,false,17.215,LIGHT,12,180,sequential_yolo_pose,SM-S906U1,GPU
2026-04-22 23:59:23.693,86.851,27.303,26.199,0.753,1.469,6.413,9.006,0.048,false,20.184,LIGHT,12,180,sequential_yolo_pose,SM-S906U1,GPU
2026-04-22 23:59:23.781,79.963,23.184,28.517,0.534,1.326,5.395,6.536,0.052,false,20.184,LIGHT,12,180,sequential_yolo_pose,SM-S906U1,GPU
2026-04-22 23:59:23.872,84.848,19.679,28.480,1.057,1.914,7.821,13.131,0.045,false,20.340,LIGHT,12,180,sequential_yolo_pose,SM-S906U1,GPU
2026-04-22 23:59:23.954,77.173,22.981,25.020,0.450,1.050,5.466,5.793,0.048,false,20.121,LIGHT,12,180,sequential_yolo_pose,SM-S906U1,GPU
2026-04-22 23:59:24.045,80.755,23.187,26.287,0.749,2.843,5.558,6.815,0.041,false,20.219,LIGHT,12,180,sequential_yolo_pose,SM-S906U1,GPU
2026-04-22 23:59:24.129,79.595,22.779,27.803,0.655,1.840,5.019,7.337,0.054,false,20.188,LIGHT,12,180,sequential_yolo_pose,SM-S906U1,GPU
2026-04-22 23:59:24.210,73.912,21.054,26.553,0.493,1.205,4.501,5.765,0.042,false,20.152,LIGHT,12,180,sequential_yolo_pose,SM-S906U1,GPU
2026-04-22 23:59:24.293,78.487,21.687,28.438,0.706,0.780,4.137,7.690,0.048,false,20.184,LIGHT,12,180,sequential_yolo_pose,SM-S906U1,GPU
2026-04-22 23:59:24.367,69.523,19.569,27.503,0.405,0.708,3.656,8.257,0.039,false,37.223,LIGHT,12,180,sequential_yolo_pose,SM-S906U1,GPU
2026-04-22 23:59:24.443,71.376,19.880,26.193,0.464,1.377,5.683,6.842,0.047,false,17.145,LIGHT,12,180,sequential_yolo_pose,SM-S906U1,GPU
2026-04-22 23:59:24.540,90.938,24.888,33.256,0.899,1.226,7.948,6.764,0.042,false,20.250,LIGHT,12,180,sequential_yolo_pose,SM-S906U1,GPU
2026-04-22 23:59:24.623,78.195,22.521,26.969,0.956,1.270,5.375,6.525,0.056,false,20.121,LIGHT,12,180,sequential_yolo_pose,SM-S906U1,GPU
2026-04-22 23:59:24.707,76.058,21.265,26.621,0.520,1.051,4.929,6.938,0.048,false,20.184,LIGHT,12,180,sequential_yolo_pose,SM-S906U1,GPU
2026-04-22 23:59:24.795,83.699,23.513,25.957,0.465,1.614,8.818,8.780,0.053,false,20.184,LIGHT,12,180,sequential_yolo_pose,SM-S906U1,GPU
2026-04-22 23:59:24.880,80.363,22.464,27.979,0.559,2.116,4.918,6.565,0.065,false,20.250,LIGHT,12,180,sequential_yolo_pose,SM-S906U1,GPU
2026-04-22 23:59:24.963,78.717,23.620,27.447,0.608,1.556,4.959,6.436,0.048,false,20.219,LIGHT,12,180,sequential_yolo_pose,SM-S906U1,GPU
2026-04-22 23:59:25.043,74.260,22.050,26.633,0.523,1.091,4.102,5.727,0.040,false,20.250,LIGHT,12,180,sequential_yolo_pose,SM-S906U1,GPU
2026-04-22 23:59:25.135,88.364,23.450,26.522,0.502,1.949,8.621,12.839,0.070,false,20.184,LIGHT,12,180,sequential_yolo_pose,SM-S906U1,GPU
2026-04-22 23:59:25.221,80.287,20.246,27.736,0.598,1.347,6.471,7.212,0.045,false,20.152,LIGHT,12,180,sequential_yolo_pose,SM-S906U1,GPU
2026-04-22 23:59:25.303,76.352,19.469,30.410,0.366,0.761,3.304,6.371,0.025,false,20.246,LIGHT,12,180,sequential_yolo_pose,SM-S906U1,GPU
2026-04-22 23:59:25.377,70.703,19.120,28.298,1.593,1.157,5.100,6.463,0.049,false,20.215,LIGHT,12,180,sequential_yolo_pose,SM-S906U1,GPU
2026-04-22 23:59:25.461,78.983,22.571,28.175,0.878,0.837,4.063,6.972,0.046,false,20.152,LIGHT,12,180,sequential_yolo_pose,SM-S906U1,GPU
2026-04-22 23:59:25.546,76.909,18.787,31.148,1.197,1.553,7.158,7.437,0.057,false,37.098,LIGHT,12,180,sequential_yolo_pose,SM-S906U1,GPU
2026-04-22 23:59:25.629,77.696,19.315,25.777,0.593,1.159,4.430,6.870,0.060,false,17.129,LIGHT,12,180,sequential_yolo_pose,SM-S906U1,GPU
2026-04-22 23:59:25.710,72.260,19.455,27.328,1.071,1.191,5.186,6.458,0.048,false,20.188,LIGHT,12,180,sequential_yolo_pose,SM-S906U1,GPU
2026-04-22 23:59:25.793,78.643,23.762,26.914,0.506,0.956,5.807,6.903,0.068,false,37.071,LIGHT,12,180,sequential_yolo_pose,SM-S906U1,GPU
2026-04-22 23:59:25.883,77.282,22.079,27.385,0.739,1.721,6.555,7.018,0.054,false,29.570,LIGHT,12,180,sequential_yolo_pose,SM-S906U1,GPU
2026-04-22 23:59:25.965,76.664,22.320,28.606,0.391,0.791,3.416,6.352,0.029,false,20.188,LIGHT,12,180,sequential_yolo_pose,SM-S906U1,GPU
2026-04-22 23:59:26.048,78.350,22.631,27.503,0.711,1.141,5.362,6.493,0.056,false,20.188,LIGHT,12,180,sequential_yolo_pose,SM-S906U1,GPU
2026-04-22 23:59:26.139,86.309,22.553,29.621,0.832,1.220,7.157,8.060,0.046,false,20.246,LIGHT,12,180,sequential_yolo_pose,SM-S906U1,GPU
2026-04-22 23:59:26.222,78.984,22.969,27.227,0.438,1.125,5.188,8.174,0.045,false,37.192,LIGHT,12,180,sequential_yolo_pose,SM-S906U1,GPU
2026-04-22 23:59:26.309,79.928,23.654,28.539,0.415,1.483,7.871,7.788,0.047,false,30.164,LIGHT,12,180,sequential_yolo_pose,SM-S906U1,GPU
2026-04-22 23:59:26.390,73.282,20.513,25.759,0.328,0.853,3.296,5.892,0.032,false,16.703,LIGHT,12,180,sequential_yolo_pose,SM-S906U1,GPU
2026-04-22 23:59:26.476,81.465,20.825,28.815,0.531,2.258,10.914,6.759,0.047,false,20.219,LIGHT,12,180,sequential_yolo_pose,SM-S906U1,GPU
2026-04-22 23:59:26.565,84.616,24.964,26.411,0.624,1.256,7.426,8.021,0.054,false,20.215,LIGHT,12,180,sequential_yolo_pose,SM-S906U1,GPU
2026-04-22 23:59:26.649,77.993,21.868,26.298,0.651,1.685,5.561,6.972,0.049,false,20.215,LIGHT,12,180,sequential_yolo_pose,SM-S906U1,GPU
2026-04-22 23:59:26.736,80.752,22.677,28.103,0.509,1.272,5.429,7.297,0.047,false,20.250,LIGHT,12,180,sequential_yolo_pose,SM-S906U1,GPU
2026-04-22 23:59:26.823,82.293,23.096,28.174,0.511,1.086,6.238,8.871,0.037,false,20.156,LIGHT,12,180,sequential_yolo_pose,SM-S906U1,GPU
2026-04-22 23:59:26.904,75.606,23.024,26.508,0.384,0.823,3.279,6.172,0.132,false,20.184,LIGHT,12,180,sequential_yolo_pose,SM-S906U1,GPU
2026-04-22 23:59:26.986,77.727,18.745,26.999,1.121,1.539,5.896,7.917,0.047,false,20.125,LIGHT,12,180,sequential_yolo_pose,SM-S906U1,GPU
2026-04-22 23:59:27.075,80.706,22.239,27.175,0.611,1.333,6.020,7.475,0.046,false,37.258,LIGHT,12,180,sequential_yolo_pose,SM-S906U1,GPU
2026-04-22 23:59:27.165,84.234,20.585,26.644,0.426,0.717,3.767,12.419,0.033,false,29.758,LIGHT,12,180,sequential_yolo_pose,SM-S906U1,GPU
2026-04-22 23:59:27.245,73.081,19.020,27.709,0.636,0.959,4.609,5.990,0.042,false,20.223,LIGHT,12,180,sequential_yolo_pose,SM-S906U1,GPU
2026-04-22 23:59:27.328,77.291,21.136,28.896,0.367,1.076,3.884,7.723,0.048,false,20.219,LIGHT,12,180,sequential_yolo_pose,SM-S906U1,GPU
2026-04-22 23:59:27.409,74.909,19.852,27.518,0.722,1.893,5.250,7.100,0.039,false,20.277,LIGHT,12,180,sequential_yolo_pose,SM-S906U1,GPU
2026-04-22 23:59:27.499,76.836,19.933,27.051,0.398,1.007,4.834,6.616,0.044,false,20.215,LIGHT,12,180,sequential_yolo_pose,SM-S906U1,GPU
2026-04-22 23:59:27.571,67.424,17.308,29.185,0.782,1.454,4.629,5.992,0.039,false,20.309,LIGHT,12,180,sequential_yolo_pose,SM-S906U1,GPU
2026-04-22 23:59:27.648,72.335,19.682,28.208,0.708,0.951,3.914,6.276,0.043,false,20.215,LIGHT,12,180,sequential_yolo_pose,SM-S906U1,GPU
2026-04-22 23:59:27.729,76.426,19.539,27.931,0.405,1.141,4.842,7.395,0.705,false,20.215,LIGHT,12,180,sequential_yolo_pose,SM-S906U1,GPU
2026-04-22 23:59:27.802,66.617,16.411,26.474,0.669,1.628,6.186,6.707,0.051,false,20.188,LIGHT,12,180,sequential_yolo_pose,SM-S906U1,GPU
2026-04-22 23:59:27.884,76.970,22.310,27.103,0.940,1.317,4.939,6.887,0.030,false,20.125,LIGHT,12,180,sequential_yolo_pose,SM-S906U1,GPU
2026-04-22 23:59:27.968,79.590,19.199,27.837,0.500,1.400,7.074,13.640,0.029,false,37.227,LIGHT,12,180,sequential_yolo_pose,SM-S906U1,GPU
2026-04-22 23:59:28.051,76.474,24.518,26.482,0.413,0.706,3.325,6.195,0.044,false,20.191,LIGHT,12,180,sequential_yolo_pose,SM-S906U1,GPU
2026-04-22 23:59:28.124,68.436,17.949,26.818,0.612,1.128,4.579,7.561,0.041,false,37.293,LIGHT,12,180,sequential_yolo_pose,SM-S906U1,GPU
2026-04-22 23:59:28.214,84.521,28.980,28.514,0.683,1.365,5.331,6.401,0.053,false,30.164,LIGHT,12,180,sequential_yolo_pose,SM-S906U1,GPU
2026-04-22 23:59:28.299,81.116,19.627,28.604,1.074,1.406,6.806,7.814,0.049,false,20.156,LIGHT,12,180,sequential_yolo_pose,SM-S906U1,GPU
2026-04-22 23:59:28.381,77.109,19.288,28.421,0.724,1.367,5.797,8.274,0.050,false,37.102,LIGHT,12,180,sequential_yolo_pose,SM-S906U1,GPU
2026-04-22 23:59:28.478,93.805,25.642,28.915,0.746,1.236,8.396,8.013,0.039,false,29.703,LIGHT,12,180,sequential_yolo_pose,SM-S906U1,GPU
2026-04-22 23:59:28.559,74.016,23.610,27.097,0.292,0.763,3.558,9.194,0.025,false,29.391,LIGHT,12,180,sequential_yolo_pose,SM-S906U1,GPU
2026-04-22 23:59:28.640,75.848,19.762,28.758,1.096,1.751,5.839,8.149,0.035,false,20.219,LIGHT,12,180,sequential_yolo_pose,SM-S906U1,GPU
2026-04-22 23:59:28.719,74.857,21.128,27.994,0.410,0.680,3.511,6.581,0.062,false,37.133,LIGHT,12,180,sequential_yolo_pose,SM-S906U1,GPU
2026-04-22 23:59:28.811,83.358,23.695,30.537,0.493,1.197,4.494,7.595,0.038,false,17.223,LIGHT,12,180,sequential_yolo_pose,SM-S906U1,GPU
2026-04-22 23:59:28.898,83.208,25.788,27.376,0.649,1.263,4.773,9.028,0.050,false,20.219,LIGHT,12,180,sequential_yolo_pose,SM-S906U1,GPU
2026-04-22 23:59:28.979,75.824,22.122,25.984,0.635,1.440,5.798,5.739,0.026,false,20.215,LIGHT,12,180,sequential_yolo_pose,SM-S906U1,GPU
2026-04-22 23:59:29.052,69.503,18.854,26.950,0.748,1.077,4.642,6.511,0.046,false,20.180,LIGHT,12,180,sequential_yolo_pose,SM-S906U1,GPU
2026-04-22 23:59:29.134,77.949,22.408,26.062,0.908,1.470,6.059,7.162,0.051,false,37.188,LIGHT,12,180,sequential_yolo_pose,SM-S906U1,GPU
2026-04-22 23:59:29.219,78.650,22.554,27.245,0.594,1.141,4.975,6.631,0.045,false,20.090,LIGHT,12,180,sequential_yolo_pose,SM-S906U1,GPU
2026-04-22 23:59:29.306,82.396,23.368,29.171,1.044,1.238,4.969,6.323,0.043,false,20.219,LIGHT,12,180,sequential_yolo_pose,SM-S906U1,GPU
2026-04-22 23:59:29.392,81.672,24.683,28.108,0.630,1.314,4.612,7.235,0.049,false,20.184,LIGHT,12,180,sequential_yolo_pose,SM-S906U1,GPU
2026-04-22 23:59:29.479,81.035,21.332,28.443,0.675,1.619,4.886,9.083,0.045,false,20.277,LIGHT,12,180,sequential_yolo_pose,SM-S906U1,GPU
2026-04-22 23:59:29.565,81.384,19.323,30.779,1.224,1.492,5.649,7.586,0.033,false,20.215,LIGHT,12,180,sequential_yolo_pose,SM-S906U1,GPU
2026-04-22 23:59:29.653,81.282,23.047,25.837,0.825,1.380,7.107,7.947,0.051,false,37.129,LIGHT,12,180,sequential_yolo_pose,SM-S906U1,GPU
2026-04-22 23:59:29.751,90.603,28.761,25.790,0.693,1.098,5.456,7.275,0.067,false,30.164,LIGHT,12,180,sequential_yolo_pose,SM-S906U1,GPU
2026-04-22 23:59:29.841,79.502,24.050,28.161,0.722,1.505,5.693,6.360,0.052,false,29.352,LIGHT,12,180,sequential_yolo_pose,SM-S906U1,GPU
2026-04-22 23:59:29.929,83.032,21.729,29.383,0.728,1.367,5.676,8.270,0.045,false,20.188,LIGHT,12,180,sequential_yolo_pose,SM-S906U1,GPU
2026-04-22 23:59:30.013,78.154,20.907,27.795,0.751,1.233,5.965,6.562,0.039,false,37.196,LIGHT,12,180,sequential_yolo_pose,SM-S906U1,GPU
2026-04-22 23:59:30.092,74.645,22.097,26.592,0.499,1.223,4.632,7.442,0.041,false,17.195,LIGHT,12,180,sequential_yolo_pose,SM-S906U1,GPU
2026-04-22 23:59:30.179,80.864,23.203,29.359,0.551,1.165,4.566,6.893,0.042,false,20.250,LIGHT,12,180,sequential_yolo_pose,SM-S906U1,GPU
2026-04-22 23:59:30.262,77.370,20.033,28.210,0.369,0.818,3.467,5.875,0.030,false,20.152,LIGHT,12,180,sequential_yolo_pose,SM-S906U1,GPU
2026-04-22 23:59:30.337,69.223,19.640,25.980,0.713,1.177,5.203,6.611,0.041,false,20.156,LIGHT,12,180,sequential_yolo_pose,SM-S906U1,GPU
2026-04-22 23:59:30.423,81.061,21.102,28.459,0.528,1.409,6.060,8.295,0.029,false,20.156,LIGHT,12,180,sequential_yolo_pose,SM-S906U1,GPU
2026-04-22 23:59:30.500,71.803,19.717,27.385,0.425,0.748,3.498,5.557,0.024,false,20.184,LIGHT,12,180,sequential_yolo_pose,SM-S906U1,GPU
2026-04-22 23:59:30.577,72.988,20.034,27.455,0.765,1.735,6.401,6.479,0.041,false,20.215,LIGHT,12,180,sequential_yolo_pose,SM-S906U1,GPU
2026-04-22 23:59:30.669,85.951,20.444,29.483,0.989,1.608,6.819,7.231,0.047,false,20.184,LIGHT,12,180,sequential_yolo_pose,SM-S906U1,GPU
2026-04-22 23:59:30.753,80.033,22.903,27.431,0.732,1.489,5.481,6.593,0.058,false,20.152,LIGHT,12,180,sequential_yolo_pose,SM-S906U1,GPU
2026-04-22 23:59:30.845,79.796,21.227,26.495,0.530,2.545,8.399,7.814,0.043,false,20.246,LIGHT,12,180,sequential_yolo_pose,SM-S906U1,GPU
2026-04-22 23:59:30.931,81.168,24.331,27.969,0.511,1.238,5.536,6.520,0.059,false,20.188,LIGHT,12,180,sequential_yolo_pose,SM-S906U1,GPU
2026-04-22 23:59:31.011,73.829,22.372,26.462,0.336,0.780,3.492,5.431,0.026,false,20.184,LIGHT,12,180,sequential_yolo_pose,SM-S906U1,GPU
2026-04-22 23:59:31.081,66.767,18.903,26.102,0.442,1.094,4.752,6.425,0.025,false,20.316,LIGHT,12,180,sequential_yolo_pose,SM-S906U1,GPU
2026-04-22 23:59:31.155,70.045,19.817,27.053,0.638,1.427,5.093,6.701,0.045,false,20.125,LIGHT,12,180,sequential_yolo_pose,SM-S906U1,GPU
2026-04-22 23:59:31.241,81.244,21.586,28.920,0.600,1.931,5.504,6.721,0.054,false,20.156,LIGHT,12,180,sequential_yolo_pose,SM-S906U1,GPU
2026-04-22 23:59:31.334,87.596,24.964,28.169,0.632,1.238,5.905,10.083,0.029,false,20.184,LIGHT,12,180,sequential_yolo_pose,SM-S906U1,GPU
2026-04-22 23:59:31.415,77.682,20.397,26.418,0.547,1.724,5.728,6.114,0.046,false,20.215,LIGHT,12,180,sequential_yolo_pose,SM-S906U1,GPU
2026-04-22 23:59:31.492,70.219,19.070,26.098,0.375,0.821,3.341,5.448,0.026,false,20.121,LIGHT,12,180,sequential_yolo_pose,SM-S906U1,GPU
2026-04-22 23:59:31.567,72.008,19.657,26.786,0.461,1.211,8.337,6.144,0.031,false,20.340,LIGHT,12,180,sequential_yolo_pose,SM-S906U1,GPU
2026-04-22 23:59:31.642,71.334,19.264,25.693,1.060,1.640,6.258,6.912,0.046,false,20.188,LIGHT,12,180,sequential_yolo_pose,SM-S906U1,GPU
2026-04-22 23:59:31.723,75.985,19.850,27.686,0.487,1.327,5.488,7.663,0.043,false,37.164,LIGHT,12,180,sequential_yolo_pose,SM-S906U1,GPU
2026-04-22 23:59:31.803,74.981,21.217,27.255,0.488,1.467,6.154,6.937,0.039,false,17.254,LIGHT,12,180,sequential_yolo_pose,SM-S906U1,GPU
2026-04-22 23:59:31.880,72.231,21.118,27.146,0.277,1.341,3.393,6.629,0.019,false,20.215,LIGHT,12,180,sequential_yolo_pose,SM-S906U1,GPU
2026-04-22 23:59:31.955,71.453,19.876,26.171,0.890,1.295,5.587,6.972,0.045,false,20.156,LIGHT,12,180,sequential_yolo_pose,SM-S906U1,GPU
2026-04-22 23:59:32.046,83.725,22.953,25.858,0.824,2.020,6.546,9.616,0.032,false,37.227,LIGHT,12,180,sequential_yolo_pose,SM-S906U1,GPU
2026-04-22 23:59:32.139,83.449,20.563,26.938,1.185,1.428,7.000,6.536,0.050,false,20.188,LIGHT,12,180,sequential_yolo_pose,SM-S906U1,GPU
2026-04-22 23:59:32.237,90.792,23.940,25.847,0.608,1.170,6.747,17.106,0.042,false,37.133,LIGHT,12,180,sequential_yolo_pose,SM-S906U1,GPU
2026-04-22 23:59:32.336,93.268,22.740,28.407,0.802,1.684,6.588,8.744,0.051,false,30.227,LIGHT,12,180,sequential_yolo_pose,SM-S906U1,GPU
2026-04-22 23:59:32.418,75.889,21.284,25.954,0.650,1.218,5.157,6.618,0.053,false,20.184,LIGHT,12,180,sequential_yolo_pose,SM-S906U1,GPU
2026-04-22 23:59:32.508,84.995,20.735,27.468,0.534,2.206,8.909,9.031,0.053,false,20.277,LIGHT,12,180,sequential_yolo_pose,SM-S906U1,GPU
2026-04-22 23:59:32.593,80.257,22.700,27.163,0.672,1.390,5.423,6.794,0.048,false,20.156,LIGHT,12,180,sequential_yolo_pose,SM-S906U1,GPU
2026-04-22 23:59:32.676,76.676,22.887,27.872,0.404,0.806,3.395,6.097,0.052,false,20.184,LIGHT,12,180,sequential_yolo_pose,SM-S906U1,GPU
2026-04-22 23:59:32.753,71.853,19.240,26.313,0.508,0.848,3.386,5.644,0.021,false,20.156,LIGHT,12,180,sequential_yolo_pose,SM-S906U1,GPU
2026-04-22 23:59:32.825,68.838,19.491,24.840,0.688,1.413,5.455,7.349,0.032,false,20.215,LIGHT,12,180,sequential_yolo_pose,SM-S906U1,GPU
2026-04-22 23:59:32.911,78.082,20.565,27.594,1.167,3.287,7.390,6.488,0.037,false,20.207,LIGHT,12,180,sequential_yolo_pose,SM-S906U1,GPU
2026-04-22 23:59:32.989,73.830,19.302,28.344,0.939,1.204,4.851,7.020,0.044,false,20.219,LIGHT,12,180,sequential_yolo_pose,SM-S906U1,GPU
2026-04-22 23:59:33.074,80.327,24.673,26.780,0.701,1.155,5.784,6.349,0.045,false,20.152,LIGHT,12,180,sequential_yolo_pose,SM-S906U1,GPU
2026-04-22 23:59:33.155,75.957,19.548,27.762,0.906,1.192,4.766,7.033,0.040,false,20.188,LIGHT,12,180,sequential_yolo_pose,SM-S906U1,GPU
2026-04-22 23:59:33.244,83.363,20.820,27.098,0.539,1.388,7.867,11.237,0.033,false,37.133,LIGHT,12,180,sequential_yolo_pose,SM-S906U1,GPU
2026-04-22 23:59:33.335,86.157,23.629,27.769,0.456,0.818,5.694,10.763,0.051,false,30.184,LIGHT,12,180,sequential_yolo_pose,SM-S906U1,GPU
2026-04-22 23:59:33.419,79.425,22.463,26.699,0.676,1.273,4.800,7.600,0.051,false,29.473,LIGHT,12,180,sequential_yolo_pose,SM-S906U1,GPU
2026-04-22 23:59:33.505,78.222,20.624,30.617,1.211,1.509,6.147,6.544,0.038,false,20.188,LIGHT,12,180,sequential_yolo_pose,SM-S906U1,GPU
2026-04-22 23:59:33.582,72.048,20.747,27.195,0.652,1.379,5.274,6.738,0.028,false,37.133,LIGHT,12,180,sequential_yolo_pose,SM-S906U1,GPU
2026-04-22 23:59:33.655,70.024,20.641,26.924,0.548,1.337,4.547,6.254,0.043,false,17.199,LIGHT,12,180,sequential_yolo_pose,SM-S906U1,GPU
2026-04-22 23:59:33.732,71.760,19.506,28.254,0.488,1.154,5.089,7.512,0.027,false,20.215,LIGHT,12,180,sequential_yolo_pose,SM-S906U1,GPU
2026-04-22 23:59:33.805,69.433,19.338,27.069,0.576,1.340,5.202,6.497,0.054,false,20.215,LIGHT,12,180,sequential_yolo_pose,SM-S906U1,GPU
2026-04-22 23:59:33.897,86.890,31.055,31.362,0.839,1.229,4.835,6.803,0.041,false,20.215,LIGHT,12,180,sequential_yolo_pose,SM-S906U1,GPU
2026-04-22 23:59:33.972,69.878,19.144,27.077,0.601,1.297,6.290,6.447,0.036,false,37.223,LIGHT,12,180,sequential_yolo_pose,SM-S906U1,GPU
2026-04-22 23:59:34.053,74.407,20.642,26.651,0.381,0.931,3.590,7.043,0.027,false,17.188,LIGHT,12,180,sequential_yolo_pose,SM-S906U1,GPU
2026-04-22 23:59:34.127,70.301,20.999,26.318,0.771,1.292,4.784,6.228,0.045,false,20.156,LIGHT,12,180,sequential_yolo_pose,SM-S906U1,GPU
2026-04-22 23:59:34.207,73.925,21.402,27.066,0.635,1.496,5.956,6.407,0.052,false,20.184,LIGHT,12,180,sequential_yolo_pose,SM-S906U1,GPU
2026-04-22 23:59:34.294,82.391,22.740,29.093,0.682,1.616,5.701,7.494,0.055,false,20.184,LIGHT,12,180,sequential_yolo_pose,SM-S906U1,GPU
2026-04-22 23:59:34.387,84.705,24.221,29.434,0.968,1.335,4.903,7.550,0.039,false,20.246,LIGHT,12,180,sequential_yolo_pose,SM-S906U1,GPU
2026-04-22 23:59:34.474,80.670,20.822,27.118,0.845,1.623,8.093,7.191,0.046,false,37.254,LIGHT,12,180,sequential_yolo_pose,SM-S906U1,GPU
2026-04-22 23:59:34.562,82.524,24.369,29.989,0.719,1.125,3.400,5.927,0.030,false,20.152,LIGHT,12,180,sequential_yolo_pose,SM-S906U1,GPU
2026-04-22 23:59:34.646,80.847,20.405,28.915,3.027,5.380,6.635,6.556,0.085,false,37.192,LIGHT,12,180,sequential_yolo_pose,SM-S906U1,GPU
2026-04-22 23:59:34.741,90.134,25.101,25.806,0.758,1.228,8.126,6.777,0.042,false,20.277,LIGHT,12,180,sequential_yolo_pose,SM-S906U1,GPU
2026-04-22 23:59:34.835,86.248,23.710,26.218,0.741,1.418,6.373,9.578,0.038,false,37.192,LIGHT,12,180,sequential_yolo_pose,SM-S906U1,GPU
2026-04-22 23:59:34.922,81.482,22.278,28.274,0.605,1.692,6.054,7.283,0.042,false,15.680,LIGHT,12,180,sequential_yolo_pose,SM-S906U1,GPU
2026-04-22 23:59:35.010,83.111,26.824,28.239,0.422,1.108,3.754,6.513,0.059,false,21.359,LIGHT,12,180,sequential_yolo_pose,SM-S906U1,GPU
2026-04-22 23:59:35.092,76.026,22.721,25.980,0.375,0.809,3.262,7.721,0.052,false,38.430,LIGHT,12,180,sequential_yolo_pose,SM-S906U1,GPU
2026-04-22 23:59:35.185,79.150,23.338,27.903,0.577,1.384,4.990,6.608,0.055,false,20.184,LIGHT,12,180,sequential_yolo_pose,SM-S906U1,GPU
2026-04-22 23:59:35.274,84.506,21.440,26.658,0.605,1.563,8.918,7.912,0.023,false,20.246,LIGHT,12,180,sequential_yolo_pose,SM-S906U1,GPU
2026-04-22 23:59:35.356,78.388,20.726,26.904,0.878,1.246,5.312,6.859,0.039,false,20.246,LIGHT,12,180,sequential_yolo_pose,SM-S906U1,GPU
2026-04-22 23:59:35.438,77.265,20.411,27.734,0.672,1.355,6.478,7.439,0.033,false,20.094,LIGHT,12,180,sequential_yolo_pose,SM-S906U1,GPU
2026-04-22 23:59:35.518,76.729,20.156,27.715,1.025,1.353,5.172,6.688,0.040,false,20.184,LIGHT,12,180,sequential_yolo_pose,SM-S906U1,GPU
2026-04-22 23:59:35.610,83.784,20.257,28.949,0.911,1.715,5.047,6.248,0.055,false,20.152,LIGHT,12,180,sequential_yolo_pose,SM-S906U1,GPU
2026-04-22 23:59:35.691,76.661,19.919,25.738,1.014,1.482,5.574,7.039,0.043,false,20.184,LIGHT,12,180,sequential_yolo_pose,SM-S906U1,GPU
2026-04-22 23:59:35.775,79.982,20.260,28.875,0.713,1.734,7.465,6.578,0.046,false,37.223,LIGHT,12,180,sequential_yolo_pose,SM-S906U1,GPU
2026-04-22 23:59:35.868,87.845,24.491,26.893,0.389,1.347,7.838,11.627,0.039,false,29.625,LIGHT,12,180,sequential_yolo_pose,SM-S906U1,GPU
2026-04-22 23:59:35.959,86.166,23.047,29.061,0.581,1.775,5.496,8.713,0.059,false,20.250,LIGHT,12,180,sequential_yolo_pose,SM-S906U1,GPU
2026-04-22 23:59:36.044,77.786,19.905,27.968,0.914,1.292,7.895,6.489,0.063,false,20.215,LIGHT,12,180,sequential_yolo_pose,SM-S906U1,GPU
2026-04-22 23:59:36.129,80.895,25.002,26.714,0.943,1.314,5.210,6.730,0.044,false,20.188,LIGHT,12,180,sequential_yolo_pose,SM-S906U1,GPU
2026-04-22 23:59:36.201,65.332,23.924,26.628,0.256,0.000,0.000,0.000,0.000,true,16.852,LIGHT,12,180,sequential_yolo_pose,SM-S906U1,GPU
2026-04-22 23:59:36.280,74.095,20.555,26.762,0.500,1.162,5.030,6.181,0.049,false,33.828,LIGHT,12,180,sequential_yolo_pose,SM-S906U1,GPU
2026-04-22 23:59:36.375,88.628,23.866,29.458,0.664,3.952,5.421,7.306,0.052,false,20.309,LIGHT,12,180,sequential_yolo_pose,SM-S906U1,GPU
2026-04-22 23:59:36.461,82.260,21.100,28.883,1.026,1.524,5.710,6.532,0.037,false,20.152,LIGHT,12,180,sequential_yolo_pose,SM-S906U1,GPU
2026-04-22 23:59:36.539,74.187,19.585,27.121,0.816,1.413,7.748,7.735,0.029,false,37.129,LIGHT,12,180,sequential_yolo_pose,SM-S906U1,GPU
2026-04-22 23:59:36.618,75.804,24.833,27.181,0.743,1.340,4.627,6.720,0.057,false,29.410,LIGHT,12,180,sequential_yolo_pose,SM-S906U1,GPU
2026-04-22 23:59:36.703,80.360,20.058,27.815,1.148,1.548,5.981,6.657,0.041,false,20.219,LIGHT,12,180,sequential_yolo_pose,SM-S906U1,GPU
2026-04-22 23:59:36.790,82.406,21.893,29.141,0.422,0.919,4.700,10.739,0.044,false,37.196,LIGHT,12,180,sequential_yolo_pose,SM-S906U1,GPU
2026-04-22 23:59:36.868,72.895,18.730,26.490,0.494,1.550,6.072,8.764,0.044,false,17.215,LIGHT,12,180,sequential_yolo_pose,SM-S906U1,GPU
2026-04-22 23:59:36.944,70.320,19.751,26.734,0.931,1.126,4.852,7.388,0.037,false,20.188,LIGHT,12,180,sequential_yolo_pose,SM-S906U1,GPU
2026-04-22 23:59:37.021,73.592,21.019,28.388,0.517,1.203,4.794,6.957,0.042,false,20.184,LIGHT,12,180,sequential_yolo_pose,SM-S906U1,GPU
2026-04-22 23:59:37.113,83.516,22.048,30.491,1.701,1.373,5.890,6.963,0.041,false,20.184,LIGHT,12,180,sequential_yolo_pose,SM-S906U1,GPU
2026-04-22 23:59:37.187,69.215,19.387,26.762,0.658,0.816,3.783,6.301,0.029,false,20.156,LIGHT,12,180,sequential_yolo_pose,SM-S906U1,GPU
2026-04-22 23:59:37.262,68.001,19.322,26.153,0.627,1.132,4.697,6.750,0.057,false,37.133,LIGHT,12,180,sequential_yolo_pose,SM-S906U1,GPU
2026-04-22 23:59:37.347,78.944,21.789,28.616,0.656,1.190,5.157,6.362,0.036,false,16.703,LIGHT,12,180,sequential_yolo_pose,SM-S906U1,GPU
2026-04-22 23:59:37.436,82.471,21.486,26.949,1.148,2.101,7.838,6.846,0.040,false,20.184,LIGHT,12,180,sequential_yolo_pose,SM-S906U1,GPU
2026-04-22 23:59:37.536,95.291,23.351,31.201,0.599,1.879,10.336,11.961,0.050,false,20.152,LIGHT,12,180,sequential_yolo_pose,SM-S906U1,GPU
2026-04-22 23:59:37.614,72.148,19.776,26.055,0.971,1.301,5.439,6.917,0.059,false,20.184,LIGHT,12,180,sequential_yolo_pose,SM-S906U1,GPU
2026-04-22 23:59:37.697,76.237,21.747,27.546,0.436,0.791,3.903,8.173,0.027,false,37.067,LIGHT,12,180,sequential_yolo_pose,SM-S906U1,GPU
2026-04-22 23:59:37.779,77.977,24.942,29.280,0.444,0.833,3.966,7.459,0.055,false,29.590,LIGHT,12,180,sequential_yolo_pose,SM-S906U1,GPU
2026-04-22 23:59:37.873,87.861,21.235,29.419,0.978,2.760,9.837,8.393,0.048,false,20.188,LIGHT,12,180,sequential_yolo_pose,SM-S906U1,GPU
2026-04-22 23:59:37.961,82.783,21.210,27.656,0.545,1.679,5.529,9.983,0.047,false,20.215,LIGHT,12,180,sequential_yolo_pose,SM-S906U1,GPU
2026-04-22 23:59:38.042,76.025,20.373,28.208,0.654,1.321,5.060,6.591,0.036,false,20.215,LIGHT,12,180,sequential_yolo_pose,SM-S906U1,GPU
2026-04-22 23:59:38.122,73.799,19.720,27.521,0.570,1.053,4.473,7.503,0.051,false,20.293,LIGHT,12,180,sequential_yolo_pose,SM-S906U1,GPU
2026-04-22 23:59:38.200,72.687,19.010,27.421,0.537,1.303,8.092,6.552,0.032,false,20.188,LIGHT,12,180,sequential_yolo_pose,SM-S906U1,GPU
2026-04-22 23:59:38.277,73.052,20.408,28.001,0.575,1.570,5.662,7.178,0.060,false,20.246,LIGHT,12,180,sequential_yolo_pose,SM-S906U1,GPU
2026-04-22 23:59:38.369,85.004,24.073,26.874,1.017,1.951,6.493,9.393,0.042,false,20.184,LIGHT,12,180,sequential_yolo_pose,SM-S906U1,GPU
2026-04-22 23:59:38.453,79.479,21.493,28.930,0.691,1.167,4.967,6.783,0.059,false,20.156,LIGHT,12,180,sequential_yolo_pose,SM-S906U1,GPU
2026-04-22 23:59:38.544,84.323,23.811,28.175,1.216,1.288,6.820,7.247,0.028,false,20.215,LIGHT,12,180,sequential_yolo_pose,SM-S906U1,GPU
2026-04-22 23:59:38.639,90.344,23.513,27.149,1.054,1.384,8.882,8.101,0.045,false,20.184,LIGHT,12,180,sequential_yolo_pose,SM-S906U1,GPU
2026-04-22 23:59:38.723,78.383,20.713,27.298,0.876,1.108,5.745,7.267,0.041,false,20.152,LIGHT,12,180,sequential_yolo_pose,SM-S906U1,GPU
2026-04-22 23:59:38.809,80.808,22.123,27.600,0.719,1.276,7.203,7.044,0.050,false,20.215,LIGHT,12,180,sequential_yolo_pose,SM-S906U1,GPU
2026-04-22 23:59:38.884,70.206,19.564,26.672,0.448,0.777,3.455,5.623,0.031,false,20.184,LIGHT,12,180,sequential_yolo_pose,SM-S906U1,GPU
2026-04-22 23:59:38.965,75.878,19.738,29.451,0.652,1.443,6.565,7.968,0.066,false,20.246,LIGHT,12,180,sequential_yolo_pose,SM-S906U1,GPU
2026-04-22 23:59:39.048,77.406,21.733,26.811,0.560,1.320,4.697,6.433,0.052,false,20.230,LIGHT,12,180,sequential_yolo_pose,SM-S906U1,GPU
2026-04-22 23:59:39.122,68.589,25.134,27.514,0.271,0.000,0.000,0.000,0.000,true,16.949,LIGHT,12,180,sequential_yolo_pose,SM-S906U1,GPU
2026-04-22 23:59:39.180,54.310,18.785,26.360,0.713,0.000,0.000,0.000,0.000,true,30.633,LIGHT,12,180,sequential_yolo_pose,SM-S906U1,GPU
2026-04-22 23:59:39.281,94.500,33.035,25.482,0.550,1.584,5.602,6.656,0.046,false,21.840,LIGHT,12,180,sequential_yolo_pose,SM-S906U1,GPU
2026-04-22 23:59:39.373,85.126,22.506,25.951,1.413,2.700,7.654,7.121,0.051,false,38.785,LIGHT,12,180,sequential_yolo_pose,SM-S906U1,GPU
2026-04-22 23:59:39.468,88.164,22.111,28.629,0.616,1.288,4.741,7.299,0.041,false,20.184,LIGHT,12,180,sequential_yolo_pose,SM-S906U1,GPU
2026-04-22 23:59:39.561,88.107,31.417,30.457,0.465,1.594,6.312,7.757,0.045,false,20.184,LIGHT,12,180,sequential_yolo_pose,SM-S906U1,GPU
2026-04-22 23:59:39.648,79.429,20.946,31.887,0.467,1.168,4.980,7.523,0.047,false,20.309,LIGHT,12,180,sequential_yolo_pose,SM-S906U1,GPU
2026-04-22 23:59:39.744,88.630,20.237,31.116,0.929,3.151,9.973,7.012,0.047,false,20.246,LIGHT,12,180,sequential_yolo_pose,SM-S906U1,GPU
2026-04-22 23:59:39.838,89.597,21.985,30.560,0.531,3.098,10.048,7.604,0.054,false,20.184,LIGHT,12,180,sequential_yolo_pose,SM-S906U1,GPU
2026-04-22 23:59:39.933,89.002,21.624,30.856,0.582,1.266,9.214,7.992,0.053,false,20.121,LIGHT,12,180,sequential_yolo_pose,SM-S906U1,GPU
2026-04-22 23:59:40.021,81.979,24.880,29.215,0.718,0.777,3.959,7.090,0.065,false,20.152,LIGHT,12,180,sequential_yolo_pose,SM-S906U1,GPU
2026-04-22 23:59:40.108,78.683,20.222,30.472,0.640,1.551,7.392,6.832,0.083,false,37.160,LIGHT,12,180,sequential_yolo_pose,SM-S906U1,GPU
2026-04-22 23:59:40.188,75.366,19.957,29.793,0.442,0.781,3.659,7.338,0.041,false,16.809,LIGHT,12,180,sequential_yolo_pose,SM-S906U1,GPU
2026-04-22 23:59:40.278,83.684,23.504,32.824,0.417,1.422,5.418,6.923,0.055,false,20.211,LIGHT,12,180,sequential_yolo_pose,SM-S906U1,GPU
2026-04-22 23:59:40.362,78.814,20.359,31.310,0.450,0.880,3.626,6.976,0.044,false,20.215,LIGHT,12,180,sequential_yolo_pose,SM-S906U1,GPU
2026-04-22 23:59:40.447,81.542,22.231,32.063,0.406,0.854,3.862,7.418,0.029,false,20.215,LIGHT,12,180,sequential_yolo_pose,SM-S906U1,GPU
2026-04-22 23:59:40.527,75.875,19.573,30.183,0.656,1.597,5.451,8.255,0.034,false,20.246,LIGHT,12,180,sequential_yolo_pose,SM-S906U1,GPU
2026-04-22 23:59:40.613,78.549,20.471,30.100,0.668,1.313,7.643,7.800,0.052,false,20.219,LIGHT,12,180,sequential_yolo_pose,SM-S906U1,GPU
2026-04-22 23:59:40.696,77.748,19.918,30.661,0.423,0.882,3.646,6.343,0.032,false,20.156,LIGHT,12,180,sequential_yolo_pose,SM-S906U1,GPU
2026-04-22 23:59:40.774,75.157,20.186,29.493,0.584,1.375,6.767,6.878,0.055,false,20.156,LIGHT,12,180,sequential_yolo_pose,SM-S906U1,GPU
2026-04-22 23:59:40.862,82.513,19.997,30.498,0.662,1.408,5.665,7.737,0.047,false,20.219,LIGHT,12,180,sequential_yolo_pose,SM-S906U1,GPU
2026-04-22 23:59:40.953,85.913,22.517,32.341,0.609,1.480,5.523,7.452,0.063,false,20.219,LIGHT,12,180,sequential_yolo_pose,SM-S906U1,GPU
2026-04-22 23:59:41.041,80.460,21.193,32.719,0.748,1.759,4.871,6.227,0.043,false,20.184,LIGHT,12,180,sequential_yolo_pose,SM-S906U1,GPU
2026-04-22 23:59:41.140,94.477,22.343,30.479,1.286,2.770,11.003,10.764,0.094,false,20.219,LIGHT,11,180,sequential_yolo_pose,SM-S906U1,GPU
2026-04-22 23:59:41.240,95.459,23.388,29.943,0.704,1.506,7.611,13.617,0.046,false,20.250,LIGHT,11,180,sequential_yolo_pose,SM-S906U1,GPU
2026-04-22 23:59:41.329,82.945,21.288,32.058,0.852,1.288,5.119,7.402,0.021,false,20.215,LIGHT,11,180,sequential_yolo_pose,SM-S906U1,GPU
2026-04-22 23:59:41.407,74.141,20.230,29.370,0.747,1.502,5.092,7.128,0.052,false,20.219,LIGHT,11,180,sequential_yolo_pose,SM-S906U1,GPU
2026-04-22 23:59:41.501,87.670,21.833,29.488,0.923,1.175,8.884,8.825,0.032,false,20.340,LIGHT,11,180,sequential_yolo_pose,SM-S906U1,GPU
2026-04-22 23:59:41.576,72.174,21.044,30.595,0.454,0.757,3.637,6.221,0.044,false,37.223,LIGHT,11,180,sequential_yolo_pose,SM-S906U1,GPU
2026-04-22 23:59:41.678,97.296,26.738,33.787,0.687,1.459,10.916,6.867,0.038,false,30.195,LIGHT,11,180,sequential_yolo_pose,SM-S906U1,GPU
2026-04-22 23:59:41.783,99.583,27.137,29.885,0.706,2.923,11.934,8.971,0.043,false,20.129,LIGHT,11,180,sequential_yolo_pose,SM-S906U1,GPU
2026-04-22 23:59:41.879,90.565,26.673,32.598,0.748,1.263,4.949,7.067,0.962,false,37.199,LIGHT,11,180,sequential_yolo_pose,SM-S906U1,GPU
2026-04-22 23:59:41.969,85.718,26.616,30.706,0.540,1.417,5.468,6.279,0.045,false,17.219,LIGHT,11,180,sequential_yolo_pose,SM-S906U1,GPU
2026-04-22 23:59:42.074,100.093,30.151,32.866,0.677,1.380,7.013,12.976,0.052,false,20.188,LIGHT,11,180,sequential_yolo_pose,SM-S906U1,GPU
2026-04-22 23:59:42.158,79.094,20.581,30.188,0.773,1.235,5.113,6.878,0.041,false,20.219,LIGHT,11,180,sequential_yolo_pose,SM-S906U1,GPU
2026-04-22 23:59:42.237,74.637,20.380,31.076,0.436,0.812,3.567,6.392,0.033,false,20.273,LIGHT,11,180,sequential_yolo_pose,SM-S906U1,GPU
2026-04-22 23:59:42.316,76.195,21.265,31.151,0.483,1.183,4.810,7.622,0.050,false,20.246,LIGHT,11,180,sequential_yolo_pose,SM-S906U1,GPU
2026-04-22 23:59:42.410,87.969,23.333,32.337,0.592,1.674,7.170,7.219,0.053,false,20.184,LIGHT,11,180,sequential_yolo_pose,SM-S906U1,GPU
2026-04-22 23:59:42.510,91.137,27.768,31.043,0.822,2.336,5.279,6.748,0.046,false,20.246,LIGHT,11,180,sequential_yolo_pose,SM-S906U1,GPU
2026-04-22 23:59:42.592,78.640,21.282,31.883,0.749,1.179,5.168,7.775,0.035,false,20.184,LIGHT,11,180,sequential_yolo_pose,SM-S906U1,GPU
2026-04-22 23:59:42.685,84.866,22.877,31.373,0.805,1.236,5.138,7.394,0.029,false,20.246,LIGHT,11,180,sequential_yolo_pose,SM-S906U1,GPU
2026-04-22 23:59:42.779,89.786,25.239,32.943,0.642,1.357,6.788,7.851,0.050,false,20.184,LIGHT,11,180,sequential_yolo_pose,SM-S906U1,GPU
2026-04-22 23:59:42.873,88.693,23.474,31.360,0.655,1.813,7.668,7.128,0.049,false,20.313,LIGHT,11,180,sequential_yolo_pose,SM-S906U1,GPU
2026-04-22 23:59:42.959,81.865,20.891,29.864,0.788,1.321,5.198,7.745,0.042,false,20.125,LIGHT,11,180,sequential_yolo_pose,SM-S906U1,GPU
2026-04-22 23:59:43.045,81.836,20.287,37.457,0.699,1.263,5.023,6.701,0.049,false,20.184,LIGHT,11,180,sequential_yolo_pose,SM-S906U1,GPU
2026-04-22 23:59:43.133,82.839,20.153,31.846,0.413,0.865,3.593,10.388,0.069,false,20.188,LIGHT,11,180,sequential_yolo_pose,SM-S906U1,GPU
2026-04-22 23:59:43.226,88.386,20.579,32.473,0.528,1.270,5.140,16.895,0.034,false,20.340,LIGHT,12,180,sequential_yolo_pose,SM-S906U1,GPU
2026-04-22 23:59:43.326,96.162,36.816,29.834,0.564,1.359,4.953,8.174,0.065,false,20.184,LIGHT,12,180,sequential_yolo_pose,SM-S906U1,GPU
2026-04-22 23:59:43.416,84.386,22.479,31.588,0.563,1.194,5.502,6.933,0.050,false,20.156,LIGHT,12,180,sequential_yolo_pose,SM-S906U1,GPU
2026-04-22 23:59:43.506,82.998,19.895,35.075,0.652,0.754,4.932,7.459,0.049,false,20.273,LIGHT,12,180,sequential_yolo_pose,SM-S906U1,GPU
2026-04-22 23:59:43.592,82.157,24.743,30.036,0.394,0.865,3.718,7.273,0.045,false,20.184,LIGHT,12,180,sequential_yolo_pose,SM-S906U1,GPU
2026-04-22 23:59:43.682,85.905,21.443,32.064,0.539,3.987,5.624,9.269,0.045,false,14.316,LIGHT,12,180,sequential_yolo_pose,SM-S906U1,GPU
2026-04-22 23:59:43.770,83.678,21.058,31.103,0.488,0.847,4.044,7.909,0.047,false,21.516,LIGHT,12,180,sequential_yolo_pose,SM-S906U1,GPU
2026-04-22 23:59:43.872,95.870,24.502,32.478,0.877,1.383,7.053,13.468,0.066,false,38.461,LIGHT,12,180,sequential_yolo_pose,SM-S906U1,GPU
2026-04-22 23:59:43.978,94.809,25.748,34.914,0.852,1.564,6.308,6.913,0.036,false,20.215,LIGHT,12,180,sequential_yolo_pose,SM-S906U1,GPU
2026-04-22 23:59:44.062,76.446,22.782,35.316,0.816,0.000,0.000,0.000,0.000,true,16.824,LIGHT,12,180,sequential_yolo_pose,SM-S906U1,GPU
2026-04-22 23:59:44.150,81.198,23.019,29.879,0.385,0.871,3.765,6.968,0.027,false,33.832,LIGHT,12,180,sequential_yolo_pose,SM-S906U1,GPU
2026-04-22 23:59:44.218,63.444,23.228,29.598,0.503,0.000,0.000,0.000,0.000,true,26.891,LIGHT,11,180,sequential_yolo_pose,SM-S906U1,GPU
2026-04-22 23:59:44.315,92.079,26.071,31.121,0.680,1.613,6.195,7.842,0.043,false,43.781,LIGHT,11,180,sequential_yolo_pose,SM-S906U1,GPU
2026-04-22 23:59:44.412,88.151,20.837,31.698,0.790,1.396,5.428,6.993,0.050,false,20.215,LIGHT,11,180,sequential_yolo_pose,SM-S906U1,GPU
2026-04-22 23:59:44.507,90.145,21.921,31.583,0.973,1.880,5.445,6.613,0.047,false,20.309,LIGHT,11,180,sequential_yolo_pose,SM-S906U1,GPU
2026-04-22 23:59:44.604,93.027,25.278,32.694,0.503,1.703,9.165,8.009,0.045,false,20.184,LIGHT,11,180,sequential_yolo_pose,SM-S906U1,GPU
2026-04-22 23:59:44.696,87.461,24.415,31.644,0.515,1.486,5.866,8.013,0.041,false,20.184,LIGHT,11,180,sequential_yolo_pose,SM-S906U1,GPU
2026-04-22 23:59:44.777,77.065,20.308,30.259,0.339,0.828,3.508,6.894,0.039,false,20.188,LIGHT,11,180,sequential_yolo_pose,SM-S906U1,GPU
2026-04-22 23:59:44.860,78.222,20.130,31.376,0.550,1.521,5.406,7.228,0.053,false,20.215,LIGHT,11,180,sequential_yolo_pose,SM-S906U1,GPU
2026-04-22 23:59:44.951,81.659,25.098,29.718,0.367,0.782,3.370,6.309,0.029,false,20.184,LIGHT,11,180,sequential_yolo_pose,SM-S906U1,GPU
2026-04-22 23:59:45.042,86.877,19.704,31.098,0.512,2.819,13.324,7.329,0.063,false,20.188,LIGHT,11,180,sequential_yolo_pose,SM-S906U1,GPU
2026-04-22 23:59:45.136,88.694,24.293,29.180,0.606,1.884,6.683,9.283,0.059,false,20.184,LIGHT,11,180,sequential_yolo_pose,SM-S906U1,GPU
2026-04-22 23:59:45.215,73.227,19.654,30.727,0.427,1.200,4.759,6.055,0.048,false,20.375,LIGHT,11,180,sequential_yolo_pose,SM-S906U1,GPU
2026-04-22 23:59:45.311,90.001,22.180,34.119,2.118,1.418,7.668,7.552,0.040,false,20.219,LIGHT,11,180,sequential_yolo_pose,SM-S906U1,GPU
2026-04-22 23:59:45.409,91.442,21.848,34.338,0.691,1.472,8.283,6.807,0.045,false,20.215,LIGHT,11,180,sequential_yolo_pose,SM-S906U1,GPU
2026-04-22 23:59:45.509,89.569,24.535,29.640,0.707,1.402,5.425,6.908,0.050,false,20.309,LIGHT,11,180,sequential_yolo_pose,SM-S906U1,GPU
2026-04-22 23:59:45.597,83.409,19.652,31.708,0.768,1.826,6.671,7.179,0.052,false,20.246,LIGHT,11,180,sequential_yolo_pose,SM-S906U1,GPU
2026-04-22 23:59:45.682,80.319,20.626,30.071,0.483,1.815,7.438,7.681,0.059,false,20.184,LIGHT,11,180,sequential_yolo_pose,SM-S906U1,GPU
2026-04-22 23:59:45.774,85.273,21.892,30.892,0.894,1.289,6.188,7.518,0.052,false,20.273,LIGHT,11,180,sequential_yolo_pose,SM-S906U1,GPU
2026-04-22 23:59:45.878,99.205,24.818,30.531,0.923,2.651,10.972,12.644,0.129,false,37.219,LIGHT,11,180,sequential_yolo_pose,SM-S906U1,GPU
2026-04-22 23:59:45.978,87.071,20.969,30.868,0.735,1.981,5.412,7.141,0.050,false,20.215,LIGHT,11,180,sequential_yolo_pose,SM-S906U1,GPU
2026-04-22 23:59:46.061,78.687,21.336,30.549,0.798,1.766,5.357,7.789,0.054,false,20.184,LIGHT,11,180,sequential_yolo_pose,SM-S906U1,GPU
2026-04-22 23:59:46.152,85.257,24.859,29.836,0.574,1.370,5.449,7.092,0.144,false,20.184,LIGHT,11,180,sequential_yolo_pose,SM-S906U1,GPU
2026-04-22 23:59:46.239,82.193,20.713,33.429,0.328,0.764,3.993,7.601,0.045,false,20.254,LIGHT,11,180,sequential_yolo_pose,SM-S906U1,GPU
2026-04-22 23:59:46.340,96.556,22.098,32.414,1.128,2.699,10.765,9.422,0.045,false,20.250,LIGHT,11,180,sequential_yolo_pose,SM-S906U1,GPU
2026-04-22 23:59:46.439,92.393,25.074,32.007,0.638,1.287,4.966,8.331,0.042,false,20.215,LIGHT,11,180,sequential_yolo_pose,SM-S906U1,GPU
2026-04-22 23:59:46.519,75.667,19.831,32.089,0.595,1.380,4.901,6.856,0.029,false,20.156,LIGHT,11,180,sequential_yolo_pose,SM-S906U1,GPU
2026-04-22 23:59:46.599,73.002,20.169,29.329,0.382,0.851,3.638,6.775,0.039,false,20.219,LIGHT,11,180,sequential_yolo_pose,SM-S906U1,GPU
2026-04-22 23:59:46.676,73.743,19.886,30.107,0.483,1.356,5.577,6.856,0.045,false,20.277,LIGHT,11,180,sequential_yolo_pose,SM-S906U1,GPU
2026-04-22 23:59:46.766,85.594,20.345,31.306,0.845,1.542,6.865,9.436,0.053,false,20.184,LIGHT,11,180,sequential_yolo_pose,SM-S906U1,GPU
2026-04-22 23:59:46.858,86.884,21.976,31.372,0.770,1.212,5.269,8.828,0.034,false,20.219,LIGHT,11,180,sequential_yolo_pose,SM-S906U1,GPU
2026-04-22 23:59:46.939,76.346,19.845,29.902,1.110,1.498,5.517,7.760,0.035,false,20.219,LIGHT,11,180,sequential_yolo_pose,SM-S906U1,GPU
2026-04-22 23:59:47.038,94.744,23.519,33.234,0.514,1.603,8.024,12.247,0.051,false,37.196,LIGHT,11,180,sequential_yolo_pose,SM-S906U1,GPU
2026-04-22 23:59:47.142,97.367,26.103,31.860,0.621,1.519,7.479,6.606,0.051,false,20.215,LIGHT,11,180,sequential_yolo_pose,SM-S906U1,GPU
2026-04-22 23:59:47.231,84.331,20.646,30.984,0.763,1.619,6.123,7.940,0.037,false,20.277,LIGHT,11,180,sequential_yolo_pose,SM-S906U1,GPU
2026-04-22 23:59:47.323,86.895,23.695,30.142,0.704,2.059,6.578,8.320,0.037,false,20.156,LIGHT,11,180,sequential_yolo_pose,SM-S906U1,GPU
2026-04-22 23:59:47.408,74.282,19.687,30.158,0.699,1.921,4.045,7.426,0.050,false,20.250,LIGHT,11,180,sequential_yolo_pose,SM-S906U1,GPU
2026-04-22 23:59:47.499,85.809,23.065,30.493,0.602,1.277,6.520,8.695,0.027,false,20.215,LIGHT,11,180,sequential_yolo_pose,SM-S906U1,GPU
2026-04-22 23:59:47.582,78.956,19.481,35.613,0.742,1.295,5.805,6.654,0.026,false,20.152,LIGHT,11,180,sequential_yolo_pose,SM-S906U1,GPU
2026-04-22 23:59:47.668,83.528,23.866,31.923,0.551,0.854,3.628,7.261,0.082,false,20.152,LIGHT,11,180,sequential_yolo_pose,SM-S906U1,GPU
2026-04-22 23:59:47.747,73.462,20.082,29.997,0.641,1.138,5.084,6.864,0.038,false,20.207,LIGHT,11,180,sequential_yolo_pose,SM-S906U1,GPU
2026-04-22 23:59:47.830,78.617,20.542,31.669,0.415,0.838,3.502,6.418,0.031,false,20.219,LIGHT,11,180,sequential_yolo_pose,SM-S906U1,GPU
2026-04-22 23:59:47.915,80.638,19.960,33.286,0.576,1.906,5.435,7.630,0.049,false,20.184,LIGHT,11,180,sequential_yolo_pose,SM-S906U1,GPU
2026-04-22 23:59:48.000,77.938,20.194,30.067,0.675,1.269,5.372,7.072,0.073,false,20.184,LIGHT,11,180,sequential_yolo_pose,SM-S906U1,GPU
2026-04-22 23:59:48.089,82.542,21.643,29.922,0.800,1.326,4.878,7.833,0.049,false,20.121,LIGHT,11,180,sequential_yolo_pose,SM-S906U1,GPU
2026-04-22 23:59:48.175,80.401,19.672,31.339,1.056,2.074,5.205,10.034,0.028,false,20.219,LIGHT,11,180,sequential_yolo_pose,SM-S906U1,GPU
2026-04-22 23:59:48.270,90.491,19.665,30.562,0.699,1.289,5.274,22.624,0.060,false,13.457,LIGHT,12,180,sequential_yolo_pose,SM-S906U1,GPU
2026-04-22 23:59:48.361,84.856,21.797,32.798,0.571,1.201,4.910,7.668,0.032,false,20.215,LIGHT,12,180,sequential_yolo_pose,SM-S906U1,GPU
2026-04-22 23:59:48.450,83.525,19.646,39.175,0.565,1.216,4.848,7.618,0.048,false,20.215,LIGHT,12,180,sequential_yolo_pose,SM-S906U1,GPU
2026-04-22 23:59:48.535,80.146,19.088,32.507,0.597,1.633,6.929,7.642,0.056,false,20.184,LIGHT,12,180,sequential_yolo_pose,SM-S906U1,GPU
2026-04-22 23:59:48.619,78.970,20.364,28.918,0.514,1.264,4.719,7.499,0.051,false,20.184,LIGHT,12,180,sequential_yolo_pose,SM-S906U1,GPU
2026-04-22 23:59:48.710,82.604,19.592,34.338,0.594,2.942,6.262,7.741,0.045,false,20.281,LIGHT,12,180,sequential_yolo_pose,SM-S906U1,GPU
2026-04-22 23:59:48.800,83.941,19.666,31.588,1.032,2.017,7.667,8.141,0.047,false,20.215,LIGHT,12,180,sequential_yolo_pose,SM-S906U1,GPU
2026-04-22 23:59:48.884,78.083,22.363,29.368,0.403,0.778,3.616,6.100,0.028,false,20.184,LIGHT,12,180,sequential_yolo_pose,SM-S906U1,GPU
2026-04-22 23:59:48.969,81.561,20.384,29.321,0.569,1.366,7.655,11.793,0.032,false,20.219,LIGHT,12,180,sequential_yolo_pose,SM-S906U1,GPU
2026-04-22 23:59:49.053,80.120,21.058,30.136,0.641,1.356,4.951,6.540,0.050,false,20.188,LIGHT,12,180,sequential_yolo_pose,SM-S906U1,GPU
2026-04-22 23:59:49.134,75.354,23.788,34.441,0.250,0.000,0.000,0.000,0.000,true,16.855,LIGHT,12,180,sequential_yolo_pose,SM-S906U1,GPU
2026-04-22 23:59:49.213,73.547,26.796,30.504,0.477,0.000,0.000,0.000,0.000,true,30.531,LIGHT,12,180,sequential_yolo_pose,SM-S906U1,GPU
2026-04-22 23:59:49.313,95.405,27.245,30.344,0.652,1.406,6.597,7.909,0.050,false,21.797,LIGHT,12,180,sequential_yolo_pose,SM-S906U1,GPU
2026-04-22 23:59:49.409,89.983,20.160,30.648,0.887,1.810,11.218,7.570,0.064,false,38.774,LIGHT,12,180,sequential_yolo_pose,SM-S906U1,GPU
2026-04-22 23:59:49.515,98.797,27.904,32.372,1.316,2.336,5.768,8.339,0.045,false,20.309,LIGHT,12,180,sequential_yolo_pose,SM-S906U1,GPU
2026-04-22 23:59:49.601,78.878,19.757,30.803,0.538,1.539,6.103,8.177,0.023,false,20.215,LIGHT,12,180,sequential_yolo_pose,SM-S906U1,GPU
2026-04-22 23:59:49.694,87.802,25.311,29.595,0.531,1.262,4.788,10.660,0.028,false,20.184,LIGHT,12,180,sequential_yolo_pose,SM-S906U1,GPU
2026-04-22 23:59:49.775,76.601,20.369,30.242,0.651,1.459,6.524,7.039,0.031,false,20.188,LIGHT,12,180,sequential_yolo_pose,SM-S906U1,GPU
2026-04-22 23:59:49.870,90.772,21.907,30.662,0.457,2.483,9.063,10.792,0.053,false,20.219,LIGHT,12,180,sequential_yolo_pose,SM-S906U1,GPU
2026-04-22 23:59:49.966,90.541,24.608,29.596,0.609,1.581,6.277,11.727,0.050,false,20.188,LIGHT,12,180,sequential_yolo_pose,SM-S906U1,GPU
2026-04-22 23:59:50.046,74.222,20.533,31.633,0.342,0.834,3.516,7.053,0.027,false,20.336,LIGHT,12,180,sequential_yolo_pose,SM-S906U1,GPU
2026-04-22 23:59:50.126,77.001,20.446,29.457,0.653,1.294,5.370,9.872,0.032,false,20.250,LIGHT,12,180,sequential_yolo_pose,SM-S906U1,GPU
2026-04-22 23:59:50.208,76.855,19.734,30.099,0.983,1.316,7.278,6.742,0.058,false,20.219,LIGHT,12,180,sequential_yolo_pose,SM-S906U1,GPU
2026-04-22 23:59:50.288,75.520,20.511,30.437,0.516,1.241,4.957,7.346,0.043,false,20.277,MODERATE,11,180,sequential_yolo_pose,SM-S906U1,GPU
2026-04-22 23:59:50.369,75.368,19.684,30.345,0.721,1.464,5.690,6.729,0.063,false,20.184,MODERATE,11,180,sequential_yolo_pose,SM-S906U1,GPU
2026-04-22 23:59:50.461,85.984,24.420,32.489,0.387,0.921,3.797,8.345,0.029,false,20.184,MODERATE,11,180,sequential_yolo_pose,SM-S906U1,GPU
2026-04-22 23:59:50.545,78.902,19.883,32.584,0.726,2.014,6.571,7.235,0.044,false,20.246,MODERATE,11,180,sequential_yolo_pose,SM-S906U1,GPU
2026-04-22 23:59:50.640,90.336,20.249,33.606,0.619,1.426,6.380,7.328,0.054,false,20.215,MODERATE,11,180,sequential_yolo_pose,SM-S906U1,GPU
2026-04-22 23:59:50.737,90.503,20.672,31.924,1.033,1.252,5.218,14.035,0.033,false,20.250,MODERATE,11,180,sequential_yolo_pose,SM-S906U1,GPU
2026-04-22 23:59:50.818,76.861,20.037,31.175,0.633,1.416,5.534,7.621,0.038,false,20.246,MODERATE,11,180,sequential_yolo_pose,SM-S906U1,GPU
2026-04-22 23:59:50.914,88.335,26.386,31.275,0.885,1.495,6.156,7.267,0.043,false,20.246,MODERATE,11,180,sequential_yolo_pose,SM-S906U1,GPU
2026-04-22 23:59:51.006,87.540,22.774,31.353,0.836,2.023,7.441,7.237,0.045,false,20.215,MODERATE,11,180,sequential_yolo_pose,SM-S906U1,GPU
2026-04-22 23:59:51.103,91.932,22.766,31.241,0.851,2.726,9.333,8.828,0.060,false,20.184,MODERATE,11,180,sequential_yolo_pose,SM-S906U1,GPU
2026-04-22 23:59:51.191,80.921,24.107,27.987,0.469,1.164,4.871,6.827,0.061,false,20.184,MODERATE,11,180,sequential_yolo_pose,SM-S906U1,GPU
2026-04-22 23:59:51.277,80.258,20.476,30.438,0.437,1.402,6.084,6.687,0.047,false,20.227,MODERATE,11,180,sequential_yolo_pose,SM-S906U1,GPU
2026-04-22 23:59:51.374,91.984,25.684,30.925,1.050,1.361,8.871,7.459,0.044,false,20.219,MODERATE,11,180,sequential_yolo_pose,SM-S906U1,GPU
2026-04-22 23:59:51.463,82.982,22.186,31.073,0.420,1.236,4.782,6.509,0.043,false,20.309,MODERATE,11,180,sequential_yolo_pose,SM-S906U1,GPU
2026-04-22 23:59:51.544,76.414,20.373,30.642,0.386,0.801,3.510,6.879,0.047,false,20.184,MODERATE,11,180,sequential_yolo_pose,SM-S906U1,GPU
2026-04-22 23:59:51.623,74.153,20.294,29.712,0.375,0.760,3.385,6.625,0.027,false,20.211,MODERATE,11,180,sequential_yolo_pose,SM-S906U1,GPU
2026-04-22 23:59:51.716,83.920,20.283,31.056,0.969,2.215,7.762,10.065,0.046,false,20.246,MODERATE,11,180,sequential_yolo_pose,SM-S906U1,GPU
2026-04-22 23:59:51.802,80.744,20.180,31.171,0.456,0.770,3.711,7.819,0.028,false,20.250,MODERATE,11,180,sequential_yolo_pose,SM-S906U1,GPU
2026-04-22 23:59:51.911,104.265,30.935,31.795,1.057,1.121,9.180,10.942,0.033,false,20.309,MODERATE,11,180,sequential_yolo_pose,SM-S906U1,GPU
2026-04-22 23:59:52.018,100.415,27.573,30.190,0.584,1.131,4.900,6.951,0.045,false,37.317,MODERATE,11,180,sequential_yolo_pose,SM-S906U1,GPU
2026-04-22 23:59:52.121,90.526,28.549,29.023,0.687,1.310,4.605,6.491,0.041,false,20.215,MODERATE,11,180,sequential_yolo_pose,SM-S906U1,GPU
2026-04-22 23:59:52.213,88.113,27.678,31.163,0.609,1.137,4.688,6.381,0.040,false,20.184,MODERATE,11,180,sequential_yolo_pose,SM-S906U1,GPU
2026-04-22 23:59:52.309,91.504,26.884,29.921,4.295,1.408,7.125,6.351,0.034,false,20.219,MODERATE,11,180,sequential_yolo_pose,SM-S906U1,GPU
2026-04-22 23:59:52.406,93.069,23.475,33.080,0.794,1.245,7.053,9.337,0.095,false,37.196,MODERATE,11,180,sequential_yolo_pose,SM-S906U1,GPU
2026-04-22 23:59:52.497,85.447,20.887,31.580,0.536,1.232,5.597,9.529,0.033,false,17.258,MODERATE,11,180,sequential_yolo_pose,SM-S906U1,GPU
2026-04-22 23:59:52.578,76.947,20.492,31.979,0.843,1.270,5.092,6.866,0.033,false,14.320,MODERATE,11,180,sequential_yolo_pose,SM-S906U1,GPU
2026-04-22 23:59:52.664,82.967,21.148,30.686,0.773,1.759,4.959,7.227,0.035,false,21.410,MODERATE,11,180,sequential_yolo_pose,SM-S906U1,GPU
2026-04-22 23:59:52.747,78.063,19.395,29.863,0.631,1.029,5.063,8.196,0.049,false,38.387,MODERATE,11,180,sequential_yolo_pose,SM-S906U1,GPU
2026-04-22 23:59:52.839,83.620,25.774,31.251,0.628,2.260,5.159,6.916,0.040,false,20.309,MODERATE,11,180,sequential_yolo_pose,SM-S906U1,GPU
2026-04-22 23:59:52.925,81.981,24.549,30.167,0.362,0.749,3.483,7.776,0.040,false,20.246,MODERATE,11,180,sequential_yolo_pose,SM-S906U1,GPU
2026-04-22 23:59:53.011,83.124,20.194,32.163,1.091,2.712,9.337,7.083,0.056,false,20.215,MODERATE,11,180,sequential_yolo_pose,SM-S906U1,GPU
2026-04-22 23:59:53.102,85.014,22.386,30.982,0.374,0.795,3.676,7.385,0.032,false,20.250,MODERATE,11,180,sequential_yolo_pose,SM-S906U1,GPU
2026-04-22 23:59:53.185,79.811,20.288,31.509,0.591,1.423,5.016,10.684,0.048,false,20.215,MODERATE,11,180,sequential_yolo_pose,SM-S906U1,GPU
2026-04-22 23:59:53.277,84.779,19.872,33.560,0.604,1.237,6.807,6.467,0.043,false,20.277,MODERATE,11,180,sequential_yolo_pose,SM-S906U1,GPU
2026-04-22 23:59:53.371,89.301,24.245,32.085,0.874,1.256,6.394,8.863,0.050,false,20.281,MODERATE,11,180,sequential_yolo_pose,SM-S906U1,GPU
2026-04-22 23:59:53.469,93.588,24.872,30.760,0.531,1.309,8.335,12.736,0.047,false,20.246,MODERATE,11,180,sequential_yolo_pose,SM-S906U1,GPU
2026-04-22 23:59:53.564,90.886,25.592,31.185,0.602,1.448,6.545,9.441,0.052,false,20.184,MODERATE,11,180,sequential_yolo_pose,SM-S906U1,GPU
2026-04-22 23:59:53.659,89.519,24.117,31.841,0.526,1.475,6.312,10.392,0.068,false,20.246,MODERATE,11,180,sequential_yolo_pose,SM-S906U1,GPU
2026-04-22 23:59:53.741,77.022,20.382,31.832,0.405,0.833,3.638,6.760,0.031,false,20.219,MODERATE,11,180,sequential_yolo_pose,SM-S906U1,GPU
2026-04-22 23:59:53.817,72.714,20.852,30.531,0.434,0.822,3.485,6.851,0.042,false,20.184,MODERATE,11,180,sequential_yolo_pose,SM-S906U1,GPU
2026-04-22 23:59:53.909,86.103,25.567,33.733,0.755,1.185,4.613,6.533,0.040,false,20.184,MODERATE,11,180,sequential_yolo_pose,SM-S906U1,GPU
2026-04-22 23:59:53.994,81.303,20.021,30.927,0.802,1.321,5.485,7.015,0.036,false,20.156,MODERATE,11,180,sequential_yolo_pose,SM-S906U1,GPU
2026-04-22 23:59:54.080,78.527,21.271,31.554,0.556,1.323,6.237,7.413,0.043,false,20.215,MODERATE,11,180,sequential_yolo_pose,SM-S906U1,GPU
2026-04-22 23:59:54.155,70.291,22.466,31.450,0.270,0.000,0.000,0.000,0.000,true,16.730,MODERATE,11,180,sequential_yolo_pose,SM-S906U1,GPU
2026-04-22 23:59:54.235,75.144,24.172,31.820,0.466,0.000,0.000,0.000,0.000,true,30.500,MODERATE,11,180,sequential_yolo_pose,SM-S906U1,GPU
2026-04-22 23:59:54.330,90.524,25.967,30.369,0.728,1.926,6.940,7.704,0.055,false,17.199,MODERATE,12,180,sequential_yolo_pose,SM-S906U1,GPU
2026-04-22 23:59:54.414,77.718,21.473,31.201,0.378,1.394,4.837,6.893,0.035,false,20.266,MODERATE,12,180,sequential_yolo_pose,SM-S906U1,GPU
2026-04-22 23:59:54.510,90.949,24.245,33.362,1.101,1.309,7.549,7.456,0.049,false,20.297,MODERATE,12,180,sequential_yolo_pose,SM-S906U1,GPU
2026-04-22 23:59:54.615,100.017,23.572,30.328,1.119,2.902,10.658,14.927,0.049,false,37.274,MODERATE,12,180,sequential_yolo_pose,SM-S906U1,GPU
2026-04-22 23:59:54.737,114.115,44.924,30.090,0.601,1.718,7.775,10.172,0.029,false,28.711,MODERATE,12,180,sequential_yolo_pose,SM-S906U1,GPU
2026-04-22 23:59:54.830,87.639,26.225,30.566,0.701,2.091,6.055,11.153,0.023,false,28.684,MODERATE,12,180,sequential_yolo_pose,SM-S906U1,GPU
2026-04-22 23:59:54.917,83.107,20.129,37.343,0.553,1.650,5.500,7.692,0.046,false,45.567,MODERATE,12,180,sequential_yolo_pose,SM-S906U1,GPU
2026-04-22 23:59:55.008,84.887,20.418,31.343,0.957,1.309,7.723,8.364,0.052,false,16.820,MODERATE,12,180,sequential_yolo_pose,SM-S906U1,GPU
2026-04-22 23:59:55.094,81.273,24.706,29.437,0.397,0.809,3.514,6.246,0.030,false,20.207,MODERATE,12,180,sequential_yolo_pose,SM-S906U1,GPU
2026-04-22 23:59:55.175,77.569,21.492,32.773,0.267,0.817,3.590,6.225,0.040,false,20.234,MODERATE,12,180,sequential_yolo_pose,SM-S906U1,GPU
2026-04-22 23:59:55.262,82.534,20.936,30.867,0.583,1.602,5.004,7.560,0.053,false,20.176,MODERATE,12,180,sequential_yolo_pose,SM-S906U1,GPU
2026-04-22 23:59:55.354,87.011,23.265,31.715,0.468,1.473,6.276,8.282,0.030,false,20.238,MODERATE,11,180,sequential_yolo_pose,SM-S906U1,GPU
2026-04-22 23:59:55.448,88.322,27.392,30.377,0.552,1.359,5.665,7.099,0.062,false,20.234,MODERATE,11,180,sequential_yolo_pose,SM-S906U1,GPU
2026-04-22 23:59:55.535,82.058,20.749,29.716,0.965,1.448,6.891,7.784,0.051,false,20.207,MODERATE,11,180,sequential_yolo_pose,SM-S906U1,GPU
2026-04-22 23:59:55.622,82.499,21.937,30.651,0.601,1.283,5.076,7.730,0.030,false,20.266,MODERATE,11,180,sequential_yolo_pose,SM-S906U1,GPU
2026-04-22 23:59:55.705,78.842,20.351,31.411,0.788,1.412,5.380,9.048,0.087,false,20.238,MODERATE,11,180,sequential_yolo_pose,SM-S906U1,GPU
2026-04-22 23:59:55.793,82.974,21.205,31.936,0.610,1.367,5.408,7.113,0.030,false,20.297,MODERATE,11,180,sequential_yolo_pose,SM-S906U1,GPU
2026-04-22 23:59:55.882,83.847,20.045,34.113,0.698,4.287,3.709,9.897,0.116,false,20.266,MODERATE,11,180,sequential_yolo_pose,SM-S906U1,GPU
2026-04-22 23:59:55.981,93.370,24.310,36.978,0.503,1.305,5.245,7.361,0.057,false,20.203,MODERATE,11,180,sequential_yolo_pose,SM-S906U1,GPU
2026-04-22 23:59:56.075,89.869,25.629,30.222,0.731,1.767,6.052,7.806,0.048,false,20.266,MODERATE,11,180,sequential_yolo_pose,SM-S906U1,GPU
2026-04-22 23:59:56.172,92.914,26.848,30.368,0.587,1.495,8.951,8.628,0.051,false,20.203,MODERATE,11,180,sequential_yolo_pose,SM-S906U1,GPU
2026-04-22 23:59:56.273,95.438,25.375,32.330,0.798,2.511,10.441,8.535,0.049,false,20.203,MODERATE,11,180,sequential_yolo_pose,SM-S906U1,GPU
2026-04-22 23:59:56.356,78.377,20.419,31.542,0.588,0.793,3.456,7.527,1.524,false,20.266,MODERATE,11,180,sequential_yolo_pose,SM-S906U1,GPU
2026-04-22 23:59:56.457,96.728,26.958,29.872,0.588,1.217,5.496,8.377,0.034,false,20.203,MODERATE,11,180,sequential_yolo_pose,SM-S906U1,GPU
2026-04-22 23:59:56.541,80.493,19.805,30.761,0.908,1.216,5.933,8.140,0.030,false,20.270,MODERATE,11,180,sequential_yolo_pose,SM-S906U1,GPU
2026-04-22 23:59:56.640,94.886,25.024,31.793,1.093,2.946,9.251,9.700,0.059,false,37.278,MODERATE,11,180,sequential_yolo_pose,SM-S906U1,GPU
2026-04-22 23:59:56.732,87.623,26.221,29.648,0.671,1.432,6.012,7.131,0.036,false,20.203,MODERATE,11,180,sequential_yolo_pose,SM-S906U1,GPU
2026-04-22 23:59:56.826,89.108,26.089,31.068,1.027,1.319,4.849,8.262,0.025,false,20.234,MODERATE,11,180,sequential_yolo_pose,SM-S906U1,GPU
2026-04-22 23:59:56.920,84.966,25.193,30.284,0.711,1.294,5.051,7.403,0.044,false,37.180,MODERATE,11,180,sequential_yolo_pose,SM-S906U1,GPU
2026-04-22 23:59:57.005,79.779,25.915,29.373,0.477,1.110,4.806,6.716,0.036,false,30.184,MODERATE,11,180,sequential_yolo_pose,SM-S906U1,GPU
2026-04-22 23:59:57.088,78.592,21.025,30.767,0.904,1.204,5.005,7.547,0.040,false,20.238,MODERATE,11,180,sequential_yolo_pose,SM-S906U1,GPU
2026-04-22 23:59:57.177,80.973,21.202,31.398,0.395,0.846,3.560,7.057,0.040,false,20.266,MODERATE,11,180,sequential_yolo_pose,SM-S906U1,GPU
2026-04-22 23:59:57.269,87.600,19.758,30.160,0.745,1.597,6.448,14.475,0.049,false,20.270,MODERATE,11,180,sequential_yolo_pose,SM-S906U1,GPU
2026-04-22 23:59:57.358,83.810,23.146,30.442,0.676,1.252,4.694,8.188,0.030,false,20.238,MODERATE,11,180,sequential_yolo_pose,SM-S906U1,GPU
2026-04-22 23:59:57.447,82.878,26.272,31.737,0.552,1.255,5.011,6.841,0.052,false,20.203,MODERATE,11,180,sequential_yolo_pose,SM-S906U1,GPU
2026-04-22 23:59:57.537,85.635,19.885,32.576,1.008,2.407,7.379,7.495,0.046,false,20.234,MODERATE,11,180,sequential_yolo_pose,SM-S906U1,GPU
2026-04-22 23:59:57.616,74.328,19.890,29.449,0.518,1.258,4.923,6.810,0.052,false,20.246,MODERATE,11,180,sequential_yolo_pose,SM-S906U1,GPU
2026-04-22 23:59:57.712,90.428,21.756,30.432,0.580,1.633,11.775,7.983,0.048,false,20.266,MODERATE,11,180,sequential_yolo_pose,SM-S906U1,GPU
2026-04-22 23:59:57.801,85.416,24.942,30.984,0.928,1.134,4.835,6.222,0.051,false,20.203,MODERATE,11,180,sequential_yolo_pose,SM-S906U1,GPU
2026-04-22 23:59:57.895,89.148,27.921,30.746,0.564,1.226,5.414,8.749,0.044,false,37.117,MODERATE,11,180,sequential_yolo_pose,SM-S906U1,GPU
2026-04-22 23:59:57.984,81.512,24.427,29.702,0.369,0.909,3.574,6.716,0.036,false,20.219,MODERATE,11,180,sequential_yolo_pose,SM-S906U1,GPU
2026-04-22 23:59:58.067,78.897,21.011,32.436,0.606,1.224,5.135,7.048,0.045,false,20.238,MODERATE,11,180,sequential_yolo_pose,SM-S906U1,GPU
2026-04-22 23:59:58.153,79.239,20.366,29.061,0.570,1.391,4.733,7.198,0.051,false,20.203,MODERATE,11,180,sequential_yolo_pose,SM-S906U1,GPU
2026-04-22 23:59:58.237,78.365,20.429,32.329,0.402,0.939,3.737,6.908,0.031,false,20.238,MODERATE,11,180,sequential_yolo_pose,SM-S906U1,GPU
2026-04-22 23:59:58.318,77.672,20.630,31.995,0.767,1.333,5.820,7.206,0.043,false,20.293,MODERATE,11,180,sequential_yolo_pose,SM-S906U1,GPU
2026-04-22 23:59:58.411,88.375,24.247,29.848,0.799,1.639,7.148,8.660,0.044,false,37.238,MODERATE,11,180,sequential_yolo_pose,SM-S906U1,GPU
2026-04-22 23:59:58.504,85.464,23.047,32.734,0.778,1.415,4.306,6.748,0.077,false,20.203,MODERATE,11,180,sequential_yolo_pose,SM-S906U1,GPU
2026-04-22 23:59:58.585,75.687,19.831,30.981,0.638,1.419,6.348,6.937,0.052,false,20.258,MODERATE,11,180,sequential_yolo_pose,SM-S906U1,GPU
2026-04-22 23:59:58.681,90.096,24.328,29.591,0.686,1.228,5.017,14.008,0.046,false,20.266,MODERATE,11,180,sequential_yolo_pose,SM-S906U1,GPU
2026-04-22 23:59:58.775,88.518,24.050,32.089,0.594,1.280,7.156,7.002,0.058,false,20.266,MODERATE,11,180,sequential_yolo_pose,SM-S906U1,GPU
2026-04-22 23:59:58.867,87.918,22.603,31.632,0.846,1.390,7.814,7.195,0.031,false,20.203,MODERATE,11,180,sequential_yolo_pose,SM-S906U1,GPU
2026-04-22 23:59:58.974,93.242,22.207,34.474,0.674,1.427,7.314,6.862,0.047,false,20.234,MODERATE,11,180,sequential_yolo_pose,SM-S906U1,GPU
2026-04-22 23:59:59.060,81.071,23.286,30.750,0.433,0.883,3.600,6.095,0.049,false,20.234,MODERATE,11,180,sequential_yolo_pose,SM-S906U1,GPU
2026-04-22 23:59:59.130,63.719,19.679,34.577,0.172,0.000,0.000,0.000,0.000,true,16.812,MODERATE,11,180,sequential_yolo_pose,SM-S906U1,GPU
2026-04-22 23:59:59.196,61.893,19.875,32.031,0.297,0.000,0.000,0.000,0.000,true,30.520,MODERATE,11,180,sequential_yolo_pose,SM-S906U1,GPU
2026-04-22 23:59:59.281,78.087,30.389,30.467,0.472,0.000,0.000,0.000,0.000,true,18.438,MODERATE,11,180,sequential_yolo_pose,SM-S906U1,GPU
2026-04-22 23:59:59.385,99.309,26.565,33.693,0.608,1.436,5.598,8.080,0.047,false,35.508,MODERATE,12,180,sequential_yolo_pose,SM-S906U1,GPU
2026-04-22 23:59:59.486,91.846,32.466,30.062,0.340,1.014,3.534,7.317,0.039,false,21.836,MODERATE,12,180,sequential_yolo_pose,SM-S906U1,GPU
2026-04-22 23:59:59.585,95.140,21.857,37.692,1.046,2.139,9.738,11.680,0.049,false,38.750,MODERATE,12,180,sequential_yolo_pose,SM-S906U1,GPU
2026-04-22 23:59:59.694,97.503,23.745,36.865,0.561,1.426,5.366,10.511,0.046,false,20.266,MODERATE,12,180,sequential_yolo_pose,SM-S906U1,GPU
2026-04-22 23:59:59.785,85.507,20.855,39.048,0.512,1.414,4.813,7.961,0.056,false,20.207,MODERATE,12,180,sequential_yolo_pose,SM-S906U1,GPU
2026-04-22 23:59:59.883,92.639,25.678,36.605,0.336,0.836,3.536,9.026,0.041,false,20.297,MODERATE,12,180,sequential_yolo_pose,SM-S906U1,GPU
2026-04-22 23:59:59.971,83.209,20.074,38.055,0.349,0.983,4.765,8.988,0.064,false,20.203,MODERATE,12,180,sequential_yolo_pose,SM-S906U1,GPU
2026-04-23 00:00:00.062,87.323,21.038,38.095,0.333,0.819,3.573,8.066,0.049,false,20.234,MODERATE,12,180,sequential_yolo_pose,SM-S906U1,GPU
2026-04-23 00:00:00.247,179.416,77.926,45.097,4.633,4.528,18.680,10.622,0.019,false,14.465,MODERATE,12,180,sequential_yolo_pose,SM-S906U1,GPU
2026-04-23 00:00:00.342,90.828,34.523,39.378,0.268,0.000,0.000,0.000,0.000,true,18.141,MODERATE,9,180,sequential_yolo_pose,SM-S906U1,GPU
2026-04-23 00:00:00.431,85.309,24.159,45.621,0.358,0.000,0.000,0.000,0.000,true,31.824,MODERATE,9,180,sequential_yolo_pose,SM-S906U1,GPU
2026-04-23 00:00:00.599,162.827,38.449,47.727,0.511,1.328,33.586,14.525,0.031,false,16.969,MODERATE,9,180,sequential_yolo_pose,SM-S906U1,GPU
2026-04-23 00:00:00.924,318.618,243.617,37.050,0.374,1.933,8.133,8.910,0.039,false,20.270,MODERATE,9,180,sequential_yolo_pose,SM-S906U1,GPU
2026-04-23 00:00:01.112,179.273,54.952,38.554,0.546,1.287,5.014,10.076,0.042,false,20.238,MODERATE,9,180,sequential_yolo_pose,SM-S906U1,GPU
2026-04-23 00:00:01.414,293.234,99.492,40.044,4.168,16.079,77.121,36.312,0.048,false,20.582,MODERATE,5,180,sequential_yolo_pose,SM-S906U1,GPU
2026-04-23 00:00:01.632,213.154,40.429,37.241,1.426,3.467,9.022,32.257,0.032,false,20.270,MODERATE,5,180,sequential_yolo_pose,SM-S906U1,GPU
2026-04-23 00:00:01.788,132.961,47.358,45.408,0.629,1.163,7.088,7.179,0.041,false,37.278,MODERATE,5,180,sequential_yolo_pose,SM-S906U1,GPU
2026-04-23 00:00:01.963,169.736,84.556,38.330,0.458,0.833,9.283,15.509,0.034,false,23.211,MODERATE,5,180,sequential_yolo_pose,SM-S906U1,GPU
2026-04-23 00:00:02.179,197.742,72.747,40.444,1.061,2.060,10.995,43.167,0.438,false,21.621,MODERATE,5,180,sequential_yolo_pose,SM-S906U1,GPU
2026-04-23 00:00:02.368,182.205,50.936,48.142,2.617,11.600,33.015,12.618,0.041,false,38.629,MODERATE,5,180,sequential_yolo_pose,SM-S906U1,GPU
2026-04-23 00:00:02.537,164.569,45.918,39.534,0.866,1.936,22.995,30.946,0.043,false,29.496,MODERATE,5,180,sequential_yolo_pose,SM-S906U1,GPU
2026-04-23 00:00:02.809,245.428,69.623,44.491,5.706,3.770,15.577,29.936,0.044,false,20.430,MODERATE,5,180,sequential_yolo_pose,SM-S906U1,GPU
2026-04-23 00:00:02.990,168.113,23.755,41.849,0.679,1.768,15.031,57.319,0.020,false,37.407,MODERATE,5,180,sequential_yolo_pose,SM-S906U1,GPU
2026-04-23 00:00:03.171,175.838,65.101,73.516,0.678,1.462,7.131,12.304,0.037,false,16.824,MODERATE,5,180,sequential_yolo_pose,SM-S906U1,GPU
2026-04-23 00:00:03.386,209.693,49.923,40.047,0.634,1.552,75.910,13.962,0.050,false,20.520,MODERATE,5,180,sequential_yolo_pose,SM-S906U1,GPU
2026-04-23 00:00:03.609,207.737,79.397,36.270,0.756,1.804,10.198,13.676,0.045,false,37.528,MODERATE,5,180,sequential_yolo_pose,SM-S906U1,GPU
2026-04-23 00:00:03.781,166.852,64.995,42.386,1.189,4.746,6.543,8.583,0.037,false,21.359,MODERATE,5,180,sequential_yolo_pose,SM-S906U1,GPU
2026-04-23 00:00:03.928,138.581,42.734,37.116,0.613,1.265,9.055,29.300,0.043,false,38.555,MODERATE,5,180,sequential_yolo_pose,SM-S906U1,GPU
2026-04-23 00:00:04.077,136.084,41.357,39.273,0.738,1.446,6.478,18.948,0.030,false,17.211,MODERATE,5,180,sequential_yolo_pose,SM-S906U1,GPU
2026-04-23 00:00:04.267,180.521,59.836,66.375,0.318,0.932,3.493,18.019,0.054,false,20.301,MODERATE,5,180,sequential_yolo_pose,SM-S906U1,GPU
2026-04-23 00:00:04.379,107.793,35.572,36.844,0.604,3.084,5.478,9.482,0.025,false,20.301,MODERATE,6,180,sequential_yolo_pose,SM-S906U1,GPU
2026-04-23 00:00:04.475,89.947,21.901,37.590,0.848,2.762,7.000,7.180,0.038,false,20.270,MODERATE,6,180,sequential_yolo_pose,SM-S906U1,GPU
2026-04-23 00:00:04.563,84.657,22.958,35.984,0.389,0.829,3.653,11.074,0.028,false,20.270,MODERATE,6,180,sequential_yolo_pose,SM-S906U1,GPU
2026-04-23 00:00:04.673,105.366,25.569,43.861,0.504,3.243,11.054,11.593,0.045,false,20.328,MODERATE,6,180,sequential_yolo_pose,SM-S906U1,GPU
2026-04-23 00:00:04.780,101.780,33.362,39.136,0.346,0.872,3.563,6.978,0.031,false,20.238,MODERATE,6,180,sequential_yolo_pose,SM-S906U1,GPU
2026-04-23 00:00:04.902,119.175,27.749,38.164,0.915,9.384,14.860,15.488,0.032,false,20.301,MODERATE,6,180,sequential_yolo_pose,SM-S906U1,GPU
2026-04-23 00:00:05.005,97.469,25.355,37.973,0.730,1.198,4.522,15.282,0.025,false,20.359,MODERATE,6,180,sequential_yolo_pose,SM-S906U1,GPU
2026-04-23 00:00:05.099,90.532,20.177,37.489,0.436,0.758,11.684,10.346,0.021,false,37.274,MODERATE,6,180,sequential_yolo_pose,SM-S906U1,GPU
2026-04-23 00:00:05.219,117.257,28.829,43.871,0.824,1.639,13.095,11.094,0.040,false,20.324,MODERATE,6,180,sequential_yolo_pose,SM-S906U1,GPU
2026-04-23 00:00:05.316,89.978,20.828,39.249,0.322,0.755,3.823,9.383,0.038,false,37.207,MODERATE,6,180,sequential_yolo_pose,SM-S906U1,GPU
2026-04-23 00:00:05.457,124.010,34.473,39.056,0.663,0.870,3.580,17.283,0.030,false,20.328,MODERATE,10,180,sequential_yolo_pose,SM-S906U1,GPU
2026-04-23 00:00:05.607,144.174,40.485,39.083,2.542,1.110,9.273,7.158,0.056,false,37.305,MODERATE,10,180,sequential_yolo_pose,SM-S906U1,GPU
2026-04-23 00:00:05.723,110.398,35.065,44.223,0.378,0.892,4.916,8.157,0.030,false,21.867,MODERATE,10,180,sequential_yolo_pose,SM-S906U1,GPU
2026-04-23 00:00:05.816,89.216,22.034,38.622,1.107,0.816,4.351,7.518,0.049,false,38.813,MODERATE,10,180,sequential_yolo_pose,SM-S906U1,GPU
2026-04-23 00:00:05.936,109.774,39.545,36.951,0.435,0.817,4.971,10.472,0.041,false,29.754,MODERATE,10,180,sequential_yolo_pose,SM-S906U1,GPU
2026-04-23 00:00:06.031,90.142,26.838,39.609,0.363,0.845,3.588,6.836,0.031,false,29.426,MODERATE,10,180,sequential_yolo_pose,SM-S906U1,GPU
2026-04-23 00:00:06.121,83.991,25.322,36.083,0.389,0.830,3.635,7.929,0.026,false,29.621,MODERATE,10,180,sequential_yolo_pose,SM-S906U1,GPU
2026-04-23 00:00:06.231,106.831,21.570,37.475,0.613,1.130,12.098,13.374,0.089,false,20.176,MODERATE,10,180,sequential_yolo_pose,SM-S906U1,GPU
2026-04-23 00:00:06.337,97.416,23.983,35.551,0.488,0.954,4.026,8.085,0.053,false,37.184,MODERATE,10,180,sequential_yolo_pose,SM-S906U1,GPU
2026-04-23 00:00:06.449,107.428,37.601,41.116,0.623,1.009,3.999,7.752,0.041,false,17.203,MODERATE,9,180,sequential_yolo_pose,SM-S906U1,GPU
2026-04-23 00:00:06.565,110.503,24.026,58.674,0.678,1.303,5.908,7.931,0.036,false,20.301,MODERATE,9,180,sequential_yolo_pose,SM-S906U1,GPU
2026-04-23 00:00:06.660,84.475,20.855,39.978,0.440,0.945,4.152,7.799,0.030,false,20.238,MODERATE,9,180,sequential_yolo_pose,SM-S906U1,GPU
2026-04-23 00:00:06.744,77.425,20.162,35.934,0.429,0.776,3.431,6.923,0.027,false,20.238,MODERATE,9,180,sequential_yolo_pose,SM-S906U1,GPU
2026-04-23 00:00:06.828,80.101,20.236,36.663,0.445,0.836,3.479,8.914,0.028,false,20.238,MODERATE,9,180,sequential_yolo_pose,SM-S906U1,GPU
2026-04-23 00:00:06.921,83.440,24.638,36.375,0.500,0.773,3.458,8.073,0.028,false,20.234,MODERATE,9,180,sequential_yolo_pose,SM-S906U1,GPU
2026-04-23 00:00:07.007,82.149,20.898,38.610,0.440,0.821,3.497,8.263,0.029,false,14.371,MODERATE,9,180,sequential_yolo_pose,SM-S906U1,GPU
2026-04-23 00:00:07.097,86.991,21.612,37.359,0.573,2.024,5.335,9.825,0.034,false,21.566,MODERATE,9,180,sequential_yolo_pose,SM-S906U1,GPU
2026-04-23 00:00:07.179,78.732,19.678,37.218,0.496,0.778,3.839,6.907,0.034,false,38.387,MODERATE,9,180,sequential_yolo_pose,SM-S906U1,GPU
2026-04-23 00:00:07.273,90.952,30.916,37.997,0.414,0.721,3.247,7.834,0.027,false,29.629,MODERATE,9,180,sequential_yolo_pose,SM-S906U1,GPU
2026-04-23 00:00:07.369,92.594,23.637,38.562,3.949,1.937,5.797,8.503,0.049,false,20.238,MODERATE,9,180,sequential_yolo_pose,SM-S906U1,GPU
2026-04-23 00:00:07.463,87.447,24.471,38.523,0.445,0.812,3.714,8.954,0.464,false,37.278,MODERATE,11,180,sequential_yolo_pose,SM-S906U1,GPU
2026-04-23 00:00:07.563,87.903,24.599,38.697,0.400,0.892,3.485,7.211,0.030,false,17.148,MODERATE,11,180,sequential_yolo_pose,SM-S906U1,GPU
2026-04-23 00:00:07.648,81.632,21.338,37.605,0.389,0.882,3.458,7.898,0.032,false,20.234,MODERATE,11,180,sequential_yolo_pose,SM-S906U1,GPU
2026-04-23 00:00:07.744,92.383,20.329,43.972,2.203,1.288,5.245,9.417,0.028,false,20.270,MODERATE,11,180,sequential_yolo_pose,SM-S906U1,GPU
2026-04-23 00:00:07.836,89.102,21.067,38.193,2.418,1.278,6.414,10.092,0.036,false,20.238,MODERATE,11,180,sequential_yolo_pose,SM-S906U1,GPU
2026-04-23 00:00:07.923,83.128,21.087,38.667,0.436,0.709,4.136,8.488,0.026,false,37.184,MODERATE,11,180,sequential_yolo_pose,SM-S906U1,GPU
2026-04-23 00:00:08.027,98.599,20.936,43.140,0.542,2.017,4.556,9.271,0.037,false,33.856,MODERATE,11,180,sequential_yolo_pose,SM-S906U1,GPU
2026-04-23 00:00:08.148,113.040,36.987,43.684,1.247,5.407,5.957,9.437,0.025,false,21.316,MODERATE,11,180,sequential_yolo_pose,SM-S906U1,GPU
2026-04-23 00:00:08.250,95.900,23.959,37.428,0.397,0.706,3.360,7.993,0.053,false,38.387,MODERATE,11,180,sequential_yolo_pose,SM-S906U1,GPU
2026-04-23 00:00:08.352,92.994,30.131,37.280,0.352,0.920,3.283,7.193,0.031,false,16.789,MODERATE,11,180,sequential_yolo_pose,SM-S906U1,GPU
2026-04-23 00:00:08.442,86.876,20.750,43.149,0.396,0.811,3.281,8.239,0.041,false,20.363,MODERATE,10,180,sequential_yolo_pose,SM-S906U1,GPU
2026-04-23 00:00:08.546,97.994,26.274,38.642,0.373,1.102,3.254,10.478,0.042,false,20.238,MODERATE,10,180,sequential_yolo_pose,SM-S906U1,GPU
2026-04-23 00:00:08.653,96.641,20.523,37.468,0.596,1.349,9.435,10.091,0.036,false,20.145,MODERATE,10,180,sequential_yolo_pose,SM-S906U1,GPU
2026-04-23 00:00:08.747,87.499,20.831,37.129,0.426,0.794,3.438,8.158,0.025,false,37.215,MODERATE,10,180,sequential_yolo_pose,SM-S906U1,GPU
2026-04-23 00:00:08.842,92.007,29.294,39.684,0.433,0.811,3.544,8.234,0.027,false,17.207,MODERATE,10,180,sequential_yolo_pose,SM-S906U1,GPU
2026-04-23 00:00:08.939,94.459,22.686,42.591,4.189,1.337,5.182,8.646,0.028,false,14.340,MODERATE,10,180,sequential_yolo_pose,SM-S906U1,GPU
2026-04-23 00:00:09.035,91.546,27.986,41.454,0.524,0.763,3.434,7.433,0.034,false,21.477,MODERATE,10,180,sequential_yolo_pose,SM-S906U1,GPU
2026-04-23 00:00:09.126,85.065,20.522,38.713,0.636,1.327,4.933,7.908,0.030,false,38.360,MODERATE,10,180,sequential_yolo_pose,SM-S906U1,GPU
2026-04-23 00:00:09.247,109.090,20.050,45.642,0.581,1.096,5.590,8.267,0.041,false,20.336,MODERATE,10,180,sequential_yolo_pose,SM-S906U1,GPU
2026-04-23 00:00:09.354,102.171,27.477,38.833,0.894,2.141,4.929,7.710,0.045,false,20.145,MODERATE,10,180,sequential_yolo_pose,SM-S906U1,GPU
2026-04-23 00:00:09.441,77.437,19.100,35.324,0.444,0.819,3.696,8.068,0.021,false,37.215,MODERATE,10,180,sequential_yolo_pose,SM-S906U1,GPU
2026-04-23 00:00:09.537,93.106,28.047,36.288,0.379,0.931,3.595,14.518,0.031,false,22.027,MODERATE,10,180,sequential_yolo_pose,SM-S906U1,GPU
2026-04-23 00:00:09.620,79.640,20.748,35.467,0.399,0.940,4.863,7.991,0.021,false,38.848,MODERATE,10,180,sequential_yolo_pose,SM-S906U1,GPU
2026-04-23 00:00:09.723,94.537,28.754,35.661,1.022,1.817,5.556,7.693,0.040,false,29.625,MODERATE,10,180,sequential_yolo_pose,SM-S906U1,GPU
2026-04-23 00:00:09.826,90.850,19.792,37.897,0.531,2.161,4.911,7.696,0.044,false,20.324,MODERATE,10,180,sequential_yolo_pose,SM-S906U1,GPU
2026-04-23 00:00:09.934,101.477,23.158,45.664,0.485,2.150,9.214,11.146,0.046,false,14.371,MODERATE,10,180,sequential_yolo_pose,SM-S906U1,GPU
2026-04-23 00:00:10.061,121.611,34.380,40.665,0.411,0.797,8.026,14.593,0.034,false,31.317,MODERATE,10,180,sequential_yolo_pose,SM-S906U1,GPU
2026-04-23 00:00:10.199,132.089,30.930,38.518,0.603,1.782,9.094,8.700,0.034,false,14.000,MODERATE,10,180,sequential_yolo_pose,SM-S906U1,GPU
2026-04-23 00:00:10.351,140.105,43.351,37.534,1.019,1.935,22.836,7.749,0.060,false,20.363,MODERATE,10,180,sequential_yolo_pose,SM-S906U1,GPU
2026-04-23 00:00:10.450,84.166,19.917,35.851,0.746,1.266,5.322,9.215,0.027,false,20.266,MODERATE,9,180,sequential_yolo_pose,SM-S906U1,GPU
2026-04-23 00:00:10.545,89.976,20.243,41.591,0.749,1.433,6.394,7.447,0.044,false,37.274,MODERATE,9,180,sequential_yolo_pose,SM-S906U1,GPU
2026-04-23 00:00:10.647,91.077,21.218,36.972,0.345,2.324,3.515,8.247,0.029,false,14.367,MODERATE,9,180,sequential_yolo_pose,SM-S906U1,GPU
2026-04-23 00:00:10.739,86.491,21.058,41.029,0.384,0.887,4.189,7.454,0.060,false,21.508,MODERATE,9,180,sequential_yolo_pose,SM-S906U1,GPU
2026-04-23 00:00:10.833,87.425,20.323,36.158,0.425,0.814,4.028,8.399,0.046,false,38.328,MODERATE,9,180,sequential_yolo_pose,SM-S906U1,GPU
2026-04-23 00:00:10.926,88.082,27.186,35.782,0.568,1.243,3.879,7.424,0.035,false,29.672,MODERATE,9,180,sequential_yolo_pose,SM-S906U1,GPU
2026-04-23 00:00:11.021,86.478,25.737,36.363,0.387,0.919,3.849,8.374,0.024,false,29.656,MODERATE,9,180,sequential_yolo_pose,SM-S906U1,GPU
2026-04-23 00:00:11.140,110.727,33.436,36.701,0.397,1.094,3.619,7.944,0.054,false,46.539,MODERATE,9,180,sequential_yolo_pose,SM-S906U1,GPU
2026-04-23 00:00:11.247,97.702,25.149,46.126,0.397,0.863,3.602,7.996,0.032,false,21.512,MODERATE,9,180,sequential_yolo_pose,SM-S906U1,GPU
2026-04-23 00:00:11.337,86.246,21.473,37.387,0.391,0.728,4.267,12.364,0.050,false,38.395,MODERATE,9,180,sequential_yolo_pose,SM-S906U1,GPU
2026-04-23 00:00:11.432,90.326,20.344,37.259,0.604,1.280,4.832,9.232,0.061,false,20.359,MODERATE,10,180,sequential_yolo_pose,SM-S906U1,GPU
2026-04-23 00:00:11.522,86.367,21.649,38.071,0.415,0.833,3.498,7.539,0.035,false,20.301,MODERATE,10,180,sequential_yolo_pose,SM-S906U1,GPU
2026-04-23 00:00:11.639,112.141,25.620,35.979,2.862,5.481,14.467,9.230,0.027,false,20.301,MODERATE,10,180,sequential_yolo_pose,SM-S906U1,GPU
2026-04-23 00:00:11.793,151.005,74.428,38.564,1.642,1.850,6.533,7.116,0.031,false,20.207,MODERATE,10,180,sequential_yolo_pose,SM-S906U1,GPU
2026-04-23 00:00:11.916,111.164,31.102,46.744,0.566,2.413,3.382,8.619,0.046,false,37.121,MODERATE,10,180,sequential_yolo_pose,SM-S906U1,GPU
2026-04-23 00:00:12.095,173.520,58.376,37.808,11.173,2.028,5.550,27.203,0.032,false,17.242,MODERATE,10,180,sequential_yolo_pose,SM-S906U1,GPU
2026-04-23 00:00:12.243,131.559,34.922,36.061,0.793,1.265,12.705,7.077,0.038,false,20.145,MODERATE,10,180,sequential_yolo_pose,SM-S906U1,GPU
2026-04-23 00:00:12.362,115.210,42.852,37.033,0.711,2.906,6.093,9.256,0.059,false,37.215,MODERATE,10,180,sequential_yolo_pose,SM-S906U1,GPU
2026-04-23 00:00:12.533,164.711,39.353,53.059,1.006,1.432,9.467,42.310,0.025,false,17.414,MODERATE,8,180,sequential_yolo_pose,SM-S906U1,GPU
2026-04-23 00:00:12.694,156.039,48.075,36.907,2.410,2.874,17.848,23.538,0.037,false,20.426,MODERATE,8,180,sequential_yolo_pose,SM-S906U1,GPU
2026-04-23 00:00:12.794,93.118,26.765,38.580,0.569,1.270,5.162,7.691,0.039,false,37.246,MODERATE,8,180,sequential_yolo_pose,SM-S906U1,GPU
2026-04-23 00:00:12.887,89.581,23.523,36.069,0.397,1.056,4.050,9.787,0.043,false,17.148,MODERATE,8,180,sequential_yolo_pose,SM-S906U1,GPU
2026-04-23 00:00:12.980,87.991,19.537,37.958,0.423,0.865,3.494,7.300,0.041,false,20.234,MODERATE,8,180,sequential_yolo_pose,SM-S906U1,GPU
2026-04-23 00:00:13.070,84.326,21.252,39.627,0.386,0.765,3.483,8.820,0.030,false,20.234,MODERATE,8,180,sequential_yolo_pose,SM-S906U1,GPU
2026-04-23 00:00:13.154,81.388,19.733,37.081,0.598,1.752,4.778,7.854,0.039,false,14.367,MODERATE,8,180,sequential_yolo_pose,SM-S906U1,GPU
2026-04-23 00:00:13.253,92.994,25.538,36.663,0.463,0.961,3.721,7.603,0.028,false,21.445,MODERATE,8,180,sequential_yolo_pose,SM-S906U1,GPU
2026-04-23 00:00:13.343,83.589,21.422,39.590,0.428,0.751,4.369,6.927,0.047,false,38.360,MODERATE,8,180,sequential_yolo_pose,SM-S906U1,GPU
2026-04-23 00:00:13.438,91.435,22.469,37.495,0.708,1.456,5.727,9.423,0.030,false,29.699,MODERATE,8,180,sequential_yolo_pose,SM-S906U1,GPU
2026-04-23 00:00:13.548,106.217,30.064,42.433,0.568,1.520,5.065,7.815,0.040,false,20.270,MODERATE,10,180,sequential_yolo_pose,SM-S906U1,GPU
2026-04-23 00:00:13.659,106.892,23.927,40.963,0.888,1.263,4.472,15.810,0.029,false,14.461,MODERATE,10,180,sequential_yolo_pose,SM-S906U1,GPU
2026-04-23 00:00:13.749,86.337,21.616,39.284,0.487,3.388,3.598,7.718,0.043,false,21.457,MODERATE,10,180,sequential_yolo_pose,SM-S906U1,GPU
2026-04-23 00:00:13.843,89.344,20.841,39.010,1.422,2.791,6.555,7.687,0.045,false,38.434,MODERATE,10,180,sequential_yolo_pose,SM-S906U1,GPU
2026-04-23 00:00:13.972,121.193,30.904,37.409,0.721,1.461,5.342,13.319,0.035,false,28.988,MODERATE,10,180,sequential_yolo_pose,SM-S906U1,GPU
2026-04-23 00:00:14.091,113.331,26.603,43.092,0.591,1.221,7.036,9.573,0.043,false,29.680,MODERATE,10,180,sequential_yolo_pose,SM-S906U1,GPU
2026-04-23 00:00:14.181,82.121,20.854,37.082,0.479,0.836,3.491,7.601,0.034,false,29.422,MODERATE,10,180,sequential_yolo_pose,SM-S906U1,GPU
2026-04-23 00:00:14.271,83.768,20.359,36.896,0.366,0.885,3.484,8.225,0.026,false,21.934,MODERATE,10,180,sequential_yolo_pose,SM-S906U1,GPU
2026-04-23 00:00:14.356,82.236,20.081,38.959,0.342,0.854,3.875,8.223,0.046,false,38.817,MODERATE,10,180,sequential_yolo_pose,SM-S906U1,GPU
2026-04-23 00:00:14.462,99.971,25.828,39.282,0.337,0.891,4.447,11.335,0.019,false,29.735,MODERATE,10,180,sequential_yolo_pose,SM-S906U1,GPU
2026-04-23 00:00:14.561,92.606,23.976,38.872,0.486,1.623,6.543,11.093,0.026,false,20.301,MODERATE,10,180,sequential_yolo_pose,SM-S906U1,GPU
2026-04-23 00:00:14.674,107.260,23.859,43.054,0.727,6.385,9.042,11.050,0.045,false,20.266,MODERATE,10,180,sequential_yolo_pose,SM-S906U1,GPU
2026-04-23 00:00:14.849,168.839,38.581,36.608,0.582,1.409,16.428,36.860,0.046,false,37.305,MODERATE,10,180,sequential_yolo_pose,SM-S906U1,GPU
2026-04-23 00:00:15.026,165.820,25.639,50.691,0.830,1.262,4.570,8.170,0.042,false,17.117,MODERATE,10,180,sequential_yolo_pose,SM-S906U1,GPU
2026-04-23 00:00:15.152,96.010,20.281,36.808,0.798,1.705,8.393,10.780,0.043,false,14.371,MODERATE,10,180,sequential_yolo_pose,SM-S906U1,GPU
2026-04-23 00:00:15.269,112.709,27.251,37.419,0.572,1.331,5.898,19.148,0.035,false,31.410,MODERATE,10,180,sequential_yolo_pose,SM-S906U1,GPU
2026-04-23 00:00:15.389,100.095,25.463,36.029,0.460,1.463,4.892,9.670,0.033,false,20.234,MODERATE,10,180,sequential_yolo_pose,SM-S906U1,GPU
2026-04-23 00:00:15.475,82.504,19.989,40.067,0.306,0.833,3.524,8.254,0.042,false,20.383,MODERATE,10,180,sequential_yolo_pose,SM-S906U1,GPU
2026-04-23 00:00:15.574,92.455,21.551,36.468,0.362,0.897,4.366,11.821,0.028,false,20.395,MODERATE,8,180,sequential_yolo_pose,SM-S906U1,GPU
2026-04-23 00:00:15.675,98.342,19.814,38.175,0.926,5.955,5.773,16.960,0.027,false,20.324,MODERATE,8,180,sequential_yolo_pose,SM-S906U1,GPU
2026-04-23 00:00:15.763,84.497,19.142,36.682,0.421,0.773,3.534,13.966,0.045,false,37.239,MODERATE,8,180,sequential_yolo_pose,SM-S906U1,GPU
2026-04-23 00:00:15.876,105.272,35.555,37.628,0.550,3.572,4.712,9.232,0.029,false,21.902,MODERATE,8,180,sequential_yolo_pose,SM-S906U1,GPU
2026-04-23 00:00:15.989,110.324,26.087,36.560,0.734,1.309,5.911,11.942,0.039,false,38.848,MODERATE,8,180,sequential_yolo_pose,SM-S906U1,GPU
2026-04-23 00:00:16.098,91.865,24.381,36.336,0.555,1.288,5.353,8.054,0.048,false,20.266,MODERATE,8,180,sequential_yolo_pose,SM-S906U1,GPU
2026-04-23 00:00:16.184,80.427,20.943,37.161,0.468,1.283,3.299,7.654,0.027,false,20.203,MODERATE,8,180,sequential_yolo_pose,SM-S906U1,GPU
2026-04-23 00:00:16.283,91.269,20.106,42.799,0.704,2.292,4.874,9.600,0.041,false,20.297,MODERATE,8,180,sequential_yolo_pose,SM-S906U1,GPU
2026-04-23 00:00:16.385,87.421,20.561,36.865,0.404,0.884,3.725,7.396,0.038,false,20.234,MODERATE,8,180,sequential_yolo_pose,SM-S906U1,GPU
2026-04-23 00:00:16.474,84.699,20.026,42.608,0.374,0.776,3.461,7.667,0.026,false,20.359,MODERATE,8,180,sequential_yolo_pose,SM-S906U1,GPU
2026-04-23 00:00:16.565,88.042,20.685,37.793,0.676,1.835,4.386,8.650,0.032,false,20.238,MODERATE,10,180,sequential_yolo_pose,SM-S906U1,GPU
2026-04-23 00:00:16.656,85.982,20.727,40.269,0.485,1.285,5.837,7.957,0.042,false,20.297,MODERATE,10,180,sequential_yolo_pose,SM-S906U1,GPU
2026-04-23 00:00:16.750,89.364,22.786,38.447,0.361,0.866,3.646,7.237,0.028,false,14.367,MODERATE,10,180,sequential_yolo_pose,SM-S906U1,GPU
2026-04-23 00:00:16.848,91.672,20.452,38.651,1.091,3.352,9.678,8.757,0.061,false,21.566,MODERATE,10,180,sequential_yolo_pose,SM-S906U1,GPU
2026-04-23 00:00:16.975,119.937,32.115,38.118,0.680,1.339,5.998,13.143,0.032,false,38.480,MODERATE,10,180,sequential_yolo_pose,SM-S906U1,GPU
2026-04-23 00:00:17.077,91.627,20.177,37.648,0.491,0.856,3.476,8.679,0.021,false,20.344,MODERATE,10,180,sequential_yolo_pose,SM-S906U1,GPU
2026-04-23 00:00:17.165,85.124,20.564,37.620,0.736,1.558,6.064,8.709,0.046,false,20.363,MODERATE,10,180,sequential_yolo_pose,SM-S906U1,GPU
2026-04-23 00:00:17.259,89.101,24.701,36.809,0.431,0.805,3.359,7.997,0.031,false,20.203,MODERATE,10,180,sequential_yolo_pose,SM-S906U1,GPU
2026-04-23 00:00:17.342,79.882,21.220,36.740,0.451,0.804,3.644,7.495,0.027,false,20.324,MODERATE,10,180,sequential_yolo_pose,SM-S906U1,GPU
2026-04-23 00:00:17.434,88.081,19.991,38.256,0.618,1.241,6.706,11.596,0.023,false,20.270,MODERATE,10,180,sequential_yolo_pose,SM-S906U1,GPU
2026-04-23 00:00:17.526,89.432,20.080,37.581,0.670,1.367,4.921,8.521,0.043,false,20.328,MODERATE,10,180,sequential_yolo_pose,SM-S906U1,GPU
2026-04-23 00:00:17.623,89.877,20.446,38.056,0.861,1.777,5.815,8.732,0.027,false,20.270,MODERATE,10,180,sequential_yolo_pose,SM-S906U1,GPU
2026-04-23 00:00:17.715,85.439,20.562,38.227,0.505,0.843,4.177,8.712,0.037,false,20.332,MODERATE,10,180,sequential_yolo_pose,SM-S906U1,GPU
2026-04-23 00:00:17.812,93.329,21.286,38.026,1.089,1.454,5.897,8.835,0.035,false,20.207,MODERATE,10,180,sequential_yolo_pose,SM-S906U1,GPU
2026-04-23 00:00:17.923,106.088,19.926,38.512,1.025,1.656,5.426,28.590,0.021,false,20.332,MODERATE,10,180,sequential_yolo_pose,SM-S906U1,GPU
2026-04-23 00:00:18.031,95.165,24.934,38.235,0.446,0.727,3.826,10.153,0.047,false,37.278,MODERATE,10,180,sequential_yolo_pose,SM-S906U1,GPU
2026-04-23 00:00:18.129,91.962,24.537,38.919,0.541,1.937,4.703,10.620,0.043,false,30.188,MODERATE,10,180,sequential_yolo_pose,SM-S906U1,GPU
2026-04-23 00:00:18.227,91.837,26.437,37.106,0.349,0.911,4.666,7.865,0.051,false,16.754,MODERATE,10,180,sequential_yolo_pose,SM-S906U1,GPU
2026-04-23 00:00:18.330,96.311,21.711,39.168,0.391,1.020,4.918,12.996,0.046,false,20.297,MODERATE,10,180,sequential_yolo_pose,SM-S906U1,GPU
2026-04-23 00:00:18.431,93.573,24.388,37.214,0.381,1.365,5.570,8.358,0.039,false,20.266,MODERATE,10,180,sequential_yolo_pose,SM-S906U1,GPU
2026-04-23 00:00:18.505,69.488,20.199,38.300,0.292,0.000,0.000,0.000,0.000,true,16.875,MODERATE,10,180,sequential_yolo_pose,SM-S906U1,GPU
2026-04-23 00:00:18.591,81.214,25.253,39.631,0.331,0.000,0.000,0.000,0.000,true,30.613,MODERATE,11,180,sequential_yolo_pose,SM-S906U1,GPU
2026-04-23 00:00:18.697,97.804,21.163,40.380,0.406,1.501,6.544,9.847,0.023,false,17.203,MODERATE,11,180,sequential_yolo_pose,SM-S906U1,GPU
2026-04-23 00:00:18.779,78.028,22.648,39.252,0.359,0.000,0.000,0.000,0.000,true,16.875,MODERATE,11,180,sequential_yolo_pose,SM-S906U1,GPU
2026-04-23 00:00:18.914,130.561,23.897,42.841,0.808,2.958,9.175,31.093,3.226,false,13.156,MODERATE,11,180,sequential_yolo_pose,SM-S906U1,GPU
2026-04-23 00:00:19.016,95.687,20.285,42.164,0.767,1.323,4.965,9.047,0.081,false,20.297,MODERATE,11,180,sequential_yolo_pose,SM-S906U1,GPU
2026-04-23 00:00:19.116,94.531,20.836,37.677,0.630,1.523,7.606,8.768,0.046,false,20.266,MODERATE,11,180,sequential_yolo_pose,SM-S906U1,GPU
2026-04-23 00:00:19.217,95.731,24.589,37.810,0.595,1.525,7.351,8.039,0.042,false,20.238,MODERATE,11,180,sequential_yolo_pose,SM-S906U1,GPU
2026-04-23 00:00:19.312,85.562,19.657,38.725,0.702,2.700,5.757,7.890,0.046,false,20.266,MODERATE,11,180,sequential_yolo_pose,SM-S906U1,GPU
2026-04-23 00:00:19.415,97.398,22.446,40.198,0.561,2.007,6.405,10.341,0.045,false,20.301,MODERATE,11,180,sequential_yolo_pose,SM-S906U1,GPU
2026-04-23 00:00:19.504,84.750,19.421,36.838,0.508,0.914,3.605,7.212,0.048,false,20.207,MODERATE,11,180,sequential_yolo_pose,SM-S906U1,GPU
2026-04-23 00:00:19.605,96.290,22.227,42.985,0.434,0.975,4.466,8.875,0.054,false,20.207,MODERATE,10,180,sequential_yolo_pose,SM-S906U1,GPU
2026-04-23 00:00:19.715,103.556,22.287,48.666,0.894,2.801,8.275,10.163,0.054,false,20.328,MODERATE,10,180,sequential_yolo_pose,SM-S906U1,GPU
2026-04-23 00:00:19.829,108.842,21.722,49.849,0.583,1.220,5.425,11.757,0.046,false,20.270,MODERATE,10,180,sequential_yolo_pose,SM-S906U1,GPU
2026-04-23 00:00:19.940,104.434,24.077,49.182,0.571,1.272,4.578,8.748,0.037,false,20.238,MODERATE,10,180,sequential_yolo_pose,SM-S906U1,GPU
2026-04-23 00:00:20.055,110.288,25.681,49.352,1.180,2.073,5.415,9.927,0.040,false,20.328,MODERATE,10,180,sequential_yolo_pose,SM-S906U1,GPU
2026-04-23 00:00:20.174,112.332,24.968,47.536,0.745,1.652,10.796,11.575,0.036,false,20.328,MODERATE,10,180,sequential_yolo_pose,SM-S906U1,GPU
2026-04-23 00:00:20.291,109.797,22.169,48.832,0.858,1.662,6.936,10.562,0.050,false,20.363,MODERATE,10,180,sequential_yolo_pose,SM-S906U1,GPU
2026-04-23 00:00:20.411,111.887,22.765,46.916,0.834,1.980,8.279,13.885,0.049,false,20.328,MODERATE,10,180,sequential_yolo_pose,SM-S906U1,GPU
2026-04-23 00:00:20.516,100.665,20.922,48.455,1.019,1.631,5.492,10.148,0.044,false,20.270,MODERATE,10,180,sequential_yolo_pose,SM-S906U1,GPU
2026-04-23 00:00:20.613,91.455,20.014,48.652,0.401,0.858,3.400,8.438,0.043,false,20.270,MODERATE,9,180,sequential_yolo_pose,SM-S906U1,GPU
2026-04-23 00:00:20.722,105.051,22.305,48.366,0.686,1.603,5.387,11.434,0.042,false,20.332,MODERATE,9,180,sequential_yolo_pose,SM-S906U1,GPU
2026-04-23 00:00:20.842,106.894,20.547,47.943,0.780,1.846,10.439,9.026,0.047,false,20.328,MODERATE,9,180,sequential_yolo_pose,SM-S906U1,GPU
2026-04-23 00:00:20.962,114.026,28.696,46.898,0.664,2.023,5.180,9.990,0.049,false,20.301,MODERATE,9,180,sequential_yolo_pose,SM-S906U1,GPU
2026-04-23 00:00:21.089,121.619,24.330,48.719,0.904,4.062,12.016,16.086,0.042,false,20.457,MODERATE,9,180,sequential_yolo_pose,SM-S906U1,GPU
2026-04-23 00:00:21.212,115.169,21.735,47.247,0.658,1.831,7.962,16.588,0.040,false,20.359,MODERATE,9,180,sequential_yolo_pose,SM-S906U1,GPU
2026-04-23 00:00:21.319,102.272,20.185,48.821,0.407,0.889,4.127,9.505,0.075,false,20.270,MODERATE,9,180,sequential_yolo_pose,SM-S906U1,GPU
2026-04-23 00:00:21.427,102.399,21.138,50.721,0.528,1.642,6.351,11.064,0.039,false,20.395,MODERATE,9,180,sequential_yolo_pose,SM-S906U1,GPU
2026-04-23 00:00:21.517,85.862,22.213,47.863,0.551,0.000,0.000,0.000,0.000,true,16.953,MODERATE,9,180,sequential_yolo_pose,SM-S906U1,GPU
2026-04-23 00:00:21.648,123.293,25.476,46.560,0.500,1.397,13.920,11.055,0.049,false,34.086,MODERATE,9,180,sequential_yolo_pose,SM-S906U1,GPU
2026-04-23 00:00:21.758,90.026,24.133,48.244,0.891,0.000,0.000,0.000,0.000,true,16.934,MODERATE,9,180,sequential_yolo_pose,SM-S906U1,GPU
2026-04-23 00:00:21.884,114.628,21.027,49.757,1.004,2.265,11.525,16.685,0.051,false,33.942,MODERATE,9,180,sequential_yolo_pose,SM-S906U1,GPU
2026-04-23 00:00:22.021,119.843,25.107,61.081,0.632,1.678,5.696,9.379,0.050,false,20.332,MODERATE,9,180,sequential_yolo_pose,SM-S906U1,GPU
2026-04-23 00:00:22.135,101.918,21.491,49.484,0.549,1.863,6.236,12.686,0.042,false,20.379,MODERATE,9,180,sequential_yolo_pose,SM-S906U1,GPU
2026-04-23 00:00:22.241,102.593,22.182,48.760,0.389,0.866,3.692,8.815,0.054,false,20.238,MODERATE,9,180,sequential_yolo_pose,SM-S906U1,GPU
2026-04-23 00:00:22.360,110.565,21.004,50.656,0.689,1.483,6.761,10.688,0.042,false,20.301,MODERATE,9,180,sequential_yolo_pose,SM-S906U1,GPU
2026-04-23 00:00:22.469,104.026,20.193,48.458,0.534,1.560,6.916,12.535,0.049,false,20.266,MODERATE,9,180,sequential_yolo_pose,SM-S906U1,GPU
2026-04-23 00:00:22.572,98.723,20.250,48.947,0.598,1.586,6.592,10.094,0.027,false,20.289,MODERATE,9,180,sequential_yolo_pose,SM-S906U1,GPU
2026-04-23 00:00:22.686,110.943,22.858,49.129,0.894,3.311,8.479,11.074,0.102,false,20.301,MODERATE,9,180,sequential_yolo_pose,SM-S906U1,GPU
2026-04-23 00:00:22.792,99.304,19.629,48.926,0.728,1.726,6.980,10.590,0.051,false,20.301,MODERATE,9,180,sequential_yolo_pose,SM-S906U1,GPU
2026-04-23 00:00:22.902,99.131,21.566,48.816,0.373,0.836,5.942,8.941,0.043,false,20.270,MODERATE,9,180,sequential_yolo_pose,SM-S906U1,GPU
2026-04-23 00:00:23.004,98.351,21.378,47.581,0.792,1.612,6.706,9.967,0.046,false,20.301,MODERATE,9,180,sequential_yolo_pose,SM-S906U1,GPU
2026-04-23 00:00:23.121,109.880,22.273,48.218,0.897,1.653,7.216,10.617,0.047,false,20.266,MODERATE,9,180,sequential_yolo_pose,SM-S906U1,GPU
2026-04-23 00:00:23.232,104.893,20.470,46.098,0.947,1.429,5.927,10.319,0.049,false,20.266,MODERATE,9,180,sequential_yolo_pose,SM-S906U1,GPU
2026-04-23 00:00:23.335,97.444,21.130,46.557,0.432,0.972,4.687,10.252,0.099,false,20.270,MODERATE,9,180,sequential_yolo_pose,SM-S906U1,GPU
2026-04-23 00:00:23.452,111.771,20.933,47.240,2.178,1.968,10.073,13.141,0.050,false,20.395,MODERATE,9,180,sequential_yolo_pose,SM-S906U1,GPU
2026-04-23 00:00:23.579,122.296,32.110,48.556,0.822,2.229,7.330,9.036,0.050,false,20.332,MODERATE,9,180,sequential_yolo_pose,SM-S906U1,GPU
2026-04-23 00:00:23.690,105.465,23.642,47.300,0.805,1.323,4.818,10.775,0.039,false,20.363,MODERATE,8,180,sequential_yolo_pose,SM-S906U1,GPU
2026-04-23 00:00:23.810,113.116,24.427,47.223,1.128,1.839,8.168,11.269,0.044,false,20.328,MODERATE,8,180,sequential_yolo_pose,SM-S906U1,GPU
2026-04-23 00:00:23.923,107.476,24.013,47.735,0.663,1.207,4.970,10.247,0.041,false,20.270,MODERATE,8,180,sequential_yolo_pose,SM-S906U1,GPU
2026-04-23 00:00:24.046,116.675,30.103,48.017,0.783,1.893,8.048,8.782,0.039,false,20.238,MODERATE,8,180,sequential_yolo_pose,SM-S906U1,GPU
2026-04-23 00:00:24.155,104.879,25.616,47.081,0.824,1.443,4.894,9.734,0.030,false,20.266,MODERATE,8,180,sequential_yolo_pose,SM-S906U1,GPU
2026-04-23 00:00:24.278,115.087,25.075,48.179,0.937,1.779,11.312,8.736,0.038,false,20.297,MODERATE,8,180,sequential_yolo_pose,SM-S906U1,GPU
2026-04-23 00:00:24.389,105.036,20.287,47.800,1.389,2.450,6.996,10.776,0.033,false,20.238,MODERATE,8,180,sequential_yolo_pose,SM-S906U1,GPU
2026-04-23 00:00:24.503,105.470,21.552,49.098,0.693,1.397,7.705,8.977,0.044,false,14.402,MODERATE,8,180,sequential_yolo_pose,SM-S906U1,GPU
2026-04-23 00:00:24.621,113.679,23.161,53.046,1.205,1.548,7.496,11.691,0.031,false,21.582,MODERATE,9,180,sequential_yolo_pose,SM-S906U1,GPU
2026-04-23 00:00:24.729,104.132,20.219,49.886,0.663,1.462,5.668,12.728,0.034,false,38.684,MODERATE,9,180,sequential_yolo_pose,SM-S906U1,GPU
2026-04-23 00:00:24.842,101.302,20.923,46.977,0.510,1.046,4.532,10.434,0.041,false,20.297,MODERATE,9,180,sequential_yolo_pose,SM-S906U1,GPU
2026-04-23 00:00:24.956,109.341,28.171,48.638,0.543,1.408,3.538,9.362,0.035,false,20.270,MODERATE,9,180,sequential_yolo_pose,SM-S906U1,GPU
2026-04-23 00:00:25.063,98.504,20.449,48.612,0.588,1.375,5.260,11.774,0.056,false,20.363,MODERATE,9,180,sequential_yolo_pose,SM-S906U1,GPU
2026-04-23 00:00:25.179,109.610,24.373,47.501,0.594,1.537,10.527,9.340,0.043,false,20.328,MODERATE,9,180,sequential_yolo_pose,SM-S906U1,GPU
2026-04-23 00:00:25.304,119.123,24.673,45.803,0.575,1.457,8.485,13.802,0.066,false,20.359,MODERATE,9,180,sequential_yolo_pose,SM-S906U1,GPU
2026-04-23 00:00:25.415,106.273,20.536,54.357,0.399,0.874,3.667,9.345,0.054,false,20.301,MODERATE,9,180,sequential_yolo_pose,SM-S906U1,GPU
2026-04-23 00:00:25.522,102.122,21.664,45.469,1.535,1.905,6.163,9.596,0.040,false,20.270,MODERATE,9,180,sequential_yolo_pose,SM-S906U1,GPU
2026-04-23 00:00:25.626,97.015,20.623,49.058,0.705,1.233,5.307,9.997,0.037,false,20.488,MODERATE,9,180,sequential_yolo_pose,SM-S906U1,GPU
2026-04-23 00:00:25.733,102.146,21.412,48.256,0.697,1.374,5.391,10.261,0.024,false,20.395,MODERATE,9,180,sequential_yolo_pose,SM-S906U1,GPU
2026-04-23 00:00:25.827,87.852,22.962,47.857,0.160,0.000,0.000,0.000,0.000,true,16.902,MODERATE,9,180,sequential_yolo_pose,SM-S906U1,GPU
2026-04-23 00:00:25.910,77.625,19.786,47.885,0.245,0.000,0.000,0.000,0.000,true,30.516,MODERATE,9,180,sequential_yolo_pose,SM-S906U1,GPU
2026-04-23 00:00:25.994,81.104,22.224,47.236,0.524,0.000,0.000,0.000,0.000,true,18.168,MODERATE,9,180,sequential_yolo_pose,SM-S906U1,GPU
2026-04-23 00:00:26.117,115.953,26.193,47.342,0.979,2.193,9.505,9.988,0.033,false,35.113,MODERATE,9,180,sequential_yolo_pose,SM-S906U1,GPU
2026-04-23 00:00:26.231,109.358,22.039,51.992,0.710,1.376,6.713,9.659,0.072,false,17.273,MODERATE,9,180,sequential_yolo_pose,SM-S906U1,GPU
2026-04-23 00:00:26.342,103.089,21.144,47.563,0.865,2.258,7.405,10.044,0.058,false,20.297,MODERATE,9,180,sequential_yolo_pose,SM-S906U1,GPU
2026-04-23 00:00:26.454,107.749,22.218,49.092,0.804,1.655,6.663,11.028,0.036,false,20.363,MODERATE,9,180,sequential_yolo_pose,SM-S906U1,GPU
2026-04-23 00:00:26.563,104.880,21.307,51.144,0.535,1.576,4.344,9.819,0.053,false,20.316,MODERATE,9,180,sequential_yolo_pose,SM-S906U1,GPU
2026-04-23 00:00:26.706,131.006,39.958,51.455,0.579,1.757,8.254,11.851,0.026,false,20.395,MODERATE,10,180,sequential_yolo_pose,SM-S906U1,GPU
2026-04-23 00:00:26.803,94.466,20.935,49.029,0.505,1.002,4.171,9.527,0.113,false,20.270,MODERATE,10,180,sequential_yolo_pose,SM-S906U1,GPU
2026-04-23 00:00:26.908,97.915,20.830,49.057,0.430,0.938,3.583,8.936,0.030,false,20.234,MODERATE,10,180,sequential_yolo_pose,SM-S906U1,GPU
2026-04-23 00:00:27.019,107.386,25.952,45.827,0.540,1.514,6.369,9.031,0.045,false,20.332,MODERATE,10,180,sequential_yolo_pose,SM-S906U1,GPU
2026-04-23 00:00:27.136,112.711,26.375,48.009,0.571,1.516,6.821,13.882,0.033,false,20.328,MODERATE,10,180,sequential_yolo_pose,SM-S906U1,GPU
2026-04-23 00:00:27.243,103.768,21.253,49.810,0.575,1.457,10.864,10.055,0.038,false,20.301,MODERATE,10,180,sequential_yolo_pose,SM-S906U1,GPU
2026-04-23 00:00:27.370,121.423,26.384,54.681,0.669,1.678,6.232,13.636,0.031,false,20.363,MODERATE,10,180,sequential_yolo_pose,SM-S906U1,GPU
2026-04-23 00:00:27.478,103.279,20.620,48.704,0.986,3.702,8.485,10.395,0.074,false,20.332,MODERATE,10,180,sequential_yolo_pose,SM-S906U1,GPU
2026-04-23 00:00:27.590,106.622,24.335,50.816,0.586,2.421,5.487,9.577,0.042,false,20.270,MODERATE,10,180,sequential_yolo_pose,SM-S906U1,GPU
2026-04-23 00:00:27.701,99.933,24.059,46.461,0.403,1.060,5.857,8.642,0.046,false,20.363,MODERATE,9,180,sequential_yolo_pose,SM-S906U1,GPU
2026-04-23 00:00:27.813,105.546,26.766,48.118,0.496,0.871,3.993,9.612,0.033,false,20.270,MODERATE,9,180,sequential_yolo_pose,SM-S906U1,GPU
2026-04-23 00:00:27.914,96.576,21.377,49.423,0.434,0.879,3.451,10.369,0.043,false,20.270,MODERATE,9,180,sequential_yolo_pose,SM-S906U1,GPU
2026-04-23 00:00:28.026,107.536,20.371,48.287,0.927,3.081,6.418,10.480,0.045,false,20.266,MODERATE,9,180,sequential_yolo_pose,SM-S906U1,GPU
2026-04-23 00:00:28.136,103.256,23.291,48.097,0.672,1.488,5.491,12.936,0.042,false,14.465,MODERATE,9,180,sequential_yolo_pose,SM-S906U1,GPU
2026-04-23 00:00:28.246,105.745,22.970,50.351,0.488,1.009,4.223,11.415,0.044,false,21.508,MODERATE,9,180,sequential_yolo_pose,SM-S906U1,GPU
2026-04-23 00:00:28.354,103.117,20.437,51.223,0.825,1.644,7.927,10.447,0.041,false,38.422,MODERATE,9,180,sequential_yolo_pose,SM-S906U1,GPU
2026-04-23 00:00:28.485,113.055,25.026,47.218,1.976,3.413,5.957,10.753,0.035,false,20.297,MODERATE,9,180,sequential_yolo_pose,SM-S906U1,GPU
2026-04-23 00:00:28.597,106.549,22.789,51.405,0.701,1.245,5.265,9.245,0.039,false,20.234,MODERATE,9,180,sequential_yolo_pose,SM-S906U1,GPU
2026-04-23 00:00:28.700,97.999,20.249,49.325,1.036,1.682,6.007,9.476,0.019,false,20.520,MODERATE,9,180,sequential_yolo_pose,SM-S906U1,GPU
2026-04-23 00:00:28.804,101.274,20.544,47.316,1.632,2.206,8.989,10.692,0.028,false,14.465,MODERATE,9,180,sequential_yolo_pose,SM-S906U1,GPU
2026-04-23 00:00:28.912,100.938,22.988,47.484,0.597,2.163,9.022,8.490,0.124,false,21.441,MODERATE,9,180,sequential_yolo_pose,SM-S906U1,GPU
2026-04-23 00:00:29.050,133.744,41.219,47.991,0.705,1.222,5.519,9.409,0.031,false,38.450,MODERATE,9,180,sequential_yolo_pose,SM-S906U1,GPU
2026-04-23 00:00:29.153,98.489,20.098,48.766,0.484,0.966,3.988,8.639,0.174,false,29.742,MODERATE,9,180,sequential_yolo_pose,SM-S906U1,GPU
2026-04-23 00:00:29.274,115.349,23.951,47.451,0.728,2.852,6.913,16.660,0.041,false,20.332,MODERATE,9,180,sequential_yolo_pose,SM-S906U1,GPU
2026-04-23 00:00:29.390,111.030,25.391,49.808,0.716,1.633,6.550,9.424,0.044,false,20.332,MODERATE,9,180,sequential_yolo_pose,SM-S906U1,GPU
2026-04-23 00:00:29.495,97.804,20.821,49.488,0.491,0.832,4.225,9.183,0.046,false,20.270,MODERATE,9,180,sequential_yolo_pose,SM-S906U1,GPU
2026-04-23 00:00:29.602,102.955,20.390,47.481,1.139,1.968,6.726,14.475,0.022,false,20.359,MODERATE,9,180,sequential_yolo_pose,SM-S906U1,GPU
2026-04-23 00:00:29.705,98.803,21.147,46.459,0.575,1.985,6.649,9.105,0.050,false,20.488,MODERATE,9,180,sequential_yolo_pose,SM-S906U1,GPU
2026-04-23 00:00:29.814,104.463,21.042,49.796,1.081,1.893,6.494,8.628,0.045,false,20.270,MODERATE,9,180,sequential_yolo_pose,SM-S906U1,GPU
2026-04-23 00:00:29.924,105.692,22.731,49.281,0.420,0.854,4.369,9.283,0.082,false,20.270,MODERATE,9,180,sequential_yolo_pose,SM-S906U1,GPU
2026-04-23 00:00:30.032,101.285,21.314,50.044,0.528,1.302,4.627,12.626,0.054,false,20.297,MODERATE,9,180,sequential_yolo_pose,SM-S906U1,GPU
2026-04-23 00:00:30.151,114.227,28.860,47.493,0.796,1.797,7.014,10.057,0.042,false,20.270,MODERATE,9,180,sequential_yolo_pose,SM-S906U1,GPU
2026-04-23 00:00:30.267,108.840,20.634,53.134,0.635,1.953,6.283,13.759,0.043,false,20.270,MODERATE,9,180,sequential_yolo_pose,SM-S906U1,GPU
2026-04-23 00:00:30.385,110.275,25.493,51.005,0.578,1.591,5.938,10.092,0.042,false,20.238,MODERATE,9,180,sequential_yolo_pose,SM-S906U1,GPU
2026-04-23 00:00:30.504,110.169,25.209,47.055,0.365,0.902,4.675,12.950,0.033,false,20.297,MODERATE,9,180,sequential_yolo_pose,SM-S906U1,GPU
2026-04-23 00:00:30.616,108.243,24.759,52.230,0.453,1.052,4.482,8.903,0.041,false,20.301,MODERATE,9,180,sequential_yolo_pose,SM-S906U1,GPU
2026-04-23 00:00:30.736,113.897,21.823,48.153,0.937,2.053,4.864,17.803,0.030,false,20.387,MODERATE,9,180,sequential_yolo_pose,SM-S906U1,GPU
2026-04-23 00:00:30.841,101.393,20.999,47.831,0.351,0.891,4.560,13.130,0.042,false,20.207,MODERATE,9,180,sequential_yolo_pose,SM-S906U1,GPU
2026-04-23 00:00:30.950,104.500,21.282,50.789,0.419,0.767,7.653,8.754,0.029,false,19.699,MODERATE,9,180,sequential_yolo_pose,SM-S906U1,GPU
2026-04-23 00:00:31.104,134.724,37.906,47.092,0.559,1.219,5.181,13.305,0.042,false,36.207,MODERATE,9,180,sequential_yolo_pose,SM-S906U1,GPU
2026-04-23 00:00:31.210,101.663,38.615,47.422,0.342,0.000,0.000,0.000,0.000,true,18.539,MODERATE,9,180,sequential_yolo_pose,SM-S906U1,GPU
2026-04-23 00:00:31.348,129.291,32.018,50.229,0.480,1.241,13.133,8.943,0.054,false,35.516,MODERATE,9,180,sequential_yolo_pose,SM-S906U1,GPU
2026-04-23 00:00:31.483,127.959,36.681,52.690,0.361,0.982,3.659,9.782,0.028,false,17.242,MODERATE,9,180,sequential_yolo_pose,SM-S906U1,GPU
2026-04-23 00:00:31.584,97.719,20.141,49.632,0.774,1.334,4.819,8.946,0.039,false,20.363,MODERATE,9,180,sequential_yolo_pose,SM-S906U1,GPU
2026-04-23 00:00:31.683,93.393,19.759,49.200,0.341,0.871,3.487,8.974,0.043,false,20.270,MODERATE,8,180,sequential_yolo_pose,SM-S906U1,GPU
2026-04-23 00:00:31.815,126.405,26.812,53.497,0.789,2.092,15.559,10.399,0.047,false,20.363,MODERATE,8,180,sequential_yolo_pose,SM-S906U1,GPU
2026-04-23 00:00:31.919,98.482,19.799,46.563,0.714,1.531,5.449,8.890,0.048,false,20.301,MODERATE,8,180,sequential_yolo_pose,SM-S906U1,GPU
2026-04-23 00:00:32.032,108.589,25.502,50.463,0.463,0.864,5.358,10.033,0.030,false,20.270,MODERATE,8,180,sequential_yolo_pose,SM-S906U1,GPU
2026-04-23 00:00:32.136,98.639,21.434,48.335,0.482,0.905,5.043,12.615,0.025,false,14.481,MODERATE,8,180,sequential_yolo_pose,SM-S906U1,GPU
2026-04-23 00:00:32.244,104.506,20.531,49.696,0.623,1.299,7.557,14.830,0.042,false,21.563,MODERATE,8,180,sequential_yolo_pose,SM-S906U1,GPU
2026-04-23 00:00:32.365,111.766,25.560,49.000,0.616,1.161,5.253,8.657,0.022,false,38.508,MODERATE,8,180,sequential_yolo_pose,SM-S906U1,GPU
2026-04-23 00:00:32.483,107.969,22.910,54.179,0.633,1.074,3.895,9.227,0.037,false,20.297,MODERATE,8,180,sequential_yolo_pose,SM-S906U1,GPU
2026-04-23 00:00:32.592,103.592,21.125,47.757,0.827,1.643,5.784,9.339,0.046,false,20.332,MODERATE,8,180,sequential_yolo_pose,SM-S906U1,GPU
2026-04-23 00:00:32.709,109.848,23.039,46.609,0.752,1.384,7.163,12.357,0.036,false,20.484,MODERATE,9,180,sequential_yolo_pose,SM-S906U1,GPU
2026-04-23 00:00:32.818,104.244,21.006,48.740,0.867,1.942,5.998,9.014,0.044,false,20.238,MODERATE,9,180,sequential_yolo_pose,SM-S906U1,GPU
2026-04-23 00:00:32.939,112.414,29.813,47.302,0.858,1.610,5.230,9.850,0.031,false,14.430,MODERATE,9,180,sequential_yolo_pose,SM-S906U1,GPU
2026-04-23 00:00:33.045,102.811,24.804,49.336,0.753,1.244,6.745,8.949,0.040,false,21.570,MODERATE,9,180,sequential_yolo_pose,SM-S906U1,GPU
2026-04-23 00:00:33.173,118.276,21.974,47.271,0.826,1.638,11.930,17.420,0.096,false,13.508,MODERATE,9,180,sequential_yolo_pose,SM-S906U1,GPU
2026-04-23 00:00:33.286,108.875,24.674,53.896,0.703,1.786,4.948,9.260,0.187,false,20.203,MODERATE,9,180,sequential_yolo_pose,SM-S906U1,GPU
2026-04-23 00:00:33.400,108.620,21.653,53.972,0.550,1.311,4.868,10.108,0.067,false,20.402,MODERATE,9,180,sequential_yolo_pose,SM-S906U1,GPU
2026-04-23 00:00:33.510,106.153,23.357,49.463,0.457,1.050,4.438,10.552,0.043,false,20.332,MODERATE,9,180,sequential_yolo_pose,SM-S906U1,GPU
2026-04-23 00:00:33.626,111.358,29.511,47.190,0.627,1.542,5.739,9.502,0.030,false,20.266,MODERATE,9,180,sequential_yolo_pose,SM-S906U1,GPU
2026-04-23 00:00:33.727,94.565,20.941,44.800,0.372,0.769,3.732,9.232,0.035,false,20.363,MODERATE,9,180,sequential_yolo_pose,SM-S906U1,GPU
2026-04-23 00:00:33.847,113.292,25.633,46.833,0.890,2.066,11.895,9.105,0.050,false,20.301,MODERATE,9,180,sequential_yolo_pose,SM-S906U1,GPU
2026-04-23 00:00:33.970,116.679,35.760,48.458,0.467,0.830,3.595,8.753,0.044,false,20.270,MODERATE,9,180,sequential_yolo_pose,SM-S906U1,GPU
2026-04-23 00:00:34.086,111.213,23.949,47.772,0.725,2.770,11.318,9.750,0.030,false,20.395,MODERATE,9,180,sequential_yolo_pose,SM-S906U1,GPU
2026-04-23 00:00:34.182,91.621,21.445,47.485,0.422,0.775,3.323,8.221,0.037,false,20.293,MODERATE,9,180,sequential_yolo_pose,SM-S906U1,GPU
2026-04-23 00:00:34.299,112.903,21.228,58.368,0.638,1.399,5.756,13.810,0.038,false,20.266,MODERATE,9,180,sequential_yolo_pose,SM-S906U1,GPU
2026-04-23 00:00:34.405,100.979,18.632,49.410,0.557,2.102,7.348,12.221,0.040,false,20.387,MODERATE,9,180,sequential_yolo_pose,SM-S906U1,GPU
2026-04-23 00:00:34.495,85.003,18.642,48.244,0.515,0.000,0.000,0.000,0.000,true,16.910,MODERATE,9,180,sequential_yolo_pose,SM-S906U1,GPU
2026-04-23 00:00:34.613,111.177,22.808,46.252,0.696,2.137,11.002,13.608,0.031,false,34.012,MODERATE,9,180,sequential_yolo_pose,SM-S906U1,GPU
2026-04-23 00:00:34.735,106.913,20.418,50.869,0.412,1.386,6.119,15.092,0.023,false,20.516,MODERATE,9,180,sequential_yolo_pose,SM-S906U1,GPU
2026-04-23 00:00:34.834,95.172,26.862,49.269,0.284,0.000,0.000,0.000,0.000,true,16.969,MODERATE,9,180,sequential_yolo_pose,SM-S906U1,GPU
2026-04-23 00:00:34.932,94.123,19.347,47.009,0.487,1.413,5.785,10.848,0.032,false,33.945,MODERATE,9,180,sequential_yolo_pose,SM-S906U1,GPU
2026-04-23 00:00:35.046,107.292,25.086,47.833,0.385,0.940,3.526,9.647,0.041,false,20.266,MODERATE,9,180,sequential_yolo_pose,SM-S906U1,GPU
2026-04-23 00:00:35.156,104.730,21.369,47.965,0.603,1.360,5.126,10.461,0.073,false,20.266,MODERATE,9,180,sequential_yolo_pose,SM-S906U1,GPU
2026-04-23 00:00:35.252,91.560,20.033,46.774,0.402,1.496,3.506,9.746,0.035,false,20.270,MODERATE,9,180,sequential_yolo_pose,SM-S906U1,GPU
2026-04-23 00:00:35.390,134.107,28.982,47.136,0.580,0.803,4.139,39.136,0.040,false,20.508,MODERATE,9,180,sequential_yolo_pose,SM-S906U1,GPU
2026-04-23 00:00:35.512,116.792,26.900,46.567,0.852,2.035,8.295,10.346,0.056,false,20.301,MODERATE,9,180,sequential_yolo_pose,SM-S906U1,GPU
2026-04-23 00:00:35.624,104.972,20.074,47.603,0.875,4.179,6.343,10.294,0.048,false,20.266,MODERATE,9,180,sequential_yolo_pose,SM-S906U1,GPU
2026-04-23 00:00:35.741,111.341,25.229,47.551,0.516,1.696,5.596,9.873,0.047,false,20.484,MODERATE,9,180,sequential_yolo_pose,SM-S906U1,GPU
2026-04-23 00:00:35.849,103.529,20.886,49.496,0.561,1.273,4.958,10.339,0.043,false,20.301,MODERATE,9,180,sequential_yolo_pose,SM-S906U1,GPU
2026-04-23 00:00:35.956,100.618,21.377,48.689,0.833,1.631,6.944,10.213,0.050,false,20.234,MODERATE,9,180,sequential_yolo_pose,SM-S906U1,GPU
2026-04-23 00:00:36.074,104.934,20.345,49.942,1.009,2.411,7.916,12.190,0.040,false,14.496,MODERATE,9,180,sequential_yolo_pose,SM-S906U1,GPU
2026-04-23 00:00:36.187,109.195,20.830,49.161,1.045,3.680,11.971,9.995,0.044,false,21.566,MODERATE,9,180,sequential_yolo_pose,SM-S906U1,GPU
2026-04-23 00:00:36.318,124.965,29.271,47.139,0.834,1.527,9.143,10.701,0.040,false,38.512,MODERATE,9,180,sequential_yolo_pose,SM-S906U1,GPU
2026-04-23 00:00:36.434,103.782,20.526,47.955,0.936,2.053,7.854,11.347,0.048,false,20.328,MODERATE,9,180,sequential_yolo_pose,SM-S906U1,GPU
2026-04-23 00:00:36.551,110.239,22.777,50.790,0.700,1.659,5.521,10.089,0.050,false,20.297,MODERATE,9,180,sequential_yolo_pose,SM-S906U1,GPU
2026-04-23 00:00:36.682,123.118,26.339,48.017,1.213,3.421,16.013,11.094,0.035,false,20.328,MODERATE,9,180,sequential_yolo_pose,SM-S906U1,GPU
2026-04-23 00:00:36.783,97.313,19.650,47.938,0.527,0.850,3.640,9.169,0.042,false,20.332,MODERATE,9,180,sequential_yolo_pose,SM-S906U1,GPU
2026-04-23 00:00:36.900,112.928,22.192,48.418,0.735,1.612,5.914,12.664,0.038,false,20.328,MODERATE,9,180,sequential_yolo_pose,SM-S906U1,GPU
2026-04-23 00:00:37.012,107.432,24.777,48.201,1.152,2.677,4.288,9.254,0.040,false,20.270,MODERATE,9,180,sequential_yolo_pose,SM-S906U1,GPU
2026-04-23 00:00:37.131,108.027,21.348,49.417,0.631,1.215,6.831,12.979,0.034,false,20.270,MODERATE,9,180,sequential_yolo_pose,SM-S906U1,GPU
2026-04-23 00:00:37.251,108.803,21.804,54.950,0.725,3.037,6.740,10.127,0.043,false,20.332,MODERATE,9,180,sequential_yolo_pose,SM-S906U1,GPU
2026-04-23 00:00:37.363,107.063,19.887,48.544,0.765,1.735,7.718,15.652,0.021,false,20.328,MODERATE,9,180,sequential_yolo_pose,SM-S906U1,GPU
2026-04-23 00:00:37.477,109.342,19.362,50.915,1.052,2.134,9.742,8.922,0.043,false,20.266,MODERATE,9,180,sequential_yolo_pose,SM-S906U1,GPU
2026-04-23 00:00:37.595,112.993,20.498,51.612,0.476,1.055,5.608,14.186,0.043,false,20.363,MODERATE,9,180,sequential_yolo_pose,SM-S906U1,GPU
2026-04-23 00:00:37.712,111.220,26.364,47.981,1.272,2.035,5.913,9.180,0.043,false,20.297,MODERATE,9,180,sequential_yolo_pose,SM-S906U1,GPU
2026-04-23 00:00:37.827,110.322,21.317,50.132,0.566,1.908,6.142,10.458,0.051,false,20.270,MODERATE,9,180,sequential_yolo_pose,SM-S906U1,GPU
2026-04-23 00:00:37.944,110.195,21.047,48.486,1.120,3.437,8.851,10.203,0.047,false,20.426,MODERATE,9,180,sequential_yolo_pose,SM-S906U1,GPU
2026-04-23 00:00:38.050,101.323,20.062,47.814,0.456,1.024,4.369,10.317,0.050,false,20.301,MODERATE,9,180,sequential_yolo_pose,SM-S906U1,GPU
2026-04-23 00:00:38.167,108.900,21.249,48.114,0.567,1.607,6.257,11.495,0.050,false,14.430,MODERATE,9,180,sequential_yolo_pose,SM-S906U1,GPU
2026-04-23 00:00:38.289,117.345,26.023,48.720,1.283,4.099,9.498,11.098,0.048,false,21.539,MODERATE,9,180,sequential_yolo_pose,SM-S906U1,GPU
2026-04-23 00:00:38.408,109.999,26.425,47.129,0.823,1.531,7.276,9.354,0.035,false,38.422,MODERATE,9,180,sequential_yolo_pose,SM-S906U1,GPU
2026-04-23 00:00:38.515,97.510,22.112,48.040,0.450,0.910,3.560,10.898,0.048,false,20.398,MODERATE,9,180,sequential_yolo_pose,SM-S906U1,GPU
2026-04-23 00:00:38.623,103.033,20.205,55.873,0.607,1.303,4.884,8.910,0.048,false,20.270,MODERATE,9,180,sequential_yolo_pose,SM-S906U1,GPU
2026-04-23 00:00:38.743,110.697,20.259,52.049,1.010,2.455,13.455,11.551,0.044,false,20.359,MODERATE,8,180,sequential_yolo_pose,SM-S906U1,GPU
2026-04-23 00:00:38.854,105.154,22.144,47.907,0.706,1.658,5.780,10.701,0.040,false,20.332,MODERATE,8,180,sequential_yolo_pose,SM-S906U1,GPU
2026-04-23 00:00:38.981,116.151,24.316,48.309,1.518,3.238,11.479,11.093,0.056,false,20.328,MODERATE,8,180,sequential_yolo_pose,SM-S906U1,GPU
2026-04-23 00:00:39.091,103.663,22.650,47.621,0.520,1.515,5.624,8.874,0.062,false,20.270,MODERATE,8,180,sequential_yolo_pose,SM-S906U1,GPU
2026-04-23 00:00:39.214,116.442,21.434,48.101,0.716,1.860,15.574,9.730,0.047,false,20.383,MODERATE,8,180,sequential_yolo_pose,SM-S906U1,GPU
2026-04-23 00:00:39.315,96.861,20.608,50.986,0.417,0.897,3.733,8.649,0.047,false,20.270,MODERATE,8,180,sequential_yolo_pose,SM-S906U1,GPU
2026-04-23 00:00:39.426,105.841,23.400,49.066,0.543,1.306,5.922,9.751,0.059,false,20.266,MODERATE,8,180,sequential_yolo_pose,SM-S906U1,GPU
2026-04-23 00:00:39.539,104.413,20.477,47.016,0.734,3.443,6.322,10.273,0.044,false,20.328,MODERATE,8,180,sequential_yolo_pose,SM-S906U1,GPU
2026-04-23 00:00:39.653,108.689,24.181,48.341,0.877,2.416,6.779,9.183,0.042,false,20.297,MODERATE,8,180,sequential_yolo_pose,SM-S906U1,GPU
2026-04-23 00:00:39.777,113.966,23.663,53.896,0.394,0.855,3.438,10.203,0.045,false,20.422,MODERATE,9,180,sequential_yolo_pose,SM-S906U1,GPU
2026-04-23 00:00:39.894,112.379,20.081,52.807,0.512,1.328,5.562,11.045,0.057,false,20.301,MODERATE,9,180,sequential_yolo_pose,SM-S906U1,GPU
2026-04-23 00:00:40.021,122.330,20.529,60.517,0.875,2.392,14.987,12.694,0.030,false,20.449,MODERATE,9,180,sequential_yolo_pose,SM-S906U1,GPU
2026-04-23 00:00:40.149,120.233,25.372,52.386,0.799,1.968,11.918,10.455,0.045,false,20.332,MODERATE,9,180,sequential_yolo_pose,SM-S906U1,GPU
2026-04-23 00:00:40.283,127.719,20.096,55.623,1.278,7.599,11.710,11.787,0.127,false,20.328,SEVERE,9,180,sequential_yolo_pose,SM-S906U1,GPU
2026-04-23 00:00:40.417,119.025,22.463,52.987,0.714,2.939,11.498,11.351,0.045,false,20.359,SEVERE,9,180,sequential_yolo_pose,SM-S906U1,GPU
2026-04-23 00:00:40.532,109.454,19.812,54.071,0.619,2.787,6.620,12.850,0.200,false,20.332,SEVERE,9,180,sequential_yolo_pose,SM-S906U1,GPU
2026-04-23 00:00:40.648,110.446,20.693,51.527,1.047,4.097,5.623,10.159,0.041,false,20.238,SEVERE,9,180,sequential_yolo_pose,SM-S906U1,GPU
2026-04-23 00:00:40.778,125.394,28.685,57.505,0.568,1.346,8.170,10.642,0.045,false,20.551,SEVERE,8,180,sequential_yolo_pose,SM-S906U1,GPU
2026-04-23 00:00:40.889,105.828,20.329,52.464,0.937,1.810,4.832,11.669,0.040,false,20.301,SEVERE,8,180,sequential_yolo_pose,SM-S906U1,GPU
2026-04-23 00:00:41.018,121.130,20.541,61.508,1.646,5.970,8.847,10.365,0.051,false,20.395,SEVERE,8,180,sequential_yolo_pose,SM-S906U1,GPU
2026-04-23 00:00:41.141,118.615,20.271,54.780,0.894,2.915,11.882,10.758,0.045,false,20.363,SEVERE,8,180,sequential_yolo_pose,SM-S906U1,GPU
2026-04-23 00:00:41.252,105.920,20.771,50.674,0.525,1.116,4.345,10.834,0.041,false,20.270,SEVERE,8,180,sequential_yolo_pose,SM-S906U1,GPU
2026-04-23 00:00:41.356,98.856,19.922,51.049,0.420,0.842,3.479,11.258,0.046,false,20.332,SEVERE,8,180,sequential_yolo_pose,SM-S906U1,GPU
2026-04-23 00:00:41.492,127.595,26.959,51.937,1.102,2.554,13.175,15.523,0.082,false,20.359,SEVERE,8,180,sequential_yolo_pose,SM-S906U1,GPU
2026-04-23 00:00:41.620,117.599,24.908,53.168,1.222,2.268,10.481,10.249,0.044,false,20.332,SEVERE,8,180,sequential_yolo_pose,SM-S906U1,GPU
2026-04-23 00:00:41.752,123.264,24.836,52.446,1.027,3.995,10.827,12.619,0.055,false,20.391,SEVERE,8,180,sequential_yolo_pose,SM-S906U1,GPU
2026-04-23 00:00:41.868,110.736,19.854,51.578,0.571,1.227,10.298,10.134,0.039,false,20.383,SEVERE,8,180,sequential_yolo_pose,SM-S906U1,GPU
2026-04-23 00:00:41.981,109.684,24.305,51.226,0.549,3.730,4.744,9.659,0.044,false,20.270,SEVERE,8,180,sequential_yolo_pose,SM-S906U1,GPU
2026-04-23 00:00:42.110,124.520,29.025,53.732,0.555,1.251,10.660,11.589,0.041,false,20.328,SEVERE,8,180,sequential_yolo_pose,SM-S906U1,GPU
2026-04-23 00:00:42.233,116.078,21.949,55.013,0.514,1.736,6.922,11.027,0.048,false,20.363,SEVERE,8,180,sequential_yolo_pose,SM-S906U1,GPU
2026-04-23 00:00:42.368,130.234,20.923,52.506,0.559,7.276,7.561,26.336,0.055,false,20.457,SEVERE,8,180,sequential_yolo_pose,SM-S906U1,GPU
2026-04-23 00:00:42.494,121.545,24.376,53.370,0.955,1.791,5.665,12.974,0.043,false,20.301,SEVERE,8,180,sequential_yolo_pose,SM-S906U1,GPU
2026-04-23 00:00:42.617,113.686,21.937,51.793,0.746,1.775,9.840,11.523,0.046,false,20.328,SEVERE,8,180,sequential_yolo_pose,SM-S906U1,GPU
2026-04-23 00:00:42.742,119.945,21.129,55.630,0.926,6.357,7.261,11.580,0.044,false,20.301,SEVERE,8,180,sequential_yolo_pose,SM-S906U1,GPU
2026-04-23 00:00:42.855,109.005,20.740,55.945,1.246,2.577,4.750,10.187,0.030,false,20.301,SEVERE,9,180,sequential_yolo_pose,SM-S906U1,GPU
2026-04-23 00:00:42.970,109.094,20.196,53.951,0.860,1.448,8.435,11.378,0.021,false,20.266,SEVERE,9,180,sequential_yolo_pose,SM-S906U1,GPU
2026-04-23 00:00:43.061,86.421,20.763,50.956,0.842,0.000,0.000,0.000,0.000,true,16.937,SEVERE,9,180,sequential_yolo_pose,SM-S906U1,GPU
2026-04-23 00:00:43.169,97.476,26.521,53.102,0.808,0.000,0.000,0.000,0.000,true,30.582,SEVERE,9,180,sequential_yolo_pose,SM-S906U1,GPU
2026-04-23 00:00:43.271,93.536,21.371,53.961,0.718,0.000,0.000,0.000,0.000,true,13.477,SEVERE,9,180,sequential_yolo_pose,SM-S906U1,GPU
2026-04-23 00:00:43.395,119.123,23.567,50.979,0.457,1.324,4.917,13.897,0.046,false,20.324,SEVERE,9,180,sequential_yolo_pose,SM-S906U1,GPU
2026-04-23 00:00:43.510,109.238,19.677,52.980,0.490,1.385,7.390,10.076,0.043,false,20.359,SEVERE,9,180,sequential_yolo_pose,SM-S906U1,GPU
2026-04-23 00:00:43.627,112.508,20.813,55.794,0.586,1.581,5.893,9.791,0.037,false,20.297,SEVERE,9,180,sequential_yolo_pose,SM-S906U1,GPU
2026-04-23 00:00:43.759,126.916,24.999,53.277,0.961,2.623,11.773,17.006,0.034,false,20.422,SEVERE,9,180,sequential_yolo_pose,SM-S906U1,GPU
2026-04-23 00:00:43.878,113.871,27.100,51.138,0.681,1.337,4.538,12.946,0.048,false,20.363,SEVERE,9,180,sequential_yolo_pose,SM-S906U1,GPU
2026-04-23 00:00:43.989,106.566,21.418,54.086,1.166,2.032,6.436,9.985,0.044,false,20.270,SEVERE,9,180,sequential_yolo_pose,SM-S906U1,GPU
2026-04-23 00:00:44.112,117.278,20.793,54.185,0.819,2.914,8.054,11.640,0.059,false,20.359,SEVERE,9,180,sequential_yolo_pose,SM-S906U1,GPU
2026-04-23 00:00:44.227,110.542,20.770,55.016,0.589,1.600,5.395,11.430,0.055,false,20.301,SEVERE,9,180,sequential_yolo_pose,SM-S906U1,GPU
2026-04-23 00:00:44.356,120.476,27.666,53.990,0.522,1.716,4.805,11.242,0.043,false,20.266,SEVERE,9,180,sequential_yolo_pose,SM-S906U1,GPU
2026-04-23 00:00:44.482,120.693,22.627,54.485,0.517,2.426,12.331,11.253,0.029,false,20.328,SEVERE,9,180,sequential_yolo_pose,SM-S906U1,GPU
2026-04-23 00:00:44.604,116.647,21.937,52.135,0.504,1.359,6.311,15.056,0.080,false,20.328,SEVERE,9,180,sequential_yolo_pose,SM-S906U1,GPU
2026-04-23 00:00:44.726,117.413,23.555,55.157,0.765,1.790,7.571,12.316,0.056,false,20.270,SEVERE,9,180,sequential_yolo_pose,SM-S906U1,GPU
2026-04-23 00:00:44.850,116.304,25.579,54.218,0.529,2.150,6.337,9.782,0.051,false,20.387,SEVERE,8,180,sequential_yolo_pose,SM-S906U1,GPU
2026-04-23 00:00:44.978,123.146,21.180,52.773,0.537,1.310,10.305,16.318,0.051,false,20.359,SEVERE,8,180,sequential_yolo_pose,SM-S906U1,GPU
2026-04-23 00:00:45.093,111.042,20.095,53.440,0.811,1.898,5.818,12.025,0.041,false,20.301,SEVERE,8,180,sequential_yolo_pose,SM-S906U1,GPU
2026-04-23 00:00:45.223,118.473,23.732,51.881,1.071,2.285,9.096,13.699,0.043,false,20.332,SEVERE,8,180,sequential_yolo_pose,SM-S906U1,GPU
2026-04-23 00:00:45.350,120.128,19.839,56.155,1.251,3.559,11.712,11.403,0.061,false,20.332,SEVERE,8,180,sequential_yolo_pose,SM-S906U1,GPU
2026-04-23 00:00:45.470,114.448,19.925,52.292,0.833,1.445,6.818,17.858,0.044,false,20.332,SEVERE,8,180,sequential_yolo_pose,SM-S906U1,GPU
2026-04-23 00:00:45.591,114.522,21.563,53.975,1.025,2.725,7.457,10.275,0.039,false,20.270,SEVERE,8,180,sequential_yolo_pose,SM-S906U1,GPU
2026-04-23 00:00:45.716,118.853,20.383,56.350,0.695,1.411,15.543,14.307,0.047,false,20.457,SEVERE,8,180,sequential_yolo_pose,SM-S906U1,GPU
2026-04-23 00:00:45.832,111.183,21.316,52.216,0.659,1.237,5.226,9.979,0.031,false,20.488,SEVERE,8,180,sequential_yolo_pose,SM-S906U1,GPU
2026-04-23 00:00:45.945,110.297,19.835,53.231,1.164,3.841,10.354,11.517,0.047,false,20.363,SEVERE,8,180,sequential_yolo_pose,SM-S906U1,GPU
2026-04-23 00:00:46.070,119.278,24.819,53.085,0.872,2.381,7.891,13.417,0.048,false,20.297,SEVERE,8,180,sequential_yolo_pose,SM-S906U1,GPU
2026-04-23 00:00:46.193,118.374,24.108,53.651,0.899,2.017,8.077,14.003,0.041,false,20.332,SEVERE,8,180,sequential_yolo_pose,SM-S906U1,GPU
2026-04-23 00:00:46.311,107.968,19.782,53.031,0.713,2.100,7.181,9.935,0.058,false,20.297,SEVERE,8,180,sequential_yolo_pose,SM-S906U1,GPU
2026-04-23 00:00:46.436,120.066,21.664,52.497,1.033,2.301,9.070,14.355,0.045,false,20.328,SEVERE,8,180,sequential_yolo_pose,SM-S906U1,GPU
2026-04-23 00:00:46.561,116.551,25.416,53.731,0.776,3.156,7.108,11.250,0.041,false,20.270,SEVERE,8,180,sequential_yolo_pose,SM-S906U1,GPU
2026-04-23 00:00:46.688,119.720,22.255,54.223,1.168,4.798,11.757,10.190,0.047,false,20.363,SEVERE,8,180,sequential_yolo_pose,SM-S906U1,GPU
2026-04-23 00:00:46.814,119.879,21.650,51.364,0.994,2.134,11.971,15.244,0.045,false,20.426,SEVERE,8,180,sequential_yolo_pose,SM-S906U1,GPU
2026-04-23 00:00:46.933,115.217,21.590,52.833,0.937,1.979,7.724,11.076,0.125,false,20.301,SEVERE,8,180,sequential_yolo_pose,SM-S906U1,GPU
2026-04-23 00:00:47.054,113.217,20.706,51.085,1.163,2.738,10.476,10.510,0.042,false,20.359,SEVERE,8,180,sequential_yolo_pose,SM-S906U1,GPU
2026-04-23 00:00:47.170,110.974,20.362,53.009,1.042,2.124,7.870,11.027,0.053,false,20.332,SEVERE,8,180,sequential_yolo_pose,SM-S906U1,GPU
2026-04-23 00:00:47.285,110.738,24.114,52.088,0.648,1.460,4.695,11.254,0.044,false,20.332,SEVERE,8,180,sequential_yolo_pose,SM-S906U1,GPU
2026-04-23 00:00:47.413,122.277,20.971,59.518,1.153,6.332,8.920,9.812,0.048,false,20.328,SEVERE,8,180,sequential_yolo_pose,SM-S906U1,GPU
2026-04-23 00:00:47.528,109.115,20.244,51.504,0.506,1.310,6.434,9.958,0.060,false,20.234,SEVERE,8,180,sequential_yolo_pose,SM-S906U1,GPU
2026-04-23 00:00:47.654,118.114,28.651,53.027,0.750,1.812,7.211,10.047,0.106,false,20.332,SEVERE,8,180,sequential_yolo_pose,SM-S906U1,GPU
2026-04-23 00:00:47.779,118.628,24.615,51.657,0.737,3.198,12.099,10.819,0.028,false,20.391,SEVERE,8,180,sequential_yolo_pose,SM-S906U1,GPU
2026-04-23 00:00:47.904,122.215,21.973,56.627,0.794,1.688,7.221,13.709,0.059,false,20.426,SEVERE,9,180,sequential_yolo_pose,SM-S906U1,GPU
2026-04-23 00:00:48.029,118.501,24.480,51.753,0.902,1.961,8.171,13.863,0.042,false,20.332,SEVERE,9,180,sequential_yolo_pose,SM-S906U1,GPU
2026-04-23 00:00:48.148,113.520,24.558,53.483,0.803,3.354,4.431,9.013,0.039,false,20.301,SEVERE,9,180,sequential_yolo_pose,SM-S906U1,GPU
2026-04-23 00:00:48.280,126.960,21.850,55.588,0.894,3.088,17.497,11.042,0.045,false,20.363,SEVERE,9,180,sequential_yolo_pose,SM-S906U1,GPU
2026-04-23 00:00:48.402,116.887,20.210,53.891,1.014,2.242,8.925,9.788,0.042,false,20.332,SEVERE,9,180,sequential_yolo_pose,SM-S906U1,GPU
2026-04-23 00:00:48.522,114.836,22.610,49.987,1.107,2.990,9.935,10.732,0.040,false,20.359,SEVERE,9,180,sequential_yolo_pose,SM-S906U1,GPU
2026-04-23 00:00:48.649,120.663,23.470,51.116,0.933,2.766,11.080,13.776,0.044,false,20.359,SEVERE,9,180,sequential_yolo_pose,SM-S906U1,GPU
2026-04-23 00:00:48.772,116.909,20.639,56.998,0.733,1.841,7.246,11.690,0.041,false,20.328,SEVERE,9,180,sequential_yolo_pose,SM-S906U1,GPU
2026-04-23 00:00:48.888,109.791,23.357,51.049,0.704,1.414,5.153,11.041,0.045,false,20.426,SEVERE,8,180,sequential_yolo_pose,SM-S906U1,GPU
2026-04-23 00:00:49.018,123.151,23.465,51.779,1.146,5.313,9.944,10.503,0.044,false,20.332,SEVERE,8,180,sequential_yolo_pose,SM-S906U1,GPU
2026-04-23 00:00:49.145,122.017,21.639,54.011,1.188,1.994,10.621,11.286,0.042,false,14.492,SEVERE,8,180,sequential_yolo_pose,SM-S906U1,GPU
2026-04-23 00:00:49.262,112.984,20.973,53.204,1.183,1.955,6.728,13.133,0.028,false,21.629,SEVERE,8,180,sequential_yolo_pose,SM-S906U1,GPU
2026-04-23 00:00:49.384,117.293,21.338,54.321,1.204,6.654,11.150,10.906,0.066,false,38.668,SEVERE,8,180,sequential_yolo_pose,SM-S906U1,GPU
2026-04-23 00:00:49.505,112.508,21.528,53.466,0.976,1.997,7.776,10.919,0.040,false,20.328,SEVERE,8,180,sequential_yolo_pose,SM-S906U1,GPU
2026-04-23 00:00:49.613,103.541,20.081,54.924,0.565,1.286,5.056,9.980,0.050,false,20.266,SEVERE,8,180,sequential_yolo_pose,SM-S906U1,GPU
2026-04-23 00:00:49.737,119.521,22.396,53.231,0.626,1.576,5.607,18.064,0.048,false,20.332,SEVERE,8,180,sequential_yolo_pose,SM-S906U1,GPU
2026-04-23 00:00:49.857,114.646,26.072,56.194,0.789,1.602,6.897,10.874,0.045,false,20.426,SEVERE,8,180,sequential_yolo_pose,SM-S906U1,GPU
2026-04-23 00:00:49.986,118.160,29.690,51.663,0.628,1.595,5.454,10.707,0.041,false,20.270,SEVERE,8,180,sequential_yolo_pose,SM-S906U1,GPU
2026-04-23 00:00:50.119,128.625,25.154,54.592,0.893,4.090,11.587,12.179,0.044,false,14.590,SEVERE,8,180,sequential_yolo_pose,SM-S906U1,GPU
2026-04-23 00:00:50.249,125.937,24.569,53.096,0.940,4.462,13.388,10.849,0.048,false,21.539,SEVERE,8,180,sequential_yolo_pose,SM-S906U1,GPU
2026-04-23 00:00:50.380,124.829,25.388,53.226,0.695,1.634,12.151,10.126,0.040,false,38.516,SEVERE,8,180,sequential_yolo_pose,SM-S906U1,GPU
2026-04-23 00:00:50.517,132.675,26.502,55.552,0.651,2.020,11.847,16.234,0.081,false,20.359,SEVERE,8,180,sequential_yolo_pose,SM-S906U1,GPU
2026-04-23 00:00:50.649,126.404,25.162,56.807,1.001,3.753,12.777,9.839,0.054,false,20.332,SEVERE,8,180,sequential_yolo_pose,SM-S906U1,GPU
2026-04-23 00:00:50.776,120.603,27.667,53.342,0.965,2.464,4.349,11.778,0.057,false,20.328,SEVERE,8,180,sequential_yolo_pose,SM-S906U1,GPU
2026-04-23 00:00:50.900,119.787,24.694,52.911,0.512,1.404,7.396,14.107,0.049,false,20.457,SEVERE,8,180,sequential_yolo_pose,SM-S906U1,GPU
2026-04-23 00:00:51.021,116.239,24.207,56.261,0.585,1.408,5.436,10.057,0.056,false,20.238,SEVERE,8,180,sequential_yolo_pose,SM-S906U1,GPU
2026-04-23 00:00:51.160,131.602,25.582,55.163,1.159,3.733,19.612,13.181,0.053,false,20.426,SEVERE,8,180,sequential_yolo_pose,SM-S906U1,GPU
2026-04-23 00:00:51.285,116.365,25.390,52.642,1.109,3.321,8.183,9.959,0.048,false,20.266,SEVERE,8,180,sequential_yolo_pose,SM-S906U1,GPU
2026-04-23 00:00:51.421,127.586,23.867,53.822,1.065,4.914,8.774,13.998,0.056,false,20.391,SEVERE,8,180,sequential_yolo_pose,SM-S906U1,GPU
2026-04-23 00:00:51.550,122.439,27.126,52.562,0.784,1.936,6.387,9.736,0.056,false,20.234,SEVERE,8,180,sequential_yolo_pose,SM-S906U1,GPU
2026-04-23 00:00:51.667,111.676,23.787,53.283,0.914,1.800,8.616,11.341,0.043,false,20.426,SEVERE,8,180,sequential_yolo_pose,SM-S906U1,GPU
2026-04-23 00:00:51.790,119.153,25.616,56.900,0.736,1.387,5.764,9.919,0.034,false,20.301,SEVERE,8,180,sequential_yolo_pose,SM-S906U1,GPU
2026-04-23 00:00:51.916,119.706,30.181,53.963,0.608,1.223,4.238,9.572,0.038,false,20.293,SEVERE,8,180,sequential_yolo_pose,SM-S906U1,GPU
2026-04-23 00:00:52.053,132.186,26.714,57.408,0.811,2.571,12.503,11.777,0.047,false,20.363,SEVERE,8,180,sequential_yolo_pose,SM-S906U1,GPU
2026-04-23 00:00:52.186,123.697,29.191,54.080,0.955,4.025,6.602,10.239,0.051,false,20.270,SEVERE,8,180,sequential_yolo_pose,SM-S906U1,GPU
2026-04-23 00:00:52.306,115.115,23.721,53.084,0.619,2.043,5.654,13.994,0.046,false,20.332,SEVERE,8,180,sequential_yolo_pose,SM-S906U1,GPU
2026-04-23 00:00:52.429,118.354,25.544,54.128,0.678,1.660,5.625,11.753,0.035,false,20.328,SEVERE,8,180,sequential_yolo_pose,SM-S906U1,GPU
2026-04-23 00:00:52.552,118.872,25.440,53.343,1.209,2.890,13.097,11.280,0.055,false,14.492,SEVERE,8,180,sequential_yolo_pose,SM-S906U1,GPU
2026-04-23 00:00:52.680,121.658,23.623,54.479,0.891,2.619,11.231,10.721,0.055,false,21.512,SEVERE,8,180,sequential_yolo_pose,SM-S906U1,GPU
2026-04-23 00:00:52.807,121.675,23.814,54.959,0.885,1.768,7.785,11.155,0.035,false,38.488,SEVERE,8,180,sequential_yolo_pose,SM-S906U1,GPU
2026-04-23 00:00:52.924,107.209,24.331,55.287,0.314,0.969,3.925,9.188,0.037,false,20.367,SEVERE,8,180,sequential_yolo_pose,SM-S906U1,GPU
2026-04-23 00:00:53.048,112.773,23.574,55.196,0.698,2.131,9.392,9.440,0.050,false,20.363,SEVERE,8,180,sequential_yolo_pose,SM-S906U1,GPU
2026-04-23 00:00:53.171,116.920,26.068,54.529,0.586,1.904,8.572,14.298,0.038,false,20.328,SEVERE,8,180,sequential_yolo_pose,SM-S906U1,GPU
2026-04-23 00:00:53.274,99.430,27.204,52.703,0.307,0.000,0.000,0.000,0.000,true,16.906,SEVERE,8,180,sequential_yolo_pose,SM-S906U1,GPU
2026-04-23 00:00:53.416,135.489,29.160,55.679,0.913,2.021,11.043,11.319,0.052,false,33.946,SEVERE,8,180,sequential_yolo_pose,SM-S906U1,GPU
2026-04-23 00:00:53.557,123.948,25.162,53.650,0.949,2.992,8.973,11.856,0.043,false,20.297,SEVERE,8,180,sequential_yolo_pose,SM-S906U1,GPU
2026-04-23 00:00:53.688,124.263,27.537,53.260,0.890,2.809,8.491,11.197,0.044,false,20.301,SEVERE,8,180,sequential_yolo_pose,SM-S906U1,GPU
2026-04-23 00:00:53.811,111.384,24.065,58.776,0.462,1.238,4.584,9.138,0.053,false,14.461,SEVERE,8,180,sequential_yolo_pose,SM-S906U1,GPU
2026-04-23 00:00:53.941,124.979,24.717,54.884,1.252,1.599,11.436,11.752,0.048,false,21.664,SEVERE,8,180,sequential_yolo_pose,SM-S906U1,GPU
2026-04-23 00:00:54.060,114.410,24.490,53.400,0.647,1.576,4.992,9.648,0.023,false,38.547,SEVERE,8,180,sequential_yolo_pose,SM-S906U1,GPU
2026-04-23 00:00:54.185,120.428,31.071,53.655,1.112,1.850,9.861,9.608,0.056,false,28.996,SEVERE,8,180,sequential_yolo_pose,SM-S906U1,GPU
2026-04-23 00:00:54.305,114.382,23.766,55.154,0.580,1.767,6.226,9.554,0.043,false,20.301,SEVERE,8,180,sequential_yolo_pose,SM-S906U1,GPU
2026-04-23 00:00:54.441,130.863,24.820,56.047,0.689,2.013,6.308,21.231,0.038,false,20.363,SEVERE,8,180,sequential_yolo_pose,SM-S906U1,GPU
2026-04-23 00:00:54.571,125.783,25.040,52.876,0.742,1.419,12.351,10.918,0.033,false,20.301,SEVERE,8,180,sequential_yolo_pose,SM-S906U1,GPU
2026-04-23 00:00:54.691,115.240,24.472,53.734,0.802,1.803,6.312,11.652,0.043,false,20.270,SEVERE,8,180,sequential_yolo_pose,SM-S906U1,GPU
2026-04-23 00:00:54.820,118.519,24.546,55.454,1.010,2.584,9.350,10.110,0.053,false,20.363,SEVERE,8,180,sequential_yolo_pose,SM-S906U1,GPU
2026-04-23 00:00:54.946,116.295,26.465,53.055,0.460,0.915,4.152,10.669,0.157,false,20.395,SEVERE,8,180,sequential_yolo_pose,SM-S906U1,GPU
2026-04-23 00:00:55.077,125.317,24.186,52.617,1.363,2.347,10.387,12.035,0.050,false,20.270,SEVERE,8,180,sequential_yolo_pose,SM-S906U1,GPU
2026-04-23 00:00:55.201,119.078,24.499,58.263,0.767,1.508,6.796,11.769,0.032,false,20.363,SEVERE,8,180,sequential_yolo_pose,SM-S906U1,GPU
2026-04-23 00:00:55.316,110.939,23.711,55.935,1.001,2.680,7.403,9.331,0.036,false,20.328,SEVERE,8,180,sequential_yolo_pose,SM-S906U1,GPU
2026-04-23 00:00:55.440,118.604,28.182,52.480,0.652,1.694,6.227,10.174,0.052,false,20.266,SEVERE,8,180,sequential_yolo_pose,SM-S906U1,GPU
2026-04-23 00:00:55.557,112.009,24.353,53.881,0.606,2.638,7.218,11.038,0.049,false,20.363,SEVERE,8,180,sequential_yolo_pose,SM-S906U1,GPU
2026-04-23 00:00:55.680,115.964,23.607,55.286,0.790,1.605,5.607,10.463,0.030,false,20.301,SEVERE,8,180,sequential_yolo_pose,SM-S906U1,GPU
2026-04-23 00:00:55.802,118.669,27.495,56.144,0.605,1.978,5.630,15.274,0.034,false,20.332,SEVERE,8,180,sequential_yolo_pose,SM-S906U1,GPU
2026-04-23 00:00:55.914,107.845,23.283,53.646,0.515,0.968,7.743,10.667,0.039,false,20.301,SEVERE,8,180,sequential_yolo_pose,SM-S906U1,GPU
2026-04-23 00:00:56.031,113.327,24.832,55.638,0.766,3.098,5.838,10.343,0.021,false,20.332,SEVERE,8,180,sequential_yolo_pose,SM-S906U1,GPU
2026-04-23 00:00:56.157,119.883,31.244,55.026,1.062,1.716,8.728,10.061,0.023,false,20.332,SEVERE,8,180,sequential_yolo_pose,SM-S906U1,GPU
2026-04-23 00:00:56.288,119.251,26.656,51.772,0.605,1.589,9.158,10.099,0.030,false,20.332,SEVERE,8,180,sequential_yolo_pose,SM-S906U1,GPU
2026-04-23 00:00:56.416,116.484,23.595,51.804,0.719,2.737,10.130,16.451,0.049,false,20.359,SEVERE,8,180,sequential_yolo_pose,SM-S906U1,GPU
2026-04-23 00:00:56.547,126.030,28.156,52.871,0.973,2.401,8.567,11.796,0.047,false,20.328,SEVERE,8,180,sequential_yolo_pose,SM-S906U1,GPU
2026-04-23 00:00:56.676,122.967,25.095,53.015,0.744,1.665,9.935,11.325,0.404,false,20.332,SEVERE,8,180,sequential_yolo_pose,SM-S906U1,GPU
2026-04-23 00:00:56.810,130.802,26.887,55.617,1.133,3.883,12.496,15.466,0.046,false,20.363,SEVERE,8,180,sequential_yolo_pose,SM-S906U1,GPU
2026-04-23 00:00:56.953,137.241,43.258,52.834,0.526,1.555,7.887,9.744,0.045,false,20.430,SEVERE,8,180,sequential_yolo_pose,SM-S906U1,GPU
2026-04-23 00:00:57.077,112.757,24.313,53.282,0.676,2.755,7.443,9.818,0.043,false,20.270,SEVERE,8,180,sequential_yolo_pose,SM-S906U1,GPU
2026-04-23 00:00:57.203,120.882,25.053,55.882,0.610,1.752,5.748,13.741,0.058,false,20.301,SEVERE,8,180,sequential_yolo_pose,SM-S906U1,GPU
2026-04-23 00:00:57.315,106.326,24.629,54.668,0.350,1.048,4.135,9.994,0.025,false,20.352,SEVERE,8,180,sequential_yolo_pose,SM-S906U1,GPU
2026-04-23 00:00:57.440,121.078,25.036,55.794,0.841,2.205,7.774,12.715,0.033,false,20.301,SEVERE,8,180,sequential_yolo_pose,SM-S906U1,GPU
2026-04-23 00:00:57.553,108.794,24.296,53.770,1.192,1.535,6.763,9.897,0.046,false,20.301,SEVERE,8,180,sequential_yolo_pose,SM-S906U1,GPU
2026-04-23 00:00:57.682,122.311,25.771,55.647,0.469,1.848,7.038,10.164,0.035,false,20.328,SEVERE,8,180,sequential_yolo_pose,SM-S906U1,GPU
2026-04-23 00:00:57.818,130.047,24.412,55.658,0.739,3.392,16.795,11.373,0.027,false,20.391,SEVERE,8,180,sequential_yolo_pose,SM-S906U1,GPU
2026-04-23 00:00:57.943,119.150,26.300,53.563,0.395,3.245,6.974,9.658,0.040,false,20.457,SEVERE,8,180,sequential_yolo_pose,SM-S906U1,GPU
2026-04-23 00:00:58.069,121.857,26.608,54.805,0.555,2.984,6.140,10.798,0.045,false,20.301,SEVERE,8,180,sequential_yolo_pose,SM-S906U1,GPU
2026-04-23 00:00:58.185,110.835,26.001,52.643,0.437,1.231,4.082,10.961,0.037,false,20.332,SEVERE,8,180,sequential_yolo_pose,SM-S906U1,GPU
2026-04-23 00:00:58.310,120.355,26.826,52.544,1.075,2.596,10.738,9.121,0.049,false,20.328,SEVERE,8,180,sequential_yolo_pose,SM-S906U1,GPU
2026-04-23 00:00:58.424,107.802,26.225,52.102,0.404,1.022,4.376,12.245,0.048,false,20.395,SEVERE,8,180,sequential_yolo_pose,SM-S906U1,GPU
2026-04-23 00:00:58.550,114.858,23.431,53.687,1.263,2.831,9.256,11.216,0.050,false,20.297,SEVERE,8,180,sequential_yolo_pose,SM-S906U1,GPU
2026-04-23 00:00:58.675,115.353,23.594,56.395,0.753,1.761,6.798,14.321,0.052,false,20.363,SEVERE,8,180,sequential_yolo_pose,SM-S906U1,GPU
2026-04-23 00:00:58.793,111.595,23.598,53.694,0.787,1.830,7.414,9.992,0.039,false,20.332,SEVERE,8,180,sequential_yolo_pose,SM-S906U1,GPU
2026-04-23 00:00:58.920,120.508,23.555,57.483,0.828,4.661,7.132,12.386,0.435,false,20.457,SEVERE,8,180,sequential_yolo_pose,SM-S906U1,GPU
2026-04-23 00:00:59.047,118.242,24.171,52.489,0.908,1.860,8.100,10.081,0.046,false,20.270,SEVERE,8,180,sequential_yolo_pose,SM-S906U1,GPU
2026-04-23 00:00:59.172,119.664,24.728,56.227,0.793,1.690,7.088,12.849,0.049,false,20.332,SEVERE,8,180,sequential_yolo_pose,SM-S906U1,GPU
2026-04-23 00:00:59.289,111.719,24.602,56.548,0.783,1.677,5.644,11.140,0.032,false,20.328,SEVERE,8,180,sequential_yolo_pose,SM-S906U1,GPU
2026-04-23 00:00:59.409,114.003,24.586,52.476,0.745,1.454,8.343,10.379,0.049,false,20.332,SEVERE,8,180,sequential_yolo_pose,SM-S906U1,GPU
2026-04-23 00:00:59.531,117.741,28.946,52.093,0.547,1.074,4.706,12.291,0.048,false,20.270,SEVERE,8,180,sequential_yolo_pose,SM-S906U1,GPU
2026-04-23 00:00:59.653,115.639,24.618,53.567,5.733,2.034,6.881,10.512,0.049,false,20.270,SEVERE,8,180,sequential_yolo_pose,SM-S906U1,GPU
2026-04-23 00:00:59.773,113.195,23.898,54.204,0.578,1.693,6.961,12.453,0.034,false,20.332,SEVERE,8,180,sequential_yolo_pose,SM-S906U1,GPU
2026-04-23 00:00:59.895,119.038,24.860,58.299,0.721,1.884,7.062,14.862,0.052,false,20.359,SEVERE,8,180,sequential_yolo_pose,SM-S906U1,GPU
2026-04-23 00:01:00.024,120.265,23.750,55.667,0.827,5.838,8.752,10.455,0.090,false,20.387,SEVERE,8,180,sequential_yolo_pose,SM-S906U1,GPU
2026-04-23 00:01:00.156,125.151,27.436,56.484,1.350,2.452,6.931,10.160,0.029,false,20.328,SEVERE,8,180,sequential_yolo_pose,SM-S906U1,GPU
2026-04-23 00:01:00.286,125.486,25.088,55.959,1.052,2.370,13.963,15.136,0.052,false,20.359,SEVERE,8,180,sequential_yolo_pose,SM-S906U1,GPU
2026-04-23 00:01:00.420,127.440,24.376,59.187,1.016,3.685,16.339,10.127,0.045,false,20.332,SEVERE,8,180,sequential_yolo_pose,SM-S906U1,GPU
2026-04-23 00:01:00.555,126.912,24.332,53.803,1.184,4.693,11.329,12.745,0.049,false,20.457,SEVERE,8,180,sequential_yolo_pose,SM-S906U1,GPU
2026-04-23 00:01:00.689,127.335,24.229,53.918,1.147,6.749,12.292,12.424,0.062,false,20.391,SEVERE,8,180,sequential_yolo_pose,SM-S906U1,GPU
2026-04-23 00:01:00.822,125.611,24.270,52.572,0.977,2.984,11.294,13.129,0.044,false,20.391,SEVERE,8,180,sequential_yolo_pose,SM-S906U1,GPU
2026-04-23 00:01:00.948,120.037,24.805,55.025,0.834,1.519,7.380,10.368,0.050,false,20.484,SEVERE,8,180,sequential_yolo_pose,SM-S906U1,GPU
2026-04-23 00:01:01.084,126.280,27.867,54.279,1.345,2.735,17.076,10.291,0.034,false,20.363,SEVERE,8,180,sequential_yolo_pose,SM-S906U1,GPU
2026-04-23 00:01:01.223,133.019,26.099,56.440,0.937,2.763,15.842,11.712,0.032,false,14.523,SEVERE,8,180,sequential_yolo_pose,SM-S906U1,GPU
2026-04-23 00:01:01.328,97.642,25.616,52.607,0.715,0.000,0.000,0.000,0.000,true,18.145,SEVERE,8,180,sequential_yolo_pose,SM-S906U1,GPU
2026-04-23 00:01:01.433,94.082,25.912,54.908,0.713,0.000,0.000,0.000,0.000,true,31.695,SEVERE,8,180,sequential_yolo_pose,SM-S906U1,GPU
2026-04-23 00:01:01.549,111.744,34.576,54.946,0.507,0.000,0.000,0.000,0.000,true,13.449,SEVERE,8,180,sequential_yolo_pose,SM-S906U1,GPU
2026-04-23 00:01:01.649,92.401,24.665,53.905,0.550,0.000,0.000,0.000,0.000,true,16.930,SEVERE,8,180,sequential_yolo_pose,SM-S906U1,GPU
2026-04-23 00:01:01.774,120.591,24.141,51.537,0.721,2.491,9.537,11.450,0.046,false,33.875,SEVERE,8,180,sequential_yolo_pose,SM-S906U1,GPU
2026-04-23 00:01:01.906,127.390,25.861,52.568,0.983,1.932,10.354,16.311,0.047,false,28.817,SEVERE,8,180,sequential_yolo_pose,SM-S906U1,GPU
2026-04-23 00:01:02.043,128.980,25.746,56.228,1.041,2.311,7.975,14.357,0.064,false,17.148,SEVERE,8,180,sequential_yolo_pose,SM-S906U1,GPU
2026-04-23 00:01:02.172,120.239,24.737,56.638,0.594,1.753,8.491,11.225,0.041,false,20.301,SEVERE,8,180,sequential_yolo_pose,SM-S906U1,GPU
2026-04-23 00:01:02.310,132.300,29.616,53.951,0.765,2.538,16.787,11.411,0.047,false,20.359,SEVERE,8,180,sequential_yolo_pose,SM-S906U1,GPU
2026-04-23 00:01:02.436,120.847,25.102,53.669,1.047,1.970,8.123,13.761,0.117,false,20.332,SEVERE,8,180,sequential_yolo_pose,SM-S906U1,GPU
2026-04-23 00:01:02.559,116.092,25.878,51.119,0.696,1.380,5.589,11.633,0.034,false,20.270,SEVERE,8,180,sequential_yolo_pose,SM-S906U1,GPU
2026-04-23 00:01:02.682,118.371,24.607,55.996,0.967,2.445,8.977,12.650,0.060,false,20.383,SEVERE,8,180,sequential_yolo_pose,SM-S906U1,GPU
2026-04-23 00:01:02.804,115.498,23.993,50.652,0.706,2.089,11.444,11.272,0.036,false,20.270,SEVERE,8,180,sequential_yolo_pose,SM-S906U1,GPU
2026-04-23 00:01:02.916,107.663,25.629,53.547,0.388,1.004,5.046,9.590,0.050,false,20.363,SEVERE,8,180,sequential_yolo_pose,SM-S906U1,GPU
2026-04-23 00:01:03.048,125.613,24.482,55.550,0.643,1.839,12.163,10.154,0.050,false,20.301,SEVERE,8,180,sequential_yolo_pose,SM-S906U1,GPU
2026-04-23 00:01:03.172,117.509,25.491,50.780,0.486,1.626,4.841,9.847,0.114,false,20.297,SEVERE,8,180,sequential_yolo_pose,SM-S906U1,GPU
2026-04-23 00:01:03.297,119.521,28.575,54.454,0.510,1.629,5.655,10.390,0.030,false,20.328,SEVERE,8,180,sequential_yolo_pose,SM-S906U1,GPU
2026-04-23 00:01:03.418,116.237,26.775,52.131,0.530,1.393,5.584,10.104,0.052,false,20.270,SEVERE,8,180,sequential_yolo_pose,SM-S906U1,GPU
2026-04-23 00:01:03.536,112.575,24.740,52.548,1.079,2.087,6.210,9.880,0.036,false,20.332,SEVERE,8,180,sequential_yolo_pose,SM-S906U1,GPU
2026-04-23 00:01:03.652,112.372,24.606,53.867,1.303,2.162,8.261,9.653,0.040,false,20.332,SEVERE,8,180,sequential_yolo_pose,SM-S906U1,GPU
2026-04-23 00:01:03.786,126.449,26.763,53.768,1.269,3.131,10.851,11.086,0.110,false,20.391,SEVERE,8,180,sequential_yolo_pose,SM-S906U1,GPU
2026-04-23 00:01:03.914,121.358,24.518,56.855,0.482,0.931,7.571,10.811,0.032,false,20.395,SEVERE,8,180,sequential_yolo_pose,SM-S906U1,GPU
2026-04-23 00:01:04.052,127.824,24.495,57.205,0.808,2.648,18.466,12.044,0.058,false,20.332,SEVERE,8,180,sequential_yolo_pose,SM-S906U1,GPU
2026-04-23 00:01:04.171,108.635,25.200,51.093,0.658,1.398,6.474,10.088,0.065,false,20.266,SEVERE,8,180,sequential_yolo_pose,SM-S906U1,GPU
2026-04-23 00:01:04.307,126.397,25.934,53.975,0.800,2.225,10.186,10.786,0.022,false,20.359,SEVERE,8,180,sequential_yolo_pose,SM-S906U1,GPU
2026-04-23 00:01:04.422,111.643,24.191,51.929,0.863,1.700,6.507,10.328,0.034,false,20.270,SEVERE,8,180,sequential_yolo_pose,SM-S906U1,GPU
2026-04-23 00:01:04.557,124.298,31.835,54.791,0.803,1.631,6.676,10.654,0.043,false,20.270,SEVERE,8,180,sequential_yolo_pose,SM-S906U1,GPU
2026-04-23 00:01:04.677,113.181,25.740,54.695,1.314,1.958,5.919,11.400,0.031,false,14.465,SEVERE,8,180,sequential_yolo_pose,SM-S906U1,GPU
2026-04-23 00:01:04.803,121.820,23.828,54.084,1.106,2.451,10.100,11.161,0.061,false,21.598,SEVERE,8,180,sequential_yolo_pose,SM-S906U1,GPU
2026-04-23 00:01:04.936,126.612,28.275,53.768,0.774,1.890,6.716,15.680,0.040,false,38.574,SEVERE,8,180,sequential_yolo_pose,SM-S906U1,GPU
2026-04-23 00:01:05.073,124.713,28.059,53.639,1.015,4.229,5.810,9.211,0.048,false,20.234,SEVERE,8,180,sequential_yolo_pose,SM-S906U1,GPU
2026-04-23 00:01:05.206,127.720,23.885,54.173,0.811,1.725,8.807,13.376,0.038,false,20.332,SEVERE,8,180,sequential_yolo_pose,SM-S906U1,GPU
2026-04-23 00:01:05.330,115.558,24.656,52.174,1.546,2.355,7.118,11.910,0.034,false,20.270,SEVERE,8,180,sequential_yolo_pose,SM-S906U1,GPU
2026-04-23 00:01:05.448,113.030,24.245,54.952,0.666,1.521,7.016,11.398,0.053,false,20.301,SEVERE,8,180,sequential_yolo_pose,SM-S906U1,GPU
2026-04-23 00:01:05.578,122.291,24.515,51.823,1.057,1.855,10.530,11.740,0.034,false,20.426,SEVERE,8,180,sequential_yolo_pose,SM-S906U1,GPU
2026-04-23 00:01:05.696,113.840,24.648,53.770,0.914,1.461,5.580,10.572,0.039,false,20.207,SEVERE,8,180,sequential_yolo_pose,SM-S906U1,GPU
2026-04-23 00:01:05.822,118.957,27.608,53.280,0.728,1.549,5.949,10.654,0.031,false,20.305,SEVERE,8,180,sequential_yolo_pose,SM-S906U1,GPU
2026-04-23 00:01:05.937,108.867,23.367,54.174,0.676,1.338,7.740,10.621,0.049,false,20.297,SEVERE,8,180,sequential_yolo_pose,SM-S906U1,GPU
2026-04-23 00:01:06.055,113.488,23.449,54.446,0.575,0.983,4.243,9.899,0.029,false,20.270,SEVERE,9,180,sequential_yolo_pose,SM-S906U1,GPU
2026-04-23 00:01:06.176,117.557,23.474,54.420,0.851,1.583,7.082,19.315,0.049,false,20.332,SEVERE,9,180,sequential_yolo_pose,SM-S906U1,GPU
2026-04-23 00:01:06.308,125.916,24.127,55.608,0.905,1.964,11.057,12.444,0.045,false,20.363,SEVERE,9,180,sequential_yolo_pose,SM-S906U1,GPU
2026-04-23 00:01:06.441,126.563,25.296,56.540,1.016,1.985,6.573,14.753,0.127,false,20.301,SEVERE,9,180,sequential_yolo_pose,SM-S906U1,GPU
2026-04-23 00:01:06.564,114.062,24.446,54.134,0.819,1.506,6.030,13.625,0.042,false,20.270,SEVERE,9,180,sequential_yolo_pose,SM-S906U1,GPU
2026-04-23 00:01:06.689,119.569,29.494,53.022,0.671,1.730,6.104,10.067,0.099,false,20.363,SEVERE,9,180,sequential_yolo_pose,SM-S906U1,GPU
2026-04-23 00:01:06.795,95.128,25.151,52.112,0.786,0.000,0.000,0.000,0.000,true,16.902,SEVERE,9,180,sequential_yolo_pose,SM-S906U1,GPU
2026-04-23 00:01:06.922,117.966,23.783,52.913,0.883,1.258,5.104,11.046,0.044,false,33.973,SEVERE,9,180,sequential_yolo_pose,SM-S906U1,GPU
2026-04-23 00:01:07.054,117.212,25.074,52.113,0.740,1.966,5.917,10.100,0.022,false,20.363,SEVERE,8,180,sequential_yolo_pose,SM-S906U1,GPU
2026-04-23 00:01:07.177,113.966,23.613,54.694,0.741,1.613,6.240,13.860,0.053,false,20.359,SEVERE,8,180,sequential_yolo_pose,SM-S906U1,GPU
2026-04-23 00:01:07.304,121.509,30.445,53.352,0.656,1.419,6.880,11.049,0.050,false,20.234,SEVERE,8,180,sequential_yolo_pose,SM-S906U1,GPU
2026-04-23 00:01:07.426,117.862,24.898,55.330,1.448,3.085,5.496,10.807,0.035,false,20.395,SEVERE,8,180,sequential_yolo_pose,SM-S906U1,GPU
2026-04-23 00:01:07.543,112.338,23.850,55.122,0.809,4.131,5.620,10.250,0.050,false,14.465,SEVERE,8,180,sequential_yolo_pose,SM-S906U1,GPU
2026-04-23 00:01:07.658,108.258,23.567,52.183,0.625,1.169,5.124,10.459,0.047,false,21.563,SEVERE,8,180,sequential_yolo_pose,SM-S906U1,GPU
2026-04-23 00:01:07.789,119.091,25.171,52.931,1.107,1.872,7.144,11.302,0.049,false,38.414,SEVERE,8,180,sequential_yolo_pose,SM-S906U1,GPU
2026-04-23 00:01:07.921,118.786,28.027,52.844,4.555,2.087,7.945,9.870,0.047,false,20.328,SEVERE,8,180,sequential_yolo_pose,SM-S906U1,GPU
2026-04-23 00:01:08.040,105.478,25.628,53.011,0.469,1.028,4.088,9.968,0.055,false,20.367,SEVERE,8,180,sequential_yolo_pose,SM-S906U1,GPU
2026-04-23 00:01:08.162,119.070,25.214,52.821,0.560,1.574,6.505,15.250,0.044,false,20.332,SEVERE,8,180,sequential_yolo_pose,SM-S906U1,GPU
2026-04-23 00:01:08.303,134.186,26.935,51.549,0.612,2.193,8.989,15.387,0.049,false,20.328,SEVERE,8,180,sequential_yolo_pose,SM-S906U1,GPU
2026-04-23 00:01:08.424,115.434,24.335,56.527,0.655,2.184,6.323,12.263,0.040,false,20.332,SEVERE,8,180,sequential_yolo_pose,SM-S906U1,GPU
2026-04-23 00:01:08.553,124.355,24.117,53.398,0.781,2.276,17.268,12.186,0.046,false,20.457,SEVERE,8,180,sequential_yolo_pose,SM-S906U1,GPU
2026-04-23 00:01:08.684,126.748,24.662,52.921,0.748,3.713,10.793,13.222,0.047,false,20.395,SEVERE,8,180,sequential_yolo_pose,SM-S906U1,GPU
2026-04-23 00:01:08.811,122.158,29.836,51.619,0.585,2.059,7.838,9.988,0.032,false,20.332,SEVERE,8,180,sequential_yolo_pose,SM-S906U1,GPU
2026-04-23 00:01:08.946,129.376,30.039,52.198,0.786,1.559,6.619,10.854,0.045,false,20.301,SEVERE,8,180,sequential_yolo_pose,SM-S906U1,GPU
2026-04-23 00:01:09.078,126.308,25.091,54.353,0.893,2.535,11.110,12.032,0.038,false,20.395,SEVERE,8,180,sequential_yolo_pose,SM-S906U1,GPU
2026-04-23 00:01:09.210,125.435,25.355,51.741,0.782,1.459,8.858,10.226,0.037,false,20.363,SEVERE,8,180,sequential_yolo_pose,SM-S906U1,GPU
2026-04-23 00:01:09.328,113.765,26.686,51.907,0.950,1.756,7.114,10.879,0.039,false,20.332,SEVERE,8,180,sequential_yolo_pose,SM-S906U1,GPU
2026-04-23 00:01:09.458,121.235,30.144,53.453,0.789,1.430,5.704,10.417,0.045,false,20.301,SEVERE,8,180,sequential_yolo_pose,SM-S906U1,GPU
2026-04-23 00:01:09.585,120.131,28.354,53.427,0.701,1.531,5.460,9.912,0.040,false,20.238,SEVERE,8,180,sequential_yolo_pose,SM-S906U1,GPU
2026-04-23 00:01:09.718,127.772,28.841,51.868,1.368,2.644,11.137,11.658,0.038,false,20.328,SEVERE,8,180,sequential_yolo_pose,SM-S906U1,GPU
2026-04-23 00:01:09.849,119.463,27.049,52.795,0.448,1.733,4.331,10.298,0.049,false,20.238,SEVERE,8,180,sequential_yolo_pose,SM-S906U1,GPU
2026-04-23 00:01:09.973,118.898,25.701,52.999,0.601,1.558,5.773,11.129,0.047,false,20.328,SEVERE,8,180,sequential_yolo_pose,SM-S906U1,GPU
2026-04-23 00:01:10.098,121.107,27.068,54.201,0.615,1.578,6.140,11.287,0.034,false,20.363,SEVERE,8,180,sequential_yolo_pose,SM-S906U1,GPU
2026-04-23 00:01:10.223,119.974,24.795,54.881,0.823,1.679,6.417,11.316,0.041,false,20.301,SEVERE,8,180,sequential_yolo_pose,SM-S906U1,GPU
2026-04-23 00:01:10.352,122.219,28.059,52.085,0.898,2.216,7.864,11.076,0.024,false,20.266,SEVERE,8,180,sequential_yolo_pose,SM-S906U1,GPU
2026-04-23 00:01:10.518,161.425,63.115,51.873,0.899,4.030,8.847,10.159,0.049,false,20.301,SEVERE,8,180,sequential_yolo_pose,SM-S906U1,GPU
2026-04-23 00:01:10.644,120.353,23.684,57.524,1.228,4.423,8.447,9.503,0.109,false,20.328,SEVERE,8,180,sequential_yolo_pose,SM-S906U1,GPU
2026-04-23 00:01:10.784,131.036,27.616,53.030,0.840,1.908,11.296,12.208,0.049,false,20.328,SEVERE,8,180,sequential_yolo_pose,SM-S906U1,GPU
2026-04-23 00:01:10.918,128.991,27.468,53.015,1.121,3.124,12.629,11.226,0.052,false,20.363,SEVERE,8,180,sequential_yolo_pose,SM-S906U1,GPU
2026-04-23 00:01:11.040,116.391,24.847,55.057,0.709,1.419,5.994,10.596,0.049,false,20.488,SEVERE,7,180,sequential_yolo_pose,SM-S906U1,GPU
2026-04-23 00:01:11.176,125.737,28.799,52.576,0.826,2.122,7.504,12.445,0.055,false,20.301,SEVERE,7,180,sequential_yolo_pose,SM-S906U1,GPU
2026-04-23 00:01:11.303,122.785,31.875,58.569,0.673,1.466,7.170,9.243,0.046,false,20.301,SEVERE,7,180,sequential_yolo_pose,SM-S906U1,GPU
2026-04-23 00:01:11.431,122.644,26.738,54.542,0.784,1.703,5.671,14.160,0.046,false,14.461,SEVERE,7,180,sequential_yolo_pose,SM-S906U1,GPU
2026-04-23 00:01:11.578,142.617,43.551,55.057,0.768,2.993,8.870,10.568,0.033,false,21.508,SEVERE,7,180,sequential_yolo_pose,SM-S906U1,GPU
2026-04-23 00:01:11.723,140.273,38.162,52.293,0.968,2.322,8.703,15.004,0.031,false,38.485,SEVERE,7,180,sequential_yolo_pose,SM-S906U1,GPU
2026-04-23 00:01:11.886,143.674,41.236,53.357,0.814,2.319,8.556,9.717,0.037,false,29.020,SEVERE,7,180,sequential_yolo_pose,SM-S906U1,GPU
2026-04-23 00:01:12.035,144.476,27.970,52.774,2.194,2.843,8.209,25.344,0.049,false,20.488,SEVERE,7,180,sequential_yolo_pose,SM-S906U1,GPU
2026-04-23 00:01:12.140,98.453,24.342,54.760,0.681,0.000,0.000,0.000,0.000,true,16.937,SEVERE,7,180,sequential_yolo_pose,SM-S906U1,GPU
2026-04-23 00:01:12.285,139.450,34.532,55.346,0.779,2.345,8.112,10.654,0.041,false,33.914,SEVERE,7,180,sequential_yolo_pose,SM-S906U1,GPU
2026-04-23 00:01:12.422,120.855,24.096,58.380,0.925,2.374,12.580,10.063,0.049,false,20.359,SEVERE,7,180,sequential_yolo_pose,SM-S906U1,GPU
2026-04-23 00:01:12.556,126.506,28.964,53.031,1.121,2.632,10.377,12.494,0.053,false,20.359,SEVERE,7,180,sequential_yolo_pose,SM-S906U1,GPU
2026-04-23 00:01:12.683,117.985,27.196,52.677,0.724,1.779,7.838,10.579,0.048,false,20.395,SEVERE,7,180,sequential_yolo_pose,SM-S906U1,GPU
2026-04-23 00:01:12.810,119.534,23.986,53.584,0.679,1.867,10.219,15.608,0.032,false,20.359,SEVERE,7,180,sequential_yolo_pose,SM-S906U1,GPU
2026-04-23 00:01:12.921,107.072,24.194,52.995,0.632,1.097,4.905,10.401,0.045,false,20.359,SEVERE,7,180,sequential_yolo_pose,SM-S906U1,GPU
2026-04-23 00:01:13.040,113.190,24.196,54.200,0.769,1.321,7.505,9.810,0.047,false,20.457,SEVERE,8,180,sequential_yolo_pose,SM-S906U1,GPU
2026-04-23 00:01:13.173,128.031,24.360,55.172,0.906,2.292,10.867,11.558,0.049,false,20.363,SEVERE,8,180,sequential_yolo_pose,SM-S906U1,GPU
2026-04-23 00:01:13.302,123.557,25.875,54.987,0.647,1.501,5.534,14.332,0.242,false,20.387,SEVERE,8,180,sequential_yolo_pose,SM-S906U1,GPU
2026-04-23 00:01:13.422,113.517,24.773,52.530,0.770,2.010,5.503,9.546,0.044,false,20.270,SEVERE,8,180,sequential_yolo_pose,SM-S906U1,GPU
2026-04-23 00:01:13.554,126.612,28.363,53.902,0.920,3.958,10.703,10.078,0.051,false,20.297,SEVERE,8,180,sequential_yolo_pose,SM-S906U1,GPU
2026-04-23 00:01:13.685,121.686,25.777,53.331,0.818,2.139,9.297,11.582,0.051,false,20.328,SEVERE,8,180,sequential_yolo_pose,SM-S906U1,GPU
2026-04-23 00:01:13.817,124.012,27.796,53.644,0.971,2.354,8.291,11.466,0.047,false,20.332,SEVERE,8,180,sequential_yolo_pose,SM-S906U1,GPU
2026-04-23 00:01:13.942,119.745,26.545,53.782,0.977,1.986,9.365,10.187,0.061,false,20.266,SEVERE,8,180,sequential_yolo_pose,SM-S906U1,GPU
2026-04-23 00:01:14.068,120.522,24.788,54.280,0.684,1.399,6.405,10.951,0.039,false,20.391,SEVERE,8,180,sequential_yolo_pose,SM-S906U1,GPU
2026-04-23 00:01:14.189,113.282,24.049,52.706,0.729,1.873,6.293,11.465,0.047,false,20.332,SEVERE,8,180,sequential_yolo_pose,SM-S906U1,GPU
2026-04-23 00:01:14.323,124.878,24.026,54.991,1.133,3.126,12.902,10.709,0.035,false,20.359,SEVERE,8,180,sequential_yolo_pose,SM-S906U1,GPU
2026-04-23 00:01:14.450,121.304,26.051,53.794,0.663,4.598,6.178,10.421,0.044,false,20.363,SEVERE,8,180,sequential_yolo_pose,SM-S906U1,GPU
2026-04-23 00:01:14.582,125.704,26.968,52.093,1.004,2.401,15.083,9.845,0.039,false,20.359,SEVERE,8,180,sequential_yolo_pose,SM-S906U1,GPU
2026-04-23 00:01:14.704,117.842,24.482,52.760,0.943,2.073,8.315,11.289,0.054,false,20.328,SEVERE,8,180,sequential_yolo_pose,SM-S906U1,GPU
2026-04-23 00:01:14.834,124.864,28.787,53.972,1.223,2.303,5.921,14.102,0.033,false,20.328,SEVERE,8,180,sequential_yolo_pose,SM-S906U1,GPU
2026-04-23 00:01:14.954,116.035,28.503,53.174,0.510,1.608,6.328,9.992,0.044,false,20.270,SEVERE,8,180,sequential_yolo_pose,SM-S906U1,GPU
2026-04-23 00:01:15.078,117.319,24.573,51.985,0.851,2.641,9.599,9.649,0.057,false,20.336,SEVERE,8,180,sequential_yolo_pose,SM-S906U1,GPU
2026-04-23 00:01:15.210,126.470,24.050,54.409,0.915,2.422,11.531,12.747,0.082,false,20.332,SEVERE,8,180,sequential_yolo_pose,SM-S906U1,GPU
2026-04-23 00:01:15.337,119.467,25.989,53.643,0.487,0.965,6.976,10.688,0.045,false,20.391,SEVERE,8,180,sequential_yolo_pose,SM-S906U1,GPU
2026-04-23 00:01:15.453,111.253,24.084,57.256,0.457,2.791,4.233,11.223,0.034,false,20.398,SEVERE,8,180,sequential_yolo_pose,SM-S906U1,GPU
2026-04-23 00:01:15.574,111.492,23.793,59.236,0.522,1.077,4.313,9.049,0.054,false,20.297,SEVERE,8,180,sequential_yolo_pose,SM-S906U1,GPU
2026-04-23 00:01:15.688,108.554,24.362,53.446,0.507,0.958,4.444,12.937,0.099,false,20.395,SEVERE,8,180,sequential_yolo_pose,SM-S906U1,GPU
2026-04-23 00:01:15.811,113.371,23.698,51.925,0.732,1.584,6.802,12.496,0.039,false,20.363,SEVERE,8,180,sequential_yolo_pose,SM-S906U1,GPU
2026-04-23 00:01:15.936,119.748,24.054,54.630,0.739,1.617,6.003,13.503,0.051,false,20.297,SEVERE,8,180,sequential_yolo_pose,SM-S906U1,GPU
2026-04-23 00:01:16.060,119.669,28.771,52.522,0.781,1.473,6.061,11.715,0.036,false,20.457,SEVERE,8,180,sequential_yolo_pose,SM-S906U1,GPU
2026-04-23 00:01:16.181,115.998,25.703,52.767,0.818,2.581,6.137,9.728,0.032,false,20.270,SEVERE,8,180,sequential_yolo_pose,SM-S906U1,GPU
2026-04-23 00:01:16.305,118.499,23.612,51.443,0.646,1.564,6.199,17.277,0.035,false,20.328,SEVERE,8,180,sequential_yolo_pose,SM-S906U1,GPU
2026-04-23 00:01:16.433,123.564,27.201,53.947,0.712,1.568,6.179,15.662,0.041,false,20.238,SEVERE,8,180,sequential_yolo_pose,SM-S906U1,GPU
2026-04-23 00:01:16.546,107.947,23.801,51.594,1.671,1.482,6.000,9.836,0.033,false,20.301,SEVERE,8,180,sequential_yolo_pose,SM-S906U1,GPU
2026-04-23 00:01:16.671,119.747,24.219,55.424,0.754,1.706,6.041,11.738,0.024,false,20.332,SEVERE,8,180,sequential_yolo_pose,SM-S906U1,GPU
2026-04-23 00:01:16.782,106.884,23.114,54.036,0.746,2.185,4.636,11.154,0.033,false,20.297,SEVERE,8,180,sequential_yolo_pose,SM-S906U1,GPU
2026-04-23 00:01:16.903,117.330,28.794,55.261,0.837,1.564,6.179,13.330,0.039,false,20.328,SEVERE,8,180,sequential_yolo_pose,SM-S906U1,GPU
2026-04-23 00:01:17.022,114.723,24.398,52.367,0.657,1.528,5.498,11.863,0.047,false,20.332,SEVERE,8,180,sequential_yolo_pose,SM-S906U1,GPU
2026-04-23 00:01:17.145,115.652,23.751,55.543,1.050,2.431,10.826,9.893,0.043,false,20.301,SEVERE,8,180,sequential_yolo_pose,SM-S906U1,GPU
2026-04-23 00:01:17.276,124.181,25.516,53.944,0.659,2.575,9.308,11.951,0.031,false,20.332,SEVERE,8,180,sequential_yolo_pose,SM-S906U1,GPU
2026-04-23 00:01:17.402,120.865,25.799,53.166,0.549,1.505,8.739,12.065,0.065,false,20.270,SEVERE,8,180,sequential_yolo_pose,SM-S906U1,GPU
2026-04-23 00:01:17.522,111.988,24.587,54.338,0.574,1.497,5.791,10.281,0.049,false,20.379,SEVERE,8,180,sequential_yolo_pose,SM-S906U1,GPU
2026-04-23 00:01:17.653,124.592,24.082,53.837,1.318,2.641,14.540,9.973,0.044,false,20.301,SEVERE,8,180,sequential_yolo_pose,SM-S906U1,GPU
2026-04-23 00:01:17.780,118.467,26.642,53.656,1.124,2.869,9.063,9.770,0.073,false,20.266,SEVERE,8,180,sequential_yolo_pose,SM-S906U1,GPU
2026-04-23 00:01:17.909,123.294,25.051,54.559,0.641,1.907,6.978,16.231,0.051,false,20.363,SEVERE,8,180,sequential_yolo_pose,SM-S906U1,GPU
2026-04-23 00:01:18.039,125.741,26.717,52.352,0.828,2.730,8.999,13.586,0.064,false,20.328,SEVERE,8,180,sequential_yolo_pose,SM-S906U1,GPU
2026-04-23 00:01:18.163,115.884,25.671,54.268,0.545,1.387,5.910,10.100,0.060,false,20.270,SEVERE,9,180,sequential_yolo_pose,SM-S906U1,GPU
2026-04-23 00:01:18.291,122.351,24.328,58.270,0.739,2.020,7.940,11.316,0.054,false,20.332,SEVERE,9,180,sequential_yolo_pose,SM-S906U1,GPU
2026-04-23 00:01:18.428,128.651,26.555,52.121,0.861,7.799,8.318,15.429,0.033,false,20.426,SEVERE,9,180,sequential_yolo_pose,SM-S906U1,GPU
2026-04-23 00:01:18.553,116.106,25.474,52.701,0.737,3.405,5.630,10.278,0.034,false,20.301,SEVERE,9,180,sequential_yolo_pose,SM-S906U1,GPU
2026-04-23 00:01:18.681,123.484,26.470,53.869,0.523,1.922,10.196,12.998,0.042,false,20.359,SEVERE,9,180,sequential_yolo_pose,SM-S906U1,GPU
2026-04-23 00:01:18.812,125.915,25.328,54.919,0.766,2.735,12.726,10.086,0.050,false,20.328,SEVERE,9,180,sequential_yolo_pose,SM-S906U1,GPU
2026-04-23 00:01:18.938,118.905,25.489,51.940,0.471,1.580,6.554,14.382,0.055,false,20.301,SEVERE,9,180,sequential_yolo_pose,SM-S906U1,GPU
2026-04-23 00:01:19.062,119.358,25.075,55.386,0.509,1.375,5.789,13.047,0.049,false,20.332,SEVERE,9,180,sequential_yolo_pose,SM-S906U1,GPU
2026-04-23 00:01:19.188,119.077,24.810,54.751,1.032,2.994,13.206,10.613,0.044,false,20.332,SEVERE,7,180,sequential_yolo_pose,SM-S906U1,GPU
2026-04-23 00:01:19.319,124.412,25.073,52.404,1.260,2.641,13.695,9.982,0.044,false,20.359,SEVERE,7,180,sequential_yolo_pose,SM-S906U1,GPU
2026-04-23 00:01:19.460,136.422,30.950,54.839,2.386,2.858,10.741,12.062,0.048,false,20.328,SEVERE,7,180,sequential_yolo_pose,SM-S906U1,GPU
2026-04-23 00:01:19.588,120.244,24.391,53.317,1.168,2.712,10.897,10.417,0.058,false,20.301,SEVERE,7,180,sequential_yolo_pose,SM-S906U1,GPU
2026-04-23 00:01:19.725,128.702,29.376,52.300,1.236,2.845,9.599,11.654,0.031,false,20.266,SEVERE,7,180,sequential_yolo_pose,SM-S906U1,GPU
2026-04-23 00:01:19.848,115.494,30.031,53.369,0.698,2.470,5.334,9.635,0.040,false,20.270,SEVERE,7,180,sequential_yolo_pose,SM-S906U1,GPU
2026-04-23 00:01:19.977,122.827,29.714,52.963,0.633,1.953,7.991,11.208,0.044,false,20.297,SEVERE,7,180,sequential_yolo_pose,SM-S906U1,GPU
2026-04-23 00:01:20.097,115.676,24.622,52.905,0.596,1.512,5.471,10.586,0.049,false,20.359,SEVERE,8,180,sequential_yolo_pose,SM-S906U1,GPU
2026-04-23 00:01:20.223,118.626,27.177,52.168,0.864,1.891,6.989,10.643,0.044,false,20.301,SEVERE,8,180,sequential_yolo_pose,SM-S906U1,GPU
2026-04-23 00:01:20.345,117.629,25.032,52.502,0.998,2.208,8.907,13.197,0.047,false,20.363,SEVERE,8,180,sequential_yolo_pose,SM-S906U1,GPU
2026-04-23 00:01:20.475,123.874,24.539,54.078,0.790,1.632,6.555,16.741,0.056,false,20.266,SEVERE,8,180,sequential_yolo_pose,SM-S906U1,GPU
2026-04-23 00:01:20.595,116.008,24.344,55.771,0.627,1.508,5.804,10.310,0.058,false,20.301,SEVERE,8,180,sequential_yolo_pose,SM-S906U1,GPU
2026-04-23 00:01:20.723,117.938,25.834,52.792,0.849,2.135,7.577,10.242,0.049,false,20.301,SEVERE,8,180,sequential_yolo_pose,SM-S906U1,GPU
2026-04-23 00:01:20.845,113.615,24.395,54.957,0.778,2.088,7.973,11.606,0.047,false,20.328,SEVERE,8,180,sequential_yolo_pose,SM-S906U1,GPU
2026-04-23 00:01:20.974,124.180,27.202,52.515,0.623,1.493,6.284,18.114,0.033,false,20.363,SEVERE,8,180,sequential_yolo_pose,SM-S906U1,GPU
2026-04-23 00:01:21.091,113.477,26.050,51.994,0.534,1.429,5.840,9.698,0.042,false,20.332,SEVERE,8,180,sequential_yolo_pose,SM-S906U1,GPU
2026-04-23 00:01:21.219,119.940,25.325,52.884,1.002,2.274,9.082,11.517,0.049,false,20.328,SEVERE,8,180,sequential_yolo_pose,SM-S906U1,GPU
2026-04-23 00:01:21.356,131.612,23.741,57.489,1.242,9.542,10.515,11.454,0.042,false,20.395,SEVERE,8,180,sequential_yolo_pose,SM-S906U1,GPU
2026-04-23 00:01:21.494,126.120,28.606,53.477,1.030,2.339,8.992,13.795,0.065,false,20.270,SEVERE,8,180,sequential_yolo_pose,SM-S906U1,GPU
2026-04-23 00:01:21.619,118.806,25.361,57.917,0.853,2.156,9.883,10.087,0.046,false,14.484,SEVERE,8,180,sequential_yolo_pose,SM-S906U1,GPU
2026-04-23 00:01:21.741,115.855,24.066,53.378,0.726,1.949,12.909,11.185,0.032,false,21.602,SEVERE,8,180,sequential_yolo_pose,SM-S906U1,GPU
2026-04-23 00:01:21.868,123.703,24.551,54.563,1.153,2.459,12.413,11.115,0.053,false,38.453,SEVERE,8,180,sequential_yolo_pose,SM-S906U1,GPU
2026-04-23 00:01:21.994,121.281,25.488,52.456,1.130,2.875,9.396,11.512,0.055,false,20.266,SEVERE,8,180,sequential_yolo_pose,SM-S906U1,GPU
2026-04-23 00:01:22.120,121.120,27.791,52.332,0.941,3.186,7.224,11.333,0.048,false,20.488,SEVERE,8,180,sequential_yolo_pose,SM-S906U1,GPU
2026-04-23 00:01:22.253,124.324,29.210,51.083,1.625,2.240,8.559,11.329,0.023,false,20.270,SEVERE,8,180,sequential_yolo_pose,SM-S906U1,GPU
2026-04-23 00:01:22.357,98.774,26.695,54.834,0.762,0.000,0.000,0.000,0.000,true,16.969,SEVERE,8,180,sequential_yolo_pose,SM-S906U1,GPU
2026-04-23 00:01:22.501,136.669,24.189,55.792,0.928,3.079,8.899,14.116,0.130,false,33.946,SEVERE,8,180,sequential_yolo_pose,SM-S906U1,GPU
2026-04-23 00:01:22.640,131.807,29.953,57.046,0.614,2.525,12.327,9.922,0.046,false,20.328,SEVERE,8,180,sequential_yolo_pose,SM-S906U1,GPU
2026-04-23 00:01:22.773,128.146,28.038,54.934,1.158,2.899,11.038,12.240,0.047,false,20.328,SEVERE,8,180,sequential_yolo_pose,SM-S906U1,GPU
2026-04-23 00:01:22.901,122.857,25.306,52.943,1.019,2.099,8.691,12.915,0.064,false,20.301,SEVERE,8,180,sequential_yolo_pose,SM-S906U1,GPU
2026-04-23 00:01:23.027,118.928,25.152,52.975,0.590,1.367,7.674,10.979,2.506,false,20.332,SEVERE,8,180,sequential_yolo_pose,SM-S906U1,GPU
2026-04-23 00:01:23.151,116.729,26.937,56.169,0.609,3.000,6.112,12.053,0.035,false,20.410,SEVERE,8,180,sequential_yolo_pose,SM-S906U1,GPU
2026-04-23 00:01:23.273,118.202,24.369,53.207,0.961,2.331,9.233,16.205,0.050,false,20.332,SEVERE,8,180,sequential_yolo_pose,SM-S906U1,GPU
2026-04-23 00:01:23.399,121.722,24.473,54.568,0.657,2.146,6.397,12.604,0.049,false,20.270,SEVERE,8,180,sequential_yolo_pose,SM-S906U1,GPU
2026-04-23 00:01:23.527,121.816,27.743,54.587,0.574,1.857,6.902,10.564,0.055,false,20.270,SEVERE,8,180,sequential_yolo_pose,SM-S906U1,GPU
2026-04-23 00:01:23.652,119.681,24.595,56.753,0.874,2.305,8.301,9.970,0.052,false,20.356,SEVERE,8,180,sequential_yolo_pose,SM-S906U1,GPU
2026-04-23 00:01:23.785,125.125,25.770,52.236,1.060,4.973,10.393,12.219,0.048,false,20.359,SEVERE,8,180,sequential_yolo_pose,SM-S906U1,GPU
2026-04-23 00:01:23.908,116.532,24.004,53.205,1.039,2.835,13.079,10.154,0.057,false,20.328,SEVERE,8,180,sequential_yolo_pose,SM-S906U1,GPU
2026-04-23 00:01:24.036,119.956,24.141,52.812,0.803,2.418,8.728,12.928,0.065,false,20.332,SEVERE,8,180,sequential_yolo_pose,SM-S906U1,GPU
2026-04-23 00:01:24.168,123.814,28.417,53.927,0.508,1.497,6.226,14.505,0.044,false,20.387,SEVERE,8,180,sequential_yolo_pose,SM-S906U1,GPU
2026-04-23 00:01:24.291,117.515,24.719,53.080,0.683,1.716,7.145,12.018,0.061,false,20.332,SEVERE,8,180,sequential_yolo_pose,SM-S906U1,GPU
2026-04-23 00:01:24.413,115.988,22.855,55.133,0.691,2.469,11.007,11.810,0.049,false,20.395,SEVERE,8,180,sequential_yolo_pose,SM-S906U1,GPU
2026-04-23 00:01:24.545,126.277,30.766,53.519,0.574,1.489,6.416,12.348,0.033,false,20.301,SEVERE,8,180,sequential_yolo_pose,SM-S906U1,GPU
2026-04-23 00:01:24.679,129.107,23.494,55.377,1.308,2.716,11.432,11.107,0.061,false,20.332,SEVERE,8,180,sequential_yolo_pose,SM-S906U1,GPU
2026-04-23 00:01:24.811,124.743,23.763,54.498,1.042,2.165,9.660,15.526,0.081,false,20.418,SEVERE,8,180,sequential_yolo_pose,SM-S906U1,GPU
2026-04-23 00:01:24.948,126.337,23.418,52.681,0.958,2.045,12.586,12.120,0.021,false,20.363,SEVERE,8,180,sequential_yolo_pose,SM-S906U1,GPU
2026-04-23 00:01:25.071,117.864,23.826,54.850,0.746,1.690,6.344,15.651,0.022,false,20.363,SEVERE,8,180,sequential_yolo_pose,SM-S906U1,GPU
2026-04-23 00:01:25.185,110.335,24.954,55.420,0.819,1.876,6.751,9.418,0.041,false,20.301,SEVERE,8,180,sequential_yolo_pose,SM-S906U1,GPU
2026-04-23 00:01:25.312,121.739,27.138,52.544,1.109,3.572,6.870,10.166,0.025,false,20.266,SEVERE,8,180,sequential_yolo_pose,SM-S906U1,GPU
2026-04-23 00:01:25.447,130.251,27.195,53.047,0.792,1.333,5.896,22.404,0.021,false,14.465,SEVERE,8,180,sequential_yolo_pose,SM-S906U1,GPU
2026-04-23 00:01:25.574,123.680,26.954,51.858,0.710,1.687,6.531,10.404,0.052,false,21.539,SEVERE,8,180,sequential_yolo_pose,SM-S906U1,GPU
2026-04-23 00:01:25.690,109.301,23.323,51.423,1.296,2.479,7.448,12.128,0.033,false,38.516,SEVERE,8,180,sequential_yolo_pose,SM-S906U1,GPU
2026-04-23 00:01:25.823,119.178,28.568,52.375,0.767,1.560,5.803,12.803,0.019,false,20.328,SEVERE,8,180,sequential_yolo_pose,SM-S906U1,GPU
2026-04-23 00:01:25.948,117.138,28.117,52.864,1.142,1.984,9.220,12.423,0.039,false,20.234,SEVERE,8,180,sequential_yolo_pose,SM-S906U1,GPU
2026-04-23 00:01:26.074,119.927,24.233,53.850,0.901,1.837,7.549,16.007,0.027,false,20.363,SEVERE,8,180,sequential_yolo_pose,SM-S906U1,GPU
2026-04-23 00:01:26.192,114.546,24.166,52.399,0.849,1.626,6.456,10.397,0.118,false,20.332,SEVERE,8,180,sequential_yolo_pose,SM-S906U1,GPU
2026-04-23 00:01:26.317,114.924,25.296,52.233,0.834,1.767,6.487,10.498,0.043,false,20.238,SEVERE,8,180,sequential_yolo_pose,SM-S906U1,GPU
2026-04-23 00:01:26.453,130.707,28.049,53.353,0.751,5.874,12.558,11.790,0.048,false,20.391,SEVERE,8,180,sequential_yolo_pose,SM-S906U1,GPU
2026-04-23 00:01:26.580,122.194,24.577,53.647,1.068,2.331,12.472,9.723,0.054,false,20.328,SEVERE,8,180,sequential_yolo_pose,SM-S906U1,GPU
2026-04-23 00:01:26.714,128.640,24.775,55.009,1.286,2.826,12.884,14.514,0.043,false,20.359,SEVERE,8,180,sequential_yolo_pose,SM-S906U1,GPU
2026-04-23 00:01:26.836,116.793,24.102,56.229,0.689,1.457,5.657,11.048,0.044,false,20.297,SEVERE,8,180,sequential_yolo_pose,SM-S906U1,GPU
2026-04-23 00:01:26.952,110.998,23.582,51.886,1.086,2.704,8.912,10.998,0.047,false,20.301,SEVERE,8,180,sequential_yolo_pose,SM-S906U1,GPU
2026-04-23 00:01:27.090,132.571,25.535,56.312,1.083,3.447,15.120,11.266,0.057,false,20.395,SEVERE,8,180,sequential_yolo_pose,SM-S906U1,GPU
2026-04-23 00:01:27.220,123.365,24.727,51.856,1.246,2.920,10.537,13.549,0.054,false,20.301,SEVERE,8,180,sequential_yolo_pose,SM-S906U1,GPU
2026-04-23 00:01:27.357,127.121,25.513,54.892,1.253,2.264,14.645,14.431,0.047,false,20.391,SEVERE,8,180,sequential_yolo_pose,SM-S906U1,GPU
2026-04-23 00:01:27.486,117.313,25.230,52.785,0.516,2.007,6.897,10.389,0.042,false,20.301,SEVERE,8,180,sequential_yolo_pose,SM-S906U1,GPU
2026-04-23 00:01:27.587,95.596,24.759,52.214,0.683,0.000,0.000,0.000,0.000,true,16.934,SEVERE,8,180,sequential_yolo_pose,SM-S906U1,GPU
2026-04-23 00:01:27.702,108.428,31.687,50.770,0.654,0.000,0.000,0.000,0.000,true,30.547,SEVERE,8,180,sequential_yolo_pose,SM-S906U1,GPU
2026-04-23 00:01:27.828,120.818,27.409,54.134,0.559,1.843,6.728,10.207,0.053,false,17.203,SEVERE,8,180,sequential_yolo_pose,SM-S906U1,GPU
2026-04-23 00:01:27.956,119.997,24.130,53.413,1.051,5.395,8.027,10.551,0.055,false,20.363,SEVERE,8,180,sequential_yolo_pose,SM-S906U1,GPU
2026-04-23 00:01:28.095,124.588,28.127,53.422,0.907,2.216,8.360,11.874,0.054,false,20.332,SEVERE,8,180,sequential_yolo_pose,SM-S906U1,GPU
2026-04-23 00:01:28.217,115.135,25.623,55.042,0.529,1.141,4.283,9.768,0.045,false,20.324,SEVERE,8,180,sequential_yolo_pose,SM-S906U1,GPU
2026-04-23 00:01:28.355,131.594,24.136,57.659,0.994,5.745,14.452,12.272,0.066,false,20.332,SEVERE,8,180,sequential_yolo_pose,SM-S906U1,GPU
2026-04-23 00:01:28.488,122.587,25.467,54.353,1.056,2.716,8.829,10.344,0.047,false,20.301,SEVERE,8,180,sequential_yolo_pose,SM-S906U1,GPU
2026-04-23 00:01:28.610,117.894,24.710,54.099,0.571,1.923,6.497,12.351,0.044,false,20.332,SEVERE,8,180,sequential_yolo_pose,SM-S906U1,GPU
2026-04-23 00:01:28.741,125.845,25.937,53.914,1.026,2.686,9.411,11.489,0.045,false,20.328,SEVERE,8,180,sequential_yolo_pose,SM-S906U1,GPU
2026-04-23 00:01:28.867,121.008,23.797,54.798,0.780,1.873,7.279,15.577,0.047,false,20.332,SEVERE,8,180,sequential_yolo_pose,SM-S906U1,GPU
2026-04-23 00:01:28.991,118.926,24.525,57.710,0.489,1.648,6.274,10.006,0.038,false,20.332,SEVERE,8,180,sequential_yolo_pose,SM-S906U1,GPU
2026-04-23 00:01:29.119,118.445,26.825,52.387,0.547,2.130,7.415,10.533,0.033,false,20.270,SEVERE,8,180,sequential_yolo_pose,SM-S906U1,GPU
2026-04-23 00:01:29.251,126.997,24.555,54.634,0.558,2.675,13.973,11.168,0.035,false,20.363,SEVERE,8,180,sequential_yolo_pose,SM-S906U1,GPU
2026-04-23 00:01:29.379,122.092,25.138,53.965,0.568,3.688,8.995,9.653,0.032,false,20.332,SEVERE,8,180,sequential_yolo_pose,SM-S906U1,GPU
2026-04-23 00:01:29.507,121.147,25.639,53.967,0.763,2.194,8.847,11.138,0.045,false,20.297,SEVERE,8,180,sequential_yolo_pose,SM-S906U1,GPU
2026-04-23 00:01:29.630,117.868,25.710,52.776,0.667,1.922,6.720,11.123,0.031,false,20.297,SEVERE,8,180,sequential_yolo_pose,SM-S906U1,GPU
2026-04-23 00:01:29.757,121.872,28.904,55.435,0.884,1.856,6.932,10.782,0.045,false,20.266,SEVERE,8,180,sequential_yolo_pose,SM-S906U1,GPU
2026-04-23 00:01:29.890,127.833,27.521,53.496,1.317,3.422,9.498,11.995,0.034,false,20.266,SEVERE,8,180,sequential_yolo_pose,SM-S906U1,GPU
2026-04-23 00:01:30.019,121.764,24.739,51.751,0.867,2.928,12.245,11.019,0.051,false,20.391,SEVERE,8,180,sequential_yolo_pose,SM-S906U1,GPU
2026-04-23 00:01:30.149,119.468,24.015,53.363,1.236,2.656,10.235,10.025,0.045,false,20.332,SEVERE,8,180,sequential_yolo_pose,SM-S906U1,GPU
2026-04-23 00:01:30.280,125.887,24.745,55.122,1.345,5.545,7.840,11.669,0.050,false,20.363,SEVERE,8,180,sequential_yolo_pose,SM-S906U1,GPU
2026-04-23 00:01:30.407,119.621,24.127,54.178,1.231,2.151,8.972,11.998,0.076,false,20.266,SEVERE,8,180,sequential_yolo_pose,SM-S906U1,GPU
2026-04-23 00:01:30.537,124.433,25.164,55.593,0.748,1.719,6.384,15.170,0.041,false,20.332,SEVERE,8,180,sequential_yolo_pose,SM-S906U1,GPU
2026-04-23 00:01:30.663,119.695,25.094,54.316,0.824,1.644,6.847,13.182,0.055,false,20.301,SEVERE,8,180,sequential_yolo_pose,SM-S906U1,GPU
2026-04-23 00:01:30.793,124.622,28.068,55.536,2.680,2.529,8.007,11.086,0.037,false,20.332,SEVERE,8,180,sequential_yolo_pose,SM-S906U1,GPU
2026-04-23 00:01:30.918,119.990,24.998,57.108,1.079,4.481,6.195,9.623,0.064,false,20.387,SEVERE,8,180,sequential_yolo_pose,SM-S906U1,GPU
2026-04-23 00:01:31.051,122.967,24.908,51.503,0.933,1.908,8.857,10.692,0.316,false,20.328,SEVERE,8,180,sequential_yolo_pose,SM-S906U1,GPU
2026-04-23 00:01:31.183,121.956,26.011,52.461,1.051,2.314,10.040,11.400,0.050,false,20.391,SEVERE,7,180,sequential_yolo_pose,SM-S906U1,GPU
2026-04-23 00:01:31.311,122.166,27.069,52.128,0.617,1.867,9.883,11.752,0.046,false,20.301,SEVERE,7,180,sequential_yolo_pose,SM-S906U1,GPU
2026-04-23 00:01:31.445,128.508,24.576,52.887,0.915,1.957,14.675,11.492,0.047,false,20.391,SEVERE,7,180,sequential_yolo_pose,SM-S906U1,GPU
2026-04-23 00:01:31.575,124.671,24.976,55.468,1.040,3.019,12.994,10.238,0.041,false,20.363,SEVERE,7,180,sequential_yolo_pose,SM-S906U1,GPU
2026-04-23 00:01:31.702,122.331,24.313,56.594,0.985,2.110,8.087,12.377,0.050,false,20.332,SEVERE,7,180,sequential_yolo_pose,SM-S906U1,GPU
2026-04-23 00:01:31.835,125.007,29.918,54.941,0.634,1.761,6.693,11.974,0.036,false,20.301,SEVERE,7,180,sequential_yolo_pose,SM-S906U1,GPU
2026-04-23 00:01:31.960,120.793,24.334,55.051,1.078,2.558,11.460,14.240,0.041,false,20.363,SEVERE,7,180,sequential_yolo_pose,SM-S906U1,GPU
2026-04-23 00:01:32.095,128.898,23.398,54.721,1.287,2.597,15.934,14.505,0.038,false,20.422,SEVERE,7,180,sequential_yolo_pose,SM-S906U1,GPU
2026-04-23 00:01:32.220,118.485,26.058,55.001,0.639,1.373,6.615,10.433,0.053,false,20.457,SEVERE,8,180,sequential_yolo_pose,SM-S906U1,GPU
2026-04-23 00:01:32.342,115.450,24.526,52.408,0.581,1.797,6.702,9.837,0.050,false,20.270,SEVERE,8,180,sequential_yolo_pose,SM-S906U1,GPU
2026-04-23 00:01:32.472,124.805,24.588,53.742,0.891,2.440,10.227,15.333,0.064,false,20.363,SEVERE,8,180,sequential_yolo_pose,SM-S906U1,GPU
2026-04-23 00:01:32.591,112.185,23.632,52.529,0.982,3.877,7.112,9.496,0.031,false,20.270,SEVERE,8,180,sequential_yolo_pose,SM-S906U1,GPU
2026-04-23 00:01:32.700,101.334,24.103,57.637,0.632,0.000,0.000,0.000,0.000,true,16.992,SEVERE,8,180,sequential_yolo_pose,SM-S906U1,GPU
2026-04-23 00:01:32.838,130.905,29.681,54.506,1.148,2.686,11.723,12.181,0.049,false,33.938,SEVERE,8,180,sequential_yolo_pose,SM-S906U1,GPU
2026-04-23 00:01:32.951,101.732,28.983,52.736,0.554,0.000,0.000,0.000,0.000,true,16.902,SEVERE,8,180,sequential_yolo_pose,SM-S906U1,GPU
2026-04-23 00:01:33.067,105.952,25.836,53.404,0.938,0.000,0.000,0.000,0.000,true,30.547,SEVERE,8,180,sequential_yolo_pose,SM-S906U1,GPU
2026-04-23 00:01:33.177,101.734,24.765,53.335,0.638,0.000,0.000,0.000,0.000,true,13.867,SEVERE,8,180,sequential_yolo_pose,SM-S906U1,GPU
2026-04-23 00:01:33.316,133.644,24.439,54.573,1.003,3.593,11.257,11.160,0.050,false,20.328,SEVERE,8,180,sequential_yolo_pose,SM-S906U1,GPU
2026-04-23 00:01:33.449,125.887,31.103,53.792,1.204,2.777,6.715,10.186,0.053,false,20.297,SEVERE,8,180,sequential_yolo_pose,SM-S906U1,GPU
2026-04-23 00:01:33.576,121.107,24.492,54.635,1.052,3.219,10.061,11.002,0.047,false,14.492,SEVERE,8,180,sequential_yolo_pose,SM-S906U1,GPU
2026-04-23 00:01:33.698,116.377,24.083,54.659,0.821,1.454,5.453,10.568,0.047,false,21.477,SEVERE,8,180,sequential_yolo_pose,SM-S906U1,GPU
2026-04-23 00:01:33.827,122.408,25.545,54.605,0.896,2.148,8.169,10.467,0.036,false,38.453,SEVERE,8,180,sequential_yolo_pose,SM-S906U1,GPU
2026-04-23 00:01:33.957,118.365,24.382,54.620,0.977,2.276,8.028,9.769,0.047,false,20.359,SEVERE,8,180,sequential_yolo_pose,SM-S906U1,GPU
2026-04-23 00:01:34.096,130.768,24.229,51.448,0.532,2.407,13.108,24.649,0.061,false,20.453,SEVERE,8,180,sequential_yolo_pose,SM-S906U1,GPU
2026-04-23 00:01:34.221,117.470,25.363,53.177,2.073,1.506,5.247,11.279,0.051,false,20.488,SEVERE,8,180,sequential_yolo_pose,SM-S906U1,GPU
2026-04-23 00:01:34.347,115.984,24.676,51.867,0.637,1.592,6.624,9.812,0.050,false,20.270,SEVERE,8,180,sequential_yolo_pose,SM-S906U1,GPU
2026-04-23 00:01:34.482,130.102,29.491,52.551,0.595,2.351,13.611,10.423,0.065,false,20.359,SEVERE,8,180,sequential_yolo_pose,SM-S906U1,GPU
2026-04-23 00:01:34.610,121.561,24.114,57.109,0.583,1.947,10.913,14.899,0.048,false,20.301,SEVERE,8,180,sequential_yolo_pose,SM-S906U1,GPU
2026-04-23 00:01:34.742,126.331,23.397,56.663,0.892,2.965,11.388,10.572,0.052,false,20.301,SEVERE,8,180,sequential_yolo_pose,SM-S906U1,GPU
2026-04-23 00:01:34.864,114.929,26.412,52.064,0.766,1.882,7.065,11.403,0.051,false,20.270,SEVERE,8,180,sequential_yolo_pose,SM-S906U1,GPU
2026-04-23 00:01:34.996,126.031,23.619,58.746,0.690,1.877,10.218,11.939,0.038,false,20.332,SEVERE,8,180,sequential_yolo_pose,SM-S906U1,GPU
2026-04-23 00:01:35.120,115.236,24.855,51.427,0.783,2.236,7.813,10.148,0.048,false,20.363,SEVERE,8,180,sequential_yolo_pose,SM-S906U1,GPU
2026-04-23 00:01:35.249,120.223,27.458,53.286,0.717,1.444,5.386,9.824,0.045,false,20.301,SEVERE,8,180,sequential_yolo_pose,SM-S906U1,GPU
2026-04-23 00:01:35.380,123.308,24.170,52.127,1.221,3.611,12.173,10.339,0.053,false,20.328,SEVERE,8,180,sequential_yolo_pose,SM-S906U1,GPU
2026-04-23 00:01:35.510,124.488,23.902,54.881,1.286,2.939,12.607,10.515,0.048,false,20.332,SEVERE,8,180,sequential_yolo_pose,SM-S906U1,GPU
2026-04-23 00:01:35.632,118.008,22.935,52.894,1.114,1.898,8.666,12.632,0.036,false,20.332,SEVERE,8,180,sequential_yolo_pose,SM-S906U1,GPU
2026-04-23 00:01:35.756,117.381,23.394,56.245,0.720,1.466,5.635,11.634,0.034,false,20.301,SEVERE,8,180,sequential_yolo_pose,SM-S906U1,GPU
2026-04-23 00:01:35.874,111.672,23.705,53.935,0.924,1.921,8.037,11.432,0.048,false,20.395,SEVERE,8,180,sequential_yolo_pose,SM-S906U1,GPU
2026-04-23 00:01:35.995,116.323,24.156,52.768,0.716,1.668,6.315,10.772,0.049,false,20.332,SEVERE,8,180,sequential_yolo_pose,SM-S906U1,GPU
2026-04-23 00:01:36.118,113.913,24.185,53.136,1.205,2.577,8.309,10.166,0.051,false,20.332,SEVERE,8,180,sequential_yolo_pose,SM-S906U1,GPU
2026-04-23 00:01:36.243,119.728,25.732,57.151,0.670,1.638,7.409,9.763,0.050,false,20.457,SEVERE,8,180,sequential_yolo_pose,SM-S906U1,GPU
2026-04-23 00:01:36.365,117.986,26.225,51.181,0.664,1.551,5.514,11.438,0.045,false,20.238,SEVERE,8,180,sequential_yolo_pose,SM-S906U1,GPU
2026-04-23 00:01:36.484,114.128,23.922,54.662,1.043,2.157,7.534,9.915,0.046,false,20.270,SEVERE,8,180,sequential_yolo_pose,SM-S906U1,GPU
2026-04-23 00:01:36.620,129.275,24.622,55.152,1.323,2.091,14.318,11.140,0.031,false,20.391,SEVERE,8,180,sequential_yolo_pose,SM-S906U1,GPU
2026-04-23 00:01:36.737,113.629,24.188,56.119,0.670,1.611,5.749,13.628,0.029,false,20.238,SEVERE,8,180,sequential_yolo_pose,SM-S906U1,GPU
2026-04-23 00:01:36.853,112.296,23.619,53.448,1.148,2.673,9.993,9.805,0.046,false,20.301,SEVERE,8,180,sequential_yolo_pose,SM-S906U1,GPU
2026-04-23 00:01:36.983,122.843,23.920,53.682,1.342,2.749,13.404,10.638,0.036,false,20.359,SEVERE,8,180,sequential_yolo_pose,SM-S906U1,GPU
2026-04-23 00:01:37.106,117.507,24.187,55.338,0.980,3.608,9.539,10.051,0.046,false,20.395,SEVERE,8,180,sequential_yolo_pose,SM-S906U1,GPU
2026-04-23 00:01:37.204,92.132,24.444,50.577,0.319,0.000,0.000,0.000,0.000,true,16.934,SEVERE,8,180,sequential_yolo_pose,SM-S906U1,GPU
2026-04-23 00:01:37.312,102.608,27.035,54.424,0.502,0.000,0.000,0.000,0.000,true,30.649,SEVERE,8,180,sequential_yolo_pose,SM-S906U1,GPU
2026-04-23 00:01:37.436,116.567,34.336,53.205,0.391,0.000,0.000,0.000,0.000,true,18.531,SEVERE,8,180,sequential_yolo_pose,SM-S906U1,GPU
2026-04-23 00:01:37.573,131.119,30.749,53.324,0.983,2.161,9.580,11.337,0.051,false,35.446,SEVERE,8,180,sequential_yolo_pose,SM-S906U1,GPU
2026-04-23 00:01:37.716,137.361,40.884,56.415,0.914,4.297,12.087,10.836,0.060,false,23.195,SEVERE,8,180,sequential_yolo_pose,SM-S906U1,GPU
2026-04-23 00:01:37.855,132.348,24.440,56.507,1.267,2.583,17.537,11.052,0.073,false,40.110,SEVERE,8,180,sequential_yolo_pose,SM-S906U1,GPU
2026-04-23 00:01:37.993,131.195,31.570,53.416,0.858,2.071,7.304,12.392,0.066,false,20.297,SEVERE,8,180,sequential_yolo_pose,SM-S906U1,GPU
2026-04-23 00:01:38.116,115.403,24.621,52.130,1.259,2.559,9.758,10.488,0.059,false,20.395,SEVERE,8,180,sequential_yolo_pose,SM-S906U1,GPU
2026-04-23 00:01:38.248,123.764,23.815,56.965,0.729,1.497,9.921,9.930,0.064,false,20.520,SEVERE,8,180,sequential_yolo_pose,SM-S906U1,GPU
2026-04-23 00:01:38.377,124.248,24.241,53.088,1.037,2.121,10.645,15.772,0.106,false,20.457,SEVERE,8,180,sequential_yolo_pose,SM-S906U1,GPU
2026-04-23 00:01:38.494,111.825,23.137,53.388,1.027,2.407,7.400,12.941,0.047,false,20.328,SEVERE,8,180,sequential_yolo_pose,SM-S906U1,GPU
2026-04-23 00:01:38.622,120.831,24.050,55.490,1.218,4.056,9.092,11.745,0.045,false,20.391,SEVERE,8,180,sequential_yolo_pose,SM-S906U1,GPU
2026-04-23 00:01:38.757,129.485,27.895,52.983,1.204,2.552,15.440,10.912,0.043,false,20.391,SEVERE,8,180,sequential_yolo_pose,SM-S906U1,GPU
2026-04-23 00:01:38.889,124.267,28.760,53.150,1.178,2.783,9.383,11.431,0.057,false,20.301,SEVERE,8,180,sequential_yolo_pose,SM-S906U1,GPU
2026-04-23 00:01:39.025,127.585,25.506,53.154,1.196,2.658,10.436,14.727,0.043,false,20.391,SEVERE,8,180,sequential_yolo_pose,SM-S906U1,GPU
2026-04-23 00:01:39.154,118.438,23.618,52.188,0.900,5.211,9.967,11.124,0.051,false,20.363,SEVERE,8,180,sequential_yolo_pose,SM-S906U1,GPU
2026-04-23 00:01:39.286,125.477,24.180,53.619,3.882,2.795,10.376,10.353,0.049,false,20.418,SEVERE,8,180,sequential_yolo_pose,SM-S906U1,GPU
2026-04-23 00:01:39.419,118.750,29.099,52.804,0.709,1.472,8.007,10.497,0.049,false,20.328,SEVERE,8,180,sequential_yolo_pose,SM-S906U1,GPU
2026-04-23 00:01:39.560,127.992,29.210,53.383,1.361,2.387,9.291,13.482,0.033,false,20.363,SEVERE,8,180,sequential_yolo_pose,SM-S906U1,GPU
2026-04-23 00:01:39.689,119.206,29.101,52.152,0.724,1.828,6.316,11.215,0.032,false,20.238,SEVERE,8,180,sequential_yolo_pose,SM-S906U1,GPU
2026-04-23 00:01:39.819,125.465,24.329,55.214,1.010,4.809,12.098,11.796,0.051,false,20.363,SEVERE,8,180,sequential_yolo_pose,SM-S906U1,GPU
2026-04-23 00:01:39.956,131.465,30.946,54.078,0.895,6.727,9.760,10.529,0.041,false,20.363,SEVERE,8,180,sequential_yolo_pose,SM-S906U1,GPU
2026-04-23 00:01:40.085,121.235,23.771,54.107,2.291,2.652,12.158,9.794,0.049,false,20.359,SEVERE,8,180,sequential_yolo_pose,SM-S906U1,GPU
2026-04-23 00:01:40.220,126.575,26.427,54.539,1.063,2.421,9.674,10.810,0.030,false,20.332,SEVERE,8,180,sequential_yolo_pose,SM-S906U1,GPU
2026-04-23 00:01:40.344,114.405,24.014,54.787,0.813,1.860,8.362,12.324,0.035,false,20.270,SEVERE,7,180,sequential_yolo_pose,SM-S906U1,GPU
2026-04-23 00:01:40.473,124.583,24.169,56.189,0.870,2.354,8.997,14.951,0.061,false,20.328,SEVERE,7,180,sequential_yolo_pose,SM-S906U1,GPU
2026-04-23 00:01:40.596,117.498,23.991,55.380,0.670,1.527,5.503,12.289,0.055,false,20.301,SEVERE,7,180,sequential_yolo_pose,SM-S906U1,GPU
2026-04-23 00:01:40.720,117.105,26.931,52.042,0.762,1.656,6.510,10.544,0.048,false,20.332,SEVERE,7,180,sequential_yolo_pose,SM-S906U1,GPU
2026-04-23 00:01:40.853,125.626,25.350,51.541,0.806,2.918,15.484,10.304,0.050,false,20.328,SEVERE,7,180,sequential_yolo_pose,SM-S906U1,GPU
2026-04-23 00:01:40.984,121.835,27.673,53.393,1.284,2.712,8.370,9.812,0.050,false,20.332,SEVERE,7,180,sequential_yolo_pose,SM-S906U1,GPU
2026-04-23 00:01:41.119,127.358,26.177,53.189,0.898,2.311,13.985,10.420,0.051,false,20.328,SEVERE,7,180,sequential_yolo_pose,SM-S906U1,GPU
2026-04-23 00:01:41.254,130.213,25.728,52.126,0.878,2.961,14.835,11.871,0.033,false,20.328,SEVERE,8,180,sequential_yolo_pose,SM-S906U1,GPU
2026-04-23 00:01:41.385,125.281,28.097,53.294,1.008,2.611,10.565,10.796,0.046,false,20.332,SEVERE,8,180,sequential_yolo_pose,SM-S906U1,GPU
2026-04-23 00:01:41.513,122.741,24.072,55.631,1.221,2.817,14.105,10.883,0.045,false,20.363,SEVERE,8,180,sequential_yolo_pose,SM-S906U1,GPU
2026-04-23 00:01:41.640,122.963,24.439,54.232,0.741,1.844,6.589,13.514,0.080,false,20.332,SEVERE,8,180,sequential_yolo_pose,SM-S906U1,GPU
2026-04-23 00:01:41.756,111.981,24.087,51.952,0.577,1.576,5.570,10.037,0.053,false,20.270,SEVERE,8,180,sequential_yolo_pose,SM-S906U1,GPU
2026-04-23 00:01:41.889,126.571,27.762,55.173,0.849,4.296,9.595,10.803,0.048,false,20.328,SEVERE,8,180,sequential_yolo_pose,SM-S906U1,GPU
2026-04-23 00:01:42.020,122.763,24.632,52.300,1.078,2.527,10.753,13.838,0.050,false,20.297,SEVERE,8,180,sequential_yolo_pose,SM-S906U1,GPU
2026-04-23 00:01:42.156,123.162,35.207,52.213,0.535,1.511,5.470,10.611,0.043,false,20.363,SEVERE,8,180,sequential_yolo_pose,SM-S906U1,GPU
2026-04-23 00:01:42.278,112.214,24.576,52.593,0.686,2.316,9.334,11.012,0.068,false,20.359,SEVERE,8,180,sequential_yolo_pose,SM-S906U1,GPU
2026-04-23 00:01:42.406,121.899,24.150,57.032,0.743,1.807,7.203,15.656,0.056,false,20.332,SEVERE,8,180,sequential_yolo_pose,SM-S906U1,GPU
2026-04-23 00:01:42.536,124.814,25.847,52.392,0.984,2.325,8.987,17.444,0.067,false,20.328,SEVERE,8,180,sequential_yolo_pose,SM-S906U1,GPU
2026-04-23 00:01:42.655,113.580,24.674,52.187,0.661,1.640,6.422,10.450,0.049,false,20.328,SEVERE,8,180,sequential_yolo_pose,SM-S906U1,GPU
2026-04-23 00:01:42.787,123.324,24.117,53.009,0.855,3.046,8.794,11.397,0.048,false,20.328,SEVERE,8,180,sequential_yolo_pose,SM-S906U1,GPU
2026-04-23 00:01:42.915,121.541,24.062,52.377,1.093,3.621,10.969,9.901,0.052,false,20.328,SEVERE,8,180,sequential_yolo_pose,SM-S906U1,GPU
2026-04-23 00:01:43.039,118.984,24.012,51.795,0.631,1.342,8.640,13.974,0.048,false,20.328,SEVERE,8,180,sequential_yolo_pose,SM-S906U1,GPU
2026-04-23 00:01:43.168,122.287,24.548,53.218,0.854,2.145,7.754,11.911,0.044,false,20.328,SEVERE,8,180,sequential_yolo_pose,SM-S906U1,GPU
2026-04-23 00:01:43.285,107.854,24.600,54.328,0.422,0.938,4.345,9.824,0.046,false,20.332,SEVERE,8,180,sequential_yolo_pose,SM-S906U1,GPU
2026-04-23 00:01:43.412,121.869,24.498,54.918,1.006,7.089,6.412,9.861,0.050,false,20.379,SEVERE,8,180,sequential_yolo_pose,SM-S906U1,GPU
2026-04-23 00:01:43.537,119.304,26.701,51.259,0.827,2.299,6.801,10.936,0.050,false,20.328,SEVERE,8,180,sequential_yolo_pose,SM-S906U1,GPU
2026-04-23 00:01:43.666,124.774,26.010,52.710,1.061,1.939,7.912,16.469,0.036,false,20.359,SEVERE,8,180,sequential_yolo_pose,SM-S906U1,GPU
2026-04-23 00:01:43.784,113.453,23.563,54.042,1.121,2.713,10.542,9.797,0.047,false,20.297,SEVERE,8,180,sequential_yolo_pose,SM-S906U1,GPU
2026-04-23 00:01:43.909,119.241,24.647,53.772,0.621,1.533,7.917,9.653,0.056,false,14.461,SEVERE,8,180,sequential_yolo_pose,SM-S906U1,GPU
2026-04-23 00:01:44.045,130.789,26.147,52.354,1.093,2.515,10.466,17.856,0.043,false,21.508,SEVERE,8,180,sequential_yolo_pose,SM-S906U1,GPU
2026-04-23 00:01:44.182,132.632,26.970,53.336,1.358,3.373,14.993,9.981,0.034,false,38.516,SEVERE,8,180,sequential_yolo_pose,SM-S906U1,GPU
2026-04-23 00:01:44.319,116.699,29.089,51.245,0.759,1.510,5.891,10.709,0.055,false,20.383,SEVERE,8,180,sequential_yolo_pose,SM-S906U1,GPU
2026-04-23 00:01:44.446,120.784,23.399,51.686,0.820,1.802,8.679,13.898,0.049,false,20.363,SEVERE,8,180,sequential_yolo_pose,SM-S906U1,GPU
2026-04-23 00:01:44.580,129.865,24.890,55.658,0.648,1.581,11.305,16.739,0.046,false,20.363,SEVERE,8,180,sequential_yolo_pose,SM-S906U1,GPU
2026-04-23 00:01:44.705,119.903,23.635,54.173,0.828,2.207,8.317,12.164,0.032,false,20.363,SEVERE,8,180,sequential_yolo_pose,SM-S906U1,GPU
2026-04-23 00:01:44.823,113.660,24.471,54.499,0.793,2.339,7.309,10.649,0.048,false,20.301,SEVERE,8,180,sequential_yolo_pose,SM-S906U1,GPU
2026-04-23 00:01:44.946,114.458,27.992,52.075,0.465,1.033,4.130,9.772,0.057,false,20.207,SEVERE,8,180,sequential_yolo_pose,SM-S906U1,GPU
2026-04-23 00:01:45.075,124.060,23.874,53.718,0.948,2.102,10.108,13.080,0.056,false,20.395,SEVERE,8,180,sequential_yolo_pose,SM-S906U1,GPU
2026-04-23 00:01:45.193,113.063,25.059,53.427,0.714,1.451,5.756,11.311,0.040,false,20.332,SEVERE,8,180,sequential_yolo_pose,SM-S906U1,GPU
2026-04-23 00:01:45.322,119.333,25.808,56.206,1.015,1.989,5.494,10.891,0.044,false,20.422,SEVERE,8,180,sequential_yolo_pose,SM-S906U1,GPU
2026-04-23 00:01:45.446,118.714,24.404,53.746,0.683,1.815,9.008,13.764,0.045,false,20.332,SEVERE,8,180,sequential_yolo_pose,SM-S906U1,GPU
2026-04-23 00:01:45.564,111.634,23.321,52.294,0.894,2.308,7.803,11.069,0.037,false,20.328,SEVERE,8,180,sequential_yolo_pose,SM-S906U1,GPU
2026-04-23 00:01:45.686,114.527,24.101,51.656,1.245,2.445,9.121,10.184,0.115,false,20.301,SEVERE,8,180,sequential_yolo_pose,SM-S906U1,GPU
2026-04-23 00:01:45.827,133.634,28.524,53.479,1.152,8.450,13.384,10.613,0.059,false,20.359,SEVERE,8,180,sequential_yolo_pose,SM-S906U1,GPU
2026-04-23 00:01:45.956,123.580,26.860,52.402,0.915,2.326,10.087,11.773,0.046,false,20.270,SEVERE,8,180,sequential_yolo_pose,SM-S906U1,GPU
2026-04-23 00:01:46.094,131.601,24.610,54.236,1.111,3.847,15.530,13.519,0.051,false,20.363,SEVERE,8,180,sequential_yolo_pose,SM-S906U1,GPU
2026-04-23 00:01:46.222,123.609,28.327,54.029,1.208,1.824,9.712,11.027,0.033,false,20.301,SEVERE,8,180,sequential_yolo_pose,SM-S906U1,GPU
2026-04-23 00:01:46.347,114.644,24.402,54.916,0.543,1.475,7.483,11.290,0.057,false,20.496,SEVERE,8,180,sequential_yolo_pose,SM-S906U1,GPU
2026-04-23 00:01:46.473,121.822,26.290,52.337,0.706,1.735,7.482,12.368,0.044,false,20.270,SEVERE,8,180,sequential_yolo_pose,SM-S906U1,GPU
2026-04-23 00:01:46.594,116.718,24.550,55.232,0.795,1.843,6.928,11.469,0.052,false,20.363,SEVERE,8,180,sequential_yolo_pose,SM-S906U1,GPU
2026-04-23 00:01:46.721,116.040,24.116,52.879,0.745,3.725,8.786,10.156,0.048,false,20.234,SEVERE,8,180,sequential_yolo_pose,SM-S906U1,GPU
2026-04-23 00:01:46.854,124.688,24.994,53.768,1.445,5.669,8.774,10.740,0.033,false,20.363,SEVERE,8,180,sequential_yolo_pose,SM-S906U1,GPU
2026-04-23 00:01:46.981,119.635,24.090,51.948,1.200,3.231,9.766,10.742,0.050,false,20.359,SEVERE,8,180,sequential_yolo_pose,SM-S906U1,GPU
2026-04-23 00:01:47.110,123.938,26.234,52.767,0.748,2.539,7.497,12.318,0.053,false,20.328,SEVERE,8,180,sequential_yolo_pose,SM-S906U1,GPU
2026-04-23 00:01:47.233,118.077,24.780,53.266,0.752,2.039,7.756,13.097,0.040,false,20.297,SEVERE,8,180,sequential_yolo_pose,SM-S906U1,GPU
2026-04-23 00:01:47.356,118.565,27.748,54.407,0.578,1.412,5.478,10.795,0.042,false,20.363,SEVERE,8,180,sequential_yolo_pose,SM-S906U1,GPU
2026-04-23 00:01:47.489,127.765,29.952,51.934,0.992,2.308,12.227,11.592,0.043,false,20.363,SEVERE,8,180,sequential_yolo_pose,SM-S906U1,GPU
2026-04-23 00:01:47.626,121.237,27.050,54.983,1.153,2.148,5.396,11.758,0.047,false,20.270,SEVERE,8,180,sequential_yolo_pose,SM-S906U1,GPU
2026-04-23 00:01:47.751,120.366,24.090,56.164,1.111,8.097,7.673,10.743,0.048,false,14.527,SEVERE,8,180,sequential_yolo_pose,SM-S906U1,GPU
2026-04-23 00:01:47.881,125.004,25.436,52.276,1.235,6.306,7.398,11.981,0.045,false,21.570,SEVERE,8,180,sequential_yolo_pose,SM-S906U1,GPU
2026-04-23 00:01:48.008,121.946,23.125,51.805,1.175,3.095,9.704,12.436,0.035,false,38.578,SEVERE,8,180,sequential_yolo_pose,SM-S906U1,GPU
2026-04-23 00:01:48.136,123.803,24.196,52.449,0.998,2.311,8.942,13.053,0.064,false,20.391,SEVERE,8,180,sequential_yolo_pose,SM-S906U1,GPU
2026-04-23 00:01:48.258,115.961,24.134,56.071,0.648,1.437,5.452,10.454,0.045,false,20.270,SEVERE,8,180,sequential_yolo_pose,SM-S906U1,GPU
2026-04-23 00:01:48.380,113.838,23.991,53.451,0.824,1.605,8.416,12.861,0.054,false,20.383,SEVERE,8,180,sequential_yolo_pose,SM-S906U1,GPU
2026-04-23 00:01:48.509,124.295,27.119,52.198,0.964,2.380,8.838,14.286,0.049,false,20.359,SEVERE,8,180,sequential_yolo_pose,SM-S906U1,GPU
2026-04-23 00:01:48.628,114.497,23.077,53.781,0.634,1.452,5.400,12.061,0.048,false,20.301,SEVERE,8,180,sequential_yolo_pose,SM-S906U1,GPU
2026-04-23 00:01:48.753,119.187,24.441,53.022,0.790,2.714,8.674,10.587,0.056,false,20.332,SEVERE,8,180,sequential_yolo_pose,SM-S906U1,GPU
2026-04-23 00:01:48.883,121.537,23.014,55.414,1.116,4.621,10.675,10.039,0.048,false,20.359,SEVERE,8,180,sequential_yolo_pose,SM-S906U1,GPU
2026-04-23 00:01:48.996,106.375,23.329,53.050,0.690,1.377,5.657,10.951,0.050,false,20.297,SEVERE,8,180,sequential_yolo_pose,SM-S906U1,GPU
2026-04-23 00:01:49.124,120.317,23.906,52.610,0.977,3.337,10.199,11.696,0.059,false,20.359,SEVERE,8,180,sequential_yolo_pose,SM-S906U1,GPU
2026-04-23 00:01:49.256,123.365,23.455,56.861,1.137,2.637,11.161,11.440,0.045,false,20.359,SEVERE,8,180,sequential_yolo_pose,SM-S906U1,GPU
2026-04-23 00:01:49.373,108.922,23.884,55.311,1.090,1.468,5.532,10.629,0.040,false,20.363,SEVERE,8,180,sequential_yolo_pose,SM-S906U1,GPU
2026-04-23 00:01:49.493,115.595,23.407,56.386,0.638,1.905,8.346,13.281,0.049,false,20.395,SEVERE,8,180,sequential_yolo_pose,SM-S906U1,GPU
2026-04-23 00:01:49.635,123.824,23.716,52.394,1.285,2.735,8.749,13.893,0.044,false,20.332,SEVERE,8,180,sequential_yolo_pose,SM-S906U1,GPU
2026-04-23 00:01:49.761,121.498,26.128,54.250,0.855,1.677,7.866,13.146,0.046,false,20.270,SEVERE,8,180,sequential_yolo_pose,SM-S906U1,GPU
2026-04-23 00:01:49.887,119.199,26.154,52.581,0.839,2.008,7.760,11.831,0.053,false,20.328,SEVERE,8,180,sequential_yolo_pose,SM-S906U1,GPU
2026-04-23 00:01:50.005,109.172,23.348,51.772,0.770,1.801,6.428,10.362,0.064,false,20.297,SEVERE,8,180,sequential_yolo_pose,SM-S906U1,GPU
2026-04-23 00:01:50.143,132.574,24.692,61.140,0.618,2.039,13.245,11.485,0.042,false,20.363,SEVERE,8,180,sequential_yolo_pose,SM-S906U1,GPU
2026-04-23 00:01:50.278,129.695,23.926,53.317,0.644,2.709,17.503,10.278,0.051,false,20.332,SEVERE,8,180,sequential_yolo_pose,SM-S906U1,GPU
2026-04-23 00:01:50.410,126.743,24.461,54.139,0.967,2.397,14.105,10.350,0.051,false,20.367,SEVERE,8,180,sequential_yolo_pose,SM-S906U1,GPU
2026-04-23 00:01:50.532,117.479,24.472,52.957,0.687,1.564,5.741,14.567,0.046,false,20.332,SEVERE,8,180,sequential_yolo_pose,SM-S906U1,GPU
2026-04-23 00:01:50.659,120.246,23.766,55.069,0.824,1.882,10.399,10.429,0.038,false,20.359,SEVERE,8,180,sequential_yolo_pose,SM-S906U1,GPU
2026-04-23 00:01:50.785,121.827,25.281,55.693,1.068,3.559,7.404,10.070,0.049,false,20.359,SEVERE,8,180,sequential_yolo_pose,SM-S906U1,GPU
2026-04-23 00:01:50.922,127.839,28.234,55.010,1.007,3.424,8.232,13.084,0.053,false,20.391,SEVERE,8,180,sequential_yolo_pose,SM-S906U1,GPU
2026-04-23 00:01:51.042,110.300,23.552,51.838,0.457,1.533,7.520,14.094,0.028,false,20.359,SEVERE,8,180,sequential_yolo_pose,SM-S906U1,GPU
2026-04-23 00:01:51.156,110.105,24.523,55.260,0.776,1.439,5.837,10.595,0.038,false,20.422,SEVERE,8,180,sequential_yolo_pose,SM-S906U1,GPU
2026-04-23 00:01:51.276,113.969,23.959,54.747,0.445,1.543,10.856,10.728,0.043,false,20.328,SEVERE,8,180,sequential_yolo_pose,SM-S906U1,GPU
2026-04-23 00:01:51.400,119.161,26.069,55.837,0.526,1.457,5.762,12.168,0.034,false,20.457,SEVERE,8,180,sequential_yolo_pose,SM-S906U1,GPU
2026-04-23 00:01:51.512,108.663,23.260,53.920,0.787,2.188,7.015,10.577,0.058,false,20.270,SEVERE,8,180,sequential_yolo_pose,SM-S906U1,GPU
2026-04-23 00:01:51.634,117.140,25.265,56.173,0.681,2.147,3.913,11.155,0.040,false,20.332,SEVERE,8,180,sequential_yolo_pose,SM-S906U1,GPU
2026-04-23 00:01:51.750,111.632,23.316,54.520,0.878,2.402,7.596,10.423,0.041,false,20.332,SEVERE,8,180,sequential_yolo_pose,SM-S906U1,GPU
2026-04-23 00:01:51.877,122.212,27.350,55.795,0.645,2.192,6.411,10.947,0.046,false,20.359,SEVERE,8,180,sequential_yolo_pose,SM-S906U1,GPU
2026-04-23 00:01:52.006,122.987,24.651,57.101,0.672,1.960,8.991,9.398,0.054,false,20.332,SEVERE,8,180,sequential_yolo_pose,SM-S906U1,GPU
2026-04-23 00:01:52.102,91.456,23.999,52.013,0.446,0.000,0.000,0.000,0.000,true,16.906,SEVERE,8,180,sequential_yolo_pose,SM-S906U1,GPU
2026-04-23 00:01:52.204,97.211,24.150,55.773,0.199,0.000,0.000,0.000,0.000,true,30.582,SEVERE,8,180,sequential_yolo_pose,SM-S906U1,GPU
2026-04-23 00:01:52.313,104.152,28.786,52.822,0.746,0.000,0.000,0.000,0.000,true,13.840,SEVERE,8,180,sequential_yolo_pose,SM-S906U1,GPU
2026-04-23 00:01:52.426,105.909,24.235,54.036,0.823,0.000,0.000,0.000,0.000,true,16.898,SEVERE,9,180,sequential_yolo_pose,SM-S906U1,GPU
2026-04-23 00:01:52.565,127.367,25.255,53.824,0.532,1.909,8.041,16.004,0.050,false,33.906,SEVERE,9,180,sequential_yolo_pose,SM-S906U1,GPU
2026-04-23 00:01:52.705,132.993,28.926,53.642,0.826,2.746,12.161,14.610,0.040,false,20.391,SEVERE,9,180,sequential_yolo_pose,SM-S906U1,GPU
2026-04-23 00:01:52.826,117.305,24.178,55.016,1.276,2.898,7.739,12.480,0.042,false,20.332,SEVERE,9,180,sequential_yolo_pose,SM-S906U1,GPU
2026-04-23 00:01:52.963,123.295,24.362,53.286,0.984,2.210,9.168,15.262,0.059,false,20.332,SEVERE,9,180,sequential_yolo_pose,SM-S906U1,GPU
2026-04-23 00:01:53.060,89.910,24.481,52.048,0.820,0.000,0.000,0.000,0.000,true,16.996,SEVERE,9,180,sequential_yolo_pose,SM-S906U1,GPU
2026-04-23 00:01:53.199,131.289,34.398,54.665,0.996,2.049,8.361,10.567,0.034,false,33.973,SEVERE,9,180,sequential_yolo_pose,SM-S906U1,GPU
2026-04-23 00:01:53.338,132.235,25.936,55.494,1.101,2.655,9.894,16.249,0.031,false,20.426,SEVERE,9,180,sequential_yolo_pose,SM-S906U1,GPU
2026-04-23 00:01:53.458,114.843,24.357,53.533,0.816,1.848,7.390,10.888,0.052,false,20.332,SEVERE,8,180,sequential_yolo_pose,SM-S906U1,GPU
2026-04-23 00:01:53.588,119.402,27.215,52.330,0.892,2.138,6.809,10.043,0.048,false,20.332,SEVERE,8,180,sequential_yolo_pose,SM-S906U1,GPU
2026-04-23 00:01:53.719,123.397,23.996,53.648,1.439,3.561,10.407,11.140,0.044,false,20.328,SEVERE,8,180,sequential_yolo_pose,SM-S906U1,GPU
2026-04-23 00:01:53.850,122.171,24.445,52.992,1.051,4.039,13.418,10.048,0.044,false,20.363,SEVERE,8,180,sequential_yolo_pose,SM-S906U1,GPU
2026-04-23 00:01:53.971,113.719,24.511,52.794,0.709,1.642,5.820,10.871,0.043,false,14.434,SEVERE,8,180,sequential_yolo_pose,SM-S906U1,GPU
2026-04-23 00:01:54.105,129.498,28.619,56.455,0.839,1.903,7.281,12.984,0.046,false,21.473,SEVERE,8,180,sequential_yolo_pose,SM-S906U1,GPU
2026-04-23 00:01:54.235,124.924,24.935,54.231,1.137,2.264,9.614,12.125,0.035,false,14.238,SEVERE,8,180,sequential_yolo_pose,SM-S906U1,GPU
2026-04-23 00:01:54.357,111.003,24.158,55.232,0.934,1.583,5.810,10.619,0.033,false,20.356,SEVERE,8,180,sequential_yolo_pose,SM-S906U1,GPU
2026-04-23 00:01:54.471,107.823,25.468,52.315,0.881,1.453,6.359,9.773,0.046,false,14.465,SEVERE,8,180,sequential_yolo_pose,SM-S906U1,GPU
2026-04-23 00:01:54.596,119.099,24.046,56.670,0.920,2.969,6.266,12.759,0.050,false,21.527,SEVERE,8,180,sequential_yolo_pose,SM-S906U1,GPU
2026-04-23 00:01:54.731,128.277,26.358,56.842,1.188,2.118,8.444,14.779,0.049,false,38.410,SEVERE,8,180,sequential_yolo_pose,SM-S906U1,GPU
2026-04-23 00:01:54.879,134.394,27.191,53.305,0.805,1.815,11.267,10.928,0.033,false,20.328,SEVERE,8,180,sequential_yolo_pose,SM-S906U1,GPU
2026-04-23 00:01:55.015,131.417,25.959,55.988,1.233,2.873,14.147,10.077,0.037,false,20.359,SEVERE,8,180,sequential_yolo_pose,SM-S906U1,GPU
2026-04-23 00:01:55.125,102.560,30.345,53.768,0.454,0.000,0.000,0.000,0.000,true,16.969,SEVERE,8,180,sequential_yolo_pose,SM-S906U1,GPU
2026-04-23 00:01:55.229,98.632,26.505,53.412,1.029,0.000,0.000,0.000,0.000,true,30.551,SEVERE,8,180,sequential_yolo_pose,SM-S906U1,GPU
2026-04-23 00:01:55.346,108.173,26.721,59.690,0.535,0.000,0.000,0.000,0.000,true,13.926,SEVERE,8,180,sequential_yolo_pose,SM-S906U1,GPU
2026-04-23 00:01:55.452,96.101,24.041,57.395,0.813,0.000,0.000,0.000,0.000,true,16.965,SEVERE,8,180,sequential_yolo_pose,SM-S906U1,GPU
2026-04-23 00:01:55.564,96.101,26.856,51.872,0.576,0.000,0.000,0.000,0.000,true,30.547,SEVERE,8,180,sequential_yolo_pose,SM-S906U1,GPU
2026-04-23 00:01:55.677,106.531,31.950,53.157,0.542,0.000,0.000,0.000,0.000,true,13.840,SEVERE,8,180,sequential_yolo_pose,SM-S906U1,GPU
2026-04-23 00:01:55.781,100.012,29.132,52.810,0.560,0.000,0.000,0.000,0.000,true,16.867,SEVERE,8,180,sequential_yolo_pose,SM-S906U1,GPU
2026-04-23 00:01:55.880,94.403,23.612,51.116,0.999,0.000,0.000,0.000,0.000,true,30.512,SEVERE,8,180,sequential_yolo_pose,SM-S906U1,GPU
2026-04-23 00:01:56.009,122.011,37.705,53.392,0.766,0.000,0.000,0.000,0.000,true,18.531,SEVERE,8,180,sequential_yolo_pose,SM-S906U1,GPU
2026-04-23 00:01:56.121,106.099,28.943,53.159,0.874,0.000,0.000,0.000,0.000,true,32.113,SEVERE,8,180,sequential_yolo_pose,SM-S906U1,GPU
2026-04-23 00:01:56.256,125.473,28.912,52.559,0.553,0.000,0.000,0.000,0.000,true,18.016,SEVERE,8,180,sequential_yolo_pose,SM-S906U1,GPU
2026-04-23 00:01:56.369,106.236,30.523,56.028,0.690,0.000,0.000,0.000,0.000,true,31.754,SEVERE,8,180,sequential_yolo_pose,SM-S906U1,GPU
2026-04-23 00:01:56.485,110.571,27.060,58.322,1.723,0.000,0.000,0.000,0.000,true,13.512,SEVERE,9,180,sequential_yolo_pose,SM-S906U1,GPU
2026-04-23 00:01:56.599,105.044,28.129,53.126,0.598,0.000,0.000,0.000,0.000,true,16.930,SEVERE,9,180,sequential_yolo_pose,SM-S906U1,GPU
2026-04-23 00:01:56.703,97.596,24.465,54.433,1.016,0.000,0.000,0.000,0.000,true,30.543,SEVERE,9,180,sequential_yolo_pose,SM-S906U1,GPU
2026-04-23 00:01:56.811,102.699,31.696,52.113,0.506,0.000,0.000,0.000,0.000,true,18.562,SEVERE,9,180,sequential_yolo_pose,SM-S906U1,GPU
2026-04-23 00:01:56.937,121.205,27.519,55.284,0.651,2.046,6.810,11.263,0.044,false,35.508,SEVERE,9,180,sequential_yolo_pose,SM-S906U1,GPU
2026-04-23 00:01:57.076,132.989,27.556,60.015,0.767,1.647,9.050,17.074,0.032,false,17.293,SEVERE,9,180,sequential_yolo_pose,SM-S906U1,GPU
2026-04-23 00:01:57.201,118.664,28.094,52.747,0.663,1.545,6.037,11.198,0.031,false,20.363,SEVERE,9,180,sequential_yolo_pose,SM-S906U1,GPU
2026-04-23 00:01:57.327,119.841,24.255,56.232,0.672,1.755,5.891,11.249,0.046,false,20.301,SEVERE,9,180,sequential_yolo_pose,SM-S906U1,GPU
2026-04-23 00:01:57.446,112.714,23.860,57.223,0.759,1.959,5.624,10.457,0.032,false,20.457,SEVERE,8,180,sequential_yolo_pose,SM-S906U1,GPU
2026-04-23 00:01:57.576,125.355,24.259,55.695,0.971,2.114,11.811,11.314,0.039,false,20.332,SEVERE,8,180,sequential_yolo_pose,SM-S906U1,GPU
2026-04-23 00:01:57.704,123.087,24.639,56.843,1.007,1.990,8.527,11.603,0.040,false,20.332,SEVERE,8,180,sequential_yolo_pose,SM-S906U1,GPU
2026-04-23 00:01:57.842,131.363,30.030,52.798,0.754,1.521,9.092,18.185,0.042,false,20.363,SEVERE,8,180,sequential_yolo_pose,SM-S906U1,GPU
2026-04-23 00:01:57.972,124.583,24.094,56.613,0.980,2.151,9.163,12.390,0.048,false,20.363,SEVERE,8,180,sequential_yolo_pose,SM-S906U1,GPU
2026-04-23 00:01:58.099,121.335,24.306,55.342,0.860,1.972,7.609,13.088,0.048,false,20.332,SEVERE,8,180,sequential_yolo_pose,SM-S906U1,GPU
2026-04-23 00:01:58.226,121.382,29.594,52.796,0.756,1.825,6.606,10.763,0.050,false,20.270,SEVERE,8,180,sequential_yolo_pose,SM-S906U1,GPU
2026-04-23 00:01:58.356,124.705,24.563,54.906,1.010,5.478,9.782,11.358,0.046,false,20.359,SEVERE,8,180,sequential_yolo_pose,SM-S906U1,GPU
2026-04-23 00:01:58.486,121.907,23.914,54.049,1.137,3.142,10.293,10.234,0.052,false,20.449,SEVERE,8,180,sequential_yolo_pose,SM-S906U1,GPU
2026-04-23 00:01:58.611,120.655,24.398,52.309,1.215,3.068,9.888,10.337,0.047,false,20.266,SEVERE,8,180,sequential_yolo_pose,SM-S906U1,GPU
2026-04-23 00:01:58.737,120.245,25.240,51.761,0.737,2.002,7.842,10.727,0.034,false,20.297,SEVERE,8,180,sequential_yolo_pose,SM-S906U1,GPU
2026-04-23 00:01:58.866,121.301,24.326,53.880,0.674,1.487,7.144,11.208,0.044,false,20.301,SEVERE,8,180,sequential_yolo_pose,SM-S906U1,GPU
2026-04-23 00:01:58.978,106.839,24.591,53.944,0.569,1.113,4.724,9.210,0.050,false,20.297,SEVERE,8,180,sequential_yolo_pose,SM-S906U1,GPU
2026-04-23 00:01:59.112,129.211,24.084,53.241,1.158,2.574,16.390,11.573,0.048,false,20.359,SEVERE,8,180,sequential_yolo_pose,SM-S906U1,GPU
2026-04-23 00:01:59.241,122.761,24.584,54.855,0.863,2.181,8.234,15.364,0.039,false,20.395,SEVERE,8,180,sequential_yolo_pose,SM-S906U1,GPU
2026-04-23 00:01:59.362,115.771,24.230,55.903,0.632,1.476,5.560,11.444,0.052,false,20.266,SEVERE,8,180,sequential_yolo_pose,SM-S906U1,GPU
2026-04-23 00:01:59.490,120.882,26.086,55.364,0.642,1.821,6.554,12.091,0.048,false,20.426,SEVERE,8,180,sequential_yolo_pose,SM-S906U1,GPU
2026-04-23 00:01:59.634,128.428,27.449,52.569,0.913,2.242,8.869,13.146,0.050,false,20.301,SEVERE,8,180,sequential_yolo_pose,SM-S906U1,GPU
2026-04-23 00:01:59.736,97.951,24.799,54.541,0.478,0.000,0.000,0.000,0.000,true,16.906,SEVERE,8,180,sequential_yolo_pose,SM-S906U1,GPU
2026-04-23 00:01:59.850,106.971,25.872,52.334,1.060,0.000,0.000,0.000,0.000,true,30.551,SEVERE,8,180,sequential_yolo_pose,SM-S906U1,GPU
2026-04-23 00:01:59.968,104.196,27.858,53.635,0.901,0.000,0.000,0.000,0.000,true,13.871,SEVERE,8,180,sequential_yolo_pose,SM-S906U1,GPU
2026-04-23 00:02:00.083,107.072,27.112,55.809,0.565,0.000,0.000,0.000,0.000,true,16.961,SEVERE,8,180,sequential_yolo_pose,SM-S906U1,GPU
2026-04-23 00:02:00.186,98.952,24.540,52.559,0.700,0.000,0.000,0.000,0.000,true,30.543,SEVERE,8,180,sequential_yolo_pose,SM-S906U1,GPU
2026-04-23 00:02:00.296,104.393,25.895,54.214,0.932,0.000,0.000,0.000,0.000,true,13.473,SEVERE,8,180,sequential_yolo_pose,SM-S906U1,GPU
2026-04-23 00:02:00.404,101.197,29.165,53.540,0.871,0.000,0.000,0.000,0.000,true,16.898,SEVERE,8,180,sequential_yolo_pose,SM-S906U1,GPU
2026-04-23 00:02:00.507,96.595,24.825,53.601,0.499,0.000,0.000,0.000,0.000,true,30.574,SEVERE,9,180,sequential_yolo_pose,SM-S906U1,GPU
2026-04-23 00:02:00.614,102.045,28.731,53.195,0.547,0.000,0.000,0.000,0.000,true,18.500,SEVERE,9,180,sequential_yolo_pose,SM-S906U1,GPU
2026-04-23 00:02:00.727,107.058,30.591,52.667,0.516,0.000,0.000,0.000,0.000,true,32.113,SEVERE,9,180,sequential_yolo_pose,SM-S906U1,GPU
2026-04-23 00:02:00.839,101.826,27.609,52.583,0.893,0.000,0.000,0.000,0.000,true,13.449,SEVERE,9,180,sequential_yolo_pose,SM-S906U1,GPU
2026-04-23 00:02:00.952,106.509,28.443,52.106,0.536,0.000,0.000,0.000,0.000,true,16.930,SEVERE,9,180,sequential_yolo_pose,SM-S906U1,GPU
2026-04-23 00:02:01.078,114.534,31.896,52.980,1.038,0.000,0.000,0.000,0.000,true,30.512,SEVERE,9,180,sequential_yolo_pose,SM-S906U1,GPU
2026-04-23 00:02:01.200,114.407,32.600,52.615,0.733,0.000,0.000,0.000,0.000,true,13.480,SEVERE,9,180,sequential_yolo_pose,SM-S906U1,GPU
2026-04-23 00:02:01.310,103.787,30.047,52.615,0.741,0.000,0.000,0.000,0.000,true,16.898,SEVERE,9,180,sequential_yolo_pose,SM-S906U1,GPU
2026-04-23 00:02:01.419,102.701,24.257,54.562,0.875,0.000,0.000,0.000,0.000,true,30.512,SEVERE,9,180,sequential_yolo_pose,SM-S906U1,GPU
2026-04-23 00:02:01.538,109.341,26.184,53.167,0.835,0.000,0.000,0.000,0.000,true,13.844,SEVERE,9,180,sequential_yolo_pose,SM-S906U1,GPU
2026-04-23 00:02:01.676,131.128,28.025,52.841,0.681,1.534,6.875,14.590,0.047,false,20.293,SEVERE,9,180,sequential_yolo_pose,SM-S906U1,GPU
2026-04-23 00:02:01.781,99.389,26.293,52.464,0.414,0.000,0.000,0.000,0.000,true,16.937,SEVERE,9,180,sequential_yolo_pose,SM-S906U1,GPU
2026-04-23 00:02:01.895,107.563,27.603,56.125,0.530,0.000,0.000,0.000,0.000,true,30.551,SEVERE,9,180,sequential_yolo_pose,SM-S906U1,GPU
2026-04-23 00:02:02.037,132.338,27.400,53.133,1.225,4.014,10.832,12.909,0.040,false,17.266,SEVERE,9,180,sequential_yolo_pose,SM-S906U1,GPU
2026-04-23 00:02:02.164,122.445,25.422,52.743,0.943,3.425,9.812,11.778,0.043,false,20.332,SEVERE,9,180,sequential_yolo_pose,SM-S906U1,GPU
2026-04-23 00:02:02.289,120.289,24.047,58.029,0.823,2.452,6.704,10.826,0.037,false,20.359,SEVERE,9,180,sequential_yolo_pose,SM-S906U1,GPU
2026-04-23 00:02:02.420,125.049,27.579,52.891,1.229,3.104,9.544,10.980,0.046,false,20.301,SEVERE,9,180,sequential_yolo_pose,SM-S906U1,GPU
2026-04-23 00:02:02.552,120.444,24.296,53.376,2.195,4.145,11.070,10.214,0.044,false,20.301,SEVERE,8,180,sequential_yolo_pose,SM-S906U1,GPU
2026-04-23 00:02:02.687,127.107,25.117,53.310,1.348,4.263,11.804,11.827,0.032,false,20.301,SEVERE,8,180,sequential_yolo_pose,SM-S906U1,GPU
2026-04-23 00:02:02.813,115.010,25.609,53.639,0.708,3.573,8.729,10.570,0.021,false,20.301,SEVERE,8,180,sequential_yolo_pose,SM-S906U1,GPU
2026-04-23 00:02:02.930,112.883,23.599,54.528,0.942,3.145,8.017,11.480,0.053,false,20.332,SEVERE,8,180,sequential_yolo_pose,SM-S906U1,GPU
2026-04-23 00:02:03.063,125.768,27.264,55.463,0.672,2.631,7.704,10.750,0.064,false,20.332,SEVERE,8,180,sequential_yolo_pose,SM-S906U1,GPU
2026-04-23 00:02:03.188,116.690,25.044,52.690,0.828,4.942,7.263,10.182,0.118,false,20.328,SEVERE,8,180,sequential_yolo_pose,SM-S906U1,GPU
2026-04-23 00:02:03.322,123.049,25.127,51.523,2.310,6.291,5.524,10.120,0.045,false,20.270,SEVERE,8,180,sequential_yolo_pose,SM-S906U1,GPU
2026-04-23 00:02:03.458,128.883,29.551,52.833,1.179,5.831,6.370,13.621,0.049,false,20.363,SEVERE,7,180,sequential_yolo_pose,SM-S906U1,GPU
2026-04-23 00:02:03.581,117.438,24.396,52.779,0.697,2.099,6.368,11.016,0.051,false,20.332,SEVERE,7,180,sequential_yolo_pose,SM-S906U1,GPU
2026-04-23 00:02:03.703,115.117,25.381,57.259,0.696,2.212,6.395,11.199,0.065,false,20.266,SEVERE,7,180,sequential_yolo_pose,SM-S906U1,GPU
2026-04-23 00:02:03.832,123.724,25.860,52.050,0.889,2.538,6.860,16.992,0.051,false,20.332,SEVERE,7,180,sequential_yolo_pose,SM-S906U1,GPU
2026-04-23 00:02:03.955,116.483,23.687,53.363,1.015,2.914,10.509,9.995,0.046,false,20.301,SEVERE,7,180,sequential_yolo_pose,SM-S906U1,GPU
2026-04-23 00:02:04.093,124.767,26.923,56.668,1.091,2.225,7.857,10.978,0.057,false,20.270,SEVERE,7,180,sequential_yolo_pose,SM-S906U1,GPU
2026-04-23 00:02:04.231,132.612,25.075,57.218,1.652,6.140,12.589,14.308,0.042,false,20.426,SEVERE,7,180,sequential_yolo_pose,SM-S906U1,GPU
2026-04-23 00:02:04.354,117.651,24.788,53.515,1.111,2.137,8.934,10.458,0.064,false,20.238,SEVERE,7,180,sequential_yolo_pose,SM-S906U1,GPU
2026-04-23 00:02:04.485,124.406,30.721,52.541,0.768,2.396,6.499,10.631,0.032,false,20.363,SEVERE,8,180,sequential_yolo_pose,SM-S906U1,GPU
2026-04-23 00:02:04.615,125.411,24.420,56.934,1.540,4.433,11.726,9.551,0.050,false,20.395,SEVERE,8,180,sequential_yolo_pose,SM-S906U1,GPU
2026-04-23 00:02:04.716,95.878,24.525,54.431,0.810,0.000,0.000,0.000,0.000,true,16.906,SEVERE,8,180,sequential_yolo_pose,SM-S906U1,GPU
2026-04-23 00:02:04.855,130.378,24.568,57.515,1.074,3.772,10.277,10.734,0.059,false,33.914,SEVERE,8,180,sequential_yolo_pose,SM-S906U1,GPU
2026-04-23 00:02:04.978,118.045,24.259,55.014,0.722,2.675,5.917,12.359,0.044,false,28.735,SEVERE,8,180,sequential_yolo_pose,SM-S906U1,GPU
2026-04-23 00:02:05.107,120.854,23.716,53.061,1.173,3.746,10.245,9.701,0.050,false,20.297,SEVERE,8,180,sequential_yolo_pose,SM-S906U1,GPU
2026-04-23 00:02:05.235,122.012,25.504,52.273,0.766,2.629,6.607,15.800,0.037,false,20.328,SEVERE,8,180,sequential_yolo_pose,SM-S906U1,GPU
2026-04-23 00:02:05.351,112.620,24.233,52.526,1.090,3.820,7.995,11.548,0.057,false,20.297,SEVERE,8,180,sequential_yolo_pose,SM-S906U1,GPU
2026-04-23 00:02:05.480,120.097,25.232,52.128,0.955,3.081,10.776,12.420,0.047,false,20.359,SEVERE,8,180,sequential_yolo_pose,SM-S906U1,GPU
2026-04-23 00:02:05.610,124.742,24.045,55.116,0.919,2.302,7.043,18.755,0.028,false,20.363,SEVERE,8,180,sequential_yolo_pose,SM-S906U1,GPU
2026-04-23 00:02:05.729,115.823,23.887,53.395,0.873,2.766,6.471,10.768,0.054,false,20.332,SEVERE,8,180,sequential_yolo_pose,SM-S906U1,GPU
2026-04-23 00:02:05.870,130.297,25.835,55.331,0.871,2.189,8.327,18.345,0.063,false,20.332,SEVERE,8,180,sequential_yolo_pose,SM-S906U1,GPU
2026-04-23 00:02:06.002,126.898,29.275,54.695,0.898,2.139,8.078,13.555,0.053,false,20.332,SEVERE,8,180,sequential_yolo_pose,SM-S906U1,GPU
2026-04-23 00:02:06.128,119.959,25.183,52.529,0.969,2.066,7.839,12.851,0.055,false,20.270,SEVERE,8,180,sequential_yolo_pose,SM-S906U1,GPU
2026-04-23 00:02:06.259,121.026,25.103,54.166,0.951,4.308,8.513,11.007,0.044,false,20.301,SEVERE,8,180,sequential_yolo_pose,SM-S906U1,GPU
2026-04-23 00:02:06.385,120.036,27.134,52.453,0.863,2.288,8.658,10.122,0.041,false,20.328,SEVERE,8,180,sequential_yolo_pose,SM-S906U1,GPU
2026-04-23 00:02:06.508,117.470,27.055,52.859,0.730,1.517,5.800,9.615,0.039,false,20.422,SEVERE,8,180,sequential_yolo_pose,SM-S906U1,GPU
2026-04-23 00:02:06.620,107.892,24.853,53.105,0.668,1.448,6.145,10.425,0.044,false,20.332,SEVERE,8,180,sequential_yolo_pose,SM-S906U1,GPU
2026-04-23 00:02:06.744,118.732,24.260,52.013,1.139,2.789,13.672,13.089,0.049,false,20.359,SEVERE,8,180,sequential_yolo_pose,SM-S906U1,GPU
2026-04-23 00:02:06.876,127.290,25.352,52.870,0.828,5.320,8.570,14.634,0.043,false,20.395,SEVERE,8,180,sequential_yolo_pose,SM-S906U1,GPU
2026-04-23 00:02:07.003,121.379,26.969,53.705,0.760,2.063,7.744,12.236,0.045,false,20.301,SEVERE,8,180,sequential_yolo_pose,SM-S906U1,GPU
2026-04-23 00:02:07.129,121.551,28.821,52.583,1.010,3.528,7.090,11.050,0.033,false,20.301,SEVERE,8,180,sequential_yolo_pose,SM-S906U1,GPU
2026-04-23 00:02:07.254,118.462,26.677,53.406,0.898,3.401,7.970,10.475,0.047,false,20.363,SEVERE,8,180,sequential_yolo_pose,SM-S906U1,GPU
2026-04-23 00:02:07.383,120.585,24.580,53.231,1.306,4.697,7.899,11.995,0.033,false,20.359,SEVERE,8,180,sequential_yolo_pose,SM-S906U1,GPU
2026-04-23 00:02:07.509,121.200,24.133,52.758,0.901,3.130,8.233,14.615,0.058,false,20.391,SEVERE,8,180,sequential_yolo_pose,SM-S906U1,GPU
2026-04-23 00:02:07.629,114.918,24.017,53.306,0.635,2.091,5.642,11.977,0.045,false,20.262,SEVERE,8,180,sequential_yolo_pose,SM-S906U1,GPU
2026-04-23 00:02:07.754,118.081,23.599,55.361,1.167,4.537,9.704,12.066,0.059,false,20.328,SEVERE,8,180,sequential_yolo_pose,SM-S906U1,GPU
2026-04-23 00:02:07.885,119.270,27.337,52.141,0.570,2.930,5.302,11.045,0.036,false,20.301,SEVERE,8,180,sequential_yolo_pose,SM-S906U1,GPU
2026-04-23 00:02:08.009,116.815,23.879,52.994,0.950,3.034,7.817,15.397,0.048,false,20.328,SEVERE,8,180,sequential_yolo_pose,SM-S906U1,GPU
2026-04-23 00:02:08.127,114.662,23.676,52.970,0.999,2.413,6.935,13.471,0.035,false,20.363,SEVERE,8,180,sequential_yolo_pose,SM-S906U1,GPU
2026-04-23 00:02:08.257,122.137,23.919,53.584,1.272,2.839,8.803,13.537,0.038,false,20.363,SEVERE,8,180,sequential_yolo_pose,SM-S906U1,GPU
2026-04-23 00:02:08.396,128.912,29.481,53.345,1.342,2.850,7.802,15.034,0.036,false,20.391,SEVERE,8,180,sequential_yolo_pose,SM-S906U1,GPU
2026-04-23 00:02:08.521,119.239,28.079,53.726,0.777,1.896,6.718,11.447,0.046,false,20.453,SEVERE,8,180,sequential_yolo_pose,SM-S906U1,GPU
2026-04-23 00:02:08.654,128.043,27.939,54.865,1.194,1.848,9.471,13.264,0.042,false,20.363,SEVERE,8,180,sequential_yolo_pose,SM-S906U1,GPU
2026-04-23 00:02:08.779,117.437,24.997,54.064,0.990,2.158,5.131,9.448,0.048,false,20.270,SEVERE,8,180,sequential_yolo_pose,SM-S906U1,GPU
2026-04-23 00:02:08.897,113.671,23.621,54.779,0.707,2.260,5.814,11.344,0.042,false,20.270,SEVERE,8,180,sequential_yolo_pose,SM-S906U1,GPU
2026-04-23 00:02:09.023,120.897,24.035,53.658,1.280,2.958,8.762,11.713,0.031,false,20.328,SEVERE,8,180,sequential_yolo_pose,SM-S906U1,GPU
2026-04-23 00:02:09.155,123.050,24.894,53.556,1.000,3.885,10.097,10.874,0.043,false,20.328,SEVERE,8,180,sequential_yolo_pose,SM-S906U1,GPU
2026-04-23 00:02:09.263,97.390,24.443,53.484,0.658,0.000,0.000,0.000,0.000,true,16.969,SEVERE,8,180,sequential_yolo_pose,SM-S906U1,GPU
2026-04-23 00:02:09.394,121.210,27.921,53.986,0.525,0.000,0.000,0.000,0.000,true,30.551,SEVERE,8,180,sequential_yolo_pose,SM-S906U1,GPU
2026-04-23 00:02:09.501,99.752,26.729,54.798,0.686,0.000,0.000,0.000,0.000,true,13.926,SEVERE,8,180,sequential_yolo_pose,SM-S906U1,GPU
2026-04-23 00:02:09.609,101.451,26.831,53.974,0.457,0.000,0.000,0.000,0.000,true,16.930,SEVERE,8,180,sequential_yolo_pose,SM-S906U1,GPU
2026-04-23 00:02:09.739,124.018,27.439,54.926,0.665,1.529,8.207,11.246,0.044,false,33.906,SEVERE,8,180,sequential_yolo_pose,SM-S906U1,GPU
2026-04-23 00:02:09.870,125.389,26.042,54.703,1.153,2.113,10.919,11.431,0.033,false,20.297,SEVERE,8,180,sequential_yolo_pose,SM-S906U1,GPU
2026-04-23 00:02:09.989,114.584,25.177,53.536,0.626,1.981,6.042,10.716,0.045,false,20.297,SEVERE,8,180,sequential_yolo_pose,SM-S906U1,GPU
2026-04-23 00:02:10.117,119.856,24.247,53.219,1.340,2.656,10.365,10.824,0.054,false,20.297,SEVERE,8,180,sequential_yolo_pose,SM-S906U1,GPU
2026-04-23 00:02:10.249,126.384,24.942,55.883,1.194,2.700,10.820,12.706,0.052,false,20.391,SEVERE,8,180,sequential_yolo_pose,SM-S906U1,GPU
2026-04-23 00:02:10.383,126.248,24.321,52.651,1.032,2.607,10.906,10.717,0.043,false,20.266,SEVERE,8,180,sequential_yolo_pose,SM-S906U1,GPU
2026-04-23 00:02:10.504,115.623,24.503,51.462,0.660,1.499,5.948,11.450,0.063,false,20.328,SEVERE,8,180,sequential_yolo_pose,SM-S906U1,GPU
2026-04-23 00:02:10.623,114.564,24.556,55.711,0.940,1.634,6.236,9.498,0.032,false,20.332,SEVERE,8,180,sequential_yolo_pose,SM-S906U1,GPU
2026-04-23 00:02:10.752,123.093,27.308,52.018,0.863,3.680,10.722,10.408,0.051,false,20.297,SEVERE,8,180,sequential_yolo_pose,SM-S906U1,GPU
2026-04-23 00:02:10.874,115.304,24.631,51.661,0.610,2.253,6.904,11.494,0.048,false,20.297,SEVERE,8,180,sequential_yolo_pose,SM-S906U1,GPU
2026-04-23 00:02:10.994,116.198,24.332,55.077,0.696,1.476,5.582,11.144,0.053,false,20.332,SEVERE,8,180,sequential_yolo_pose,SM-S906U1,GPU
2026-04-23 00:02:11.120,119.469,25.218,52.956,0.824,1.966,8.217,10.607,0.046,false,20.266,SEVERE,8,180,sequential_yolo_pose,SM-S906U1,GPU
2026-04-23 00:02:11.254,128.852,26.348,53.335,0.910,2.679,16.826,10.597,0.035,false,20.422,SEVERE,8,180,sequential_yolo_pose,SM-S906U1,GPU
2026-04-23 00:02:11.391,130.458,24.225,55.645,1.279,3.734,15.665,12.704,0.041,false,20.395,SEVERE,8,180,sequential_yolo_pose,SM-S906U1,GPU
2026-04-23 00:02:11.519,123.779,25.595,52.830,1.165,2.292,12.935,11.355,0.036,false,20.359,SEVERE,8,180,sequential_yolo_pose,SM-S906U1,GPU
2026-04-23 00:02:11.648,123.768,25.503,54.360,0.704,3.394,10.812,10.281,0.032,false,20.301,SEVERE,8,180,sequential_yolo_pose,SM-S906U1,GPU
2026-04-23 00:02:11.768,116.853,27.061,55.233,0.626,1.453,6.698,13.245,0.050,false,20.359,SEVERE,8,180,sequential_yolo_pose,SM-S906U1,GPU
2026-04-23 00:02:11.907,132.450,29.749,56.671,1.478,3.225,10.362,10.616,0.033,false,20.301,SEVERE,8,180,sequential_yolo_pose,SM-S906U1,GPU
2026-04-23 00:02:12.005,93.251,24.325,55.738,0.742,0.000,0.000,0.000,0.000,true,16.902,SEVERE,8,180,sequential_yolo_pose,SM-S906U1,GPU
2026-04-23 00:02:12.141,131.746,29.333,56.794,0.789,1.920,10.737,11.140,0.051,false,33.942,SEVERE,8,180,sequential_yolo_pose,SM-S906U1,GPU
2026-04-23 00:02:12.273,122.480,23.586,53.790,0.647,1.628,7.587,10.464,0.043,false,20.297,SEVERE,8,180,sequential_yolo_pose,SM-S906U1,GPU
2026-04-23 00:02:12.391,114.740,24.319,51.408,0.773,1.741,5.649,10.588,0.096,false,20.332,SEVERE,8,180,sequential_yolo_pose,SM-S906U1,GPU
2026-04-23 00:02:12.525,124.310,27.642,54.066,1.766,2.661,7.440,13.498,0.032,false,20.457,SEVERE,8,180,sequential_yolo_pose,SM-S906U1,GPU
2026-04-23 00:02:12.656,125.891,29.675,53.412,0.825,3.556,9.093,10.381,0.053,false,20.332,SEVERE,8,180,sequential_yolo_pose,SM-S906U1,GPU
2026-04-23 00:02:12.777,115.946,24.623,52.412,0.659,1.451,7.823,11.134,0.046,false,20.332,SEVERE,8,180,sequential_yolo_pose,SM-S906U1,GPU
2026-04-23 00:02:12.895,113.061,23.901,52.592,0.920,1.932,6.850,9.749,0.049,false,20.328,SEVERE,8,180,sequential_yolo_pose,SM-S906U1,GPU
2026-04-23 00:02:13.020,115.719,23.696,52.234,1.033,2.758,7.495,11.213,0.036,false,20.359,SEVERE,8,180,sequential_yolo_pose,SM-S906U1,GPU
2026-04-23 00:02:13.140,114.899,23.989,56.032,1.010,2.313,9.429,10.321,0.126,false,20.270,SEVERE,8,180,sequential_yolo_pose,SM-S906U1,GPU
2026-04-23 00:02:13.269,123.007,28.922,55.444,0.743,1.737,6.873,10.681,0.071,false,20.270,SEVERE,8,180,sequential_yolo_pose,SM-S906U1,GPU
2026-04-23 00:02:13.391,116.510,23.559,54.114,0.843,2.621,7.997,10.533,0.046,false,20.332,SEVERE,8,180,sequential_yolo_pose,SM-S906U1,GPU
2026-04-23 00:02:13.523,127.157,24.603,51.984,1.202,8.057,12.888,10.213,0.043,false,20.359,SEVERE,8,180,sequential_yolo_pose,SM-S906U1,GPU
2026-04-23 00:02:13.653,125.495,24.094,53.343,1.686,2.289,12.550,10.778,0.048,false,20.363,SEVERE,8,180,sequential_yolo_pose,SM-S906U1,GPU
2026-04-23 00:02:13.783,124.916,24.579,54.389,1.080,2.635,10.302,14.003,0.082,false,20.301,SEVERE,8,180,sequential_yolo_pose,SM-S906U1,GPU
2026-04-23 00:02:13.904,115.311,23.795,52.491,0.528,1.548,5.436,10.305,0.045,false,20.266,SEVERE,8,180,sequential_yolo_pose,SM-S906U1,GPU
2026-04-23 00:02:14.035,126.346,26.184,51.386,1.150,1.951,7.545,17.346,0.047,false,20.332,SEVERE,8,180,sequential_yolo_pose,SM-S906U1,GPU
2026-04-23 00:02:14.163,120.912,24.041,56.007,1.057,2.532,8.630,10.673,0.074,false,20.270,SEVERE,8,180,sequential_yolo_pose,SM-S906U1,GPU
2026-04-23 00:02:14.289,120.725,24.888,52.352,1.608,2.191,9.797,10.647,0.036,false,20.270,SEVERE,8,180,sequential_yolo_pose,SM-S906U1,GPU
2026-04-23 00:02:14.426,129.949,24.941,54.647,1.176,4.029,16.904,13.662,0.101,false,20.426,SEVERE,8,180,sequential_yolo_pose,SM-S906U1,GPU
2026-04-23 00:02:14.550,118.061,28.676,51.585,1.100,2.865,6.233,10.269,0.056,false,20.457,SEVERE,8,180,sequential_yolo_pose,SM-S906U1,GPU
2026-04-23 00:02:14.678,123.038,24.061,54.535,1.251,2.616,9.116,12.766,0.047,false,20.301,SEVERE,8,180,sequential_yolo_pose,SM-S906U1,GPU
2026-04-23 00:02:14.804,122.180,24.618,52.513,0.823,1.843,8.525,10.742,0.033,false,20.328,SEVERE,8,180,sequential_yolo_pose,SM-S906U1,GPU
2026-04-23 00:02:14.936,127.892,26.650,55.623,1.133,2.390,8.754,15.421,0.037,false,20.332,SEVERE,8,180,sequential_yolo_pose,SM-S906U1,GPU
2026-04-23 00:02:15.063,121.791,27.938,53.654,0.755,2.403,7.224,12.037,0.065,false,20.301,SEVERE,8,180,sequential_yolo_pose,SM-S906U1,GPU
2026-04-23 00:02:15.189,119.063,24.274,53.837,1.206,2.744,9.187,10.246,0.110,false,20.359,SEVERE,8,180,sequential_yolo_pose,SM-S906U1,GPU
2026-04-23 00:02:15.320,124.728,23.823,55.383,1.257,2.978,11.329,12.311,0.069,false,20.359,SEVERE,8,180,sequential_yolo_pose,SM-S906U1,GPU
2026-04-23 00:02:15.440,111.022,24.245,52.832,0.748,1.438,5.457,9.329,0.044,false,20.270,SEVERE,8,180,sequential_yolo_pose,SM-S906U1,GPU
2026-04-23 00:02:15.562,117.828,24.966,55.791,0.688,1.447,5.627,10.477,0.051,false,20.426,SEVERE,8,180,sequential_yolo_pose,SM-S906U1,GPU
2026-04-23 00:02:15.687,120.567,23.940,56.738,1.288,2.658,10.322,10.266,0.059,false,20.332,SEVERE,8,180,sequential_yolo_pose,SM-S906U1,GPU
2026-04-23 00:02:15.824,123.281,23.866,57.148,0.944,2.062,7.701,11.644,0.038,false,20.359,SEVERE,8,180,sequential_yolo_pose,SM-S906U1,GPU
2026-04-23 00:02:15.954,124.821,24.647,56.467,1.079,2.311,9.540,10.334,0.033,false,20.332,SEVERE,8,180,sequential_yolo_pose,SM-S906U1,GPU
2026-04-23 00:02:16.084,121.437,24.940,52.712,1.277,2.623,11.141,11.143,0.047,false,20.363,SEVERE,8,180,sequential_yolo_pose,SM-S906U1,GPU
2026-04-23 00:02:16.217,126.611,27.621,53.517,0.965,2.023,9.926,11.292,0.033,false,20.328,SEVERE,8,180,sequential_yolo_pose,SM-S906U1,GPU
2026-04-23 00:02:16.343,118.909,25.299,53.378,0.900,2.073,9.119,10.521,0.061,false,20.266,SEVERE,8,180,sequential_yolo_pose,SM-S906U1,GPU
2026-04-23 00:02:16.470,122.047,24.444,55.175,0.715,2.359,7.860,13.546,0.061,false,20.332,SEVERE,8,180,sequential_yolo_pose,SM-S906U1,GPU
2026-04-23 00:02:16.592,115.799,25.635,54.084,0.838,1.418,6.015,11.417,0.041,false,20.332,SEVERE,8,180,sequential_yolo_pose,SM-S906U1,GPU
2026-04-23 00:02:16.718,120.666,26.774,52.913,1.914,3.833,7.267,9.838,0.076,false,20.301,SEVERE,8,180,sequential_yolo_pose,SM-S906U1,GPU
2026-04-23 00:02:16.849,126.430,27.235,52.197,0.718,4.482,8.883,11.601,0.053,false,20.332,SEVERE,8,180,sequential_yolo_pose,SM-S906U1,GPU
2026-04-23 00:02:16.952,97.801,24.142,54.033,0.523,0.000,0.000,0.000,0.000,true,16.938,SEVERE,8,180,sequential_yolo_pose,SM-S906U1,GPU
2026-04-23 00:02:17.069,109.395,24.899,57.618,1.050,0.000,0.000,0.000,0.000,true,30.582,SEVERE,8,180,sequential_yolo_pose,SM-S906U1,GPU
2026-04-23 00:02:17.179,103.385,25.416,52.536,0.997,0.000,0.000,0.000,0.000,true,13.840,SEVERE,8,180,sequential_yolo_pose,SM-S906U1,GPU
2026-04-23 00:02:17.322,135.835,30.936,52.673,0.994,2.775,8.890,11.799,0.045,false,20.324,SEVERE,8,180,sequential_yolo_pose,SM-S906U1,GPU
2026-04-23 00:02:17.454,121.751,26.890,52.302,0.896,2.414,10.259,10.761,0.047,false,20.301,SEVERE,8,180,sequential_yolo_pose,SM-S906U1,GPU
2026-04-23 00:02:17.584,114.884,24.060,53.064,0.525,1.963,5.275,10.592,0.047,false,20.355,SEVERE,8,180,sequential_yolo_pose,SM-S906U1,GPU
2026-04-23 00:02:17.688,97.556,24.314,53.498,0.630,0.000,0.000,0.000,0.000,true,16.938,SEVERE,8,180,sequential_yolo_pose,SM-S906U1,GPU
2026-04-23 00:02:17.839,134.977,28.411,52.972,1.034,2.502,10.353,11.126,0.055,false,33.914,SEVERE,8,180,sequential_yolo_pose,SM-S906U1,GPU
2026-04-23 00:02:17.981,132.214,23.215,58.112,0.950,2.048,12.675,12.526,0.129,false,20.391,SEVERE,8,180,sequential_yolo_pose,SM-S906U1,GPU
2026-04-23 00:02:18.100,112.430,25.844,55.275,0.697,1.440,5.757,9.618,0.053,false,20.301,SEVERE,8,180,sequential_yolo_pose,SM-S906U1,GPU
2026-04-23 00:02:18.223,117.964,26.573,53.488,0.929,2.031,7.684,9.845,0.042,false,20.332,SEVERE,8,180,sequential_yolo_pose,SM-S906U1,GPU
2026-04-23 00:02:18.353,122.692,26.416,52.588,0.931,2.444,8.236,11.657,0.052,false,20.332,SEVERE,8,180,sequential_yolo_pose,SM-S906U1,GPU
2026-04-23 00:02:18.480,122.767,24.548,52.175,0.640,1.455,9.423,14.933,0.045,false,20.328,SEVERE,8,180,sequential_yolo_pose,SM-S906U1,GPU
2026-04-23 00:02:18.610,124.938,26.143,54.220,1.116,2.679,11.982,9.788,0.050,false,20.426,SEVERE,8,180,sequential_yolo_pose,SM-S906U1,GPU
2026-04-23 00:02:18.730,113.443,23.448,52.160,0.448,2.035,6.275,9.915,0.053,false,20.238,SEVERE,8,180,sequential_yolo_pose,SM-S906U1,GPU
2026-04-23 00:02:18.856,120.378,27.839,54.562,0.978,2.085,6.036,11.543,0.050,false,20.332,SEVERE,8,180,sequential_yolo_pose,SM-S906U1,GPU
2026-04-23 00:02:18.987,123.993,24.354,53.814,1.105,3.524,12.251,12.260,0.052,false,20.328,SEVERE,8,180,sequential_yolo_pose,SM-S906U1,GPU
2026-04-23 00:02:19.116,119.247,26.560,52.941,0.687,1.739,5.684,9.556,0.045,false,20.270,SEVERE,8,180,sequential_yolo_pose,SM-S906U1,GPU
2026-04-23 00:02:19.244,122.954,32.548,53.954,0.710,1.550,5.721,9.353,0.045,false,20.328,SEVERE,8,180,sequential_yolo_pose,SM-S906U1,GPU
2026-04-23 00:02:19.376,127.189,32.873,51.238,0.620,1.472,6.901,9.949,0.049,false,20.328,SEVERE,8,180,sequential_yolo_pose,SM-S906U1,GPU
2026-04-23 00:02:19.513,132.436,33.077,51.586,0.585,1.404,8.300,9.878,0.045,false,20.301,SEVERE,8,180,sequential_yolo_pose,SM-S906U1,GPU
2026-04-23 00:02:19.656,137.809,32.522,54.279,1.213,5.996,11.521,12.966,0.044,false,20.426,SEVERE,8,180,sequential_yolo_pose,SM-S906U1,GPU
2026-04-23 00:02:19.790,126.543,23.864,52.061,1.264,2.752,13.697,12.322,0.041,false,20.395,SEVERE,8,180,sequential_yolo_pose,SM-S906U1,GPU
2026-04-23 00:02:19.912,117.966,24.512,53.671,0.703,1.510,7.499,13.464,0.043,false,20.363,SEVERE,8,180,sequential_yolo_pose,SM-S906U1,GPU
2026-04-23 00:02:20.035,117.236,24.080,53.107,0.624,1.469,5.568,15.072,0.032,false,20.359,SEVERE,8,180,sequential_yolo_pose,SM-S906U1,GPU
2026-04-23 00:02:20.156,116.798,23.568,53.919,1.315,4.162,11.823,10.681,0.044,false,20.395,SEVERE,8,180,sequential_yolo_pose,SM-S906U1,GPU
2026-04-23 00:02:20.292,130.890,25.701,52.413,0.712,1.524,15.528,13.585,0.053,false,20.422,SEVERE,8,180,sequential_yolo_pose,SM-S906U1,GPU
2026-04-23 00:02:20.430,131.844,24.769,52.936,1.280,2.775,12.613,19.901,0.040,false,20.391,SEVERE,8,180,sequential_yolo_pose,SM-S906U1,GPU
2026-04-23 00:02:20.565,127.841,24.651,53.842,1.211,3.407,8.898,15.374,0.057,false,20.332,SEVERE,8,180,sequential_yolo_pose,SM-S906U1,GPU
2026-04-23 00:02:20.695,123.350,29.828,51.191,0.905,1.980,7.644,12.974,0.466,false,20.332,SEVERE,7,180,sequential_yolo_pose,SM-S906U1,GPU
2026-04-23 00:02:20.814,113.243,24.048,51.888,0.689,1.682,7.777,15.928,0.054,false,20.359,SEVERE,7,180,sequential_yolo_pose,SM-S906U1,GPU
2026-04-23 00:02:20.948,128.606,26.929,53.391,0.862,2.677,14.464,9.901,0.043,false,20.297,SEVERE,7,180,sequential_yolo_pose,SM-S906U1,GPU
2026-04-23 00:02:21.078,125.071,24.403,53.527,1.366,2.805,12.798,9.378,0.034,false,20.297,SEVERE,7,180,sequential_yolo_pose,SM-S906U1,GPU
2026-04-23 00:02:21.197,114.955,24.772,50.763,0.788,2.069,7.149,12.286,0.059,false,20.328,SEVERE,7,180,sequential_yolo_pose,SM-S906U1,GPU
2026-04-23 00:02:21.325,122.007,27.621,53.322,1.331,2.459,8.606,11.472,0.040,false,20.301,SEVERE,7,180,sequential_yolo_pose,SM-S906U1,GPU
2026-04-23 00:02:21.459,126.538,24.883,53.419,1.121,4.501,9.156,12.143,0.044,false,20.297,SEVERE,7,180,sequential_yolo_pose,SM-S906U1,GPU
2026-04-23 00:02:21.587,116.856,24.761,54.003,0.918,1.985,7.844,10.796,0.051,false,20.332,SEVERE,8,180,sequential_yolo_pose,SM-S906U1,GPU
2026-04-23 00:02:21.719,125.997,29.340,54.142,1.352,2.309,7.329,9.948,0.043,false,20.270,SEVERE,8,180,sequential_yolo_pose,SM-S906U1,GPU
2026-04-23 00:02:21.826,100.026,26.932,54.853,1.100,0.000,0.000,0.000,0.000,true,16.965,SEVERE,8,180,sequential_yolo_pose,SM-S906U1,GPU
2026-04-23 00:02:21.933,96.167,24.279,52.095,1.139,0.000,0.000,0.000,0.000,true,30.547,SEVERE,8,180,sequential_yolo_pose,SM-S906U1,GPU
2026-04-23 00:02:22.047,102.119,25.602,52.855,1.051,0.000,0.000,0.000,0.000,true,13.840,SEVERE,8,180,sequential_yolo_pose,SM-S906U1,GPU
2026-04-23 00:02:22.168,111.264,24.173,53.168,0.950,0.000,0.000,0.000,0.000,true,16.930,SEVERE,8,180,sequential_yolo_pose,SM-S906U1,GPU
2026-04-23 00:02:22.304,129.034,27.278,54.683,0.989,2.621,9.940,12.750,0.024,false,33.969,SEVERE,8,180,sequential_yolo_pose,SM-S906U1,GPU
2026-04-23 00:02:22.441,128.805,24.609,55.634,0.927,1.863,9.338,15.385,0.031,false,20.426,SEVERE,8,180,sequential_yolo_pose,SM-S906U1,GPU
2026-04-23 00:02:22.539,93.996,23.780,51.917,0.843,0.000,0.000,0.000,0.000,true,16.906,SEVERE,8,180,sequential_yolo_pose,SM-S906U1,GPU
2026-04-23 00:02:22.647,101.632,25.856,53.517,0.724,0.000,0.000,0.000,0.000,true,30.582,SEVERE,9,180,sequential_yolo_pose,SM-S906U1,GPU
2026-04-23 00:02:22.790,132.840,29.320,50.385,0.857,2.139,10.683,11.972,0.048,false,21.957,SEVERE,9,180,sequential_yolo_pose,SM-S906U1,GPU
2026-04-23 00:02:22.920,124.311,23.957,56.224,1.133,2.486,10.089,11.466,0.048,false,38.934,SEVERE,9,180,sequential_yolo_pose,SM-S906U1,GPU
2026-04-23 00:02:23.051,119.420,25.733,55.313,0.961,2.563,11.470,10.714,0.036,false,29.750,SEVERE,9,180,sequential_yolo_pose,SM-S906U1,GPU
2026-04-23 00:02:23.172,115.025,23.855,51.956,0.765,1.929,7.534,9.724,0.060,false,20.363,SEVERE,9,180,sequential_yolo_pose,SM-S906U1,GPU
2026-04-23 00:02:23.298,121.523,25.671,52.686,0.790,2.126,7.830,12.620,0.053,false,20.363,SEVERE,9,180,sequential_yolo_pose,SM-S906U1,GPU
2026-04-23 00:02:23.418,113.543,23.632,51.783,1.345,1.849,7.679,11.315,0.058,false,20.328,SEVERE,9,180,sequential_yolo_pose,SM-S906U1,GPU
2026-04-23 00:02:23.542,119.586,23.896,54.046,1.047,2.080,8.676,10.285,0.044,false,20.297,SEVERE,9,180,sequential_yolo_pose,SM-S906U1,GPU
2026-04-23 00:02:23.673,125.852,24.046,56.854,0.806,2.007,7.299,16.653,0.054,false,20.387,SEVERE,8,180,sequential_yolo_pose,SM-S906U1,GPU
2026-04-23 00:02:23.790,111.879,24.012,53.739,0.532,1.412,5.445,10.544,0.047,false,20.270,SEVERE,8,180,sequential_yolo_pose,SM-S906U1,GPU
2026-04-23 00:02:23.920,125.068,24.460,56.513,0.807,2.652,11.680,10.369,0.070,false,20.328,SEVERE,8,180,sequential_yolo_pose,SM-S906U1,GPU
2026-04-23 00:02:24.043,118.101,25.849,51.930,0.602,1.372,8.033,12.137,0.037,false,20.328,SEVERE,8,180,sequential_yolo_pose,SM-S906U1,GPU
2026-04-23 00:02:24.165,118.868,25.055,55.033,0.567,1.398,5.953,12.610,0.044,false,20.297,SEVERE,8,180,sequential_yolo_pose,SM-S906U1,GPU
2026-04-23 00:02:24.288,116.575,24.768,52.684,0.741,2.032,8.911,9.561,0.092,false,20.332,SEVERE,8,180,sequential_yolo_pose,SM-S906U1,GPU
2026-04-23 00:02:24.419,125.533,25.450,52.424,0.989,2.891,11.705,13.683,0.048,false,20.359,SEVERE,8,180,sequential_yolo_pose,SM-S906U1,GPU
2026-04-23 00:02:24.552,128.037,27.008,52.959,1.100,2.862,10.192,11.393,0.046,false,20.328,SEVERE,8,180,sequential_yolo_pose,SM-S906U1,GPU
2026-04-23 00:02:24.680,120.315,23.908,56.251,1.109,3.838,11.073,11.176,0.034,false,20.430,SEVERE,8,180,sequential_yolo_pose,SM-S906U1,GPU
2026-04-23 00:02:24.807,122.161,23.656,53.089,1.357,3.312,10.765,11.156,0.056,false,20.332,SEVERE,8,180,sequential_yolo_pose,SM-S906U1,GPU
2026-04-23 00:02:24.929,117.469,24.763,51.766,0.820,1.834,5.563,13.946,0.023,false,20.270,SEVERE,8,180,sequential_yolo_pose,SM-S906U1,GPU
2026-04-23 00:02:25.058,121.052,25.904,56.893,0.716,1.969,9.001,15.043,0.023,false,20.363,SEVERE,8,180,sequential_yolo_pose,SM-S906U1,GPU
2026-04-23 00:02:25.174,110.744,23.773,57.186,0.503,1.042,4.368,10.622,0.045,false,20.395,SEVERE,8,180,sequential_yolo_pose,SM-S906U1,GPU
2026-04-23 00:02:25.299,119.489,25.982,61.843,0.502,0.920,4.125,14.715,0.023,false,20.398,SEVERE,8,180,sequential_yolo_pose,SM-S906U1,GPU
2026-04-23 00:02:25.417,114.631,23.949,52.949,0.790,2.915,9.559,12.910,0.036,false,14.559,SEVERE,8,180,sequential_yolo_pose,SM-S906U1,GPU
2026-04-23 00:02:25.547,124.262,23.926,58.816,0.781,1.376,11.555,10.011,0.045,false,21.508,SEVERE,8,180,sequential_yolo_pose,SM-S906U1,GPU
2026-04-23 00:02:25.681,129.485,28.707,56.149,0.553,0.950,11.216,11.087,0.059,false,12.738,SEVERE,8,180,sequential_yolo_pose,SM-S906U1,GPU
2026-04-23 00:02:25.817,130.362,23.947,53.456,0.732,2.438,7.796,18.473,0.047,false,20.391,SEVERE,8,180,sequential_yolo_pose,SM-S906U1,GPU
2026-04-23 00:02:25.938,115.385,24.534,54.441,0.780,1.435,5.982,9.440,0.035,false,20.328,SEVERE,8,180,sequential_yolo_pose,SM-S906U1,GPU
2026-04-23 00:02:26.056,113.759,24.303,51.099,0.703,1.553,5.526,12.214,0.037,false,20.332,SEVERE,8,180,sequential_yolo_pose,SM-S906U1,GPU
2026-04-23 00:02:26.173,111.376,24.170,53.143,0.706,1.598,6.172,10.141,0.048,false,20.328,SEVERE,8,180,sequential_yolo_pose,SM-S906U1,GPU
2026-04-23 00:02:26.290,111.661,25.805,52.476,1.133,1.939,7.961,10.876,0.038,false,20.363,SEVERE,8,180,sequential_yolo_pose,SM-S906U1,GPU
2026-04-23 00:02:26.418,117.112,28.919,53.677,0.695,1.151,5.432,9.911,0.034,false,20.301,SEVERE,8,180,sequential_yolo_pose,SM-S906U1,GPU
2026-04-23 00:02:26.557,132.921,24.120,52.477,1.264,5.132,14.647,13.100,0.035,false,20.422,SEVERE,8,180,sequential_yolo_pose,SM-S906U1,GPU
2026-04-23 00:02:26.685,120.236,25.544,52.985,0.866,4.128,4.665,10.456,0.037,false,20.359,SEVERE,8,180,sequential_yolo_pose,SM-S906U1,GPU
2026-04-23 00:02:26.817,127.941,28.654,52.435,0.773,2.216,13.917,10.157,0.037,false,20.332,SEVERE,8,180,sequential_yolo_pose,SM-S906U1,GPU
2026-04-23 00:02:26.918,95.483,24.022,53.362,0.631,0.000,0.000,0.000,0.000,true,16.934,SEVERE,8,180,sequential_yolo_pose,SM-S906U1,GPU
2026-04-23 00:02:27.046,121.803,30.112,54.738,1.286,0.000,0.000,0.000,0.000,true,30.547,SEVERE,8,180,sequential_yolo_pose,SM-S906U1,GPU
2026-04-23 00:02:27.165,111.370,31.681,52.829,2.175,0.000,0.000,0.000,0.000,true,13.840,SEVERE,8,180,sequential_yolo_pose,SM-S906U1,GPU
2026-04-23 00:02:27.274,101.776,26.240,52.703,0.525,0.000,0.000,0.000,0.000,true,16.898,SEVERE,8,180,sequential_yolo_pose,SM-S906U1,GPU
2026-04-23 00:02:27.419,139.502,27.262,54.181,0.979,2.154,11.194,24.618,0.022,false,33.938,SEVERE,8,180,sequential_yolo_pose,SM-S906U1,GPU
2026-04-23 00:02:27.527,102.611,25.689,55.849,0.596,0.000,0.000,0.000,0.000,true,16.996,SEVERE,8,180,sequential_yolo_pose,SM-S906U1,GPU
2026-04-23 00:02:27.636,95.438,24.362,54.074,0.707,0.000,0.000,0.000,0.000,true,30.703,SEVERE,8,180,sequential_yolo_pose,SM-S906U1,GPU
2026-04-23 00:02:27.778,135.527,30.629,54.898,0.987,2.708,11.634,15.713,0.047,false,21.895,SEVERE,8,180,sequential_yolo_pose,SM-S906U1,GPU
2026-04-23 00:02:27.913,129.944,28.001,54.470,1.109,2.912,10.497,11.942,0.034,false,38.902,SEVERE,8,180,sequential_yolo_pose,SM-S906U1,GPU
2026-04-23 00:02:28.046,123.768,24.097,51.068,0.864,2.444,10.769,11.314,0.048,false,20.328,SEVERE,8,180,sequential_yolo_pose,SM-S906U1,GPU
2026-04-23 00:02:28.181,125.907,23.983,54.940,1.714,2.494,12.474,10.105,0.049,false,20.328,SEVERE,8,180,sequential_yolo_pose,SM-S906U1,GPU
2026-04-23 00:02:28.313,122.793,30.129,53.051,0.600,1.646,7.101,9.809,0.045,false,20.328,SEVERE,8,180,sequential_yolo_pose,SM-S906U1,GPU
2026-04-23 00:02:28.433,115.025,24.439,55.027,0.761,1.731,7.254,10.467,0.048,false,20.270,SEVERE,8,180,sequential_yolo_pose,SM-S906U1,GPU
2026-04-23 00:02:28.561,121.900,25.203,55.132,0.780,2.111,7.381,13.050,0.050,false,20.301,SEVERE,8,180,sequential_yolo_pose,SM-S906U1,GPU
2026-04-23 00:02:28.676,108.971,23.809,53.136,0.522,1.706,5.597,11.428,0.054,false,20.426,SEVERE,8,180,sequential_yolo_pose,SM-S906U1,GPU
2026-04-23 00:02:28.799,118.347,24.259,53.637,0.915,2.517,9.118,11.462,0.046,false,20.332,SEVERE,8,180,sequential_yolo_pose,SM-S906U1,GPU
2026-04-23 00:02:28.928,122.365,25.646,53.627,1.088,2.318,8.888,11.127,0.047,false,20.332,SEVERE,8,180,sequential_yolo_pose,SM-S906U1,GPU
2026-04-23 00:02:29.058,118.926,24.140,52.531,1.118,2.675,10.220,13.959,0.042,false,20.359,SEVERE,8,180,sequential_yolo_pose,SM-S906U1,GPU
2026-04-23 00:02:29.187,119.874,28.230,53.056,0.711,1.651,7.143,9.971,0.048,false,20.270,SEVERE,8,180,sequential_yolo_pose,SM-S906U1,GPU
2026-04-23 00:02:29.316,123.885,24.906,53.095,0.992,2.258,11.219,10.277,0.050,false,20.359,SEVERE,8,180,sequential_yolo_pose,SM-S906U1,GPU
2026-04-23 00:02:29.445,123.938,25.573,52.158,1.151,2.697,10.314,14.075,0.048,false,20.328,SEVERE,8,180,sequential_yolo_pose,SM-S906U1,GPU
2026-04-23 00:02:29.575,125.687,24.679,54.956,1.129,2.007,10.451,13.311,0.043,false,20.395,SEVERE,8,180,sequential_yolo_pose,SM-S906U1,GPU
2026-04-23 00:02:29.696,117.302,24.537,58.175,0.513,1.081,4.257,11.027,0.038,false,20.363,SEVERE,8,180,sequential_yolo_pose,SM-S906U1,GPU
2026-04-23 00:02:29.817,113.888,27.000,52.168,0.595,1.145,4.598,9.845,0.060,false,20.207,SEVERE,8,180,sequential_yolo_pose,SM-S906U1,GPU
2026-04-23 00:02:29.951,128.549,25.339,53.445,1.007,2.472,19.707,10.168,0.046,false,20.328,SEVERE,8,180,sequential_yolo_pose,SM-S906U1,GPU
2026-04-23 00:02:30.082,125.125,25.862,53.147,1.172,2.643,11.776,10.060,0.045,false,20.359,SEVERE,8,180,sequential_yolo_pose,SM-S906U1,GPU
2026-04-23 00:02:30.215,128.480,26.151,53.870,0.984,4.913,11.203,11.181,0.072,false,20.297,SEVERE,8,180,sequential_yolo_pose,SM-S906U1,GPU
2026-04-23 00:02:30.342,121.160,24.772,53.123,0.975,2.374,8.828,12.471,0.053,false,20.297,SEVERE,8,180,sequential_yolo_pose,SM-S906U1,GPU
2026-04-23 00:02:30.476,129.389,26.412,56.974,0.637,1.880,12.262,11.580,0.044,false,20.363,SEVERE,8,180,sequential_yolo_pose,SM-S906U1,GPU
2026-04-23 00:02:30.610,129.382,26.737,53.594,0.658,1.569,16.025,10.135,0.048,false,20.332,SEVERE,8,180,sequential_yolo_pose,SM-S906U1,GPU
2026-04-23 00:02:30.738,122.548,29.365,53.322,0.834,1.795,6.663,10.363,0.052,false,20.270,SEVERE,8,180,sequential_yolo_pose,SM-S906U1,GPU
2026-04-23 00:02:30.867,124.541,25.162,55.182,0.914,1.999,7.714,11.532,0.056,false,20.328,SEVERE,8,180,sequential_yolo_pose,SM-S906U1,GPU
2026-04-23 00:02:30.990,116.510,26.842,53.653,0.692,1.390,5.719,10.105,0.032,false,20.270,SEVERE,8,180,sequential_yolo_pose,SM-S906U1,GPU
2026-04-23 00:02:31.121,125.650,25.030,54.260,0.895,2.286,10.913,11.146,0.052,false,20.359,SEVERE,8,180,sequential_yolo_pose,SM-S906U1,GPU
2026-04-23 00:02:31.255,124.905,26.839,52.648,1.332,2.849,10.313,10.093,0.046,false,20.359,SEVERE,8,180,sequential_yolo_pose,SM-S906U1,GPU
2026-04-23 00:02:31.381,120.282,23.884,54.343,1.365,2.582,9.815,11.135,0.035,false,20.359,SEVERE,8,180,sequential_yolo_pose,SM-S906U1,GPU
2026-04-23 00:02:31.515,128.281,24.680,53.754,0.986,2.002,13.787,12.036,0.033,false,20.422,SEVERE,8,180,sequential_yolo_pose,SM-S906U1,GPU
2026-04-23 00:02:31.639,120.094,25.957,52.917,0.791,2.074,6.753,9.878,0.065,false,20.301,SEVERE,7,180,sequential_yolo_pose,SM-S906U1,GPU
2026-04-23 00:02:31.744,99.299,27.716,52.800,0.688,0.000,0.000,0.000,0.000,true,16.937,SEVERE,7,180,sequential_yolo_pose,SM-S906U1,GPU
2026-04-23 00:02:31.856,106.806,32.231,53.459,1.001,0.000,0.000,0.000,0.000,true,30.551,SEVERE,7,180,sequential_yolo_pose,SM-S906U1,GPU
2026-04-23 00:02:31.965,102.225,25.619,55.948,1.000,0.000,0.000,0.000,0.000,true,13.422,SEVERE,7,180,sequential_yolo_pose,SM-S906U1,GPU
2026-04-23 00:02:32.079,102.379,26.245,52.944,0.565,0.000,0.000,0.000,0.000,true,16.898,SEVERE,7,180,sequential_yolo_pose,SM-S906U1,GPU
2026-04-23 00:02:32.223,139.064,26.158,53.309,1.094,3.823,10.681,24.738,0.045,false,33.969,SEVERE,7,180,sequential_yolo_pose,SM-S906U1,GPU
2026-04-23 00:02:32.362,124.618,28.929,52.903,0.969,2.383,8.907,12.092,0.052,false,20.359,SEVERE,7,180,sequential_yolo_pose,SM-S906U1,GPU
2026-04-23 00:02:32.486,118.264,26.307,52.374,0.884,2.262,8.119,10.987,0.044,false,20.332,SEVERE,7,180,sequential_yolo_pose,SM-S906U1,GPU
2026-04-23 00:02:32.588,95.586,23.582,53.880,1.073,0.000,0.000,0.000,0.000,true,16.965,SEVERE,7,180,sequential_yolo_pose,SM-S906U1,GPU
2026-04-23 00:02:32.737,139.303,29.364,55.177,0.890,1.948,7.982,12.667,0.055,false,34.035,SEVERE,9,180,sequential_yolo_pose,SM-S906U1,GPU
2026-04-23 00:02:32.867,121.475,23.356,57.623,0.559,1.436,5.939,9.812,0.068,false,20.297,SEVERE,9,180,sequential_yolo_pose,SM-S906U1,GPU
2026-04-23 00:02:32.985,113.490,24.933,51.642,0.507,1.003,4.176,11.267,0.048,false,20.270,SEVERE,9,180,sequential_yolo_pose,SM-S906U1,GPU
2026-04-23 00:02:33.110,119.778,24.478,53.320,0.834,2.022,11.108,11.622,0.046,false,20.297,SEVERE,9,180,sequential_yolo_pose,SM-S906U1,GPU
2026-04-23 00:02:33.231,117.112,26.292,54.776,0.552,1.824,5.406,9.741,0.046,false,20.266,SEVERE,9,180,sequential_yolo_pose,SM-S906U1,GPU
2026-04-23 00:02:33.353,116.980,26.762,53.282,1.364,2.357,10.132,10.296,0.049,false,20.359,SEVERE,9,180,sequential_yolo_pose,SM-S906U1,GPU
2026-04-23 00:02:33.478,119.569,24.583,52.574,1.012,2.572,8.998,10.740,0.031,false,20.359,SEVERE,9,180,sequential_yolo_pose,SM-S906U1,GPU
2026-04-23 00:02:33.627,144.162,29.440,52.921,0.781,2.158,13.017,23.599,0.049,false,20.332,SEVERE,9,180,sequential_yolo_pose,SM-S906U1,GPU
2026-04-23 00:02:33.754,116.424,25.756,53.243,0.635,1.575,5.506,11.405,0.047,false,20.270,SEVERE,8,180,sequential_yolo_pose,SM-S906U1,GPU
2026-04-23 00:02:33.891,127.132,26.291,52.380,1.386,2.687,12.035,11.155,0.043,false,20.328,SEVERE,8,180,sequential_yolo_pose,SM-S906U1,GPU
2026-04-23 00:02:34.018,118.803,24.532,53.188,1.130,3.933,7.606,9.649,0.048,false,20.297,SEVERE,8,180,sequential_yolo_pose,SM-S906U1,GPU
2026-04-23 00:02:34.149,126.017,24.304,55.673,1.101,3.204,11.778,10.286,0.048,false,20.328,SEVERE,8,180,sequential_yolo_pose,SM-S906U1,GPU
2026-04-23 00:02:34.273,119.592,23.885,51.459,0.607,2.765,11.502,10.959,0.048,false,20.363,SEVERE,8,180,sequential_yolo_pose,SM-S906U1,GPU
2026-04-23 00:02:34.404,123.514,26.717,53.243,0.978,2.261,7.800,13.711,0.050,false,20.332,SEVERE,8,180,sequential_yolo_pose,SM-S906U1,GPU
2026-04-23 00:02:34.518,108.888,24.013,51.714,0.509,0.966,4.055,10.459,0.034,false,20.270,SEVERE,8,180,sequential_yolo_pose,SM-S906U1,GPU
2026-04-23 00:02:34.645,121.998,24.211,55.141,0.982,1.817,7.209,15.040,0.041,false,20.328,SEVERE,8,180,sequential_yolo_pose,SM-S906U1,GPU
2026-04-23 00:02:34.778,127.268,26.714,53.884,1.131,2.916,10.235,10.660,0.034,false,20.332,SEVERE,8,180,sequential_yolo_pose,SM-S906U1,GPU
2026-04-23 00:02:34.917,133.294,26.584,61.252,0.677,2.669,10.933,15.298,0.054,false,20.332,SEVERE,8,180,sequential_yolo_pose,SM-S906U1,GPU
2026-04-23 00:02:35.040,114.063,23.646,52.941,0.555,2.986,11.814,9.970,0.044,false,20.391,SEVERE,8,180,sequential_yolo_pose,SM-S906U1,GPU
2026-04-23 00:02:35.145,99.852,29.171,53.262,0.592,0.000,0.000,0.000,0.000,true,16.937,SEVERE,8,180,sequential_yolo_pose,SM-S906U1,GPU
2026-04-23 00:02:35.265,113.470,30.749,56.376,0.806,0.000,0.000,0.000,0.000,true,30.551,SEVERE,8,180,sequential_yolo_pose,SM-S906U1,GPU
2026-04-23 00:02:35.386,112.768,38.056,54.877,0.725,0.000,0.000,0.000,0.000,true,18.652,SEVERE,8,180,sequential_yolo_pose,SM-S906U1,GPU
2026-04-23 00:02:35.522,131.001,24.427,52.979,0.953,2.962,12.509,11.114,0.043,false,35.535,SEVERE,8,180,sequential_yolo_pose,SM-S906U1,GPU
2026-04-23 00:02:35.652,121.784,26.505,52.869,1.105,2.699,10.730,10.589,0.048,false,21.840,SEVERE,8,180,sequential_yolo_pose,SM-S906U1,GPU
2026-04-23 00:02:35.798,140.275,32.351,58.100,1.182,2.099,11.509,11.665,0.168,false,38.848,SEVERE,8,180,sequential_yolo_pose,SM-S906U1,GPU
2026-04-23 00:02:35.947,124.091,25.912,52.837,0.627,1.710,7.551,10.436,0.048,false,20.297,SEVERE,8,180,sequential_yolo_pose,SM-S906U1,GPU
2026-04-23 00:02:36.065,112.608,25.011,52.521,0.629,1.446,6.804,11.015,0.052,false,20.328,SEVERE,8,180,sequential_yolo_pose,SM-S906U1,GPU
2026-04-23 00:02:36.170,100.502,25.521,57.236,0.596,0.000,0.000,0.000,0.000,true,16.934,SEVERE,8,180,sequential_yolo_pose,SM-S906U1,GPU
2026-04-23 00:02:36.311,134.494,25.883,58.855,1.040,2.074,10.552,13.220,0.030,false,33.973,SEVERE,8,180,sequential_yolo_pose,SM-S906U1,GPU
2026-04-23 00:02:36.440,119.662,23.341,56.929,0.821,1.972,7.370,13.054,0.046,false,20.297,SEVERE,8,180,sequential_yolo_pose,SM-S906U1,GPU
2026-04-23 00:02:36.562,117.393,23.774,55.400,0.866,1.708,6.283,13.007,0.033,false,20.332,SEVERE,8,180,sequential_yolo_pose,SM-S906U1,GPU
2026-04-23 00:02:36.694,122.958,29.262,51.571,1.189,2.489,8.083,12.399,0.046,false,20.363,SEVERE,7,180,sequential_yolo_pose,SM-S906U1,GPU
2026-04-23 00:02:36.819,119.577,25.918,51.815,0.946,1.965,10.911,10.218,0.033,false,20.363,SEVERE,7,180,sequential_yolo_pose,SM-S906U1,GPU
2026-04-23 00:02:36.950,124.359,24.329,61.196,3.419,3.418,8.689,9.501,0.060,false,20.359,SEVERE,7,180,sequential_yolo_pose,SM-S906U1,GPU
2026-04-23 00:02:37.078,122.922,23.925,54.490,1.194,2.860,10.231,11.055,0.065,false,20.332,SEVERE,7,180,sequential_yolo_pose,SM-S906U1,GPU
2026-04-23 00:02:37.181,97.283,24.108,52.887,0.745,0.000,0.000,0.000,0.000,true,16.902,SEVERE,7,180,sequential_yolo_pose,SM-S906U1,GPU
2026-04-23 00:02:37.294,106.389,24.704,57.919,0.772,0.000,0.000,0.000,0.000,true,30.516,SEVERE,7,180,sequential_yolo_pose,SM-S906U1,GPU
2026-04-23 00:02:37.414,112.487,32.027,52.743,0.532,0.000,0.000,0.000,0.000,true,18.531,SEVERE,7,180,sequential_yolo_pose,SM-S906U1,GPU
2026-04-23 00:02:37.538,114.553,30.233,56.173,0.554,0.000,0.000,0.000,0.000,true,32.113,SEVERE,7,180,sequential_yolo_pose,SM-S906U1,GPU
2026-04-23 00:02:37.679,133.861,27.039,55.665,0.494,8.572,5.449,10.271,0.052,false,21.633,SEVERE,7,90,sequential_yolo_pose,SM-S906U1,GPU
2026-04-23 00:02:37.816,133.601,23.618,55.767,0.416,6.243,8.114,24.057,0.053,false,13.434,SEVERE,8,90,sequential_yolo_pose,SM-S906U1,GPU
2026-04-23 00:02:37.953,129.623,23.419,51.537,0.629,10.775,6.365,10.194,0.044,false,20.395,SEVERE,8,90,sequential_yolo_pose,SM-S906U1,GPU
2026-04-23 00:02:38.058,97.356,23.594,52.128,0.335,0.000,0.000,0.000,0.000,true,16.984,SEVERE,8,90,sequential_yolo_pose,SM-S906U1,GPU
2026-04-23 00:02:38.158,92.900,30.307,53.197,0.832,0.000,0.000,0.000,0.000,true,30.723,SEVERE,8,0,sequential_yolo_pose,SM-S906U1,GPU
2026-04-23 00:02:38.278,109.806,43.630,53.665,0.387,0.000,0.000,0.000,0.000,true,18.570,SEVERE,8,0,sequential_yolo_pose,SM-S906U1,GPU
2026-04-23 00:02:38.382,98.934,37.989,54.371,0.555,0.000,0.000,0.000,0.000,true,32.153,SEVERE,8,0,sequential_yolo_pose,SM-S906U1,GPU
2026-04-23 00:02:38.491,100.852,41.380,50.972,0.510,0.000,0.000,0.000,0.000,true,18.145,SEVERE,8,0,sequential_yolo_pose,SM-S906U1,GPU
2026-04-23 00:02:38.591,93.224,32.638,54.469,0.292,0.000,0.000,0.000,0.000,true,31.695,SEVERE,8,0,sequential_yolo_pose,SM-S906U1,GPU
2026-04-23 00:02:38.709,108.863,46.669,57.561,0.505,0.000,0.000,0.000,0.000,true,13.453,SEVERE,8,0,sequential_yolo_pose,SM-S906U1,GPU
2026-04-23 00:02:38.834,114.053,49.145,54.316,0.340,0.000,0.000,0.000,0.000,true,16.883,SEVERE,10,0,sequential_yolo_pose,SM-S906U1,GPU
2026-04-23 00:02:38.946,98.865,31.846,63.788,0.310,0.000,0.000,0.000,0.000,true,30.715,SEVERE,10,0,sequential_yolo_pose,SM-S906U1,GPU
2026-04-23 00:02:39.054,103.039,39.750,58.616,0.313,0.000,0.000,0.000,0.000,true,18.028,SEVERE,10,0,sequential_yolo_pose,SM-S906U1,GPU
2026-04-23 00:02:39.191,130.778,59.039,60.530,0.353,0.000,0.000,0.000,0.000,true,31.766,SEVERE,10,0,sequential_yolo_pose,SM-S906U1,GPU
2026-04-23 00:02:39.302,106.004,44.468,57.104,0.265,0.000,0.000,0.000,0.000,true,18.172,SEVERE,10,0,sequential_yolo_pose,SM-S906U1,GPU
2026-04-23 00:02:39.415,103.427,43.185,54.668,0.288,0.000,0.000,0.000,0.000,true,31.754,SEVERE,10,0,sequential_yolo_pose,SM-S906U1,GPU
2026-04-23 00:02:39.513,94.830,27.817,60.436,0.266,0.000,0.000,0.000,0.000,true,13.481,SEVERE,10,0,sequential_yolo_pose,SM-S906U1,GPU
2026-04-23 00:02:39.605,88.177,27.587,56.324,0.477,0.000,0.000,0.000,0.000,true,16.942,SEVERE,10,0,sequential_yolo_pose,SM-S906U1,GPU
2026-04-23 00:02:39.712,101.516,27.158,51.835,0.468,1.250,6.690,10.160,0.032,false,33.856,SEVERE,10,0,sequential_yolo_pose,SM-S906U1,GPU
2026-04-23 00:02:39.835,119.161,34.168,55.641,0.409,1.333,5.517,11.638,0.031,false,13.192,SEVERE,9,0,sequential_yolo_pose,SM-S906U1,GPU
2026-04-23 00:02:39.943,103.038,29.425,52.540,0.500,1.402,5.660,9.369,0.045,false,20.332,SEVERE,9,0,sequential_yolo_pose,SM-S906U1,GPU
2026-04-23 00:02:40.049,101.496,27.002,54.226,0.457,1.324,5.224,9.285,0.048,false,20.340,SEVERE,9,0,sequential_yolo_pose,SM-S906U1,GPU
2026-04-23 00:02:40.162,105.380,29.169,51.673,0.555,1.330,5.207,10.299,0.048,false,20.309,SEVERE,9,0,sequential_yolo_pose,SM-S906U1,GPU
2026-04-23 00:02:40.278,106.349,30.497,52.555,0.551,1.448,6.607,10.717,0.047,false,20.246,SEVERE,9,0,sequential_yolo_pose,SM-S906U1,GPU
2026-04-23 00:02:40.366,84.751,27.959,52.821,0.266,0.000,0.000,0.000,0.000,true,16.946,SEVERE,9,0,sequential_yolo_pose,SM-S906U1,GPU
2026-04-23 00:02:40.457,86.799,29.073,53.669,0.293,0.000,0.000,0.000,0.000,true,30.590,SEVERE,9,0,sequential_yolo_pose,SM-S906U1,GPU
2026-04-23 00:02:40.547,85.259,27.621,53.383,0.275,0.000,0.000,0.000,0.000,true,13.946,SEVERE,9,0,sequential_yolo_pose,SM-S906U1,GPU
2026-04-23 00:02:40.661,110.361,28.397,54.265,0.790,2.085,8.361,12.354,0.050,false,20.367,SEVERE,9,0,sequential_yolo_pose,SM-S906U1,GPU
2026-04-23 00:02:40.784,117.004,28.431,54.256,0.948,3.659,12.300,12.527,0.043,false,20.407,SEVERE,9,0,sequential_yolo_pose,SM-S906U1,GPU
2026-04-23 00:02:40.894,106.794,31.643,53.265,0.490,1.441,5.475,10.027,0.052,false,20.282,SEVERE,9,0,sequential_yolo_pose,SM-S906U1,GPU
2026-04-23 00:02:41.021,123.164,29.881,58.681,0.991,5.465,12.371,11.420,0.045,false,20.371,SEVERE,9,0,sequential_yolo_pose,SM-S906U1,GPU
2026-04-23 00:02:41.143,113.892,30.442,53.531,1.138,3.637,9.316,9.874,0.043,false,20.340,SEVERE,9,0,sequential_yolo_pose,SM-S906U1,GPU
2026-04-23 00:02:41.255,107.163,30.206,52.187,0.740,2.278,6.174,10.761,0.043,false,20.340,SEVERE,9,0,sequential_yolo_pose,SM-S906U1,GPU
2026-04-23 00:02:41.367,105.855,25.282,52.050,0.830,1.729,6.308,12.971,0.054,false,20.340,SEVERE,9,0,sequential_yolo_pose,SM-S906U1,GPU
2026-04-23 00:02:41.486,115.146,28.869,52.091,1.005,4.375,13.348,10.943,0.050,false,20.340,SEVERE,9,0,sequential_yolo_pose,SM-S906U1,GPU
2026-04-23 00:02:41.585,94.694,31.281,53.728,0.570,0.000,0.000,0.000,0.000,true,16.946,SEVERE,9,0,sequential_yolo_pose,SM-S906U1,GPU
2026-04-23 00:02:41.721,130.369,33.899,58.845,3.409,2.401,12.272,11.515,0.042,false,33.954,SEVERE,9,0,sequential_yolo_pose,SM-S906U1,GPU
2026-04-23 00:02:41.850,121.053,30.165,55.271,1.093,4.022,12.286,10.698,0.050,false,28.993,SEVERE,9,0,sequential_yolo_pose,SM-S906U1,GPU
2026-04-23 00:02:41.982,125.398,30.242,52.687,1.168,2.645,15.856,16.051,0.047,false,29.786,SEVERE,9,0,sequential_yolo_pose,SM-S906U1,GPU
2026-04-23 00:02:42.111,124.393,38.143,57.391,0.927,2.413,11.512,10.270,0.044,false,29.500,SEVERE,9,0,sequential_yolo_pose,SM-S906U1,GPU
2026-04-23 00:02:42.209,93.160,33.405,54.919,0.547,0.000,0.000,0.000,0.000,true,18.211,SEVERE,9,0,sequential_yolo_pose,SM-S906U1,GPU
2026-04-23 00:02:42.314,100.105,40.744,53.812,0.780,0.000,0.000,0.000,0.000,true,31.832,SEVERE,9,0,sequential_yolo_pose,SM-S906U1,GPU
2026-04-23 00:02:42.422,101.437,39.753,53.865,0.689,0.000,0.000,0.000,0.000,true,13.461,SEVERE,9,0,sequential_yolo_pose,SM-S906U1,GPU
2026-04-23 00:02:42.529,96.543,31.861,55.004,0.838,0.000,0.000,0.000,0.000,true,16.906,SEVERE,9,0,sequential_yolo_pose,SM-S906U1,GPU
2026-04-23 00:02:42.655,118.833,34.614,52.799,0.939,2.451,9.419,13.544,0.046,false,33.883,SEVERE,9,0,sequential_yolo_pose,SM-S906U1,GPU
2026-04-23 00:02:42.775,111.870,29.153,56.291,0.743,3.261,7.515,9.875,0.048,false,30.282,SEVERE,9,0,sequential_yolo_pose,SM-S906U1,GPU
2026-04-23 00:02:42.887,107.476,28.107,54.224,0.615,1.805,5.923,11.415,0.048,false,20.313,SEVERE,9,0,sequential_yolo_pose,SM-S906U1,GPU
2026-04-23 00:02:43.001,108.615,25.302,53.410,0.741,1.425,5.739,18.709,0.044,false,20.371,SEVERE,9,0,sequential_yolo_pose,SM-S906U1,GPU
2026-04-23 00:02:43.119,110.865,31.861,54.433,0.587,1.786,7.209,10.292,0.049,false,20.309,SEVERE,9,0,sequential_yolo_pose,SM-S906U1,GPU
2026-04-23 00:02:43.236,112.623,31.628,54.434,0.612,1.493,5.758,12.922,0.049,false,20.340,SEVERE,9,0,sequential_yolo_pose,SM-S906U1,GPU
2026-04-23 00:02:43.350,108.475,24.593,57.280,0.899,1.901,9.712,10.780,0.042,false,14.473,SEVERE,9,0,sequential_yolo_pose,SM-S906U1,GPU
2026-04-23 00:02:43.472,117.721,33.073,53.906,0.661,2.081,9.436,13.320,0.056,false,21.512,SEVERE,9,0,sequential_yolo_pose,SM-S906U1,GPU
2026-04-23 00:02:43.590,112.759,29.921,55.555,1.083,2.099,6.741,10.776,0.033,false,38.520,SEVERE,9,0,sequential_yolo_pose,SM-S906U1,GPU
2026-04-23 00:02:43.719,116.834,31.375,52.732,2.128,3.396,12.197,10.089,0.048,false,20.371,SEVERE,9,0,sequential_yolo_pose,SM-S906U1,GPU
2026-04-23 00:02:43.839,115.211,33.106,55.018,0.634,1.625,7.909,12.714,0.051,false,20.340,SEVERE,8,0,sequential_yolo_pose,SM-S906U1,GPU
2026-04-23 00:02:43.952,108.895,31.011,55.004,0.664,1.466,6.359,10.058,0.049,false,20.328,SEVERE,8,0,sequential_yolo_pose,SM-S906U1,GPU
2026-04-23 00:02:44.074,116.131,34.033,55.117,0.547,1.608,7.588,12.218,0.059,false,20.309,SEVERE,8,0,sequential_yolo_pose,SM-S906U1,GPU
2026-04-23 00:02:44.185,107.187,27.604,54.579,0.840,2.069,7.258,10.345,0.044,false,20.278,SEVERE,8,0,sequential_yolo_pose,SM-S906U1,GPU
2026-04-23 00:02:44.314,124.823,32.371,53.544,0.677,5.782,17.872,10.259,0.053,false,20.403,SEVERE,8,0,sequential_yolo_pose,SM-S906U1,GPU
2026-04-23 00:02:44.435,116.646,31.236,54.974,0.898,2.155,8.753,14.115,0.043,false,20.371,SEVERE,8,0,sequential_yolo_pose,SM-S906U1,GPU
2026-04-23 00:02:44.558,118.851,28.283,57.251,0.999,5.625,9.070,13.395,0.046,false,20.403,SEVERE,8,0,sequential_yolo_pose,SM-S906U1,GPU
2026-04-23 00:02:44.680,116.790,32.101,52.843,0.769,2.027,11.998,11.536,0.044,false,20.340,SEVERE,8,0,sequential_yolo_pose,SM-S906U1,GPU
2026-04-23 00:02:44.808,121.543,32.020,53.621,0.984,2.593,12.029,13.410,0.044,false,20.403,SEVERE,8,0,sequential_yolo_pose,SM-S906U1,GPU
2026-04-23 00:02:44.924,111.701,29.674,54.534,0.901,2.659,7.752,11.656,0.050,false,20.309,SEVERE,9,0,sequential_yolo_pose,SM-S906U1,GPU
2026-04-23 00:02:45.046,106.694,26.149,53.463,1.204,2.615,8.071,10.587,0.051,false,20.340,SEVERE,9,0,sequential_yolo_pose,SM-S906U1,GPU
2026-04-23 00:02:45.162,110.714,27.033,54.680,1.098,2.614,8.195,12.295,0.062,false,20.309,SEVERE,9,0,sequential_yolo_pose,SM-S906U1,GPU
2026-04-23 00:02:45.272,104.547,23.830,54.032,0.618,1.447,7.310,14.199,0.054,false,20.403,SEVERE,9,0,sequential_yolo_pose,SM-S906U1,GPU
2026-04-23 00:02:45.386,109.500,23.826,55.876,0.933,2.569,11.570,10.539,0.051,false,20.426,SEVERE,9,0,sequential_yolo_pose,SM-S906U1,GPU
2026-04-23 00:02:45.504,113.330,29.087,54.889,0.750,2.009,10.188,9.950,0.045,false,20.403,SEVERE,9,0,sequential_yolo_pose,SM-S906U1,GPU
2026-04-23 00:02:45.622,113.300,29.487,53.496,1.446,2.580,10.933,11.144,0.043,false,20.371,SEVERE,9,0,sequential_yolo_pose,SM-S906U1,GPU
2026-04-23 00:02:45.734,107.147,28.665,53.723,0.512,1.355,6.747,10.682,0.047,false,20.410,SEVERE,9,0,sequential_yolo_pose,SM-S906U1,GPU
2026-04-23 00:02:45.845,106.119,24.458,54.528,0.763,1.916,7.568,13.554,0.053,false,20.403,SEVERE,8,0,sequential_yolo_pose,SM-S906U1,GPU
2026-04-23 00:02:45.970,120.950,37.629,57.852,0.634,1.522,6.341,12.688,0.053,false,20.340,SEVERE,8,0,sequential_yolo_pose,SM-S906U1,GPU
2026-04-23 00:02:46.085,108.505,26.398,55.329,0.638,2.941,8.658,10.269,0.050,false,20.364,SEVERE,8,0,sequential_yolo_pose,SM-S906U1,GPU
2026-04-23 00:02:46.197,106.007,29.188,52.975,0.550,1.391,6.344,11.070,0.050,false,20.340,SEVERE,8,0,sequential_yolo_pose,SM-S906U1,GPU
2026-04-23 00:02:46.322,117.044,27.144,53.903,0.944,2.540,14.518,12.768,0.042,false,20.371,SEVERE,8,0,sequential_yolo_pose,SM-S906U1,GPU
2026-04-23 00:02:46.444,114.061,28.144,55.848,0.637,2.132,8.059,14.377,0.068,false,20.278,SEVERE,8,0,sequential_yolo_pose,SM-S906U1,GPU
2026-04-23 00:02:46.551,102.985,38.056,60.204,0.425,0.000,0.000,0.000,0.000,true,16.914,SEVERE,8,0,sequential_yolo_pose,SM-S906U1,GPU
2026-04-23 00:02:46.652,87.756,23.891,55.039,1.006,0.000,0.000,0.000,0.000,true,30.559,SEVERE,8,0,sequential_yolo_pose,SM-S906U1,GPU
2026-04-23 00:02:46.769,98.959,36.699,53.711,0.901,0.000,0.000,0.000,0.000,true,13.852,SEVERE,8,0,sequential_yolo_pose,SM-S906U1,GPU
2026-04-23 00:02:46.891,116.230,37.136,53.133,0.490,1.403,6.552,12.012,0.045,false,20.469,SEVERE,9,0,sequential_yolo_pose,SM-S906U1,GPU
2026-04-23 00:02:47.018,122.585,23.481,61.589,0.947,2.612,18.284,10.989,0.051,false,20.403,SEVERE,9,0,sequential_yolo_pose,SM-S906U1,GPU
2026-04-23 00:02:47.149,126.288,27.521,53.124,0.535,1.535,8.839,27.967,0.060,false,20.371,SEVERE,9,0,sequential_yolo_pose,SM-S906U1,GPU
2026-04-23 00:02:47.264,111.167,31.436,55.089,0.705,1.817,7.046,10.725,0.060,false,20.278,SEVERE,9,0,sequential_yolo_pose,SM-S906U1,GPU
2026-04-23 00:02:47.390,121.920,31.117,56.708,1.017,2.725,13.853,11.510,0.063,false,20.434,SEVERE,9,0,sequential_yolo_pose,SM-S906U1,GPU
2026-04-23 00:02:47.516,119.676,30.167,56.120,1.019,3.458,11.593,11.613,0.051,false,20.340,SEVERE,9,0,sequential_yolo_pose,SM-S906U1,GPU
2026-04-23 00:02:47.632,111.710,33.538,51.540,0.872,1.887,6.428,11.165,0.048,false,20.340,SEVERE,9,0,sequential_yolo_pose,SM-S906U1,GPU
2026-04-23 00:02:47.749,112.550,30.082,55.770,1.105,2.327,8.727,9.741,0.056,false,20.340,SEVERE,9,0,sequential_yolo_pose,SM-S906U1,GPU
2026-04-23 00:02:47.867,114.123,32.875,55.682,0.506,1.469,5.473,13.440,0.047,false,20.434,SEVERE,8,0,sequential_yolo_pose,SM-S906U1,GPU
2026-04-23 00:02:47.985,113.591,31.654,53.241,1.040,3.935,9.101,10.371,0.048,false,20.340,SEVERE,8,0,sequential_yolo_pose,SM-S906U1,GPU
2026-04-23 00:02:48.103,112.978,29.052,54.985,0.568,1.346,5.867,13.750,0.055,false,20.309,SEVERE,8,0,sequential_yolo_pose,SM-S906U1,GPU
2026-04-23 00:02:48.217,109.374,24.566,55.665,3.413,2.802,9.072,10.785,0.049,false,20.371,SEVERE,8,0,sequential_yolo_pose,SM-S906U1,GPU
2026-04-23 00:02:48.328,106.619,28.061,52.092,0.531,1.427,5.746,12.766,0.048,false,20.278,SEVERE,8,0,sequential_yolo_pose,SM-S906U1,GPU
2026-04-23 00:02:48.445,111.909,29.252,55.515,0.648,2.245,9.836,9.974,0.046,false,20.309,SEVERE,8,0,sequential_yolo_pose,SM-S906U1,GPU
2026-04-23 00:02:48.556,107.276,30.912,52.851,0.642,1.466,6.142,11.012,0.045,false,20.371,SEVERE,8,0,sequential_yolo_pose,SM-S906U1,GPU
2026-04-23 00:02:48.674,107.196,24.262,55.992,0.939,2.598,10.353,9.701,0.045,false,20.340,SEVERE,8,0,sequential_yolo_pose,SM-S906U1,GPU
2026-04-23 00:02:48.791,113.410,29.850,56.104,0.941,2.295,7.956,11.757,0.057,false,20.340,SEVERE,8,0,sequential_yolo_pose,SM-S906U1,GPU
2026-04-23 00:02:48.912,113.240,31.650,52.589,1.075,1.854,11.490,9.858,0.043,false,20.403,SEVERE,9,0,sequential_yolo_pose,SM-S906U1,GPU
2026-04-23 00:02:49.025,108.082,30.834,54.653,0.562,1.400,6.136,9.999,0.057,false,20.246,SEVERE,9,0,sequential_yolo_pose,SM-S906U1,GPU
2026-04-23 00:02:49.163,132.411,32.225,52.584,1.090,2.660,16.683,22.726,0.052,false,20.434,SEVERE,9,0,sequential_yolo_pose,SM-S906U1,GPU
2026-04-23 00:02:49.265,93.410,32.577,55.801,0.823,0.000,0.000,0.000,0.000,true,16.946,SEVERE,9,0,sequential_yolo_pose,SM-S906U1,GPU
2026-04-23 00:02:49.403,129.215,36.565,54.094,2.565,2.505,10.333,12.084,0.065,false,34.016,SEVERE,9,0,sequential_yolo_pose,SM-S906U1,GPU
2026-04-23 00:02:49.521,112.596,28.133,54.573,1.026,2.081,10.372,11.945,0.049,false,30.289,SEVERE,9,0,sequential_yolo_pose,SM-S906U1,GPU
2026-04-23 00:02:49.644,118.471,33.756,53.172,0.814,2.102,7.389,15.481,0.049,false,21.957,SEVERE,9,0,sequential_yolo_pose,SM-S906U1,GPU
2026-04-23 00:02:49.757,108.528,30.212,55.913,0.598,1.348,5.539,10.646,0.039,false,38.934,SEVERE,9,0,sequential_yolo_pose,SM-S906U1,GPU
2026-04-23 00:02:49.882,109.574,31.870,53.442,0.579,1.488,8.176,9.867,0.047,false,20.399,SEVERE,8,0,sequential_yolo_pose,SM-S906U1,GPU
2026-04-23 00:02:50.002,114.232,31.188,53.794,0.986,2.145,8.828,12.801,0.045,false,20.313,SEVERE,8,0,sequential_yolo_pose,SM-S906U1,GPU
2026-04-23 00:02:50.120,114.198,31.139,53.514,1.018,5.107,8.589,10.355,0.056,false,20.309,SEVERE,8,0,sequential_yolo_pose,SM-S906U1,GPU
2026-04-23 00:02:50.244,117.062,34.984,54.131,0.894,2.077,9.000,10.818,0.049,false,14.504,SEVERE,8,0,sequential_yolo_pose,SM-S906U1,GPU
2026-04-23 00:02:50.360,111.928,34.330,52.719,0.767,1.841,7.642,9.983,0.047,false,21.516,SEVERE,8,0,sequential_yolo_pose,SM-S906U1,GPU
2026-04-23 00:02:50.481,116.181,27.037,56.376,0.832,2.059,9.772,10.970,0.022,false,38.524,SEVERE,8,0,sequential_yolo_pose,SM-S906U1,GPU
2026-04-23 00:02:50.624,137.538,34.180,58.018,1.071,2.671,11.813,13.423,0.047,false,20.371,SEVERE,8,0,sequential_yolo_pose,SM-S906U1,GPU
2026-04-23 00:02:50.749,119.293,29.664,54.467,0.744,3.138,13.564,10.942,0.049,false,20.371,SEVERE,8,0,sequential_yolo_pose,SM-S906U1,GPU
2026-04-23 00:02:50.867,114.550,32.294,54.078,0.592,1.638,8.154,13.199,0.054,false,20.403,SEVERE,8,0,sequential_yolo_pose,SM-S906U1,GPU
2026-04-23 00:02:50.960,87.875,30.670,52.203,0.776,0.000,0.000,0.000,0.000,true,16.856,SEVERE,8,0,sequential_yolo_pose,SM-S906U1,GPU
2026-04-23 00:02:51.057,87.918,30.641,52.543,0.455,0.000,0.000,0.000,0.000,true,30.563,SEVERE,8,0,sequential_yolo_pose,SM-S906U1,GPU
2026-04-23 00:02:51.168,102.051,39.329,55.515,2.661,0.000,0.000,0.000,0.000,true,18.574,SEVERE,8,0,sequential_yolo_pose,SM-S906U1,GPU
2026-04-23 00:02:51.291,116.545,33.611,55.351,1.015,3.225,5.830,11.550,0.034,false,35.520,SEVERE,8,0,sequential_yolo_pose,SM-S906U1,GPU
2026-04-23 00:02:51.414,114.849,28.540,56.071,2.262,2.830,11.617,9.928,0.056,false,22.035,SEVERE,8,0,sequential_yolo_pose,SM-S906U1,GPU
2026-04-23 00:02:51.541,122.168,28.771,54.779,0.953,2.511,11.597,18.255,0.073,false,13.461,SEVERE,8,0,sequential_yolo_pose,SM-S906U1,GPU
2026-04-23 00:02:51.653,106.756,29.815,52.388,0.993,1.896,6.414,10.341,0.049,false,20.278,SEVERE,8,0,sequential_yolo_pose,SM-S906U1,GPU
2026-04-23 00:02:51.784,123.272,29.843,55.380,1.115,3.257,15.335,11.766,0.052,false,20.371,SEVERE,8,0,sequential_yolo_pose,SM-S906U1,GPU
2026-04-23 00:02:51.906,118.089,31.700,54.528,0.776,1.810,7.368,14.894,0.038,false,20.469,SEVERE,9,0,sequential_yolo_pose,SM-S906U1,GPU
2026-04-23 00:02:52.021,112.084,25.558,54.592,0.954,4.581,11.071,11.693,0.063,false,20.371,SEVERE,9,0,sequential_yolo_pose,SM-S906U1,GPU
2026-04-23 00:02:52.141,113.209,32.847,52.442,0.550,1.484,9.769,11.197,0.045,false,20.340,SEVERE,9,0,sequential_yolo_pose,SM-S906U1,GPU
2026-04-23 00:02:52.257,113.049,30.657,53.642,0.843,2.163,8.698,11.946,0.044,false,20.309,SEVERE,9,0,sequential_yolo_pose,SM-S906U1,GPU
2026-04-23 00:02:52.378,111.724,26.979,56.799,0.707,1.935,6.924,13.467,0.051,false,20.340,SEVERE,9,0,sequential_yolo_pose,SM-S906U1,GPU
2026-04-23 00:02:52.491,109.572,29.019,53.626,0.891,2.180,8.834,10.661,0.047,false,20.278,SEVERE,9,0,sequential_yolo_pose,SM-S906U1,GPU
2026-04-23 00:02:52.609,109.494,23.516,53.653,0.549,1.738,8.694,15.633,0.031,false,20.426,SEVERE,9,0,sequential_yolo_pose,SM-S906U1,GPU
2026-04-23 00:02:52.733,120.569,25.158,53.869,0.937,2.531,17.511,16.344,0.053,false,20.434,SEVERE,9,0,sequential_yolo_pose,SM-S906U1,GPU
2026-04-23 00:02:52.853,113.939,29.592,52.521,0.816,2.122,12.416,12.236,0.055,false,20.309,SEVERE,9,0,sequential_yolo_pose,SM-S906U1,GPU
2026-04-23 00:02:52.964,106.530,25.684,55.115,0.718,1.605,6.417,10.914,0.051,false,20.375,SEVERE,9,0,sequential_yolo_pose,SM-S906U1,GPU
2026-04-23 00:02:53.085,117.057,30.058,54.573,0.840,2.405,10.874,12.084,0.046,false,20.371,SEVERE,9,0,sequential_yolo_pose,SM-S906U1,GPU
2026-04-23 00:02:53.206,115.134,28.477,56.206,0.690,1.929,8.069,10.534,0.062,false,20.246,SEVERE,9,0,sequential_yolo_pose,SM-S906U1,GPU
2026-04-23 00:02:53.317,107.011,30.448,53.503,1.022,1.777,5.718,10.039,0.050,false,20.309,SEVERE,9,0,sequential_yolo_pose,SM-S906U1,GPU
2026-04-23 00:02:53.436,113.210,28.736,54.873,0.757,1.527,8.752,11.161,0.058,false,20.371,SEVERE,9,0,sequential_yolo_pose,SM-S906U1,GPU
2026-04-23 00:02:53.529,88.499,31.122,52.187,0.826,0.000,0.000,0.000,0.000,true,16.914,SEVERE,9,0,sequential_yolo_pose,SM-S906U1,GPU
2026-04-23 00:02:53.655,119.086,33.160,55.189,1.905,2.354,7.117,11.783,0.053,false,33.891,SEVERE,9,0,sequential_yolo_pose,SM-S906U1,GPU
2026-04-23 00:02:53.785,114.356,29.182,53.953,1.063,2.938,12.799,10.044,0.056,false,20.430,SEVERE,9,0,sequential_yolo_pose,SM-S906U1,GPU
2026-04-23 00:02:53.904,108.089,26.321,54.596,0.840,2.160,8.798,10.785,0.050,false,20.403,SEVERE,8,0,sequential_yolo_pose,SM-S906U1,GPU
2026-04-23 00:02:54.022,113.655,30.335,54.898,2.293,2.177,9.070,10.678,0.058,false,20.407,SEVERE,8,0,sequential_yolo_pose,SM-S906U1,GPU
2026-04-23 00:02:54.150,122.131,32.527,55.386,1.050,6.308,9.136,11.297,0.052,false,20.340,SEVERE,8,0,sequential_yolo_pose,SM-S906U1,GPU
2026-04-23 00:02:54.270,114.486,29.480,53.585,0.806,2.079,8.350,13.325,0.040,false,20.340,SEVERE,8,0,sequential_yolo_pose,SM-S906U1,GPU
2026-04-23 00:02:54.386,112.264,32.222,52.157,0.930,2.450,9.273,10.245,0.044,false,20.340,SEVERE,8,0,sequential_yolo_pose,SM-S906U1,GPU
2026-04-23 00:02:54.511,119.710,30.055,56.666,0.675,1.706,9.939,13.478,0.091,false,20.340,SEVERE,8,0,sequential_yolo_pose,SM-S906U1,GPU
2026-04-23 00:02:54.607,92.415,31.749,55.716,0.550,0.000,0.000,0.000,0.000,true,16.914,SEVERE,8,0,sequential_yolo_pose,SM-S906U1,GPU
2026-04-23 00:02:54.734,122.372,33.219,55.065,0.760,1.598,7.741,18.863,0.051,false,33.922,SEVERE,8,0,sequential_yolo_pose,SM-S906U1,GPU
2026-04-23 00:02:54.853,110.460,27.529,57.034,1.005,2.492,8.484,10.244,0.057,false,28.774,SEVERE,8,0,sequential_yolo_pose,SM-S906U1,GPU
2026-04-23 00:02:54.981,124.240,33.797,55.157,1.354,2.760,11.069,12.244,0.050,false,20.313,SEVERE,9,0,sequential_yolo_pose,SM-S906U1,GPU
2026-04-23 00:02:55.099,113.608,29.612,53.944,0.775,2.358,6.934,14.611,0.051,false,20.278,SEVERE,9,0,sequential_yolo_pose,SM-S906U1,GPU
2026-04-23 00:02:55.209,106.148,26.662,52.678,0.650,2.395,5.941,11.692,0.049,false,20.375,SEVERE,9,0,sequential_yolo_pose,SM-S906U1,GPU
2026-04-23 00:02:55.308,94.144,34.737,54.921,0.267,0.000,0.000,0.000,0.000,true,16.946,SEVERE,9,0,sequential_yolo_pose,SM-S906U1,GPU
2026-04-23 00:02:55.402,89.652,31.000,54.353,0.442,0.000,0.000,0.000,0.000,true,30.559,SEVERE,9,0,sequential_yolo_pose,SM-S906U1,GPU
2026-04-23 00:02:55.494,86.845,30.009,51.824,0.467,0.000,0.000,0.000,0.000,true,13.910,SEVERE,9,0,sequential_yolo_pose,SM-S906U1,GPU
2026-04-23 00:02:55.601,99.991,37.581,55.363,0.729,0.000,0.000,0.000,0.000,true,16.938,SEVERE,9,0,sequential_yolo_pose,SM-S906U1,GPU
2026-04-23 00:02:55.724,116.461,29.020,54.664,1.036,2.370,11.311,13.404,0.033,false,33.915,SEVERE,9,0,sequential_yolo_pose,SM-S906U1,GPU
2026-04-23 00:02:55.845,116.920,31.702,55.762,0.966,3.145,10.065,11.994,0.047,false,30.301,SEVERE,9,0,sequential_yolo_pose,SM-S906U1,GPU
2026-04-23 00:02:55.957,107.247,28.716,55.821,0.532,1.602,6.069,10.045,0.046,false,20.430,SEVERE,9,0,sequential_yolo_pose,SM-S906U1,GPU
2026-04-23 00:02:56.079,114.088,29.210,53.334,0.739,1.747,10.714,13.428,0.051,false,20.340,SEVERE,9,0,sequential_yolo_pose,SM-S906U1,GPU
2026-04-23 00:02:56.193,109.432,31.518,54.075,0.606,1.427,5.645,11.181,0.055,false,20.278,SEVERE,9,0,sequential_yolo_pose,SM-S906U1,GPU
2026-04-23 00:02:56.316,112.528,35.253,54.865,0.507,3.017,3.920,10.622,0.032,false,20.309,SEVERE,9,0,sequential_yolo_pose,SM-S906U1,GPU
2026-04-23 00:02:56.432,113.772,24.154,56.482,0.605,3.002,13.807,12.189,0.036,false,20.485,SEVERE,9,0,sequential_yolo_pose,SM-S906U1,GPU
2026-04-23 00:02:56.552,113.170,29.297,56.448,0.895,2.813,7.690,11.727,0.050,false,20.340,SEVERE,9,0,sequential_yolo_pose,SM-S906U1,GPU
2026-04-23 00:02:56.660,104.084,28.078,52.931,0.522,1.587,6.118,10.474,0.049,false,20.278,SEVERE,9,0,sequential_yolo_pose,SM-S906U1,GPU
2026-04-23 00:02:56.770,102.435,25.282,55.256,0.546,1.526,5.496,11.235,0.034,false,20.399,SEVERE,9,0,sequential_yolo_pose,SM-S906U1,GPU
2026-04-23 00:02:56.879,105.976,28.709,52.751,0.561,1.736,7.046,10.906,0.052,false,20.246,SEVERE,9,0,sequential_yolo_pose,SM-S906U1,GPU
2026-04-23 00:02:56.990,106.857,31.074,52.664,0.538,1.704,5.407,11.342,0.042,false,20.313,SEVERE,9,0,sequential_yolo_pose,SM-S906U1,GPU
2026-04-23 00:02:57.113,118.332,30.020,52.496,0.671,3.704,8.734,12.272,1.142,false,20.371,SEVERE,9,0,sequential_yolo_pose,SM-S906U1,GPU
2026-04-23 00:02:57.230,112.428,32.629,54.339,0.833,2.050,8.186,10.235,0.045,false,20.278,SEVERE,9,0,sequential_yolo_pose,SM-S906U1,GPU
2026-04-23 00:02:57.353,117.113,32.800,54.716,1.007,2.508,11.155,10.567,0.053,false,20.340,SEVERE,9,0,sequential_yolo_pose,SM-S906U1,GPU
2026-04-23 00:02:57.476,118.370,28.683,55.571,0.864,2.338,9.046,13.546,0.050,false,20.403,SEVERE,9,0,sequential_yolo_pose,SM-S906U1,GPU
2026-04-23 00:02:57.606,119.743,32.728,53.822,1.151,3.681,11.084,12.728,0.052,false,20.309,SEVERE,9,0,sequential_yolo_pose,SM-S906U1,GPU
2026-04-23 00:02:57.720,110.377,33.509,53.838,0.679,1.588,6.584,9.720,0.075,false,20.309,SEVERE,9,0,sequential_yolo_pose,SM-S906U1,GPU
2026-04-23 00:02:57.830,105.985,25.645,54.757,0.596,1.324,6.586,12.402,0.046,false,20.371,SEVERE,9,0,sequential_yolo_pose,SM-S906U1,GPU
2026-04-23 00:02:57.941,105.462,27.856,55.400,0.420,1.020,5.488,11.433,0.043,false,20.465,SEVERE,8,0,sequential_yolo_pose,SM-S906U1,GPU
2026-04-23 00:02:58.052,105.957,26.042,56.786,0.691,1.603,6.465,10.157,0.042,false,20.340,SEVERE,8,0,sequential_yolo_pose,SM-S906U1,GPU
2026-04-23 00:02:58.167,110.029,29.935,55.600,0.521,1.381,6.677,11.833,0.040,false,20.278,SEVERE,8,0,sequential_yolo_pose,SM-S906U1,GPU
2026-04-23 00:02:58.279,108.136,32.300,53.560,0.551,1.301,6.814,9.460,0.050,false,20.371,SEVERE,8,0,sequential_yolo_pose,SM-S906U1,GPU
2026-04-23 00:02:58.385,102.313,27.988,52.746,0.671,1.296,5.467,9.518,0.048,false,20.309,SEVERE,8,0,sequential_yolo_pose,SM-S906U1,GPU
2026-04-23 00:02:58.503,114.292,30.055,54.338,0.834,1.969,7.952,12.720,0.072,false,20.309,SEVERE,8,0,sequential_yolo_pose,SM-S906U1,GPU
2026-04-23 00:02:58.615,107.688,30.997,55.394,0.614,1.344,5.568,9.742,0.051,false,20.278,SEVERE,8,0,sequential_yolo_pose,SM-S906U1,GPU
2026-04-23 00:02:58.737,117.142,38.220,55.299,0.672,1.618,6.722,10.296,0.043,false,20.309,SEVERE,8,0,sequential_yolo_pose,SM-S906U1,GPU
2026-04-23 00:02:58.857,115.496,25.112,53.654,1.008,5.717,14.590,11.916,0.044,false,20.426,SEVERE,8,0,sequential_yolo_pose,SM-S906U1,GPU
2026-04-23 00:02:58.950,87.948,29.994,53.436,0.444,0.000,0.000,0.000,0.000,true,17.008,SEVERE,9,0,sequential_yolo_pose,SM-S906U1,GPU
2026-04-23 00:02:59.053,98.490,37.047,55.959,0.797,0.000,0.000,0.000,0.000,true,30.692,SEVERE,9,0,sequential_yolo_pose,SM-S906U1,GPU
2026-04-23 00:02:59.164,103.814,40.007,55.844,0.745,0.000,0.000,0.000,0.000,true,13.942,SEVERE,9,0,sequential_yolo_pose,SM-S906U1,GPU
2026-04-23 00:02:59.291,119.465,30.283,55.064,0.898,3.862,12.212,11.260,0.048,false,20.367,SEVERE,9,0,sequential_yolo_pose,SM-S906U1,GPU
2026-04-23 00:02:59.412,111.408,24.589,57.576,1.076,4.295,10.998,9.394,0.091,false,20.371,SEVERE,9,0,sequential_yolo_pose,SM-S906U1,GPU
2026-04-23 00:02:59.534,117.493,31.429,54.018,1.105,2.690,9.260,14.460,0.061,false,20.340,SEVERE,9,0,sequential_yolo_pose,SM-S906U1,GPU
2026-04-23 00:02:59.632,90.861,32.260,52.840,0.559,0.000,0.000,0.000,0.000,true,16.946,SEVERE,9,0,sequential_yolo_pose,SM-S906U1,GPU
2026-04-23 00:02:59.736,96.648,33.769,57.482,0.745,0.000,0.000,0.000,0.000,true,30.559,SEVERE,9,0,sequential_yolo_pose,SM-S906U1,GPU
2026-04-23 00:02:59.840,96.971,34.737,55.437,0.386,0.000,0.000,0.000,0.000,true,18.176,SEVERE,9,0,sequential_yolo_pose,SM-S906U1,GPU
2026-04-23 00:02:59.970,125.628,40.373,56.603,0.421,1.239,6.103,14.459,0.037,false,35.247,SEVERE,9,0,sequential_yolo_pose,SM-S906U1,GPU
2026-04-23 00:03:00.092,117.642,39.027,55.654,0.583,1.681,6.173,9.968,0.178,false,21.930,SEVERE,9,0,sequential_yolo_pose,SM-S906U1,GPU
2026-04-23 00:03:00.230,133.106,32.159,56.737,0.999,4.852,12.589,12.983,1.467,false,13.594,SEVERE,9,0,sequential_yolo_pose,SM-S906U1,GPU
2026-04-23 00:03:00.344,107.845,28.669,54.422,0.675,2.629,6.736,10.636,0.044,false,20.410,SEVERE,9,0,sequential_yolo_pose,SM-S906U1,GPU
2026-04-23 00:03:00.451,102.845,30.656,52.214,0.643,0.943,4.169,9.751,0.048,false,20.278,SEVERE,9,0,sequential_yolo_pose,SM-S906U1,GPU
2026-04-23 00:03:00.557,101.226,24.581,54.939,0.697,1.990,6.104,9.636,0.041,false,20.399,SEVERE,9,0,sequential_yolo_pose,SM-S906U1,GPU
2026-04-23 00:03:00.679,113.317,24.883,54.502,1.270,3.179,14.928,11.311,0.063,false,20.403,SEVERE,9,0,sequential_yolo_pose,SM-S906U1,GPU
2026-04-23 00:03:00.791,107.787,28.874,55.021,0.743,2.034,6.485,10.360,0.050,false,20.309,SEVERE,9,0,sequential_yolo_pose,SM-S906U1,GPU
2026-04-23 00:03:00.906,108.464,25.592,55.458,0.539,1.431,9.840,11.768,0.053,false,20.371,SEVERE,9,0,sequential_yolo_pose,SM-S906U1,GPU
2026-04-23 00:03:01.033,122.080,34.143,57.440,0.657,1.905,6.734,16.812,0.053,false,20.364,SEVERE,9,0,sequential_yolo_pose,SM-S906U1,GPU
2026-04-23 00:03:01.151,112.500,29.776,54.012,0.547,2.228,9.595,11.763,0.061,false,20.340,SEVERE,9,0,sequential_yolo_pose,SM-S906U1,GPU
2026-04-23 00:03:01.272,116.222,29.080,54.094,1.087,2.565,9.936,14.180,0.045,false,20.340,SEVERE,9,0,sequential_yolo_pose,SM-S906U1,GPU
2026-04-23 00:03:01.394,116.112,32.859,54.733,0.893,2.224,9.092,11.993,0.048,false,20.309,SEVERE,9,0,sequential_yolo_pose,SM-S906U1,GPU
2026-04-23 00:03:01.516,116.096,34.444,54.092,0.688,2.480,8.776,10.485,0.045,false,20.371,SEVERE,9,0,sequential_yolo_pose,SM-S906U1,GPU
2026-04-23 00:03:01.640,119.664,32.396,54.997,0.986,2.184,8.738,14.737,0.789,false,20.371,SEVERE,9,0,sequential_yolo_pose,SM-S906U1,GPU
2026-04-23 00:03:01.755,109.992,28.099,53.754,1.027,2.889,9.306,10.675,0.050,false,20.371,SEVERE,9,0,sequential_yolo_pose,SM-S906U1,GPU
2026-04-23 00:03:01.883,119.101,29.120,55.513,1.063,2.657,9.523,12.979,0.043,false,20.340,SEVERE,9,0,sequential_yolo_pose,SM-S906U1,GPU
2026-04-23 00:03:02.001,114.964,32.689,54.492,0.700,1.647,5.382,15.114,0.039,false,20.434,SEVERE,8,0,sequential_yolo_pose,SM-S906U1,GPU
2026-04-23 00:03:02.113,107.637,24.865,53.725,0.843,2.560,11.062,11.482,0.062,false,20.278,SEVERE,8,0,sequential_yolo_pose,SM-S906U1,GPU
2026-04-23 00:03:02.207,89.468,30.420,54.437,0.379,0.000,0.000,0.000,0.000,true,16.977,SEVERE,8,0,sequential_yolo_pose,SM-S906U1,GPU
2026-04-23 00:03:02.329,118.301,31.951,56.938,0.693,1.631,7.984,13.267,0.042,false,33.985,SEVERE,8,0,sequential_yolo_pose,SM-S906U1,GPU
2026-04-23 00:03:02.446,112.984,27.447,56.279,0.633,1.437,9.537,12.912,0.044,false,30.254,SEVERE,8,0,sequential_yolo_pose,SM-S906U1,GPU
2026-04-23 00:03:02.568,118.114,34.163,57.828,0.530,1.639,5.874,13.535,0.061,false,20.309,SEVERE,8,0,sequential_yolo_pose,SM-S906U1,GPU
2026-04-23 00:03:02.685,113.679,30.178,56.552,0.725,3.997,7.719,10.013,0.048,false,20.340,SEVERE,8,0,sequential_yolo_pose,SM-S906U1,GPU
2026-04-23 00:03:02.806,115.193,30.491,54.063,0.896,2.033,7.578,14.520,0.050,false,20.340,SEVERE,8,0,sequential_yolo_pose,SM-S906U1,GPU
2026-04-23 00:03:02.918,107.531,28.561,54.048,0.774,1.665,7.002,11.105,0.095,false,20.340,SEVERE,8,0,sequential_yolo_pose,SM-S906U1,GPU
2026-04-23 00:03:03.050,122.246,32.702,52.179,1.108,5.694,9.562,11.358,0.049,false,20.309,SEVERE,9,0,sequential_yolo_pose,SM-S906U1,GPU
2026-04-23 00:03:03.178,124.792,29.605,57.872,1.116,2.550,14.672,12.190,0.050,false,20.340,SEVERE,9,0,sequential_yolo_pose,SM-S906U1,GPU
2026-04-23 00:03:03.277,91.526,32.175,53.031,0.750,0.000,0.000,0.000,0.000,true,16.914,SEVERE,9,0,sequential_yolo_pose,SM-S906U1,GPU
2026-04-23 00:03:03.376,95.175,33.403,55.403,0.668,0.000,0.000,0.000,0.000,true,30.590,SEVERE,9,0,sequential_yolo_pose,SM-S906U1,GPU
2026-04-23 00:03:03.506,125.948,39.430,58.483,0.782,1.908,10.509,9.966,0.045,false,17.309,SEVERE,9,0,sequential_yolo_pose,SM-S906U1,GPU
2026-04-23 00:03:03.622,111.409,30.993,53.767,2.717,2.612,6.739,10.306,0.039,false,20.371,SEVERE,9,0,sequential_yolo_pose,SM-S906U1,GPU
2026-04-23 00:03:03.731,103.723,28.693,50.869,0.428,1.372,5.366,11.677,0.041,false,20.278,SEVERE,9,0,sequential_yolo_pose,SM-S906U1,GPU
2026-04-23 00:03:03.848,108.675,29.169,54.294,0.680,2.731,6.611,10.554,0.045,false,20.371,SEVERE,9,0,sequential_yolo_pose,SM-S906U1,GPU
2026-04-23 00:03:03.941,88.958,29.696,53.842,0.589,0.000,0.000,0.000,0.000,true,16.946,SEVERE,9,0,sequential_yolo_pose,SM-S906U1,GPU
2026-04-23 00:03:04.060,111.122,46.918,57.628,0.612,0.000,0.000,0.000,0.000,true,30.653,SEVERE,8,0,sequential_yolo_pose,SM-S906U1,GPU
2026-04-23 00:03:04.161,93.967,34.400,52.715,0.714,0.000,0.000,0.000,0.000,true,18.617,SEVERE,8,0,sequential_yolo_pose,SM-S906U1,GPU
2026-04-23 00:03:04.292,122.477,37.037,54.148,0.947,4.226,9.557,10.370,0.049,false,35.532,SEVERE,8,0,sequential_yolo_pose,SM-S906U1,GPU
2026-04-23 00:03:04.420,120.006,32.352,53.641,0.887,2.708,14.739,11.152,0.050,false,17.250,SEVERE,8,0,sequential_yolo_pose,SM-S906U1,GPU
2026-04-23 00:03:04.545,120.746,32.101,57.614,0.438,2.771,10.529,11.792,0.045,false,20.340,SEVERE,8,0,sequential_yolo_pose,SM-S906U1,GPU
2026-04-23 00:03:04.662,112.723,31.789,55.043,0.650,1.717,6.882,9.730,0.054,false,20.340,SEVERE,8,0,sequential_yolo_pose,SM-S906U1,GPU
2026-04-23 00:03:04.779,109.818,32.791,54.784,0.471,1.378,6.215,9.904,0.048,false,20.309,SEVERE,8,0,sequential_yolo_pose,SM-S906U1,GPU
2026-04-23 00:03:04.897,114.844,30.902,56.371,0.871,2.957,8.802,10.616,0.067,false,20.340,SEVERE,8,0,sequential_yolo_pose,SM-S906U1,GPU
2026-04-23 00:03:05.013,109.472,29.576,54.528,0.544,1.992,8.097,10.441,0.049,false,20.434,SEVERE,9,0,sequential_yolo_pose,SM-S906U1,GPU
2026-04-23 00:03:05.130,113.211,30.211,55.764,0.547,1.828,6.631,13.983,0.040,false,20.371,SEVERE,9,0,sequential_yolo_pose,SM-S906U1,GPU
2026-04-23 00:03:05.261,122.507,26.376,55.194,0.682,2.042,16.210,17.702,0.044,false,20.434,SEVERE,9,0,sequential_yolo_pose,SM-S906U1,GPU
2026-04-23 00:03:05.379,112.557,29.716,53.897,0.712,2.132,9.502,11.030,0.051,false,20.309,SEVERE,9,0,sequential_yolo_pose,SM-S906U1,GPU
2026-04-23 00:03:05.494,111.265,33.238,54.290,0.543,1.523,6.202,10.273,0.156,false,20.371,SEVERE,9,0,sequential_yolo_pose,SM-S906U1,GPU
2026-04-23 00:03:05.615,113.343,30.852,53.778,0.438,1.593,10.717,11.750,0.033,false,20.371,SEVERE,9,0,sequential_yolo_pose,SM-S906U1,GPU
2026-04-23 00:03:05.728,107.491,31.113,53.278,0.381,1.421,6.250,10.633,0.071,false,20.371,SEVERE,9,0,sequential_yolo_pose,SM-S906U1,GPU
2026-04-23 00:03:05.824,85.964,29.467,51.809,0.510,0.000,0.000,0.000,0.000,true,16.977,SEVERE,9,0,sequential_yolo_pose,SM-S906U1,GPU
2026-04-23 00:03:05.934,103.639,35.425,56.191,0.578,0.000,0.000,0.000,0.000,true,30.559,SEVERE,9,0,sequential_yolo_pose,SM-S906U1,GPU
2026-04-23 00:03:06.052,109.524,32.282,54.075,0.577,1.658,5.313,10.728,0.045,false,16.895,SEVERE,9,0,sequential_yolo_pose,SM-S906U1,GPU
2026-04-23 00:03:06.168,110.875,28.296,54.193,0.502,1.662,7.331,12.514,0.090,false,20.344,SEVERE,9,0,sequential_yolo_pose,SM-S906U1,GPU
2026-04-23 00:03:06.284,110.778,30.054,55.374,0.430,5.064,5.527,9.596,0.036,false,20.356,SEVERE,9,0,sequential_yolo_pose,SM-S906U1,GPU
2026-04-23 00:03:06.400,112.206,28.331,57.328,0.494,1.527,6.890,13.130,0.043,false,20.371,SEVERE,9,0,sequential_yolo_pose,SM-S906U1,GPU
2026-04-23 00:03:06.511,107.843,24.040,55.669,0.480,3.138,8.705,12.760,0.055,false,20.465,SEVERE,9,0,sequential_yolo_pose,SM-S906U1,GPU
2026-04-23 00:03:06.604,88.980,31.079,52.674,0.885,0.000,0.000,0.000,0.000,true,16.914,SEVERE,9,0,sequential_yolo_pose,SM-S906U1,GPU
2026-04-23 00:03:06.715,103.298,26.434,56.994,0.400,2.429,4.707,9.167,0.032,false,33.891,SEVERE,9,0,sequential_yolo_pose,SM-S906U1,GPU
2026-04-23 00:03:06.836,115.819,39.344,54.195,0.554,1.803,5.946,11.010,0.036,false,28.754,SEVERE,9,0,sequential_yolo_pose,SM-S906U1,GPU
2026-04-23 00:03:06.955,115.807,33.877,59.637,0.477,1.377,5.625,10.736,0.044,false,20.375,SEVERE,9,0,sequential_yolo_pose,SM-S906U1,GPU
2026-04-23 00:03:07.078,116.798,31.857,59.300,0.555,3.256,6.542,10.955,0.046,false,20.403,SEVERE,9,0,sequential_yolo_pose,SM-S906U1,GPU
2026-04-23 00:03:07.195,112.152,34.927,53.793,0.639,1.553,5.849,11.009,0.051,false,20.340,SEVERE,9,0,sequential_yolo_pose,SM-S906U1,GPU
2026-04-23 00:03:07.304,102.889,23.720,52.716,0.616,1.813,6.396,14.353,0.162,false,20.403,SEVERE,9,0,sequential_yolo_pose,SM-S906U1,GPU
2026-04-23 00:03:07.413,105.959,24.966,55.343,1.112,1.473,6.756,11.997,0.045,false,20.360,SEVERE,9,0,sequential_yolo_pose,SM-S906U1,GPU
2026-04-23 00:03:07.523,105.586,28.032,55.023,0.653,1.475,5.916,9.866,0.052,false,20.340,SEVERE,9,0,sequential_yolo_pose,SM-S906U1,GPU
2026-04-23 00:03:07.620,91.921,31.073,54.701,0.517,0.000,0.000,0.000,0.000,true,16.946,SEVERE,9,0,sequential_yolo_pose,SM-S906U1,GPU
2026-04-23 00:03:07.716,90.966,31.195,54.903,0.457,0.000,0.000,0.000,0.000,true,30.590,SEVERE,9,0,sequential_yolo_pose,SM-S906U1,GPU
2026-04-23 00:03:07.830,110.848,32.692,54.796,0.478,1.451,5.798,10.818,0.039,false,16.903,SEVERE,9,0,sequential_yolo_pose,SM-S906U1,GPU
2026-04-23 00:03:07.945,108.933,27.578,56.445,0.482,3.133,6.052,10.966,0.032,false,20.403,SEVERE,9,0,sequential_yolo_pose,SM-S906U1,GPU
2026-04-23 00:03:08.053,104.067,28.172,54.106,0.594,1.561,5.584,9.678,0.054,false,20.360,SEVERE,9,0,sequential_yolo_pose,SM-S906U1,GPU
2026-04-23 00:03:08.171,114.346,33.228,54.143,0.574,1.597,5.748,13.172,0.073,false,20.278,SEVERE,9,0,sequential_yolo_pose,SM-S906U1,GPU
2026-04-23 00:03:08.259,84.141,27.384,52.651,0.289,0.000,0.000,0.000,0.000,true,16.946,SEVERE,9,0,sequential_yolo_pose,SM-S906U1,GPU
2026-04-23 00:03:08.353,89.194,29.674,54.198,0.348,0.000,0.000,0.000,0.000,true,30.559,SEVERE,9,0,sequential_yolo_pose,SM-S906U1,GPU
2026-04-23 00:03:08.457,100.410,38.975,56.217,0.298,0.000,0.000,0.000,0.000,true,18.606,SEVERE,9,0,sequential_yolo_pose,SM-S906U1,GPU
2026-04-23 00:03:08.554,92.166,32.353,55.262,0.315,0.000,0.000,0.000,0.000,true,32.188,SEVERE,9,0,sequential_yolo_pose,SM-S906U1,GPU
2026-04-23 00:03:08.654,95.086,32.363,58.237,0.293,0.000,0.000,0.000,0.000,true,18.211,SEVERE,9,0,sequential_yolo_pose,SM-S906U1,GPU
2026-04-23 00:03:08.751,93.595,32.559,56.101,0.494,0.000,0.000,0.000,0.000,true,31.762,SEVERE,9,0,sequential_yolo_pose,SM-S906U1,GPU
2026-04-23 00:03:08.881,123.870,38.191,54.239,0.602,2.821,10.167,11.665,0.043,false,21.535,SEVERE,9,0,sequential_yolo_pose,SM-S906U1,GPU
2026-04-23 00:03:09.004,118.552,30.912,55.319,0.776,1.754,6.134,18.148,0.191,false,38.481,SEVERE,9,0,sequential_yolo_pose,SM-S906U1,GPU
2026-04-23 00:03:09.124,98.247,23.932,52.611,0.709,1.726,5.542,10.611,0.054,false,20.375,SEVERE,9,0,sequential_yolo_pose,SM-S906U1,GPU
2026-04-23 00:03:09.243,109.607,26.208,55.675,0.529,1.574,6.189,16.035,0.049,false,20.371,SEVERE,9,0,sequential_yolo_pose,SM-S906U1,GPU
2026-04-23 00:03:09.357,110.621,32.718,52.523,0.978,1.985,7.650,10.435,0.049,false,20.246,SEVERE,9,0,sequential_yolo_pose,SM-S906U1,GPU
2026-04-23 00:03:09.482,118.558,30.288,54.698,0.744,4.176,8.123,11.906,0.059,false,20.371,SEVERE,9,0,sequential_yolo_pose,SM-S906U1,GPU
2026-04-23 00:03:09.608,122.828,35.726,51.986,0.729,2.194,8.776,17.169,0.068,false,20.371,SEVERE,9,0,sequential_yolo_pose,SM-S906U1,GPU
2026-04-23 00:03:09.721,108.988,29.944,53.774,0.901,2.426,6.668,10.827,0.048,false,20.340,SEVERE,9,0,sequential_yolo_pose,SM-S906U1,GPU
2026-04-23 00:03:09.831,106.801,30.156,52.499,0.455,1.010,5.815,10.289,0.063,false,20.309,SEVERE,9,0,sequential_yolo_pose,SM-S906U1,GPU
2026-04-23 00:03:09.944,107.963,29.129,54.169,0.693,3.481,6.029,10.014,0.067,false,20.309,SEVERE,9,0,sequential_yolo_pose,SM-S906U1,GPU
2026-04-23 00:03:10.065,117.262,36.561,56.796,0.534,1.444,6.311,11.289,0.050,false,20.496,SEVERE,9,0,sequential_yolo_pose,SM-S906U1,GPU
2026-04-23 00:03:10.160,88.117,29.796,53.536,0.790,0.000,0.000,0.000,0.000,true,16.977,SEVERE,9,0,sequential_yolo_pose,SM-S906U1,GPU
2026-04-23 00:03:10.267,96.498,36.504,54.676,0.723,0.000,0.000,0.000,0.000,true,30.590,SEVERE,9,0,sequential_yolo_pose,SM-S906U1,GPU
2026-04-23 00:03:10.388,109.981,30.968,55.506,0.535,1.536,5.843,10.301,0.064,false,16.922,SEVERE,9,0,sequential_yolo_pose,SM-S906U1,GPU
2026-04-23 00:03:10.502,109.068,23.766,56.780,0.925,2.156,8.479,13.691,0.048,false,20.403,SEVERE,9,0,sequential_yolo_pose,SM-S906U1,GPU
2026-04-23 00:03:10.615,108.862,28.403,54.484,0.714,1.867,7.435,11.676,0.047,false,20.371,SEVERE,9,0,sequential_yolo_pose,SM-S906U1,GPU
2026-04-23 00:03:10.745,125.249,30.967,55.234,0.662,2.237,10.013,21.444,0.046,false,20.403,SEVERE,9,0,sequential_yolo_pose,SM-S906U1,GPU
2026-04-23 00:03:10.860,111.562,30.406,54.585,0.640,1.810,6.673,11.447,0.043,false,20.371,SEVERE,9,0,sequential_yolo_pose,SM-S906U1,GPU
2026-04-23 00:03:10.951,84.124,25.791,53.860,0.457,0.000,0.000,0.000,0.000,true,16.946,SEVERE,9,0,sequential_yolo_pose,SM-S906U1,GPU
2026-04-23 00:03:11.077,120.218,35.018,54.284,0.568,1.353,7.833,10.386,0.059,false,34.016,SEVERE,9,0,sequential_yolo_pose,SM-S906U1,GPU
2026-04-23 00:03:11.207,125.232,34.510,56.446,0.868,2.515,8.939,15.605,0.033,false,28.871,SEVERE,9,0,sequential_yolo_pose,SM-S906U1,GPU
2026-04-23 00:03:11.330,114.181,31.410,55.186,0.797,2.304,8.602,11.297,0.055,false,20.278,SEVERE,9,0,sequential_yolo_pose,SM-S906U1,GPU
2026-04-23 00:03:11.447,110.057,29.946,52.523,0.857,5.364,6.357,9.943,0.045,false,20.309,SEVERE,9,0,sequential_yolo_pose,SM-S906U1,GPU
2026-04-23 00:03:11.563,111.387,31.863,54.413,0.802,1.967,7.492,9.901,0.046,false,20.278,SEVERE,9,0,sequential_yolo_pose,SM-S906U1,GPU
2026-04-23 00:03:11.685,116.666,29.410,52.022,0.573,2.435,14.131,12.276,0.048,false,14.598,SEVERE,9,0,sequential_yolo_pose,SM-S906U1,GPU
2026-04-23 00:03:11.812,124.165,31.402,55.379,1.006,2.189,14.263,14.848,0.059,false,21.602,SEVERE,9,0,sequential_yolo_pose,SM-S906U1,GPU
2026-04-23 00:03:11.936,119.514,31.379,56.551,1.082,2.503,9.643,12.261,0.043,false,38.578,SEVERE,9,0,sequential_yolo_pose,SM-S906U1,GPU
2026-04-23 00:03:12.056,110.179,31.144,55.625,0.912,2.611,5.480,9.957,0.045,false,20.453,SEVERE,8,0,sequential_yolo_pose,SM-S906U1,GPU
2026-04-23 00:03:12.178,117.076,29.889,56.245,0.598,1.377,10.008,15.875,0.051,false,20.379,SEVERE,8,0,sequential_yolo_pose,SM-S906U1,GPU
2026-04-23 00:03:12.295,111.982,33.418,52.561,0.650,1.619,6.869,12.294,0.076,false,20.410,SEVERE,8,0,sequential_yolo_pose,SM-S906U1,GPU
2026-04-23 00:03:12.419,114.870,32.847,52.665,0.863,2.585,10.839,10.515,0.044,false,20.379,SEVERE,8,0,sequential_yolo_pose,SM-S906U1,GPU
2026-04-23 00:03:12.531,106.788,30.662,52.822,0.729,1.654,6.793,9.867,0.080,false,20.348,SEVERE,8,0,sequential_yolo_pose,SM-S906U1,GPU
2026-04-23 00:03:12.628,90.121,29.802,55.693,0.704,0.000,0.000,0.000,0.000,true,16.985,SEVERE,8,0,sequential_yolo_pose,SM-S906U1,GPU
2026-04-23 00:03:12.728,92.744,34.091,53.033,0.698,0.000,0.000,0.000,0.000,true,30.598,SEVERE,8,0,sequential_yolo_pose,SM-S906U1,GPU
2026-04-23 00:03:12.859,124.869,39.123,56.954,0.850,2.396,7.626,10.257,0.033,false,21.551,SEVERE,8,0,sequential_yolo_pose,SM-S906U1,GPU
2026-04-23 00:03:12.980,116.677,30.502,54.019,1.021,2.504,12.302,10.198,0.022,false,38.559,SEVERE,8,0,sequential_yolo_pose,SM-S906U1,GPU
2026-04-23 00:03:13.082,97.727,37.150,53.606,0.762,0.000,0.000,0.000,0.000,true,17.039,SEVERE,9,0,sequential_yolo_pose,SM-S906U1,GPU
2026-04-23 00:03:13.208,121.195,34.024,53.376,0.814,2.239,9.280,14.304,0.046,false,33.985,SEVERE,9,0,sequential_yolo_pose,SM-S906U1,GPU
2026-04-23 00:03:13.318,104.852,29.387,53.986,0.472,1.353,4.298,10.374,0.047,false,28.786,SEVERE,9,0,sequential_yolo_pose,SM-S906U1,GPU
2026-04-23 00:03:13.438,113.605,30.428,54.494,0.837,1.915,8.642,12.487,0.048,false,30.293,SEVERE,9,0,sequential_yolo_pose,SM-S906U1,GPU
2026-04-23 00:03:13.563,112.423,28.314,55.304,0.752,2.266,8.039,11.538,0.037,false,20.379,SEVERE,9,0,sequential_yolo_pose,SM-S906U1,GPU
2026-04-23 00:03:13.674,104.952,24.746,54.080,0.648,1.708,7.834,12.771,0.056,false,20.410,SEVERE,9,0,sequential_yolo_pose,SM-S906U1,GPU
2026-04-23 00:03:13.791,112.576,32.894,51.774,1.253,2.233,8.797,10.549,0.047,false,20.348,SEVERE,9,0,sequential_yolo_pose,SM-S906U1,GPU
2026-04-23 00:03:13.909,111.453,30.952,52.468,0.900,2.118,7.866,11.006,0.063,false,20.379,SEVERE,9,0,sequential_yolo_pose,SM-S906U1,GPU
2026-04-23 00:03:14.027,112.037,30.926,53.901,0.731,2.071,7.826,11.879,0.051,false,20.379,SEVERE,9,0,sequential_yolo_pose,SM-S906U1,GPU
2026-04-23 00:03:14.148,115.379,32.897,52.407,0.898,2.389,11.747,10.098,0.049,false,20.410,SEVERE,9,0,sequential_yolo_pose,SM-S906U1,GPU
2026-04-23 00:03:14.259,105.586,27.016,53.625,0.447,1.718,6.736,11.246,0.034,false,20.410,SEVERE,9,0,sequential_yolo_pose,SM-S906U1,GPU
2026-04-23 00:03:14.387,119.585,32.287,52.816,0.578,4.239,12.861,12.179,0.032,false,20.442,SEVERE,9,0,sequential_yolo_pose,SM-S906U1,GPU
2026-04-23 00:03:14.506,115.398,30.322,54.670,0.438,1.410,7.773,13.456,0.043,false,20.348,SEVERE,9,0,sequential_yolo_pose,SM-S906U1,GPU
2026-04-23 00:03:14.624,114.398,33.027,57.525,0.851,2.158,6.320,10.305,0.045,false,20.348,SEVERE,9,0,sequential_yolo_pose,SM-S906U1,GPU
2026-04-23 00:03:14.736,104.049,24.762,54.049,0.790,1.894,7.569,11.921,0.048,false,20.317,SEVERE,9,0,sequential_yolo_pose,SM-S906U1,GPU
2026-04-23 00:03:14.830,90.272,30.756,54.698,0.670,0.000,0.000,0.000,0.000,true,16.985,SEVERE,9,0,sequential_yolo_pose,SM-S906U1,GPU
2026-04-23 00:03:14.932,90.207,29.399,56.046,0.699,0.000,0.000,0.000,0.000,true,30.567,SEVERE,9,0,sequential_yolo_pose,SM-S906U1,GPU
2026-04-23 00:03:15.027,87.956,28.693,54.516,0.681,0.000,0.000,0.000,0.000,true,13.555,SEVERE,9,0,sequential_yolo_pose,SM-S906U1,GPU
2026-04-23 00:03:15.158,119.336,34.770,53.636,3.548,3.418,6.644,10.487,0.054,false,20.344,SEVERE,9,0,sequential_yolo_pose,SM-S906U1,GPU
2026-04-23 00:03:15.259,91.770,31.563,54.068,0.778,0.000,0.000,0.000,0.000,true,17.016,SEVERE,9,0,sequential_yolo_pose,SM-S906U1,GPU
2026-04-23 00:03:15.365,99.151,34.399,54.710,0.893,0.000,0.000,0.000,0.000,true,30.598,SEVERE,9,0,sequential_yolo_pose,SM-S906U1,GPU
2026-04-23 00:03:15.470,99.607,36.428,53.117,0.801,0.000,0.000,0.000,0.000,true,18.156,SEVERE,9,0,sequential_yolo_pose,SM-S906U1,GPU
2026-04-23 00:03:15.595,117.964,37.422,52.831,0.693,1.658,7.816,11.009,0.052,false,35.133,SEVERE,9,0,sequential_yolo_pose,SM-S906U1,GPU
2026-04-23 00:03:15.724,121.478,35.747,54.796,0.929,3.579,9.935,12.025,0.047,false,22.168,SEVERE,9,0,sequential_yolo_pose,SM-S906U1,GPU
2026-04-23 00:03:15.824,87.968,30.489,52.190,0.907,0.000,0.000,0.000,0.000,true,35.751,SEVERE,9,0,sequential_yolo_pose,SM-S906U1,GPU
2026-04-23 00:03:15.967,135.600,46.125,54.376,0.987,2.660,9.070,17.096,0.054,false,21.985,SEVERE,9,0,sequential_yolo_pose,SM-S906U1,GPU
2026-04-23 00:03:16.085,114.389,30.469,56.442,0.574,1.643,9.923,10.577,0.185,false,38.992,SEVERE,8,0,sequential_yolo_pose,SM-S906U1,GPU
2026-04-23 00:03:16.191,102.665,36.245,59.872,0.742,0.000,0.000,0.000,0.000,true,17.047,SEVERE,8,0,sequential_yolo_pose,SM-S906U1,GPU
2026-04-23 00:03:16.296,97.673,36.674,55.438,0.926,0.000,0.000,0.000,0.000,true,30.598,SEVERE,8,0,sequential_yolo_pose,SM-S906U1,GPU
2026-04-23 00:03:16.400,94.405,33.798,52.138,0.722,0.000,0.000,0.000,0.000,true,13.891,SEVERE,8,0,sequential_yolo_pose,SM-S906U1,GPU
2026-04-23 00:03:16.519,110.736,31.893,52.814,2.325,1.963,5.779,10.172,0.064,false,20.344,SEVERE,8,0,sequential_yolo_pose,SM-S906U1,GPU
2026-04-23 00:03:16.644,120.279,34.329,55.471,0.790,2.217,9.910,13.140,0.043,false,20.414,SEVERE,8,0,sequential_yolo_pose,SM-S906U1,GPU
2026-04-23 00:03:16.761,112.926,33.064,55.873,0.706,2.003,6.786,9.978,0.053,false,20.317,SEVERE,8,0,sequential_yolo_pose,SM-S906U1,GPU
2026-04-23 00:03:16.858,92.925,30.487,56.536,0.689,0.000,0.000,0.000,0.000,true,17.047,SEVERE,8,0,sequential_yolo_pose,SM-S906U1,GPU
2026-04-23 00:03:16.984,119.071,32.050,55.176,1.022,2.409,8.588,10.901,0.071,false,33.961,SEVERE,8,0,sequential_yolo_pose,SM-S906U1,GPU
2026-04-23 00:03:17.081,93.590,31.690,56.532,0.276,0.000,0.000,0.000,0.000,true,25.481,SEVERE,9,0,sequential_yolo_pose,SM-S906U1,GPU
2026-04-23 00:03:17.173,86.984,29.176,53.101,0.265,0.000,0.000,0.000,0.000,true,14.055,SEVERE,9,0,sequential_yolo_pose,SM-S906U1,GPU
2026-04-23 00:03:17.269,92.366,35.077,52.539,0.306,0.000,0.000,0.000,0.000,true,17.012,SEVERE,9,0,sequential_yolo_pose,SM-S906U1,GPU
2026-04-23 00:03:17.361,88.537,29.019,54.772,0.579,0.000,0.000,0.000,0.000,true,30.594,SEVERE,9,0,sequential_yolo_pose,SM-S906U1,GPU
2026-04-23 00:03:17.489,121.060,34.918,53.673,0.844,3.893,11.681,11.004,0.039,false,21.551,SEVERE,9,0,sequential_yolo_pose,SM-S906U1,GPU
2026-04-23 00:03:17.622,126.969,29.920,57.205,0.676,2.517,18.535,10.650,0.034,false,38.778,SEVERE,9,0,sequential_yolo_pose,SM-S906U1,GPU
2026-04-23 00:03:17.746,112.126,25.076,57.275,0.959,2.339,9.164,12.978,0.032,false,20.379,SEVERE,9,0,sequential_yolo_pose,SM-S906U1,GPU
2026-04-23 00:03:17.864,113.843,37.279,51.796,0.538,1.949,7.338,10.566,0.067,false,20.348,SEVERE,9,0,sequential_yolo_pose,SM-S906U1,GPU
2026-04-23 00:03:17.958,89.674,29.697,55.371,0.499,0.000,0.000,0.000,0.000,true,17.016,SEVERE,9,0,sequential_yolo_pose,SM-S906U1,GPU
2026-04-23 00:03:18.085,121.530,32.196,55.306,1.028,3.514,12.335,11.609,0.046,false,34.024,SEVERE,9,0,sequential_yolo_pose,SM-S906U1,GPU
2026-04-23 00:03:18.215,116.258,28.994,58.599,0.925,2.313,8.948,10.677,0.071,false,20.383,SEVERE,9,0,sequential_yolo_pose,SM-S906U1,GPU
2026-04-23 00:03:18.313,93.983,34.640,54.076,0.566,0.000,0.000,0.000,0.000,true,16.953,SEVERE,9,0,sequential_yolo_pose,SM-S906U1,GPU
2026-04-23 00:03:18.437,118.637,31.423,54.633,0.831,2.837,10.550,12.320,0.041,false,33.993,SEVERE,9,0,sequential_yolo_pose,SM-S906U1,GPU
2026-04-23 00:03:18.557,108.933,30.830,53.739,0.734,2.038,6.441,10.544,0.060,false,20.379,SEVERE,9,0,sequential_yolo_pose,SM-S906U1,GPU
2026-04-23 00:03:18.675,113.413,31.387,55.375,0.885,2.322,9.553,9.541,0.043,false,20.379,SEVERE,9,0,sequential_yolo_pose,SM-S906U1,GPU
2026-04-23 00:03:18.768,88.859,30.014,53.998,0.426,0.000,0.000,0.000,0.000,true,16.985,SEVERE,9,0,sequential_yolo_pose,SM-S906U1,GPU
2026-04-23 00:03:18.868,95.201,30.875,58.471,0.757,0.000,0.000,0.000,0.000,true,30.598,SEVERE,9,0,sequential_yolo_pose,SM-S906U1,GPU
2026-04-23 00:03:18.962,89.610,29.882,54.775,0.763,0.000,0.000,0.000,0.000,true,13.910,SEVERE,9,0,sequential_yolo_pose,SM-S906U1,GPU
2026-04-23 00:03:19.072,99.987,41.354,52.887,0.497,0.000,0.000,0.000,0.000,true,16.949,SEVERE,9,0,sequential_yolo_pose,SM-S906U1,GPU
2026-04-23 00:03:19.195,118.693,33.001,56.379,0.759,2.517,8.379,12.003,0.050,false,34.020,SEVERE,9,0,sequential_yolo_pose,SM-S906U1,GPU
2026-04-23 00:03:19.320,115.807,30.614,57.019,0.495,2.203,8.348,12.008,0.055,false,28.805,SEVERE,9,0,sequential_yolo_pose,SM-S906U1,GPU
2026-04-23 00:03:19.441,115.930,31.589,52.978,0.996,2.613,10.375,10.713,0.058,false,45.657,SEVERE,9,0,sequential_yolo_pose,SM-S906U1,GPU
2026-04-23 00:03:19.558,111.637,31.179,54.197,0.732,2.136,7.202,11.708,0.064,false,16.961,SEVERE,9,0,sequential_yolo_pose,SM-S906U1,GPU
2026-04-23 00:03:19.647,83.105,26.398,51.896,0.713,0.000,0.000,0.000,0.000,true,16.953,SEVERE,9,0,sequential_yolo_pose,SM-S906U1,GPU
2026-04-23 00:03:19.748,95.365,35.855,54.046,0.524,0.000,0.000,0.000,0.000,true,30.598,SEVERE,9,0,sequential_yolo_pose,SM-S906U1,GPU
2026-04-23 00:03:19.880,128.767,39.501,54.553,0.968,2.500,15.279,9.932,0.046,false,16.946,SEVERE,9,0,sequential_yolo_pose,SM-S906U1,GPU
2026-04-23 00:03:19.996,111.523,29.866,53.666,0.960,2.601,8.541,11.228,0.054,false,20.446,SEVERE,9,0,sequential_yolo_pose,SM-S906U1,GPU
2026-04-23 00:03:20.116,111.078,29.658,56.743,0.499,1.619,7.450,10.695,0.074,false,20.473,SEVERE,9,0,sequential_yolo_pose,SM-S906U1,GPU
2026-04-23 00:03:20.241,120.689,35.579,56.753,0.666,1.870,10.095,11.327,0.061,false,20.410,SEVERE,9,0,sequential_yolo_pose,SM-S906U1,GPU
2026-04-23 00:03:20.366,115.675,34.776,52.570,0.689,2.088,8.031,12.825,0.022,false,20.379,SEVERE,9,0,sequential_yolo_pose,SM-S906U1,GPU
2026-04-23 00:03:20.490,119.865,30.705,58.277,0.976,7.853,6.791,10.901,0.041,false,20.410,SEVERE,9,0,sequential_yolo_pose,SM-S906U1,GPU
2026-04-23 00:03:20.584,89.853,29.511,55.640,0.451,0.000,0.000,0.000,0.000,true,17.016,SEVERE,9,0,sequential_yolo_pose,SM-S906U1,GPU
2026-04-23 00:03:20.686,96.242,34.466,56.368,0.497,0.000,0.000,0.000,0.000,true,30.629,SEVERE,9,0,sequential_yolo_pose,SM-S906U1,GPU
2026-04-23 00:03:20.791,100.561,42.062,52.296,0.467,0.000,0.000,0.000,0.000,true,13.496,SEVERE,9,0,sequential_yolo_pose,SM-S906U1,GPU
2026-04-23 00:03:20.894,96.077,35.803,53.540,0.718,0.000,0.000,0.000,0.000,true,16.977,SEVERE,9,0,sequential_yolo_pose,SM-S906U1,GPU
2026-04-23 00:03:20.993,92.538,30.798,55.505,0.533,0.000,0.000,0.000,0.000,true,30.590,SEVERE,9,0,sequential_yolo_pose,SM-S906U1,GPU
2026-04-23 00:03:21.119,119.496,31.886,53.922,0.672,5.218,10.583,10.909,0.041,false,16.981,SEVERE,9,0,sequential_yolo_pose,SM-S906U1,GPU
2026-04-23 00:03:21.244,120.232,31.552,58.180,0.548,1.428,10.446,11.314,0.042,false,20.442,SEVERE,9,0,sequential_yolo_pose,SM-S906U1,GPU
2026-04-23 00:03:21.340,89.538,32.247,52.912,0.265,0.000,0.000,0.000,0.000,true,16.953,SEVERE,9,0,sequential_yolo_pose,SM-S906U1,GPU
2026-04-23 00:03:21.439,95.443,33.552,57.316,0.458,0.000,0.000,0.000,0.000,true,30.598,SEVERE,9,0,sequential_yolo_pose,SM-S906U1,GPU
2026-04-23 00:03:21.547,102.657,40.542,55.724,0.510,0.000,0.000,0.000,0.000,true,13.465,SEVERE,9,0,sequential_yolo_pose,SM-S906U1,GPU
2026-04-23 00:03:21.655,102.534,38.160,56.302,0.274,0.000,0.000,0.000,0.000,true,16.949,SEVERE,9,0,sequential_yolo_pose,SM-S906U1,GPU
2026-04-23 00:03:21.791,126.856,32.635,52.538,0.777,3.040,17.460,12.166,0.034,false,34.020,SEVERE,9,0,sequential_yolo_pose,SM-S906U1,GPU
2026-04-23 00:03:21.923,116.543,31.561,55.943,0.487,4.079,8.701,11.543,0.033,false,20.375,SEVERE,9,0,sequential_yolo_pose,SM-S906U1,GPU
2026-04-23 00:03:22.018,87.438,28.947,52.201,0.375,0.000,0.000,0.000,0.000,true,16.953,SEVERE,9,0,sequential_yolo_pose,SM-S906U1,GPU
2026-04-23 00:03:22.148,124.229,37.562,56.160,0.530,2.716,7.615,13.176,0.043,false,34.086,SEVERE,9,0,sequential_yolo_pose,SM-S906U1,GPU
2026-04-23 00:03:22.273,120.999,31.746,54.383,0.741,1.673,13.580,13.502,0.040,false,28.809,SEVERE,9,0,sequential_yolo_pose,SM-S906U1,GPU
2026-04-23 00:03:22.364,85.626,28.965,51.766,0.519,0.000,0.000,0.000,0.000,true,26.950,SEVERE,9,0,sequential_yolo_pose,SM-S906U1,GPU
2026-04-23 00:03:22.493,121.741,32.906,56.895,1.799,2.906,6.163,14.869,0.026,false,43.833,SEVERE,9,0,sequential_yolo_pose,SM-S906U1,GPU
2026-04-23 00:03:22.623,119.442,35.939,54.991,0.963,2.268,9.618,11.059,0.035,false,30.368,SEVERE,9,0,sequential_yolo_pose,SM-S906U1,GPU
2026-04-23 00:03:22.748,117.689,30.334,57.223,0.700,4.814,9.614,9.755,0.050,false,16.953,SEVERE,9,0,sequential_yolo_pose,SM-S906U1,GPU
2026-04-23 00:03:22.863,110.465,30.240,53.235,0.815,2.458,8.915,10.383,0.049,false,20.379,SEVERE,9,0,sequential_yolo_pose,SM-S906U1,GPU
2026-04-23 00:03:22.984,115.123,31.602,52.904,0.706,2.549,11.731,11.196,0.033,false,20.442,SEVERE,9,0,sequential_yolo_pose,SM-S906U1,GPU
2026-04-23 00:03:23.109,119.528,28.094,57.640,0.417,2.481,14.505,11.671,0.035,false,20.442,SEVERE,8,0,sequential_yolo_pose,SM-S906U1,GPU
2026-04-23 00:03:23.221,108.483,28.993,53.219,0.832,2.542,8.345,10.198,0.042,false,20.348,SEVERE,8,0,sequential_yolo_pose,SM-S906U1,GPU
2026-04-23 00:03:23.330,103.716,24.951,56.370,0.510,1.430,5.522,11.646,0.057,false,20.379,SEVERE,8,0,sequential_yolo_pose,SM-S906U1,GPU
2026-04-23 00:03:23.445,109.528,24.883,56.795,0.853,2.525,8.594,12.126,0.070,false,20.379,SEVERE,8,0,sequential_yolo_pose,SM-S906U1,GPU
2026-04-23 00:03:23.565,114.263,30.517,57.106,0.520,1.488,5.917,12.741,0.034,false,20.410,SEVERE,8,0,sequential_yolo_pose,SM-S906U1,GPU
2026-04-23 00:03:23.670,100.520,24.462,54.427,0.512,1.580,6.144,10.091,0.066,false,20.317,SEVERE,8,0,sequential_yolo_pose,SM-S906U1,GPU
2026-04-23 00:03:23.787,112.841,29.770,53.422,0.888,2.550,10.984,11.001,0.043,false,20.410,SEVERE,8,0,sequential_yolo_pose,SM-S906U1,GPU
2026-04-23 00:03:23.918,126.049,26.338,61.262,1.007,6.545,9.052,12.140,0.052,false,20.410,SEVERE,8,0,sequential_yolo_pose,SM-S906U1,GPU
2026-04-23 00:03:24.017,89.525,29.729,54.114,0.335,0.000,0.000,0.000,0.000,true,16.953,SEVERE,8,0,sequential_yolo_pose,SM-S906U1,GPU
2026-04-23 00:03:24.123,98.974,33.948,55.516,0.297,0.000,0.000,0.000,0.000,true,30.692,SEVERE,9,0,sequential_yolo_pose,SM-S906U1,GPU
2026-04-23 00:03:24.255,125.511,33.622,54.597,0.863,2.716,15.227,11.161,0.045,false,21.614,SEVERE,9,0,sequential_yolo_pose,SM-S906U1,GPU
2026-04-23 00:03:24.374,109.759,28.520,55.497,0.865,1.549,7.229,10.582,0.034,false,38.622,SEVERE,9,0,sequential_yolo_pose,SM-S906U1,GPU
2026-04-23 00:03:24.489,109.082,26.569,54.913,0.797,3.765,7.141,11.495,0.053,false,30.645,SEVERE,9,0,sequential_yolo_pose,SM-S906U1,GPU
2026-04-23 00:03:24.587,86.193,27.848,52.046,0.696,0.000,0.000,0.000,0.000,true,17.012,SEVERE,9,0,sequential_yolo_pose,SM-S906U1,GPU
2026-04-23 00:03:24.724,131.790,31.732,55.305,1.224,2.231,20.668,11.726,0.056,false,34.020,SEVERE,9,0,sequential_yolo_pose,SM-S906U1,GPU
2026-04-23 00:03:24.832,98.207,36.392,56.639,0.596,0.000,0.000,0.000,0.000,true,26.985,SEVERE,9,0,sequential_yolo_pose,SM-S906U1,GPU
2026-04-23 00:03:24.937,97.712,36.893,55.998,0.489,0.000,0.000,0.000,0.000,true,18.637,SEVERE,9,0,sequential_yolo_pose,SM-S906U1,GPU
2026-04-23 00:03:25.035,93.672,33.245,53.715,0.428,0.000,0.000,0.000,0.000,true,32.188,SEVERE,9,0,sequential_yolo_pose,SM-S906U1,GPU
2026-04-23 00:03:25.136,95.459,35.894,52.837,0.396,0.000,0.000,0.000,0.000,true,18.313,SEVERE,9,0,sequential_yolo_pose,SM-S906U1,GPU
2026-04-23 00:03:25.256,113.788,34.190,56.077,0.863,2.076,5.437,10.135,0.070,false,35.196,SEVERE,9,0,sequential_yolo_pose,SM-S906U1,GPU
2026-04-23 00:03:25.350,86.469,27.746,54.270,0.261,0.000,0.000,0.000,0.000,true,18.703,SEVERE,9,0,sequential_yolo_pose,SM-S906U1,GPU
2026-04-23 00:03:25.479,124.475,36.346,55.370,0.822,2.517,8.886,11.020,0.037,false,35.586,SEVERE,9,0,sequential_yolo_pose,SM-S906U1,GPU
2026-04-23 00:03:25.592,109.714,31.225,53.476,0.503,1.834,7.991,10.508,0.033,false,21.981,SEVERE,9,0,sequential_yolo_pose,SM-S906U1,GPU
2026-04-23 00:03:25.691,94.089,34.187,54.717,0.768,0.000,0.000,0.000,0.000,true,35.594,SEVERE,9,0,sequential_yolo_pose,SM-S906U1,GPU
2026-04-23 00:03:25.804,103.378,36.522,58.198,0.635,0.000,0.000,0.000,0.000,true,18.653,SEVERE,9,0,sequential_yolo_pose,SM-S906U1,GPU
2026-04-23 00:03:25.904,93.856,33.647,52.981,0.861,0.000,0.000,0.000,0.000,true,32.204,SEVERE,9,0,sequential_yolo_pose,SM-S906U1,GPU
2026-04-23 00:03:26.004,94.059,33.716,53.874,0.681,0.000,0.000,0.000,0.000,true,18.223,SEVERE,9,0,sequential_yolo_pose,SM-S906U1,GPU
2026-04-23 00:03:26.119,110.360,29.506,52.331,0.675,2.483,9.561,11.415,0.033,false,35.200,SEVERE,9,0,sequential_yolo_pose,SM-S906U1,GPU
2026-04-23 00:03:26.228,104.428,25.264,53.266,0.515,1.498,5.306,12.851,0.045,false,17.325,SEVERE,9,0,sequential_yolo_pose,SM-S906U1,GPU
2026-04-23 00:03:26.322,90.091,30.471,54.613,0.256,0.000,0.000,0.000,0.000,true,17.051,SEVERE,9,0,sequential_yolo_pose,SM-S906U1,GPU
2026-04-23 00:03:26.446,118.850,29.891,56.692,0.638,2.199,14.489,10.599,0.031,false,34.059,SEVERE,9,0,sequential_yolo_pose,SM-S906U1,GPU
2026-04-23 00:03:26.568,118.883,35.633,51.734,0.666,1.588,6.857,17.810,0.047,false,28.789,SEVERE,9,0,sequential_yolo_pose,SM-S906U1,GPU
2026-04-23 00:03:26.686,114.130,30.019,56.032,0.545,2.616,9.256,11.099,0.034,false,20.348,SEVERE,9,0,sequential_yolo_pose,SM-S906U1,GPU
2026-04-23 00:03:26.805,113.858,30.423,53.575,0.601,1.930,7.677,14.366,0.053,false,20.379,SEVERE,9,0,sequential_yolo_pose,SM-S906U1,GPU
2026-04-23 00:03:26.917,108.261,25.186,53.593,0.812,7.183,7.886,10.431,0.038,false,20.379,SEVERE,9,0,sequential_yolo_pose,SM-S906U1,GPU
2026-04-23 00:03:27.029,107.746,30.524,54.824,0.447,1.448,6.236,9.630,0.061,false,20.317,SEVERE,9,0,sequential_yolo_pose,SM-S906U1,GPU
2026-04-23 00:03:27.147,113.732,28.928,55.359,0.566,1.679,12.723,10.326,0.048,false,20.504,SEVERE,9,0,sequential_yolo_pose,SM-S906U1,GPU
2026-04-23 00:03:27.261,109.467,31.837,54.657,0.619,1.543,5.771,10.430,0.049,false,20.321,SEVERE,9,0,sequential_yolo_pose,SM-S906U1,GPU
2026-04-23 00:03:27.384,118.761,35.060,55.660,0.885,2.516,10.499,9.854,0.052,false,20.348,SEVERE,9,0,sequential_yolo_pose,SM-S906U1,GPU
2026-04-23 00:03:27.486,97.021,31.558,58.594,0.607,0.000,0.000,0.000,0.000,true,17.016,SEVERE,9,0,sequential_yolo_pose,SM-S906U1,GPU
2026-04-23 00:03:27.622,131.348,37.099,55.946,0.852,7.036,12.548,11.642,0.050,false,34.024,SEVERE,9,0,sequential_yolo_pose,SM-S906U1,GPU
2026-04-23 00:03:27.753,111.254,32.252,53.445,0.584,2.355,7.124,10.479,0.047,false,20.348,SEVERE,9,0,sequential_yolo_pose,SM-S906U1,GPU
2026-04-23 00:03:27.875,118.105,30.734,53.135,0.500,2.434,13.409,11.658,0.049,false,20.410,SEVERE,9,0,sequential_yolo_pose,SM-S906U1,GPU
2026-04-23 00:03:27.995,115.847,30.933,55.760,0.818,2.596,8.460,12.776,0.034,false,20.379,SEVERE,9,0,sequential_yolo_pose,SM-S906U1,GPU
2026-04-23 00:03:28.116,114.442,27.738,54.236,0.937,2.627,12.462,10.403,0.049,false,20.442,SEVERE,8,0,sequential_yolo_pose,SM-S906U1,GPU
2026-04-23 00:03:28.234,114.163,30.884,56.342,0.440,1.730,7.851,12.540,0.039,false,20.321,SEVERE,8,0,sequential_yolo_pose,SM-S906U1,GPU
2026-04-23 00:03:28.325,87.829,28.447,54.941,0.372,0.000,0.000,0.000,0.000,true,16.985,SEVERE,8,0,sequential_yolo_pose,SM-S906U1,GPU
2026-04-23 00:03:28.428,91.962,32.109,52.813,0.558,0.000,0.000,0.000,0.000,true,30.598,SEVERE,8,0,sequential_yolo_pose,SM-S906U1,GPU
2026-04-23 00:03:28.554,119.120,30.696,53.034,0.692,2.613,12.647,12.319,0.033,false,21.610,SEVERE,8,0,sequential_yolo_pose,SM-S906U1,GPU
2026-04-23 00:03:28.685,125.737,30.615,58.957,1.070,2.393,11.689,13.619,0.033,false,38.649,SEVERE,8,0,sequential_yolo_pose,SM-S906U1,GPU
2026-04-23 00:03:28.815,119.747,31.994,51.614,0.620,2.490,8.332,14.980,0.049,false,20.379,SEVERE,8,0,sequential_yolo_pose,SM-S906U1,GPU
2026-04-23 00:03:28.928,108.945,31.670,54.819,0.548,1.369,5.486,10.949,0.046,false,20.379,SEVERE,8,0,sequential_yolo_pose,SM-S906U1,GPU
2026-04-23 00:03:29.044,109.065,24.004,56.215,1.089,2.622,7.854,13.867,0.050,false,20.410,SEVERE,8,0,sequential_yolo_pose,SM-S906U1,GPU
2026-04-23 00:03:29.158,109.568,31.205,54.514,0.488,1.525,6.109,11.758,0.035,false,20.379,SEVERE,9,0,sequential_yolo_pose,SM-S906U1,GPU
2026-04-23 00:03:29.283,115.665,31.887,53.349,0.884,5.962,9.290,9.416,0.062,false,20.410,SEVERE,9,0,sequential_yolo_pose,SM-S906U1,GPU
2026-04-23 00:03:29.376,87.700,28.971,54.309,0.412,0.000,0.000,0.000,0.000,true,16.953,SEVERE,9,0,sequential_yolo_pose,SM-S906U1,GPU
2026-04-23 00:03:29.476,96.638,34.350,57.701,0.553,0.000,0.000,0.000,0.000,true,30.598,SEVERE,9,0,sequential_yolo_pose,SM-S906U1,GPU
2026-04-23 00:03:29.584,102.291,38.152,55.801,0.758,0.000,0.000,0.000,0.000,true,13.590,SEVERE,9,0,sequential_yolo_pose,SM-S906U1,GPU
2026-04-23 00:03:29.720,130.313,38.750,56.695,0.747,2.438,15.462,10.215,0.039,false,20.403,SEVERE,9,0,sequential_yolo_pose,SM-S906U1,GPU
2026-04-23 00:03:29.841,115.680,29.929,55.648,0.593,2.551,9.052,13.410,0.051,false,20.379,SEVERE,9,0,sequential_yolo_pose,SM-S906U1,GPU
2026-04-23 00:03:29.957,112.462,30.510,55.702,0.556,2.259,8.107,10.826,0.039,false,20.348,SEVERE,9,0,sequential_yolo_pose,SM-S906U1,GPU
2026-04-23 00:03:30.086,118.150,28.647,54.577,0.645,2.629,16.063,10.303,0.052,false,20.348,SEVERE,9,0,sequential_yolo_pose,SM-S906U1,GPU
2026-04-23 00:03:30.187,96.362,28.552,58.736,0.653,0.000,0.000,0.000,0.000,true,17.071,SEVERE,9,0,sequential_yolo_pose,SM-S906U1,GPU
2026-04-23 00:03:30.285,92.353,33.390,52.348,0.445,0.000,0.000,0.000,0.000,true,30.621,SEVERE,9,0,sequential_yolo_pose,SM-S906U1,GPU
2026-04-23 00:03:30.386,95.411,34.570,54.386,0.417,0.000,0.000,0.000,0.000,true,18.641,SEVERE,9,0,sequential_yolo_pose,SM-S906U1,GPU
2026-04-23 00:03:30.514,122.167,38.149,53.899,0.851,2.400,10.403,10.451,0.040,false,35.555,SEVERE,9,0,sequential_yolo_pose,SM-S906U1,GPU
2026-04-23 00:03:30.626,108.046,27.959,53.282,0.538,1.713,6.464,11.347,0.045,false,17.356,SEVERE,9,0,sequential_yolo_pose,SM-S906U1,GPU
2026-04-23 00:03:30.745,110.763,33.393,52.430,0.449,1.403,6.680,11.906,0.033,false,20.379,SEVERE,9,0,sequential_yolo_pose,SM-S906U1,GPU
2026-04-23 00:03:30.856,107.037,26.775,57.427,0.660,2.444,5.362,9.995,0.051,false,20.285,SEVERE,9,0,sequential_yolo_pose,SM-S906U1,GPU
2026-04-23 00:03:30.974,114.592,33.247,52.628,0.483,1.312,8.031,14.700,0.047,false,20.317,SEVERE,9,0,sequential_yolo_pose,SM-S906U1,GPU
2026-04-23 00:03:31.091,110.855,30.399,54.055,0.697,2.042,8.800,10.542,0.044,false,20.348,SEVERE,9,0,sequential_yolo_pose,SM-S906U1,GPU
2026-04-23 00:03:31.200,104.533,25.172,56.548,0.454,1.276,5.710,10.351,0.061,false,20.563,SEVERE,9,0,sequential_yolo_pose,SM-S906U1,GPU
2026-04-23 00:03:31.318,113.519,30.707,52.972,0.771,2.588,11.562,10.640,0.047,false,20.348,SEVERE,9,0,sequential_yolo_pose,SM-S906U1,GPU
2026-04-23 00:03:31.444,119.089,33.039,54.440,0.753,2.730,11.707,9.781,0.032,false,20.348,SEVERE,9,0,sequential_yolo_pose,SM-S906U1,GPU
2026-04-23 00:03:31.558,110.234,31.528,53.881,0.646,1.878,6.822,10.930,0.059,false,20.317,SEVERE,9,0,sequential_yolo_pose,SM-S906U1,GPU
2026-04-23 00:03:31.674,111.007,29.380,53.593,0.530,1.517,5.975,14.943,0.065,false,20.379,SEVERE,9,0,sequential_yolo_pose,SM-S906U1,GPU
2026-04-23 00:03:31.803,125.674,29.199,54.723,0.682,2.707,10.141,23.730,0.034,false,20.500,SEVERE,9,0,sequential_yolo_pose,SM-S906U1,GPU
2026-04-23 00:03:31.895,87.836,29.353,54.149,0.347,0.000,0.000,0.000,0.000,true,17.074,SEVERE,9,0,sequential_yolo_pose,SM-S906U1,GPU
2026-04-23 00:03:32.013,112.372,33.093,56.656,0.531,1.548,6.008,9.140,0.048,false,34.020,SEVERE,9,0,sequential_yolo_pose,SM-S906U1,GPU
2026-04-23 00:03:32.142,123.145,39.570,56.014,0.549,1.535,5.861,15.410,0.047,false,30.270,SEVERE,9,0,sequential_yolo_pose,SM-S906U1,GPU
2026-04-23 00:03:32.257,111.555,35.848,53.537,0.506,1.587,5.394,10.388,0.042,false,20.352,SEVERE,9,0,sequential_yolo_pose,SM-S906U1,GPU
2026-04-23 00:03:32.375,108.593,33.701,51.740,0.482,1.375,5.664,9.284,0.051,false,20.285,SEVERE,9,0,sequential_yolo_pose,SM-S906U1,GPU
2026-04-23 00:03:32.487,108.458,27.164,53.089,5.534,2.642,5.457,10.322,0.109,false,20.430,SEVERE,9,0,sequential_yolo_pose,SM-S906U1,GPU
2026-04-23 00:03:32.612,115.634,30.595,54.978,0.905,2.745,11.003,10.626,0.055,false,20.410,SEVERE,9,0,sequential_yolo_pose,SM-S906U1,GPU
2026-04-23 00:03:32.708,91.469,31.478,55.660,0.335,0.000,0.000,0.000,0.000,true,16.953,SEVERE,9,0,sequential_yolo_pose,SM-S906U1,GPU
2026-04-23 00:03:32.818,105.581,42.220,57.063,0.341,0.000,0.000,0.000,0.000,true,30.598,SEVERE,9,0,sequential_yolo_pose,SM-S906U1,GPU
2026-04-23 00:03:32.952,128.679,38.243,52.900,0.919,7.252,7.923,11.182,0.073,false,21.602,SEVERE,9,0,sequential_yolo_pose,SM-S906U1,GPU
2026-04-23 00:03:33.081,116.132,30.759,53.494,0.838,2.497,10.099,10.845,0.041,false,38.578,SEVERE,9,0,sequential_yolo_pose,SM-S906U1,GPU
2026-04-23 00:03:33.214,123.686,31.152,54.400,0.571,2.635,12.451,16.230,0.024,false,20.410,SEVERE,8,0,sequential_yolo_pose,SM-S906U1,GPU
2026-04-23 00:03:33.300,82.598,23.647,55.701,0.419,0.000,0.000,0.000,0.000,true,17.110,SEVERE,8,0,sequential_yolo_pose,SM-S906U1,GPU
2026-04-23 00:03:33.419,115.788,29.686,53.466,0.953,5.638,10.036,11.564,0.060,false,34.024,SEVERE,8,0,sequential_yolo_pose,SM-S906U1,GPU
2026-04-23 00:03:33.544,115.954,29.334,56.236,0.721,2.899,7.434,10.354,0.046,false,28.782,SEVERE,8,0,sequential_yolo_pose,SM-S906U1,GPU
2026-04-23 00:03:33.654,104.469,26.049,52.099,1.008,1.920,7.992,10.773,0.051,false,29.618,SEVERE,8,0,sequential_yolo_pose,SM-S906U1,GPU
2026-04-23 00:03:33.762,100.649,38.896,53.218,0.409,0.000,0.000,0.000,0.000,true,18.582,SEVERE,8,0,sequential_yolo_pose,SM-S906U1,GPU
2026-04-23 00:03:33.869,96.794,36.782,53.535,0.438,0.000,0.000,0.000,0.000,true,32.133,SEVERE,8,0,sequential_yolo_pose,SM-S906U1,GPU
2026-04-23 00:03:33.991,116.913,34.957,52.092,1.000,2.923,7.421,12.813,0.050,false,21.586,SEVERE,8,0,sequential_yolo_pose,SM-S906U1,GPU
2026-04-23 00:03:34.121,119.107,27.693,57.258,1.010,6.351,7.653,12.265,0.091,false,38.656,SEVERE,8,0,sequential_yolo_pose,SM-S906U1,GPU
2026-04-23 00:03:34.247,114.198,30.241,55.837,0.577,2.691,8.972,11.287,0.049,false,20.473,SEVERE,9,0,sequential_yolo_pose,SM-S906U1,GPU
2026-04-23 00:03:34.357,106.329,25.369,53.493,0.781,2.027,9.590,11.818,0.058,false,20.383,SEVERE,9,0,sequential_yolo_pose,SM-S906U1,GPU
2026-04-23 00:03:34.449,85.852,24.172,57.085,0.266,0.000,0.000,0.000,0.000,true,16.922,SEVERE,9,0,sequential_yolo_pose,SM-S906U1,GPU
2026-04-23 00:03:34.544,91.899,34.105,53.165,0.475,0.000,0.000,0.000,0.000,true,30.567,SEVERE,9,0,sequential_yolo_pose,SM-S906U1,GPU
2026-04-23 00:03:34.681,132.298,43.375,51.922,0.635,2.656,16.392,10.672,0.033,false,21.555,SEVERE,9,0,sequential_yolo_pose,SM-S906U1,GPU
2026-04-23 00:03:34.806,120.874,27.960,54.155,0.866,2.100,8.882,22.540,0.055,false,38.563,SEVERE,9,0,sequential_yolo_pose,SM-S906U1,GPU
2026-04-23 00:03:34.920,108.661,27.758,53.059,0.954,2.431,9.263,10.463,0.038,false,29.043,SEVERE,9,0,sequential_yolo_pose,SM-S906U1,GPU
2026-04-23 00:03:35.043,119.364,28.274,55.540,0.849,3.153,10.370,10.291,0.036,false,20.410,SEVERE,9,0,sequential_yolo_pose,SM-S906U1,GPU
2026-04-23 00:03:35.156,109.629,33.959,54.405,0.487,1.362,5.222,9.925,0.047,false,20.379,SEVERE,9,0,sequential_yolo_pose,SM-S906U1,GPU
2026-04-23 00:03:35.277,111.066,26.058,56.160,0.564,1.500,10.586,11.045,0.049,false,20.473,SEVERE,9,0,sequential_yolo_pose,SM-S906U1,GPU
2026-04-23 00:03:35.412,129.402,45.740,54.694,0.494,3.397,10.811,9.800,0.045,false,20.379,SEVERE,9,0,sequential_yolo_pose,SM-S906U1,GPU
2026-04-23 00:03:35.540,120.260,37.458,56.074,0.720,2.022,7.602,10.316,0.048,false,20.473,SEVERE,9,0,sequential_yolo_pose,SM-S906U1,GPU
2026-04-23 00:03:35.657,113.457,29.106,58.469,0.804,2.615,6.096,12.030,0.037,false,20.410,SEVERE,9,0,sequential_yolo_pose,SM-S906U1,GPU
2026-04-23 00:03:35.780,118.509,27.181,59.306,0.796,4.061,12.834,9.911,0.032,false,20.410,SEVERE,9,0,sequential_yolo_pose,SM-S906U1,GPU
2026-04-23 00:03:35.901,116.030,32.181,54.176,0.884,2.559,9.940,11.872,0.047,false,20.383,SEVERE,9,0,sequential_yolo_pose,SM-S906U1,GPU
2026-04-23 00:03:36.027,118.248,38.783,54.163,0.415,1.381,6.437,12.389,0.035,false,20.410,SEVERE,9,0,sequential_yolo_pose,SM-S906U1,GPU
2026-04-23 00:03:36.176,140.759,53.931,53.463,0.745,1.508,6.164,11.424,0.033,false,20.410,SEVERE,9,0,sequential_yolo_pose,SM-S906U1,GPU
2026-04-23 00:03:36.269,89.350,31.587,53.073,0.452,0.000,0.000,0.000,0.000,true,17.000,SEVERE,8,0,sequential_yolo_pose,SM-S906U1,GPU
2026-04-23 00:03:36.387,114.283,30.607,54.051,0.686,2.433,10.595,11.051,0.033,false,33.977,SEVERE,8,0,sequential_yolo_pose,SM-S906U1,GPU
2026-04-23 00:03:36.518,122.197,31.855,55.198,0.826,2.561,9.582,10.744,0.046,false,20.379,SEVERE,8,0,sequential_yolo_pose,SM-S906U1,GPU
2026-04-23 00:03:36.642,118.146,30.551,55.709,0.979,2.415,10.083,12.399,0.044,false,20.442,SEVERE,8,0,sequential_yolo_pose,SM-S906U1,GPU
2026-04-23 00:03:36.759,112.869,32.171,55.304,0.672,2.168,7.531,10.257,0.143,false,20.379,SEVERE,8,0,sequential_yolo_pose,SM-S906U1,GPU
2026-04-23 00:03:36.884,117.480,31.326,54.119,0.639,1.957,13.057,12.016,0.052,false,20.379,SEVERE,8,0,sequential_yolo_pose,SM-S906U1,GPU
2026-04-23 00:03:36.994,106.498,30.606,55.315,0.368,0.900,3.901,11.380,0.041,false,20.379,SEVERE,8,0,sequential_yolo_pose,SM-S906U1,GPU
2026-04-23 00:03:37.091,87.571,31.120,51.842,0.360,0.000,0.000,0.000,0.000,true,17.016,SEVERE,8,0,sequential_yolo_pose,SM-S906U1,GPU
2026-04-23 00:03:37.189,84.769,24.986,55.902,0.420,0.000,0.000,0.000,0.000,true,30.598,SEVERE,8,0,sequential_yolo_pose,SM-S906U1,GPU
2026-04-23 00:03:37.327,126.925,32.567,53.787,0.798,2.817,10.687,17.676,0.051,false,16.989,SEVERE,9,0,sequential_yolo_pose,SM-S906U1,GPU
2026-04-23 00:03:37.450,118.467,31.208,54.876,0.679,2.116,12.952,12.518,0.043,false,20.410,SEVERE,9,0,sequential_yolo_pose,SM-S906U1,GPU
2026-04-23 00:03:37.572,118.044,30.403,54.092,0.677,2.167,12.092,13.393,0.080,false,20.442,SEVERE,9,0,sequential_yolo_pose,SM-S906U1,GPU
2026-04-23 00:03:37.664,88.560,28.246,55.536,0.736,0.000,0.000,0.000,0.000,true,16.953,SEVERE,9,0,sequential_yolo_pose,SM-S906U1,GPU
2026-04-23 00:03:37.788,113.648,33.101,54.746,1.007,3.422,5.922,10.860,0.051,false,33.930,SEVERE,9,0,sequential_yolo_pose,SM-S906U1,GPU
2026-04-23 00:03:37.921,127.901,38.682,55.604,0.953,2.881,12.276,10.425,0.037,false,30.239,SEVERE,9,0,sequential_yolo_pose,SM-S906U1,GPU
2026-04-23 00:03:38.035,109.974,32.241,55.056,0.501,1.349,5.756,10.054,0.053,false,20.321,SEVERE,9,0,sequential_yolo_pose,SM-S906U1,GPU
2026-04-23 00:03:38.129,89.828,30.512,54.514,0.503,0.000,0.000,0.000,0.000,true,17.016,SEVERE,9,0,sequential_yolo_pose,SM-S906U1,GPU
2026-04-23 00:03:38.228,89.016,30.914,52.857,0.735,0.000,0.000,0.000,0.000,true,30.660,SEVERE,8,0,sequential_yolo_pose,SM-S906U1,GPU
2026-04-23 00:03:38.355,113.927,35.194,53.639,0.619,1.519,6.763,9.840,0.053,false,17.250,SEVERE,8,0,sequential_yolo_pose,SM-S906U1,GPU
2026-04-23 00:03:38.475,112.439,31.440,53.415,0.666,1.730,8.623,11.836,0.046,false,20.379,SEVERE,8,0,sequential_yolo_pose,SM-S906U1,GPU
2026-04-23 00:03:38.589,110.258,33.332,53.677,0.565,1.656,6.782,9.960,0.045,false,20.317,SEVERE,8,0,sequential_yolo_pose,SM-S906U1,GPU
2026-04-23 00:03:38.709,115.076,33.113,54.252,0.931,2.527,9.181,10.419,0.043,false,20.348,SEVERE,8,0,sequential_yolo_pose,SM-S906U1,GPU
2026-04-23 00:03:38.799,85.796,28.927,52.253,0.486,0.000,0.000,0.000,0.000,true,16.953,SEVERE,8,0,sequential_yolo_pose,SM-S906U1,GPU
2026-04-23 00:03:38.897,90.112,31.833,53.116,0.562,0.000,0.000,0.000,0.000,true,30.567,SEVERE,8,0,sequential_yolo_pose,SM-S906U1,GPU
2026-04-23 00:03:39.002,95.086,34.474,55.760,0.418,0.000,0.000,0.000,0.000,true,13.914,SEVERE,8,0,sequential_yolo_pose,SM-S906U1,GPU
2026-04-23 00:03:39.101,92.821,31.572,54.546,0.576,0.000,0.000,0.000,0.000,true,16.981,SEVERE,8,0,sequential_yolo_pose,SM-S906U1,GPU
2026-04-23 00:03:39.224,114.753,31.328,54.294,0.914,2.414,6.238,10.677,0.042,false,33.895,SEVERE,8,0,sequential_yolo_pose,SM-S906U1,GPU
2026-04-23 00:03:39.349,120.201,34.275,53.706,1.655,3.541,10.541,11.651,0.070,false,28.868,SEVERE,10,0,sequential_yolo_pose,SM-S906U1,GPU
2026-04-23 00:03:39.479,125.672,34.396,55.501,0.856,2.483,12.114,14.947,0.031,false,29.825,SEVERE,10,0,sequential_yolo_pose,SM-S906U1,GPU
2026-04-23 00:03:39.595,111.578,31.997,52.309,0.779,1.994,7.469,12.677,0.051,false,20.352,SEVERE,10,0,sequential_yolo_pose,SM-S906U1,GPU
2026-04-23 00:03:39.717,113.141,31.616,52.286,0.771,2.156,10.081,11.717,0.072,false,20.410,SEVERE,10,0,sequential_yolo_pose,SM-S906U1,GPU
2026-04-23 00:03:39.850,128.975,32.902,54.233,0.856,2.176,14.139,16.167,0.053,false,20.410,SEVERE,10,0,sequential_yolo_pose,SM-S906U1,GPU
2026-04-23 00:03:39.957,103.291,25.005,53.235,0.510,2.353,6.646,10.397,0.039,false,20.379,SEVERE,10,0,sequential_yolo_pose,SM-S906U1,GPU
2026-04-23 00:03:40.084,122.365,32.978,59.088,0.871,4.204,9.644,11.299,0.050,false,20.410,SEVERE,10,0,sequential_yolo_pose,SM-S906U1,GPU
2026-04-23 00:03:40.202,113.787,30.525,53.289,0.674,1.884,7.135,15.186,0.031,false,20.379,SEVERE,10,0,sequential_yolo_pose,SM-S906U1,GPU
2026-04-23 00:03:40.315,110.094,27.551,58.911,0.734,2.047,6.223,10.060,0.027,false,20.477,SEVERE,8,0,sequential_yolo_pose,SM-S906U1,GPU
2026-04-23 00:03:40.423,104.812,24.059,56.002,0.808,3.494,6.332,10.469,0.034,false,20.410,SEVERE,8,0,sequential_yolo_pose,SM-S906U1,GPU
2026-04-23 00:03:40.553,121.310,34.110,53.910,0.803,9.065,7.143,11.829,0.041,false,20.379,SEVERE,8,0,sequential_yolo_pose,SM-S906U1,GPU
2026-04-23 00:03:40.649,91.902,27.722,57.468,0.651,0.000,0.000,0.000,0.000,true,17.016,SEVERE,8,0,sequential_yolo_pose,SM-S906U1,GPU
2026-04-23 00:03:40.755,98.752,32.430,56.159,0.516,0.000,0.000,0.000,0.000,true,30.629,SEVERE,8,0,sequential_yolo_pose,SM-S906U1,GPU
2026-04-23 00:03:40.885,124.237,34.783,55.752,0.958,2.917,12.748,10.504,0.041,false,21.645,SEVERE,8,0,sequential_yolo_pose,SM-S906U1,GPU
2026-04-23 00:03:41.004,112.823,28.527,56.316,0.728,1.625,6.230,14.715,0.033,false,38.684,SEVERE,8,0,sequential_yolo_pose,SM-S906U1,GPU
2026-04-23 00:03:41.130,117.726,31.205,54.279,0.863,2.650,12.436,11.696,0.040,false,20.442,SEVERE,8,0,sequential_yolo_pose,SM-S906U1,GPU
2026-04-23 00:03:41.245,111.321,27.886,55.633,0.619,1.937,10.021,11.013,0.045,false,20.317,SEVERE,8,0,sequential_yolo_pose,SM-S906U1,GPU
2026-04-23 00:03:41.359,110.515,26.973,57.372,0.744,2.671,7.736,10.251,0.041,false,20.442,SEVERE,9,0,sequential_yolo_pose,SM-S906U1,GPU
2026-04-23 00:03:41.456,90.784,28.967,56.172,0.861,0.000,0.000,0.000,0.000,true,17.016,SEVERE,9,0,sequential_yolo_pose,SM-S906U1,GPU
2026-04-23 00:03:41.564,98.806,35.281,53.239,0.666,0.000,0.000,0.000,0.000,true,30.598,SEVERE,9,0,sequential_yolo_pose,SM-S906U1,GPU
2026-04-23 00:03:41.689,117.772,31.404,53.657,0.912,2.720,10.969,11.324,0.044,false,16.891,SEVERE,9,0,sequential_yolo_pose,SM-S906U1,GPU
2026-04-23 00:03:41.837,136.991,30.500,57.681,1.017,2.482,18.382,22.616,0.042,false,20.535,SEVERE,9,0,sequential_yolo_pose,SM-S906U1,GPU
2026-04-23 00:03:41.952,110.722,34.146,51.245,0.703,3.098,7.089,10.058,0.043,false,20.379,SEVERE,9,0,sequential_yolo_pose,SM-S906U1,GPU
2026-04-23 00:03:42.068,110.498,33.011,53.445,0.578,1.417,5.431,10.961,0.045,false,20.348,SEVERE,9,0,sequential_yolo_pose,SM-S906U1,GPU
2026-04-23 00:03:42.174,101.975,27.801,53.474,0.558,1.391,5.357,9.199,0.053,false,20.317,SEVERE,9,0,sequential_yolo_pose,SM-S906U1,GPU
2026-04-23 00:03:42.287,109.080,31.427,52.931,0.535,1.994,7.373,10.692,0.056,false,20.379,SEVERE,8,0,sequential_yolo_pose,SM-S906U1,GPU
2026-04-23 00:03:42.405,114.380,30.702,53.913,0.833,2.472,8.569,13.504,0.067,false,20.379,SEVERE,8,0,sequential_yolo_pose,SM-S906U1,GPU
2026-04-23 00:03:42.498,88.427,28.388,55.064,0.547,0.000,0.000,0.000,0.000,true,16.985,SEVERE,8,0,sequential_yolo_pose,SM-S906U1,GPU
2026-04-23 00:03:42.596,92.507,29.363,56.807,0.930,0.000,0.000,0.000,0.000,true,30.629,SEVERE,8,0,sequential_yolo_pose,SM-S906U1,GPU
2026-04-23 00:03:42.735,127.691,37.895,55.425,0.892,2.560,8.646,15.372,0.097,false,16.891,SEVERE,8,0,sequential_yolo_pose,SM-S906U1,GPU
2026-04-23 00:03:42.852,112.349,29.729,53.402,0.855,2.578,9.981,11.615,0.041,false,20.379,SEVERE,8,0,sequential_yolo_pose,SM-S906U1,GPU
2026-04-23 00:03:42.970,113.770,30.544,54.009,0.565,1.482,7.577,13.133,0.049,false,20.348,SEVERE,8,0,sequential_yolo_pose,SM-S906U1,GPU
2026-04-23 00:03:43.085,110.476,27.753,54.130,0.758,1.531,10.258,11.280,0.045,false,20.348,SEVERE,8,0,sequential_yolo_pose,SM-S906U1,GPU
2026-04-23 00:03:43.175,84.773,25.733,52.429,0.362,0.000,0.000,0.000,0.000,true,16.957,SEVERE,8,0,sequential_yolo_pose,SM-S906U1,GPU
2026-04-23 00:03:43.280,99.053,34.266,58.550,0.372,0.000,0.000,0.000,0.000,true,30.664,SEVERE,9,0,sequential_yolo_pose,SM-S906U1,GPU
2026-04-23 00:03:43.377,94.191,36.210,53.700,0.273,0.000,0.000,0.000,0.000,true,18.668,SEVERE,9,0,sequential_yolo_pose,SM-S906U1,GPU
2026-04-23 00:03:43.509,126.753,41.836,54.822,0.823,2.826,9.755,10.622,0.049,false,35.614,SEVERE,9,0,sequential_yolo_pose,SM-S906U1,GPU
2026-04-23 00:03:43.638,123.864,34.102,56.807,0.641,2.267,8.431,17.219,0.031,false,22.039,SEVERE,9,0,sequential_yolo_pose,SM-S906U1,GPU
2026-04-23 00:03:43.752,110.292,28.058,53.001,1.018,2.335,9.739,11.765,0.060,false,38.922,SEVERE,9,0,sequential_yolo_pose,SM-S906U1,GPU
2026-04-23 00:03:43.877,115.738,29.205,55.186,0.896,2.251,9.622,14.473,0.050,false,29.797,SEVERE,9,0,sequential_yolo_pose,SM-S906U1,GPU
2026-04-23 00:03:43.993,112.140,29.059,52.795,0.972,2.598,9.344,12.735,0.049,false,20.321,SEVERE,9,0,sequential_yolo_pose,SM-S906U1,GPU
2026-04-23 00:03:44.113,108.031,24.459,53.437,0.751,2.175,10.517,11.345,0.062,false,20.379,SEVERE,9,0,sequential_yolo_pose,SM-S906U1,GPU
2026-04-23 00:03:44.231,113.529,32.603,53.865,0.560,1.584,6.002,12.437,1.290,false,20.446,SEVERE,9,0,sequential_yolo_pose,SM-S906U1,GPU
2026-04-23 00:03:44.354,116.841,32.044,53.534,0.423,4.267,11.145,10.514,0.036,false,20.446,SEVERE,9,0,sequential_yolo_pose,SM-S906U1,GPU
2026-04-23 00:03:44.471,113.015,30.121,55.405,0.521,1.628,6.114,14.527,0.045,false,20.379,SEVERE,9,0,sequential_yolo_pose,SM-S906U1,GPU
2026-04-23 00:03:44.584,108.509,28.250,54.703,0.792,1.485,7.253,11.085,0.036,false,20.348,SEVERE,9,0,sequential_yolo_pose,SM-S906U1,GPU
2026-04-23 00:03:44.703,113.706,31.536,54.153,0.478,1.813,7.521,13.522,0.046,false,20.317,SEVERE,9,0,sequential_yolo_pose,SM-S906U1,GPU
2026-04-23 00:03:44.825,117.336,37.408,53.758,0.776,2.317,6.120,11.563,0.033,false,20.379,SEVERE,9,0,sequential_yolo_pose,SM-S906U1,GPU
2026-04-23 00:03:44.922,89.091,25.983,57.451,0.504,0.000,0.000,0.000,0.000,true,17.016,SEVERE,9,0,sequential_yolo_pose,SM-S906U1,GPU
2026-04-23 00:03:45.024,91.774,31.228,53.223,0.545,0.000,0.000,0.000,0.000,true,30.567,SEVERE,9,0,sequential_yolo_pose,SM-S906U1,GPU
2026-04-23 00:03:45.125,94.022,31.764,57.323,0.652,0.000,0.000,0.000,0.000,true,13.508,SEVERE,9,0,sequential_yolo_pose,SM-S906U1,GPU
2026-04-23 00:03:45.270,130.628,43.609,55.165,0.716,1.646,6.374,13.605,0.084,false,20.282,SEVERE,9,0,sequential_yolo_pose,SM-S906U1,GPU
2026-04-23 00:03:45.379,100.572,25.341,53.213,0.658,1.667,6.838,9.310,0.058,false,20.442,SEVERE,9,0,sequential_yolo_pose,SM-S906U1,GPU
2026-04-23 00:03:45.491,107.895,31.422,52.933,0.428,1.372,6.383,10.311,0.035,false,20.379,SEVERE,9,0,sequential_yolo_pose,SM-S906U1,GPU
2026-04-23 00:03:45.615,117.948,32.179,55.763,0.624,2.189,10.795,11.761,0.052,false,20.410,SEVERE,9,0,sequential_yolo_pose,SM-S906U1,GPU
2026-04-23 00:03:45.730,110.145,30.680,53.713,0.398,1.673,6.459,12.646,0.039,false,20.379,SEVERE,9,0,sequential_yolo_pose,SM-S906U1,GPU
2026-04-23 00:03:45.821,83.658,24.830,55.609,0.257,0.000,0.000,0.000,0.000,true,16.985,SEVERE,9,0,sequential_yolo_pose,SM-S906U1,GPU
2026-04-23 00:03:45.940,115.005,33.066,55.463,0.419,1.475,7.578,11.877,0.020,false,33.961,SEVERE,9,0,sequential_yolo_pose,SM-S906U1,GPU
2026-04-23 00:03:46.052,108.920,28.480,53.784,1.688,4.354,6.579,9.900,0.036,false,30.293,SEVERE,9,0,sequential_yolo_pose,SM-S906U1,GPU
2026-04-23 00:03:46.186,129.050,30.656,59.861,0.948,2.867,15.469,11.344,0.056,false,20.446,SEVERE,9,0,sequential_yolo_pose,SM-S906U1,GPU
2026-04-23 00:03:46.317,122.959,29.606,56.554,0.671,3.435,12.003,13.664,0.050,false,20.473,SEVERE,8,0,sequential_yolo_pose,SM-S906U1,GPU
2026-04-23 00:03:46.406,84.972,25.032,53.989,0.404,0.000,0.000,0.000,0.000,true,17.047,SEVERE,8,0,sequential_yolo_pose,SM-S906U1,GPU
2026-04-23 00:03:46.523,113.351,29.309,51.943,5.350,2.867,8.873,10.558,0.048,false,33.961,SEVERE,8,0,sequential_yolo_pose,SM-S906U1,GPU
2026-04-23 00:03:46.658,127.141,32.822,56.543,1.106,2.730,10.611,13.785,0.033,false,28.981,SEVERE,8,0,sequential_yolo_pose,SM-S906U1,GPU
2026-04-23 00:03:46.778,111.293,29.046,55.250,0.462,1.518,8.406,10.355,0.051,false,20.379,SEVERE,8,0,sequential_yolo_pose,SM-S906U1,GPU
2026-04-23 00:03:46.870,88.393,29.698,54.222,0.304,0.000,0.000,0.000,0.000,true,17.016,SEVERE,8,0,sequential_yolo_pose,SM-S906U1,GPU
2026-04-23 00:03:46.984,110.164,29.112,53.520,0.602,1.560,9.946,10.725,0.038,false,33.930,SEVERE,8,0,sequential_yolo_pose,SM-S906U1,GPU
2026-04-23 00:03:47.114,122.219,42.891,55.000,0.429,1.386,4.637,12.346,0.056,false,20.348,SEVERE,8,0,sequential_yolo_pose,SM-S906U1,GPU
2026-04-23 00:03:47.231,112.700,28.611,54.868,0.941,3.208,7.677,12.988,0.052,false,20.379,SEVERE,8,0,sequential_yolo_pose,SM-S906U1,GPU
2026-04-23 00:03:47.350,114.144,31.930,56.960,0.545,3.206,6.024,11.133,0.043,false,20.469,SEVERE,9,0,sequential_yolo_pose,SM-S906U1,GPU
2026-04-23 00:03:47.463,107.099,30.925,51.114,0.518,1.610,5.920,12.675,0.055,false,20.348,SEVERE,9,0,sequential_yolo_pose,SM-S906U1,GPU
2026-04-23 00:03:47.558,89.434,28.425,56.781,0.250,0.000,0.000,0.000,0.000,true,16.953,SEVERE,9,0,sequential_yolo_pose,SM-S906U1,GPU
2026-04-23 00:03:47.660,98.352,35.871,56.117,0.593,0.000,0.000,0.000,0.000,true,30.598,SEVERE,9,0,sequential_yolo_pose,SM-S906U1,GPU
2026-04-23 00:03:47.769,102.693,39.226,54.514,0.583,0.000,0.000,0.000,0.000,true,18.641,SEVERE,9,0,sequential_yolo_pose,SM-S906U1,GPU
2026-04-23 00:03:47.897,121.559,34.379,53.259,0.911,2.806,9.614,12.363,0.058,false,35.524,SEVERE,9,0,sequential_yolo_pose,SM-S906U1,GPU
2026-04-23 00:03:48.033,125.344,45.273,53.397,0.603,2.001,7.362,12.176,0.045,false,21.985,SEVERE,9,0,sequential_yolo_pose,SM-S906U1,GPU
2026-04-23 00:03:48.152,115.093,23.942,56.417,0.718,2.391,10.429,16.002,0.037,false,38.899,SEVERE,9,0,sequential_yolo_pose,SM-S906U1,GPU
2026-04-23 00:03:48.270,114.387,30.748,54.209,0.466,1.343,6.678,15.970,0.033,false,29.797,SEVERE,9,0,sequential_yolo_pose,SM-S906U1,GPU
2026-04-23 00:03:48.387,113.007,34.308,55.255,0.551,2.213,5.193,11.123,0.047,false,20.414,SEVERE,9,0,sequential_yolo_pose,SM-S906U1,GPU
2026-04-23 00:03:48.509,118.710,32.900,56.677,0.537,1.691,7.559,13.070,0.050,false,20.410,SEVERE,9,0,sequential_yolo_pose,SM-S906U1,GPU
2026-04-23 00:03:48.617,103.926,24.779,52.649,0.780,5.720,5.438,10.472,0.045,false,20.434,SEVERE,9,0,sequential_yolo_pose,SM-S906U1,GPU
2026-04-23 00:03:48.724,103.393,27.133,51.936,0.610,1.513,5.993,10.980,0.046,false,20.442,SEVERE,9,0,sequential_yolo_pose,SM-S906U1,GPU
2026-04-23 00:03:48.839,111.283,28.587,54.956,0.541,1.455,5.695,15.450,0.050,false,20.379,SEVERE,9,0,sequential_yolo_pose,SM-S906U1,GPU
2026-04-23 00:03:48.949,104.177,26.987,54.815,0.459,1.517,6.639,9.601,0.030,false,20.379,SEVERE,9,0,sequential_yolo_pose,SM-S906U1,GPU
2026-04-23 00:03:49.062,109.891,31.568,54.040,0.417,2.507,5.612,11.378,0.045,false,20.317,SEVERE,9,0,sequential_yolo_pose,SM-S906U1,GPU
2026-04-23 00:03:49.174,106.712,29.440,55.350,0.501,1.475,6.015,9.683,0.043,false,20.379,SEVERE,9,0,sequential_yolo_pose,SM-S906U1,GPU
2026-04-23 00:03:49.291,110.328,33.902,54.359,0.469,1.399,5.859,10.258,0.031,false,20.379,SEVERE,9,0,sequential_yolo_pose,SM-S906U1,GPU
2026-04-23 00:03:49.414,109.345,31.008,55.225,0.507,1.528,6.301,10.645,0.045,false,20.317,SEVERE,9,0,sequential_yolo_pose,SM-S906U1,GPU
2026-04-23 00:03:49.527,109.599,30.043,54.875,0.557,1.519,6.070,10.779,0.054,false,20.410,SEVERE,9,0,sequential_yolo_pose,SM-S906U1,GPU
2026-04-23 00:03:49.643,110.371,30.473,54.089,0.536,1.633,8.290,9.800,0.048,false,20.410,SEVERE,9,0,sequential_yolo_pose,SM-S906U1,GPU
2026-04-23 00:03:49.755,108.363,30.161,55.784,0.521,1.399,5.712,10.493,0.046,false,20.379,SEVERE,9,0,sequential_yolo_pose,SM-S906U1,GPU
2026-04-23 00:03:49.869,108.276,28.244,56.307,0.448,1.654,5.703,11.570,0.038,false,20.348,SEVERE,9,0,sequential_yolo_pose,SM-S906U1,GPU
2026-04-23 00:03:49.981,107.909,30.333,55.284,0.533,1.451,6.010,10.085,0.047,false,20.317,SEVERE,9,0,sequential_yolo_pose,SM-S906U1,GPU
2026-04-23 00:03:50.092,107.725,30.302,53.553,0.547,1.490,5.616,12.046,0.053,false,20.410,SEVERE,9,0,sequential_yolo_pose,SM-S906U1,GPU
2026-04-23 00:03:50.205,109.278,27.750,54.900,0.542,1.803,5.886,14.241,0.041,false,20.379,SEVERE,9,0,sequential_yolo_pose,SM-S906U1,GPU
2026-04-23 00:03:50.313,104.673,30.842,51.689,0.497,1.411,6.572,9.382,0.040,false,20.348,SEVERE,8,0,sequential_yolo_pose,SM-S906U1,GPU
2026-04-23 00:03:50.424,108.124,28.090,53.918,0.779,1.999,6.462,12.777,0.045,false,20.446,SEVERE,8,0,sequential_yolo_pose,SM-S906U1,GPU
2026-04-23 00:03:50.543,113.393,26.528,54.658,0.778,2.061,11.726,12.139,0.048,false,20.379,SEVERE,8,0,sequential_yolo_pose,SM-S906U1,GPU
2026-04-23 00:03:50.657,110.215,29.205,55.693,0.731,1.653,6.975,11.668,0.045,false,20.465,SEVERE,8,0,sequential_yolo_pose,SM-S906U1,GPU
2026-04-23 00:03:50.779,113.225,30.070,52.402,0.886,2.332,9.486,13.322,0.050,false,20.379,SEVERE,8,0,sequential_yolo_pose,SM-S906U1,GPU
2026-04-23 00:03:50.896,112.348,31.163,54.768,0.725,2.152,6.926,12.082,0.051,false,20.410,SEVERE,8,0,sequential_yolo_pose,SM-S906U1,GPU
2026-04-23 00:03:51.021,119.992,29.341,54.838,0.928,11.458,7.920,10.708,0.053,false,20.442,SEVERE,8,0,sequential_yolo_pose,SM-S906U1,GPU
2026-04-23 00:03:51.112,82.371,26.623,52.192,0.569,0.000,0.000,0.000,0.000,true,17.012,SEVERE,8,0,sequential_yolo_pose,SM-S906U1,GPU
2026-04-23 00:03:51.212,95.421,31.960,57.981,0.748,0.000,0.000,0.000,0.000,true,30.625,SEVERE,8,0,sequential_yolo_pose,SM-S906U1,GPU
2026-04-23 00:03:51.316,98.873,36.458,55.900,0.482,0.000,0.000,0.000,0.000,true,18.281,SEVERE,9,0,sequential_yolo_pose,SM-S906U1,GPU
2026-04-23 00:03:51.440,120.174,36.166,53.606,1.032,2.332,10.409,10.690,0.061,false,35.196,SEVERE,9,0,sequential_yolo_pose,SM-S906U1,GPU
2026-04-23 00:03:51.563,117.763,34.073,56.789,0.843,2.291,7.443,11.698,0.040,false,22.028,SEVERE,9,0,sequential_yolo_pose,SM-S906U1,GPU
2026-04-23 00:03:51.670,99.932,23.587,51.275,0.896,2.066,6.524,12.203,0.027,false,38.848,SEVERE,9,0,sequential_yolo_pose,SM-S906U1,GPU
2026-04-23 00:03:51.786,109.447,28.352,54.075,1.889,2.569,7.631,10.327,0.048,false,30.657,SEVERE,9,0,sequential_yolo_pose,SM-S906U1,GPU
2026-04-23 00:03:51.890,87.739,28.450,54.453,0.559,0.000,0.000,0.000,0.000,true,16.985,SEVERE,9,0,sequential_yolo_pose,SM-S906U1,GPU
2026-04-23 00:03:51.996,100.743,33.851,53.665,0.788,0.000,0.000,0.000,0.000,true,30.567,SEVERE,9,0,sequential_yolo_pose,SM-S906U1,GPU
2026-04-23 00:03:52.118,112.883,32.007,52.350,0.746,2.667,9.169,9.725,0.038,false,21.614,SEVERE,9,0,sequential_yolo_pose,SM-S906U1,GPU
2026-04-23 00:03:52.235,112.685,29.415,56.944,0.481,1.023,6.918,13.487,0.039,false,38.567,SEVERE,9,0,sequential_yolo_pose,SM-S906U1,GPU
2026-04-23 00:03:52.352,110.081,31.930,51.450,0.590,2.050,9.996,9.738,0.030,false,29.805,SEVERE,9,0,sequential_yolo_pose,SM-S906U1,GPU
2026-04-23 00:03:52.470,113.998,29.942,55.928,0.709,2.019,7.511,12.294,0.043,false,16.856,SEVERE,9,0,sequential_yolo_pose,SM-S906U1,GPU
2026-04-23 00:03:52.583,107.909,29.574,55.259,0.686,2.299,6.031,9.851,0.046,false,20.410,SEVERE,9,0,sequential_yolo_pose,SM-S906U1,GPU
2026-04-23 00:03:52.714,127.871,35.416,58.748,0.948,3.687,10.183,13.048,0.057,false,20.442,SEVERE,9,0,sequential_yolo_pose,SM-S906U1,GPU
2026-04-23 00:03:52.828,109.461,26.623,53.816,0.733,2.196,8.030,11.365,0.043,false,20.379,SEVERE,9,0,sequential_yolo_pose,SM-S906U1,GPU
2026-04-23 00:03:52.947,114.844,25.376,54.801,0.737,2.716,13.273,10.093,0.052,false,20.410,SEVERE,9,0,sequential_yolo_pose,SM-S906U1,GPU
2026-04-23 00:03:53.063,113.138,33.315,55.457,0.519,1.468,7.315,10.732,0.068,false,20.348,SEVERE,9,0,sequential_yolo_pose,SM-S906U1,GPU
2026-04-23 00:03:53.186,114.150,33.067,54.302,0.764,1.789,7.458,10.706,0.037,false,20.317,SEVERE,9,0,sequential_yolo_pose,SM-S906U1,GPU
2026-04-23 00:03:53.304,115.066,30.898,57.926,0.483,2.307,7.517,10.829,0.065,false,20.321,SEVERE,9,0,sequential_yolo_pose,SM-S906U1,GPU
2026-04-23 00:03:53.423,113.263,29.741,53.053,0.582,5.331,7.495,12.417,0.050,false,20.446,SEVERE,9,0,sequential_yolo_pose,SM-S906U1,GPU
2026-04-23 00:03:53.548,115.745,28.846,55.769,0.847,2.402,12.590,10.920,0.050,false,20.410,SEVERE,9,0,sequential_yolo_pose,SM-S906U1,GPU
2026-04-23 00:03:53.667,113.734,30.894,52.437,0.853,2.355,8.523,10.192,0.064,false,20.379,SEVERE,9,0,sequential_yolo_pose,SM-S906U1,GPU
2026-04-23 00:03:53.791,114.350,31.596,52.830,0.934,3.281,8.785,12.297,0.049,false,20.442,SEVERE,9,0,sequential_yolo_pose,SM-S906U1,GPU
2026-04-23 00:03:53.922,125.390,31.073,57.740,0.721,2.334,15.170,13.980,0.070,false,20.442,SEVERE,9,0,sequential_yolo_pose,SM-S906U1,GPU
2026-04-23 00:03:54.041,113.479,30.348,54.685,0.520,1.333,8.685,10.202,0.045,false,20.348,SEVERE,9,0,sequential_yolo_pose,SM-S906U1,GPU
2026-04-23 00:03:54.156,110.825,28.822,58.584,0.510,1.376,6.221,11.012,0.044,false,20.317,SEVERE,9,0,sequential_yolo_pose,SM-S906U1,GPU
2026-04-23 00:03:54.278,117.728,31.614,56.324,1.061,3.795,9.065,11.533,0.045,false,20.379,SEVERE,9,0,sequential_yolo_pose,SM-S906U1,GPU
2026-04-23 00:03:54.390,107.801,31.481,53.146,0.553,1.330,5.570,11.179,0.043,false,20.477,SEVERE,8,0,sequential_yolo_pose,SM-S906U1,GPU
2026-04-23 00:03:54.507,112.419,28.942,57.120,0.409,1.606,8.631,10.183,0.033,false,20.289,SEVERE,8,0,sequential_yolo_pose,SM-S906U1,GPU
2026-04-23 00:03:54.624,113.029,32.136,54.249,0.744,2.248,8.772,10.729,0.046,false,20.285,SEVERE,8,0,sequential_yolo_pose,SM-S906U1,GPU
2026-04-23 00:03:54.741,111.209,30.432,53.296,0.661,2.057,8.195,10.575,0.042,false,20.473,SEVERE,8,0,sequential_yolo_pose,SM-S906U1,GPU
2026-04-23 00:03:54.857,112.341,29.911,53.209,1.053,2.236,8.822,12.992,0.046,false,20.410,SEVERE,8,0,sequential_yolo_pose,SM-S906U1,GPU
2026-04-23 00:03:54.980,117.478,25.492,53.759,0.519,2.646,12.068,13.194,0.077,false,20.410,SEVERE,8,0,sequential_yolo_pose,SM-S906U1,GPU
2026-04-23 00:03:55.101,117.555,35.409,54.608,0.596,1.584,6.015,15.065,0.049,false,20.379,SEVERE,8,0,sequential_yolo_pose,SM-S906U1,GPU
2026-04-23 00:03:55.224,118.391,28.542,58.925,0.791,5.154,8.851,11.511,0.037,false,20.442,SEVERE,8,0,sequential_yolo_pose,SM-S906U1,GPU
2026-04-23 00:03:55.345,114.629,28.782,53.824,0.589,1.375,9.481,16.285,0.067,false,20.414,SEVERE,8,0,sequential_yolo_pose,SM-S906U1,GPU
2026-04-23 00:03:55.444,93.738,34.785,53.270,0.495,0.000,0.000,0.000,0.000,true,16.988,SEVERE,8,0,sequential_yolo_pose,SM-S906U1,GPU
2026-04-23 00:03:55.554,105.615,42.508,54.600,0.725,0.000,0.000,0.000,0.000,true,30.602,SEVERE,8,0,sequential_yolo_pose,SM-S906U1,GPU
2026-04-23 00:03:55.665,100.077,36.528,52.267,0.829,0.000,0.000,0.000,0.000,true,18.582,SEVERE,8,0,sequential_yolo_pose,SM-S906U1,GPU
2026-04-23 00:03:55.787,112.361,29.673,55.807,1.005,2.380,8.926,9.777,0.046,false,35.559,SEVERE,8,0,sequential_yolo_pose,SM-S906U1,GPU
2026-04-23 00:03:55.915,123.594,35.510,55.604,0.783,2.293,10.341,11.326,0.049,false,21.942,SEVERE,8,0,sequential_yolo_pose,SM-S906U1,GPU
2026-04-23 00:03:56.030,111.432,27.670,55.166,0.842,2.017,9.167,11.954,0.047,false,38.856,SEVERE,8,0,sequential_yolo_pose,SM-S906U1,GPU
2026-04-23 00:03:56.151,111.949,28.756,54.780,1.276,2.508,8.576,11.304,0.050,false,29.766,SEVERE,8,0,sequential_yolo_pose,SM-S906U1,GPU
2026-04-23 00:03:56.245,88.787,29.859,53.890,0.324,0.000,0.000,0.000,0.000,true,13.953,SEVERE,8,0,sequential_yolo_pose,SM-S906U1,GPU
2026-04-23 00:03:56.355,105.427,40.147,57.262,0.353,0.000,0.000,0.000,0.000,true,17.071,SEVERE,9,0,sequential_yolo_pose,SM-S906U1,GPU
2026-04-23 00:03:56.457,95.324,34.513,55.428,0.693,0.000,0.000,0.000,0.000,true,30.621,SEVERE,9,0,sequential_yolo_pose,SM-S906U1,GPU
2026-04-23 00:03:56.585,122.324,38.307,52.593,0.809,2.748,8.985,11.621,0.033,false,16.950,SEVERE,9,0,sequential_yolo_pose,SM-S906U1,GPU
2026-04-23 00:03:56.694,103.378,24.736,52.001,0.446,1.715,7.636,12.222,0.031,false,20.410,SEVERE,9,0,sequential_yolo_pose,SM-S906U1,GPU
2026-04-23 00:03:56.821,117.825,33.345,53.772,1.275,5.748,8.178,10.939,0.032,false,20.348,SEVERE,9,0,sequential_yolo_pose,SM-S906U1,GPU
2026-04-23 00:03:56.951,123.639,28.732,54.807,0.972,4.460,12.483,10.965,0.069,false,20.442,SEVERE,9,0,sequential_yolo_pose,SM-S906U1,GPU
2026-04-23 00:03:57.075,119.668,29.423,56.288,1.012,2.464,12.431,11.090,0.048,false,20.410,SEVERE,9,0,sequential_yolo_pose,SM-S906U1,GPU
2026-04-23 00:03:57.197,112.901,32.697,53.034,0.708,2.380,8.508,11.009,0.022,false,20.348,SEVERE,9,0,sequential_yolo_pose,SM-S906U1,GPU
2026-04-23 00:03:57.318,113.979,30.773,56.286,1.034,2.778,7.675,10.874,0.049,false,20.379,SEVERE,9,0,sequential_yolo_pose,SM-S906U1,GPU
2026-04-23 00:03:57.409,85.624,24.193,57.983,0.356,0.000,0.000,0.000,0.000,true,17.008,SEVERE,9,0,sequential_yolo_pose,SM-S906U1,GPU
2026-04-23 00:03:57.508,95.081,34.661,55.947,0.425,0.000,0.000,0.000,0.000,true,30.653,SEVERE,9,0,sequential_yolo_pose,SM-S906U1,GPU
2026-04-23 00:03:57.640,127.071,42.000,54.531,0.632,2.044,8.445,13.994,0.056,false,21.910,SEVERE,9,0,sequential_yolo_pose,SM-S906U1,GPU
2026-04-23 00:03:57.759,115.606,31.310,57.996,0.501,4.201,7.226,10.282,0.030,false,38.919,SEVERE,9,0,sequential_yolo_pose,SM-S906U1,GPU
2026-04-23 00:03:57.881,113.308,30.460,53.290,0.899,2.504,10.278,10.558,0.044,false,14.508,SEVERE,9,0,sequential_yolo_pose,SM-S906U1,GPU
2026-04-23 00:03:57.994,108.938,30.338,52.443,0.775,2.184,5.564,13.257,0.052,false,21.649,SEVERE,9,0,sequential_yolo_pose,SM-S906U1,GPU
2026-04-23 00:03:58.106,105.137,24.453,55.034,0.718,1.594,7.000,13.072,0.058,false,38.532,SEVERE,9,0,sequential_yolo_pose,SM-S906U1,GPU
2026-04-23 00:03:58.227,110.677,32.644,54.924,0.429,1.306,5.108,11.732,0.032,false,20.379,SEVERE,9,0,sequential_yolo_pose,SM-S906U1,GPU
2026-04-23 00:03:58.356,123.731,28.856,54.336,0.973,4.699,18.504,11.527,0.044,false,20.442,SEVERE,9,0,sequential_yolo_pose,SM-S906U1,GPU
2026-04-23 00:03:58.465,104.434,29.386,52.666,0.527,1.457,5.374,10.626,0.043,false,20.352,SEVERE,9,0,sequential_yolo_pose,SM-S906U1,GPU
2026-04-23 00:03:58.589,120.818,29.773,53.106,1.706,4.385,12.499,14.976,0.029,false,20.473,SEVERE,9,0,sequential_yolo_pose,SM-S906U1,GPU
2026-04-23 00:03:58.712,115.947,31.387,52.999,0.678,2.129,8.905,11.245,0.042,false,20.379,SEVERE,9,0,sequential_yolo_pose,SM-S906U1,GPU
2026-04-23 00:03:58.805,89.363,28.428,55.888,0.674,0.000,0.000,0.000,0.000,true,16.985,SEVERE,9,0,sequential_yolo_pose,SM-S906U1,GPU
2026-04-23 00:03:58.909,98.386,37.091,55.005,0.421,0.000,0.000,0.000,0.000,true,30.567,SEVERE,9,0,sequential_yolo_pose,SM-S906U1,GPU
2026-04-23 00:03:59.042,128.384,42.358,53.611,0.893,2.827,10.236,11.001,0.053,false,17.282,SEVERE,9,0,sequential_yolo_pose,SM-S906U1,GPU
2026-04-23 00:03:59.162,115.383,32.213,57.789,0.639,1.628,7.379,11.203,0.041,false,20.410,SEVERE,9,0,sequential_yolo_pose,SM-S906U1,GPU
2026-04-23 00:03:59.288,120.454,27.459,58.227,0.900,7.059,10.013,12.056,0.045,false,20.442,SEVERE,9,0,sequential_yolo_pose,SM-S906U1,GPU
2026-04-23 00:03:59.415,119.169,26.142,56.602,0.978,9.359,8.851,10.558,0.043,false,20.410,SEVERE,8,0,sequential_yolo_pose,SM-S906U1,GPU
2026-04-23 00:03:59.536,115.246,30.943,51.965,0.728,1.738,7.495,17.831,0.046,false,20.379,SEVERE,8,0,sequential_yolo_pose,SM-S906U1,GPU
2026-04-23 00:03:59.650,111.017,29.743,53.364,0.811,2.625,9.884,10.213,0.044,false,20.410,SEVERE,8,0,sequential_yolo_pose,SM-S906U1,GPU
2026-04-23 00:03:59.746,91.826,31.093,53.636,0.440,0.000,0.000,0.000,0.000,true,16.985,SEVERE,8,0,sequential_yolo_pose,SM-S906U1,GPU
2026-04-23 00:03:59.876,125.193,38.097,54.956,0.962,2.444,10.320,10.866,0.042,false,33.993,SEVERE,8,0,sequential_yolo_pose,SM-S906U1,GPU
2026-04-23 00:03:59.969,87.413,27.384,54.311,1.323,0.000,0.000,0.000,0.000,true,16.988,SEVERE,8,0,sequential_yolo_pose,SM-S906U1,GPU
2026-04-23 00:04:00.091,116.677,30.513,53.704,0.974,6.584,7.458,12.623,0.041,false,33.997,SEVERE,8,0,sequential_yolo_pose,SM-S906U1,GPU
2026-04-23 00:04:00.207,104.227,25.985,53.892,0.557,1.497,6.675,11.273,0.030,false,20.407,SEVERE,8,0,sequential_yolo_pose,SM-S906U1,GPU
2026-04-23 00:04:00.312,102.431,25.531,53.779,0.541,1.345,7.453,10.811,0.048,false,20.379,SEVERE,8,0,sequential_yolo_pose,SM-S906U1,GPU
2026-04-23 00:04:00.428,110.884,29.062,54.552,0.780,2.447,5.764,11.265,0.036,false,20.442,SEVERE,9,0,sequential_yolo_pose,SM-S906U1,GPU
2026-04-23 00:04:00.551,118.518,27.425,59.417,0.728,3.472,11.448,10.667,0.052,false,20.410,SEVERE,9,0,sequential_yolo_pose,SM-S906U1,GPU
2026-04-23 00:04:00.650,92.897,26.879,58.850,0.484,0.000,0.000,0.000,0.000,true,16.953,SEVERE,9,0,sequential_yolo_pose,SM-S906U1,GPU
2026-04-23 00:04:00.755,98.904,35.028,55.972,0.648,0.000,0.000,0.000,0.000,true,30.629,SEVERE,9,0,sequential_yolo_pose,SM-S906U1,GPU
2026-04-23 00:04:00.864,102.915,42.729,53.823,0.489,0.000,0.000,0.000,0.000,true,18.641,SEVERE,9,0,sequential_yolo_pose,SM-S906U1,GPU
2026-04-23 00:04:00.961,85.646,29.551,50.863,0.689,0.000,0.000,0.000,0.000,true,32.192,SEVERE,9,0,sequential_yolo_pose,SM-S906U1,GPU
2026-04-23 00:04:01.098,130.571,40.451,53.433,0.804,2.614,7.195,15.615,0.048,false,21.555,SEVERE,9,0,sequential_yolo_pose,SM-S906U1,GPU
2026-04-23 00:04:01.211,108.608,24.213,55.619,0.683,2.589,10.739,10.710,0.033,false,38.501,SEVERE,9,0,sequential_yolo_pose,SM-S906U1,GPU
2026-04-23 00:04:01.342,123.793,33.967,57.051,0.603,1.512,11.573,11.186,0.036,false,29.860,SEVERE,9,0,sequential_yolo_pose,SM-S906U1,GPU
2026-04-23 00:04:01.462,113.350,33.290,53.558,0.785,1.802,7.200,12.059,0.034,false,20.559,SEVERE,9,0,sequential_yolo_pose,SM-S906U1,GPU
2026-04-23 00:04:01.587,117.175,32.641,52.215,0.930,2.448,11.136,12.286,0.047,false,20.379,SEVERE,9,0,sequential_yolo_pose,SM-S906U1,GPU
2026-04-23 00:04:01.712,121.331,29.551,56.011,0.606,1.971,15.266,11.396,0.051,false,20.442,SEVERE,9,0,sequential_yolo_pose,SM-S906U1,GPU
2026-04-23 00:04:01.831,115.521,31.349,54.081,0.510,2.001,8.502,15.063,0.042,false,20.348,SEVERE,9,0,sequential_yolo_pose,SM-S906U1,GPU
2026-04-23 00:04:01.950,114.742,29.011,55.538,0.782,3.390,10.261,11.489,0.031,false,20.379,SEVERE,9,0,sequential_yolo_pose,SM-S906U1,GPU
2026-04-23 00:04:02.063,108.666,32.422,54.268,0.455,1.415,5.451,9.922,0.055,false,20.317,SEVERE,9,0,sequential_yolo_pose,SM-S906U1,GPU
2026-04-23 00:04:02.184,114.942,31.303,53.556,0.786,3.441,8.163,13.451,0.033,false,20.379,SEVERE,9,0,sequential_yolo_pose,SM-S906U1,GPU
2026-04-23 00:04:02.297,108.104,29.717,51.810,0.428,2.144,7.756,11.243,0.053,false,20.348,SEVERE,9,0,sequential_yolo_pose,SM-S906U1,GPU
2026-04-23 00:04:02.417,114.638,31.719,52.996,0.676,2.155,10.077,11.841,0.046,false,20.348,SEVERE,9,0,sequential_yolo_pose,SM-S906U1,GPU
2026-04-23 00:04:02.542,120.713,32.933,54.765,0.408,1.391,12.560,10.736,0.036,false,20.379,SEVERE,8,0,sequential_yolo_pose,SM-S906U1,GPU
2026-04-23 00:04:02.663,117.245,30.268,54.873,0.740,6.175,8.185,11.530,0.053,false,20.410,SEVERE,8,0,sequential_yolo_pose,SM-S906U1,GPU
2026-04-23 00:04:02.778,109.554,23.867,58.237,0.586,1.896,11.803,10.220,0.030,false,20.473,SEVERE,8,0,sequential_yolo_pose,SM-S906U1,GPU
2026-04-23 00:04:02.890,108.145,29.575,53.935,0.610,2.506,6.953,10.366,0.044,false,20.414,SEVERE,8,0,sequential_yolo_pose,SM-S906U1,GPU
2026-04-23 00:04:03.004,110.313,27.421,54.594,0.659,1.705,9.915,11.627,0.047,false,20.438,SEVERE,8,0,sequential_yolo_pose,SM-S906U1,GPU
2026-04-23 00:04:03.118,110.498,27.476,57.504,0.520,1.581,7.840,11.356,0.043,false,20.442,SEVERE,8,0,sequential_yolo_pose,SM-S906U1,GPU
2026-04-23 00:04:03.214,92.030,29.333,58.290,0.363,0.000,0.000,0.000,0.000,true,16.953,SEVERE,8,0,sequential_yolo_pose,SM-S906U1,GPU
2026-04-23 00:04:03.349,130.796,40.195,56.521,0.771,2.538,12.843,11.528,0.040,false,33.930,SEVERE,8,0,sequential_yolo_pose,SM-S906U1,GPU
2026-04-23 00:04:03.479,123.138,34.502,55.139,0.519,2.206,10.866,13.664,0.053,false,28.879,SEVERE,9,0,sequential_yolo_pose,SM-S906U1,GPU
2026-04-23 00:04:03.592,108.884,30.978,53.165,0.720,2.293,6.527,10.361,0.052,false,20.446,SEVERE,9,0,sequential_yolo_pose,SM-S906U1,GPU
2026-04-23 00:04:03.721,123.180,29.771,55.336,0.679,2.443,17.789,11.405,0.046,false,20.477,SEVERE,9,0,sequential_yolo_pose,SM-S906U1,GPU
2026-04-23 00:04:03.851,121.657,30.284,53.596,0.958,2.668,16.424,10.822,0.057,false,20.410,SEVERE,9,0,sequential_yolo_pose,SM-S906U1,GPU
2026-04-23 00:04:03.973,117.797,35.331,53.480,0.598,2.025,8.034,11.473,0.053,false,20.410,SEVERE,9,0,sequential_yolo_pose,SM-S906U1,GPU
2026-04-23 00:04:04.091,113.915,31.191,55.391,0.908,2.470,8.586,10.637,0.056,false,20.379,SEVERE,9,0,sequential_yolo_pose,SM-S906U1,GPU
2026-04-23 00:04:04.189,88.708,30.076,53.003,0.770,0.000,0.000,0.000,0.000,true,16.953,SEVERE,9,0,sequential_yolo_pose,SM-S906U1,GPU
2026-04-23 00:04:04.293,94.106,36.776,51.822,0.808,0.000,0.000,0.000,0.000,true,30.598,SEVERE,9,0,sequential_yolo_pose,SM-S906U1,GPU
2026-04-23 00:04:04.424,124.962,40.777,53.900,0.730,4.007,6.452,12.034,0.035,false,16.891,SEVERE,9,0,sequential_yolo_pose,SM-S906U1,GPU
2026-04-23 00:04:04.539,106.368,23.672,56.546,0.616,1.677,8.004,12.641,0.057,false,20.383,SEVERE,8,0,sequential_yolo_pose,SM-S906U1,GPU
2026-04-23 00:04:04.658,109.767,30.065,53.134,0.641,2.091,7.395,11.997,0.032,false,20.379,SEVERE,8,0,sequential_yolo_pose,SM-S906U1,GPU
2026-04-23 00:04:04.776,108.027,29.086,52.279,0.391,1.393,9.340,11.312,0.042,false,20.410,SEVERE,8,0,sequential_yolo_pose,SM-S906U1,GPU
2026-04-23 00:04:04.869,89.443,29.593,55.012,0.499,0.000,0.000,0.000,0.000,true,16.953,SEVERE,8,0,sequential_yolo_pose,SM-S906U1,GPU
2026-04-23 00:04:04.964,91.562,29.203,57.846,0.508,0.000,0.000,0.000,0.000,true,30.567,SEVERE,8,0,sequential_yolo_pose,SM-S906U1,GPU
2026-04-23 00:04:05.061,90.294,30.523,55.091,0.512,0.000,0.000,0.000,0.000,true,13.555,SEVERE,8,0,sequential_yolo_pose,SM-S906U1,GPU
2026-04-23 00:04:05.165,91.471,33.344,51.501,0.496,0.000,0.000,0.000,0.000,true,16.918,SEVERE,8,0,sequential_yolo_pose,SM-S906U1,GPU
2026-04-23 00:04:05.262,90.036,30.459,53.600,0.443,0.000,0.000,0.000,0.000,true,30.594,SEVERE,8,0,sequential_yolo_pose,SM-S906U1,GPU
2026-04-23 00:04:05.388,120.287,40.969,52.759,0.344,1.389,5.169,10.806,0.038,false,17.278,SEVERE,8,0,sequential_yolo_pose,SM-S906U1,GPU
2026-04-23 00:04:05.508,116.252,30.377,52.533,0.416,2.362,8.610,17.602,0.034,false,20.469,SEVERE,10,0,sequential_yolo_pose,SM-S906U1,GPU
2026-04-23 00:04:05.624,110.397,29.133,53.856,0.640,2.485,7.474,12.561,0.031,false,20.348,SEVERE,10,0,sequential_yolo_pose,SM-S906U1,GPU
2026-04-23 00:04:05.738,106.877,25.659,54.120,0.458,1.374,7.191,13.707,0.041,false,20.379,SEVERE,10,0,sequential_yolo_pose,SM-S906U1,GPU
2026-04-23 00:04:05.855,114.069,29.484,55.178,0.852,3.540,8.618,12.337,0.051,false,20.461,SEVERE,10,0,sequential_yolo_pose,SM-S906U1,GPU
2026-04-23 00:04:05.972,109.051,30.899,54.023,0.835,1.934,6.689,9.695,0.081,false,20.379,SEVERE,10,0,sequential_yolo_pose,SM-S906U1,GPU
2026-04-23 00:04:06.096,119.191,29.295,54.466,1.260,2.626,14.448,12.922,0.133,false,20.379,SEVERE,10,0,sequential_yolo_pose,SM-S906U1,GPU
2026-04-23 00:04:06.210,105.734,29.697,52.700,0.479,2.356,6.560,9.579,0.031,false,20.410,SEVERE,10,0,sequential_yolo_pose,SM-S906U1,GPU
2026-04-23 00:04:06.330,116.755,31.085,56.972,0.714,2.183,8.142,10.570,2.873,false,20.379,SEVERE,10,0,sequential_yolo_pose,SM-S906U1,GPU
2026-04-23 00:04:06.447,111.143,26.515,53.835,0.653,2.198,12.967,10.478,0.041,false,20.442,SEVERE,8,0,sequential_yolo_pose,SM-S906U1,GPU
2026-04-23 00:04:06.568,112.831,30.552,55.406,0.450,1.378,6.815,11.685,0.051,false,20.317,SEVERE,8,0,sequential_yolo_pose,SM-S906U1,GPU
2026-04-23 00:04:06.688,114.229,32.292,53.526,0.864,4.417,8.075,10.533,0.047,false,20.317,SEVERE,8,0,sequential_yolo_pose,SM-S906U1,GPU
2026-04-23 00:04:06.806,113.853,29.283,56.422,0.557,1.711,6.478,12.501,0.049,false,20.379,SEVERE,8,0,sequential_yolo_pose,SM-S906U1,GPU
2026-04-23 00:04:06.919,109.543,29.305,54.529,0.794,2.817,8.250,9.501,0.048,false,20.317,SEVERE,8,0,sequential_yolo_pose,SM-S906U1,GPU
2026-04-23 00:04:07.031,107.336,29.819,54.196,0.420,1.344,6.586,10.439,0.372,false,20.379,SEVERE,8,0,sequential_yolo_pose,SM-S906U1,GPU
2026-04-23 00:04:07.146,111.455,28.361,55.676,0.761,2.432,8.089,11.692,0.043,false,20.379,SEVERE,8,0,sequential_yolo_pose,SM-S906U1,GPU
2026-04-23 00:04:07.261,111.968,31.821,52.899,0.932,2.199,7.388,12.296,0.045,false,20.379,SEVERE,8,0,sequential_yolo_pose,SM-S906U1,GPU
2026-04-23 00:04:07.390,120.842,30.091,53.620,0.715,2.170,17.576,11.828,0.051,false,20.410,SEVERE,8,0,sequential_yolo_pose,SM-S906U1,GPU
2026-04-23 00:04:07.498,101.483,27.767,52.279,0.355,1.384,5.936,10.750,0.024,false,20.567,SEVERE,9,0,sequential_yolo_pose,SM-S906U1,GPU
2026-04-23 00:04:07.590,88.398,26.137,56.887,0.266,0.000,0.000,0.000,0.000,true,17.016,SEVERE,9,0,sequential_yolo_pose,SM-S906U1,GPU
2026-04-23 00:04:07.715,120.257,34.547,56.315,0.503,1.472,11.323,10.401,0.041,false,33.993,SEVERE,9,0,sequential_yolo_pose,SM-S906U1,GPU
2026-04-23 00:04:07.843,123.888,32.851,56.978,0.630,2.046,14.865,11.505,0.032,false,28.809,SEVERE,9,0,sequential_yolo_pose,SM-S906U1,GPU
2026-04-23 00:04:07.957,109.680,30.907,54.867,0.481,1.446,5.775,11.813,0.041,false,17.254,SEVERE,9,0,sequential_yolo_pose,SM-S906U1,GPU
2026-04-23 00:04:08.076,110.656,31.127,54.063,0.540,1.414,5.434,12.929,0.055,false,20.348,SEVERE,9,0,sequential_yolo_pose,SM-S906U1,GPU
2026-04-23 00:04:08.192,111.231,32.274,53.420,0.778,2.130,8.377,9.896,0.053,false,20.348,SEVERE,9,0,sequential_yolo_pose,SM-S906U1,GPU
2026-04-23 00:04:08.315,116.650,28.728,55.914,0.782,2.257,10.607,11.283,0.044,false,20.379,SEVERE,9,0,sequential_yolo_pose,SM-S906U1,GPU
2026-04-23 00:04:08.419,100.960,38.413,51.277,0.414,0.000,0.000,0.000,0.000,true,16.985,SEVERE,9,0,sequential_yolo_pose,SM-S906U1,GPU
2026-04-23 00:04:08.558,133.157,37.258,53.852,1.882,4.308,13.951,15.413,0.050,false,34.118,SEVERE,9,0,sequential_yolo_pose,SM-S906U1,GPU
2026-04-23 00:04:08.671,98.651,30.940,59.505,0.418,0.000,0.000,0.000,0.000,true,25.512,SEVERE,9,0,sequential_yolo_pose,SM-S906U1,GPU
2026-04-23 00:04:08.791,115.844,35.242,54.730,0.643,1.685,6.671,10.708,0.047,false,23.262,SEVERE,9,0,sequential_yolo_pose,SM-S906U1,GPU
2026-04-23 00:04:08.919,117.206,32.419,55.844,0.841,3.311,9.627,10.493,0.205,false,40.184,SEVERE,9,0,sequential_yolo_pose,SM-S906U1,GPU
2026-04-23 00:04:09.051,115.367,27.910,53.418,0.770,3.666,10.446,11.944,0.043,false,20.375,SEVERE,9,0,sequential_yolo_pose,SM-S906U1,GPU
2026-04-23 00:04:09.172,114.883,31.815,53.031,0.853,2.217,8.776,10.393,0.058,false,20.379,SEVERE,9,0,sequential_yolo_pose,SM-S906U1,GPU
2026-04-23 00:04:09.266,88.806,29.072,55.052,0.473,0.000,0.000,0.000,0.000,true,16.985,SEVERE,9,0,sequential_yolo_pose,SM-S906U1,GPU
2026-04-23 00:04:09.364,92.376,29.294,57.867,0.535,0.000,0.000,0.000,0.000,true,30.598,SEVERE,9,0,sequential_yolo_pose,SM-S906U1,GPU
2026-04-23 00:04:09.498,124.047,41.354,53.303,0.560,2.841,9.031,11.973,0.038,false,21.914,SEVERE,8,0,sequential_yolo_pose,SM-S906U1,GPU
2026-04-23 00:04:09.614,109.482,26.367,54.854,0.520,2.729,8.624,11.967,0.037,false,38.985,SEVERE,8,0,sequential_yolo_pose,SM-S906U1,GPU
2026-04-23 00:04:09.733,109.491,30.384,51.802,0.395,1.437,6.259,11.323,0.035,false,20.375,SEVERE,8,0,sequential_yolo_pose,SM-S906U1,GPU
2026-04-23 00:04:09.847,110.011,29.220,54.275,0.438,1.532,5.829,13.545,0.032,false,20.379,SEVERE,8,0,sequential_yolo_pose,SM-S906U1,GPU
2026-04-23 00:04:09.958,107.433,29.585,52.353,0.350,1.390,6.606,12.819,0.031,false,20.379,SEVERE,8,0,sequential_yolo_pose,SM-S906U1,GPU
2026-04-23 00:04:10.074,107.515,26.842,54.112,0.341,0.926,4.512,15.795,0.032,false,20.379,SEVERE,8,0,sequential_yolo_pose,SM-S906U1,GPU
2026-04-23 00:04:10.220,139.248,55.981,53.674,0.490,2.311,10.374,9.967,0.022,false,20.285,SEVERE,8,0,sequential_yolo_pose,SM-S906U1,GPU
2026-04-23 00:04:10.348,123.200,37.449,51.070,0.428,0.930,4.244,16.905,0.029,false,14.528,SEVERE,8,0,sequential_yolo_pose,SM-S906U1,GPU
2026-04-23 00:04:10.456,105.361,32.573,53.325,0.357,0.951,3.935,9.485,0.052,false,21.578,SEVERE,8,0,sequential_yolo_pose,SM-S906U1,GPU
2026-04-23 00:04:10.559,98.472,23.723,54.136,0.459,1.287,5.471,10.254,0.035,false,38.524,SEVERE,9,0,sequential_yolo_pose,SM-S906U1,GPU
2026-04-23 00:04:10.679,109.308,28.616,53.405,0.720,2.085,9.188,10.215,0.031,false,29.063,SEVERE,9,0,sequential_yolo_pose,SM-S906U1,GPU
2026-04-23 00:04:10.810,126.395,43.966,58.150,0.613,1.596,6.159,11.050,0.038,false,22.067,SEVERE,9,0,sequential_yolo_pose,SM-S906U1,GPU
2026-04-23 00:04:10.916,101.340,25.449,52.159,0.517,1.655,6.649,11.925,0.032,false,39.012,SEVERE,9,0,sequential_yolo_pose,SM-S906U1,GPU
2026-04-23 00:04:11.036,107.591,23.513,57.477,0.468,1.653,6.922,12.541,0.044,false,20.371,SEVERE,9,0,sequential_yolo_pose,SM-S906U1,GPU
2026-04-23 00:04:11.146,107.251,29.363,55.201,0.421,1.420,5.653,10.018,1.021,false,20.317,SEVERE,9,0,sequential_yolo_pose,SM-S906U1,GPU
2026-04-23 00:04:11.251,101.141,25.248,51.931,0.350,1.712,6.668,11.963,0.057,false,20.461,SEVERE,9,0,sequential_yolo_pose,SM-S906U1,GPU
2026-04-23 00:04:11.370,115.420,36.464,51.989,0.487,1.297,6.174,13.214,0.042,false,20.348,SEVERE,9,0,sequential_yolo_pose,SM-S906U1,GPU
2026-04-23 00:04:11.478,104.067,27.690,53.273,0.462,2.317,6.094,10.230,0.043,false,20.317,SEVERE,9,0,sequential_yolo_pose,SM-S906U1,GPU
2026-04-23 00:04:11.589,108.236,31.966,53.201,0.478,1.910,5.256,11.289,0.051,false,20.434,SEVERE,9,0,sequential_yolo_pose,SM-S906U1,GPU
2026-04-23 00:04:11.696,103.747,28.156,51.960,0.548,1.392,5.341,12.224,0.042,false,20.317,SEVERE,9,0,sequential_yolo_pose,SM-S906U1,GPU
2026-04-23 00:04:11.804,99.647,24.381,56.029,0.533,1.442,5.174,9.134,0.060,false,20.442,SEVERE,9,0,sequential_yolo_pose,SM-S906U1,GPU
2026-04-23 00:04:11.895,88.249,28.189,54.242,1.701,0.000,0.000,0.000,0.000,true,16.973,SEVERE,9,0,sequential_yolo_pose,SM-S906U1,GPU
2026-04-23 00:04:12.011,108.319,34.762,52.196,1.150,2.085,4.474,9.354,0.024,false,33.957,SEVERE,9,0,sequential_yolo_pose,SM-S906U1,GPU
2026-04-23 00:04:12.151,135.174,56.176,54.456,0.501,2.832,6.120,10.807,0.052,false,28.661,SEVERE,9,0,sequential_yolo_pose,SM-S906U1,GPU
2026-04-23 00:04:12.277,118.606,32.773,51.431,0.978,2.004,11.163,10.449,0.043,false,20.410,SEVERE,9,0,sequential_yolo_pose,SM-S906U1,GPU
2026-04-23 00:04:12.406,124.029,40.758,50.686,0.474,1.459,5.485,18.763,0.029,false,14.512,SEVERE,9,0,sequential_yolo_pose,SM-S906U1,GPU
2026-04-23 00:04:12.501,89.895,29.440,55.474,0.239,0.000,0.000,0.000,0.000,true,18.223,SEVERE,9,0,sequential_yolo_pose,SM-S906U1,GPU
2026-04-23 00:04:12.592,87.567,30.256,52.976,0.358,0.000,0.000,0.000,0.000,true,31.836,SEVERE,9,0,sequential_yolo_pose,SM-S906U1,GPU
2026-04-23 00:04:12.698,95.535,38.247,52.711,0.244,0.000,0.000,0.000,0.000,true,13.500,SEVERE,9,0,sequential_yolo_pose,SM-S906U1,GPU
2026-04-23 00:04:12.785,81.362,25.677,51.523,0.243,0.000,0.000,0.000,0.000,true,17.031,SEVERE,9,0,sequential_yolo_pose,SM-S906U1,GPU
2026-04-23 00:04:12.882,90.483,29.815,55.920,0.283,0.000,0.000,0.000,0.000,true,30.645,SEVERE,9,0,sequential_yolo_pose,SM-S906U1,GPU
2026-04-23 00:04:13.005,120.181,39.958,55.221,0.638,1.876,7.686,10.427,0.044,false,16.883,SEVERE,9,0,sequential_yolo_pose,SM-S906U1,GPU
2026-04-23 00:04:13.119,109.972,35.504,54.717,0.398,1.109,3.760,10.192,0.029,false,20.254,SEVERE,9,0,sequential_yolo_pose,SM-S906U1,GPU
2026-04-23 00:04:13.241,118.492,41.448,54.081,0.434,1.204,5.022,10.737,0.045,false,20.285,SEVERE,9,0,sequential_yolo_pose,SM-S906U1,GPU
2026-04-23 00:04:13.354,109.541,26.867,52.224,0.899,8.510,6.086,10.389,0.044,false,20.442,SEVERE,9,0,sequential_yolo_pose,SM-S906U1,GPU
2026-04-23 00:04:13.446,87.296,28.979,53.579,0.301,0.000,0.000,0.000,0.000,true,16.922,SEVERE,9,0,sequential_yolo_pose,SM-S906U1,GPU
2026-04-23 00:04:13.551,99.858,36.400,55.929,0.359,0.000,0.000,0.000,0.000,true,30.692,SEVERE,9,0,sequential_yolo_pose,SM-S906U1,GPU
2026-04-23 00:04:13.672,116.218,36.872,51.338,0.598,2.661,5.549,12.352,0.037,false,21.957,SEVERE,9,0,sequential_yolo_pose,SM-S906U1,GPU
2026-04-23 00:04:13.781,105.127,28.133,53.386,0.594,3.550,5.910,9.239,0.044,false,38.997,SEVERE,9,0,sequential_yolo_pose,SM-S906U1,GPU
2026-04-23 00:04:13.917,131.160,36.126,51.635,0.521,2.971,21.408,11.774,0.044,false,20.407,SEVERE,9,0,sequential_yolo_pose,SM-S906U1,GPU
2026-04-23 00:04:14.025,104.491,28.258,53.967,0.527,2.126,5.576,9.572,0.043,false,20.442,SEVERE,9,0,sequential_yolo_pose,SM-S906U1,GPU
2026-04-23 00:04:14.136,102.280,23.051,56.109,0.695,2.327,7.124,9.774,0.115,false,20.317,SEVERE,9,0,sequential_yolo_pose,SM-S906U1,GPU
2026-04-23 00:04:14.261,119.091,26.230,56.527,1.022,8.308,9.909,11.966,0.058,false,20.442,SEVERE,9,0,sequential_yolo_pose,SM-S906U1,GPU
2026-04-23 00:04:14.377,111.622,28.868,55.076,0.746,3.617,8.261,10.197,0.046,false,20.410,SEVERE,9,0,sequential_yolo_pose,SM-S906U1,GPU
2026-04-23 00:04:14.493,111.840,29.397,55.264,0.547,3.215,7.440,11.040,0.048,false,20.348,SEVERE,9,0,sequential_yolo_pose,SM-S906U1,GPU
2026-04-23 00:04:14.616,117.655,34.114,55.248,1.122,2.711,8.453,11.110,0.062,false,20.410,SEVERE,9,0,sequential_yolo_pose,SM-S906U1,GPU
2026-04-23 00:04:14.732,109.811,27.237,54.916,0.733,2.228,7.958,12.158,0.044,false,20.379,SEVERE,9,0,sequential_yolo_pose,SM-S906U1,GPU
2026-04-23 00:04:14.856,116.653,31.075,55.193,0.967,2.969,9.095,12.808,0.049,false,20.379,SEVERE,9,0,sequential_yolo_pose,SM-S906U1,GPU
2026-04-23 00:04:14.977,115.264,25.146,56.399,0.548,2.583,11.335,12.239,0.044,false,20.379,SEVERE,9,0,sequential_yolo_pose,SM-S906U1,GPU
2026-04-23 00:04:15.097,115.990,30.543,55.247,1.037,2.763,7.996,13.831,0.046,false,20.348,SEVERE,9,0,sequential_yolo_pose,SM-S906U1,GPU
2026-04-23 00:04:15.217,113.840,28.303,57.139,0.621,1.714,9.547,11.958,0.041,false,20.442,SEVERE,9,0,sequential_yolo_pose,SM-S906U1,GPU
2026-04-23 00:04:15.328,106.851,23.953,54.646,1.102,2.432,8.405,12.587,0.046,false,20.379,SEVERE,9,0,sequential_yolo_pose,SM-S906U1,GPU
2026-04-23 00:04:15.443,107.265,24.492,54.475,1.207,2.844,10.038,10.910,0.030,false,20.410,SEVERE,9,0,sequential_yolo_pose,SM-S906U1,GPU
2026-04-23 00:04:15.557,109.817,32.223,54.285,0.722,2.198,6.246,9.947,0.033,false,20.379,SEVERE,8,0,sequential_yolo_pose,SM-S906U1,GPU
2026-04-23 00:04:15.651,88.066,27.772,56.021,0.345,0.000,0.000,0.000,0.000,true,16.985,SEVERE,8,0,sequential_yolo_pose,SM-S906U1,GPU
2026-04-23 00:04:15.744,89.791,30.141,55.333,0.380,0.000,0.000,0.000,0.000,true,30.567,SEVERE,8,0,sequential_yolo_pose,SM-S906U1,GPU
2026-04-23 00:04:15.858,109.601,50.695,52.823,0.375,0.000,0.000,0.000,0.000,true,18.266,SEVERE,8,0,sequential_yolo_pose,SM-S906U1,GPU
2026-04-23 00:04:15.951,88.040,29.213,54.103,0.372,0.000,0.000,0.000,0.000,true,31.817,SEVERE,8,0,sequential_yolo_pose,SM-S906U1,GPU
2026-04-23 00:04:16.058,101.530,37.214,56.452,0.685,0.000,0.000,0.000,0.000,true,18.188,SEVERE,8,0,sequential_yolo_pose,SM-S906U1,GPU
2026-04-23 00:04:16.173,108.435,46.215,54.717,0.423,0.000,0.000,0.000,0.000,true,31.770,SEVERE,8,0,sequential_yolo_pose,SM-S906U1,GPU
2026-04-23 00:04:16.266,89.628,32.356,52.686,0.619,0.000,0.000,0.000,0.000,true,18.246,SEVERE,8,0,sequential_yolo_pose,SM-S906U1,GPU
2026-04-23 00:04:16.369,95.334,31.950,55.804,0.559,0.000,0.000,0.000,0.000,true,31.797,SEVERE,8,0,sequential_yolo_pose,SM-S906U1,GPU
2026-04-23 00:04:16.469,94.948,36.019,53.679,0.479,0.000,0.000,0.000,0.000,true,18.207,SEVERE,8,0,sequential_yolo_pose,SM-S906U1,GPU
2026-04-23 00:04:16.570,95.268,34.102,54.873,0.450,0.000,0.000,0.000,0.000,true,31.883,SEVERE,10,0,sequential_yolo_pose,SM-S906U1,GPU
2026-04-23 00:04:16.661,85.422,27.762,52.508,0.485,0.000,0.000,0.000,0.000,true,13.496,SEVERE,10,0,sequential_yolo_pose,SM-S906U1,GPU
2026-04-23 00:04:16.760,93.265,34.804,53.829,0.498,0.000,0.000,0.000,0.000,true,16.977,SEVERE,10,0,sequential_yolo_pose,SM-S906U1,GPU
2026-04-23 00:04:16.864,95.149,32.855,53.485,0.498,0.000,0.000,0.000,0.000,true,30.621,SEVERE,10,0,sequential_yolo_pose,SM-S906U1,GPU
2026-04-23 00:04:16.964,95.393,34.196,54.614,0.277,0.000,0.000,0.000,0.000,true,13.520,SEVERE,10,0,sequential_yolo_pose,SM-S906U1,GPU
2026-04-23 00:04:17.062,91.478,30.958,53.623,0.481,0.000,0.000,0.000,0.000,true,16.946,SEVERE,10,0,sequential_yolo_pose,SM-S906U1,GPU
2026-04-23 00:04:17.192,122.815,33.329,53.995,0.810,3.683,9.545,12.963,0.033,false,33.954,SEVERE,10,0,sequential_yolo_pose,SM-S906U1,GPU
2026-04-23 00:04:17.324,120.176,30.295,52.903,3.380,6.460,11.177,11.010,0.036,false,20.438,SEVERE,10,0,sequential_yolo_pose,SM-S906U1,GPU
2026-04-23 00:04:17.431,104.417,24.961,54.087,0.631,2.235,5.890,12.374,0.061,false,20.473,SEVERE,10,0,sequential_yolo_pose,SM-S906U1,GPU
2026-04-23 00:04:17.559,122.542,27.285,55.301,0.631,2.670,9.111,22.993,0.048,false,20.410,SEVERE,9,0,sequential_yolo_pose,SM-S906U1,GPU
2026-04-23 00:04:17.674,108.277,30.958,54.000,0.538,1.507,6.059,9.837,0.103,false,20.317,SEVERE,9,0,sequential_yolo_pose,SM-S906U1,GPU
2026-04-23 00:04:17.790,109.406,31.643,51.997,0.575,1.691,5.479,13.761,0.053,false,20.442,SEVERE,9,0,sequential_yolo_pose,SM-S906U1,GPU
2026-04-23 00:04:17.919,124.425,32.594,51.949,0.740,2.299,13.979,11.718,0.046,false,20.379,SEVERE,9,0,sequential_yolo_pose,SM-S906U1,GPU
2026-04-23 00:04:18.038,114.360,32.485,55.128,0.757,1.830,7.007,12.523,0.041,false,20.348,SEVERE,9,0,sequential_yolo_pose,SM-S906U1,GPU
2026-04-23 00:04:18.154,111.133,27.833,58.082,1.592,2.723,6.408,11.141,0.044,false,20.410,SEVERE,9,0,sequential_yolo_pose,SM-S906U1,GPU
2026-04-23 00:04:18.249,91.142,26.437,56.693,0.657,0.000,0.000,0.000,0.000,true,16.953,SEVERE,9,0,sequential_yolo_pose,SM-S906U1,GPU
2026-04-23 00:04:18.384,130.393,36.754,56.550,0.925,3.703,13.667,12.988,0.046,false,34.024,SEVERE,9,0,sequential_yolo_pose,SM-S906U1,GPU
2026-04-23 00:04:18.519,118.609,30.316,54.983,1.188,6.433,9.971,11.231,0.045,false,20.442,SEVERE,9,0,sequential_yolo_pose,SM-S906U1,GPU
2026-04-23 00:04:18.634,109.484,28.419,54.029,0.622,2.241,7.890,11.887,0.043,false,20.414,SEVERE,9,0,sequential_yolo_pose,SM-S906U1,GPU
2026-04-23 00:04:18.746,108.025,26.735,55.561,0.644,2.340,8.165,10.294,0.057,false,20.317,SEVERE,9,0,sequential_yolo_pose,SM-S906U1,GPU
2026-04-23 00:04:18.866,115.410,34.049,52.638,0.532,2.095,5.641,14.704,0.032,false,20.317,SEVERE,9,0,sequential_yolo_pose,SM-S906U1,GPU
2026-04-23 00:04:18.979,108.899,24.009,55.664,1.032,3.814,11.060,10.021,0.047,false,20.410,SEVERE,9,0,sequential_yolo_pose,SM-S906U1,GPU
2026-04-23 00:04:19.099,116.173,32.307,53.881,0.784,2.735,8.119,14.050,0.051,false,20.410,SEVERE,9,0,sequential_yolo_pose,SM-S906U1,GPU
2026-04-23 00:04:19.211,107.162,26.675,57.018,0.683,1.683,5.752,10.867,0.049,false,20.317,SEVERE,9,0,sequential_yolo_pose,SM-S906U1,GPU
2026-04-23 00:04:19.325,110.324,34.296,52.773,0.554,1.387,5.108,11.620,0.045,false,20.379,SEVERE,9,0,sequential_yolo_pose,SM-S906U1,GPU
2026-04-23 00:04:19.447,110.977,35.397,53.350,0.666,2.610,5.003,9.403,0.034,false,20.317,SEVERE,9,0,sequential_yolo_pose,SM-S906U1,GPU
2026-04-23 00:04:19.564,113.344,34.759,55.626,0.632,1.645,5.187,11.258,0.042,false,20.348,SEVERE,8,0,sequential_yolo_pose,SM-S906U1,GPU
2026-04-23 00:04:19.686,116.617,35.921,58.147,0.687,1.445,5.206,10.808,0.045,false,20.395,SEVERE,8,0,sequential_yolo_pose,SM-S906U1,GPU
2026-04-23 00:04:19.812,121.425,36.945,54.944,0.805,2.524,9.813,11.772,0.054,false,20.442,SEVERE,8,0,sequential_yolo_pose,SM-S906U1,GPU
2026-04-23 00:04:19.924,106.471,26.141,53.940,0.825,2.328,7.786,11.156,0.043,false,20.410,SEVERE,8,0,sequential_yolo_pose,SM-S906U1,GPU
2026-04-23 00:04:20.041,110.115,28.080,54.141,0.592,1.864,8.456,11.221,0.047,false,20.348,SEVERE,8,0,sequential_yolo_pose,SM-S906U1,GPU
2026-04-23 00:04:20.154,109.983,29.658,54.258,1.221,2.099,6.170,11.427,0.034,false,20.379,SEVERE,8,0,sequential_yolo_pose,SM-S906U1,GPU
2026-04-23 00:04:20.245,86.739,27.714,53.764,0.565,0.000,0.000,0.000,0.000,true,16.985,SEVERE,8,0,sequential_yolo_pose,SM-S906U1,GPU
2026-04-23 00:04:20.353,103.127,39.578,54.950,0.807,0.000,0.000,0.000,0.000,true,30.629,SEVERE,8,0,sequential_yolo_pose,SM-S906U1,GPU
2026-04-23 00:04:20.465,102.968,38.888,56.247,0.623,0.000,0.000,0.000,0.000,true,18.582,SEVERE,8,0,sequential_yolo_pose,SM-S906U1,GPU
2026-04-23 00:04:20.560,86.968,28.869,52.917,0.713,0.000,0.000,0.000,0.000,true,32.164,SEVERE,9,0,sequential_yolo_pose,SM-S906U1,GPU
2026-04-23 00:04:20.666,94.505,36.770,52.915,0.481,0.000,0.000,0.000,0.000,true,18.199,SEVERE,9,0,sequential_yolo_pose,SM-S906U1,GPU
2026-04-23 00:04:20.778,101.863,41.115,54.689,0.514,0.000,0.000,0.000,0.000,true,31.782,SEVERE,9,0,sequential_yolo_pose,SM-S906U1,GPU
2026-04-23 00:04:20.885,102.112,39.490,57.103,0.476,0.000,0.000,0.000,0.000,true,13.500,SEVERE,9,0,sequential_yolo_pose,SM-S906U1,GPU
2026-04-23 00:04:20.988,98.254,33.972,53.131,0.774,0.000,0.000,0.000,0.000,true,16.946,SEVERE,9,0,sequential_yolo_pose,SM-S906U1,GPU
2026-04-23 00:04:21.083,83.776,24.393,54.363,0.760,0.000,0.000,0.000,0.000,true,30.559,SEVERE,9,0,sequential_yolo_pose,SM-S906U1,GPU
2026-04-23 00:04:21.195,107.000,46.122,53.086,0.498,0.000,0.000,0.000,0.000,true,18.641,SEVERE,9,0,sequential_yolo_pose,SM-S906U1,GPU
2026-04-23 00:04:21.298,91.255,29.249,54.137,0.545,0.000,0.000,0.000,0.000,true,32.192,SEVERE,9,0,sequential_yolo_pose,SM-S906U1,GPU
2026-04-23 00:04:21.398,92.219,32.908,53.691,0.655,0.000,0.000,0.000,0.000,true,18.250,SEVERE,9,0,sequential_yolo_pose,SM-S906U1,GPU
2026-04-23 00:04:21.500,95.546,32.097,56.988,0.588,0.000,0.000,0.000,0.000,true,31.801,SEVERE,9,0,sequential_yolo_pose,SM-S906U1,GPU
2026-04-23 00:04:21.603,94.428,36.299,52.702,0.261,0.000,0.000,0.000,0.000,true,18.391,SEVERE,10,0,sequential_yolo_pose,SM-S906U1,GPU
2026-04-23 00:04:21.719,110.440,29.750,51.758,0.735,3.830,9.626,10.648,0.035,false,35.305,SEVERE,10,0,sequential_yolo_pose,SM-S906U1,GPU
2026-04-23 00:04:21.844,120.659,36.421,54.276,0.517,3.064,8.707,13.286,0.030,false,23.289,SEVERE,10,0,sequential_yolo_pose,SM-S906U1,GPU
2026-04-23 00:04:21.976,123.684,31.221,53.721,0.915,3.537,15.658,13.562,0.032,false,40.204,SEVERE,10,0,sequential_yolo_pose,SM-S906U1,GPU
2026-04-23 00:04:22.095,115.481,32.243,53.967,1.060,3.512,8.316,12.074,0.048,false,29.512,SEVERE,10,0,sequential_yolo_pose,SM-S906U1,GPU
2026-04-23 00:04:22.224,119.338,28.769,54.584,0.776,2.918,10.432,14.640,0.040,false,20.442,SEVERE,10,0,sequential_yolo_pose,SM-S906U1,GPU
2026-04-23 00:04:22.343,114.600,34.868,54.511,0.639,2.348,7.494,9.769,0.045,false,20.379,SEVERE,10,0,sequential_yolo_pose,SM-S906U1,GPU
2026-04-23 00:04:22.463,116.718,31.489,57.011,1.186,2.912,7.994,12.128,0.044,false,20.379,SEVERE,10,0,sequential_yolo_pose,SM-S906U1,GPU
2026-04-23 00:04:22.582,110.311,23.292,56.285,1.225,4.490,10.356,11.351,0.033,false,20.410,SEVERE,8,0,sequential_yolo_pose,SM-S906U1,GPU
2026-04-23 00:04:22.708,122.651,32.529,54.928,0.819,3.111,12.762,13.881,0.047,false,20.379,SEVERE,8,0,sequential_yolo_pose,SM-S906U1,GPU
2026-04-23 00:04:22.823,109.392,29.492,54.691,1.052,3.266,6.140,10.410,0.061,false,20.379,SEVERE,8,0,sequential_yolo_pose,SM-S906U1,GPU
2026-04-23 00:04:22.945,117.473,28.469,56.618,0.455,2.351,11.973,13.120,0.047,false,20.469,SEVERE,8,0,sequential_yolo_pose,SM-S906U1,GPU
2026-04-23 00:04:23.063,115.057,36.487,51.965,0.831,2.623,7.551,11.015,0.031,false,20.379,SEVERE,8,0,sequential_yolo_pose,SM-S906U1,GPU
2026-04-23 00:04:23.177,108.053,28.735,55.000,0.610,1.885,6.774,10.661,0.032,false,20.430,SEVERE,8,0,sequential_yolo_pose,SM-S906U1,GPU
2026-04-23 00:04:23.289,108.210,28.725,55.226,0.684,3.115,5.306,10.501,0.033,false,20.352,SEVERE,8,0,sequential_yolo_pose,SM-S906U1,GPU
2026-04-23 00:04:23.407,111.249,24.257,55.788,0.702,2.225,6.825,18.276,0.033,false,20.410,SEVERE,8,0,sequential_yolo_pose,SM-S906U1,GPU
2026-04-23 00:04:23.527,116.133,31.302,56.409,1.006,5.167,7.274,10.616,0.043,false,20.321,SEVERE,8,0,sequential_yolo_pose,SM-S906U1,GPU
2026-04-23 00:04:23.643,112.458,28.504,53.403,0.756,2.472,9.165,11.445,0.065,false,20.414,SEVERE,9,0,sequential_yolo_pose,SM-S906U1,GPU
2026-04-23 00:04:23.762,114.894,30.073,54.143,1.208,3.683,8.991,11.109,1.216,false,20.348,SEVERE,9,0,sequential_yolo_pose,SM-S906U1,GPU
2026-04-23 00:04:23.891,119.656,28.397,54.201,1.252,3.683,15.388,10.835,0.049,false,20.410,SEVERE,9,0,sequential_yolo_pose,SM-S906U1,GPU
2026-04-23 00:04:24.013,114.851,31.710,56.296,0.557,2.477,7.905,11.279,0.046,false,20.379,SEVERE,9,0,sequential_yolo_pose,SM-S906U1,GPU
2026-04-23 00:04:24.141,123.806,35.476,59.880,0.660,2.052,9.119,12.416,0.047,false,20.410,SEVERE,9,0,sequential_yolo_pose,SM-S906U1,GPU
2026-04-23 00:04:24.257,112.819,26.862,56.976,0.661,3.068,9.557,11.053,0.034,false,20.407,SEVERE,9,0,sequential_yolo_pose,SM-S906U1,GPU
2026-04-23 00:04:24.382,117.362,27.967,55.815,0.613,3.188,11.977,13.303,0.031,false,20.442,SEVERE,9,0,sequential_yolo_pose,SM-S906U1,GPU
2026-04-23 00:04:24.488,103.406,23.969,53.358,0.513,6.242,5.562,10.426,0.050,false,20.379,SEVERE,9,0,sequential_yolo_pose,SM-S906U1,GPU
2026-04-23 00:04:24.613,116.163,28.926,56.179,1.059,2.217,10.397,11.444,0.035,false,20.410,SEVERE,8,0,sequential_yolo_pose,SM-S906U1,GPU
2026-04-23 00:04:24.725,107.600,30.694,54.424,0.665,1.970,5.594,9.777,0.032,false,20.379,SEVERE,8,0,sequential_yolo_pose,SM-S906U1,GPU
2026-04-23 00:04:24.812,83.130,23.993,54.413,0.914,0.000,0.000,0.000,0.000,true,17.110,SEVERE,8,0,sequential_yolo_pose,SM-S906U1,GPU
2026-04-23 00:04:24.921,103.833,40.864,56.224,0.549,0.000,0.000,0.000,0.000,true,30.692,SEVERE,8,0,sequential_yolo_pose,SM-S906U1,GPU
2026-04-23 00:04:25.026,93.218,34.120,52.696,0.421,0.000,0.000,0.000,0.000,true,18.582,SEVERE,8,0,sequential_yolo_pose,SM-S906U1,GPU
2026-04-23 00:04:25.132,99.484,35.586,55.473,0.592,0.000,0.000,0.000,0.000,true,32.164,SEVERE,8,0,sequential_yolo_pose,SM-S906U1,GPU
2026-04-23 00:04:25.234,93.570,33.398,53.832,0.625,0.000,0.000,0.000,0.000,true,18.188,SEVERE,8,0,sequential_yolo_pose,SM-S906U1,GPU
2026-04-23 00:04:25.329,85.910,27.732,53.480,0.556,0.000,0.000,0.000,0.000,true,31.739,SEVERE,8,0,sequential_yolo_pose,SM-S906U1,GPU
2026-04-23 00:04:25.432,95.932,35.162,52.829,1.182,0.000,0.000,0.000,0.000,true,18.246,SEVERE,8,0,sequential_yolo_pose,SM-S906U1,GPU
2026-04-23 00:04:25.534,96.474,34.070,54.558,0.799,0.000,0.000,0.000,0.000,true,31.766,SEVERE,8,0,sequential_yolo_pose,SM-S906U1,GPU
2026-04-23 00:04:25.664,123.277,36.427,55.523,0.544,3.586,6.804,13.945,0.050,false,21.786,SEVERE,10,0,sequential_yolo_pose,SM-S906U1,GPU
2026-04-23 00:04:25.758,90.248,29.543,55.888,0.663,0.000,0.000,0.000,0.000,true,35.368,SEVERE,10,0,sequential_yolo_pose,SM-S906U1,GPU
2026-04-23 00:04:25.863,97.273,38.537,51.988,0.694,0.000,0.000,0.000,0.000,true,18.758,SEVERE,10,0,sequential_yolo_pose,SM-S906U1,GPU
2026-04-23 00:04:25.968,93.792,32.305,54.053,0.489,0.000,0.000,0.000,0.000,true,32.278,SEVERE,10,0,sequential_yolo_pose,SM-S906U1,GPU
2026-04-23 00:04:26.097,122.427,37.715,53.518,0.941,3.519,8.292,12.340,0.047,false,21.586,SEVERE,10,0,sequential_yolo_pose,SM-S906U1,GPU
2026-04-23 00:04:26.228,124.955,28.655,58.023,0.704,3.023,13.130,14.207,0.025,false,38.688,SEVERE,10,0,sequential_yolo_pose,SM-S906U1,GPU
2026-04-23 00:04:26.325,93.504,30.107,56.730,0.631,0.000,0.000,0.000,0.000,true,26.524,SEVERE,10,0,sequential_yolo_pose,SM-S906U1,GPU
2026-04-23 00:04:26.452,121.735,35.715,53.332,0.752,5.113,9.926,10.873,0.044,false,22.075,SEVERE,10,0,sequential_yolo_pose,SM-S906U1,GPU
2026-04-23 00:04:26.581,119.597,30.455,53.913,0.509,3.722,13.080,12.171,0.041,false,39.051,SEVERE,10,0,sequential_yolo_pose,SM-S906U1,GPU
2026-04-23 00:04:26.694,102.514,23.442,54.387,0.674,2.088,5.820,11.897,0.043,false,20.446,SEVERE,9,0,sequential_yolo_pose,SM-S906U1,GPU
2026-04-23 00:04:26.823,124.585,27.269,57.131,0.913,10.262,9.923,12.139,0.048,false,20.504,SEVERE,9,0,sequential_yolo_pose,SM-S906U1,GPU
2026-04-23 00:04:26.951,116.789,29.672,53.458,1.063,4.903,11.625,10.766,0.045,false,20.442,SEVERE,9,0,sequential_yolo_pose,SM-S906U1,GPU
2026-04-23 00:04:27.067,112.261,29.701,53.827,0.768,2.770,8.079,12.794,0.049,false,20.379,SEVERE,9,0,sequential_yolo_pose,SM-S906U1,GPU
2026-04-23 00:04:27.180,106.836,30.472,53.369,0.752,1.892,6.212,9.687,0.033,false,20.344,SEVERE,9,0,sequential_yolo_pose,SM-S906U1,GPU
2026-04-23 00:04:27.304,119.007,32.316,56.488,0.818,2.325,7.705,13.789,0.063,false,20.348,SEVERE,9,0,sequential_yolo_pose,SM-S906U1,GPU
2026-04-23 00:04:27.420,112.613,28.428,56.554,0.666,2.499,9.783,10.340,0.043,false,20.379,SEVERE,9,0,sequential_yolo_pose,SM-S906U1,GPU
2026-04-23 00:04:27.533,108.879,31.783,54.175,0.481,1.517,6.096,10.632,0.031,false,20.317,SEVERE,9,0,sequential_yolo_pose,SM-S906U1,GPU
2026-04-23 00:04:27.643,107.325,24.413,56.370,0.499,2.637,6.533,13.592,0.043,false,20.500,SEVERE,8,0,sequential_yolo_pose,SM-S906U1,GPU
2026-04-23 00:04:27.762,115.810,23.788,60.946,2.894,8.492,5.830,10.341,0.087,false,14.512,SEVERE,8,0,sequential_yolo_pose,SM-S906U1,GPU
2026-04-23 00:04:27.938,164.444,81.374,51.726,0.842,2.725,12.780,10.946,0.049,false,21.590,SEVERE,8,0,sequential_yolo_pose,SM-S906U1,GPU
2026-04-23 00:04:28.075,131.940,33.004,53.154,0.469,1.476,10.913,29.015,0.023,false,38.535,SEVERE,8,0,sequential_yolo_pose,SM-S906U1,GPU
2026-04-23 00:04:28.225,145.539,46.703,57.863,2.557,6.265,5.433,13.938,0.031,false,30.665,SEVERE,8,0,sequential_yolo_pose,SM-S906U1,GPU
2026-04-23 00:04:28.377,138.159,48.029,52.806,0.564,1.965,6.478,14.917,0.049,false,20.414,SEVERE,8,0,sequential_yolo_pose,SM-S906U1,GPU
2026-04-23 00:04:28.484,103.978,27.343,57.677,0.471,1.267,3.705,9.112,0.030,false,20.317,SEVERE,8,0,sequential_yolo_pose,SM-S906U1,GPU
2026-04-23 00:04:28.596,106.819,28.710,51.786,0.651,2.578,6.252,10.856,0.032,false,20.414,SEVERE,8,0,sequential_yolo_pose,SM-S906U1,GPU
2026-04-23 00:04:28.711,110.251,30.700,51.378,0.619,1.339,10.392,11.051,0.043,false,20.379,SEVERE,8,0,sequential_yolo_pose,SM-S906U1,GPU
2026-04-23 00:04:28.842,125.112,38.444,55.718,0.571,1.824,5.610,15.878,0.035,false,37.262,SEVERE,8,0,sequential_yolo_pose,SM-S906U1,GPU
2026-04-23 00:04:28.993,148.061,50.554,71.811,0.650,4.045,5.145,10.781,0.041,false,17.414,SEVERE,8,0,sequential_yolo_pose,SM-S906U1,GPU
2026-04-23 00:04:29.145,147.640,46.259,53.614,1.549,2.999,17.090,13.397,0.096,false,20.504,SEVERE,8,0,sequential_yolo_pose,SM-S906U1,GPU
2026-04-23 00:04:29.287,131.183,37.413,54.411,2.768,5.146,15.434,11.784,0.078,false,20.348,SEVERE,8,0,sequential_yolo_pose,SM-S906U1,GPU
2026-04-23 00:04:29.449,152.278,53.204,51.418,0.733,1.939,6.101,21.412,0.118,false,20.410,SEVERE,8,0,sequential_yolo_pose,SM-S906U1,GPU
2026-04-23 00:04:29.548,92.006,26.914,59.115,2.838,0.000,0.000,0.000,0.000,true,16.863,SEVERE,8,0,sequential_yolo_pose,SM-S906U1,GPU
2026-04-23 00:04:29.690,129.996,67.471,59.469,0.287,0.000,0.000,0.000,0.000,true,30.758,SEVERE,7,0,sequential_yolo_pose,SM-S906U1,GPU
2026-04-23 00:04:29.868,170.868,93.808,56.450,2.549,0.000,0.000,0.000,0.000,true,18.645,SEVERE,7,0,sequential_yolo_pose,SM-S906U1,GPU
2026-04-23 00:04:29.986,106.469,43.290,56.062,3.083,0.000,0.000,0.000,0.000,true,32.196,SEVERE,7,0,sequential_yolo_pose,SM-S906U1,GPU
2026-04-23 00:04:30.135,143.235,78.456,59.675,0.863,0.000,0.000,0.000,0.000,true,18.160,SEVERE,7,0,sequential_yolo_pose,SM-S906U1,GPU
2026-04-23 00:04:30.284,139.237,72.070,52.870,0.257,0.000,0.000,0.000,0.000,true,31.743,SEVERE,7,0,sequential_yolo_pose,SM-S906U1,GPU
2026-04-23 00:04:30.412,124.701,34.551,52.447,0.424,2.314,5.269,24.495,0.019,false,21.680,SEVERE,7,0,sequential_yolo_pose,SM-S906U1,GPU
2026-04-23 00:04:30.557,141.901,31.154,58.569,0.690,3.660,11.153,28.374,0.283,false,38.688,SEVERE,7,0,sequential_yolo_pose,SM-S906U1,GPU
2026-04-23 00:04:30.813,227.676,90.970,57.506,4.952,4.327,10.220,47.421,0.128,false,17.668,SEVERE,7,0,sequential_yolo_pose,SM-S906U1,GPU
2026-04-23 00:04:30.981,142.756,47.252,53.456,0.380,2.670,6.091,9.214,0.049,false,34.801,SEVERE,7,0,sequential_yolo_pose,SM-S906U1,GPU
2026-04-23 00:04:31.129,142.490,48.845,53.177,0.313,1.960,7.558,16.599,0.018,false,21.973,SEVERE,7,0,sequential_yolo_pose,SM-S906U1,GPU
2026-04-23 00:04:31.245,112.729,26.934,53.399,0.378,2.034,8.272,15.595,0.043,false,38.887,SEVERE,7,0,sequential_yolo_pose,SM-S906U1,GPU
2026-04-23 00:04:31.400,150.199,67.987,53.913,1.233,3.683,5.867,14.094,0.033,false,29.829,SEVERE,7,0,sequential_yolo_pose,SM-S906U1,GPU
2026-04-23 00:04:31.532,118.385,33.615,58.088,0.730,2.252,5.583,14.952,0.032,false,20.383,SEVERE,7,0,sequential_yolo_pose,SM-S906U1,GPU
2026-04-23 00:04:31.648,112.249,27.053,53.256,0.396,1.651,6.819,20.127,0.043,false,20.442,SEVERE,7,0,sequential_yolo_pose,SM-S906U1,GPU
2026-04-23 00:04:31.760,106.301,29.772,53.523,0.523,1.964,5.293,9.192,0.044,false,20.321,SEVERE,7,0,sequential_yolo_pose,SM-S906U1,GPU
2026-04-23 00:04:31.876,110.984,29.842,55.727,0.645,2.231,4.628,11.986,0.042,false,20.379,SEVERE,7,0,sequential_yolo_pose,SM-S906U1,GPU
2026-04-23 00:04:31.987,107.087,30.135,54.701,0.650,1.932,6.268,9.353,0.043,false,20.348,SEVERE,7,0,sequential_yolo_pose,SM-S906U1,GPU
2026-04-23 00:04:32.099,106.847,31.987,51.685,0.700,1.667,5.956,10.621,0.044,false,20.348,SEVERE,7,0,sequential_yolo_pose,SM-S906U1,GPU
2026-04-23 00:04:32.205,102.240,24.803,56.494,1.574,1.081,4.127,10.572,0.036,false,20.348,SEVERE,7,0,sequential_yolo_pose,SM-S906U1,GPU
2026-04-23 00:04:32.318,109.077,33.085,56.367,0.469,0.974,4.518,9.556,0.033,false,20.317,SEVERE,7,0,sequential_yolo_pose,SM-S906U1,GPU
2026-04-23 00:04:32.428,107.529,29.278,56.271,0.660,2.451,4.772,10.830,0.031,false,20.317,SEVERE,7,0,sequential_yolo_pose,SM-S906U1,GPU
2026-04-23 00:04:32.539,106.370,27.123,56.418,0.634,4.411,5.398,9.117,0.022,false,20.442,SEVERE,7,0,sequential_yolo_pose,SM-S906U1,GPU
2026-04-23 00:04:32.647,104.035,25.808,56.542,0.710,2.303,4.333,9.849,0.033,false,20.317,SEVERE,7,0,sequential_yolo_pose,SM-S906U1,GPU
2026-04-23 00:04:32.754,103.922,31.909,52.982,0.404,1.603,3.861,8.999,0.053,false,20.321,SEVERE,9,0,sequential_yolo_pose,SM-S906U1,GPU
2026-04-23 00:04:32.861,103.329,30.992,51.531,0.589,2.076,4.040,9.976,0.032,false,20.285,SEVERE,9,0,sequential_yolo_pose,SM-S906U1,GPU
2026-04-23 00:04:32.972,104.513,23.707,56.121,0.602,2.345,5.936,12.765,0.027,false,20.434,SEVERE,9,0,sequential_yolo_pose,SM-S906U1,GPU
2026-04-23 00:04:33.079,103.863,26.950,53.454,0.909,2.626,7.299,9.601,0.053,false,20.317,SEVERE,9,0,sequential_yolo_pose,SM-S906U1,GPU
2026-04-23 00:04:33.197,113.844,34.168,55.119,0.761,2.169,5.161,11.263,0.031,false,20.348,SEVERE,9,0,sequential_yolo_pose,SM-S906U1,GPU
2026-04-23 00:04:33.304,103.172,24.393,51.269,0.606,2.083,5.429,15.273,0.046,false,20.379,SEVERE,9,0,sequential_yolo_pose,SM-S906U1,GPU
2026-04-23 00:04:33.416,108.827,26.765,51.373,1.034,5.791,7.534,10.931,0.044,false,20.348,SEVERE,9,0,sequential_yolo_pose,SM-S906U1,GPU
2026-04-23 00:04:33.529,108.443,32.210,55.419,0.647,1.780,3.740,10.188,0.022,false,20.317,SEVERE,9,0,sequential_yolo_pose,SM-S906U1,GPU
2026-04-23 00:04:33.634,102.127,23.529,55.063,0.564,3.027,5.255,11.680,0.046,false,20.469,SEVERE,9,0,sequential_yolo_pose,SM-S906U1,GPU
2026-04-23 00:04:33.744,106.051,32.055,55.192,0.406,0.668,4.792,8.828,0.045,false,20.410,SEVERE,9,0,sequential_yolo_pose,SM-S906U1,GPU
2026-04-23 00:04:33.864,115.789,35.368,57.201,0.598,0.967,6.850,9.864,0.079,false,20.321,SEVERE,9,0,sequential_yolo_pose,SM-S906U1,GPU
2026-04-23 00:04:33.974,99.422,26.865,53.146,0.500,2.886,3.730,8.928,0.031,false,20.410,SEVERE,9,0,sequential_yolo_pose,SM-S906U1,GPU
2026-04-23 00:04:34.068,90.768,30.830,55.473,0.516,0.000,0.000,0.000,0.000,true,16.953,SEVERE,9,0,sequential_yolo_pose,SM-S906U1,GPU
2026-04-23 00:04:34.162,89.829,29.381,55.451,0.925,0.000,0.000,0.000,0.000,true,30.629,SEVERE,9,0,sequential_yolo_pose,SM-S906U1,GPU
2026-04-23 00:04:34.270,98.127,35.473,58.482,0.391,0.000,0.000,0.000,0.000,true,18.281,SEVERE,9,0,sequential_yolo_pose,SM-S906U1,GPU
2026-04-23 00:04:34.367,92.965,33.472,54.091,0.429,0.000,0.000,0.000,0.000,true,31.832,SEVERE,9,0,sequential_yolo_pose,SM-S906U1,GPU
2026-04-23 00:04:34.467,94.891,33.935,55.829,0.335,0.000,0.000,0.000,0.000,true,13.488,SEVERE,9,0,sequential_yolo_pose,SM-S906U1,GPU
2026-04-23 00:04:34.557,86.295,28.317,52.990,1.031,0.000,0.000,0.000,0.000,true,17.012,SEVERE,9,0,sequential_yolo_pose,SM-S906U1,GPU
2026-04-23 00:04:34.656,85.726,27.126,52.744,0.470,0.000,0.000,0.000,0.000,true,30.594,SEVERE,9,0,sequential_yolo_pose,SM-S906U1,GPU
2026-04-23 00:04:34.766,103.752,43.949,53.976,0.386,0.000,0.000,0.000,0.000,true,18.254,SEVERE,10,0,sequential_yolo_pose,SM-S906U1,GPU
2026-04-23 00:04:34.859,89.469,32.396,52.082,0.525,0.000,0.000,0.000,0.000,true,31.805,SEVERE,10,0,sequential_yolo_pose,SM-S906U1,GPU
2026-04-23 00:04:34.985,117.369,32.272,53.517,0.533,5.074,10.482,10.363,0.038,false,16.953,SEVERE,10,0,sequential_yolo_pose,SM-S906U1,GPU
2026-04-23 00:04:35.079,90.759,31.637,54.496,0.388,0.000,0.000,0.000,0.000,true,17.020,SEVERE,10,0,sequential_yolo_pose,SM-S906U1,GPU
2026-04-23 00:04:35.176,93.273,30.890,56.695,0.688,0.000,0.000,0.000,0.000,true,30.571,SEVERE,10,0,sequential_yolo_pose,SM-S906U1,GPU
2026-04-23 00:04:35.277,94.112,36.548,52.598,0.247,0.000,0.000,0.000,0.000,true,17.016,SEVERE,10,0,sequential_yolo_pose,SM-S906U1,GPU
2026-04-23 00:04:35.390,109.551,24.418,51.972,0.616,2.800,13.842,12.947,0.031,false,34.024,SEVERE,10,0,sequential_yolo_pose,SM-S906U1,GPU
2026-04-23 00:04:35.521,126.267,46.452,54.408,0.505,3.124,6.408,9.758,0.048,false,30.161,SEVERE,10,0,sequential_yolo_pose,SM-S906U1,GPU
2026-04-23 00:04:35.610,85.011,25.692,53.717,0.245,0.000,0.000,0.000,0.000,true,16.926,SEVERE,10,0,sequential_yolo_pose,SM-S906U1,GPU
2026-04-23 00:04:35.720,106.575,24.718,57.510,0.684,3.557,7.448,9.458,0.030,false,33.965,SEVERE,9,0,sequential_yolo_pose,SM-S906U1,GPU
2026-04-23 00:04:35.849,125.990,41.490,54.629,0.410,1.607,3.935,18.577,0.086,false,30.297,SEVERE,9,0,sequential_yolo_pose,SM-S906U1,GPU
2026-04-23 00:04:35.961,106.354,28.177,55.020,0.483,2.697,5.888,9.749,0.058,false,20.414,SEVERE,9,0,sequential_yolo_pose,SM-S906U1,GPU
2026-04-23 00:04:36.081,111.953,25.584,56.096,0.527,2.885,12.794,9.576,0.051,false,20.410,SEVERE,9,0,sequential_yolo_pose,SM-S906U1,GPU
2026-04-23 00:04:36.194,107.863,31.252,53.508,0.530,1.968,5.484,10.841,0.048,false,20.379,SEVERE,9,0,sequential_yolo_pose,SM-S906U1,GPU
2026-04-23 00:04:36.321,121.175,22.814,58.149,1.125,3.844,13.863,17.526,0.029,false,20.410,SEVERE,9,0,sequential_yolo_pose,SM-S906U1,GPU
2026-04-23 00:04:36.434,107.620,33.132,52.351,0.758,1.845,5.228,11.022,0.047,false,14.418,SEVERE,9,0,sequential_yolo_pose,SM-S906U1,GPU
2026-04-23 00:04:36.553,115.144,33.836,56.619,2.067,3.702,3.653,10.466,0.041,false,21.606,SEVERE,9,0,sequential_yolo_pose,SM-S906U1,GPU
2026-04-23 00:04:36.659,101.853,23.784,54.957,0.420,1.854,5.778,11.412,0.133,false,38.520,SEVERE,9,0,sequential_yolo_pose,SM-S906U1,GPU
2026-04-23 00:04:36.790,125.848,34.201,55.329,0.896,8.012,7.729,11.224,0.077,false,30.770,SEVERE,9,0,sequential_yolo_pose,SM-S906U1,GPU
2026-04-23 00:04:36.897,90.363,30.475,55.049,0.729,0.000,0.000,0.000,0.000,true,16.953,SEVERE,9,0,sequential_yolo_pose,SM-S906U1,GPU
2026-04-23 00:04:37.015,108.143,31.960,51.670,0.821,2.593,7.144,9.579,0.032,false,34.055,SEVERE,9,0,sequential_yolo_pose,SM-S906U1,GPU
2026-04-23 00:04:37.148,123.870,33.335,53.883,1.705,4.453,14.239,11.067,0.051,false,30.231,SEVERE,9,0,sequential_yolo_pose,SM-S906U1,GPU
2026-04-23 00:04:37.256,105.962,29.382,54.362,0.469,1.510,4.135,9.795,0.044,false,20.352,SEVERE,9,0,sequential_yolo_pose,SM-S906U1,GPU
2026-04-23 00:04:37.382,120.575,31.521,56.271,0.752,6.048,11.700,9.331,0.052,false,20.410,SEVERE,9,0,sequential_yolo_pose,SM-S906U1,GPU
2026-04-23 00:04:37.506,117.804,28.746,56.068,0.637,3.792,8.551,15.429,0.053,false,20.410,SEVERE,9,0,sequential_yolo_pose,SM-S906U1,GPU
2026-04-23 00:04:37.623,112.564,34.604,55.206,0.776,2.214,5.406,9.840,0.043,false,20.317,SEVERE,9,0,sequential_yolo_pose,SM-S906U1,GPU
2026-04-23 00:04:37.738,110.776,25.276,58.771,0.505,2.261,8.910,10.043,0.050,false,20.567,SEVERE,8,0,sequential_yolo_pose,SM-S906U1,GPU
2026-04-23 00:04:37.847,104.809,28.938,52.518,0.450,1.362,3.820,13.751,0.035,false,20.414,SEVERE,8,0,sequential_yolo_pose,SM-S906U1,GPU
2026-04-23 00:04:37.947,96.938,23.396,54.293,0.396,1.367,3.799,10.624,0.029,false,20.442,SEVERE,8,0,sequential_yolo_pose,SM-S906U1,GPU
2026-04-23 00:04:38.058,107.635,24.090,53.192,1.015,3.087,11.750,11.424,0.019,false,20.410,SEVERE,8,0,sequential_yolo_pose,SM-S906U1,GPU
2026-04-23 00:04:38.168,105.959,27.884,56.424,0.468,1.753,4.697,10.102,0.019,false,20.442,SEVERE,8,0,sequential_yolo_pose,SM-S906U1,GPU
2026-04-23 00:04:38.279,99.380,23.636,51.767,0.781,2.901,6.513,10.539,0.038,false,20.379,SEVERE,8,0,sequential_yolo_pose,SM-S906U1,GPU
2026-04-23 00:04:38.391,107.053,27.924,56.856,0.499,0.975,3.594,10.208,0.035,false,20.317,SEVERE,8,0,sequential_yolo_pose,SM-S906U1,GPU
2026-04-23 00:04:38.517,122.586,36.740,59.406,0.642,2.408,8.541,10.272,0.054,false,20.410,SEVERE,8,0,sequential_yolo_pose,SM-S906U1,GPU
2026-04-23 00:04:38.638,114.296,31.868,52.565,0.569,1.467,6.261,17.095,0.034,false,20.348,SEVERE,8,0,sequential_yolo_pose,SM-S906U1,GPU
2026-04-23 00:04:38.740,97.239,24.159,52.156,1.425,2.668,4.177,9.253,0.045,false,20.500,SEVERE,9,0,sequential_yolo_pose,SM-S906U1,GPU
2026-04-23 00:04:38.833,88.782,31.750,52.588,0.546,0.000,0.000,0.000,0.000,true,17.067,SEVERE,9,0,sequential_yolo_pose,SM-S906U1,GPU
2026-04-23 00:04:38.930,89.299,29.066,55.358,0.462,0.000,0.000,0.000,0.000,true,30.618,SEVERE,9,0,sequential_yolo_pose,SM-S906U1,GPU
2026-04-23 00:04:39.025,89.955,31.259,53.666,0.552,0.000,0.000,0.000,0.000,true,13.555,SEVERE,9,0,sequential_yolo_pose,SM-S906U1,GPU
2026-04-23 00:04:39.126,89.238,31.652,53.211,0.240,0.000,0.000,0.000,0.000,true,17.008,SEVERE,9,0,sequential_yolo_pose,SM-S906U1,GPU
2026-04-23 00:04:39.220,90.718,28.415,57.559,0.434,0.000,0.000,0.000,0.000,true,30.590,SEVERE,9,0,sequential_yolo_pose,SM-S906U1,GPU
2026-04-23 00:04:39.319,91.332,30.921,55.405,0.291,0.000,0.000,0.000,0.000,true,13.465,SEVERE,9,0,sequential_yolo_pose,SM-S906U1,GPU
2026-04-23 00:04:39.432,95.715,38.208,54.548,0.170,0.000,0.000,0.000,0.000,true,16.981,SEVERE,9,0,sequential_yolo_pose,SM-S906U1,GPU
2026-04-23 00:04:39.545,109.516,27.537,58.096,0.434,2.031,5.849,11.105,0.036,false,33.895,SEVERE,9,0,sequential_yolo_pose,SM-S906U1,GPU
2026-04-23 00:04:39.694,144.315,61.061,54.279,0.667,3.314,5.472,11.360,0.045,false,28.754,SEVERE,9,0,sequential_yolo_pose,SM-S906U1,GPU
2026-04-23 00:04:39.801,102.560,43.309,54.512,0.397,0.000,0.000,0.000,0.000,true,13.961,SEVERE,10,0,sequential_yolo_pose,SM-S906U1,GPU
2026-04-23 00:04:39.895,90.987,28.617,56.773,0.277,0.000,0.000,0.000,0.000,true,17.012,SEVERE,10,0,sequential_yolo_pose,SM-S906U1,GPU
2026-04-23 00:04:40.052,147.893,60.146,84.786,0.277,0.000,0.000,0.000,0.000,true,30.657,SEVERE,10,0,sequential_yolo_pose,SM-S906U1,GPU
2026-04-23 00:04:40.270,209.529,99.158,53.232,0.748,7.593,20.939,16.753,0.077,false,21.555,SEVERE,10,0,sequential_yolo_pose,SM-S906U1,GPU
2026-04-23 00:04:40.516,174.090,47.300,48.850,0.339,15.093,3.914,16.655,0.019,false,38.532,SEVERE,10,0,sequential_yolo_pose,SM-S906U1,GPU
2026-04-23 00:04:40.713,189.132,97.378,55.221,0.406,2.698,12.584,11.635,0.036,false,55.446,SEVERE,10,0,sequential_yolo_pose,SM-S906U1,GPU
2026-04-23 00:04:40.900,181.813,91.459,60.329,1.727,3.562,4.750,10.877,0.030,false,37.844,SEVERE,6,0,sequential_yolo_pose,SM-S906U1,GPU
2026-04-23 00:04:41.053,148.507,42.141,59.629,0.986,5.629,21.838,11.352,0.034,false,54.727,SEVERE,6,0,sequential_yolo_pose,SM-S906U1,GPU
2026-04-23 00:04:41.236,171.043,48.650,58.100,0.920,12.793,10.206,16.593,0.030,false,16.844,SEVERE,6,0,sequential_yolo_pose,SM-S906U1,GPU
2026-04-23 00:04:41.465,176.106,83.954,51.256,0.759,1.631,5.867,19.124,0.050,false,33.821,SEVERE,6,0,sequential_yolo_pose,SM-S906U1,GPU
2026-04-23 00:04:41.608,112.272,32.379,56.513,0.386,1.718,3.756,10.141,0.027,false,20.379,SEVERE,6,0,sequential_yolo_pose,SM-S906U1,GPU
2026-04-23 00:04:41.719,107.640,27.725,58.005,0.487,1.560,3.598,11.596,0.036,false,20.317,SEVERE,6,0,sequential_yolo_pose,SM-S906U1,GPU
2026-04-23 00:04:41.829,103.384,26.880,54.702,0.432,2.767,4.238,11.375,0.033,false,20.535,SEVERE,6,0,sequential_yolo_pose,SM-S906U1,GPU
2026-04-23 00:04:41.952,116.501,33.611,52.925,1.277,7.117,6.219,11.194,0.038,false,20.477,SEVERE,6,0,sequential_yolo_pose,SM-S906U1,GPU
2026-04-23 00:04:42.052,95.912,24.971,50.849,0.591,1.968,3.801,10.482,0.047,false,20.410,SEVERE,6,0,sequential_yolo_pose,SM-S906U1,GPU
2026-04-23 00:04:42.164,106.521,26.457,60.228,0.358,1.341,3.674,10.018,0.049,false,20.317,SEVERE,6,0,sequential_yolo_pose,SM-S906U1,GPU
2026-04-23 00:04:42.268,96.856,25.897,52.041,0.458,1.486,3.851,9.039,0.030,false,20.348,SEVERE,6,0,sequential_yolo_pose,SM-S906U1,GPU
2026-04-23 00:04:42.373,102.292,24.335,56.863,0.580,3.404,3.949,10.284,0.049,false,20.434,SEVERE,6,0,sequential_yolo_pose,SM-S906U1,GPU
2026-04-23 00:04:42.481,103.722,26.795,54.074,0.425,1.607,8.468,8.972,0.028,false,14.450,SEVERE,6,0,sequential_yolo_pose,SM-S906U1,GPU
2026-04-23 00:04:42.588,104.897,28.504,53.675,0.624,2.822,5.169,10.901,0.027,false,21.711,SEVERE,6,0,sequential_yolo_pose,SM-S906U1,GPU
2026-04-23 00:04:42.718,125.837,28.911,58.737,0.637,4.687,16.325,11.562,0.027,false,38.594,SEVERE,6,0,sequential_yolo_pose,SM-S906U1,GPU
2026-04-23 00:04:42.855,118.460,41.406,53.066,0.446,1.415,3.657,10.921,0.034,false,20.410,SEVERE,9,0,sequential_yolo_pose,SM-S906U1,GPU
2026-04-23 00:04:42.959,100.452,25.523,53.467,0.567,1.901,4.954,10.083,0.028,false,20.442,SEVERE,9,0,sequential_yolo_pose,SM-S906U1,GPU
2026-04-23 00:04:43.115,151.367,52.977,65.683,0.606,3.301,11.597,10.251,0.035,false,20.379,SEVERE,9,0,sequential_yolo_pose,SM-S906U1,GPU
2026-04-23 00:04:43.240,120.201,35.895,56.246,0.982,2.728,10.278,9.818,0.043,false,20.348,SEVERE,9,0,sequential_yolo_pose,SM-S906U1,GPU
2026-04-23 00:04:43.378,131.856,30.854,54.501,0.710,1.446,15.296,11.223,0.045,false,37.262,SEVERE,9,0,sequential_yolo_pose,SM-S906U1,GPU
2026-04-23 00:04:43.554,169.427,72.242,57.658,5.104,1.995,13.119,11.963,0.036,false,17.231,SEVERE,9,0,sequential_yolo_pose,SM-S906U1,GPU
2026-04-23 00:04:43.670,97.550,39.012,51.797,0.257,0.000,0.000,0.000,0.000,true,30.907,SEVERE,9,0,sequential_yolo_pose,SM-S906U1,GPU
2026-04-23 00:04:43.784,110.905,35.141,69.138,1.722,0.000,0.000,0.000,0.000,true,13.879,SEVERE,9,0,sequential_yolo_pose,SM-S906U1,GPU
2026-04-23 00:04:43.889,100.464,40.365,55.464,0.345,0.000,0.000,0.000,0.000,true,16.918,SEVERE,8,0,sequential_yolo_pose,SM-S906U1,GPU
2026-04-23 00:04:43.974,80.440,24.204,50.830,0.677,0.000,0.000,0.000,0.000,true,30.563,SEVERE,8,0,sequential_yolo_pose,SM-S906U1,GPU
2026-04-23 00:04:44.155,174.898,103.851,60.842,0.458,0.000,0.000,0.000,0.000,true,13.438,SEVERE,8,0,sequential_yolo_pose,SM-S906U1,GPU
2026-04-23 00:04:44.300,120.354,55.686,57.140,0.368,0.000,0.000,0.000,0.000,true,27.082,SEVERE,8,0,sequential_yolo_pose,SM-S906U1,GPU
2026-04-23 00:04:44.431,127.528,64.572,59.831,0.261,0.000,0.000,0.000,0.000,true,30.473,SEVERE,8,0,sequential_yolo_pose,SM-S906U1,GPU
2026-04-23 00:04:44.565,130.150,37.739,56.235,0.356,5.362,11.203,13.649,0.036,false,47.387,SEVERE,8,0,sequential_yolo_pose,SM-S906U1,GPU
2026-04-23 00:04:44.677,109.157,40.720,65.104,0.255,0.000,0.000,0.000,0.000,true,18.160,SEVERE,8,0,sequential_yolo_pose,SM-S906U1,GPU
2026-04-23 00:04:44.805,124.294,38.502,56.513,0.574,4.466,6.664,13.272,0.074,false,35.200,SEVERE,7,0,sequential_yolo_pose,SM-S906U1,GPU
2026-04-23 00:04:44.895,86.834,27.388,52.855,1.869,0.000,0.000,0.000,0.000,true,14.020,SEVERE,7,0,sequential_yolo_pose,SM-S906U1,GPU
2026-04-23 00:04:44.981,80.811,25.336,52.597,0.259,0.000,0.000,0.000,0.000,true,17.043,SEVERE,7,0,sequential_yolo_pose,SM-S906U1,GPU
2026-04-23 00:04:45.094,102.500,26.464,52.036,0.466,2.059,7.637,9.387,0.033,false,34.020,SEVERE,7,0,sequential_yolo_pose,SM-S906U1,GPU
2026-04-23 00:04:45.218,117.409,31.084,53.927,0.523,4.846,9.658,10.188,0.032,false,30.325,SEVERE,7,0,sequential_yolo_pose,SM-S906U1,GPU
2026-04-23 00:04:45.351,115.547,33.303,52.987,0.807,3.352,11.111,9.859,0.043,false,20.383,SEVERE,7,0,sequential_yolo_pose,SM-S906U1,GPU
2026-04-23 00:04:45.471,116.240,36.819,53.665,0.621,2.967,5.481,12.032,0.046,false,20.410,SEVERE,7,0,sequential_yolo_pose,SM-S906U1,GPU
2026-04-23 00:04:45.592,118.189,38.618,52.434,0.536,1.332,7.368,12.888,0.045,false,20.348,SEVERE,7,0,sequential_yolo_pose,SM-S906U1,GPU
2026-04-23 00:04:45.739,140.930,38.048,53.145,0.600,1.774,15.081,23.766,0.050,false,37.294,SEVERE,7,0,sequential_yolo_pose,SM-S906U1,GPU
2026-04-23 00:04:45.905,158.666,66.337,60.247,0.630,1.935,5.882,17.419,0.049,false,29.653,SEVERE,9,0,sequential_yolo_pose,SM-S906U1,GPU
2026-04-23 00:04:46.053,139.767,54.078,53.967,0.694,0.878,8.036,15.445,0.048,false,46.692,SEVERE,9,0,sequential_yolo_pose,SM-S906U1,GPU
2026-04-23 00:04:46.171,109.198,44.647,55.686,0.547,0.000,0.000,0.000,0.000,true,18.203,SEVERE,9,0,sequential_yolo_pose,SM-S906U1,GPU
2026-04-23 00:04:46.305,129.278,43.248,55.990,0.627,1.628,6.995,15.464,0.048,false,35.180,SEVERE,9,0,sequential_yolo_pose,SM-S906U1,GPU
2026-04-23 00:04:46.475,164.245,71.811,58.548,0.974,5.857,9.406,12.259,0.046,false,17.231,SEVERE,9,0,sequential_yolo_pose,SM-S906U1,GPU
2026-04-23 00:04:46.628,147.958,57.322,54.940,0.709,2.007,13.104,12.399,0.033,false,20.414,SEVERE,9,0,sequential_yolo_pose,SM-S906U1,GPU
2026-04-23 00:04:46.758,113.632,35.310,52.822,0.728,5.726,4.268,10.273,0.046,false,20.317,SEVERE,9,0,sequential_yolo_pose,SM-S906U1,GPU
2026-04-23 00:04:46.879,115.958,29.949,56.043,0.598,2.561,8.708,13.719,0.046,false,20.606,SEVERE,7,0,sequential_yolo_pose,SM-S906U1,GPU
2026-04-23 00:04:46.986,103.666,25.384,55.316,0.627,2.408,6.725,10.177,0.047,false,20.383,SEVERE,7,0,sequential_yolo_pose,SM-S906U1,GPU
2026-04-23 00:04:47.102,111.765,30.764,52.355,0.670,2.033,6.648,11.732,0.021,false,20.379,SEVERE,7,0,sequential_yolo_pose,SM-S906U1,GPU
2026-04-23 00:04:47.209,103.599,23.263,54.000,0.898,1.984,10.147,10.022,0.044,false,20.410,SEVERE,7,0,sequential_yolo_pose,SM-S906U1,GPU
2026-04-23 00:04:47.325,111.452,32.201,52.317,0.838,2.707,7.655,11.305,0.033,false,20.379,SEVERE,7,0,sequential_yolo_pose,SM-S906U1,GPU
2026-04-23 00:04:47.442,107.364,25.101,54.159,0.873,2.976,10.352,9.697,0.021,false,20.442,SEVERE,7,0,sequential_yolo_pose,SM-S906U1,GPU
2026-04-23 00:04:47.547,100.975,24.972,53.603,0.820,3.010,4.626,10.775,0.049,false,20.340,SEVERE,7,0,sequential_yolo_pose,SM-S906U1,GPU
2026-04-23 00:04:47.663,112.097,34.046,55.207,0.652,1.817,5.483,10.820,0.021,false,20.317,SEVERE,7,0,sequential_yolo_pose,SM-S906U1,GPU
2026-04-23 00:04:47.778,106.801,23.984,58.396,1.044,3.030,6.840,10.286,0.033,false,20.352,SEVERE,7,0,sequential_yolo_pose,SM-S906U1,GPU
2026-04-23 00:04:47.900,118.309,34.468,60.780,0.723,1.586,5.116,10.560,0.046,false,20.504,SEVERE,9,0,sequential_yolo_pose,SM-S906U1,GPU
2026-04-23 00:04:48.006,101.968,23.053,53.448,1.003,2.102,9.702,9.773,0.038,false,20.414,SEVERE,9,0,sequential_yolo_pose,SM-S906U1,GPU
2026-04-23 00:04:48.115,103.726,30.265,51.472,0.334,1.459,3.860,12.089,0.047,false,20.317,SEVERE,9,0,sequential_yolo_pose,SM-S906U1,GPU
2026-04-23 00:04:48.239,114.081,45.304,51.800,0.354,0.000,0.000,0.000,0.000,true,16.953,SEVERE,9,0,sequential_yolo_pose,SM-S906U1,GPU
2026-04-23 00:04:48.338,93.694,30.693,58.425,0.273,0.000,0.000,0.000,0.000,true,30.598,SEVERE,9,0,sequential_yolo_pose,SM-S906U1,GPU
2026-04-23 00:04:48.435,92.085,34.904,52.783,0.356,0.000,0.000,0.000,0.000,true,18.590,SEVERE,9,0,sequential_yolo_pose,SM-S906U1,GPU
2026-04-23 00:04:48.525,86.859,28.842,53.923,0.288,0.000,0.000,0.000,0.000,true,32.141,SEVERE,9,0,sequential_yolo_pose,SM-S906U1,GPU
2026-04-23 00:04:48.648,116.489,55.814,55.669,0.265,0.000,0.000,0.000,0.000,true,18.215,SEVERE,9,0,sequential_yolo_pose,SM-S906U1,GPU
2026-04-23 00:04:48.741,88.965,30.150,54.346,0.370,0.000,0.000,0.000,0.000,true,31.797,SEVERE,9,0,sequential_yolo_pose,SM-S906U1,GPU
2026-04-23 00:04:48.837,92.927,35.952,52.604,0.297,0.000,0.000,0.000,0.000,true,18.188,SEVERE,9,0,sequential_yolo_pose,SM-S906U1,GPU
2026-04-23 00:04:48.940,97.403,35.803,56.208,0.286,0.000,0.000,0.000,0.000,true,31.832,SEVERE,10,0,sequential_yolo_pose,SM-S906U1,GPU
2026-04-23 00:04:49.034,89.333,30.989,52.601,0.528,0.000,0.000,0.000,0.000,true,13.531,SEVERE,10,0,sequential_yolo_pose,SM-S906U1,GPU
2026-04-23 00:04:49.161,122.279,32.900,52.329,0.967,4.550,9.140,10.636,0.052,false,20.375,SEVERE,10,0,sequential_yolo_pose,SM-S906U1,GPU
2026-04-23 00:04:49.281,111.939,32.466,54.121,0.456,3.421,5.790,10.377,0.046,false,20.317,SEVERE,10,0,sequential_yolo_pose,SM-S906U1,GPU
2026-04-23 00:04:49.405,120.775,36.059,56.589,0.529,2.593,6.127,13.880,0.033,false,20.379,SEVERE,10,0,sequential_yolo_pose,SM-S906U1,GPU
2026-04-23 00:04:49.514,105.565,24.450,55.456,0.425,4.430,7.853,9.921,0.032,false,20.410,SEVERE,10,0,sequential_yolo_pose,SM-S906U1,GPU
2026-04-23 00:04:49.630,110.278,30.463,54.713,0.499,3.358,5.230,11.451,0.046,false,20.442,SEVERE,10,0,sequential_yolo_pose,SM-S906U1,GPU
2026-04-23 00:04:49.753,116.540,24.116,60.149,0.472,4.328,9.841,13.390,0.046,false,20.473,SEVERE,10,0,sequential_yolo_pose,SM-S906U1,GPU
2026-04-23 00:04:49.866,109.499,27.778,53.787,0.613,2.997,7.142,10.887,0.045,false,20.317,SEVERE,10,0,sequential_yolo_pose,SM-S906U1,GPU
2026-04-23 00:04:49.985,113.490,30.948,58.093,0.602,2.420,6.779,10.574,0.043,false,20.289,SEVERE,9,0,sequential_yolo_pose,SM-S906U1,GPU
2026-04-23 00:04:50.104,114.335,31.885,55.018,1.497,2.515,5.659,13.279,0.079,false,20.379,SEVERE,9,0,sequential_yolo_pose,SM-S906U1,GPU
2026-04-23 00:04:50.220,112.667,29.914,58.622,0.677,2.125,5.751,11.359,0.037,false,20.379,SEVERE,9,0,sequential_yolo_pose,SM-S906U1,GPU
2026-04-23 00:04:50.323,98.968,25.101,53.638,0.585,1.353,3.845,11.182,0.046,false,20.344,SEVERE,9,0,sequential_yolo_pose,SM-S906U1,GPU
2026-04-23 00:04:50.442,114.121,27.789,57.188,0.541,2.811,8.484,11.095,0.043,false,20.379,SEVERE,9,0,sequential_yolo_pose,SM-S906U1,GPU
2026-04-23 00:04:50.557,110.297,31.032,54.737,0.550,1.677,5.902,10.995,0.046,false,20.410,SEVERE,9,0,sequential_yolo_pose,SM-S906U1,GPU
2026-04-23 00:04:50.685,123.542,31.845,54.393,0.968,3.952,13.599,12.764,0.044,false,20.410,SEVERE,9,0,sequential_yolo_pose,SM-S906U1,GPU
2026-04-23 00:04:50.791,100.038,27.270,53.608,0.354,0.985,3.729,10.875,0.046,false,20.379,SEVERE,9,0,sequential_yolo_pose,SM-S906U1,GPU
2026-04-23 00:04:50.912,116.046,28.229,56.699,0.472,3.150,9.787,11.518,0.030,false,20.442,SEVERE,8,0,sequential_yolo_pose,SM-S906U1,GPU
2026-04-23 00:04:51.023,108.251,26.184,58.852,0.800,2.764,6.317,10.018,0.032,false,20.379,SEVERE,8,0,sequential_yolo_pose,SM-S906U1,GPU
2026-04-23 00:04:51.144,117.808,26.945,53.822,0.586,3.244,12.666,17.162,0.054,false,20.410,SEVERE,8,0,sequential_yolo_pose,SM-S906U1,GPU
2026-04-23 00:04:51.258,109.464,32.073,53.701,0.659,2.101,5.060,11.078,0.031,false,20.379,SEVERE,8,0,sequential_yolo_pose,SM-S906U1,GPU
2026-04-23 00:04:51.371,108.984,29.106,54.416,0.729,2.354,6.967,12.276,0.032,false,20.379,SEVERE,8,0,sequential_yolo_pose,SM-S906U1,GPU
2026-04-23 00:04:51.478,103.177,26.655,53.699,0.444,1.549,5.560,11.224,0.362,false,20.379,SEVERE,8,0,sequential_yolo_pose,SM-S906U1,GPU
2026-04-23 00:04:51.587,102.900,25.056,52.559,2.366,2.445,5.936,9.805,0.046,false,20.407,SEVERE,8,0,sequential_yolo_pose,SM-S906U1,GPU
2026-04-23 00:04:51.707,116.531,33.395,54.519,0.588,2.411,5.227,16.117,0.045,false,20.379,SEVERE,8,0,sequential_yolo_pose,SM-S906U1,GPU
2026-04-23 00:04:51.822,111.145,27.178,53.678,1.216,3.654,11.452,9.802,0.044,false,20.348,SEVERE,8,0,sequential_yolo_pose,SM-S906U1,GPU
2026-04-23 00:04:51.931,105.029,28.189,53.054,0.618,2.012,5.512,12.049,0.043,false,20.504,SEVERE,9,0,sequential_yolo_pose,SM-S906U1,GPU
2026-04-23 00:04:52.043,106.475,29.904,52.064,0.629,2.716,7.473,9.518,0.033,false,20.410,SEVERE,9,0,sequential_yolo_pose,SM-S906U1,GPU
2026-04-23 00:04:52.156,108.693,31.643,52.961,0.939,2.694,6.427,9.787,0.030,false,20.317,SEVERE,9,0,sequential_yolo_pose,SM-S906U1,GPU
2026-04-23 00:04:52.278,117.835,32.900,55.807,0.788,3.161,9.330,11.241,0.044,false,20.442,SEVERE,9,0,sequential_yolo_pose,SM-S906U1,GPU
2026-04-23 00:04:52.395,114.480,38.027,53.037,0.549,1.625,5.277,10.682,0.033,false,14.543,SEVERE,9,0,sequential_yolo_pose,SM-S906U1,GPU
2026-04-23 00:04:52.527,122.696,25.197,60.841,1.139,2.764,13.730,15.077,0.073,false,21.707,SEVERE,9,0,sequential_yolo_pose,SM-S906U1,GPU
2026-04-23 00:04:52.641,110.293,24.879,55.521,0.836,1.923,10.401,13.655,0.031,false,38.653,SEVERE,9,0,sequential_yolo_pose,SM-S906U1,GPU
2026-04-23 00:04:52.755,106.398,28.057,55.677,0.751,2.127,5.208,9.501,0.044,false,20.317,SEVERE,9,0,sequential_yolo_pose,SM-S906U1,GPU
2026-04-23 00:04:52.849,86.337,26.345,53.627,0.542,0.000,0.000,0.000,0.000,true,16.957,SEVERE,9,0,sequential_yolo_pose,SM-S906U1,GPU
2026-04-23 00:04:52.937,83.592,25.432,55.192,0.187,0.000,0.000,0.000,0.000,true,30.696,SEVERE,9,0,sequential_yolo_pose,SM-S906U1,GPU
2026-04-23 00:04:53.036,93.741,35.581,52.209,0.351,0.000,0.000,0.000,0.000,true,13.985,SEVERE,9,0,sequential_yolo_pose,SM-S906U1,GPU
2026-04-23 00:04:53.131,89.440,31.097,53.133,0.912,0.000,0.000,0.000,0.000,true,11.121,SEVERE,9,0,sequential_yolo_pose,SM-S906U1,GPU
2026-04-23 00:04:53.233,95.129,32.210,55.099,0.569,0.000,0.000,0.000,0.000,true,17.008,SEVERE,9,0,sequential_yolo_pose,SM-S906U1,GPU
2026-04-23 00:04:53.328,89.781,30.037,54.256,0.566,0.000,0.000,0.000,0.000,true,30.590,SEVERE,9,0,sequential_yolo_pose,SM-S906U1,GPU
2026-04-23 00:04:53.433,98.788,34.398,53.748,0.419,0.000,0.000,0.000,0.000,true,18.188,SEVERE,9,0,sequential_yolo_pose,SM-S906U1,GPU
2026-04-23 00:04:53.540,100.523,38.482,54.209,0.557,0.000,0.000,0.000,0.000,true,31.770,SEVERE,9,0,sequential_yolo_pose,SM-S906U1,GPU
2026-04-23 00:04:53.666,120.880,39.033,53.844,0.492,3.213,5.815,12.371,0.023,false,21.641,SEVERE,9,0,sequential_yolo_pose,SM-S906U1,GPU
2026-04-23 00:04:53.780,110.298,23.150,56.104,0.866,3.389,11.730,11.894,0.022,false,38.594,SEVERE,9,0,sequential_yolo_pose,SM-S906U1,GPU
2026-04-23 00:04:53.884,100.696,39.614,55.884,0.754,0.000,0.000,0.000,0.000,true,26.422,SEVERE,9,0,sequential_yolo_pose,SM-S906U1,GPU
2026-04-23 00:04:54.020,130.443,32.831,54.712,0.503,9.969,7.782,10.360,0.048,false,21.617,SEVERE,10,0,sequential_yolo_pose,SM-S906U1,GPU
2026-04-23 00:04:54.141,115.455,26.661,55.969,0.512,2.680,8.813,12.309,0.036,false,38.625,SEVERE,10,0,sequential_yolo_pose,SM-S906U1,GPU
2026-04-23 00:04:54.239,87.884,30.514,52.643,0.257,0.000,0.000,0.000,0.000,true,16.922,SEVERE,10,0,sequential_yolo_pose,SM-S906U1,GPU
2026-04-23 00:04:54.357,114.247,31.286,54.476,0.761,3.407,8.407,10.779,0.021,false,33.993,SEVERE,10,0,sequential_yolo_pose,SM-S906U1,GPU
2026-04-23 00:04:54.484,123.637,32.130,55.084,0.768,2.471,15.249,13.484,0.045,false,30.344,SEVERE,10,0,sequential_yolo_pose,SM-S906U1,GPU
2026-04-23 00:04:54.599,111.558,28.888,57.743,0.510,2.304,6.235,11.558,0.045,false,20.321,SEVERE,10,0,sequential_yolo_pose,SM-S906U1,GPU
2026-04-23 00:04:54.718,112.744,26.741,56.292,0.952,3.619,9.317,11.471,0.040,false,20.379,SEVERE,10,0,sequential_yolo_pose,SM-S906U1,GPU
2026-04-23 00:04:54.834,112.723,29.985,56.109,0.701,2.400,6.736,9.815,0.046,false,20.348,SEVERE,10,0,sequential_yolo_pose,SM-S906U1,GPU
2026-04-23 00:04:54.951,113.353,28.744,59.423,0.614,2.395,7.332,10.553,0.049,false,20.410,SEVERE,8,0,sequential_yolo_pose,SM-S906U1,GPU
2026-04-23 00:04:55.065,109.002,27.335,54.997,0.843,1.965,6.254,11.134,0.103,false,20.473,SEVERE,8,0,sequential_yolo_pose,SM-S906U1,GPU
2026-04-23 00:04:55.186,115.439,27.048,56.417,0.636,6.368,9.861,10.787,0.044,false,20.379,SEVERE,8,0,sequential_yolo_pose,SM-S906U1,GPU
2026-04-23 00:04:55.303,107.968,23.845,53.629,0.962,1.971,7.438,13.033,0.056,false,20.348,SEVERE,8,0,sequential_yolo_pose,SM-S906U1,GPU
2026-04-23 00:04:55.416,109.637,28.757,53.383,1.141,2.588,8.152,10.818,0.043,false,20.461,SEVERE,8,0,sequential_yolo_pose,SM-S906U1,GPU
2026-04-23 00:04:55.518,97.635,35.922,57.064,0.423,0.000,0.000,0.000,0.000,true,16.953,SEVERE,8,0,sequential_yolo_pose,SM-S906U1,GPU
2026-04-23 00:04:55.639,116.983,33.855,59.006,0.629,1.458,7.420,10.532,0.049,false,33.930,SEVERE,8,0,sequential_yolo_pose,SM-S906U1,GPU
2026-04-23 00:04:55.805,156.943,68.263,53.921,0.666,2.052,5.190,20.884,0.046,false,28.790,SEVERE,8,0,sequential_yolo_pose,SM-S906U1,GPU
2026-04-23 00:04:55.939,129.442,40.482,54.769,0.664,2.321,5.540,21.408,0.035,false,20.414,SEVERE,8,0,sequential_yolo_pose,SM-S906U1,GPU
2026-04-23 00:04:56.055,113.106,33.417,56.904,0.804,2.154,5.557,9.862,0.047,false,20.410,SEVERE,8,0,sequential_yolo_pose,SM-S906U1,GPU
2026-04-23 00:04:56.174,115.305,27.545,59.157,0.662,3.845,8.722,10.610,0.034,false,20.379,SEVERE,8,0,sequential_yolo_pose,SM-S906U1,GPU
2026-04-23 00:04:56.280,101.944,24.169,54.819,0.573,2.159,7.582,9.606,0.043,false,20.317,SEVERE,8,0,sequential_yolo_pose,SM-S906U1,GPU
2026-04-23 00:04:56.398,114.213,32.360,55.192,1.088,2.606,7.909,10.563,0.032,false,20.317,SEVERE,8,0,sequential_yolo_pose,SM-S906U1,GPU
2026-04-23 00:04:56.512,110.520,30.047,56.075,0.662,1.973,7.026,10.430,0.044,false,20.379,SEVERE,8,0,sequential_yolo_pose,SM-S906U1,GPU
2026-04-23 00:04:56.626,110.877,29.865,54.885,0.804,2.602,7.592,10.398,0.048,false,20.379,SEVERE,8,0,sequential_yolo_pose,SM-S906U1,GPU
2026-04-23 00:04:56.741,109.978,23.736,56.046,1.050,3.861,8.544,11.110,0.037,false,20.410,SEVERE,8,0,sequential_yolo_pose,SM-S906U1,GPU
2026-04-23 00:04:56.855,110.161,28.657,55.441,0.974,3.802,6.858,10.285,0.041,false,20.410,SEVERE,8,0,sequential_yolo_pose,SM-S906U1,GPU
2026-04-23 00:04:56.972,112.827,28.304,57.790,0.746,1.961,7.703,12.086,0.046,false,20.567,SEVERE,9,0,sequential_yolo_pose,SM-S906U1,GPU
2026-04-23 00:04:57.090,114.167,32.299,53.320,0.976,2.231,9.212,11.792,0.039,false,20.379,SEVERE,9,0,sequential_yolo_pose,SM-S906U1,GPU
2026-04-23 00:04:57.209,112.518,32.513,53.176,0.665,1.667,7.690,11.774,0.035,false,20.379,SEVERE,9,0,sequential_yolo_pose,SM-S906U1,GPU
2026-04-23 00:04:57.325,111.116,30.190,54.625,1.095,2.781,7.171,10.907,0.022,false,20.379,SEVERE,9,0,sequential_yolo_pose,SM-S906U1,GPU
2026-04-23 00:04:57.450,113.589,31.885,53.890,0.652,2.996,11.249,9.601,0.046,false,20.442,SEVERE,9,0,sequential_yolo_pose,SM-S906U1,GPU
2026-04-23 00:04:57.540,86.972,29.489,52.977,0.553,0.000,0.000,0.000,0.000,true,16.953,SEVERE,9,0,sequential_yolo_pose,SM-S906U1,GPU
2026-04-23 00:04:57.635,90.731,31.576,53.783,1.044,0.000,0.000,0.000,0.000,true,30.598,SEVERE,9,0,sequential_yolo_pose,SM-S906U1,GPU
2026-04-23 00:04:57.731,90.998,31.678,54.340,0.921,0.000,0.000,0.000,0.000,true,13.949,SEVERE,9,0,sequential_yolo_pose,SM-S906U1,GPU
2026-04-23 00:04:57.837,98.592,34.357,55.655,0.479,0.000,0.000,0.000,0.000,true,17.012,SEVERE,9,0,sequential_yolo_pose,SM-S906U1,GPU
2026-04-23 00:04:57.955,113.828,32.795,56.464,0.479,2.641,7.055,9.823,0.081,false,33.957,SEVERE,9,0,sequential_yolo_pose,SM-S906U1,GPU
2026-04-23 00:04:58.065,92.413,30.239,57.515,0.422,0.000,0.000,0.000,0.000,true,11.117,SEVERE,9,0,sequential_yolo_pose,SM-S906U1,GPU
2026-04-23 00:04:58.165,92.585,30.492,56.068,0.590,0.000,0.000,0.000,0.000,true,17.043,SEVERE,9,0,sequential_yolo_pose,SM-S906U1,GPU
2026-04-23 00:04:58.268,96.336,34.531,55.116,0.439,0.000,0.000,0.000,0.000,true,30.594,SEVERE,9,0,sequential_yolo_pose,SM-S906U1,GPU
2026-04-23 00:04:58.371,97.040,37.116,53.180,0.340,0.000,0.000,0.000,0.000,true,13.555,SEVERE,9,0,sequential_yolo_pose,SM-S906U1,GPU
2026-04-23 00:04:58.489,114.268,30.053,54.405,0.826,6.696,6.613,11.251,0.044,false,20.407,SEVERE,9,0,sequential_yolo_pose,SM-S906U1,GPU
2026-04-23 00:04:58.612,118.029,25.600,62.631,0.704,3.852,7.048,14.773,0.052,false,20.442,SEVERE,9,0,sequential_yolo_pose,SM-S906U1,GPU
2026-04-23 00:04:58.722,105.568,28.132,54.121,0.609,2.454,5.762,10.058,0.031,false,20.348,SEVERE,9,0,sequential_yolo_pose,SM-S906U1,GPU
2026-04-23 00:04:58.850,119.801,25.706,58.712,0.484,1.532,15.969,10.258,0.037,false,20.317,SEVERE,9,0,sequential_yolo_pose,SM-S906U1,GPU
2026-04-23 00:04:58.984,130.337,39.391,63.769,0.519,1.811,8.297,11.026,0.045,false,37.450,SEVERE,9,0,sequential_yolo_pose,SM-S906U1,GPU
2026-04-23 00:04:59.118,126.648,47.231,52.954,0.626,3.616,5.968,9.951,0.028,false,22.106,SEVERE,9,0,sequential_yolo_pose,SM-S906U1,GPU
2026-04-23 00:04:59.238,114.776,30.134,56.163,0.727,2.362,6.159,16.317,0.052,false,39.114,SEVERE,9,0,sequential_yolo_pose,SM-S906U1,GPU
2026-04-23 00:04:59.355,110.535,34.096,53.830,0.590,2.192,5.133,9.968,0.047,false,20.305,SEVERE,9,0,sequential_yolo_pose,SM-S906U1,GPU
2026-04-23 00:04:59.463,103.061,24.384,56.295,0.613,2.105,6.225,9.829,0.051,false,20.410,SEVERE,9,0,sequential_yolo_pose,SM-S906U1,GPU
2026-04-23 00:04:59.579,109.904,26.444,53.339,0.875,4.078,10.521,9.551,0.040,false,20.348,SEVERE,9,0,sequential_yolo_pose,SM-S906U1,GPU
2026-04-23 00:04:59.692,108.912,28.069,55.136,0.533,1.876,5.282,11.730,0.046,false,20.379,SEVERE,9,0,sequential_yolo_pose,SM-S906U1,GPU
2026-04-23 00:04:59.805,104.007,25.185,54.949,0.876,2.202,7.650,10.024,0.041,false,20.317,SEVERE,9,0,sequential_yolo_pose,SM-S906U1,GPU
2026-04-23 00:04:59.930,120.589,35.713,56.717,0.722,2.180,7.962,12.929,0.057,false,20.379,SEVERE,9,0,sequential_yolo_pose,SM-S906U1,GPU
2026-04-23 00:05:00.046,111.374,33.453,53.129,0.505,1.238,4.372,13.021,0.032,false,20.442,SEVERE,9,0,sequential_yolo_pose,SM-S906U1,GPU
2026-04-23 00:05:00.156,106.900,23.661,54.727,0.479,6.375,5.822,12.039,0.034,false,20.442,SEVERE,9,0,sequential_yolo_pose,SM-S906U1,GPU
2026-04-23 00:05:00.274,111.633,32.313,56.395,0.700,2.821,6.250,10.080,0.029,false,20.348,SEVERE,9,0,sequential_yolo_pose,SM-S906U1,GPU
2026-04-23 00:05:00.392,114.914,37.019,55.506,0.740,2.555,4.990,9.547,0.034,false,20.348,SEVERE,9,0,sequential_yolo_pose,SM-S906U1,GPU
2026-04-23 00:05:00.503,106.315,25.401,56.589,0.643,2.728,6.747,11.147,0.048,false,20.348,SEVERE,9,0,sequential_yolo_pose,SM-S906U1,GPU
2026-04-23 00:05:00.623,113.740,26.694,54.300,1.522,7.304,8.514,11.034,0.040,false,20.469,SEVERE,9,0,sequential_yolo_pose,SM-S906U1,GPU
2026-04-23 00:05:00.742,108.922,28.748,52.869,2.002,2.508,7.830,10.230,0.046,false,20.348,SEVERE,9,0,sequential_yolo_pose,SM-S906U1,GPU
2026-04-23 00:05:00.862,116.636,36.850,53.179,0.925,2.613,6.750,12.158,0.036,false,20.348,SEVERE,9,0,sequential_yolo_pose,SM-S906U1,GPU
2026-04-23 00:05:00.970,103.486,26.040,54.798,0.667,2.023,6.569,10.288,0.021,false,20.399,SEVERE,8,0,sequential_yolo_pose,SM-S906U1,GPU
2026-04-23 00:05:01.080,107.057,28.687,57.850,0.374,1.333,4.660,10.279,0.041,false,20.379,SEVERE,8,0,sequential_yolo_pose,SM-S906U1,GPU
2026-04-23 00:05:01.173,88.922,29.728,53.908,0.807,0.000,0.000,0.000,0.000,true,16.957,SEVERE,8,0,sequential_yolo_pose,SM-S906U1,GPU
2026-04-23 00:05:01.263,84.928,27.574,53.058,0.349,0.000,0.000,0.000,0.000,true,30.602,SEVERE,8,0,sequential_yolo_pose,SM-S906U1,GPU
2026-04-23 00:05:01.369,97.252,36.710,54.535,0.421,0.000,0.000,0.000,0.000,true,13.883,SEVERE,8,0,sequential_yolo_pose,SM-S906U1,GPU
2026-04-23 00:05:01.459,83.887,25.516,53.666,0.575,0.000,0.000,0.000,0.000,true,16.945,SEVERE,8,0,sequential_yolo_pose,SM-S906U1,GPU
2026-04-23 00:05:01.590,125.278,37.465,53.048,0.736,3.094,10.879,10.634,0.081,false,33.954,SEVERE,8,0,sequential_yolo_pose,SM-S906U1,GPU
2026-04-23 00:05:01.720,114.382,30.167,56.122,0.800,2.511,9.295,10.951,0.056,false,20.407,SEVERE,8,0,sequential_yolo_pose,SM-S906U1,GPU
2026-04-23 00:05:01.848,123.906,32.223,55.522,0.897,2.141,12.433,13.887,0.044,false,20.410,SEVERE,8,0,sequential_yolo_pose,SM-S906U1,GPU
2026-04-23 00:05:01.961,109.823,29.695,54.972,1.276,2.337,5.888,11.307,0.031,false,20.348,SEVERE,9,0,sequential_yolo_pose,SM-S906U1,GPU
2026-04-23 00:05:02.086,118.983,31.441,55.583,1.503,2.131,11.530,12.315,0.049,false,20.442,SEVERE,9,0,sequential_yolo_pose,SM-S906U1,GPU
2026-04-23 00:05:02.210,119.449,26.132,53.815,0.547,1.398,5.834,20.079,0.044,false,20.379,SEVERE,9,0,sequential_yolo_pose,SM-S906U1,GPU
2026-04-23 00:05:02.319,106.122,24.486,55.748,2.575,2.864,7.038,10.567,0.041,false,20.407,SEVERE,9,0,sequential_yolo_pose,SM-S906U1,GPU
2026-04-23 00:05:02.440,117.212,35.696,53.624,0.801,1.978,7.762,12.949,0.046,false,20.379,SEVERE,9,0,sequential_yolo_pose,SM-S906U1,GPU
2026-04-23 00:05:02.553,109.237,30.580,52.168,0.845,1.922,8.771,10.932,0.050,false,20.410,SEVERE,9,0,sequential_yolo_pose,SM-S906U1,GPU
2026-04-23 00:05:02.674,115.275,27.794,52.462,1.031,3.368,10.301,13.549,0.030,false,20.410,SEVERE,9,0,sequential_yolo_pose,SM-S906U1,GPU
2026-04-23 00:05:02.791,111.399,30.522,52.123,0.728,2.229,8.525,12.381,0.044,false,20.410,SEVERE,9,0,sequential_yolo_pose,SM-S906U1,GPU
2026-04-23 00:05:02.904,109.118,27.903,54.853,0.424,1.428,6.408,13.023,0.046,false,20.348,SEVERE,9,0,sequential_yolo_pose,SM-S906U1,GPU
2026-04-23 00:05:03.020,111.012,33.771,54.004,1.162,1.558,5.036,10.484,0.030,false,20.457,SEVERE,9,0,sequential_yolo_pose,SM-S906U1,GPU
2026-04-23 00:05:03.127,103.932,23.255,54.543,1.021,2.786,7.500,11.744,0.056,false,20.414,SEVERE,9,0,sequential_yolo_pose,SM-S906U1,GPU
2026-04-23 00:05:03.243,109.335,27.975,53.472,0.570,1.893,11.455,9.730,0.043,false,20.379,SEVERE,9,0,sequential_yolo_pose,SM-S906U1,GPU
2026-04-23 00:05:03.370,121.472,39.223,56.457,0.521,1.327,5.246,13.578,0.033,false,20.410,SEVERE,9,0,sequential_yolo_pose,SM-S906U1,GPU
2026-04-23 00:05:03.479,106.451,24.463,60.449,0.611,1.485,6.302,9.588,0.056,false,20.317,SEVERE,9,0,sequential_yolo_pose,SM-S906U1,GPU
2026-04-23 00:05:03.601,118.033,29.892,56.884,0.813,2.209,8.597,15.231,0.053,false,20.410,SEVERE,9,0,sequential_yolo_pose,SM-S906U1,GPU
2026-04-23 00:05:03.721,115.040,28.713,55.925,3.099,2.605,8.996,11.275,0.048,false,20.379,SEVERE,9,0,sequential_yolo_pose,SM-S906U1,GPU
2026-04-23 00:05:03.841,115.613,31.961,53.733,0.877,2.031,8.480,10.541,0.044,false,20.379,SEVERE,9,0,sequential_yolo_pose,SM-S906U1,GPU
2026-04-23 00:05:03.941,91.308,31.526,55.370,0.255,0.000,0.000,0.000,0.000,true,16.985,SEVERE,9,0,sequential_yolo_pose,SM-S906U1,GPU
2026-04-23 00:05:04.072,127.354,70.982,51.919,0.294,0.000,0.000,0.000,0.000,true,30.692,SEVERE,9,0,sequential_yolo_pose,SM-S906U1,GPU
2026-04-23 00:05:04.196,118.231,39.010,52.220,0.479,2.493,5.695,10.929,0.056,false,17.285,SEVERE,9,0,sequential_yolo_pose,SM-S906U1,GPU
2026-04-23 00:05:04.317,113.275,32.605,58.918,0.507,1.526,5.525,9.958,0.046,false,20.379,SEVERE,9,0,sequential_yolo_pose,SM-S906U1,GPU
2026-04-23 00:05:04.439,115.379,34.649,58.043,0.541,1.574,5.626,10.657,0.046,false,20.348,SEVERE,9,0,sequential_yolo_pose,SM-S906U1,GPU
2026-04-23 00:05:04.549,106.250,31.864,55.683,0.409,0.942,3.812,9.331,0.041,false,20.317,SEVERE,9,0,sequential_yolo_pose,SM-S906U1,GPU
2026-04-23 00:05:04.639,86.401,29.069,53.045,0.259,0.000,0.000,0.000,0.000,true,16.985,SEVERE,9,0,sequential_yolo_pose,SM-S906U1,GPU
2026-04-23 00:05:04.740,96.964,35.102,56.787,0.557,0.000,0.000,0.000,0.000,true,30.598,SEVERE,9,0,sequential_yolo_pose,SM-S906U1,GPU
2026-04-23 00:05:04.833,88.012,28.974,54.055,0.663,0.000,0.000,0.000,0.000,true,13.914,SEVERE,9,0,sequential_yolo_pose,SM-S906U1,GPU
2026-04-23 00:05:04.929,89.304,29.948,54.140,0.558,0.000,0.000,0.000,0.000,true,16.981,SEVERE,9,0,sequential_yolo_pose,SM-S906U1,GPU
2026-04-23 00:05:05.061,117.940,33.614,56.223,0.655,2.834,7.848,10.351,0.037,false,34.145,SEVERE,9,0,sequential_yolo_pose,SM-S906U1,GPU
2026-04-23 00:05:05.189,118.353,32.342,53.334,0.732,6.150,9.858,10.147,0.036,false,30.239,SEVERE,9,0,sequential_yolo_pose,SM-S906U1,GPU
2026-04-23 00:05:05.306,113.452,29.863,53.601,0.555,1.809,7.760,14.027,0.042,false,22.067,SEVERE,9,0,sequential_yolo_pose,SM-S906U1,GPU
2026-04-23 00:05:05.420,109.231,23.565,54.627,1.020,2.584,13.168,10.598,0.038,false,38.949,SEVERE,9,0,sequential_yolo_pose,SM-S906U1,GPU
2026-04-23 00:05:05.553,121.561,30.922,53.585,0.598,1.997,13.845,10.933,0.046,false,20.457,SEVERE,9,0,sequential_yolo_pose,SM-S906U1,GPU
2026-04-23 00:05:05.669,110.337,30.470,53.941,0.571,1.488,5.544,13.470,0.067,false,20.317,SEVERE,9,0,sequential_yolo_pose,SM-S906U1,GPU
2026-04-23 00:05:05.790,115.616,29.875,53.778,0.846,7.977,8.297,10.401,0.044,false,20.410,SEVERE,9,0,sequential_yolo_pose,SM-S906U1,GPU
2026-04-23 00:05:05.909,113.598,30.879,52.855,1.164,2.593,9.753,11.706,0.060,false,20.410,SEVERE,9,0,sequential_yolo_pose,SM-S906U1,GPU
2026-04-23 00:05:06.024,110.737,29.010,52.323,5.922,2.422,6.742,9.851,0.046,false,20.348,SEVERE,8,0,sequential_yolo_pose,SM-S906U1,GPU
2026-04-23 00:05:06.131,101.372,30.579,51.588,0.428,0.946,4.131,9.396,0.054,false,20.340,SEVERE,8,0,sequential_yolo_pose,SM-S906U1,GPU
2026-04-23 00:05:06.248,110.901,28.471,55.762,0.818,2.221,9.519,9.543,0.068,false,20.379,SEVERE,8,0,sequential_yolo_pose,SM-S906U1,GPU
2026-04-23 00:05:06.358,106.840,29.610,52.491,0.823,2.576,5.988,10.584,0.043,false,20.410,SEVERE,8,0,sequential_yolo_pose,SM-S906U1,GPU
2026-04-23 00:05:06.473,109.886,28.850,54.554,0.573,1.407,7.242,12.483,0.095,false,20.348,SEVERE,8,0,sequential_yolo_pose,SM-S906U1,GPU
2026-04-23 00:05:06.588,110.387,28.370,53.685,2.494,2.183,8.646,10.449,0.050,false,20.317,SEVERE,8,0,sequential_yolo_pose,SM-S906U1,GPU
2026-04-23 00:05:06.715,122.987,32.991,57.286,0.959,3.257,10.702,11.420,0.044,false,20.379,SEVERE,8,0,sequential_yolo_pose,SM-S906U1,GPU
2026-04-23 00:05:06.825,106.517,30.452,53.058,1.152,1.793,5.336,10.211,0.041,false,20.317,SEVERE,8,0,sequential_yolo_pose,SM-S906U1,GPU
2026-04-23 00:05:06.945,115.613,29.125,54.843,0.802,2.110,11.595,12.787,0.052,false,20.379,SEVERE,8,0,sequential_yolo_pose,SM-S906U1,GPU
2026-04-23 00:05:07.069,119.864,34.174,57.396,0.758,1.726,7.663,12.762,0.993,false,20.477,SEVERE,9,0,sequential_yolo_pose,SM-S906U1,GPU
2026-04-23 00:05:07.185,113.386,29.890,53.369,1.160,2.602,10.803,11.050,0.052,false,20.379,SEVERE,9,0,sequential_yolo_pose,SM-S906U1,GPU
2026-04-23 00:05:07.310,118.144,30.305,56.448,0.886,1.847,8.482,10.631,0.043,false,20.410,SEVERE,9,0,sequential_yolo_pose,SM-S906U1,GPU
2026-04-23 00:05:07.440,125.768,36.981,55.011,0.886,2.240,9.523,16.943,0.059,false,20.348,SEVERE,9,0,sequential_yolo_pose,SM-S906U1,GPU
2026-04-23 00:05:07.557,112.126,31.329,55.405,0.767,1.845,7.731,10.614,0.041,false,20.285,SEVERE,9,0,sequential_yolo_pose,SM-S906U1,GPU
2026-04-23 00:05:07.674,110.859,26.363,57.150,0.517,1.510,6.589,14.810,0.054,false,20.410,SEVERE,9,0,sequential_yolo_pose,SM-S906U1,GPU
2026-04-23 00:05:07.766,88.066,28.403,55.106,0.481,0.000,0.000,0.000,0.000,true,16.985,SEVERE,9,0,sequential_yolo_pose,SM-S906U1,GPU
2026-04-23 00:05:07.889,116.847,31.199,53.585,0.770,2.326,8.195,14.072,0.038,false,34.024,SEVERE,9,0,sequential_yolo_pose,SM-S906U1,GPU
2026-04-23 00:05:08.023,123.822,34.934,56.431,0.867,3.731,10.890,10.585,0.047,false,20.438,SEVERE,8,0,sequential_yolo_pose,SM-S906U1,GPU
2026-04-23 00:05:08.138,109.307,29.257,53.869,1.145,1.017,4.211,15.625,0.049,false,20.414,SEVERE,8,0,sequential_yolo_pose,SM-S906U1,GPU
2026-04-23 00:05:08.249,106.991,32.628,51.831,0.524,1.746,5.785,10.242,0.048,false,20.379,SEVERE,8,0,sequential_yolo_pose,SM-S906U1,GPU
2026-04-23 00:05:08.367,113.699,29.349,56.452,0.534,1.806,5.971,13.722,0.027,false,20.379,SEVERE,8,0,sequential_yolo_pose,SM-S906U1,GPU
2026-04-23 00:05:08.486,115.731,24.246,57.671,0.511,7.046,12.304,10.676,0.035,false,20.379,SEVERE,8,0,sequential_yolo_pose,SM-S906U1,GPU
2026-04-23 00:05:08.602,110.473,25.641,56.248,0.586,1.322,5.400,14.639,0.094,false,20.379,SEVERE,8,0,sequential_yolo_pose,SM-S906U1,GPU
2026-04-23 00:05:08.711,104.889,26.296,55.193,0.438,2.807,5.502,11.070,0.035,false,20.348,SEVERE,8,0,sequential_yolo_pose,SM-S906U1,GPU
2026-04-23 00:05:08.838,119.356,43.399,54.644,0.689,0.834,3.659,8.943,0.054,false,20.285,SEVERE,8,0,sequential_yolo_pose,SM-S906U1,GPU
2026-04-23 00:05:08.931,89.574,27.046,58.042,0.509,0.000,0.000,0.000,0.000,true,17.047,SEVERE,8,0,sequential_yolo_pose,SM-S906U1,GPU
2026-04-23 00:05:09.031,94.323,31.827,58.169,0.386,0.000,0.000,0.000,0.000,true,30.723,SEVERE,9,0,sequential_yolo_pose,SM-S906U1,GPU
2026-04-23 00:05:09.120,85.572,28.166,52.512,0.629,0.000,0.000,0.000,0.000,true,13.590,SEVERE,9,0,sequential_yolo_pose,SM-S906U1,GPU
2026-04-23 00:05:09.248,117.950,26.978,52.173,0.760,2.278,13.764,14.227,0.060,false,20.403,SEVERE,9,0,sequential_yolo_pose,SM-S906U1,GPU
2026-04-23 00:05:09.344,92.605,33.664,54.536,0.418,0.000,0.000,0.000,0.000,true,16.985,SEVERE,9,0,sequential_yolo_pose,SM-S906U1,GPU
2026-04-23 00:05:09.475,126.244,33.822,55.112,0.702,1.869,8.397,19.627,0.046,false,33.993,SEVERE,9,0,sequential_yolo_pose,SM-S906U1,GPU
2026-04-23 00:05:09.619,121.158,33.501,54.523,0.664,2.423,12.527,12.693,0.034,false,30.321,SEVERE,9,0,sequential_yolo_pose,SM-S906U1,GPU
2026-04-23 00:05:09.727,90.171,30.502,52.586,0.566,0.000,0.000,0.000,0.000,true,16.949,SEVERE,9,0,sequential_yolo_pose,SM-S906U1,GPU
2026-04-23 00:05:09.825,91.146,31.583,53.241,0.509,0.000,0.000,0.000,0.000,true,30.594,SEVERE,9,0,sequential_yolo_pose,SM-S906U1,GPU
2026-04-23 00:05:09.952,120.362,39.182,53.371,0.613,1.862,9.108,11.021,0.045,false,16.953,SEVERE,9,0,sequential_yolo_pose,SM-S906U1,GPU
2026-04-23 00:05:10.074,117.858,34.156,55.784,0.460,1.573,9.979,10.583,0.047,false,20.446,SEVERE,9,0,sequential_yolo_pose,SM-S906U1,GPU
2026-04-23 00:05:10.180,100.913,23.695,55.437,0.542,2.047,6.371,9.656,0.048,false,20.348,SEVERE,9,0,sequential_yolo_pose,SM-S906U1,GPU
2026-04-23 00:05:10.298,113.720,29.914,52.734,0.589,1.798,6.443,17.961,0.035,false,20.410,SEVERE,9,0,sequential_yolo_pose,SM-S906U1,GPU
2026-04-23 00:05:10.414,113.293,29.259,55.634,0.519,1.546,10.067,12.210,0.037,false,20.442,SEVERE,9,0,sequential_yolo_pose,SM-S906U1,GPU
2026-04-23 00:05:10.529,111.869,32.276,56.319,0.709,1.771,6.606,9.490,0.045,false,20.352,SEVERE,9,0,sequential_yolo_pose,SM-S906U1,GPU
2026-04-23 00:05:10.654,116.570,29.020,54.089,0.996,7.063,11.005,10.192,0.049,false,20.410,SEVERE,9,0,sequential_yolo_pose,SM-S906U1,GPU
2026-04-23 00:05:10.777,118.001,30.723,53.445,0.873,2.281,12.859,10.762,0.044,false,20.348,SEVERE,9,0,sequential_yolo_pose,SM-S906U1,GPU
2026-04-23 00:05:10.889,106.453,27.762,54.088,0.698,2.063,5.995,11.205,0.035,false,20.348,SEVERE,9,0,sequential_yolo_pose,SM-S906U1,GPU
2026-04-23 00:05:11.006,113.559,30.758,57.972,0.572,1.412,7.398,11.206,0.044,false,20.383,SEVERE,9,0,sequential_yolo_pose,SM-S906U1,GPU
2026-04-23 00:05:11.114,104.344,28.012,55.118,0.557,2.113,6.147,9.388,0.060,false,20.442,SEVERE,8,0,sequential_yolo_pose,SM-S906U1,GPU
2026-04-23 00:05:11.219,101.761,23.318,55.340,0.690,1.626,6.019,11.383,0.045,false,20.469,SEVERE,8,0,sequential_yolo_pose,SM-S906U1,GPU
2026-04-23 00:05:11.333,109.794,29.199,56.479,0.622,2.380,5.351,10.993,0.044,false,20.348,SEVERE,8,0,sequential_yolo_pose,SM-S906U1,GPU
2026-04-23 00:05:11.453,113.534,29.706,57.263,0.674,5.536,5.239,10.930,0.032,false,20.410,SEVERE,8,0,sequential_yolo_pose,SM-S906U1,GPU
2026-04-23 00:05:11.558,100.420,24.979,53.059,0.598,1.386,4.984,12.305,0.044,false,20.379,SEVERE,8,0,sequential_yolo_pose,SM-S906U1,GPU
2026-04-23 00:05:11.672,107.382,26.839,56.250,0.693,1.369,5.497,11.375,0.047,false,20.348,SEVERE,8,0,sequential_yolo_pose,SM-S906U1,GPU
2026-04-23 00:05:11.782,106.275,29.238,54.223,0.711,1.446,6.301,9.988,0.036,false,20.254,SEVERE,8,0,sequential_yolo_pose,SM-S906U1,GPU
2026-04-23 00:05:11.903,115.715,31.688,56.782,0.737,1.351,5.195,15.718,0.025,false,20.379,SEVERE,8,0,sequential_yolo_pose,SM-S906U1,GPU
2026-04-23 00:05:12.014,108.038,24.163,54.896,0.840,2.186,6.319,16.508,0.031,false,20.442,SEVERE,9,0,sequential_yolo_pose,SM-S906U1,GPU
2026-04-23 00:05:12.116,98.050,24.166,54.383,0.436,0.969,4.275,10.426,0.054,false,20.430,SEVERE,9,0,sequential_yolo_pose,SM-S906U1,GPU
2026-04-23 00:05:12.231,111.939,34.702,53.611,0.462,1.476,6.020,10.986,0.055,false,20.317,SEVERE,9,0,sequential_yolo_pose,SM-S906U1,GPU
2026-04-23 00:05:12.345,109.372,28.258,55.335,0.648,1.573,8.978,10.249,0.050,false,20.379,SEVERE,9,0,sequential_yolo_pose,SM-S906U1,GPU
2026-04-23 00:05:12.455,106.126,28.705,54.792,0.667,1.606,6.145,9.891,0.048,false,20.379,SEVERE,9,0,sequential_yolo_pose,SM-S906U1,GPU
2026-04-23 00:05:12.572,113.122,31.012,58.000,0.797,1.628,6.857,10.440,0.023,false,20.348,SEVERE,9,0,sequential_yolo_pose,SM-S906U1,GPU
2026-04-23 00:05:12.679,104.101,24.013,54.186,0.750,1.723,7.569,12.833,0.047,false,20.410,SEVERE,9,0,sequential_yolo_pose,SM-S906U1,GPU
2026-04-23 00:05:12.769,86.746,27.604,54.218,0.428,0.000,0.000,0.000,0.000,true,16.985,SEVERE,9,0,sequential_yolo_pose,SM-S906U1,GPU
2026-04-23 00:05:12.877,104.768,29.114,51.988,0.689,1.951,7.155,9.624,0.032,false,33.993,SEVERE,9,0,sequential_yolo_pose,SM-S906U1,GPU
2026-04-23 00:05:12.988,108.578,33.488,51.840,0.675,1.595,5.884,11.735,0.034,false,28.704,SEVERE,9,0,sequential_yolo_pose,SM-S906U1,GPU
2026-04-23 00:05:13.110,117.637,33.178,57.243,0.571,1.671,7.113,13.189,0.044,false,20.442,SEVERE,10,0,sequential_yolo_pose,SM-S906U1,GPU
2026-04-23 00:05:13.217,103.138,29.158,54.051,0.425,1.237,4.258,9.976,0.048,false,20.348,SEVERE,10,0,sequential_yolo_pose,SM-S906U1,GPU
2026-04-23 00:05:13.331,110.573,33.525,53.332,0.539,1.406,5.345,11.972,0.054,false,20.379,SEVERE,10,0,sequential_yolo_pose,SM-S906U1,GPU
2026-04-23 00:05:13.443,104.899,29.300,50.712,0.617,1.829,6.271,12.030,0.048,false,20.379,SEVERE,10,0,sequential_yolo_pose,SM-S906U1,GPU
2026-04-23 00:05:13.553,105.824,28.687,53.135,0.589,2.168,6.556,10.186,0.050,false,20.285,SEVERE,10,0,sequential_yolo_pose,SM-S906U1,GPU
2026-04-23 00:05:13.685,125.597,29.959,59.952,0.574,4.538,10.255,11.739,0.046,false,20.379,SEVERE,10,0,sequential_yolo_pose,SM-S906U1,GPU
2026-04-23 00:05:13.802,111.407,33.727,53.439,0.713,2.089,6.161,10.017,0.049,false,20.379,SEVERE,10,0,sequential_yolo_pose,SM-S906U1,GPU
2026-04-23 00:05:13.894,88.013,30.723,52.766,0.394,0.000,0.000,0.000,0.000,true,17.074,SEVERE,10,0,sequential_yolo_pose,SM-S906U1,GPU
2026-04-23 00:05:13.997,95.386,35.768,54.613,0.432,0.000,0.000,0.000,0.000,true,30.625,SEVERE,10,0,sequential_yolo_pose,SM-S906U1,GPU
2026-04-23 00:05:14.109,106.679,30.992,51.686,0.605,2.141,6.184,11.577,0.045,false,21.676,SEVERE,9,0,sequential_yolo_pose,SM-S906U1,GPU
2026-04-23 00:05:14.219,105.952,23.174,56.899,0.555,1.486,10.099,10.461,0.033,false,38.715,SEVERE,9,0,sequential_yolo_pose,SM-S906U1,GPU
2026-04-23 00:05:14.340,108.583,27.856,55.963,0.554,1.772,6.143,9.505,0.061,false,20.348,SEVERE,9,0,sequential_yolo_pose,SM-S906U1,GPU
2026-04-23 00:05:14.450,106.668,29.424,54.443,0.750,1.542,6.217,9.834,0.057,false,20.348,SEVERE,9,0,sequential_yolo_pose,SM-S906U1,GPU
2026-04-23 00:05:14.559,104.458,30.432,51.372,0.523,1.546,5.750,10.224,0.044,false,20.348,SEVERE,9,0,sequential_yolo_pose,SM-S906U1,GPU
2026-04-23 00:05:14.676,113.106,30.635,53.198,0.455,1.668,6.109,16.886,0.021,false,20.410,SEVERE,9,0,sequential_yolo_pose,SM-S906U1,GPU
2026-04-23 00:05:14.777,97.214,25.054,53.152,0.349,0.999,4.221,10.432,0.051,false,20.348,SEVERE,9,0,sequential_yolo_pose,SM-S906U1,GPU
2026-04-23 00:05:14.884,103.392,27.129,53.185,0.548,2.170,6.060,10.159,0.094,false,20.410,SEVERE,9,0,sequential_yolo_pose,SM-S906U1,GPU
2026-04-23 00:05:15.008,117.753,34.415,53.406,0.454,1.940,6.383,16.432,0.031,false,20.410,SEVERE,9,0,sequential_yolo_pose,SM-S906U1,GPU
2026-04-23 00:05:15.117,105.311,24.400,55.925,0.454,1.865,8.734,11.012,0.033,false,20.500,SEVERE,9,0,sequential_yolo_pose,SM-S906U1,GPU
2026-04-23 00:05:15.228,106.796,27.097,59.358,0.486,1.631,5.259,9.965,0.028,false,20.348,SEVERE,9,0,sequential_yolo_pose,SM-S906U1,GPU
2026-04-23 00:05:15.333,102.752,28.164,54.812,0.524,0.963,4.549,10.504,0.111,false,20.379,SEVERE,9,0,sequential_yolo_pose,SM-S906U1,GPU
2026-04-23 00:05:15.445,106.611,27.591,53.274,0.685,1.968,7.044,12.854,0.043,false,20.348,SEVERE,9,0,sequential_yolo_pose,SM-S906U1,GPU
2026-04-23 00:05:15.563,115.131,33.618,55.302,0.662,2.397,6.211,12.476,0.036,false,20.348,SEVERE,9,0,sequential_yolo_pose,SM-S906U1,GPU
2026-04-23 00:05:15.674,105.907,25.203,54.468,0.566,1.698,8.953,11.848,0.055,false,20.410,SEVERE,9,0,sequential_yolo_pose,SM-S906U1,GPU
2026-04-23 00:05:15.782,104.465,29.343,52.275,0.621,1.836,5.624,10.635,0.046,false,20.317,SEVERE,9,0,sequential_yolo_pose,SM-S906U1,GPU
2026-04-23 00:05:15.890,104.395,27.472,53.951,0.577,1.639,5.885,10.737,0.059,false,20.254,SEVERE,9,0,sequential_yolo_pose,SM-S906U1,GPU
2026-04-23 00:05:16.002,105.893,25.480,55.436,0.623,1.537,6.626,11.889,0.045,false,20.379,SEVERE,9,0,sequential_yolo_pose,SM-S906U1,GPU
2026-04-23 00:05:16.115,108.062,29.700,54.650,0.563,1.700,6.920,10.494,0.048,false,20.399,SEVERE,9,0,sequential_yolo_pose,SM-S906U1,GPU
2026-04-23 00:05:16.232,113.607,33.220,54.446,0.583,2.083,5.442,13.045,0.047,false,20.348,SEVERE,9,0,sequential_yolo_pose,SM-S906U1,GPU
2026-04-23 00:05:16.341,104.529,26.730,55.636,0.633,1.806,6.180,9.420,0.049,false,20.317,SEVERE,9,0,sequential_yolo_pose,SM-S906U1,GPU
2026-04-23 00:05:16.454,107.726,28.769,55.472,0.810,1.690,5.846,11.119,0.045,false,20.442,SEVERE,9,0,sequential_yolo_pose,SM-S906U1,GPU
2026-04-23 00:05:16.572,110.313,32.320,52.957,0.659,1.898,6.230,10.772,0.043,false,20.410,SEVERE,9,0,sequential_yolo_pose,SM-S906U1,GPU
2026-04-23 00:05:16.677,101.833,23.746,54.378,0.842,1.799,6.018,11.934,0.052,false,14.449,SEVERE,9,0,sequential_yolo_pose,SM-S906U1,GPU
2026-04-23 00:05:16.786,105.247,27.211,52.788,0.708,2.644,6.596,11.171,0.035,false,21.629,SEVERE,9,0,sequential_yolo_pose,SM-S906U1,GPU
2026-04-23 00:05:16.909,111.512,32.076,53.035,0.654,1.597,7.030,12.693,0.051,false,38.544,SEVERE,9,0,sequential_yolo_pose,SM-S906U1,GPU
2026-04-23 00:05:17.021,107.714,29.823,53.749,0.609,1.620,5.896,11.008,0.062,false,29.817,SEVERE,9,0,sequential_yolo_pose,SM-S906U1,GPU
2026-04-23 00:05:17.147,112.937,35.944,52.321,0.731,1.900,7.126,10.102,0.044,false,21.950,SEVERE,9,0,sequential_yolo_pose,SM-S906U1,GPU
2026-04-23 00:05:17.261,109.958,28.497,55.081,0.703,1.546,9.161,10.668,0.054,false,38.958,SEVERE,9,0,sequential_yolo_pose,SM-S906U1,GPU
2026-04-23 00:05:17.381,115.605,37.296,54.564,0.674,2.149,5.721,10.228,0.072,false,29.762,SEVERE,9,0,sequential_yolo_pose,SM-S906U1,GPU
2026-04-23 00:05:17.497,112.071,31.922,56.606,0.686,2.158,5.480,10.975,0.046,false,20.321,SEVERE,9,0,sequential_yolo_pose,SM-S906U1,GPU
2026-04-23 00:05:17.610,108.214,27.507,56.981,0.599,1.590,6.767,10.766,0.044,false,20.410,SEVERE,9,0,sequential_yolo_pose,SM-S906U1,GPU
2026-04-23 00:05:17.716,101.670,26.043,54.151,0.545,1.687,5.657,9.388,0.050,false,20.371,SEVERE,9,0,sequential_yolo_pose,SM-S906U1,GPU
2026-04-23 00:05:17.830,109.131,33.260,53.573,0.525,1.600,5.398,9.794,0.044,false,20.348,SEVERE,9,0,sequential_yolo_pose,SM-S906U1,GPU
2026-04-23 00:05:17.947,112.185,23.830,64.064,0.792,1.562,8.735,10.012,0.050,false,20.403,SEVERE,9,0,sequential_yolo_pose,SM-S906U1,GPU
2026-04-23 00:05:18.063,111.698,31.929,54.621,0.608,1.958,7.243,10.765,0.057,false,20.348,SEVERE,8,0,sequential_yolo_pose,SM-S906U1,GPU
2026-04-23 00:05:18.183,112.963,32.128,59.088,0.578,1.617,5.721,9.460,0.049,false,15.657,SEVERE,8,0,sequential_yolo_pose,SM-S906U1,GPU
2026-04-23 00:05:18.298,111.313,32.097,52.903,0.704,1.631,6.412,13.250,0.048,false,21.520,SEVERE,8,0,sequential_yolo_pose,SM-S906U1,GPU
2026-04-23 00:05:18.418,115.074,24.770,56.780,0.654,2.972,11.876,14.881,0.032,false,38.528,SEVERE,8,0,sequential_yolo_pose,SM-S906U1,GPU
2026-04-23 00:05:18.559,117.450,33.114,53.011,0.527,1.402,5.426,10.296,0.048,false,20.379,SEVERE,8,0,sequential_yolo_pose,SM-S906U1,GPU
2026-04-23 00:05:18.680,114.690,32.488,52.158,0.502,1.438,9.861,12.174,0.045,false,14.512,SEVERE,8,0,sequential_yolo_pose,SM-S906U1,GPU
2026-04-23 00:05:18.769,85.713,25.094,56.380,0.338,0.000,0.000,0.000,0.000,true,18.297,SEVERE,8,0,sequential_yolo_pose,SM-S906U1,GPU
2026-04-23 00:05:18.863,89.797,30.295,53.902,0.573,0.000,0.000,0.000,0.000,true,31.879,SEVERE,8,0,sequential_yolo_pose,SM-S906U1,GPU
2026-04-23 00:05:18.990,121.215,54.873,58.658,0.388,0.000,0.000,0.000,0.000,true,13.535,SEVERE,8,0,sequential_yolo_pose,SM-S906U1,GPU
2026-04-23 00:05:19.078,83.683,25.374,54.884,0.417,0.000,0.000,0.000,0.000,true,17.043,SEVERE,9,0,sequential_yolo_pose,SM-S906U1,GPU
2026-04-23 00:05:19.172,88.209,31.890,51.516,0.684,0.000,0.000,0.000,0.000,true,30.750,SEVERE,9,0,sequential_yolo_pose,SM-S906U1,GPU
2026-04-23 00:05:19.281,104.681,25.784,54.252,0.521,1.769,9.308,9.978,0.050,false,17.246,SEVERE,9,0,sequential_yolo_pose,SM-S906U1,GPU
2026-04-23 00:05:19.399,113.605,32.421,56.724,0.720,1.883,6.079,11.150,0.053,false,20.352,SEVERE,9,0,sequential_yolo_pose,SM-S906U1,GPU
2026-04-23 00:05:19.512,106.587,29.498,55.598,0.396,1.090,4.319,11.538,0.049,false,20.379,SEVERE,9,0,sequential_yolo_pose,SM-S906U1,GPU
2026-04-23 00:05:19.628,111.629,32.721,54.008,0.577,1.713,5.933,10.622,0.044,false,20.348,SEVERE,9,0,sequential_yolo_pose,SM-S906U1,GPU
2026-04-23 00:05:19.739,102.934,24.032,56.389,0.565,1.652,6.125,11.019,0.032,false,20.379,SEVERE,9,0,sequential_yolo_pose,SM-S906U1,GPU
2026-04-23 00:05:19.854,111.135,31.038,55.298,0.497,1.643,5.980,12.231,0.040,false,20.317,SEVERE,9,0,sequential_yolo_pose,SM-S906U1,GPU
2026-04-23 00:05:19.967,108.726,28.003,55.155,0.611,1.647,7.898,11.173,0.030,false,20.379,SEVERE,9,0,sequential_yolo_pose,SM-S906U1,GPU
2026-04-23 00:05:20.080,106.339,30.552,55.193,0.370,1.019,4.536,11.446,0.041,false,14.512,SEVERE,9,0,sequential_yolo_pose,SM-S906U1,GPU
2026-04-23 00:05:20.203,119.059,40.813,53.307,0.526,1.353,5.788,13.176,0.045,false,21.524,SEVERE,9,0,sequential_yolo_pose,SM-S906U1,GPU
2026-04-23 00:05:20.310,103.455,27.098,52.535,0.603,1.628,7.519,10.102,0.047,false,38.469,SEVERE,9,0,sequential_yolo_pose,SM-S906U1,GPU
2026-04-23 00:05:20.428,107.914,23.513,56.430,0.566,1.469,5.899,11.754,0.033,false,29.825,SEVERE,9,0,sequential_yolo_pose,SM-S906U1,GPU
2026-04-23 00:05:20.540,107.405,25.049,54.235,0.554,1.789,5.855,16.552,0.031,false,20.352,SEVERE,9,0,sequential_yolo_pose,SM-S906U1,GPU
2026-04-23 00:05:20.650,106.782,31.904,53.576,0.421,1.064,4.326,9.936,0.058,false,20.254,SEVERE,9,0,sequential_yolo_pose,SM-S906U1,GPU
2026-04-23 00:05:20.763,110.033,29.460,54.736,0.610,1.688,5.859,13.293,0.048,false,20.379,SEVERE,9,0,sequential_yolo_pose,SM-S906U1,GPU
2026-04-23 00:05:20.882,110.755,31.151,53.356,0.679,1.532,8.552,11.240,0.046,false,20.379,SEVERE,9,0,sequential_yolo_pose,SM-S906U1,GPU
2026-04-23 00:05:20.978,92.705,33.274,54.879,0.277,0.000,0.000,0.000,0.000,true,16.953,SEVERE,9,0,sequential_yolo_pose,SM-S906U1,GPU
2026-04-23 00:05:21.080,98.172,32.789,60.381,0.293,0.000,0.000,0.000,0.000,true,30.723,SEVERE,9,0,sequential_yolo_pose,SM-S906U1,GPU
2026-04-23 00:05:21.169,84.422,25.538,53.554,1.084,0.000,0.000,0.000,0.000,true,18.672,SEVERE,9,0,sequential_yolo_pose,SM-S906U1,GPU
2026-04-23 00:05:21.261,87.693,30.048,53.144,0.322,0.000,0.000,0.000,0.000,true,32.223,SEVERE,9,0,sequential_yolo_pose,SM-S906U1,GPU
2026-04-23 00:05:21.360,94.643,32.708,56.088,0.295,0.000,0.000,0.000,0.000,true,18.203,SEVERE,9,0,sequential_yolo_pose,SM-S906U1,GPU
2026-04-23 00:05:21.455,91.445,31.239,55.206,0.333,0.000,0.000,0.000,0.000,true,31.754,SEVERE,9,0,sequential_yolo_pose,SM-S906U1,GPU
2026-04-23 00:05:21.577,115.669,33.994,54.292,0.542,1.857,7.756,11.807,0.051,false,16.883,SEVERE,9,0,sequential_yolo_pose,SM-S906U1,GPU
2026-04-23 00:05:21.688,106.941,27.913,55.907,0.589,1.697,5.883,10.812,0.044,false,20.317,SEVERE,9,0,sequential_yolo_pose,SM-S906U1,GPU
2026-04-23 00:05:21.802,106.397,27.105,55.860,0.513,1.602,5.904,10.739,0.066,false,20.348,SEVERE,9,0,sequential_yolo_pose,SM-S906U1,GPU
2026-04-23 00:05:21.922,112.415,32.977,55.627,0.522,1.797,5.876,11.419,0.045,false,20.317,SEVERE,9,0,sequential_yolo_pose,SM-S906U1,GPU
2026-04-23 00:05:22.038,112.769,33.745,53.206,0.621,1.770,6.783,12.173,0.041,false,20.442,SEVERE,9,0,sequential_yolo_pose,SM-S906U1,GPU
2026-04-23 00:05:22.149,106.543,29.092,53.309,0.574,1.846,6.663,10.760,0.044,false,20.477,SEVERE,10,0,sequential_yolo_pose,SM-S906U1,GPU
2026-04-23 00:05:22.259,107.030,30.384,53.830,0.562,1.721,5.930,10.142,0.053,false,20.317,SEVERE,10,0,sequential_yolo_pose,SM-S906U1,GPU
2026-04-23 00:05:22.370,104.779,23.632,56.128,0.643,1.849,6.636,9.998,0.055,false,20.379,SEVERE,10,0,sequential_yolo_pose,SM-S906U1,GPU
2026-04-23 00:05:22.481,107.562,25.242,56.046,0.581,1.633,6.206,13.595,0.048,false,20.434,SEVERE,10,0,sequential_yolo_pose,SM-S906U1,GPU
2026-04-23 00:05:22.597,111.921,33.456,53.422,0.607,1.926,5.981,11.731,0.058,false,20.379,SEVERE,10,0,sequential_yolo_pose,SM-S906U1,GPU
2026-04-23 00:05:22.705,103.082,23.871,55.394,0.696,1.577,7.226,11.115,0.067,false,20.410,SEVERE,10,0,sequential_yolo_pose,SM-S906U1,GPU
2026-04-23 00:05:22.814,105.604,28.776,53.518,0.617,1.676,5.858,11.011,0.060,false,20.379,SEVERE,10,0,sequential_yolo_pose,SM-S906U1,GPU
2026-04-23 00:05:22.922,104.335,26.386,54.156,0.586,2.096,6.142,10.729,0.046,false,20.285,SEVERE,10,0,sequential_yolo_pose,SM-S906U1,GPU
2026-04-23 00:05:23.046,118.304,36.808,55.451,0.556,3.471,6.321,11.363,0.041,false,20.410,SEVERE,10,0,sequential_yolo_pose,SM-S906U1,GPU
2026-04-23 00:05:23.156,106.767,29.704,53.404,0.627,1.663,5.996,10.787,0.057,false,20.383,SEVERE,9,0,sequential_yolo_pose,SM-S906U1,GPU
2026-04-23 00:05:23.264,103.458,24.901,54.555,0.590,1.951,6.006,12.054,0.044,false,20.438,SEVERE,9,0,sequential_yolo_pose,SM-S906U1,GPU
2026-04-23 00:05:23.377,107.066,30.144,54.003,0.562,1.683,6.126,9.368,0.044,false,20.348,SEVERE,9,0,sequential_yolo_pose,SM-S906U1,GPU
2026-04-23 00:05:23.490,109.738,31.801,53.504,0.623,1.739,7.120,10.686,0.054,false,20.442,SEVERE,9,0,sequential_yolo_pose,SM-S906U1,GPU
2026-04-23 00:05:23.598,102.039,23.401,57.338,0.738,1.505,5.848,10.067,0.047,false,20.379,SEVERE,9,0,sequential_yolo_pose,SM-S906U1,GPU
2026-04-23 00:05:23.695,91.060,32.401,54.359,0.433,0.000,0.000,0.000,0.000,true,16.985,SEVERE,9,0,sequential_yolo_pose,SM-S906U1,GPU
2026-04-23 00:05:23.816,115.095,30.194,57.262,0.594,3.263,7.593,11.663,0.048,false,33.961,SEVERE,9,0,sequential_yolo_pose,SM-S906U1,GPU
2026-04-23 00:05:23.929,107.996,28.498,55.244,1.498,1.762,5.783,10.672,0.033,false,28.766,SEVERE,9,0,sequential_yolo_pose,SM-S906U1,GPU
2026-04-23 00:05:24.042,106.975,30.822,53.065,0.468,1.722,5.891,10.966,0.047,false,20.367,SEVERE,9,0,sequential_yolo_pose,SM-S906U1,GPU
2026-04-23 00:05:24.159,112.785,30.246,58.907,0.740,1.562,5.664,11.402,0.046,false,20.403,SEVERE,9,0,sequential_yolo_pose,SM-S906U1,GPU
2026-04-23 00:05:24.278,113.641,32.028,57.351,0.625,1.586,8.420,9.371,0.075,false,20.317,SEVERE,9,0,sequential_yolo_pose,SM-S906U1,GPU
2026-04-23 00:05:24.390,108.463,30.205,54.853,0.518,1.830,5.602,11.147,0.047,false,20.410,SEVERE,9,0,sequential_yolo_pose,SM-S906U1,GPU
2026-04-23 00:05:24.507,100.947,23.660,53.091,0.470,1.714,6.683,11.722,0.034,false,20.410,SEVERE,9,0,sequential_yolo_pose,SM-S906U1,GPU
2026-04-23 00:05:24.617,104.201,23.826,56.908,0.605,1.865,6.806,11.141,0.051,false,20.379,SEVERE,9,0,sequential_yolo_pose,SM-S906U1,GPU
2026-04-23 00:05:24.729,107.651,28.549,54.196,0.589,1.412,5.952,11.082,0.052,false,20.317,SEVERE,9,0,sequential_yolo_pose,SM-S906U1,GPU
2026-04-23 00:05:24.850,113.661,33.938,52.929,0.663,2.377,8.133,11.092,0.050,false,20.379,SEVERE,9,0,sequential_yolo_pose,SM-S906U1,GPU
2026-04-23 00:05:24.963,109.203,31.355,52.649,0.531,1.415,5.374,13.256,0.047,false,20.317,SEVERE,9,0,sequential_yolo_pose,SM-S906U1,GPU
2026-04-23 00:05:25.079,111.453,30.511,55.877,0.718,3.296,6.650,10.007,0.038,false,20.348,SEVERE,9,0,sequential_yolo_pose,SM-S906U1,GPU
2026-04-23 00:05:25.169,87.428,30.309,52.909,0.349,0.000,0.000,0.000,0.000,true,17.016,SEVERE,9,0,sequential_yolo_pose,SM-S906U1,GPU
2026-04-23 00:05:25.265,91.174,30.132,56.657,0.333,0.000,0.000,0.000,0.000,true,30.629,SEVERE,9,0,sequential_yolo_pose,SM-S906U1,GPU
2026-04-23 00:05:25.362,91.775,33.321,53.677,0.302,0.000,0.000,0.000,0.000,true,13.910,SEVERE,9,0,sequential_yolo_pose,SM-S906U1,GPU
2026-04-23 00:05:25.479,108.800,28.747,54.773,0.562,1.569,9.409,9.558,0.048,false,14.504,SEVERE,9,0,sequential_yolo_pose,SM-S906U1,GPU
2026-04-23 00:05:25.588,105.783,29.760,52.184,0.775,2.357,5.867,10.787,0.044,false,21.649,SEVERE,9,0,sequential_yolo_pose,SM-S906U1,GPU
2026-04-23 00:05:25.710,113.066,33.313,51.736,0.607,1.684,10.253,10.671,0.026,false,38.532,SEVERE,9,0,sequential_yolo_pose,SM-S906U1,GPU
2026-04-23 00:05:25.834,120.959,42.319,56.486,0.536,1.688,5.776,10.762,0.046,false,29.704,SEVERE,9,0,sequential_yolo_pose,SM-S906U1,GPU
2026-04-23 00:05:25.951,111.493,33.512,53.015,0.669,3.252,6.047,10.742,0.030,false,20.348,SEVERE,9,0,sequential_yolo_pose,SM-S906U1,GPU
2026-04-23 00:05:26.055,100.443,24.365,53.683,0.596,1.691,5.892,10.972,0.056,false,20.379,SEVERE,9,0,sequential_yolo_pose,SM-S906U1,GPU
2026-04-23 00:05:26.172,113.270,31.345,55.663,0.504,1.496,6.252,11.394,0.026,false,20.528,SEVERE,9,0,sequential_yolo_pose,SM-S906U1,GPU
2026-04-23 00:05:26.275,100.749,24.454,54.143,0.529,2.301,6.102,9.977,0.051,false,20.410,SEVERE,9,0,sequential_yolo_pose,SM-S906U1,GPU
2026-04-23 00:05:26.395,111.684,35.085,53.849,0.507,1.512,5.497,10.170,0.063,false,20.285,SEVERE,9,0,sequential_yolo_pose,SM-S906U1,GPU
2026-04-23 00:05:26.507,107.168,26.169,55.213,0.683,1.567,6.310,13.100,0.031,false,20.379,SEVERE,9,0,sequential_yolo_pose,SM-S906U1,GPU
2026-04-23 00:05:26.592,82.888,24.448,55.263,0.336,0.000,0.000,0.000,0.000,true,17.016,SEVERE,9,0,sequential_yolo_pose,SM-S906U1,GPU
2026-04-23 00:05:26.712,113.984,32.792,54.084,0.768,1.518,7.968,10.399,0.048,false,33.993,SEVERE,9,0,sequential_yolo_pose,SM-S906U1,GPU
2026-04-23 00:05:26.825,105.653,25.720,53.630,0.767,1.655,6.008,10.051,0.042,false,28.926,SEVERE,9,0,sequential_yolo_pose,SM-S906U1,GPU
2026-04-23 00:05:26.939,109.035,28.911,55.599,0.595,1.854,6.141,10.703,0.043,false,20.352,SEVERE,9,0,sequential_yolo_pose,SM-S906U1,GPU
2026-04-23 00:05:27.046,103.107,31.274,51.774,0.443,1.031,4.325,10.049,0.067,false,20.285,SEVERE,9,0,sequential_yolo_pose,SM-S906U1,GPU
2026-04-23 00:05:27.159,109.239,32.339,54.922,0.516,1.453,5.299,10.490,0.043,false,20.504,SEVERE,9,0,sequential_yolo_pose,SM-S906U1,GPU
2026-04-23 00:05:27.267,101.489,23.822,56.980,0.562,1.536,5.903,9.565,0.052,false,20.317,SEVERE,9,0,sequential_yolo_pose,SM-S906U1,GPU
2026-04-23 00:05:27.380,108.712,29.451,52.757,0.553,2.032,8.906,10.405,0.049,false,20.379,SEVERE,9,0,sequential_yolo_pose,SM-S906U1,GPU
2026-04-23 00:05:27.492,108.642,32.505,51.540,0.641,1.561,6.146,11.952,0.051,false,20.348,SEVERE,9,0,sequential_yolo_pose,SM-S906U1,GPU
2026-04-23 00:05:27.619,115.656,32.241,54.549,0.522,1.764,11.944,10.189,0.032,false,20.379,SEVERE,9,0,sequential_yolo_pose,SM-S906U1,GPU
2026-04-23 00:05:27.730,107.834,27.878,54.990,0.529,1.785,5.960,10.963,0.059,false,20.410,SEVERE,9,0,sequential_yolo_pose,SM-S906U1,GPU
2026-04-23 00:05:27.843,103.546,24.043,56.321,0.477,1.597,6.241,11.802,0.034,false,20.410,SEVERE,9,0,sequential_yolo_pose,SM-S906U1,GPU
2026-04-23 00:05:27.953,106.185,29.689,51.514,0.618,4.277,5.859,9.657,0.050,false,20.317,SEVERE,9,0,sequential_yolo_pose,SM-S906U1,GPU
2026-04-23 00:05:28.066,109.156,33.466,54.466,0.572,1.490,5.381,9.476,0.055,false,20.317,SEVERE,9,0,sequential_yolo_pose,SM-S906U1,GPU
2026-04-23 00:05:28.175,104.630,28.438,52.561,0.795,1.790,6.165,10.546,0.047,false,20.504,SEVERE,9,0,sequential_yolo_pose,SM-S906U1,GPU
2026-04-23 00:05:28.290,111.991,32.084,53.538,0.762,1.643,6.957,12.793,0.049,false,20.348,SEVERE,9,0,sequential_yolo_pose,SM-S906U1,GPU
2026-04-23 00:05:28.402,107.521,25.099,57.665,0.630,2.323,6.180,11.149,0.053,false,20.379,SEVERE,9,0,sequential_yolo_pose,SM-S906U1,GPU
2026-04-23 00:05:28.515,108.444,29.110,53.668,0.647,1.852,7.061,11.651,0.045,false,20.348,SEVERE,9,0,sequential_yolo_pose,SM-S906U1,GPU
2026-04-23 00:05:28.626,105.488,26.069,55.222,0.862,1.609,6.049,11.437,0.046,false,20.379,SEVERE,9,0,sequential_yolo_pose,SM-S906U1,GPU
2026-04-23 00:05:28.743,110.254,27.700,55.280,0.631,1.919,7.014,11.464,0.051,false,20.348,SEVERE,9,0,sequential_yolo_pose,SM-S906U1,GPU
2026-04-23 00:05:28.847,99.703,24.906,52.445,0.758,1.644,6.746,10.035,0.034,false,20.379,SEVERE,9,0,sequential_yolo_pose,SM-S906U1,GPU
2026-04-23 00:05:28.962,108.930,31.363,55.352,0.585,1.493,5.170,10.179,0.048,false,20.379,SEVERE,9,0,sequential_yolo_pose,SM-S906U1,GPU
2026-04-23 00:05:29.074,106.262,28.479,54.591,0.687,1.548,5.814,9.674,0.034,false,20.379,SEVERE,9,0,sequential_yolo_pose,SM-S906U1,GPU
2026-04-23 00:05:29.188,109.940,30.602,53.137,0.748,2.104,6.412,12.306,0.032,false,20.461,SEVERE,9,0,sequential_yolo_pose,SM-S906U1,GPU
2026-04-23 00:05:29.317,121.960,27.304,57.014,0.657,1.758,7.485,23.561,0.022,false,20.473,SEVERE,9,0,sequential_yolo_pose,SM-S906U1,GPU
2026-04-23 00:05:29.437,109.493,33.083,52.804,0.647,1.939,6.021,10.730,0.058,false,20.317,SEVERE,9,0,sequential_yolo_pose,SM-S906U1,GPU
2026-04-23 00:05:29.556,115.101,33.789,56.442,0.928,3.231,6.050,10.311,0.043,false,20.317,SEVERE,9,0,sequential_yolo_pose,SM-S906U1,GPU
2026-04-23 00:05:29.670,105.125,24.180,55.217,0.617,1.679,6.821,13.455,0.045,false,20.410,SEVERE,9,0,sequential_yolo_pose,SM-S906U1,GPU
2026-04-23 00:05:29.780,104.926,28.631,53.344,0.608,1.785,5.937,10.590,0.043,false,20.379,SEVERE,9,0,sequential_yolo_pose,SM-S906U1,GPU
2026-04-23 00:05:29.892,108.209,30.382,54.627,0.618,1.821,5.959,10.478,0.041,false,20.348,SEVERE,9,0,sequential_yolo_pose,SM-S906U1,GPU
2026-04-23 00:05:30.005,105.599,24.046,60.457,0.620,1.724,5.836,9.662,0.054,false,20.317,SEVERE,9,0,sequential_yolo_pose,SM-S906U1,GPU
2026-04-23 00:05:30.120,110.116,28.978,54.365,0.723,4.161,7.214,10.250,0.036,false,20.379,SEVERE,9,0,sequential_yolo_pose,SM-S906U1,GPU
2026-04-23 00:05:30.243,119.055,27.449,58.393,0.748,1.866,6.096,17.686,0.025,false,20.442,SEVERE,9,0,sequential_yolo_pose,SM-S906U1,GPU
2026-04-23 00:05:30.344,97.337,26.020,52.783,0.496,1.060,4.272,9.247,0.050,false,20.348,SEVERE,9,0,sequential_yolo_pose,SM-S906U1,GPU
2026-04-23 00:05:30.456,108.898,31.550,54.490,0.728,1.740,6.021,10.088,0.034,false,20.285,SEVERE,9,0,sequential_yolo_pose,SM-S906U1,GPU
2026-04-23 00:05:30.575,112.030,34.128,54.786,0.721,1.737,5.954,9.824,0.045,false,20.317,SEVERE,9,0,sequential_yolo_pose,SM-S906U1,GPU
2026-04-23 00:05:30.699,119.754,35.511,55.929,0.677,1.630,5.290,16.434,0.037,false,20.410,SEVERE,9,0,sequential_yolo_pose,SM-S906U1,GPU
2026-04-23 00:05:30.813,109.871,30.693,55.119,0.735,1.727,6.026,11.245,0.036,false,20.348,SEVERE,9,0,sequential_yolo_pose,SM-S906U1,GPU
2026-04-23 00:05:30.930,112.756,35.355,52.678,0.742,1.599,6.018,11.739,0.040,false,20.348,SEVERE,9,0,sequential_yolo_pose,SM-S906U1,GPU
2026-04-23 00:05:31.047,108.580,29.325,54.952,0.641,1.508,6.451,11.254,0.047,false,20.379,SEVERE,9,0,sequential_yolo_pose,SM-S906U1,GPU
2026-04-23 00:05:31.167,115.435,33.177,53.728,0.830,1.892,6.573,14.752,0.050,false,20.379,SEVERE,8,0,sequential_yolo_pose,SM-S906U1,GPU
2026-04-23 00:05:31.283,109.287,31.400,53.064,0.699,1.930,6.606,11.116,0.048,false,20.379,SEVERE,8,0,sequential_yolo_pose,SM-S906U1,GPU
2026-04-23 00:05:31.392,104.571,28.867,52.066,0.792,1.808,6.400,10.331,0.037,false,20.317,SEVERE,8,0,sequential_yolo_pose,SM-S906U1,GPU
2026-04-23 00:05:31.513,112.829,32.363,54.566,0.698,1.843,7.829,10.019,0.036,false,20.348,SEVERE,8,0,sequential_yolo_pose,SM-S906U1,GPU
2026-04-23 00:05:31.620,103.337,24.700,54.425,1.011,1.855,7.116,10.888,0.034,false,20.410,SEVERE,8,0,sequential_yolo_pose,SM-S906U1,GPU
2026-04-23 00:05:31.741,116.728,34.829,54.600,0.812,1.853,8.559,9.983,0.029,false,20.379,SEVERE,8,0,sequential_yolo_pose,SM-S906U1,GPU
2026-04-23 00:05:31.849,103.613,24.393,53.850,0.740,3.505,6.919,10.890,0.034,false,20.473,SEVERE,8,0,sequential_yolo_pose,SM-S906U1,GPU
2026-04-23 00:05:31.975,121.925,31.251,62.754,0.703,2.581,10.214,10.087,0.057,false,14.575,SEVERE,8,0,sequential_yolo_pose,SM-S906U1,GPU
2026-04-23 00:05:32.102,123.395,38.682,51.925,0.808,4.117,6.360,16.942,0.034,false,21.649,SEVERE,8,0,sequential_yolo_pose,SM-S906U1,GPU
2026-04-23 00:05:32.225,114.327,32.694,53.402,1.011,3.573,6.299,11.581,0.023,false,38.719,SEVERE,9,0,sequential_yolo_pose,SM-S906U1,GPU
2026-04-23 00:05:32.352,110.651,31.118,53.334,0.736,1.800,7.716,10.863,0.046,false,20.375,SEVERE,9,0,sequential_yolo_pose,SM-S906U1,GPU
2026-04-23 00:05:32.463,105.346,23.960,54.178,0.784,2.709,6.022,11.516,0.024,false,20.317,SEVERE,9,0,sequential_yolo_pose,SM-S906U1,GPU
2026-04-23 00:05:32.574,107.369,25.586,56.892,0.791,2.362,8.112,10.129,0.020,false,20.500,SEVERE,9,0,sequential_yolo_pose,SM-S906U1,GPU
2026-04-23 00:05:32.681,102.526,25.123,55.310,0.792,2.498,6.177,9.501,0.033,false,20.317,SEVERE,9,0,sequential_yolo_pose,SM-S906U1,GPU
2026-04-23 00:05:32.790,105.809,30.936,53.517,0.694,1.653,5.730,9.359,0.042,false,20.379,SEVERE,9,0,sequential_yolo_pose,SM-S906U1,GPU
2026-04-23 00:05:32.906,110.422,27.525,52.875,0.713,2.163,5.662,17.000,0.035,false,20.379,SEVERE,9,0,sequential_yolo_pose,SM-S906U1,GPU
2026-04-23 00:05:33.019,109.846,28.649,54.640,0.731,2.554,7.827,11.161,0.030,false,20.379,SEVERE,9,0,sequential_yolo_pose,SM-S906U1,GPU
2026-04-23 00:05:33.139,114.038,33.142,54.104,0.904,1.743,6.134,13.130,0.049,false,20.379,SEVERE,9,0,sequential_yolo_pose,SM-S906U1,GPU
2026-04-23 00:05:33.248,105.411,29.072,52.745,1.203,2.312,5.945,9.728,0.089,false,20.285,SEVERE,9,0,sequential_yolo_pose,SM-S906U1,GPU
2026-04-23 00:05:33.373,119.819,37.828,58.883,0.781,2.146,5.897,9.412,0.028,false,20.379,SEVERE,9,0,sequential_yolo_pose,SM-S906U1,GPU
2026-04-23 00:05:33.477,100.806,22.868,54.791,0.784,1.537,8.590,9.197,0.043,false,20.379,SEVERE,9,0,sequential_yolo_pose,SM-S906U1,GPU
2026-04-23 00:05:33.591,110.144,30.741,55.163,0.788,1.653,5.373,12.193,0.043,false,20.379,SEVERE,9,0,sequential_yolo_pose,SM-S906U1,GPU
2026-04-23 00:05:33.707,108.244,30.962,52.222,0.780,1.810,5.959,10.987,0.027,false,20.379,SEVERE,9,0,sequential_yolo_pose,SM-S906U1,GPU
2026-04-23 00:05:33.812,101.740,23.745,54.200,0.832,1.698,8.023,10.072,0.042,false,20.379,SEVERE,9,0,sequential_yolo_pose,SM-S906U1,GPU
2026-04-23 00:05:33.921,105.189,30.949,51.049,0.881,1.851,5.984,10.053,0.045,false,20.348,SEVERE,9,0,sequential_yolo_pose,SM-S906U1,GPU
2026-04-23 00:05:34.040,115.613,28.913,56.599,0.765,1.789,6.523,14.568,0.052,false,20.379,SEVERE,9,0,sequential_yolo_pose,SM-S906U1,GPU
2026-04-23 00:05:34.152,106.986,27.570,53.093,0.983,1.873,5.908,11.253,0.044,false,20.348,SEVERE,9,0,sequential_yolo_pose,SM-S906U1,GPU
2026-04-23 00:05:34.271,113.850,33.790,53.626,1.107,2.057,6.148,11.326,0.050,false,20.379,SEVERE,9,0,sequential_yolo_pose,SM-S906U1,GPU
2026-04-23 00:05:34.389,114.632,34.512,56.106,0.733,1.815,5.819,10.922,0.033,false,20.348,SEVERE,9,0,sequential_yolo_pose,SM-S906U1,GPU
2026-04-23 00:05:34.511,117.274,27.856,53.022,0.690,1.860,8.113,14.862,0.021,false,20.348,SEVERE,9,0,sequential_yolo_pose,SM-S906U1,GPU
2026-04-23 00:05:34.618,102.993,24.125,56.321,0.803,1.662,6.723,9.931,0.052,false,20.317,SEVERE,9,0,sequential_yolo_pose,SM-S906U1,GPU
2026-04-23 00:05:34.731,108.488,27.573,54.922,0.876,1.561,6.000,10.883,0.052,false,20.442,SEVERE,9,0,sequential_yolo_pose,SM-S906U1,GPU
2026-04-23 00:05:34.840,104.789,30.568,49.476,0.745,1.723,5.662,11.402,0.051,false,20.379,SEVERE,9,0,sequential_yolo_pose,SM-S906U1,GPU
2026-04-23 00:05:34.951,108.009,28.139,55.850,0.792,1.805,6.511,10.421,0.035,false,20.317,SEVERE,9,0,sequential_yolo_pose,SM-S906U1,GPU
2026-04-23 00:05:35.068,112.417,30.018,55.463,0.721,1.810,5.837,14.002,0.025,false,20.442,SEVERE,9,0,sequential_yolo_pose,SM-S906U1,GPU
2026-04-23 00:05:35.174,102.826,23.242,54.208,0.873,1.715,6.059,13.503,0.054,false,20.403,SEVERE,8,0,sequential_yolo_pose,SM-S906U1,GPU
2026-04-23 00:05:35.285,106.342,28.784,54.367,0.799,1.754,6.638,9.489,0.060,false,20.383,SEVERE,8,0,sequential_yolo_pose,SM-S906U1,GPU
2026-04-23 00:05:35.407,114.741,37.931,51.969,0.748,2.925,6.107,10.651,0.038,false,20.379,SEVERE,8,0,sequential_yolo_pose,SM-S906U1,GPU
2026-04-23 00:05:35.522,110.345,35.995,52.336,0.690,1.694,5.957,9.387,0.045,false,20.348,SEVERE,8,0,sequential_yolo_pose,SM-S906U1,GPU
2026-04-23 00:05:35.644,118.717,31.801,57.880,0.822,1.875,8.519,11.899,0.046,false,20.379,SEVERE,8,0,sequential_yolo_pose,SM-S906U1,GPU
2026-04-23 00:05:35.763,113.776,35.183,53.757,0.773,2.348,5.969,11.301,0.049,false,20.410,SEVERE,8,0,sequential_yolo_pose,SM-S906U1,GPU
2026-04-23 00:05:35.871,102.020,23.861,55.222,0.771,1.968,6.003,10.766,0.038,false,20.317,SEVERE,8,0,sequential_yolo_pose,SM-S906U1,GPU
2026-04-23 00:05:35.987,112.361,33.603,55.555,0.809,2.664,5.839,9.519,0.032,false,20.317,SEVERE,8,0,sequential_yolo_pose,SM-S906U1,GPU
2026-04-23 00:05:36.105,113.230,33.284,56.348,0.757,1.789,7.033,9.736,0.045,false,20.348,SEVERE,8,0,sequential_yolo_pose,SM-S906U1,GPU
2026-04-23 00:05:36.217,108.015,27.113,56.042,0.640,1.794,6.614,11.208,0.031,false,20.621,SEVERE,9,0,sequential_yolo_pose,SM-S906U1,GPU
2026-04-23 00:05:36.325,103.554,26.748,53.147,0.645,1.873,5.925,10.514,0.048,false,20.317,SEVERE,9,0,sequential_yolo_pose,SM-S906U1,GPU
2026-04-23 00:05:36.442,112.619,30.118,57.572,0.736,2.112,6.006,11.064,0.031,false,20.317,SEVERE,9,0,sequential_yolo_pose,SM-S906U1,GPU
2026-04-23 00:05:36.555,109.723,29.505,55.715,0.739,3.556,5.923,9.848,0.044,false,20.317,SEVERE,9,0,sequential_yolo_pose,SM-S906U1,GPU
2026-04-23 00:05:36.670,108.336,29.687,56.012,0.739,1.764,5.970,9.567,0.051,false,20.317,SEVERE,9,0,sequential_yolo_pose,SM-S906U1,GPU
2026-04-23 00:05:36.790,112.235,34.035,55.001,0.736,1.868,5.769,10.396,0.038,false,20.317,SEVERE,9,0,sequential_yolo_pose,SM-S906U1,GPU
2026-04-23 00:05:36.910,114.984,29.221,55.897,0.708,1.611,10.765,12.110,0.043,false,20.442,SEVERE,9,0,sequential_yolo_pose,SM-S906U1,GPU
2026-04-23 00:05:37.020,107.211,30.698,52.340,0.778,1.925,6.225,10.565,0.049,false,20.410,SEVERE,9,0,sequential_yolo_pose,SM-S906U1,GPU
2026-04-23 00:05:37.131,102.354,25.299,53.532,0.817,1.830,5.944,11.579,0.045,false,20.379,SEVERE,9,0,sequential_yolo_pose,SM-S906U1,GPU
2026-04-23 00:05:37.248,111.158,31.431,52.694,0.741,3.367,7.388,10.861,0.025,false,20.477,SEVERE,9,0,sequential_yolo_pose,SM-S906U1,GPU
2026-04-23 00:05:37.359,104.584,23.522,54.625,1.007,1.889,6.855,13.343,0.020,false,20.414,SEVERE,9,0,sequential_yolo_pose,SM-S906U1,GPU
2026-04-23 00:05:37.466,103.075,23.873,55.915,0.721,1.733,6.160,11.511,0.032,false,20.379,SEVERE,9,0,sequential_yolo_pose,SM-S906U1,GPU
2026-04-23 00:05:37.573,103.264,24.956,56.315,0.882,1.866,6.021,9.940,0.063,false,20.317,SEVERE,9,0,sequential_yolo_pose,SM-S906U1,GPU
2026-04-23 00:05:37.685,107.902,28.729,55.786,0.739,1.864,5.740,10.899,0.034,false,20.379,SEVERE,9,0,sequential_yolo_pose,SM-S906U1,GPU
2026-04-23 00:05:37.794,103.877,23.369,55.481,0.680,1.729,5.805,10.358,0.050,false,20.285,SEVERE,9,0,sequential_yolo_pose,SM-S906U1,GPU
2026-04-23 00:05:37.911,106.062,31.111,52.288,0.625,1.028,4.085,9.434,0.043,false,20.317,SEVERE,9,0,sequential_yolo_pose,SM-S906U1,GPU
2026-04-23 00:05:38.022,106.285,30.563,53.275,0.748,1.635,5.430,10.204,0.034,false,20.348,SEVERE,9,0,sequential_yolo_pose,SM-S906U1,GPU
2026-04-23 00:05:38.138,108.695,27.245,54.092,0.767,1.421,5.921,12.958,0.032,false,20.379,SEVERE,9,0,sequential_yolo_pose,SM-S906U1,GPU
2026-04-23 00:05:38.244,102.839,23.309,55.962,0.778,1.921,6.161,11.587,0.045,false,20.449,SEVERE,9,0,sequential_yolo_pose,SM-S906U1,GPU
2026-04-23 00:05:38.356,108.152,29.216,53.688,0.739,2.425,6.071,11.831,0.036,false,20.383,SEVERE,9,0,sequential_yolo_pose,SM-S906U1,GPU
2026-04-23 00:05:38.472,107.487,30.195,53.030,0.812,1.689,6.217,10.543,0.041,false,20.379,SEVERE,9,0,sequential_yolo_pose,SM-S906U1,GPU
2026-04-23 00:05:38.582,106.573,27.756,55.589,0.690,1.696,5.493,11.073,0.036,false,20.317,SEVERE,9,0,sequential_yolo_pose,SM-S906U1,GPU
2026-04-23 00:05:38.713,125.966,40.754,56.548,0.789,1.636,9.004,13.022,0.051,false,14.543,SEVERE,9,0,sequential_yolo_pose,SM-S906U1,GPU
2026-04-23 00:05:38.822,104.997,29.061,54.593,0.439,1.121,5.367,10.046,0.033,false,21.707,SEVERE,9,0,sequential_yolo_pose,SM-S906U1,GPU
2026-04-23 00:05:38.939,112.844,29.162,56.190,0.558,0.930,6.917,14.331,0.022,false,38.621,SEVERE,9,0,sequential_yolo_pose,SM-S906U1,GPU
2026-04-23 00:05:39.066,117.448,38.169,56.145,0.712,1.479,5.998,10.942,0.026,false,20.317,SEVERE,9,0,sequential_yolo_pose,SM-S906U1,GPU
2026-04-23 00:05:39.179,108.354,24.943,53.214,0.686,1.659,6.078,18.547,0.078,false,14.574,SEVERE,8,0,sequential_yolo_pose,SM-S906U1,GPU
2026-04-23 00:05:39.288,104.763,29.847,53.923,0.473,0.944,4.027,10.380,0.035,false,21.641,SEVERE,8,0,sequential_yolo_pose,SM-S906U1,GPU
2026-04-23 00:05:39.419,126.990,28.233,58.872,0.699,1.972,19.176,12.058,0.023,false,38.555,SEVERE,8,0,sequential_yolo_pose,SM-S906U1,GPU
2026-04-23 00:05:39.550,122.848,42.686,51.901,0.859,1.750,5.541,10.738,0.031,false,29.727,SEVERE,8,0,sequential_yolo_pose,SM-S906U1,GPU
2026-04-23 00:05:39.672,117.672,35.278,57.176,0.627,1.508,5.715,14.141,0.047,false,20.383,SEVERE,8,0,sequential_yolo_pose,SM-S906U1,GPU
2026-04-23 00:05:39.778,102.512,28.962,53.695,0.468,1.063,3.686,10.014,0.040,false,20.285,SEVERE,8,0,sequential_yolo_pose,SM-S906U1,GPU
2026-04-23 00:05:39.892,109.372,34.193,55.196,0.524,1.009,3.963,9.252,0.044,false,20.317,SEVERE,8,0,sequential_yolo_pose,SM-S906U1,GPU
2026-04-23 00:05:40.003,103.693,23.401,57.383,0.810,2.506,5.606,10.431,0.021,false,20.410,SEVERE,8,0,sequential_yolo_pose,SM-S906U1,GPU
2026-04-23 00:05:40.107,100.853,23.361,54.197,0.539,2.273,4.348,12.379,0.055,false,20.407,SEVERE,8,0,sequential_yolo_pose,SM-S906U1,GPU
2026-04-23 00:05:40.225,109.446,32.327,54.107,0.705,1.900,5.289,10.487,0.033,false,20.504,SEVERE,9,0,sequential_yolo_pose,SM-S906U1,GPU
2026-04-23 00:05:40.353,117.901,32.282,52.135,0.896,3.702,10.761,13.491,0.023,false,20.442,SEVERE,9,0,sequential_yolo_pose,SM-S906U1,GPU
2026-04-23 00:05:40.482,125.516,36.572,55.912,0.695,1.704,5.969,20.624,0.059,false,20.442,SEVERE,9,0,sequential_yolo_pose,SM-S906U1,GPU
2026-04-23 00:05:40.587,100.785,24.300,55.205,0.743,1.726,5.225,10.272,0.038,false,20.399,SEVERE,9,0,sequential_yolo_pose,SM-S906U1,GPU
2026-04-23 00:05:40.693,101.665,23.768,55.211,0.796,1.878,5.826,10.861,0.050,false,20.379,SEVERE,9,0,sequential_yolo_pose,SM-S906U1,GPU
2026-04-23 00:05:40.806,105.756,27.409,54.701,0.719,1.516,5.876,10.836,0.040,false,20.348,SEVERE,9,0,sequential_yolo_pose,SM-S906U1,GPU
2026-04-23 00:05:40.921,111.095,33.045,53.783,0.696,1.748,5.710,11.246,0.037,false,20.348,SEVERE,9,0,sequential_yolo_pose,SM-S906U1,GPU
2026-04-23 00:05:41.031,105.921,28.658,53.186,0.584,1.679,5.790,11.278,0.055,false,20.379,SEVERE,9,0,sequential_yolo_pose,SM-S906U1,GPU
2026-04-23 00:05:41.150,113.120,29.201,54.640,0.744,3.317,10.807,10.180,0.024,false,20.410,SEVERE,9,0,sequential_yolo_pose,SM-S906U1,GPU
2026-04-23 00:05:41.251,97.955,23.700,53.284,0.664,1.530,5.858,9.856,0.031,false,20.532,SEVERE,9,0,sequential_yolo_pose,SM-S906U1,GPU
2026-04-23 00:05:41.367,112.715,31.745,56.776,0.824,1.999,6.044,10.609,0.036,false,20.352,SEVERE,9,0,sequential_yolo_pose,SM-S906U1,GPU
2026-04-23 00:05:41.478,105.603,28.335,54.619,0.829,1.963,6.483,9.380,0.037,false,14.543,SEVERE,9,0,sequential_yolo_pose,SM-S906U1,GPU
2026-04-23 00:05:41.598,114.677,36.236,54.295,0.708,1.703,5.793,10.587,0.041,false,21.586,SEVERE,9,0,sequential_yolo_pose,SM-S906U1,GPU
2026-04-23 00:05:41.717,112.710,33.584,52.553,0.642,1.616,6.250,13.915,0.051,false,38.469,SEVERE,9,0,sequential_yolo_pose,SM-S906U1,GPU
2026-04-23 00:05:41.852,129.568,47.936,55.823,1.877,1.508,6.886,9.547,0.050,false,29.813,SEVERE,9,0,sequential_yolo_pose,SM-S906U1,GPU
2026-04-23 00:05:41.973,117.252,37.094,54.465,1.839,1.294,5.397,12.194,0.048,false,20.352,SEVERE,9,0,sequential_yolo_pose,SM-S906U1,GPU
2026-04-23 00:05:42.093,116.205,32.397,57.891,0.571,1.801,5.916,13.006,0.062,false,20.379,SEVERE,9,0,sequential_yolo_pose,SM-S906U1,GPU
2026-04-23 00:05:42.189,87.985,30.205,51.970,0.497,0.000,0.000,0.000,0.000,true,16.985,SEVERE,9,0,sequential_yolo_pose,SM-S906U1,GPU
2026-04-23 00:05:42.317,123.287,36.094,58.745,0.502,2.186,7.707,12.239,0.028,false,34.024,SEVERE,9,0,sequential_yolo_pose,SM-S906U1,GPU
2026-04-23 00:05:42.412,92.220,32.600,56.211,0.302,0.000,0.000,0.000,0.000,true,25.414,SEVERE,9,0,sequential_yolo_pose,SM-S906U1,GPU
2026-04-23 00:05:42.508,92.530,34.570,53.073,0.431,0.000,0.000,0.000,0.000,true,38.997,SEVERE,9,0,sequential_yolo_pose,SM-S906U1,GPU
2026-04-23 00:05:42.601,89.912,31.330,54.461,0.313,0.000,0.000,0.000,0.000,true,16.985,SEVERE,9,0,sequential_yolo_pose,SM-S906U1,GPU
2026-04-23 00:05:42.688,83.601,26.841,51.890,0.306,0.000,0.000,0.000,0.000,true,30.598,SEVERE,9,0,sequential_yolo_pose,SM-S906U1,GPU
2026-04-23 00:05:42.790,93.393,34.945,53.614,0.286,0.000,0.000,0.000,0.000,true,13.520,SEVERE,9,0,sequential_yolo_pose,SM-S906U1,GPU
2026-04-23 00:05:42.887,93.117,33.021,55.075,0.502,0.000,0.000,0.000,0.000,true,16.981,SEVERE,9,0,sequential_yolo_pose,SM-S906U1,GPU
2026-04-23 00:05:42.984,91.686,32.832,53.491,0.656,0.000,0.000,0.000,0.000,true,30.563,SEVERE,9,0,sequential_yolo_pose,SM-S906U1,GPU
2026-04-23 00:05:43.089,97.076,37.853,54.009,0.593,0.000,0.000,0.000,0.000,true,18.274,SEVERE,9,0,sequential_yolo_pose,SM-S906U1,GPU
2026-04-23 00:05:43.191,95.831,37.583,53.054,0.449,0.000,0.000,0.000,0.000,true,31.856,SEVERE,9,0,sequential_yolo_pose,SM-S906U1,GPU
2026-04-23 00:05:43.296,99.945,41.167,53.497,0.600,0.000,0.000,0.000,0.000,true,18.336,SEVERE,10,0,sequential_yolo_pose,SM-S906U1,GPU
2026-04-23 00:05:43.390,89.623,30.569,54.197,0.739,0.000,0.000,0.000,0.000,true,31.918,SEVERE,10,0,sequential_yolo_pose,SM-S906U1,GPU
2026-04-23 00:05:43.489,93.761,35.813,52.975,0.531,0.000,0.000,0.000,0.000,true,18.250,SEVERE,10,0,sequential_yolo_pose,SM-S906U1,GPU
2026-04-23 00:05:43.584,88.794,30.095,53.842,0.578,0.000,0.000,0.000,0.000,true,31.770,SEVERE,10,0,sequential_yolo_pose,SM-S906U1,GPU
2026-04-23 00:05:43.686,97.455,40.311,52.051,0.548,0.000,0.000,0.000,0.000,true,13.465,SEVERE,10,0,sequential_yolo_pose,SM-S906U1,GPU
2026-04-23 00:05:43.781,89.979,27.822,54.782,0.398,0.000,0.000,0.000,0.000,true,16.981,SEVERE,10,0,sequential_yolo_pose,SM-S906U1,GPU
2026-04-23 00:05:43.880,94.807,31.823,58.189,0.574,0.000,0.000,0.000,0.000,true,30.594,SEVERE,10,0,sequential_yolo_pose,SM-S906U1,GPU
2026-04-23 00:05:43.990,104.922,45.949,52.423,0.598,0.000,0.000,0.000,0.000,true,18.578,SEVERE,10,0,sequential_yolo_pose,SM-S906U1,GPU
2026-04-23 00:05:44.089,92.974,33.131,54.539,0.551,0.000,0.000,0.000,0.000,true,32.161,SEVERE,10,0,sequential_yolo_pose,SM-S906U1,GPU
2026-04-23 00:05:44.190,92.741,34.170,53.161,0.741,0.000,0.000,0.000,0.000,true,18.188,SEVERE,10,0,sequential_yolo_pose,SM-S906U1,GPU
2026-04-23 00:05:44.277,82.048,24.631,53.995,0.414,0.000,0.000,0.000,0.000,true,31.989,SEVERE,10,0,sequential_yolo_pose,SM-S906U1,GPU
2026-04-23 00:05:44.368,87.746,28.954,53.814,0.954,0.000,0.000,0.000,0.000,true,13.496,SEVERE,10,0,sequential_yolo_pose,SM-S906U1,GPU
2026-04-23 00:05:44.464,89.922,31.122,54.067,0.493,0.000,0.000,0.000,0.000,true,16.977,SEVERE,10,0,sequential_yolo_pose,SM-S906U1,GPU
2026-04-23 00:05:44.583,109.562,31.118,52.687,0.564,1.535,6.531,12.219,0.048,false,33.954,SEVERE,10,0,sequential_yolo_pose,SM-S906U1,GPU
2026-04-23 00:05:44.687,82.936,25.684,53.656,0.421,0.000,0.000,0.000,0.000,true,25.512,SEVERE,10,0,sequential_yolo_pose,SM-S906U1,GPU
2026-04-23 00:05:44.817,125.219,35.966,55.073,0.783,3.847,12.105,12.603,0.036,false,23.176,SEVERE,10,0,sequential_yolo_pose,SM-S906U1,GPU
2026-04-23 00:05:44.901,81.881,24.143,54.275,0.534,0.000,0.000,0.000,0.000,true,36.735,SEVERE,10,0,sequential_yolo_pose,SM-S906U1,GPU
2026-04-23 00:05:44.997,87.241,25.699,58.243,0.289,0.000,0.000,0.000,0.000,true,13.953,SEVERE,10,0,sequential_yolo_pose,SM-S906U1,GPU
2026-04-23 00:05:45.093,90.785,29.782,56.392,0.426,0.000,0.000,0.000,0.000,true,17.012,SEVERE,10,0,sequential_yolo_pose,SM-S906U1,GPU
2026-04-23 00:05:45.189,91.757,29.221,57.458,0.342,0.000,0.000,0.000,0.000,true,30.594,SEVERE,10,0,sequential_yolo_pose,SM-S906U1,GPU
2026-04-23 00:05:45.316,122.164,34.481,55.379,0.843,6.923,6.354,11.140,0.055,false,21.739,SEVERE,10,0,sequential_yolo_pose,SM-S906U1,GPU
2026-04-23 00:05:45.402,82.626,24.275,54.562,0.641,0.000,0.000,0.000,0.000,true,35.321,SEVERE,10,0,sequential_yolo_pose,SM-S906U1,GPU
2026-04-23 00:05:45.507,102.003,40.416,55.633,0.477,0.000,0.000,0.000,0.000,true,19.824,SEVERE,10,0,sequential_yolo_pose,SM-S906U1,GPU
2026-04-23 00:05:45.603,90.566,32.643,53.004,0.516,0.000,0.000,0.000,0.000,true,33.344,SEVERE,10,0,sequential_yolo_pose,SM-S906U1,GPU
2026-04-23 00:05:45.698,90.098,29.655,55.361,0.381,0.000,0.000,0.000,0.000,true,18.160,SEVERE,10,0,sequential_yolo_pose,SM-S906U1,GPU
2026-04-23 00:05:45.795,92.853,29.857,58.452,0.306,0.000,0.000,0.000,0.000,true,31.743,SEVERE,10,0,sequential_yolo_pose,SM-S906U1,GPU
2026-04-23 00:05:45.920,120.084,39.725,53.788,0.483,2.185,7.954,10.512,0.037,false,21.614,SEVERE,10,0,sequential_yolo_pose,SM-S906U1,GPU
2026-04-23 00:05:46.038,110.595,23.440,54.350,0.681,1.530,6.085,16.652,0.044,false,38.653,SEVERE,10,0,sequential_yolo_pose,SM-S906U1,GPU
2026-04-23 00:05:46.165,115.650,34.538,54.104,0.722,2.423,6.152,12.563,0.059,false,20.348,SEVERE,10,0,sequential_yolo_pose,SM-S906U1,GPU
2026-04-23 00:05:46.280,109.692,28.788,53.976,0.506,2.519,9.598,10.094,0.047,false,20.473,SEVERE,9,0,sequential_yolo_pose,SM-S906U1,GPU
2026-04-23 00:05:46.392,108.121,29.349,54.596,0.471,1.786,6.453,10.939,0.036,false,20.410,SEVERE,9,0,sequential_yolo_pose,SM-S906U1,GPU
2026-04-23 00:05:46.510,104.377,24.851,53.869,0.552,2.350,6.054,12.257,0.031,false,20.379,SEVERE,9,0,sequential_yolo_pose,SM-S906U1,GPU
2026-04-23 00:05:46.613,100.753,24.562,54.342,0.630,1.833,6.164,10.074,0.058,false,20.285,SEVERE,9,0,sequential_yolo_pose,SM-S906U1,GPU
2026-04-23 00:05:46.728,110.332,32.474,54.718,0.703,1.811,5.964,10.131,0.059,false,20.317,SEVERE,9,0,sequential_yolo_pose,SM-S906U1,GPU
2026-04-23 00:05:46.839,103.230,24.087,56.257,0.583,1.667,6.608,10.397,0.053,false,20.430,SEVERE,9,0,sequential_yolo_pose,SM-S906U1,GPU
2026-04-23 00:05:46.951,108.370,28.933,55.309,0.717,1.802,5.695,11.614,0.038,false,20.348,SEVERE,9,0,sequential_yolo_pose,SM-S906U1,GPU
2026-04-23 00:05:47.044,87.440,27.874,54.707,0.438,0.000,0.000,0.000,0.000,true,16.953,SEVERE,9,0,sequential_yolo_pose,SM-S906U1,GPU
2026-04-23 00:05:47.163,113.485,33.741,54.364,0.575,1.725,6.401,11.796,0.060,false,33.993,SEVERE,9,0,sequential_yolo_pose,SM-S906U1,GPU
2026-04-23 00:05:47.289,111.513,30.961,52.973,1.190,5.622,5.459,10.708,0.051,false,20.559,SEVERE,9,0,sequential_yolo_pose,SM-S906U1,GPU
2026-04-23 00:05:47.406,112.740,28.055,59.646,0.668,1.819,6.243,11.676,0.049,false,20.442,SEVERE,9,0,sequential_yolo_pose,SM-S906U1,GPU
2026-04-23 00:05:47.518,107.515,31.211,55.234,0.457,1.180,4.196,10.393,0.047,false,20.317,SEVERE,9,0,sequential_yolo_pose,SM-S906U1,GPU
2026-04-23 00:05:47.633,111.599,30.356,54.332,0.671,1.655,5.832,13.454,0.047,false,20.348,SEVERE,9,0,sequential_yolo_pose,SM-S906U1,GPU
2026-04-23 00:05:47.719,82.061,23.433,55.141,0.393,0.000,0.000,0.000,0.000,true,16.985,SEVERE,9,0,sequential_yolo_pose,SM-S906U1,GPU
2026-04-23 00:05:47.840,116.058,27.220,55.969,0.571,1.532,6.203,19.515,0.043,false,33.993,SEVERE,9,0,sequential_yolo_pose,SM-S906U1,GPU
2026-04-23 00:05:47.961,118.603,34.780,57.838,0.582,1.704,6.760,11.968,0.045,false,30.364,SEVERE,9,0,sequential_yolo_pose,SM-S906U1,GPU
2026-04-23 00:05:48.055,88.219,30.636,52.655,0.348,0.000,0.000,0.000,0.000,true,16.953,SEVERE,9,0,sequential_yolo_pose,SM-S906U1,GPU
2026-04-23 00:05:48.180,121.413,35.137,57.158,0.701,1.495,6.409,15.291,0.060,false,34.024,SEVERE,9,0,sequential_yolo_pose,SM-S906U1,GPU
2026-04-23 00:05:48.299,112.291,30.991,54.672,0.499,2.958,5.890,10.627,0.042,false,20.598,SEVERE,9,0,sequential_yolo_pose,SM-S906U1,GPU
2026-04-23 00:05:48.416,110.866,30.699,56.054,0.650,2.116,7.164,9.723,0.058,false,20.285,SEVERE,9,0,sequential_yolo_pose,SM-S906U1,GPU
2026-04-23 00:05:48.521,100.296,23.699,54.232,0.571,2.054,5.953,10.009,0.052,false,20.410,SEVERE,9,0,sequential_yolo_pose,SM-S906U1,GPU
2026-04-23 00:05:48.640,114.688,33.726,55.065,0.541,1.638,5.892,11.681,0.048,false,20.379,SEVERE,9,0,sequential_yolo_pose,SM-S906U1,GPU
2026-04-23 00:05:48.752,108.647,32.506,56.783,0.465,1.105,3.732,9.332,0.045,false,20.254,SEVERE,9,0,sequential_yolo_pose,SM-S906U1,GPU
2026-04-23 00:05:48.865,107.532,31.830,53.510,0.597,1.919,5.363,9.893,0.035,false,20.379,SEVERE,9,0,sequential_yolo_pose,SM-S906U1,GPU
2026-04-23 00:05:48.977,103.989,28.718,51.516,0.612,1.718,6.949,10.305,0.047,false,20.317,SEVERE,9,0,sequential_yolo_pose,SM-S906U1,GPU
2026-04-23 00:05:49.098,115.241,37.640,52.710,0.583,1.667,6.382,11.399,0.048,false,20.348,SEVERE,9,0,sequential_yolo_pose,SM-S906U1,GPU
2026-04-23 00:05:49.202,99.652,23.164,55.216,0.938,1.539,5.969,9.558,0.047,false,20.317,SEVERE,9,0,sequential_yolo_pose,SM-S906U1,GPU
2026-04-23 00:05:49.320,113.344,32.374,52.438,0.925,5.032,6.600,11.205,0.039,false,20.567,SEVERE,9,0,sequential_yolo_pose,SM-S906U1,GPU
2026-04-23 00:05:49.437,113.370,31.251,57.431,0.637,1.789,6.200,10.727,0.030,false,20.317,SEVERE,9,0,sequential_yolo_pose,SM-S906U1,GPU
2026-04-23 00:05:49.545,104.697,24.193,56.734,0.701,2.547,8.133,9.118,0.034,false,20.438,SEVERE,9,0,sequential_yolo_pose,SM-S906U1,GPU
2026-04-23 00:05:49.655,104.962,27.667,53.469,0.706,1.761,5.971,10.562,0.049,false,20.254,SEVERE,9,0,sequential_yolo_pose,SM-S906U1,GPU
2026-04-23 00:05:49.765,102.344,23.849,55.359,0.680,1.641,5.435,10.954,0.052,false,20.379,SEVERE,9,0,sequential_yolo_pose,SM-S906U1,GPU
2026-04-23 00:05:49.875,105.460,29.522,51.536,0.790,2.151,6.209,10.889,0.041,false,20.379,SEVERE,9,0,sequential_yolo_pose,SM-S906U1,GPU
2026-04-23 00:05:49.987,106.450,28.041,52.045,0.755,1.691,8.450,11.020,0.035,false,20.348,SEVERE,9,0,sequential_yolo_pose,SM-S906U1,GPU
2026-04-23 00:05:50.107,114.703,32.333,53.635,0.664,2.602,6.631,11.120,0.049,false,20.285,SEVERE,9,0,sequential_yolo_pose,SM-S906U1,GPU
2026-04-23 00:05:50.221,109.967,27.410,54.999,0.770,1.716,10.206,10.501,0.036,false,20.410,SEVERE,9,0,sequential_yolo_pose,SM-S906U1,GPU
2026-04-23 00:05:50.334,109.827,33.940,53.634,0.756,1.562,6.038,9.630,0.041,false,20.539,SEVERE,9,0,sequential_yolo_pose,SM-S906U1,GPU
2026-04-23 00:05:50.446,108.700,29.882,54.426,0.710,1.869,6.340,11.197,0.035,false,20.410,SEVERE,9,0,sequential_yolo_pose,SM-S906U1,GPU
2026-04-23 00:05:50.566,115.552,36.830,53.209,0.654,1.659,6.244,12.488,0.050,false,20.379,SEVERE,9,0,sequential_yolo_pose,SM-S906U1,GPU
2026-04-23 00:05:50.678,107.126,27.158,54.562,0.562,1.748,6.059,12.623,0.062,false,20.410,SEVERE,9,0,sequential_yolo_pose,SM-S906U1,GPU
2026-04-23 00:05:50.798,112.506,32.335,52.151,0.536,0.893,3.927,11.125,0.078,false,20.129,SEVERE,9,0,sequential_yolo_pose,SM-S906U1,GPU
2026-04-23 00:05:50.908,102.644,42.823,55.151,0.679,0.000,0.000,0.000,0.000,true,33.930,SEVERE,9,0,sequential_yolo_pose,SM-S906U1,GPU
2026-04-23 00:05:51.024,111.809,33.670,56.270,0.524,1.972,5.251,9.793,0.042,false,21.559,SEVERE,9,0,sequential_yolo_pose,SM-S906U1,GPU
2026-04-23 00:05:51.137,106.134,24.037,54.674,0.808,1.707,8.018,10.756,0.038,false,38.637,SEVERE,9,0,sequential_yolo_pose,SM-S906U1,GPU
2026-04-23 00:05:51.254,109.080,30.860,51.937,0.890,1.723,9.153,9.467,0.046,false,20.410,SEVERE,9,0,sequential_yolo_pose,SM-S906U1,GPU
2026-04-23 00:05:51.378,113.466,37.254,54.702,0.424,1.131,3.822,10.336,0.047,false,14.449,SEVERE,9,0,sequential_yolo_pose,SM-S906U1,GPU
2026-04-23 00:05:51.505,124.127,44.848,53.823,0.469,1.310,6.407,12.415,0.063,false,21.633,SEVERE,9,0,sequential_yolo_pose,SM-S906U1,GPU
2026-04-23 00:05:51.619,111.041,29.638,52.917,0.612,1.664,7.405,14.464,0.038,false,38.610,SEVERE,9,0,sequential_yolo_pose,SM-S906U1,GPU
2026-04-23 00:05:51.744,106.975,29.098,53.446,1.475,1.669,5.916,10.423,0.047,false,20.313,SEVERE,9,0,sequential_yolo_pose,SM-S906U1,GPU
2026-04-23 00:05:51.856,108.269,32.328,54.607,0.468,1.516,5.088,9.816,0.047,false,20.317,SEVERE,9,0,sequential_yolo_pose,SM-S906U1,GPU
2026-04-23 00:05:51.964,104.920,25.795,54.085,0.517,1.648,5.841,10.810,0.053,false,20.371,SEVERE,9,0,sequential_yolo_pose,SM-S906U1,GPU
2026-04-23 00:05:52.082,111.159,30.595,58.501,0.523,1.727,5.934,9.514,0.055,false,20.379,SEVERE,9,0,sequential_yolo_pose,SM-S906U1,GPU
2026-04-23 00:05:52.192,105.998,30.469,52.755,0.508,1.726,6.123,10.066,0.051,false,20.317,SEVERE,9,0,sequential_yolo_pose,SM-S906U1,GPU
2026-04-23 00:05:52.306,107.857,24.382,56.409,0.426,1.687,6.407,10.992,0.037,false,20.442,SEVERE,8,0,sequential_yolo_pose,SM-S906U1,GPU
2026-04-23 00:05:52.398,88.407,31.645,52.272,0.288,0.000,0.000,0.000,0.000,true,16.985,SEVERE,8,0,sequential_yolo_pose,SM-S906U1,GPU
2026-04-23 00:05:52.492,89.812,31.295,53.581,0.410,0.000,0.000,0.000,0.000,true,30.598,SEVERE,8,0,sequential_yolo_pose,SM-S906U1,GPU
2026-04-23 00:05:52.589,92.258,33.139,54.187,0.285,0.000,0.000,0.000,0.000,true,13.571,SEVERE,8,0,sequential_yolo_pose,SM-S906U1,GPU
2026-04-23 00:05:52.679,86.195,26.740,52.550,0.531,0.000,0.000,0.000,0.000,true,16.977,SEVERE,8,0,sequential_yolo_pose,SM-S906U1,GPU
2026-04-23 00:05:52.798,114.764,33.684,55.365,0.531,1.545,6.321,12.460,0.044,false,33.891,SEVERE,8,0,sequential_yolo_pose,SM-S906U1,GPU
2026-04-23 00:05:52.920,103.194,25.094,54.543,0.552,1.589,5.882,10.923,0.027,false,20.348,SEVERE,8,0,sequential_yolo_pose,SM-S906U1,GPU
2026-04-23 00:05:53.035,111.129,30.356,53.230,0.561,1.894,7.156,11.031,0.030,false,20.317,SEVERE,8,0,sequential_yolo_pose,SM-S906U1,GPU
2026-04-23 00:05:53.147,108.173,23.981,54.292,0.568,2.140,6.488,16.839,0.030,false,20.473,SEVERE,8,0,sequential_yolo_pose,SM-S906U1,GPU
2026-04-23 00:05:53.255,104.270,29.092,51.755,0.674,1.723,5.402,11.241,0.061,false,20.317,SEVERE,8,0,sequential_yolo_pose,SM-S906U1,GPU
2026-04-23 00:05:53.364,105.417,27.490,53.207,0.578,1.825,5.539,12.159,0.151,false,20.410,SEVERE,10,0,sequential_yolo_pose,SM-S906U1,GPU
2026-04-23 00:05:53.477,106.625,29.382,55.503,0.492,3.275,4.027,9.572,0.054,false,20.317,SEVERE,10,0,sequential_yolo_pose,SM-S906U1,GPU
2026-04-23 00:05:53.586,106.339,29.014,53.081,0.657,1.723,6.192,11.298,0.047,false,20.403,SEVERE,10,0,sequential_yolo_pose,SM-S906U1,GPU
2026-04-23 00:05:53.694,102.568,23.802,53.776,0.734,1.580,7.507,11.661,0.049,false,20.410,SEVERE,10,0,sequential_yolo_pose,SM-S906U1,GPU
2026-04-23 00:05:53.810,110.511,29.659,54.764,0.611,1.953,9.184,9.520,0.059,false,20.457,SEVERE,10,0,sequential_yolo_pose,SM-S906U1,GPU
2026-04-23 00:05:53.920,106.189,31.005,52.238,0.591,1.852,5.896,9.969,0.051,false,20.379,SEVERE,10,0,sequential_yolo_pose,SM-S906U1,GPU
2026-04-23 00:05:54.030,105.767,25.542,51.758,0.622,1.720,6.325,11.144,0.035,false,20.317,SEVERE,10,0,sequential_yolo_pose,SM-S906U1,GPU
2026-04-23 00:05:54.143,105.394,24.133,56.649,0.591,2.660,8.168,9.630,0.040,false,20.442,SEVERE,10,0,sequential_yolo_pose,SM-S906U1,GPU
2026-04-23 00:05:54.252,105.092,23.974,56.244,0.687,2.747,6.107,11.826,0.048,false,20.348,SEVERE,10,0,sequential_yolo_pose,SM-S906U1,GPU
2026-04-23 00:05:54.358,100.596,24.146,54.088,0.581,1.636,5.432,11.321,0.043,false,20.473,SEVERE,9,0,sequential_yolo_pose,SM-S906U1,GPU
2026-04-23 00:05:54.476,111.482,32.115,53.346,0.603,1.697,5.930,10.001,0.049,false,20.410,SEVERE,9,0,sequential_yolo_pose,SM-S906U1,GPU
2026-04-23 00:05:54.592,112.734,32.110,55.190,0.607,1.819,6.285,12.218,0.047,false,20.379,SEVERE,9,0,sequential_yolo_pose,SM-S906U1,GPU
2026-04-23 00:05:54.713,115.394,29.789,56.574,0.643,1.650,6.503,14.735,0.048,false,20.410,SEVERE,9,0,sequential_yolo_pose,SM-S906U1,GPU
2026-04-23 00:05:54.823,106.277,29.507,53.734,0.935,1.718,5.330,10.659,0.046,false,20.410,SEVERE,9,0,sequential_yolo_pose,SM-S906U1,GPU
2026-04-23 00:05:54.948,112.962,29.824,53.119,0.821,1.692,6.051,17.120,0.058,false,20.410,SEVERE,9,0,sequential_yolo_pose,SM-S906U1,GPU
2026-04-23 00:05:55.056,102.529,25.991,54.098,0.624,1.799,5.770,10.766,0.051,false,20.387,SEVERE,9,0,sequential_yolo_pose,SM-S906U1,GPU
2026-04-23 00:05:55.174,113.317,31.635,53.553,0.590,1.757,6.352,14.897,0.054,false,20.348,SEVERE,9,0,sequential_yolo_pose,SM-S906U1,GPU
2026-04-23 00:05:55.288,107.862,27.037,58.600,0.524,1.791,5.672,9.813,0.046,false,20.348,SEVERE,9,0,sequential_yolo_pose,SM-S906U1,GPU
2026-04-23 00:05:55.403,110.653,28.642,56.526,0.417,1.534,5.784,12.498,0.031,false,20.321,SEVERE,9,0,sequential_yolo_pose,SM-S906U1,GPU
2026-04-23 00:05:55.493,85.986,26.935,54.571,0.414,0.000,0.000,0.000,0.000,true,17.016,SEVERE,9,0,sequential_yolo_pose,SM-S906U1,GPU
2026-04-23 00:05:55.583,83.666,23.905,56.455,0.297,0.000,0.000,0.000,0.000,true,30.598,SEVERE,9,0,sequential_yolo_pose,SM-S906U1,GPU
2026-04-23 00:05:55.689,102.810,40.568,53.427,0.473,0.000,0.000,0.000,0.000,true,18.262,SEVERE,9,0,sequential_yolo_pose,SM-S906U1,GPU
2026-04-23 00:05:55.809,114.738,32.809,56.288,0.876,1.571,7.184,10.291,0.033,false,35.145,SEVERE,9,0,sequential_yolo_pose,SM-S906U1,GPU
2026-04-23 00:05:55.932,117.941,41.289,53.166,0.649,1.773,5.814,10.909,0.037,false,22.016,SEVERE,9,0,sequential_yolo_pose,SM-S906U1,GPU
2026-04-23 00:05:56.038,103.317,25.593,54.347,0.616,1.611,6.782,10.900,0.045,false,38.962,SEVERE,9,0,sequential_yolo_pose,SM-S906U1,GPU
2026-04-23 00:05:56.173,121.829,35.050,57.209,0.485,1.873,6.389,13.245,0.046,false,20.313,SEVERE,9,0,sequential_yolo_pose,SM-S906U1,GPU
2026-04-23 00:05:56.291,114.203,31.957,56.410,0.633,3.144,6.134,11.243,0.048,false,20.348,SEVERE,9,0,sequential_yolo_pose,SM-S906U1,GPU
2026-04-23 00:05:56.398,101.959,24.153,55.407,0.683,1.815,6.156,10.166,0.048,false,20.434,SEVERE,9,0,sequential_yolo_pose,SM-S906U1,GPU
2026-04-23 00:05:56.507,102.640,24.143,55.143,0.571,1.754,6.208,11.639,0.032,false,20.379,SEVERE,9,0,sequential_yolo_pose,SM-S906U1,GPU
2026-04-23 00:05:56.622,112.182,30.732,52.704,0.487,2.258,7.744,13.287,0.055,false,20.442,SEVERE,9,0,sequential_yolo_pose,SM-S906U1,GPU
2026-04-23 00:05:56.745,114.125,31.543,58.195,0.508,1.901,7.649,10.540,0.046,false,20.379,SEVERE,9,0,sequential_yolo_pose,SM-S906U1,GPU
2026-04-23 00:05:56.850,101.368,28.142,53.305,0.317,1.108,3.967,10.009,0.039,false,20.254,SEVERE,9,0,sequential_yolo_pose,SM-S906U1,GPU
2026-04-23 00:05:56.964,109.975,32.668,52.283,0.464,1.629,5.791,12.217,0.035,false,20.379,SEVERE,9,0,sequential_yolo_pose,SM-S906U1,GPU
2026-04-23 00:05:57.074,104.455,23.767,56.065,0.414,1.777,5.983,13.117,0.033,false,20.348,SEVERE,9,0,sequential_yolo_pose,SM-S906U1,GPU
2026-04-23 00:05:57.193,115.242,34.022,56.008,0.401,2.281,5.172,12.857,0.031,false,20.348,SEVERE,9,0,sequential_yolo_pose,SM-S906U1,GPU
2026-04-23 00:05:57.305,104.395,23.747,55.860,0.454,1.739,6.653,12.686,0.033,false,20.317,SEVERE,9,0,sequential_yolo_pose,SM-S906U1,GPU
2026-04-23 00:05:57.415,106.094,24.471,55.200,0.483,1.688,10.464,10.508,0.034,false,20.489,SEVERE,9,0,sequential_yolo_pose,SM-S906U1,GPU
2026-04-23 00:05:57.529,108.452,28.471,52.171,0.516,1.606,6.282,10.550,0.052,false,20.348,SEVERE,9,0,sequential_yolo_pose,SM-S906U1,GPU
2026-04-23 00:05:57.648,111.014,30.207,54.143,0.611,2.209,7.864,10.296,0.044,false,20.379,SEVERE,9,0,sequential_yolo_pose,SM-S906U1,GPU
2026-04-23 00:05:57.765,111.441,31.006,54.800,0.523,1.709,6.029,12.217,0.048,false,20.348,SEVERE,9,0,sequential_yolo_pose,SM-S906U1,GPU
2026-04-23 00:05:57.876,104.559,27.650,55.135,0.530,1.840,5.362,9.590,0.054,false,20.348,SEVERE,9,0,sequential_yolo_pose,SM-S906U1,GPU
2026-04-23 00:05:57.984,104.888,29.622,53.806,0.432,1.233,4.265,10.580,0.053,false,20.348,SEVERE,9,0,sequential_yolo_pose,SM-S906U1,GPU
2026-04-23 00:05:58.101,112.753,36.053,53.662,0.516,1.513,5.866,10.725,0.052,false,20.348,SEVERE,9,0,sequential_yolo_pose,SM-S906U1,GPU
2026-04-23 00:05:58.216,109.575,28.991,54.055,0.588,1.696,8.632,11.043,0.047,false,20.379,SEVERE,9,0,sequential_yolo_pose,SM-S906U1,GPU
2026-04-23 00:05:58.326,105.051,26.856,53.657,0.607,1.959,6.064,10.341,0.052,false,20.348,SEVERE,9,0,sequential_yolo_pose,SM-S906U1,GPU
2026-04-23 00:05:58.441,108.758,24.663,57.107,0.640,1.713,7.746,13.523,0.045,false,20.414,SEVERE,9,0,sequential_yolo_pose,SM-S906U1,GPU
2026-04-23 00:05:58.550,105.685,29.420,52.773,0.625,1.848,6.816,9.627,0.047,false,20.348,SEVERE,9,0,sequential_yolo_pose,SM-S906U1,GPU
2026-04-23 00:05:58.664,100.742,24.797,51.162,0.578,1.670,6.064,11.954,0.053,false,20.348,SEVERE,9,0,sequential_yolo_pose,SM-S906U1,GPU
2026-04-23 00:05:58.777,105.085,24.047,56.077,0.709,1.484,6.168,11.314,0.051,false,20.348,SEVERE,9,0,sequential_yolo_pose,SM-S906U1,GPU
2026-04-23 00:05:58.890,109.399,30.403,54.878,0.632,1.830,5.659,11.618,0.046,false,20.410,SEVERE,9,0,sequential_yolo_pose,SM-S906U1,GPU
2026-04-23 00:05:59.006,108.805,27.871,55.806,0.571,1.805,6.426,10.125,0.068,false,20.410,SEVERE,9,0,sequential_yolo_pose,SM-S906U1,GPU
2026-04-23 00:05:59.121,108.047,32.069,52.410,0.544,1.653,5.932,11.069,0.056,false,20.348,SEVERE,9,0,sequential_yolo_pose,SM-S906U1,GPU
2026-04-23 00:05:59.235,108.024,31.586,51.263,0.581,1.668,5.747,10.274,0.049,false,20.348,SEVERE,9,0,sequential_yolo_pose,SM-S906U1,GPU
2026-04-23 00:05:59.352,112.940,31.256,55.080,0.939,3.945,7.304,9.486,0.054,false,20.504,SEVERE,9,0,sequential_yolo_pose,SM-S906U1,GPU
2026-04-23 00:05:59.478,121.079,29.834,62.703,0.523,1.577,7.326,14.497,0.046,false,20.477,SEVERE,9,0,sequential_yolo_pose,SM-S906U1,GPU
2026-04-23 00:05:59.589,108.438,30.449,54.763,1.128,1.841,5.875,10.049,0.051,false,20.410,SEVERE,9,0,sequential_yolo_pose,SM-S906U1,GPU
2026-04-23 00:05:59.706,111.753,32.393,52.585,0.584,1.536,5.848,13.752,0.050,false,20.348,SEVERE,9,0,sequential_yolo_pose,SM-S906U1,GPU
2026-04-23 00:05:59.817,107.072,27.284,55.976,0.667,1.851,6.421,10.586,0.049,false,20.379,SEVERE,9,0,sequential_yolo_pose,SM-S906U1,GPU
2026-04-23 00:05:59.934,111.022,32.367,55.308,0.572,1.537,5.003,11.502,0.033,false,20.348,SEVERE,9,0,sequential_yolo_pose,SM-S906U1,GPU
2026-04-23 00:06:00.040,103.425,23.780,55.971,0.459,2.386,7.989,9.836,0.055,false,20.379,SEVERE,9,0,sequential_yolo_pose,SM-S906U1,GPU
2026-04-23 00:06:00.151,106.238,30.057,52.011,1.342,1.727,5.568,10.818,0.048,false,20.379,SEVERE,9,0,sequential_yolo_pose,SM-S906U1,GPU
2026-04-23 00:06:00.268,109.060,29.647,53.298,0.611,2.520,5.913,11.247,0.036,false,20.410,SEVERE,9,0,sequential_yolo_pose,SM-S906U1,GPU
2026-04-23 00:06:00.383,109.410,26.314,52.362,0.799,1.877,12.676,11.866,0.034,false,20.535,SEVERE,8,0,sequential_yolo_pose,SM-S906U1,GPU
2026-04-23 00:06:00.487,99.950,23.945,52.833,1.056,1.604,6.042,10.129,0.048,false,20.414,SEVERE,8,0,sequential_yolo_pose,SM-S906U1,GPU
2026-04-23 00:06:00.597,105.415,27.800,54.836,0.487,1.272,4.258,10.857,0.052,false,20.317,SEVERE,8,0,sequential_yolo_pose,SM-S906U1,GPU
2026-04-23 00:06:00.720,115.042,26.286,55.952,0.525,1.710,15.620,11.576,0.081,false,20.442,SEVERE,8,0,sequential_yolo_pose,SM-S906U1,GPU
2026-04-23 00:06:00.841,116.128,32.950,53.819,0.523,1.844,8.312,10.551,0.051,false,20.379,SEVERE,8,0,sequential_yolo_pose,SM-S906U1,GPU
2026-04-23 00:06:00.954,109.111,27.905,55.963,0.658,2.313,6.625,11.123,0.046,false,20.379,SEVERE,8,0,sequential_yolo_pose,SM-S906U1,GPU
2026-04-23 00:06:01.068,110.529,26.648,56.368,0.599,2.266,5.947,11.711,0.045,false,20.348,SEVERE,8,0,sequential_yolo_pose,SM-S906U1,GPU
2026-04-23 00:06:01.174,102.106,25.016,53.973,0.636,1.864,6.363,10.876,0.058,false,20.379,SEVERE,8,0,sequential_yolo_pose,SM-S906U1,GPU
2026-04-23 00:06:01.283,104.390,28.027,53.168,0.575,2.680,5.784,9.523,0.048,false,20.379,SEVERE,8,0,sequential_yolo_pose,SM-S906U1,GPU
2026-04-23 00:06:01.402,113.907,29.037,55.628,0.584,1.823,7.646,11.222,0.044,false,20.379,SEVERE,9,0,sequential_yolo_pose,SM-S906U1,GPU
2026-04-23 00:06:01.516,110.594,29.185,53.609,0.495,2.259,9.197,11.059,0.050,false,14.575,SEVERE,9,0,sequential_yolo_pose,SM-S906U1,GPU
2026-04-23 00:06:01.621,100.239,24.650,52.417,0.621,1.643,5.963,11.130,0.045,false,21.641,SEVERE,9,0,sequential_yolo_pose,SM-S906U1,GPU
2026-04-23 00:06:01.731,105.689,28.736,53.961,0.559,1.485,5.745,10.351,0.038,false,38.461,SEVERE,9,0,sequential_yolo_pose,SM-S906U1,GPU
2026-04-23 00:06:01.851,112.078,29.239,54.863,0.613,3.245,6.015,14.720,0.034,false,29.895,SEVERE,9,0,sequential_yolo_pose,SM-S906U1,GPU
2026-04-23 00:06:01.965,110.555,30.573,57.330,0.499,1.806,5.848,9.796,0.033,false,21.946,SEVERE,9,0,sequential_yolo_pose,SM-S906U1,GPU
2026-04-23 00:06:02.082,112.009,31.583,56.008,0.618,1.533,7.566,10.179,0.067,false,38.829,SEVERE,9,0,sequential_yolo_pose,SM-S906U1,GPU
2026-04-23 00:06:02.202,115.131,31.804,56.582,0.635,1.849,5.713,13.797,0.039,false,29.797,SEVERE,9,0,sequential_yolo_pose,SM-S906U1,GPU
2026-04-23 00:06:02.312,104.233,27.843,52.449,0.517,0.903,5.441,12.683,0.054,false,46.774,SEVERE,9,0,sequential_yolo_pose,SM-S906U1,GPU
2026-04-23 00:06:02.424,108.732,32.224,53.950,0.517,1.957,5.021,10.694,0.039,false,21.750,SEVERE,9,0,sequential_yolo_pose,SM-S906U1,GPU
2026-04-23 00:06:02.545,116.116,26.074,56.029,0.563,1.472,6.103,19.560,0.034,false,38.664,SEVERE,9,0,sequential_yolo_pose,SM-S906U1,GPU
2026-04-23 00:06:02.669,114.493,34.456,55.651,0.615,1.750,6.103,10.043,0.032,false,20.313,SEVERE,9,0,sequential_yolo_pose,SM-S906U1,GPU
2026-04-23 00:06:02.786,110.215,26.095,57.121,0.589,3.112,8.370,10.424,0.034,false,20.379,SEVERE,9,0,sequential_yolo_pose,SM-S906U1,GPU
2026-04-23 00:06:02.889,98.733,24.134,53.231,0.560,1.840,5.785,9.731,0.050,false,20.403,SEVERE,9,0,sequential_yolo_pose,SM-S906U1,GPU
2026-04-23 00:06:03.004,111.287,28.736,54.118,0.688,1.777,6.290,15.031,0.044,false,20.442,SEVERE,9,0,sequential_yolo_pose,SM-S906U1,GPU
2026-04-23 00:06:03.113,105.515,28.275,53.429,0.598,1.788,7.404,9.787,0.049,false,20.379,SEVERE,9,0,sequential_yolo_pose,SM-S906U1,GPU
2026-04-23 00:06:03.226,108.890,31.731,53.282,0.592,1.751,5.399,11.983,0.047,false,20.379,SEVERE,9,0,sequential_yolo_pose,SM-S906U1,GPU
2026-04-23 00:06:03.341,108.617,25.247,54.012,0.522,1.701,5.968,13.988,0.048,false,20.348,SEVERE,9,0,sequential_yolo_pose,SM-S906U1,GPU
2026-04-23 00:06:03.450,106.042,26.826,54.382,0.582,1.585,7.749,10.754,0.049,false,20.485,SEVERE,9,0,sequential_yolo_pose,SM-S906U1,GPU
2026-04-23 00:06:03.571,110.464,31.353,55.741,0.638,1.996,5.930,10.238,0.051,false,20.348,SEVERE,9,0,sequential_yolo_pose,SM-S906U1,GPU
2026-04-23 00:06:03.681,105.885,28.753,52.594,0.616,1.743,8.077,9.847,0.049,false,20.348,SEVERE,9,0,sequential_yolo_pose,SM-S906U1,GPU
2026-04-23 00:06:03.795,108.957,30.706,54.106,0.565,1.636,5.452,9.633,0.048,false,20.379,SEVERE,9,0,sequential_yolo_pose,SM-S906U1,GPU
2026-04-23 00:06:03.902,100.128,24.039,53.167,0.597,1.326,6.038,11.640,0.031,false,20.379,SEVERE,9,0,sequential_yolo_pose,SM-S906U1,GPU
2026-04-23 00:06:04.010,104.094,22.970,58.008,0.495,1.695,7.099,10.597,0.044,false,20.403,SEVERE,9,0,sequential_yolo_pose,SM-S906U1,GPU
2026-04-23 00:06:04.126,111.919,34.086,53.606,0.526,1.898,6.021,11.247,0.047,false,20.348,SEVERE,9,0,sequential_yolo_pose,SM-S906U1,GPU
2026-04-23 00:06:04.222,92.278,33.345,54.485,0.283,0.000,0.000,0.000,0.000,true,16.985,SEVERE,9,0,sequential_yolo_pose,SM-S906U1,GPU
2026-04-23 00:06:04.343,111.932,30.653,56.203,0.673,1.474,7.055,10.416,0.058,false,33.930,SEVERE,9,0,sequential_yolo_pose,SM-S906U1,GPU
2026-04-23 00:06:04.458,108.974,28.089,55.800,0.754,2.620,5.150,11.899,0.051,false,28.907,SEVERE,9,0,sequential_yolo_pose,SM-S906U1,GPU
2026-04-23 00:06:04.573,108.538,31.589,54.203,0.537,1.791,5.682,9.487,0.046,false,20.289,SEVERE,9,0,sequential_yolo_pose,SM-S906U1,GPU
2026-04-23 00:06:04.692,114.590,31.238,53.223,0.477,1.840,7.761,15.381,0.025,false,20.442,SEVERE,9,0,sequential_yolo_pose,SM-S906U1,GPU
2026-04-23 00:06:04.813,115.361,28.888,59.095,0.612,1.728,6.925,11.141,0.045,false,20.379,SEVERE,9,0,sequential_yolo_pose,SM-S906U1,GPU
2026-04-23 00:06:04.931,112.699,36.572,51.776,0.536,1.863,5.926,11.353,0.036,false,20.379,SEVERE,9,0,sequential_yolo_pose,SM-S906U1,GPU
2026-04-23 00:06:05.044,105.339,27.584,52.917,0.493,1.553,5.963,11.812,0.050,false,20.348,SEVERE,9,0,sequential_yolo_pose,SM-S906U1,GPU
2026-04-23 00:06:05.159,111.064,28.410,56.956,0.572,2.740,6.145,11.715,0.043,false,20.317,SEVERE,9,0,sequential_yolo_pose,SM-S906U1,GPU
2026-04-23 00:06:05.279,114.297,30.884,56.531,0.492,2.049,6.409,10.958,0.035,false,20.379,SEVERE,9,0,sequential_yolo_pose,SM-S906U1,GPU
2026-04-23 00:06:05.383,101.568,23.834,55.038,0.559,1.692,6.418,10.890,0.034,false,20.379,SEVERE,9,0,sequential_yolo_pose,SM-S906U1,GPU
2026-04-23 00:06:05.504,116.704,32.608,55.033,0.606,1.776,7.796,12.877,0.202,false,20.442,SEVERE,9,0,sequential_yolo_pose,SM-S906U1,GPU
2026-04-23 00:06:05.613,104.810,24.020,56.334,0.668,1.578,6.022,12.824,0.034,false,20.410,SEVERE,9,0,sequential_yolo_pose,SM-S906U1,GPU
2026-04-23 00:06:05.718,101.346,24.225,54.139,0.435,1.643,7.110,10.658,0.041,false,20.379,SEVERE,9,0,sequential_yolo_pose,SM-S906U1,GPU
2026-04-23 00:06:05.829,106.998,28.764,53.387,0.392,2.145,5.201,11.878,0.044,false,20.348,SEVERE,9,0,sequential_yolo_pose,SM-S906U1,GPU
2026-04-23 00:06:05.918,82.357,23.806,55.421,0.260,0.000,0.000,0.000,0.000,true,16.922,SEVERE,9,0,sequential_yolo_pose,SM-S906U1,GPU
2026-04-23 00:06:06.014,90.618,32.566,52.213,0.330,0.000,0.000,0.000,0.000,true,30.567,SEVERE,9,0,sequential_yolo_pose,SM-S906U1,GPU
2026-04-23 00:06:06.110,91.663,35.632,50.884,0.284,0.000,0.000,0.000,0.000,true,13.434,SEVERE,9,0,sequential_yolo_pose,SM-S906U1,GPU
2026-04-23 00:06:06.208,93.559,33.530,55.214,0.343,0.000,0.000,0.000,0.000,true,16.949,SEVERE,9,0,sequential_yolo_pose,SM-S906U1,GPU
2026-04-23 00:06:06.304,91.397,31.142,55.779,0.323,0.000,0.000,0.000,0.000,true,30.563,SEVERE,9,0,sequential_yolo_pose,SM-S906U1,GPU
2026-04-23 00:06:06.399,89.947,32.570,52.645,0.283,0.000,0.000,0.000,0.000,true,13.574,SEVERE,9,0,sequential_yolo_pose,SM-S906U1,GPU
2026-04-23 00:06:06.516,111.213,32.393,53.998,0.500,1.758,6.122,11.338,0.046,false,20.375,SEVERE,10,0,sequential_yolo_pose,SM-S906U1,GPU
2026-04-23 00:06:06.631,110.830,30.011,56.632,0.546,1.806,5.915,11.319,0.049,false,20.379,SEVERE,10,0,sequential_yolo_pose,SM-S906U1,GPU
2026-04-23 00:06:06.748,111.651,31.829,53.720,0.595,1.933,6.690,10.818,0.054,false,20.379,SEVERE,10,0,sequential_yolo_pose,SM-S906U1,GPU
2026-04-23 00:06:06.859,107.634,30.780,52.316,0.501,1.759,6.393,11.246,0.057,false,20.410,SEVERE,10,0,sequential_yolo_pose,SM-S906U1,GPU
2026-04-23 00:06:06.974,109.490,27.169,55.438,0.570,1.651,6.252,15.264,0.032,false,20.434,SEVERE,10,0,sequential_yolo_pose,SM-S906U1,GPU
2026-04-23 00:06:07.080,99.014,24.204,55.936,0.479,1.242,4.204,9.563,0.055,false,14.449,SEVERE,10,0,sequential_yolo_pose,SM-S906U1,GPU
2026-04-23 00:06:07.190,106.451,29.916,52.945,0.685,1.718,5.871,11.258,0.047,false,21.645,SEVERE,10,0,sequential_yolo_pose,SM-S906U1,GPU
2026-04-23 00:06:07.313,118.808,25.314,56.610,0.635,1.556,6.815,14.767,0.035,false,38.621,SEVERE,10,0,sequential_yolo_pose,SM-S906U1,GPU
2026-04-23 00:06:07.434,112.671,33.911,52.964,0.520,1.835,6.029,12.165,0.048,false,20.379,SEVERE,8,0,sequential_yolo_pose,SM-S906U1,GPU
2026-04-23 00:06:07.547,110.080,28.711,54.085,0.862,3.332,9.370,9.323,0.048,false,20.477,SEVERE,8,0,sequential_yolo_pose,SM-S906U1,GPU
2026-04-23 00:06:07.661,110.452,32.031,53.679,0.599,1.733,5.876,12.090,0.047,false,20.410,SEVERE,8,0,sequential_yolo_pose,SM-S906U1,GPU
2026-04-23 00:06:07.779,111.596,29.378,55.606,0.548,1.815,6.894,11.990,0.053,false,20.410,SEVERE,8,0,sequential_yolo_pose,SM-S906U1,GPU
2026-04-23 00:06:07.894,108.823,29.805,54.533,0.582,1.781,6.300,10.611,0.053,false,20.442,SEVERE,8,0,sequential_yolo_pose,SM-S906U1,GPU
2026-04-23 00:06:08.002,102.269,23.426,56.469,0.561,1.763,5.863,10.764,0.049,false,20.379,SEVERE,8,0,sequential_yolo_pose,SM-S906U1,GPU
2026-04-23 00:06:08.111,102.187,24.001,54.044,0.615,1.814,8.861,9.606,0.048,false,20.379,SEVERE,8,0,sequential_yolo_pose,SM-S906U1,GPU
2026-04-23 00:06:08.223,107.813,30.995,53.935,0.743,1.650,5.782,10.459,0.047,false,20.379,SEVERE,8,0,sequential_yolo_pose,SM-S906U1,GPU
2026-04-23 00:06:08.337,109.518,23.695,59.350,0.660,2.399,5.754,14.267,0.034,false,20.379,SEVERE,8,0,sequential_yolo_pose,SM-S906U1,GPU
2026-04-23 00:06:08.448,107.841,23.059,59.479,0.614,1.783,9.733,10.043,0.048,false,20.442,SEVERE,9,0,sequential_yolo_pose,SM-S906U1,GPU
2026-04-23 00:06:08.560,107.223,30.828,54.053,0.550,1.645,5.508,10.205,0.051,false,20.414,SEVERE,9,0,sequential_yolo_pose,SM-S906U1,GPU
2026-04-23 00:06:08.670,104.515,25.398,55.392,0.671,1.849,5.931,11.866,0.037,false,20.379,SEVERE,9,0,sequential_yolo_pose,SM-S906U1,GPU
2026-04-23 00:06:08.782,107.984,32.168,53.339,0.691,1.772,6.035,9.432,0.045,false,20.317,SEVERE,9,0,sequential_yolo_pose,SM-S906U1,GPU
2026-04-23 00:06:08.897,110.996,33.949,55.361,0.557,1.507,5.171,9.894,0.062,false,20.317,SEVERE,9,0,sequential_yolo_pose,SM-S906U1,GPU
2026-04-23 00:06:09.015,110.241,23.402,58.015,0.941,1.719,12.674,10.376,0.033,false,20.434,SEVERE,9,0,sequential_yolo_pose,SM-S906U1,GPU
2026-04-23 00:06:09.131,111.215,30.407,55.126,0.528,2.031,5.855,12.813,0.053,false,20.410,SEVERE,9,0,sequential_yolo_pose,SM-S906U1,GPU
2026-04-23 00:06:09.243,106.758,31.016,52.316,0.536,1.753,6.357,10.245,0.023,false,20.383,SEVERE,9,0,sequential_yolo_pose,SM-S906U1,GPU
2026-04-23 00:06:09.345,98.957,23.272,52.779,0.491,1.800,6.888,10.702,0.050,false,20.379,SEVERE,9,0,sequential_yolo_pose,SM-S906U1,GPU
2026-04-23 00:06:09.456,107.273,30.520,54.663,0.528,1.841,5.739,9.808,0.049,false,20.348,SEVERE,9,0,sequential_yolo_pose,SM-S906U1,GPU
2026-04-23 00:06:09.567,105.375,24.688,51.819,0.537,1.474,7.696,15.542,0.106,false,20.410,SEVERE,9,0,sequential_yolo_pose,SM-S906U1,GPU
2026-04-23 00:06:09.687,107.898,32.119,52.555,0.653,1.824,5.436,10.389,0.048,false,20.285,SEVERE,9,0,sequential_yolo_pose,SM-S906U1,GPU
2026-04-23 00:06:09.809,118.286,31.291,55.731,0.576,2.736,6.920,16.219,0.037,false,20.379,SEVERE,9,0,sequential_yolo_pose,SM-S906U1,GPU
2026-04-23 00:06:09.918,106.339,25.128,54.539,0.673,8.258,4.470,10.297,0.035,false,20.410,SEVERE,9,0,sequential_yolo_pose,SM-S906U1,GPU
2026-04-23 00:06:10.023,100.652,24.396,53.535,0.644,1.780,5.584,11.389,0.048,false,20.434,SEVERE,9,0,sequential_yolo_pose,SM-S906U1,GPU
2026-04-23 00:06:10.138,110.855,32.956,55.404,0.552,1.626,5.918,10.980,0.050,false,20.348,SEVERE,9,0,sequential_yolo_pose,SM-S906U1,GPU
2026-04-23 00:06:10.250,108.951,27.837,55.208,0.546,5.024,5.958,10.015,0.065,false,20.410,SEVERE,9,0,sequential_yolo_pose,SM-S906U1,GPU
2026-04-23 00:06:10.374,116.599,34.085,56.306,0.450,1.704,6.869,12.360,0.024,false,20.317,SEVERE,9,0,sequential_yolo_pose,SM-S906U1,GPU
2026-04-23 00:06:10.487,109.061,30.173,58.413,0.351,1.202,3.918,10.296,0.050,false,20.410,SEVERE,9,0,sequential_yolo_pose,SM-S906U1,GPU
2026-04-23 00:06:10.597,105.324,24.734,58.440,0.481,1.646,5.585,10.944,0.048,false,20.379,SEVERE,9,0,sequential_yolo_pose,SM-S906U1,GPU
2026-04-23 00:06:10.709,105.819,28.180,54.510,0.506,1.816,5.597,10.600,0.047,false,20.348,SEVERE,9,0,sequential_yolo_pose,SM-S906U1,GPU
2026-04-23 00:06:10.819,105.671,28.924,51.922,0.999,2.686,5.915,10.368,0.044,false,20.285,SEVERE,9,0,sequential_yolo_pose,SM-S906U1,GPU
2026-04-23 00:06:10.915,90.864,30.069,55.855,0.249,0.000,0.000,0.000,0.000,true,16.953,SEVERE,9,0,sequential_yolo_pose,SM-S906U1,GPU
2026-04-23 00:06:11.031,111.535,33.758,53.991,0.568,1.533,6.457,10.643,0.035,false,33.961,SEVERE,9,0,sequential_yolo_pose,SM-S906U1,GPU
2026-04-23 00:06:11.154,111.698,31.706,56.183,0.442,1.519,5.911,11.376,0.047,false,30.207,SEVERE,9,0,sequential_yolo_pose,SM-S906U1,GPU
2026-04-23 00:06:11.285,126.919,45.065,53.394,0.543,2.141,7.728,10.691,0.047,false,23.203,SEVERE,9,0,sequential_yolo_pose,SM-S906U1,GPU
2026-04-23 00:06:11.402,112.397,29.822,51.810,0.570,1.292,6.061,16.118,0.033,false,40.211,SEVERE,9,0,sequential_yolo_pose,SM-S906U1,GPU
2026-04-23 00:06:11.521,110.102,34.564,53.150,0.505,1.836,5.903,9.806,0.045,false,20.348,SEVERE,9,0,sequential_yolo_pose,SM-S906U1,GPU
2026-04-23 00:06:11.636,110.490,27.786,58.997,0.535,1.560,5.992,10.303,0.056,false,20.410,SEVERE,9,0,sequential_yolo_pose,SM-S906U1,GPU
2026-04-23 00:06:11.750,110.957,30.274,54.883,0.495,1.819,7.217,11.339,0.042,false,20.379,SEVERE,9,0,sequential_yolo_pose,SM-S906U1,GPU
2026-04-23 00:06:11.861,106.200,27.890,54.663,0.556,1.660,5.906,10.758,0.058,false,20.317,SEVERE,9,0,sequential_yolo_pose,SM-S906U1,GPU
2026-04-23 00:06:11.966,101.192,24.188,54.958,0.612,1.852,6.091,10.012,0.053,false,20.410,SEVERE,9,0,sequential_yolo_pose,SM-S906U1,GPU
2026-04-23 00:06:12.079,107.633,29.287,54.990,0.662,1.573,5.711,10.910,0.033,false,20.379,SEVERE,9,0,sequential_yolo_pose,SM-S906U1,GPU
2026-04-23 00:06:12.189,106.152,31.041,51.830,0.655,1.727,5.919,10.337,0.051,false,20.317,SEVERE,9,0,sequential_yolo_pose,SM-S906U1,GPU
2026-04-23 00:06:12.308,114.878,35.398,54.056,0.614,1.777,8.021,10.706,0.043,false,20.442,SEVERE,9,0,sequential_yolo_pose,SM-S906U1,GPU
2026-04-23 00:06:12.417,105.957,28.613,53.377,0.683,2.136,6.055,10.877,0.044,false,20.442,SEVERE,9,0,sequential_yolo_pose,SM-S906U1,GPU
2026-04-23 00:06:12.538,117.319,34.585,59.864,0.447,1.779,6.551,9.893,0.047,false,20.379,SEVERE,9,0,sequential_yolo_pose,SM-S906U1,GPU
2026-04-23 00:06:12.669,114.925,34.541,54.696,0.657,2.032,6.387,10.176,0.037,false,20.348,SEVERE,9,0,sequential_yolo_pose,SM-S906U1,GPU
2026-04-23 00:06:12.778,104.823,23.639,57.237,0.639,2.058,5.974,11.212,0.063,false,20.317,SEVERE,9,0,sequential_yolo_pose,SM-S906U1,GPU
2026-04-23 00:06:12.889,106.058,28.561,55.687,1.037,1.463,5.195,9.500,0.058,false,20.317,SEVERE,9,0,sequential_yolo_pose,SM-S906U1,GPU
2026-04-23 00:06:13.010,117.871,28.306,55.352,0.504,2.043,10.438,14.622,0.046,false,20.379,SEVERE,9,0,sequential_yolo_pose,SM-S906U1,GPU
2026-04-23 00:06:13.130,113.181,28.720,53.962,0.837,2.581,7.889,14.748,0.035,false,20.348,SEVERE,9,0,sequential_yolo_pose,SM-S906U1,GPU
2026-04-23 00:06:13.245,107.518,23.942,58.016,0.709,2.878,7.742,10.708,0.046,false,20.317,SEVERE,9,0,sequential_yolo_pose,SM-S906U1,GPU
2026-04-23 00:06:13.360,111.303,29.706,56.096,0.856,2.154,7.356,10.232,0.046,false,20.317,SEVERE,9,0,sequential_yolo_pose,SM-S906U1,GPU
2026-04-23 00:06:13.482,117.554,31.846,57.035,0.686,2.006,11.227,10.561,0.046,false,20.379,SEVERE,8,0,sequential_yolo_pose,SM-S906U1,GPU
2026-04-23 00:06:13.589,103.758,28.296,53.092,0.419,1.554,6.034,9.950,0.052,false,20.469,SEVERE,8,0,sequential_yolo_pose,SM-S906U1,GPU
2026-04-23 00:06:13.709,116.057,29.392,55.195,0.501,1.507,6.728,15.755,0.057,false,20.379,SEVERE,8,0,sequential_yolo_pose,SM-S906U1,GPU
2026-04-23 00:06:13.825,112.408,26.888,53.828,1.235,2.336,10.105,13.188,0.102,false,20.438,SEVERE,8,0,sequential_yolo_pose,SM-S906U1,GPU
2026-04-23 00:06:13.945,113.089,29.893,54.911,0.711,1.791,8.018,12.647,0.038,false,20.410,SEVERE,8,0,sequential_yolo_pose,SM-S906U1,GPU
2026-04-23 00:06:14.039,89.602,31.655,53.775,0.176,0.000,0.000,0.000,0.000,true,16.985,SEVERE,8,0,sequential_yolo_pose,SM-S906U1,GPU
2026-04-23 00:06:14.155,112.043,28.297,58.109,0.693,2.459,7.194,9.597,0.047,false,33.961,SEVERE,8,0,sequential_yolo_pose,SM-S906U1,GPU
2026-04-23 00:06:14.279,116.288,28.400,57.763,0.731,1.780,9.709,10.839,0.049,false,20.442,SEVERE,8,0,sequential_yolo_pose,SM-S906U1,GPU
2026-04-23 00:06:14.390,106.004,32.045,53.444,0.415,1.113,5.005,9.672,0.050,false,20.379,SEVERE,8,0,sequential_yolo_pose,SM-S906U1,GPU
2026-04-23 00:06:14.505,109.137,30.197,51.938,0.523,1.701,5.671,14.291,0.052,false,14.637,SEVERE,9,0,sequential_yolo_pose,SM-S906U1,GPU
2026-04-23 00:06:14.613,103.850,24.321,53.701,1.034,4.624,6.057,9.726,0.054,false,21.586,SEVERE,9,0,sequential_yolo_pose,SM-S906U1,GPU
2026-04-23 00:06:14.728,110.837,30.471,53.823,0.752,1.855,6.311,13.148,0.034,false,38.626,SEVERE,9,0,sequential_yolo_pose,SM-S906U1,GPU
2026-04-23 00:06:14.855,111.243,29.153,52.887,0.783,2.385,9.802,11.747,0.046,false,20.403,SEVERE,9,0,sequential_yolo_pose,SM-S906U1,GPU
2026-04-23 00:06:14.971,110.111,27.894,53.396,0.477,1.772,7.231,11.855,0.052,false,20.348,SEVERE,9,0,sequential_yolo_pose,SM-S906U1,GPU
2026-04-23 00:06:15.087,111.874,29.539,58.586,0.734,1.792,6.752,10.110,0.050,false,20.379,SEVERE,9,0,sequential_yolo_pose,SM-S906U1,GPU
2026-04-23 00:06:15.204,111.864,31.264,53.742,0.497,1.765,6.367,13.043,0.052,false,20.348,SEVERE,9,0,sequential_yolo_pose,SM-S906U1,GPU
2026-04-23 00:06:15.319,111.950,28.788,54.086,0.822,2.810,9.332,11.347,0.045,false,20.379,SEVERE,9,0,sequential_yolo_pose,SM-S906U1,GPU
2026-04-23 00:06:15.432,109.390,27.490,53.107,0.509,1.967,6.075,12.502,0.038,false,20.442,SEVERE,9,0,sequential_yolo_pose,SM-S906U1,GPU
2026-04-23 00:06:15.552,113.956,27.766,56.271,0.459,1.582,12.759,10.840,0.089,false,20.410,SEVERE,9,0,sequential_yolo_pose,SM-S906U1,GPU
2026-04-23 00:06:15.665,109.700,29.732,54.873,0.548,2.038,6.495,11.364,0.070,false,20.410,SEVERE,9,0,sequential_yolo_pose,SM-S906U1,GPU
2026-04-23 00:06:15.788,116.607,29.639,54.681,1.176,2.819,10.057,13.658,0.121,false,20.473,SEVERE,9,0,sequential_yolo_pose,SM-S906U1,GPU
2026-04-23 00:06:15.904,111.684,25.208,55.035,0.635,1.812,6.442,11.509,0.045,false,20.348,SEVERE,9,0,sequential_yolo_pose,SM-S906U1,GPU
2026-04-23 00:06:16.013,105.257,29.355,54.756,0.611,1.656,5.243,9.411,0.058,false,14.449,SEVERE,9,0,sequential_yolo_pose,SM-S906U1,GPU
2026-04-23 00:06:16.129,110.693,34.810,51.155,0.556,1.244,5.747,12.787,0.052,false,21.586,SEVERE,9,0,sequential_yolo_pose,SM-S906U1,GPU
2026-04-23 00:06:16.260,123.702,29.706,52.316,1.108,2.375,12.746,20.430,0.075,false,14.227,SEVERE,9,0,sequential_yolo_pose,SM-S906U1,GPU
2026-04-23 00:06:16.374,109.019,27.960,54.541,0.521,1.905,7.312,10.653,0.049,false,20.348,SEVERE,9,0,sequential_yolo_pose,SM-S906U1,GPU
2026-04-23 00:06:16.495,117.044,28.709,54.041,1.108,2.321,13.530,12.734,0.049,false,20.379,SEVERE,8,0,sequential_yolo_pose,SM-S906U1,GPU
2026-04-23 00:06:16.611,108.972,26.365,54.841,0.694,1.936,7.988,11.449,0.058,false,20.383,SEVERE,8,0,sequential_yolo_pose,SM-S906U1,GPU
2026-04-23 00:06:16.700,85.923,29.625,51.753,0.399,0.000,0.000,0.000,0.000,true,16.891,SEVERE,8,0,sequential_yolo_pose,SM-S906U1,GPU
2026-04-23 00:06:16.827,119.263,34.013,57.617,0.887,2.328,5.768,12.633,0.035,false,33.993,SEVERE,8,0,sequential_yolo_pose,SM-S906U1,GPU
2026-04-23 00:06:16.958,122.360,31.675,60.213,1.047,3.669,9.313,12.915,0.033,false,30.243,SEVERE,8,0,sequential_yolo_pose,SM-S906U1,GPU
2026-04-23 00:06:17.083,121.343,32.810,57.996,0.989,2.958,12.224,10.023,0.044,false,20.383,SEVERE,8,0,sequential_yolo_pose,SM-S906U1,GPU
2026-04-23 00:06:17.193,106.430,30.723,53.169,0.704,1.937,5.232,10.118,0.048,false,20.379,SEVERE,8,0,sequential_yolo_pose,SM-S906U1,GPU
2026-04-23 00:06:17.303,106.497,27.978,54.765,0.549,1.565,6.100,10.903,0.060,false,20.348,SEVERE,8,0,sequential_yolo_pose,SM-S906U1,GPU
2026-04-23 00:06:17.420,113.471,28.975,53.170,2.689,2.420,10.356,11.442,0.046,false,20.473,SEVERE,8,0,sequential_yolo_pose,SM-S906U1,GPU
2026-04-23 00:06:17.537,110.823,31.200,55.349,0.445,1.713,5.876,9.682,0.037,false,20.414,SEVERE,9,0,sequential_yolo_pose,SM-S906U1,GPU
2026-04-23 00:06:17.655,114.038,31.222,54.961,0.753,3.523,6.676,12.244,0.050,false,20.442,SEVERE,9,0,sequential_yolo_pose,SM-S906U1,GPU
2026-04-23 00:06:17.755,92.213,24.097,59.438,0.663,0.000,0.000,0.000,0.000,true,17.016,SEVERE,9,0,sequential_yolo_pose,SM-S906U1,GPU
2026-04-23 00:06:17.889,126.948,34.256,56.025,0.797,2.040,14.672,10.591,0.045,false,33.993,SEVERE,9,0,sequential_yolo_pose,SM-S906U1,GPU
2026-04-23 00:06:18.009,111.045,26.889,57.297,0.894,1.777,6.713,10.491,0.066,false,28.895,SEVERE,9,0,sequential_yolo_pose,SM-S906U1,GPU
2026-04-23 00:06:18.130,110.462,31.125,54.694,0.723,2.347,6.558,10.359,0.056,false,20.407,SEVERE,9,0,sequential_yolo_pose,SM-S906U1,GPU
2026-04-23 00:06:18.240,105.234,23.896,53.210,0.801,1.823,6.565,13.843,0.051,false,20.450,SEVERE,9,0,sequential_yolo_pose,SM-S906U1,GPU
2026-04-23 00:06:18.356,111.831,28.869,52.558,0.872,2.369,10.795,11.457,0.047,false,20.410,SEVERE,9,0,sequential_yolo_pose,SM-S906U1,GPU
2026-04-23 00:06:18.485,121.164,32.567,52.552,0.646,1.939,16.600,12.340,0.046,false,20.410,SEVERE,9,0,sequential_yolo_pose,SM-S906U1,GPU
2026-04-23 00:06:18.597,108.509,28.163,56.095,0.638,1.694,5.663,11.514,0.064,false,20.348,SEVERE,8,0,sequential_yolo_pose,SM-S906U1,GPU
2026-04-23 00:06:18.722,113.959,31.837,52.441,0.841,2.770,10.474,10.887,0.046,false,20.379,SEVERE,8,0,sequential_yolo_pose,SM-S906U1,GPU
2026-04-23 00:06:18.846,119.221,28.168,54.893,0.731,2.249,9.854,14.254,0.047,false,20.442,SEVERE,8,0,sequential_yolo_pose,SM-S906U1,GPU
2026-04-23 00:06:18.958,108.804,32.749,54.714,0.540,1.550,4.928,9.671,0.047,false,20.317,SEVERE,8,0,sequential_yolo_pose,SM-S906U1,GPU
2026-04-23 00:06:19.076,113.166,29.092,58.319,1.249,3.688,6.767,9.457,0.044,false,20.348,SEVERE,8,0,sequential_yolo_pose,SM-S906U1,GPU
2026-04-23 00:06:19.166,85.581,28.714,52.277,0.522,0.000,0.000,0.000,0.000,true,16.953,SEVERE,8,0,sequential_yolo_pose,SM-S906U1,GPU
2026-04-23 00:06:19.284,112.080,34.141,51.547,0.558,1.782,6.712,10.989,0.049,false,33.993,SEVERE,8,0,sequential_yolo_pose,SM-S906U1,GPU
2026-04-23 00:06:19.419,121.424,37.512,53.396,0.573,1.481,5.390,9.682,0.048,false,20.379,SEVERE,8,0,sequential_yolo_pose,SM-S906U1,GPU
2026-04-23 00:06:19.534,110.249,31.313,52.506,0.603,1.819,5.090,14.887,0.033,false,20.504,SEVERE,9,0,sequential_yolo_pose,SM-S906U1,GPU
2026-04-23 00:06:19.647,108.967,30.386,52.298,0.518,2.200,8.331,10.494,0.046,false,20.379,SEVERE,9,0,sequential_yolo_pose,SM-S906U1,GPU
2026-04-23 00:06:19.759,108.657,34.039,53.711,0.387,1.623,5.043,9.609,0.021,false,20.317,SEVERE,9,0,sequential_yolo_pose,SM-S906U1,GPU
2026-04-23 00:06:19.882,118.950,31.783,54.639,0.670,5.732,8.632,13.193,0.119,false,20.492,SEVERE,9,0,sequential_yolo_pose,SM-S906U1,GPU
2026-04-23 00:06:19.991,105.669,27.177,54.192,0.847,2.322,6.239,9.830,0.048,false,20.321,SEVERE,9,0,sequential_yolo_pose,SM-S906U1,GPU
2026-04-23 00:06:20.113,117.737,29.714,55.430,0.528,1.553,9.571,16.233,0.052,false,20.379,SEVERE,9,0,sequential_yolo_pose,SM-S906U1,GPU
2026-04-23 00:06:20.228,110.668,30.983,55.760,0.399,2.143,5.362,10.310,0.032,false,20.317,SEVERE,9,0,sequential_yolo_pose,SM-S906U1,GPU
2026-04-23 00:06:20.344,112.529,29.592,54.445,0.529,3.216,6.629,13.616,0.051,false,20.442,SEVERE,9,0,sequential_yolo_pose,SM-S906U1,GPU
2026-04-23 00:06:20.454,106.154,30.927,53.253,0.481,1.629,5.482,9.966,0.049,false,20.473,SEVERE,9,0,sequential_yolo_pose,SM-S906U1,GPU
2026-04-23 00:06:20.559,100.561,23.853,54.003,0.505,1.329,6.096,9.787,0.043,false,20.414,SEVERE,9,0,sequential_yolo_pose,SM-S906U1,GPU
2026-04-23 00:06:20.691,126.834,28.694,56.184,0.853,2.621,18.941,13.671,0.055,false,20.508,SEVERE,9,0,sequential_yolo_pose,SM-S906U1,GPU
2026-04-23 00:06:20.808,108.433,28.973,52.977,0.536,1.611,7.172,12.758,0.051,false,20.379,SEVERE,9,0,sequential_yolo_pose,SM-S906U1,GPU
2026-04-23 00:06:20.922,109.900,28.943,54.750,0.955,2.494,5.829,11.124,0.044,false,20.379,SEVERE,9,0,sequential_yolo_pose,SM-S906U1,GPU
2026-04-23 00:06:21.041,115.217,24.714,59.280,0.751,2.464,11.985,10.888,0.057,false,20.410,SEVERE,9,0,sequential_yolo_pose,SM-S906U1,GPU
2026-04-23 00:06:21.166,120.036,31.399,52.056,0.996,4.379,9.258,17.246,0.049,false,20.442,SEVERE,9,0,sequential_yolo_pose,SM-S906U1,GPU
2026-04-23 00:06:21.285,114.463,30.339,54.006,1.035,2.831,10.345,11.422,0.048,false,20.379,SEVERE,9,0,sequential_yolo_pose,SM-S906U1,GPU
2026-04-23 00:06:21.404,114.517,34.528,53.278,0.519,1.756,7.120,12.595,0.050,false,20.348,SEVERE,9,0,sequential_yolo_pose,SM-S906U1,GPU
2026-04-23 00:06:21.528,120.070,31.878,54.594,0.933,4.349,11.146,12.949,0.072,false,20.410,SEVERE,8,0,sequential_yolo_pose,SM-S906U1,GPU
2026-04-23 00:06:21.649,117.390,29.060,54.643,0.679,1.811,11.062,15.297,0.071,false,20.379,SEVERE,8,0,sequential_yolo_pose,SM-S906U1,GPU
2026-04-23 00:06:21.798,145.459,38.477,78.857,0.529,1.639,8.606,12.979,0.050,false,20.442,SEVERE,8,0,sequential_yolo_pose,SM-S906U1,GPU
2026-04-23 00:06:21.926,119.820,44.125,52.454,0.408,1.694,5.007,11.627,0.063,false,20.410,SEVERE,8,0,sequential_yolo_pose,SM-S906U1,GPU
2026-04-23 00:06:22.065,123.607,47.517,50.827,0.583,1.592,5.176,10.127,0.046,false,20.317,SEVERE,8,0,sequential_yolo_pose,SM-S906U1,GPU
2026-04-23 00:06:22.182,110.319,35.958,53.117,0.848,1.492,5.087,9.422,0.045,false,20.317,SEVERE,8,0,sequential_yolo_pose,SM-S906U1,GPU
2026-04-23 00:06:22.297,112.113,32.106,54.337,0.655,1.358,6.110,13.286,0.048,false,20.410,SEVERE,8,0,sequential_yolo_pose,SM-S906U1,GPU
2026-04-23 00:06:22.419,115.690,28.145,55.301,0.564,1.843,15.585,10.079,0.047,false,20.410,SEVERE,8,0,sequential_yolo_pose,SM-S906U1,GPU
2026-04-23 00:06:22.530,107.760,29.070,56.166,0.476,1.741,6.096,9.712,0.054,false,20.410,SEVERE,8,0,sequential_yolo_pose,SM-S906U1,GPU
2026-04-23 00:06:22.642,104.516,29.092,52.501,0.569,1.811,6.226,9.674,0.047,false,20.442,SEVERE,8,0,sequential_yolo_pose,SM-S906U1,GPU
2026-04-23 00:06:22.759,114.472,33.533,54.324,0.779,2.303,7.365,11.901,0.050,false,20.348,SEVERE,8,0,sequential_yolo_pose,SM-S906U1,GPU
2026-04-23 00:06:22.886,115.728,30.437,52.862,0.996,2.766,13.317,10.376,0.054,false,20.442,SEVERE,8,0,sequential_yolo_pose,SM-S906U1,GPU
2026-04-23 00:06:22.994,104.932,28.372,51.739,0.525,1.469,5.432,12.174,0.051,false,20.379,SEVERE,8,0,sequential_yolo_pose,SM-S906U1,GPU
2026-04-23 00:06:23.114,116.118,30.496,54.082,0.819,2.273,11.080,11.165,0.046,false,14.543,SEVERE,8,0,sequential_yolo_pose,SM-S906U1,GPU
2026-04-23 00:06:23.227,109.216,31.905,53.807,1.064,1.319,5.173,11.683,0.046,false,21.555,SEVERE,8,0,sequential_yolo_pose,SM-S906U1,GPU
2026-04-23 00:06:23.346,114.768,30.530,54.799,1.099,2.473,7.628,11.065,0.035,false,38.500,SEVERE,8,0,sequential_yolo_pose,SM-S906U1,GPU
2026-04-23 00:06:23.463,113.796,33.458,56.327,0.533,1.434,5.307,10.587,0.059,false,20.442,SEVERE,8,0,sequential_yolo_pose,SM-S906U1,GPU
2026-04-23 00:06:23.572,103.725,27.004,52.884,0.623,1.603,6.089,11.002,0.099,false,20.442,SEVERE,9,0,sequential_yolo_pose,SM-S906U1,GPU
2026-04-23 00:06:23.687,110.726,28.426,55.197,0.859,2.600,9.324,10.006,0.047,false,20.379,SEVERE,9,0,sequential_yolo_pose,SM-S906U1,GPU
2026-04-23 00:06:23.805,113.793,30.928,55.645,0.430,1.941,7.406,12.117,0.049,false,20.348,SEVERE,9,0,sequential_yolo_pose,SM-S906U1,GPU
2026-04-23 00:06:23.919,109.468,27.159,52.657,0.785,1.665,11.769,10.934,0.043,false,20.379,SEVERE,9,0,sequential_yolo_pose,SM-S906U1,GPU
2026-04-23 00:06:24.036,111.714,29.927,56.044,0.797,2.269,7.159,11.193,0.058,false,20.317,SEVERE,9,0,sequential_yolo_pose,SM-S906U1,GPU
2026-04-23 00:06:24.158,118.741,29.372,54.378,0.670,2.037,11.439,16.584,0.045,false,20.473,SEVERE,9,0,sequential_yolo_pose,SM-S906U1,GPU
2026-04-23 00:06:24.257,92.653,31.916,53.139,0.370,0.000,0.000,0.000,0.000,true,17.016,SEVERE,9,0,sequential_yolo_pose,SM-S906U1,GPU
2026-04-23 00:06:24.390,127.119,35.743,57.091,0.873,2.389,12.981,13.367,0.031,false,33.993,SEVERE,9,0,sequential_yolo_pose,SM-S906U1,GPU
2026-04-23 00:06:24.516,108.063,29.554,56.511,0.447,1.266,4.812,9.556,0.118,false,20.442,SEVERE,8,0,sequential_yolo_pose,SM-S906U1,GPU
2026-04-23 00:06:24.631,108.163,26.126,55.092,0.585,1.848,6.725,11.855,0.520,false,20.348,SEVERE,8,0,sequential_yolo_pose,SM-S906U1,GPU
2026-04-23 00:06:24.753,114.392,30.618,52.718,0.659,2.207,13.157,10.153,0.053,false,20.410,SEVERE,8,0,sequential_yolo_pose,SM-S906U1,GPU
2026-04-23 00:06:24.884,125.298,31.941,54.613,0.958,2.563,14.675,9.953,0.046,false,20.410,SEVERE,8,0,sequential_yolo_pose,SM-S906U1,GPU
2026-04-23 00:06:24.998,110.589,31.874,53.395,0.483,1.163,5.432,11.849,0.064,false,20.379,SEVERE,8,0,sequential_yolo_pose,SM-S906U1,GPU
2026-04-23 00:06:25.118,112.267,30.526,52.477,0.747,1.780,12.113,10.169,0.059,false,20.379,SEVERE,8,0,sequential_yolo_pose,SM-S906U1,GPU
2026-04-23 00:06:25.234,112.595,30.938,53.909,0.876,2.315,9.436,9.897,0.052,false,20.379,SEVERE,8,0,sequential_yolo_pose,SM-S906U1,GPU
2026-04-23 00:06:25.353,113.589,23.151,58.696,0.977,2.768,12.879,10.704,0.059,false,20.442,SEVERE,8,0,sequential_yolo_pose,SM-S906U1,GPU
2026-04-23 00:06:25.472,113.631,26.524,58.117,0.633,1.420,9.263,13.128,0.042,false,20.442,SEVERE,8,0,sequential_yolo_pose,SM-S906U1,GPU
2026-04-23 00:06:25.579,102.952,23.395,57.452,0.460,1.768,5.401,11.437,0.053,false,20.629,SEVERE,9,0,sequential_yolo_pose,SM-S906U1,GPU
2026-04-23 00:06:25.688,105.719,31.782,52.300,0.521,1.514,5.253,10.172,0.047,false,20.254,SEVERE,9,0,sequential_yolo_pose,SM-S906U1,GPU
2026-04-23 00:06:25.804,111.130,29.492,53.241,0.525,1.333,7.719,13.983,0.046,false,20.348,SEVERE,9,0,sequential_yolo_pose,SM-S906U1,GPU
2026-04-23 00:06:25.906,98.998,26.086,53.643,0.408,1.117,3.893,9.799,0.066,false,20.379,SEVERE,9,0,sequential_yolo_pose,SM-S906U1,GPU
2026-04-23 00:06:26.025,115.469,32.299,57.382,0.866,2.262,7.399,10.623,0.050,false,20.321,SEVERE,9,0,sequential_yolo_pose,SM-S906U1,GPU
2026-04-23 00:06:26.140,110.761,28.901,53.999,0.539,1.537,8.214,12.103,0.054,false,20.442,SEVERE,9,0,sequential_yolo_pose,SM-S906U1,GPU
2026-04-23 00:06:26.252,107.989,27.287,53.350,3.164,2.050,6.944,10.840,0.047,false,20.379,SEVERE,9,0,sequential_yolo_pose,SM-S906U1,GPU
2026-04-23 00:06:26.368,110.559,29.179,52.745,0.635,1.711,6.619,10.483,0.055,false,20.379,SEVERE,9,0,sequential_yolo_pose,SM-S906U1,GPU
2026-04-23 00:06:26.491,117.624,32.786,52.909,1.102,7.460,6.327,11.284,0.049,false,20.410,SEVERE,9,0,sequential_yolo_pose,SM-S906U1,GPU
2026-04-23 00:06:26.612,117.105,29.544,55.505,0.725,1.908,10.848,12.744,0.054,false,20.496,SEVERE,9,0,sequential_yolo_pose,SM-S906U1,GPU
2026-04-23 00:06:26.725,109.372,29.367,54.178,0.980,4.164,6.173,10.088,0.043,false,20.317,SEVERE,9,0,sequential_yolo_pose,SM-S906U1,GPU
2026-04-23 00:06:26.842,110.388,28.365,57.141,0.492,2.615,8.202,9.441,0.044,false,20.317,SEVERE,9,0,sequential_yolo_pose,SM-S906U1,GPU
2026-04-23 00:06:26.953,107.590,27.418,54.024,0.365,1.580,7.527,12.081,0.077,false,20.379,SEVERE,9,0,sequential_yolo_pose,SM-S906U1,GPU
2026-04-23 00:06:27.073,116.201,29.471,54.700,0.774,2.637,10.453,12.047,0.047,false,20.348,SEVERE,9,0,sequential_yolo_pose,SM-S906U1,GPU
2026-04-23 00:06:27.189,111.700,31.227,53.484,0.699,2.139,9.149,10.182,0.060,false,20.442,SEVERE,9,0,sequential_yolo_pose,SM-S906U1,GPU
2026-04-23 00:06:27.313,118.291,31.870,55.431,0.619,2.809,10.511,12.281,0.053,false,20.379,SEVERE,9,0,sequential_yolo_pose,SM-S906U1,GPU
2026-04-23 00:06:27.433,115.777,28.386,53.833,1.196,2.678,9.673,15.488,0.051,false,20.410,SEVERE,9,0,sequential_yolo_pose,SM-S906U1,GPU
2026-04-23 00:06:27.546,109.410,25.927,55.949,0.907,2.321,8.549,11.241,0.045,false,20.348,SEVERE,8,0,sequential_yolo_pose,SM-S906U1,GPU
2026-04-23 00:06:27.662,112.540,32.416,53.959,0.638,2.003,7.409,11.662,0.046,false,20.285,SEVERE,8,0,sequential_yolo_pose,SM-S906U1,GPU
2026-04-23 00:06:27.782,112.450,29.190,56.747,0.622,2.169,7.987,11.100,0.049,false,20.410,SEVERE,8,0,sequential_yolo_pose,SM-S906U1,GPU
2026-04-23 00:06:27.893,107.385,31.651,52.644,0.524,1.467,5.580,10.883,0.056,false,20.348,SEVERE,8,0,sequential_yolo_pose,SM-S906U1,GPU
2026-04-23 00:06:28.011,110.069,25.358,55.925,0.625,2.654,8.544,12.891,0.051,false,20.410,SEVERE,8,0,sequential_yolo_pose,SM-S906U1,GPU
2026-04-23 00:06:28.120,104.940,23.437,52.642,1.055,2.781,8.962,11.422,0.054,false,20.371,SEVERE,8,0,sequential_yolo_pose,SM-S906U1,GPU
2026-04-23 00:06:28.251,118.039,29.320,52.983,0.909,2.818,14.439,11.578,0.050,false,20.442,SEVERE,8,0,sequential_yolo_pose,SM-S906U1,GPU
2026-04-23 00:06:28.363,109.591,27.472,55.148,0.606,1.879,6.477,13.482,0.046,false,20.410,SEVERE,8,0,sequential_yolo_pose,SM-S906U1,GPU
2026-04-23 00:06:28.487,115.847,26.176,54.003,0.751,2.792,15.958,11.683,0.045,false,20.442,SEVERE,8,0,sequential_yolo_pose,SM-S906U1,GPU
2026-04-23 00:06:28.597,107.160,32.478,52.860,0.509,1.507,5.194,10.318,0.053,false,20.473,SEVERE,9,0,sequential_yolo_pose,SM-S906U1,GPU
2026-04-23 00:06:28.708,103.434,23.693,55.172,0.678,1.887,8.209,10.403,0.050,false,20.434,SEVERE,9,0,sequential_yolo_pose,SM-S906U1,GPU
2026-04-23 00:06:28.827,115.131,30.972,57.344,0.798,2.416,7.173,10.739,0.055,false,20.379,SEVERE,9,0,sequential_yolo_pose,SM-S906U1,GPU
2026-04-23 00:06:28.954,117.093,29.141,52.843,0.986,3.249,11.373,14.945,0.055,false,20.473,SEVERE,9,0,sequential_yolo_pose,SM-S906U1,GPU
2026-04-23 00:06:29.066,107.592,26.511,53.344,0.733,2.158,7.885,11.744,0.052,false,20.317,SEVERE,9,0,sequential_yolo_pose,SM-S906U1,GPU
2026-04-23 00:06:29.183,113.324,30.015,53.146,0.756,1.625,12.545,10.555,0.047,false,20.504,SEVERE,9,0,sequential_yolo_pose,SM-S906U1,GPU
2026-04-23 00:06:29.291,104.596,29.730,53.779,0.439,1.593,5.035,9.718,0.038,false,20.414,SEVERE,9,0,sequential_yolo_pose,SM-S906U1,GPU
2026-04-23 00:06:29.415,117.441,33.772,56.634,0.619,3.009,8.493,10.147,0.053,false,20.317,SEVERE,9,0,sequential_yolo_pose,SM-S906U1,GPU
2026-04-23 00:06:29.542,121.806,36.122,53.603,0.723,2.907,12.241,10.840,0.044,false,20.379,SEVERE,9,0,sequential_yolo_pose,SM-S906U1,GPU
2026-04-23 00:06:29.655,108.634,27.950,52.690,1.716,2.712,5.981,11.290,0.053,false,20.410,SEVERE,9,0,sequential_yolo_pose,SM-S906U1,GPU
2026-04-23 00:06:29.782,122.972,28.843,51.431,0.976,2.626,13.090,11.719,0.047,false,20.410,SEVERE,9,0,sequential_yolo_pose,SM-S906U1,GPU
2026-04-23 00:06:29.900,114.166,32.918,52.811,0.758,1.946,6.988,14.334,0.032,false,20.410,SEVERE,9,0,sequential_yolo_pose,SM-S906U1,GPU
2026-04-23 00:06:30.012,108.498,26.024,56.213,0.540,2.102,7.178,13.201,0.033,false,20.410,SEVERE,9,0,sequential_yolo_pose,SM-S906U1,GPU
2026-04-23 00:06:30.115,100.684,24.087,55.570,0.681,1.520,5.819,9.929,0.044,false,20.317,SEVERE,9,0,sequential_yolo_pose,SM-S906U1,GPU
2026-04-23 00:06:30.234,113.767,34.353,53.682,0.406,1.014,5.458,14.175,0.046,false,20.524,SEVERE,9,0,sequential_yolo_pose,SM-S906U1,GPU
2026-04-23 00:06:30.354,114.179,28.356,53.422,0.585,2.370,13.111,10.706,0.045,false,20.410,SEVERE,9,0,sequential_yolo_pose,SM-S906U1,GPU
2026-04-23 00:06:30.487,120.577,34.077,51.776,0.887,3.191,12.841,12.314,0.050,false,20.504,SEVERE,9,0,sequential_yolo_pose,SM-S906U1,GPU
2026-04-23 00:06:30.614,122.607,29.235,62.071,0.479,1.978,12.600,9.730,0.038,false,20.539,SEVERE,8,0,sequential_yolo_pose,SM-S906U1,GPU
2026-04-23 00:06:30.728,111.322,29.836,56.142,0.849,3.011,6.536,10.108,0.037,false,20.438,SEVERE,8,0,sequential_yolo_pose,SM-S906U1,GPU
2026-04-23 00:06:30.834,101.065,24.207,53.947,0.587,2.181,5.559,11.288,0.053,false,20.317,SEVERE,8,0,sequential_yolo_pose,SM-S906U1,GPU
2026-04-23 00:06:30.958,120.082,29.735,53.701,1.054,4.949,15.436,10.881,0.047,false,20.410,SEVERE,8,0,sequential_yolo_pose,SM-S906U1,GPU
2026-04-23 00:06:31.070,106.130,24.253,56.576,0.455,1.890,5.533,14.001,0.031,false,20.410,SEVERE,8,0,sequential_yolo_pose,SM-S906U1,GPU
2026-04-23 00:06:31.190,117.028,32.920,53.380,0.790,7.863,6.971,10.599,0.052,false,20.442,SEVERE,8,0,sequential_yolo_pose,SM-S906U1,GPU
2026-04-23 00:06:31.301,107.617,29.835,54.315,0.455,1.992,5.257,11.506,0.051,false,20.446,SEVERE,8,0,sequential_yolo_pose,SM-S906U1,GPU
2026-04-23 00:06:31.421,116.592,29.151,55.307,0.674,2.747,11.326,12.890,0.044,false,20.410,SEVERE,8,0,sequential_yolo_pose,SM-S906U1,GPU
2026-04-23 00:06:31.529,103.174,26.229,53.549,0.568,1.633,6.281,10.110,0.048,false,20.442,SEVERE,8,0,sequential_yolo_pose,SM-S906U1,GPU
2026-04-23 00:06:31.657,117.912,34.079,54.847,0.887,2.382,10.996,10.182,0.050,false,20.414,SEVERE,9,0,sequential_yolo_pose,SM-S906U1,GPU
2026-04-23 00:06:31.775,112.248,25.094,57.425,0.515,1.474,7.828,16.270,0.056,false,20.410,SEVERE,9,0,sequential_yolo_pose,SM-S906U1,GPU
2026-04-23 00:06:31.892,113.580,30.226,54.269,0.733,4.098,6.579,12.880,0.047,false,20.379,SEVERE,9,0,sequential_yolo_pose,SM-S906U1,GPU
2026-04-23 00:06:32.006,103.614,24.598,54.409,0.527,1.524,5.567,13.343,0.058,false,20.379,SEVERE,9,0,sequential_yolo_pose,SM-S906U1,GPU
2026-04-23 00:06:32.121,111.280,30.371,57.152,0.977,1.848,6.379,10.037,0.049,false,20.285,SEVERE,9,0,sequential_yolo_pose,SM-S906U1,GPU
2026-04-23 00:06:32.240,115.317,27.976,57.854,0.687,1.708,6.343,13.801,0.033,false,20.317,SEVERE,9,0,sequential_yolo_pose,SM-S906U1,GPU
2026-04-23 00:06:32.349,105.579,25.094,54.707,0.751,1.979,8.893,11.102,0.043,false,20.379,SEVERE,9,0,sequential_yolo_pose,SM-S906U1,GPU
2026-04-23 00:06:32.466,110.990,31.233,52.032,0.871,2.504,8.869,10.762,0.049,false,20.410,SEVERE,9,0,sequential_yolo_pose,SM-S906U1,GPU
2026-04-23 00:06:32.587,113.345,29.660,52.784,0.927,2.767,11.881,10.685,0.042,false,20.410,SEVERE,8,0,sequential_yolo_pose,SM-S906U1,GPU
2026-04-23 00:06:32.713,115.344,28.596,58.296,0.811,3.105,7.677,9.664,0.048,false,20.379,SEVERE,8,0,sequential_yolo_pose,SM-S906U1,GPU
2026-04-23 00:06:32.821,104.098,27.418,53.398,0.956,1.828,6.147,9.553,0.053,false,20.223,SEVERE,8,0,sequential_yolo_pose,SM-S906U1,GPU
2026-04-23 00:06:32.946,121.426,30.412,55.037,0.557,2.562,14.528,11.162,0.046,false,20.473,SEVERE,8,0,sequential_yolo_pose,SM-S906U1,GPU
2026-04-23 00:06:33.055,105.564,29.614,54.008,0.615,1.603,5.732,9.902,0.048,false,20.317,SEVERE,8,0,sequential_yolo_pose,SM-S906U1,GPU
2026-04-23 00:06:33.174,115.159,32.271,55.841,0.720,1.654,8.846,10.301,0.045,false,20.410,SEVERE,8,0,sequential_yolo_pose,SM-S906U1,GPU
2026-04-23 00:06:33.286,108.637,29.153,52.369,0.852,2.437,8.015,11.684,0.042,false,20.410,SEVERE,8,0,sequential_yolo_pose,SM-S906U1,GPU
2026-04-23 00:06:33.407,117.812,33.888,55.173,0.513,2.271,9.418,11.908,0.048,false,20.379,SEVERE,8,0,sequential_yolo_pose,SM-S906U1,GPU
2026-04-23 00:06:33.524,111.964,30.738,54.406,0.771,2.434,8.207,10.950,0.048,false,20.383,SEVERE,8,0,sequential_yolo_pose,SM-S906U1,GPU
2026-04-23 00:06:33.636,106.487,24.273,55.270,1.320,1.569,6.216,13.246,0.054,false,20.504,SEVERE,9,0,sequential_yolo_pose,SM-S906U1,GPU
2026-04-23 00:06:33.756,116.239,30.857,54.708,0.924,2.633,12.658,10.335,0.053,false,20.379,SEVERE,9,0,sequential_yolo_pose,SM-S906U1,GPU
2026-04-23 00:06:33.876,116.671,31.219,55.141,0.715,1.909,9.513,12.895,0.085,false,20.410,SEVERE,9,0,sequential_yolo_pose,SM-S906U1,GPU
2026-04-23 00:06:33.989,109.769,27.252,56.716,0.737,2.577,7.801,10.232,0.060,false,20.410,SEVERE,9,0,sequential_yolo_pose,SM-S906U1,GPU
2026-04-23 00:06:34.107,113.728,29.512,52.415,0.462,1.458,7.728,14.277,0.045,false,20.379,SEVERE,9,0,sequential_yolo_pose,SM-S906U1,GPU
2026-04-23 00:06:34.222,111.534,29.098,55.104,0.761,1.843,10.348,9.939,0.048,false,20.465,SEVERE,9,0,sequential_yolo_pose,SM-S906U1,GPU
2026-04-23 00:06:34.338,111.575,31.504,53.673,0.614,2.095,6.439,12.959,0.048,false,20.379,SEVERE,9,0,sequential_yolo_pose,SM-S906U1,GPU
2026-04-23 00:06:34.430,88.097,30.079,53.505,0.296,0.000,0.000,0.000,0.000,true,16.953,SEVERE,9,0,sequential_yolo_pose,SM-S906U1,GPU
2026-04-23 00:06:34.557,122.826,30.650,57.266,1.026,3.501,8.609,14.363,0.094,false,34.024,SEVERE,9,0,sequential_yolo_pose,SM-S906U1,GPU
2026-04-23 00:06:34.681,117.632,31.928,56.298,3.532,4.923,7.276,10.278,0.046,false,28.875,SEVERE,9,0,sequential_yolo_pose,SM-S906U1,GPU
2026-04-23 00:06:34.799,113.839,29.853,55.455,0.727,2.149,7.252,13.145,0.049,false,20.352,SEVERE,9,0,sequential_yolo_pose,SM-S906U1,GPU
2026-04-23 00:06:34.914,111.248,23.496,56.397,0.521,1.545,12.977,13.101,0.049,false,20.410,SEVERE,9,0,sequential_yolo_pose,SM-S906U1,GPU
2026-04-23 00:06:35.045,127.115,35.250,53.689,0.456,1.726,7.217,24.421,0.057,false,20.410,SEVERE,9,0,sequential_yolo_pose,SM-S906U1,GPU
2026-04-23 00:06:35.158,108.637,29.704,52.940,0.660,1.815,6.335,12.692,0.047,false,20.348,SEVERE,9,0,sequential_yolo_pose,SM-S906U1,GPU
2026-04-23 00:06:35.273,104.842,25.423,52.784,0.470,1.402,5.346,16.005,0.050,false,20.379,SEVERE,9,0,sequential_yolo_pose,SM-S906U1,GPU
2026-04-23 00:06:35.386,109.857,27.954,52.767,0.935,3.338,9.000,10.387,0.058,false,20.410,SEVERE,9,0,sequential_yolo_pose,SM-S906U1,GPU
2026-04-23 00:06:35.506,114.381,33.127,53.746,0.764,2.766,9.089,10.085,0.049,false,20.379,SEVERE,9,0,sequential_yolo_pose,SM-S906U1,GPU
2026-04-23 00:06:35.620,110.353,30.674,53.061,0.689,2.512,8.834,10.083,0.045,false,20.410,SEVERE,8,0,sequential_yolo_pose,SM-S906U1,GPU
2026-04-23 00:06:35.741,117.467,29.647,57.590,0.597,2.014,9.132,13.770,0.098,false,20.379,SEVERE,8,0,sequential_yolo_pose,SM-S906U1,GPU
2026-04-23 00:06:35.855,109.416,29.421,53.729,0.569,1.901,8.221,10.788,0.033,false,20.379,SEVERE,8,0,sequential_yolo_pose,SM-S906U1,GPU
2026-04-23 00:06:35.985,125.916,30.000,53.254,0.432,1.395,5.689,28.236,0.021,false,20.473,SEVERE,8,0,sequential_yolo_pose,SM-S906U1,GPU
2026-04-23 00:06:36.157,162.419,75.767,52.829,0.845,1.957,7.324,11.396,0.049,false,20.379,SEVERE,8,0,sequential_yolo_pose,SM-S906U1,GPU
2026-04-23 00:06:36.272,111.288,32.345,52.739,0.719,1.867,7.663,9.903,0.042,false,20.442,SEVERE,8,0,sequential_yolo_pose,SM-S906U1,GPU
2026-04-23 00:06:36.390,113.968,31.613,54.349,0.692,3.208,9.502,10.068,0.061,false,20.379,SEVERE,8,0,sequential_yolo_pose,SM-S906U1,GPU
2026-04-23 00:06:36.499,102.637,27.841,52.080,0.470,1.410,5.203,10.294,0.060,false,20.348,SEVERE,8,0,sequential_yolo_pose,SM-S906U1,GPU
2026-04-23 00:06:36.609,103.356,24.370,57.095,0.540,2.607,5.127,10.484,0.055,false,20.410,SEVERE,8,0,sequential_yolo_pose,SM-S906U1,GPU
2026-04-23 00:06:36.748,132.942,33.373,56.256,0.331,2.730,3.762,28.831,0.030,false,20.473,SEVERE,8,0,sequential_yolo_pose,SM-S906U1,GPU
2026-04-23 00:06:36.880,125.560,46.767,53.865,0.467,2.703,6.862,11.692,0.038,false,20.410,SEVERE,8,0,sequential_yolo_pose,SM-S906U1,GPU
2026-04-23 00:06:36.988,103.840,28.302,54.353,0.534,1.738,5.440,10.324,0.053,false,20.317,SEVERE,8,0,sequential_yolo_pose,SM-S906U1,GPU
2026-04-23 00:06:37.107,114.285,33.298,55.243,0.544,1.749,5.970,12.074,0.055,false,20.379,SEVERE,8,0,sequential_yolo_pose,SM-S906U1,GPU
2026-04-23 00:06:37.223,110.923,35.059,54.302,0.545,1.527,5.305,10.005,0.062,false,20.379,SEVERE,8,0,sequential_yolo_pose,SM-S906U1,GPU
2026-04-23 00:06:37.335,105.472,24.633,55.506,0.586,1.715,5.746,13.598,0.049,false,20.348,SEVERE,8,0,sequential_yolo_pose,SM-S906U1,GPU
2026-04-23 00:06:37.453,114.061,28.155,54.226,0.731,4.617,10.352,11.337,0.061,false,20.442,SEVERE,8,0,sequential_yolo_pose,SM-S906U1,GPU
2026-04-23 00:06:37.576,116.578,32.794,53.702,0.722,2.094,7.058,13.078,0.066,false,20.348,SEVERE,8,0,sequential_yolo_pose,SM-S906U1,GPU
2026-04-23 00:06:37.687,107.923,31.036,53.945,0.791,1.726,5.459,10.249,0.056,false,20.352,SEVERE,9,0,sequential_yolo_pose,SM-S906U1,GPU
2026-04-23 00:06:37.802,109.473,28.350,54.390,0.841,1.939,8.369,10.726,0.055,false,20.348,SEVERE,9,0,sequential_yolo_pose,SM-S906U1,GPU
2026-04-23 00:06:37.926,117.534,33.233,52.936,1.009,2.752,11.380,10.840,0.068,false,20.348,SEVERE,9,0,sequential_yolo_pose,SM-S906U1,GPU
2026-04-23 00:06:38.046,115.773,30.837,55.103,0.699,1.779,9.047,13.306,0.052,false,20.438,SEVERE,9,0,sequential_yolo_pose,SM-S906U1,GPU
2026-04-23 00:06:38.165,114.514,31.764,54.809,0.847,2.385,7.707,12.161,0.065,false,20.379,SEVERE,9,0,sequential_yolo_pose,SM-S906U1,GPU
2026-04-23 00:06:38.293,120.530,31.618,54.108,0.598,2.193,13.849,13.025,0.049,false,20.473,SEVERE,9,0,sequential_yolo_pose,SM-S906U1,GPU
2026-04-23 00:06:38.412,113.834,28.687,55.989,0.824,3.003,7.740,12.660,0.048,false,20.348,SEVERE,9,0,sequential_yolo_pose,SM-S906U1,GPU
2026-04-23 00:06:38.525,109.683,31.777,52.605,0.767,2.071,7.127,10.700,0.051,false,20.348,SEVERE,9,0,sequential_yolo_pose,SM-S906U1,GPU
2026-04-23 00:06:38.650,119.669,32.624,53.752,1.008,2.896,11.528,13.098,0.050,false,20.442,SEVERE,8,0,sequential_yolo_pose,SM-S906U1,GPU
2026-04-23 00:06:38.773,118.954,26.933,55.617,1.011,2.758,8.440,19.424,0.063,false,20.383,SEVERE,8,0,sequential_yolo_pose,SM-S906U1,GPU
2026-04-23 00:06:38.890,113.473,27.940,54.017,1.521,3.072,9.855,12.204,0.052,false,20.379,SEVERE,8,0,sequential_yolo_pose,SM-S906U1,GPU
2026-04-23 00:06:39.016,117.876,31.100,55.770,1.132,3.068,8.336,13.501,0.053,false,20.379,SEVERE,8,0,sequential_yolo_pose,SM-S906U1,GPU
2026-04-23 00:06:39.145,123.946,32.187,52.799,0.801,2.504,8.535,21.652,0.051,false,20.442,SEVERE,8,0,sequential_yolo_pose,SM-S906U1,GPU
2026-04-23 00:06:39.257,108.443,26.883,54.208,1.180,3.012,7.329,11.386,0.037,false,20.285,SEVERE,8,0,sequential_yolo_pose,SM-S906U1,GPU
2026-04-23 00:06:39.381,118.229,32.830,54.204,1.321,3.627,9.274,11.754,0.039,false,20.410,SEVERE,8,0,sequential_yolo_pose,SM-S906U1,GPU
2026-04-23 00:06:39.505,118.230,28.503,54.281,0.980,2.465,9.891,11.049,0.060,false,20.410,SEVERE,8,0,sequential_yolo_pose,SM-S906U1,GPU
2026-04-23 00:06:39.624,113.608,30.918,53.815,1.128,2.733,8.965,11.475,0.043,false,20.410,SEVERE,8,0,sequential_yolo_pose,SM-S906U1,GPU
2026-04-23 00:06:39.742,111.063,24.071,57.727,0.579,1.674,7.712,15.802,0.049,false,20.504,SEVERE,9,0,sequential_yolo_pose,SM-S906U1,GPU
2026-04-23 00:06:39.861,114.936,30.367,52.870,0.801,2.298,9.017,14.529,0.092,false,20.442,SEVERE,9,0,sequential_yolo_pose,SM-S906U1,GPU
2026-04-23 00:06:39.978,113.576,30.665,54.576,0.696,1.773,7.974,11.529,0.050,false,20.379,SEVERE,9,0,sequential_yolo_pose,SM-S906U1,GPU
2026-04-23 00:06:40.092,109.364,32.282,55.563,0.668,1.621,5.100,9.795,0.034,false,20.317,SEVERE,9,0,sequential_yolo_pose,SM-S906U1,GPU
2026-04-23 00:06:40.200,104.444,23.587,54.060,0.760,1.966,6.911,13.570,0.066,false,20.403,SEVERE,9,0,sequential_yolo_pose,SM-S906U1,GPU
2026-04-23 00:06:40.317,108.660,30.001,53.861,0.513,1.571,6.096,11.436,0.057,false,20.410,SEVERE,9,0,sequential_yolo_pose,SM-S906U1,GPU
2026-04-23 00:06:40.439,117.464,30.440,55.187,1.004,2.720,8.953,14.283,0.073,false,20.348,SEVERE,9,0,sequential_yolo_pose,SM-S906U1,GPU
2026-04-23 00:06:40.555,111.553,29.137,53.786,1.086,3.206,8.121,11.545,0.056,false,20.403,SEVERE,9,0,sequential_yolo_pose,SM-S906U1,GPU
2026-04-23 00:06:40.690,123.861,29.366,60.390,3.421,2.533,8.737,14.633,0.051,false,20.379,SEVERE,8,0,sequential_yolo_pose,SM-S906U1,GPU
2026-04-23 00:06:40.807,110.413,28.126,55.289,0.553,1.585,8.113,11.408,0.256,false,20.383,SEVERE,8,0,sequential_yolo_pose,SM-S906U1,GPU
2026-04-23 00:06:40.898,86.103,28.272,52.641,0.517,0.000,0.000,0.000,0.000,true,16.985,SEVERE,8,0,sequential_yolo_pose,SM-S906U1,GPU
2026-04-23 00:06:40.998,81.570,24.046,53.329,0.930,0.000,0.000,0.000,0.000,true,30.598,SEVERE,8,0,sequential_yolo_pose,SM-S906U1,GPU
2026-04-23 00:06:41.123,119.020,34.821,52.687,0.601,2.273,7.729,11.605,0.048,false,16.860,SEVERE,8,0,sequential_yolo_pose,SM-S906U1,GPU
2026-04-23 00:06:41.253,123.767,30.462,58.449,0.981,3.240,11.291,11.826,0.049,false,20.410,SEVERE,8,0,sequential_yolo_pose,SM-S906U1,GPU
2026-04-23 00:06:41.380,121.417,32.977,54.673,0.832,2.986,10.682,14.641,0.049,false,20.410,SEVERE,8,0,sequential_yolo_pose,SM-S906U1,GPU
2026-04-23 00:06:41.494,108.972,29.273,55.167,0.766,2.423,6.429,10.696,0.050,false,20.348,SEVERE,8,0,sequential_yolo_pose,SM-S906U1,GPU
2026-04-23 00:06:41.620,117.489,24.980,61.851,0.972,2.788,10.498,12.863,0.058,false,20.410,SEVERE,8,0,sequential_yolo_pose,SM-S906U1,GPU
2026-04-23 00:06:41.751,125.240,33.255,55.799,0.832,2.960,15.331,12.273,0.061,false,20.414,SEVERE,9,0,sequential_yolo_pose,SM-S906U1,GPU
2026-04-23 00:06:41.867,111.601,31.547,53.861,0.557,2.259,6.216,11.559,0.710,false,20.379,SEVERE,9,0,sequential_yolo_pose,SM-S906U1,GPU
2026-04-23 00:06:41.992,119.138,31.330,55.361,1.148,4.071,9.087,12.817,0.113,false,20.442,SEVERE,9,0,sequential_yolo_pose,SM-S906U1,GPU
2026-04-23 00:06:42.115,116.012,26.062,55.970,0.564,1.761,9.533,16.464,0.038,false,20.442,SEVERE,9,0,sequential_yolo_pose,SM-S906U1,GPU
2026-04-23 00:06:42.226,107.199,24.394,55.727,1.099,2.652,8.585,11.109,0.034,false,20.379,SEVERE,9,0,sequential_yolo_pose,SM-S906U1,GPU
2026-04-23 00:06:42.343,110.966,28.745,55.072,0.922,2.499,7.770,10.922,0.065,false,20.410,SEVERE,9,0,sequential_yolo_pose,SM-S906U1,GPU
2026-04-23 00:06:42.463,114.922,30.146,53.238,1.134,3.007,8.902,13.252,0.082,false,20.379,SEVERE,9,0,sequential_yolo_pose,SM-S906U1,GPU
2026-04-23 00:06:42.586,112.678,26.729,53.921,1.115,3.113,13.470,10.657,0.068,false,20.379,SEVERE,9,0,sequential_yolo_pose,SM-S906U1,GPU
2026-04-23 00:06:42.703,110.744,29.835,54.202,0.546,1.440,5.911,10.373,0.069,false,20.504,SEVERE,8,0,sequential_yolo_pose,SM-S906U1,GPU
2026-04-23 00:06:42.824,118.042,33.343,55.697,1.070,2.481,8.229,11.664,0.060,false,20.410,SEVERE,8,0,sequential_yolo_pose,SM-S906U1,GPU
2026-04-23 00:06:42.939,108.073,25.740,52.555,0.729,1.684,7.204,12.579,0.047,false,20.348,SEVERE,8,0,sequential_yolo_pose,SM-S906U1,GPU
2026-04-23 00:06:43.055,112.106,29.436,54.514,0.806,2.573,8.689,11.133,0.056,false,20.348,SEVERE,8,0,sequential_yolo_pose,SM-S906U1,GPU
2026-04-23 00:06:43.173,111.494,30.257,51.263,0.755,1.902,6.713,13.075,0.048,false,20.379,SEVERE,8,0,sequential_yolo_pose,SM-S906U1,GPU
2026-04-23 00:06:43.284,106.505,24.742,53.488,1.219,3.339,9.539,10.569,0.057,false,20.348,SEVERE,8,0,sequential_yolo_pose,SM-S906U1,GPU
2026-04-23 00:06:43.408,118.940,33.243,56.248,0.551,2.639,9.344,12.051,0.053,false,20.379,SEVERE,8,0,sequential_yolo_pose,SM-S906U1,GPU
2026-04-23 00:06:43.529,115.042,31.059,53.981,0.801,3.239,7.626,12.514,0.075,false,20.442,SEVERE,8,0,sequential_yolo_pose,SM-S906U1,GPU
2026-04-23 00:06:43.653,117.955,31.189,55.069,1.093,3.074,11.696,10.432,0.054,false,20.348,SEVERE,8,0,sequential_yolo_pose,SM-S906U1,GPU
2026-04-23 00:06:43.785,126.913,33.752,56.833,1.050,2.896,14.142,11.262,0.050,false,20.410,SEVERE,9,0,sequential_yolo_pose,SM-S906U1,GPU
2026-04-23 00:06:43.907,117.807,28.430,54.517,0.867,2.661,9.039,17.558,0.066,false,20.379,SEVERE,9,0,sequential_yolo_pose,SM-S906U1,GPU
2026-04-23 00:06:44.026,114.231,30.290,55.389,1.078,2.442,7.977,12.575,0.047,false,20.379,SEVERE,9,0,sequential_yolo_pose,SM-S906U1,GPU
2026-04-23 00:06:44.151,115.605,27.931,55.736,1.311,3.396,8.933,13.189,0.056,false,20.410,SEVERE,9,0,sequential_yolo_pose,SM-S906U1,GPU
2026-04-23 00:06:44.271,115.181,27.209,55.797,0.824,1.994,8.696,14.337,0.053,false,20.379,SEVERE,9,0,sequential_yolo_pose,SM-S906U1,GPU
2026-04-23 00:06:44.391,115.100,30.354,55.694,1.023,3.460,8.662,11.230,0.048,false,20.379,SEVERE,9,0,sequential_yolo_pose,SM-S906U1,GPU
2026-04-23 00:06:44.481,81.628,24.571,53.536,0.392,0.000,0.000,0.000,0.000,true,16.985,SEVERE,9,0,sequential_yolo_pose,SM-S906U1,GPU
2026-04-23 00:06:44.589,103.829,40.560,57.600,0.532,0.000,0.000,0.000,0.000,true,30.629,SEVERE,9,0,sequential_yolo_pose,SM-S906U1,GPU
2026-04-23 00:06:44.715,109.278,30.474,53.135,0.746,1.769,6.561,11.723,0.051,false,16.989,SEVERE,8,0,sequential_yolo_pose,SM-S906U1,GPU
2026-04-23 00:06:44.831,111.929,29.685,55.196,0.780,1.991,6.744,12.719,0.058,false,20.414,SEVERE,8,0,sequential_yolo_pose,SM-S906U1,GPU
2026-04-23 00:06:44.957,118.908,29.169,53.409,1.002,4.989,13.606,12.105,0.049,false,20.410,SEVERE,8,0,sequential_yolo_pose,SM-S906U1,GPU
2026-04-23 00:06:45.080,117.372,33.021,53.749,0.842,2.490,11.019,11.188,0.054,false,20.379,SEVERE,8,0,sequential_yolo_pose,SM-S906U1,GPU
2026-04-23 00:06:45.200,115.966,33.097,51.154,1.039,2.780,9.034,13.900,0.162,false,20.379,SEVERE,8,0,sequential_yolo_pose,SM-S906U1,GPU
2026-04-23 00:06:45.322,112.947,30.435,55.080,0.927,2.797,8.586,10.308,0.065,false,20.379,SEVERE,8,0,sequential_yolo_pose,SM-S906U1,GPU
2026-04-23 00:06:45.445,114.465,30.104,53.724,0.873,2.475,11.050,11.597,0.061,false,20.379,SEVERE,8,0,sequential_yolo_pose,SM-S906U1,GPU
2026-04-23 00:06:45.561,111.776,28.141,55.456,0.989,3.005,8.175,11.323,0.058,false,20.317,SEVERE,8,0,sequential_yolo_pose,SM-S906U1,GPU
2026-04-23 00:06:45.686,118.011,32.011,52.273,1.065,3.074,10.688,14.005,0.046,false,20.442,SEVERE,8,0,sequential_yolo_pose,SM-S906U1,GPU
2026-04-23 00:06:45.811,121.295,31.155,58.034,0.665,2.765,10.405,13.616,0.062,false,20.352,SEVERE,8,0,sequential_yolo_pose,SM-S906U1,GPU
2026-04-23 00:06:45.932,116.801,29.761,56.173,0.871,2.146,7.815,15.345,0.055,false,20.379,SEVERE,8,0,sequential_yolo_pose,SM-S906U1,GPU
2026-04-23 00:06:46.058,117.236,28.794,52.784,1.105,3.006,14.985,11.642,0.047,false,20.442,SEVERE,8,0,sequential_yolo_pose,SM-S906U1,GPU
2026-04-23 00:06:46.184,121.028,34.199,54.915,0.832,2.539,11.348,11.281,0.053,false,20.379,SEVERE,8,0,sequential_yolo_pose,SM-S906U1,GPU
2026-04-23 00:06:46.298,110.485,30.624,53.155,0.942,2.420,7.598,11.017,0.053,false,20.348,SEVERE,8,0,sequential_yolo_pose,SM-S906U1,GPU
2026-04-23 00:06:46.418,112.356,29.690,52.729,1.150,2.969,10.036,10.575,0.059,false,20.379,SEVERE,8,0,sequential_yolo_pose,SM-S906U1,GPU
2026-04-23 00:06:46.533,111.204,29.576,54.446,0.575,1.885,6.095,13.728,0.051,false,20.442,SEVERE,8,0,sequential_yolo_pose,SM-S906U1,GPU
2026-04-23 00:06:46.644,106.117,24.122,56.673,0.817,2.422,7.908,10.659,0.059,false,20.379,SEVERE,8,0,sequential_yolo_pose,SM-S906U1,GPU
2026-04-23 00:06:46.756,107.352,28.738,54.878,0.780,1.942,6.448,10.118,0.051,false,20.340,SEVERE,9,0,sequential_yolo_pose,SM-S906U1,GPU
2026-04-23 00:06:46.886,125.740,27.328,60.105,1.046,4.578,9.822,11.672,0.064,false,20.410,SEVERE,9,0,sequential_yolo_pose,SM-S906U1,GPU
2026-04-23 00:06:47.019,121.878,31.070,54.015,1.146,4.271,9.831,16.407,0.053,false,20.410,SEVERE,9,0,sequential_yolo_pose,SM-S906U1,GPU
2026-04-23 00:06:47.131,106.572,24.451,53.213,0.716,1.886,6.875,12.789,0.050,false,20.379,SEVERE,9,0,sequential_yolo_pose,SM-S906U1,GPU
2026-04-23 00:06:47.253,116.557,26.615,57.658,0.900,4.434,11.486,10.248,0.047,false,20.442,SEVERE,9,0,sequential_yolo_pose,SM-S906U1,GPU
2026-04-23 00:06:47.382,124.974,29.494,54.851,0.546,1.966,7.171,16.098,0.041,false,20.473,SEVERE,9,0,sequential_yolo_pose,SM-S906U1,GPU
2026-04-23 00:06:47.493,107.682,23.812,53.482,0.818,2.590,12.480,11.219,0.048,false,20.442,SEVERE,9,0,sequential_yolo_pose,SM-S906U1,GPU
2026-04-23 00:06:47.613,114.354,28.211,54.524,0.703,2.131,12.813,11.319,0.051,false,20.379,SEVERE,9,0,sequential_yolo_pose,SM-S906U1,GPU
2026-04-23 00:06:47.731,113.781,32.999,53.558,0.383,1.519,6.053,14.373,0.038,false,20.504,SEVERE,8,0,sequential_yolo_pose,SM-S906U1,GPU
2026-04-23 00:06:47.854,115.800,27.821,56.392,1.837,3.019,11.108,10.855,0.037,false,20.379,SEVERE,8,0,sequential_yolo_pose,SM-S906U1,GPU
2026-04-23 00:06:47.950,91.420,31.808,53.721,0.681,0.000,0.000,0.000,0.000,true,16.953,SEVERE,8,0,sequential_yolo_pose,SM-S906U1,GPU
2026-04-23 00:06:48.083,126.246,31.028,58.574,0.863,2.556,11.601,11.597,0.041,false,34.024,SEVERE,8,0,sequential_yolo_pose,SM-S906U1,GPU
2026-04-23 00:06:48.212,124.748,33.349,57.127,0.977,2.621,12.065,12.376,0.052,false,30.282,SEVERE,8,0,sequential_yolo_pose,SM-S906U1,GPU
2026-04-23 00:06:48.347,121.709,34.106,53.087,0.818,2.671,12.664,12.040,0.060,false,20.375,SEVERE,8,0,sequential_yolo_pose,SM-S906U1,GPU
2026-04-23 00:06:48.465,114.704,34.065,52.745,0.949,2.643,8.618,10.986,0.061,false,20.379,SEVERE,8,0,sequential_yolo_pose,SM-S906U1,GPU
2026-04-23 00:06:48.587,115.505,31.674,54.331,1.186,2.646,9.104,12.035,0.037,false,20.379,SEVERE,8,0,sequential_yolo_pose,SM-S906U1,GPU
2026-04-23 00:06:48.713,122.249,32.219,55.170,0.855,2.135,13.087,12.081,0.050,false,20.442,SEVERE,8,0,sequential_yolo_pose,SM-S906U1,GPU
2026-04-23 00:06:48.821,104.846,29.974,54.101,0.455,0.976,3.961,10.865,0.052,false,20.321,SEVERE,8,0,sequential_yolo_pose,SM-S906U1,GPU
2026-04-23 00:06:48.942,116.122,32.131,52.064,0.682,1.584,8.222,15.057,0.048,false,20.379,SEVERE,8,0,sequential_yolo_pose,SM-S906U1,GPU
2026-04-23 00:06:49.065,116.845,30.826,55.023,0.906,2.270,7.988,14.010,1.177,false,20.410,SEVERE,8,0,sequential_yolo_pose,SM-S906U1,GPU
2026-04-23 00:06:49.185,115.788,29.280,56.325,0.996,2.607,11.788,10.081,0.047,false,20.410,SEVERE,8,0,sequential_yolo_pose,SM-S906U1,GPU
2026-04-23 00:06:49.303,113.926,34.749,53.031,0.528,1.396,5.144,14.580,0.049,false,20.379,SEVERE,8,0,sequential_yolo_pose,SM-S906U1,GPU
2026-04-23 00:06:49.420,112.751,34.806,51.791,0.802,2.306,8.068,10.688,0.047,false,20.379,SEVERE,8,0,sequential_yolo_pose,SM-S906U1,GPU
2026-04-23 00:06:49.545,120.694,30.248,52.457,1.010,3.101,12.858,13.653,0.054,false,20.410,SEVERE,8,0,sequential_yolo_pose,SM-S906U1,GPU
2026-04-23 00:06:49.654,105.100,27.733,51.927,0.967,1.633,6.638,11.484,0.056,false,20.403,SEVERE,8,0,sequential_yolo_pose,SM-S906U1,GPU
2026-04-23 00:06:49.772,112.368,30.844,52.637,0.681,1.654,5.538,13.000,0.024,false,20.504,SEVERE,9,0,sequential_yolo_pose,SM-S906U1,GPU
2026-04-23 00:06:49.886,110.777,26.753,56.441,0.646,1.663,10.388,11.337,0.057,false,20.348,SEVERE,9,0,sequential_yolo_pose,SM-S906U1,GPU
2026-04-23 00:06:50.003,112.570,33.752,52.030,0.714,1.724,6.722,12.655,0.050,false,20.348,SEVERE,9,0,sequential_yolo_pose,SM-S906U1,GPU
2026-04-23 00:06:50.125,118.317,29.934,55.201,1.157,2.887,11.483,13.068,0.050,false,20.379,SEVERE,9,0,sequential_yolo_pose,SM-S906U1,GPU
2026-04-23 00:06:50.242,108.252,29.415,51.735,0.570,1.828,5.917,12.420,0.053,false,20.379,SEVERE,9,0,sequential_yolo_pose,SM-S906U1,GPU
2026-04-23 00:06:50.354,106.909,27.159,52.023,0.971,2.558,9.065,11.493,0.057,false,20.410,SEVERE,9,0,sequential_yolo_pose,SM-S906U1,GPU
2026-04-23 00:06:50.484,125.664,31.150,55.922,0.601,1.909,6.159,24.949,0.036,false,20.473,SEVERE,9,0,sequential_yolo_pose,SM-S906U1,GPU
2026-04-23 00:06:50.588,100.670,24.531,55.745,0.480,1.347,4.051,11.390,0.036,false,20.285,SEVERE,9,0,sequential_yolo_pose,SM-S906U1,GPU
2026-04-23 00:06:50.701,108.895,24.608,54.486,0.883,2.351,9.454,13.240,0.124,false,20.410,SEVERE,9,0,sequential_yolo_pose,SM-S906U1,GPU
2026-04-23 00:06:50.822,117.258,31.613,57.240,1.175,2.553,9.331,11.827,0.071,false,20.383,SEVERE,9,0,sequential_yolo_pose,SM-S906U1,GPU
2026-04-23 00:06:50.950,120.408,27.985,57.558,0.569,2.666,12.483,13.918,0.052,false,20.410,SEVERE,9,0,sequential_yolo_pose,SM-S906U1,GPU
2026-04-23 00:06:51.077,122.770,33.646,59.295,0.905,2.487,10.167,11.546,0.056,false,20.379,SEVERE,9,0,sequential_yolo_pose,SM-S906U1,GPU
2026-04-23 00:06:51.194,112.228,29.727,55.397,1.012,2.355,7.757,11.393,0.051,false,20.379,SEVERE,9,0,sequential_yolo_pose,SM-S906U1,GPU
2026-04-23 00:06:51.322,117.337,29.298,53.860,1.051,3.002,12.036,12.501,0.058,false,20.410,SEVERE,9,0,sequential_yolo_pose,SM-S906U1,GPU
2026-04-23 00:06:51.448,121.673,28.832,55.193,0.591,2.972,10.402,18.817,0.064,false,20.348,SEVERE,9,0,sequential_yolo_pose,SM-S906U1,GPU
2026-04-23 00:06:51.562,109.610,28.278,52.359,0.964,2.529,7.940,12.545,0.055,false,20.473,SEVERE,9,0,sequential_yolo_pose,SM-S906U1,GPU
2026-04-23 00:06:51.687,116.755,26.181,55.504,1.026,2.747,14.435,11.919,0.053,false,20.410,SEVERE,9,0,sequential_yolo_pose,SM-S906U1,GPU
2026-04-23 00:06:51.804,112.508,29.148,55.324,0.588,1.639,7.584,13.174,0.162,false,20.399,SEVERE,8,0,sequential_yolo_pose,SM-S906U1,GPU
2026-04-23 00:06:51.922,112.776,31.726,52.766,1.038,2.648,9.323,10.854,0.051,false,20.348,SEVERE,8,0,sequential_yolo_pose,SM-S906U1,GPU
2026-04-23 00:06:52.041,112.391,24.634,54.757,0.833,2.363,10.115,16.212,0.056,false,20.410,SEVERE,8,0,sequential_yolo_pose,SM-S906U1,GPU
2026-04-23 00:06:52.160,114.580,30.518,54.888,1.065,2.332,9.067,12.206,0.056,false,20.379,SEVERE,8,0,sequential_yolo_pose,SM-S906U1,GPU
2026-04-23 00:06:52.285,120.248,30.643,55.590,0.955,2.710,12.037,12.333,0.049,false,20.410,SEVERE,8,0,sequential_yolo_pose,SM-S906U1,GPU
2026-04-23 00:06:52.409,116.781,29.030,57.340,0.673,3.604,7.917,12.420,0.042,false,20.379,SEVERE,8,0,sequential_yolo_pose,SM-S906U1,GPU
2026-04-23 00:06:52.519,104.729,28.776,55.090,0.432,1.125,4.495,9.984,0.057,false,20.317,SEVERE,8,0,sequential_yolo_pose,SM-S906U1,GPU
2026-04-23 00:06:52.639,115.255,28.738,56.316,0.799,2.335,9.884,12.609,0.073,false,20.379,SEVERE,8,0,sequential_yolo_pose,SM-S906U1,GPU
2026-04-23 00:06:52.759,114.689,30.707,52.705,1.251,3.203,11.165,11.192,0.045,false,20.410,SEVERE,8,0,sequential_yolo_pose,SM-S906U1,GPU
2026-04-23 00:06:52.884,119.538,27.892,55.692,0.760,3.866,14.703,10.284,0.084,false,20.414,SEVERE,8,0,sequential_yolo_pose,SM-S906U1,GPU
2026-04-23 00:06:53.002,113.982,29.304,55.706,0.836,1.876,8.746,12.815,0.065,false,20.379,SEVERE,8,0,sequential_yolo_pose,SM-S906U1,GPU
2026-04-23 00:06:53.127,117.038,31.592,54.013,1.177,4.062,9.136,12.136,0.051,false,20.383,SEVERE,8,0,sequential_yolo_pose,SM-S906U1,GPU
2026-04-23 00:06:53.240,106.055,25.283,56.350,0.597,1.513,7.307,11.461,0.058,false,20.317,SEVERE,8,0,sequential_yolo_pose,SM-S906U1,GPU
2026-04-23 00:06:53.361,116.228,29.638,53.238,1.029,3.995,10.821,12.546,0.048,false,20.348,SEVERE,8,0,sequential_yolo_pose,SM-S906U1,GPU
2026-04-23 00:06:53.485,117.519,30.685,55.709,0.759,4.657,8.192,12.003,0.051,false,20.407,SEVERE,8,0,sequential_yolo_pose,SM-S906U1,GPU
2026-04-23 00:06:53.603,113.752,33.459,54.523,0.490,1.390,5.383,13.591,0.072,false,20.383,SEVERE,8,0,sequential_yolo_pose,SM-S906U1,GPU
2026-04-23 00:06:53.729,122.409,29.821,54.810,0.982,2.705,13.744,13.923,0.045,false,20.442,SEVERE,8,0,sequential_yolo_pose,SM-S906U1,GPU
2026-04-23 00:06:53.848,114.530,26.391,52.723,0.983,2.596,14.502,13.843,0.046,false,20.508,SEVERE,9,0,sequential_yolo_pose,SM-S906U1,GPU
2026-04-23 00:06:53.958,106.516,27.942,54.654,0.807,2.473,6.017,10.422,0.047,false,20.348,SEVERE,9,0,sequential_yolo_pose,SM-S906U1,GPU
2026-04-23 00:06:54.074,112.174,29.610,54.260,0.499,1.558,9.637,11.536,0.070,false,20.379,SEVERE,9,0,sequential_yolo_pose,SM-S906U1,GPU
2026-04-23 00:06:54.189,111.459,30.809,52.486,1.031,2.854,9.543,10.237,0.053,false,20.403,SEVERE,9,0,sequential_yolo_pose,SM-S906U1,GPU
2026-04-23 00:06:54.308,113.379,32.266,53.706,0.860,2.210,8.213,9.989,0.049,false,20.317,SEVERE,9,0,sequential_yolo_pose,SM-S906U1,GPU
2026-04-23 00:06:54.426,112.774,31.587,56.180,1.066,1.729,6.095,11.434,0.051,false,20.317,SEVERE,9,0,sequential_yolo_pose,SM-S906U1,GPU
2026-04-23 00:06:54.544,113.745,25.315,57.324,0.651,1.445,13.969,10.643,0.045,false,20.442,SEVERE,9,0,sequential_yolo_pose,SM-S906U1,GPU
2026-04-23 00:06:54.660,112.420,30.832,53.317,0.968,2.245,9.596,10.990,0.055,false,20.352,SEVERE,9,0,sequential_yolo_pose,SM-S906U1,GPU
2026-04-23 00:06:54.779,110.319,29.742,54.573,1.242,1.832,6.383,11.699,0.048,false,20.379,SEVERE,8,0,sequential_yolo_pose,SM-S906U1,GPU
2026-04-23 00:06:54.892,109.408,32.753,53.650,0.614,1.476,5.524,10.933,0.043,false,20.317,SEVERE,8,0,sequential_yolo_pose,SM-S906U1,GPU
2026-04-23 00:06:55.020,120.380,29.312,56.400,1.486,2.964,9.816,16.771,0.089,false,20.410,SEVERE,8,0,sequential_yolo_pose,SM-S906U1,GPU
2026-04-23 00:06:55.141,116.674,29.194,54.110,0.910,2.750,10.890,13.358,0.065,false,20.379,SEVERE,8,0,sequential_yolo_pose,SM-S906U1,GPU
2026-04-23 00:06:55.258,110.869,29.354,54.998,1.106,2.787,7.180,10.769,0.064,false,20.317,SEVERE,8,0,sequential_yolo_pose,SM-S906U1,GPU
2026-04-23 00:06:55.380,116.301,31.763,53.279,0.976,4.717,9.114,10.513,0.054,false,20.317,SEVERE,8,0,sequential_yolo_pose,SM-S906U1,GPU
2026-04-23 00:06:55.495,110.457,29.557,53.602,1.122,2.672,7.868,11.189,0.057,false,20.317,SEVERE,8,0,sequential_yolo_pose,SM-S906U1,GPU
2026-04-23 00:06:55.610,111.323,30.024,54.995,0.563,1.578,8.483,11.051,0.048,false,20.285,SEVERE,8,0,sequential_yolo_pose,SM-S906U1,GPU
2026-04-23 00:06:55.723,108.024,31.238,55.440,0.582,1.412,5.389,9.675,0.050,false,20.317,SEVERE,8,0,sequential_yolo_pose,SM-S906U1,GPU
2026-04-23 00:06:55.840,110.618,27.717,55.238,0.640,2.102,7.709,13.867,0.052,false,20.473,SEVERE,9,0,sequential_yolo_pose,SM-S906U1,GPU
2026-04-23 00:06:55.958,113.644,29.988,54.675,0.880,2.685,9.156,10.339,0.056,false,20.379,SEVERE,9,0,sequential_yolo_pose,SM-S906U1,GPU
2026-04-23 00:06:56.073,111.256,30.854,52.104,0.515,1.486,6.272,15.297,0.100,false,20.410,SEVERE,9,0,sequential_yolo_pose,SM-S906U1,GPU
2026-04-23 00:06:56.196,116.454,31.404,51.825,1.007,5.480,8.963,13.141,0.050,false,20.410,SEVERE,9,0,sequential_yolo_pose,SM-S906U1,GPU
2026-04-23 00:06:56.315,111.696,28.339,55.280,0.837,2.221,9.190,11.067,0.058,false,20.348,SEVERE,9,0,sequential_yolo_pose,SM-S906U1,GPU
2026-04-23 00:06:56.436,117.022,32.788,55.270,1.070,3.587,7.925,11.663,0.042,false,20.379,SEVERE,9,0,sequential_yolo_pose,SM-S906U1,GPU
2026-04-23 00:06:56.560,119.208,29.991,53.159,1.042,2.957,12.555,14.600,0.055,false,20.410,SEVERE,9,0,sequential_yolo_pose,SM-S906U1,GPU
2026-04-23 00:06:56.681,113.652,30.252,56.280,0.852,2.221,8.214,10.830,0.052,false,20.317,SEVERE,9,0,sequential_yolo_pose,SM-S906U1,GPU
2026-04-23 00:06:56.806,121.510,35.730,53.387,0.745,2.406,7.682,17.056,0.046,false,20.473,SEVERE,8,0,sequential_yolo_pose,SM-S906U1,GPU
2026-04-23 00:06:56.922,111.443,25.364,58.314,0.928,2.939,8.433,10.929,0.051,false,20.461,SEVERE,8,0,sequential_yolo_pose,SM-S906U1,GPU
2026-04-23 00:06:57.056,127.550,30.557,53.689,1.183,5.867,15.438,12.149,0.060,false,20.410,SEVERE,8,0,sequential_yolo_pose,SM-S906U1,GPU
2026-04-23 00:06:57.174,111.915,26.704,54.159,0.809,3.924,8.797,13.593,0.058,false,20.379,SEVERE,8,0,sequential_yolo_pose,SM-S906U1,GPU
2026-04-23 00:06:57.292,113.278,30.342,53.233,1.031,6.293,6.342,11.379,0.050,false,20.379,SEVERE,8,0,sequential_yolo_pose,SM-S906U1,GPU
2026-04-23 00:06:57.417,117.357,29.111,52.700,0.834,2.895,10.311,17.583,0.058,false,20.410,SEVERE,8,0,sequential_yolo_pose,SM-S906U1,GPU
2026-04-23 00:06:57.543,121.505,33.644,56.877,0.943,3.044,10.243,12.143,0.076,false,20.348,SEVERE,8,0,sequential_yolo_pose,SM-S906U1,GPU
2026-04-23 00:06:57.666,116.262,32.408,56.322,0.654,2.352,7.529,12.171,0.036,false,20.352,SEVERE,8,0,sequential_yolo_pose,SM-S906U1,GPU
2026-04-23 00:06:57.793,119.711,29.901,55.716,0.788,2.629,13.734,12.217,0.049,false,20.442,SEVERE,8,0,sequential_yolo_pose,SM-S906U1,GPU
2026-04-23 00:06:57.912,112.002,30.783,52.614,0.743,2.002,7.785,11.331,0.057,false,20.410,SEVERE,8,0,sequential_yolo_pose,SM-S906U1,GPU
2026-04-23 00:06:58.030,112.702,34.722,54.339,0.572,1.597,5.604,11.167,0.053,false,20.348,SEVERE,8,0,sequential_yolo_pose,SM-S906U1,GPU
2026-04-23 00:06:58.150,115.869,25.963,56.723,0.593,2.799,10.248,15.880,0.049,false,20.465,SEVERE,8,0,sequential_yolo_pose,SM-S906U1,GPU
2026-04-23 00:06:58.269,115.576,31.049,56.531,1.058,2.637,8.914,10.729,0.051,false,20.317,SEVERE,8,0,sequential_yolo_pose,SM-S906U1,GPU
2026-04-23 00:06:58.385,110.551,30.740,53.083,0.854,2.342,8.042,10.802,0.056,false,20.317,SEVERE,8,0,sequential_yolo_pose,SM-S906U1,GPU
2026-04-23 00:06:58.497,106.722,29.642,54.303,0.535,1.521,5.449,10.627,0.069,false,20.317,SEVERE,8,0,sequential_yolo_pose,SM-S906U1,GPU
2026-04-23 00:06:58.621,114.617,30.149,53.290,0.905,2.808,10.838,11.857,0.053,false,20.379,SEVERE,8,0,sequential_yolo_pose,SM-S906U1,GPU
2026-04-23 00:06:58.746,119.948,30.878,55.170,0.753,2.278,12.619,11.729,0.048,false,20.379,SEVERE,8,0,sequential_yolo_pose,SM-S906U1,GPU
2026-04-23 00:06:58.869,117.515,33.791,55.809,0.761,2.428,8.720,11.260,0.077,false,20.352,SEVERE,9,0,sequential_yolo_pose,SM-S906U1,GPU
2026-04-23 00:06:58.981,104.838,29.232,53.842,0.617,1.471,5.515,9.569,0.054,false,20.285,SEVERE,9,0,sequential_yolo_pose,SM-S906U1,GPU
2026-04-23 00:06:59.103,116.063,33.534,56.397,0.734,2.078,7.475,10.944,0.053,false,20.317,SEVERE,9,0,sequential_yolo_pose,SM-S906U1,GPU
2026-04-23 00:06:59.221,112.813,29.797,53.546,0.776,2.269,10.893,11.026,0.053,false,20.348,SEVERE,9,0,sequential_yolo_pose,SM-S906U1,GPU
2026-04-23 00:06:59.331,106.203,30.390,53.361,0.537,1.418,5.292,10.514,0.065,false,20.348,SEVERE,9,0,sequential_yolo_pose,SM-S906U1,GPU
2026-04-23 00:06:59.449,113.648,30.820,53.987,0.857,3.364,6.333,12.030,0.053,false,20.379,SEVERE,9,0,sequential_yolo_pose,SM-S906U1,GPU
2026-04-23 00:06:59.565,111.734,32.216,54.922,0.733,1.822,6.710,10.720,0.071,false,20.442,SEVERE,9,0,sequential_yolo_pose,SM-S906U1,GPU
2026-04-23 00:06:59.693,121.687,24.929,58.866,1.009,9.199,13.472,10.574,0.052,false,20.473,SEVERE,9,0,sequential_yolo_pose,SM-S906U1,GPU
2026-04-23 00:06:59.815,114.551,30.515,53.523,0.889,2.611,8.633,13.189,0.058,false,20.410,SEVERE,8,0,sequential_yolo_pose,SM-S906U1,GPU
2026-04-23 00:06:59.942,122.658,36.488,55.326,0.967,2.393,8.749,14.035,0.049,false,20.379,SEVERE,8,0,sequential_yolo_pose,SM-S906U1,GPU
2026-04-23 00:07:00.053,107.632,28.949,53.280,0.905,2.027,7.499,10.219,0.048,false,20.285,SEVERE,8,0,sequential_yolo_pose,SM-S906U1,GPU
2026-04-23 00:07:00.171,114.192,31.434,56.506,0.540,1.658,7.277,12.149,0.051,false,20.348,SEVERE,8,0,sequential_yolo_pose,SM-S906U1,GPU
2026-04-23 00:07:00.300,123.424,30.253,53.996,2.189,9.716,6.923,15.845,0.028,false,20.410,SEVERE,8,0,sequential_yolo_pose,SM-S906U1,GPU
2026-04-23 00:07:00.406,101.168,23.991,54.816,0.509,1.477,5.509,11.656,0.045,false,20.371,SEVERE,8,0,sequential_yolo_pose,SM-S906U1,GPU
2026-04-23 00:07:00.519,107.633,27.823,53.772,0.703,2.011,6.997,11.633,0.057,false,20.410,SEVERE,8,0,sequential_yolo_pose,SM-S906U1,GPU
2026-04-23 00:07:00.639,115.952,29.993,58.387,0.679,1.699,7.011,12.150,0.043,false,20.379,SEVERE,8,0,sequential_yolo_pose,SM-S906U1,GPU
2026-04-23 00:07:00.759,116.540,24.455,55.936,0.873,5.266,14.343,11.996,0.045,false,20.465,SEVERE,8,0,sequential_yolo_pose,SM-S906U1,GPU
2026-04-23 00:07:00.883,117.299,27.843,58.767,0.702,2.130,9.465,13.605,0.056,false,20.461,SEVERE,9,0,sequential_yolo_pose,SM-S906U1,GPU
2026-04-23 00:07:00.999,112.524,30.206,56.087,0.618,1.769,6.547,12.613,0.062,false,20.383,SEVERE,9,0,sequential_yolo_pose,SM-S906U1,GPU
2026-04-23 00:07:01.119,113.927,29.926,52.346,0.730,2.719,9.226,13.250,0.047,false,20.379,SEVERE,9,0,sequential_yolo_pose,SM-S906U1,GPU
2026-04-23 00:07:01.214,91.513,31.225,55.157,0.336,0.000,0.000,0.000,0.000,true,16.985,SEVERE,9,0,sequential_yolo_pose,SM-S906U1,GPU
2026-04-23 00:07:01.342,122.054,33.284,59.286,0.559,1.539,6.982,14.428,0.052,false,33.899,SEVERE,9,0,sequential_yolo_pose,SM-S906U1,GPU
2026-04-23 00:07:01.477,131.133,39.643,58.232,0.967,1.998,11.715,14.009,0.045,false,30.325,SEVERE,9,0,sequential_yolo_pose,SM-S906U1,GPU
2026-04-23 00:07:01.589,106.901,29.833,56.332,0.579,1.482,4.419,9.579,0.047,false,16.926,SEVERE,9,0,sequential_yolo_pose,SM-S906U1,GPU
2026-04-23 00:07:01.714,120.883,30.874,55.418,0.526,1.553,6.762,21.501,0.046,false,20.535,SEVERE,9,0,sequential_yolo_pose,SM-S906U1,GPU
2026-04-23 00:07:01.826,107.645,30.621,54.450,0.462,1.720,5.929,9.849,0.032,false,20.379,SEVERE,8,0,sequential_yolo_pose,SM-S906U1,GPU
2026-04-23 00:07:01.938,106.637,30.449,53.296,0.506,1.560,5.952,10.272,0.043,false,20.317,SEVERE,8,0,sequential_yolo_pose,SM-S906U1,GPU
2026-04-23 00:07:02.059,116.079,29.831,53.978,0.899,2.866,12.112,11.829,0.103,false,20.442,SEVERE,8,0,sequential_yolo_pose,SM-S906U1,GPU
2026-04-23 00:07:02.187,120.070,32.215,54.888,0.863,3.073,12.562,11.493,0.078,false,20.410,SEVERE,8,0,sequential_yolo_pose,SM-S906U1,GPU
2026-04-23 00:07:02.309,107.820,28.904,54.198,0.600,1.570,6.371,11.328,0.048,false,20.379,SEVERE,8,0,sequential_yolo_pose,SM-S906U1,GPU
2026-04-23 00:07:02.425,111.483,31.314,53.874,0.915,2.491,7.714,10.741,0.065,false,20.317,SEVERE,8,0,sequential_yolo_pose,SM-S906U1,GPU
2026-04-23 00:07:02.556,122.820,32.477,53.168,1.097,4.130,12.418,10.919,0.053,false,20.379,SEVERE,8,0,sequential_yolo_pose,SM-S906U1,GPU
2026-04-23 00:07:02.687,123.522,30.400,55.254,1.016,2.664,10.072,18.020,0.050,false,20.410,SEVERE,8,0,sequential_yolo_pose,SM-S906U1,GPU
2026-04-23 00:07:02.807,114.781,29.559,54.628,0.767,2.105,8.183,13.830,0.054,false,20.348,SEVERE,8,0,sequential_yolo_pose,SM-S906U1,GPU
2026-04-23 00:07:02.917,105.046,28.165,55.068,0.480,1.340,4.604,11.106,0.051,false,20.399,SEVERE,9,0,sequential_yolo_pose,SM-S906U1,GPU
2026-04-23 00:07:03.032,110.998,31.318,54.473,0.551,1.519,6.449,11.780,0.062,false,20.317,SEVERE,9,0,sequential_yolo_pose,SM-S906U1,GPU
2026-04-23 00:07:03.145,104.933,25.713,56.239,0.576,1.241,6.840,10.708,0.054,false,20.348,SEVERE,9,0,sequential_yolo_pose,SM-S906U1,GPU
2026-04-23 00:07:03.256,107.604,28.687,54.063,1.154,2.786,5.441,10.586,0.063,false,20.410,SEVERE,9,0,sequential_yolo_pose,SM-S906U1,GPU
2026-04-23 00:07:03.381,117.170,29.434,52.548,1.106,2.253,8.793,13.165,0.049,false,20.317,SEVERE,9,0,sequential_yolo_pose,SM-S906U1,GPU
2026-04-23 00:07:03.508,122.621,34.909,56.819,0.895,2.636,12.063,10.444,0.056,false,20.379,SEVERE,9,0,sequential_yolo_pose,SM-S906U1,GPU
2026-04-23 00:07:03.622,110.320,29.657,54.622,1.018,3.905,6.696,9.903,0.056,false,20.410,SEVERE,9,0,sequential_yolo_pose,SM-S906U1,GPU
2026-04-23 00:07:03.729,101.950,28.235,50.767,0.532,1.549,5.454,10.762,0.058,false,20.317,SEVERE,9,0,sequential_yolo_pose,SM-S906U1,GPU
2026-04-23 00:07:03.850,116.075,30.682,54.955,0.772,2.008,10.031,12.947,0.046,false,20.379,SEVERE,8,0,sequential_yolo_pose,SM-S906U1,GPU
2026-04-23 00:07:03.966,111.502,28.943,54.055,0.907,2.570,7.987,12.479,0.057,false,20.317,SEVERE,8,0,sequential_yolo_pose,SM-S906U1,GPU
2026-04-23 00:07:04.088,116.590,31.997,53.190,0.956,2.717,10.142,12.380,0.076,false,20.371,SEVERE,8,0,sequential_yolo_pose,SM-S906U1,GPU
2026-04-23 00:07:04.191,94.617,27.947,58.666,0.726,0.000,0.000,0.000,0.000,true,16.985,SEVERE,8,0,sequential_yolo_pose,SM-S906U1,GPU
2026-04-23 00:07:04.323,124.737,32.306,56.739,0.843,4.169,13.295,12.010,0.064,false,34.024,SEVERE,8,0,sequential_yolo_pose,SM-S906U1,GPU
2026-04-23 00:07:04.450,117.518,33.818,53.028,1.086,2.526,11.260,10.508,0.060,false,30.286,SEVERE,8,0,sequential_yolo_pose,SM-S906U1,GPU
2026-04-23 00:07:04.588,133.048,41.450,53.117,1.112,2.887,16.341,11.771,0.056,false,22.067,SEVERE,8,0,sequential_yolo_pose,SM-S906U1,GPU
2026-04-23 00:07:04.708,116.111,25.132,54.954,0.841,2.542,8.889,17.862,0.038,false,38.919,SEVERE,8,0,sequential_yolo_pose,SM-S906U1,GPU
2026-04-23 00:07:04.827,113.669,34.090,55.831,0.776,1.581,5.408,11.116,0.037,false,29.860,SEVERE,8,0,sequential_yolo_pose,SM-S906U1,GPU
2026-04-23 00:07:04.945,112.490,29.634,52.888,0.545,3.031,10.280,11.172,0.049,false,16.977,SEVERE,8,0,sequential_yolo_pose,SM-S906U1,GPU
2026-04-23 00:07:05.063,113.845,33.605,53.643,0.518,1.405,6.294,12.892,0.073,false,20.414,SEVERE,8,0,sequential_yolo_pose,SM-S906U1,GPU
2026-04-23 00:07:05.188,119.081,30.136,57.442,1.062,3.922,9.151,10.978,0.054,false,20.379,SEVERE,8,0,sequential_yolo_pose,SM-S906U1,GPU
2026-04-23 00:07:05.318,125.145,29.067,55.851,0.541,1.592,7.199,24.929,0.049,false,20.442,SEVERE,8,0,sequential_yolo_pose,SM-S906U1,GPU
2026-04-23 00:07:05.429,107.588,31.187,53.191,0.469,1.556,5.711,10.661,0.065,false,20.317,SEVERE,8,0,sequential_yolo_pose,SM-S906U1,GPU
2026-04-23 00:07:05.555,119.792,33.623,52.090,2.408,2.947,12.485,10.088,0.057,false,20.379,SEVERE,8,0,sequential_yolo_pose,SM-S906U1,GPU
2026-04-23 00:07:05.648,87.510,29.053,51.678,0.369,0.000,0.000,0.000,0.000,true,16.953,SEVERE,8,0,sequential_yolo_pose,SM-S906U1,GPU
2026-04-23 00:07:05.756,102.739,38.267,58.136,0.502,0.000,0.000,0.000,0.000,true,30.567,SEVERE,8,0,sequential_yolo_pose,SM-S906U1,GPU
2026-04-23 00:07:05.867,98.670,39.200,51.914,0.369,0.000,0.000,0.000,0.000,true,18.313,SEVERE,9,0,sequential_yolo_pose,SM-S906U1,GPU
2026-04-23 00:07:05.986,112.748,25.785,53.250,0.668,2.304,10.058,15.156,0.061,false,35.258,SEVERE,9,0,sequential_yolo_pose,SM-S906U1,GPU
2026-04-23 00:07:06.120,129.574,38.230,55.822,0.940,2.864,13.623,13.145,0.052,false,23.223,SEVERE,9,0,sequential_yolo_pose,SM-S906U1,GPU
2026-04-23 00:07:06.246,122.295,28.532,55.426,0.849,2.415,18.422,12.169,0.054,false,40.200,SEVERE,9,0,sequential_yolo_pose,SM-S906U1,GPU
2026-04-23 00:07:06.367,117.063,34.705,53.259,0.793,2.090,7.851,13.470,0.076,false,29.500,SEVERE,9,0,sequential_yolo_pose,SM-S906U1,GPU
2026-04-23 00:07:06.489,115.466,29.189,58.255,0.877,2.947,8.830,10.813,0.054,false,21.618,SEVERE,9,0,sequential_yolo_pose,SM-S906U1,GPU
2026-04-23 00:07:06.619,122.483,28.038,54.413,0.530,2.730,16.911,14.967,0.036,false,38.501,SEVERE,9,0,sequential_yolo_pose,SM-S906U1,GPU
2026-04-23 00:07:06.744,118.367,32.334,54.371,0.783,2.144,8.366,13.977,0.058,false,29.825,SEVERE,9,0,sequential_yolo_pose,SM-S906U1,GPU
2026-04-23 00:07:06.860,111.801,31.759,52.593,0.958,3.214,6.146,12.746,0.050,false,16.895,SEVERE,8,0,sequential_yolo_pose,SM-S906U1,GPU
2026-04-23 00:07:06.988,119.206,31.207,51.879,1.040,3.075,15.902,11.573,0.057,false,20.379,SEVERE,8,0,sequential_yolo_pose,SM-S906U1,GPU
2026-04-23 00:07:07.111,116.443,33.728,54.205,0.817,1.932,7.062,12.856,0.064,false,20.379,SEVERE,8,0,sequential_yolo_pose,SM-S906U1,GPU
2026-04-23 00:07:07.225,108.684,29.408,54.056,0.700,1.937,6.349,11.627,0.048,false,20.317,SEVERE,8,0,sequential_yolo_pose,SM-S906U1,GPU
2026-04-23 00:07:07.347,111.392,25.415,55.255,1.149,2.921,10.818,10.982,0.059,false,20.410,SEVERE,8,0,sequential_yolo_pose,SM-S906U1,GPU
2026-04-23 00:07:07.456,104.854,27.079,54.363,0.617,1.766,6.228,10.399,0.056,false,20.348,SEVERE,8,0,sequential_yolo_pose,SM-S906U1,GPU
2026-04-23 00:07:07.571,109.582,24.480,54.862,0.844,2.263,8.832,14.213,0.066,false,20.379,SEVERE,8,0,sequential_yolo_pose,SM-S906U1,GPU
2026-04-23 00:07:07.693,118.431,28.942,53.811,1.139,2.668,12.146,15.185,0.057,false,20.410,SEVERE,8,0,sequential_yolo_pose,SM-S906U1,GPU
2026-04-23 00:07:07.792,91.130,30.573,54.209,0.743,0.000,0.000,0.000,0.000,true,16.985,SEVERE,8,0,sequential_yolo_pose,SM-S906U1,GPU
2026-04-23 00:07:07.897,95.323,33.207,54.979,1.035,0.000,0.000,0.000,0.000,true,30.723,SEVERE,9,0,sequential_yolo_pose,SM-S906U1,GPU
2026-04-23 00:07:07.999,94.144,33.586,54.182,0.482,0.000,0.000,0.000,0.000,true,13.891,SEVERE,9,0,sequential_yolo_pose,SM-S906U1,GPU
2026-04-23 00:07:08.096,90.393,30.524,54.278,0.532,0.000,0.000,0.000,0.000,true,16.977,SEVERE,9,0,sequential_yolo_pose,SM-S906U1,GPU
2026-04-23 00:07:08.197,90.268,32.640,53.002,0.302,0.000,0.000,0.000,0.000,true,30.590,SEVERE,9,0,sequential_yolo_pose,SM-S906U1,GPU
2026-04-23 00:07:08.294,94.015,32.774,57.050,0.237,0.000,0.000,0.000,0.000,true,13.496,SEVERE,9,0,sequential_yolo_pose,SM-S906U1,GPU
2026-04-23 00:07:08.391,93.665,32.779,56.750,0.248,0.000,0.000,0.000,0.000,true,16.949,SEVERE,9,0,sequential_yolo_pose,SM-S906U1,GPU
2026-04-23 00:07:08.489,92.410,34.659,53.102,0.307,0.000,0.000,0.000,0.000,true,30.563,SEVERE,9,0,sequential_yolo_pose,SM-S906U1,GPU
2026-04-23 00:07:08.584,91.990,32.955,54.332,0.387,0.000,0.000,0.000,0.000,true,13.438,SEVERE,9,0,sequential_yolo_pose,SM-S906U1,GPU
2026-04-23 00:07:08.680,91.594,31.349,55.421,0.353,0.000,0.000,0.000,0.000,true,16.981,SEVERE,9,0,sequential_yolo_pose,SM-S906U1,GPU
2026-04-23 00:07:08.784,99.225,35.609,57.384,0.286,0.000,0.000,0.000,0.000,true,30.594,SEVERE,9,0,sequential_yolo_pose,SM-S906U1,GPU
2026-04-23 00:07:08.874,86.277,29.210,51.941,0.241,0.000,0.000,0.000,0.000,true,13.590,SEVERE,10,0,sequential_yolo_pose,SM-S906U1,GPU
2026-04-23 00:07:08.963,85.308,27.748,52.865,0.350,0.000,0.000,0.000,0.000,true,16.981,SEVERE,10,0,sequential_yolo_pose,SM-S906U1,GPU
2026-04-23 00:07:09.086,116.843,34.486,52.319,0.778,2.853,9.779,11.085,0.038,false,33.957,SEVERE,10,0,sequential_yolo_pose,SM-S906U1,GPU
2026-04-23 00:07:09.207,114.620,31.565,54.546,0.905,2.001,7.560,13.398,0.052,false,28.825,SEVERE,10,0,sequential_yolo_pose,SM-S906U1,GPU
2026-04-23 00:07:09.318,106.626,28.531,52.968,0.521,2.004,6.416,11.606,0.051,false,20.414,SEVERE,10,0,sequential_yolo_pose,SM-S906U1,GPU
2026-04-23 00:07:09.440,118.528,29.691,53.547,1.096,3.268,10.086,16.100,0.058,false,20.410,SEVERE,10,0,sequential_yolo_pose,SM-S906U1,GPU
2026-04-23 00:07:09.557,110.563,29.172,54.053,0.761,2.073,9.524,9.916,0.051,false,20.410,SEVERE,10,0,sequential_yolo_pose,SM-S906U1,GPU
2026-04-23 00:07:09.674,111.871,23.761,55.740,0.910,3.702,9.353,15.053,0.059,false,20.434,SEVERE,10,0,sequential_yolo_pose,SM-S906U1,GPU
2026-04-23 00:07:09.792,112.615,32.096,53.030,0.890,3.274,8.531,10.351,0.052,false,20.285,SEVERE,10,0,sequential_yolo_pose,SM-S906U1,GPU
2026-04-23 00:07:09.918,118.863,30.418,53.927,0.582,2.302,14.313,11.786,0.059,false,20.477,SEVERE,9,0,sequential_yolo_pose,SM-S906U1,GPU
2026-04-23 00:07:10.041,119.030,32.925,54.443,0.925,2.443,8.398,14.465,0.051,false,20.379,SEVERE,9,0,sequential_yolo_pose,SM-S906U1,GPU
2026-04-23 00:07:10.159,111.953,30.865,54.628,0.588,1.647,8.817,10.722,0.049,false,20.285,SEVERE,9,0,sequential_yolo_pose,SM-S906U1,GPU
2026-04-23 00:07:10.277,110.728,24.321,56.124,1.188,2.605,9.949,11.748,0.052,false,20.379,SEVERE,9,0,sequential_yolo_pose,SM-S906U1,GPU
2026-04-23 00:07:10.406,124.963,42.209,52.751,0.746,2.064,7.973,14.773,0.048,false,20.379,SEVERE,9,0,sequential_yolo_pose,SM-S906U1,GPU
2026-04-23 00:07:10.519,109.243,30.923,54.049,0.537,2.522,5.671,11.333,0.046,false,20.379,SEVERE,9,0,sequential_yolo_pose,SM-S906U1,GPU
2026-04-23 00:07:10.628,105.443,29.575,52.223,0.632,1.485,5.244,9.807,0.043,false,20.348,SEVERE,9,0,sequential_yolo_pose,SM-S906U1,GPU
2026-04-23 00:07:10.739,106.430,23.599,57.405,0.934,2.239,9.264,9.897,0.071,false,20.379,SEVERE,9,0,sequential_yolo_pose,SM-S906U1,GPU
2026-04-23 00:07:10.856,111.678,29.847,53.782,1.007,2.922,9.285,10.428,0.056,false,20.379,SEVERE,9,0,sequential_yolo_pose,SM-S906U1,GPU
2026-04-23 00:07:10.985,122.167,30.887,54.380,1.074,2.724,13.146,14.826,0.059,false,20.410,SEVERE,8,0,sequential_yolo_pose,SM-S906U1,GPU
2026-04-23 00:07:11.099,110.254,29.035,53.623,0.570,1.665,7.033,13.497,0.054,false,20.348,SEVERE,8,0,sequential_yolo_pose,SM-S906U1,GPU
2026-04-23 00:07:11.222,117.799,28.761,53.994,0.994,2.877,14.666,11.516,0.052,false,20.410,SEVERE,8,0,sequential_yolo_pose,SM-S906U1,GPU
2026-04-23 00:07:11.333,106.902,28.317,54.201,0.714,1.557,6.295,10.887,0.083,false,20.348,SEVERE,8,0,sequential_yolo_pose,SM-S906U1,GPU
2026-04-23 00:07:11.464,124.788,26.260,62.552,1.105,7.759,7.656,13.533,0.056,false,20.442,SEVERE,8,0,sequential_yolo_pose,SM-S906U1,GPU
2026-04-23 00:07:11.583,113.759,26.810,55.004,0.644,2.217,9.490,14.958,0.054,false,20.442,SEVERE,8,0,sequential_yolo_pose,SM-S906U1,GPU
2026-04-23 00:07:11.697,109.988,32.091,52.301,0.589,1.443,5.457,12.603,0.055,false,20.317,SEVERE,8,0,sequential_yolo_pose,SM-S906U1,GPU
2026-04-23 00:07:11.821,119.807,26.574,56.148,1.267,9.026,8.498,13.832,0.042,false,20.410,SEVERE,8,0,sequential_yolo_pose,SM-S906U1,GPU
2026-04-23 00:07:11.913,87.734,33.114,51.312,0.410,0.000,0.000,0.000,0.000,true,17.012,SEVERE,9,0,sequential_yolo_pose,SM-S906U1,GPU
2026-04-23 00:07:12.040,123.009,29.884,56.923,1.082,2.462,8.966,19.164,0.083,false,33.989,SEVERE,9,0,sequential_yolo_pose,SM-S906U1,GPU
2026-04-23 00:07:12.178,124.135,32.928,58.969,0.840,2.335,9.036,11.322,0.053,false,20.379,SEVERE,9,0,sequential_yolo_pose,SM-S906U1,GPU
2026-04-23 00:07:12.293,110.026,29.084,55.333,0.850,2.224,7.099,10.695,0.057,false,20.442,SEVERE,9,0,sequential_yolo_pose,SM-S906U1,GPU
2026-04-23 00:07:12.413,114.391,29.919,55.060,0.578,1.512,8.253,14.330,0.053,false,20.410,SEVERE,9,0,sequential_yolo_pose,SM-S906U1,GPU
2026-04-23 00:07:12.527,108.350,30.806,52.369,0.579,1.727,5.367,13.238,0.043,false,20.379,SEVERE,9,0,sequential_yolo_pose,SM-S906U1,GPU
2026-04-23 00:07:12.638,106.424,24.409,53.832,0.556,1.557,8.710,13.953,0.052,false,20.407,SEVERE,9,0,sequential_yolo_pose,SM-S906U1,GPU
2026-04-23 00:07:12.758,116.083,32.010,54.407,0.966,6.018,7.707,10.467,0.048,false,20.379,SEVERE,9,0,sequential_yolo_pose,SM-S906U1,GPU
2026-04-23 00:07:12.885,117.427,24.547,55.227,0.706,3.532,15.555,14.068,0.072,false,20.348,SEVERE,9,0,sequential_yolo_pose,SM-S906U1,GPU
2026-04-23 00:07:13.006,116.047,31.776,52.093,0.476,1.804,6.483,14.605,0.038,false,20.348,SEVERE,9,0,sequential_yolo_pose,SM-S906U1,GPU
2026-04-23 00:07:13.120,111.012,31.238,52.061,0.825,3.683,8.577,10.289,0.046,false,20.379,SEVERE,9,0,sequential_yolo_pose,SM-S906U1,GPU
2026-04-23 00:07:13.246,123.065,36.082,56.105,0.491,1.856,8.887,12.808,0.052,false,20.379,SEVERE,9,0,sequential_yolo_pose,SM-S906U1,GPU
2026-04-23 00:07:13.356,106.581,29.812,54.838,0.576,1.424,4.980,10.735,0.078,false,20.379,SEVERE,9,0,sequential_yolo_pose,SM-S906U1,GPU
2026-04-23 00:07:13.462,102.736,24.194,55.586,0.542,1.441,5.438,11.431,0.069,false,20.379,SEVERE,9,0,sequential_yolo_pose,SM-S906U1,GPU
2026-04-23 00:07:13.592,125.350,29.103,56.014,0.789,2.166,16.649,15.062,0.053,false,20.410,SEVERE,9,0,sequential_yolo_pose,SM-S906U1,GPU
2026-04-23 00:07:13.713,117.418,28.661,57.534,0.578,2.215,12.517,11.399,0.055,false,20.410,SEVERE,9,0,sequential_yolo_pose,SM-S906U1,GPU
2026-04-23 00:07:13.844,121.426,31.958,58.090,0.796,3.099,8.571,14.270,0.111,false,20.410,SEVERE,9,0,sequential_yolo_pose,SM-S906U1,GPU
2026-04-23 00:07:13.956,107.843,30.725,53.564,0.710,1.468,5.562,11.404,0.049,false,20.395,SEVERE,8,0,sequential_yolo_pose,SM-S906U1,GPU
2026-04-23 00:07:14.065,101.936,24.040,53.877,0.572,1.519,5.910,12.794,0.049,false,20.446,SEVERE,8,0,sequential_yolo_pose,SM-S906U1,GPU
2026-04-23 00:07:14.182,111.082,28.753,55.722,0.904,2.389,8.025,10.808,0.184,false,20.379,SEVERE,8,0,sequential_yolo_pose,SM-S906U1,GPU
2026-04-23 00:07:14.303,117.018,27.835,57.236,0.682,1.718,6.332,17.869,0.058,false,20.504,SEVERE,8,0,sequential_yolo_pose,SM-S906U1,GPU
2026-04-23 00:07:14.425,118.161,30.198,56.142,1.034,2.870,11.248,10.683,0.066,false,20.379,SEVERE,8,0,sequential_yolo_pose,SM-S906U1,GPU
2026-04-23 00:07:14.550,116.335,29.791,53.663,0.954,3.724,8.465,15.071,0.048,false,20.410,SEVERE,8,0,sequential_yolo_pose,SM-S906U1,GPU
2026-04-23 00:07:14.669,115.016,32.133,53.703,0.629,1.713,6.619,15.548,0.031,false,20.473,SEVERE,8,0,sequential_yolo_pose,SM-S906U1,GPU
2026-04-23 00:07:14.788,115.479,30.068,57.387,0.994,2.678,8.843,10.571,0.067,false,20.348,SEVERE,8,0,sequential_yolo_pose,SM-S906U1,GPU
2026-04-23 00:07:14.907,112.647,29.099,55.086,0.578,1.756,7.683,12.633,0.062,false,20.442,SEVERE,8,0,sequential_yolo_pose,SM-S906U1,GPU
2026-04-23 00:07:15.025,113.731,28.909,54.501,0.997,3.256,10.492,10.879,0.050,false,20.379,SEVERE,8,0,sequential_yolo_pose,SM-S906U1,GPU
2026-04-23 00:07:15.144,111.460,28.499,52.777,0.813,1.783,6.485,16.172,0.077,false,20.348,SEVERE,8,0,sequential_yolo_pose,SM-S906U1,GPU
2026-04-23 00:07:15.259,111.200,28.860,53.631,1.742,2.200,8.532,11.184,0.060,false,20.348,SEVERE,8,0,sequential_yolo_pose,SM-S906U1,GPU
2026-04-23 00:07:15.389,120.073,29.466,55.267,0.859,2.376,12.257,11.852,0.051,false,20.442,SEVERE,8,0,sequential_yolo_pose,SM-S906U1,GPU
2026-04-23 00:07:15.506,111.446,28.966,57.460,0.697,1.751,7.548,11.591,0.054,false,20.348,SEVERE,8,0,sequential_yolo_pose,SM-S906U1,GPU
2026-04-23 00:07:15.625,114.651,30.338,54.450,1.188,2.669,10.564,11.154,0.047,false,20.379,SEVERE,8,0,sequential_yolo_pose,SM-S906U1,GPU
2026-04-23 00:07:15.745,114.620,23.704,53.381,0.704,2.379,10.134,13.335,0.052,false,20.442,SEVERE,8,0,sequential_yolo_pose,SM-S906U1,GPU
2026-04-23 00:07:15.861,111.930,32.008,52.608,0.757,2.094,7.533,11.763,0.692,false,20.348,SEVERE,8,0,sequential_yolo_pose,SM-S906U1,GPU
2026-04-23 00:07:15.981,107.712,25.585,53.820,0.731,1.663,8.407,12.805,0.049,false,20.403,SEVERE,9,0,sequential_yolo_pose,SM-S906U1,GPU
2026-04-23 00:07:16.099,113.440,31.822,54.110,1.225,2.012,7.620,11.697,0.332,false,20.348,SEVERE,9,0,sequential_yolo_pose,SM-S906U1,GPU
2026-04-23 00:07:16.222,117.712,30.640,55.776,1.245,2.726,11.000,11.808,0.049,false,20.410,SEVERE,9,0,sequential_yolo_pose,SM-S906U1,GPU
2026-04-23 00:07:16.346,118.608,29.071,55.933,0.904,2.721,10.288,13.090,0.053,false,20.379,SEVERE,9,0,sequential_yolo_pose,SM-S906U1,GPU
2026-04-23 00:07:16.467,117.021,32.010,52.321,0.805,2.062,7.762,16.929,0.522,false,20.379,SEVERE,9,0,sequential_yolo_pose,SM-S906U1,GPU
2026-04-23 00:07:16.564,89.298,28.772,55.131,0.840,0.000,0.000,0.000,0.000,true,17.016,SEVERE,9,0,sequential_yolo_pose,SM-S906U1,GPU
2026-04-23 00:07:16.700,128.965,26.359,58.027,1.144,2.535,16.827,20.463,0.036,false,34.118,SEVERE,9,0,sequential_yolo_pose,SM-S906U1,GPU
2026-04-23 00:07:16.815,105.972,23.474,53.520,1.084,2.648,10.122,10.719,0.043,false,30.344,SEVERE,9,0,sequential_yolo_pose,SM-S906U1,GPU
2026-04-23 00:07:16.953,132.965,34.909,65.506,0.671,5.473,10.040,11.964,0.067,false,20.571,SEVERE,8,0,sequential_yolo_pose,SM-S906U1,GPU
2026-04-23 00:07:17.069,111.636,26.784,52.048,0.736,2.139,7.930,17.009,0.114,false,20.379,SEVERE,8,0,sequential_yolo_pose,SM-S906U1,GPU
2026-04-23 00:07:17.189,114.079,29.791,54.413,1.256,2.885,8.923,11.860,0.054,false,20.379,SEVERE,8,0,sequential_yolo_pose,SM-S906U1,GPU
2026-04-23 00:07:17.319,123.434,34.766,55.600,0.914,5.025,11.929,10.511,0.066,false,20.442,SEVERE,8,0,sequential_yolo_pose,SM-S906U1,GPU
2026-04-23 00:07:17.435,111.263,28.231,53.640,0.867,3.610,7.839,11.687,0.039,false,20.379,SEVERE,8,0,sequential_yolo_pose,SM-S906U1,GPU
2026-04-23 00:07:17.557,116.867,30.732,53.677,1.022,3.313,10.383,13.034,0.066,false,20.379,SEVERE,8,0,sequential_yolo_pose,SM-S906U1,GPU
2026-04-23 00:07:17.687,123.377,33.445,57.072,1.351,2.661,11.821,11.494,0.049,false,20.410,SEVERE,8,0,sequential_yolo_pose,SM-S906U1,GPU
2026-04-23 00:07:17.806,115.508,30.931,52.568,0.719,1.901,7.904,16.776,0.052,false,20.379,SEVERE,8,0,sequential_yolo_pose,SM-S906U1,GPU
2026-04-23 00:07:17.926,116.576,31.736,54.520,2.233,2.639,8.662,12.034,0.048,false,20.442,SEVERE,8,0,sequential_yolo_pose,SM-S906U1,GPU
2026-04-23 00:07:18.048,115.879,28.180,56.082,0.537,1.604,10.682,14.203,0.064,false,20.383,SEVERE,8,0,sequential_yolo_pose,SM-S906U1,GPU
2026-04-23 00:07:18.160,108.416,29.760,54.760,0.589,1.761,5.657,10.825,0.036,false,20.348,SEVERE,8,0,sequential_yolo_pose,SM-S906U1,GPU
2026-04-23 00:07:18.282,117.137,23.686,53.013,0.785,2.176,8.906,25.070,0.054,false,20.465,SEVERE,8,0,sequential_yolo_pose,SM-S906U1,GPU
2026-04-23 00:07:18.400,114.351,32.853,53.890,0.794,2.211,8.504,11.345,0.050,false,20.348,SEVERE,8,0,sequential_yolo_pose,SM-S906U1,GPU
2026-04-23 00:07:18.521,113.752,30.082,54.661,0.973,5.551,6.408,11.294,0.045,false,20.379,SEVERE,8,0,sequential_yolo_pose,SM-S906U1,GPU
2026-04-23 00:07:18.640,114.819,30.316,54.799,0.739,1.968,7.084,13.208,0.051,false,20.410,SEVERE,8,0,sequential_yolo_pose,SM-S906U1,GPU
2026-04-23 00:07:18.757,113.401,29.568,54.223,1.221,4.880,8.238,10.837,0.044,false,20.410,SEVERE,8,0,sequential_yolo_pose,SM-S906U1,GPU
2026-04-23 00:07:18.888,121.930,30.390,53.356,0.654,2.552,16.742,12.562,0.054,false,20.504,SEVERE,8,0,sequential_yolo_pose,SM-S906U1,GPU
2026-04-23 00:07:18.986,93.610,28.122,56.103,0.746,0.000,0.000,0.000,0.000,true,16.922,SEVERE,9,0,sequential_yolo_pose,SM-S906U1,GPU
2026-04-23 00:07:19.120,120.413,31.901,52.514,0.784,2.171,13.129,13.102,0.048,false,33.993,SEVERE,9,0,sequential_yolo_pose,SM-S906U1,GPU
2026-04-23 00:07:19.245,118.374,32.741,56.183,0.633,1.726,10.363,10.917,0.052,false,20.348,SEVERE,9,0,sequential_yolo_pose,SM-S906U1,GPU
2026-04-23 00:07:19.358,108.893,30.634,54.308,0.470,1.449,5.438,12.218,0.053,false,20.379,SEVERE,9,0,sequential_yolo_pose,SM-S906U1,GPU
2026-04-23 00:07:19.481,117.687,31.065,53.996,0.922,2.198,12.535,12.272,0.051,false,20.410,SEVERE,9,0,sequential_yolo_pose,SM-S906U1,GPU
2026-04-23 00:07:19.596,110.261,29.523,54.939,1.220,1.449,7.158,10.997,0.036,false,20.317,SEVERE,9,0,sequential_yolo_pose,SM-S906U1,GPU
2026-04-23 00:07:19.706,105.211,23.758,56.186,0.602,1.499,7.770,12.035,0.061,false,20.371,SEVERE,9,0,sequential_yolo_pose,SM-S906U1,GPU
2026-04-23 00:07:19.824,112.242,29.549,53.574,0.861,2.306,8.811,11.334,0.049,false,20.379,SEVERE,9,0,sequential_yolo_pose,SM-S906U1,GPU
2026-04-23 00:07:19.944,109.059,32.105,52.777,0.587,1.411,7.036,10.412,0.052,false,20.410,SEVERE,8,0,sequential_yolo_pose,SM-S906U1,GPU
2026-04-23 00:07:20.060,111.219,27.018,59.601,0.867,1.519,6.123,11.708,0.045,false,20.469,SEVERE,8,0,sequential_yolo_pose,SM-S906U1,GPU
2026-04-23 00:07:20.180,115.405,30.480,53.021,1.188,2.759,11.099,10.235,0.039,false,20.379,SEVERE,8,0,sequential_yolo_pose,SM-S906U1,GPU
2026-04-23 00:07:20.303,117.433,29.503,53.456,1.154,2.734,12.196,12.936,0.050,false,20.410,SEVERE,8,0,sequential_yolo_pose,SM-S906U1,GPU
2026-04-23 00:07:20.420,111.381,28.377,53.357,0.998,2.829,10.512,10.762,0.054,false,20.379,SEVERE,8,0,sequential_yolo_pose,SM-S906U1,GPU
2026-04-23 00:07:20.538,112.866,28.394,56.033,0.567,1.634,7.189,13.857,0.062,false,20.317,SEVERE,8,0,sequential_yolo_pose,SM-S906U1,GPU
2026-04-23 00:07:20.660,117.939,32.717,52.579,0.776,5.977,7.816,12.413,0.052,false,20.403,SEVERE,8,0,sequential_yolo_pose,SM-S906U1,GPU
2026-04-23 00:07:20.777,109.498,29.721,53.886,0.557,1.803,5.307,11.329,0.051,false,20.379,SEVERE,8,0,sequential_yolo_pose,SM-S906U1,GPU
2026-04-23 00:07:20.898,116.980,26.609,52.194,1.097,2.772,11.965,17.921,0.060,false,20.410,SEVERE,8,0,sequential_yolo_pose,SM-S906U1,GPU
2026-04-23 00:07:21.018,110.727,29.995,53.766,0.830,2.190,9.445,10.259,0.038,false,20.383,SEVERE,9,0,sequential_yolo_pose,SM-S906U1,GPU
2026-04-23 00:07:21.141,118.872,35.334,54.150,1.186,2.888,9.193,11.306,0.052,false,20.317,SEVERE,9,0,sequential_yolo_pose,SM-S906U1,GPU
2026-04-23 00:07:21.250,104.904,28.588,54.893,0.571,1.467,5.501,9.664,0.045,false,20.285,SEVERE,9,0,sequential_yolo_pose,SM-S906U1,GPU
2026-04-23 00:07:21.366,112.567,30.941,57.128,0.598,1.602,6.824,10.847,0.071,false,20.317,SEVERE,9,0,sequential_yolo_pose,SM-S906U1,GPU
2026-04-23 00:07:21.490,117.401,29.680,56.228,0.861,3.034,10.558,10.731,0.056,false,20.379,SEVERE,9,0,sequential_yolo_pose,SM-S906U1,GPU
2026-04-23 00:07:21.599,103.844,24.624,57.368,0.741,1.575,5.603,10.394,0.048,false,20.317,SEVERE,9,0,sequential_yolo_pose,SM-S906U1,GPU
2026-04-23 00:07:21.711,107.407,24.455,54.262,0.550,1.442,9.109,14.382,0.054,false,20.438,SEVERE,9,0,sequential_yolo_pose,SM-S906U1,GPU
2026-04-23 00:07:21.830,113.903,30.417,51.918,1.064,5.008,7.919,12.852,0.040,false,20.348,SEVERE,9,0,sequential_yolo_pose,SM-S906U1,GPU
2026-04-23 00:07:21.946,108.833,30.858,52.206,0.882,2.200,6.367,11.780,0.025,false,20.348,SEVERE,8,0,sequential_yolo_pose,SM-S906U1,GPU
2026-04-23 00:07:22.055,106.274,24.051,57.531,1.088,2.704,7.570,10.175,0.048,false,20.399,SEVERE,8,0,sequential_yolo_pose,SM-S906U1,GPU
2026-04-23 00:07:22.153,93.650,33.488,55.355,0.511,0.000,0.000,0.000,0.000,true,17.047,SEVERE,8,0,sequential_yolo_pose,SM-S906U1,GPU
2026-04-23 00:07:22.293,133.329,34.221,59.349,0.895,2.356,16.876,12.161,0.056,false,33.993,SEVERE,8,0,sequential_yolo_pose,SM-S906U1,GPU
2026-04-23 00:07:22.426,117.519,30.780,55.188,1.492,3.865,9.256,10.889,0.062,false,20.442,SEVERE,8,0,sequential_yolo_pose,SM-S906U1,GPU
2026-04-23 00:07:22.558,119.093,31.854,52.040,1.133,2.773,14.109,11.797,0.073,false,20.379,SEVERE,8,0,sequential_yolo_pose,SM-S906U1,GPU
2026-04-23 00:07:22.693,129.681,30.879,61.506,1.180,3.581,16.129,11.699,0.053,false,20.442,SEVERE,8,0,sequential_yolo_pose,SM-S906U1,GPU
2026-04-23 00:07:22.809,112.838,27.696,54.607,1.221,2.218,8.793,13.831,0.050,false,20.379,SEVERE,8,0,sequential_yolo_pose,SM-S906U1,GPU
2026-04-23 00:07:22.923,110.193,30.418,53.874,0.624,1.707,8.187,10.830,0.053,false,20.317,SEVERE,8,0,sequential_yolo_pose,SM-S906U1,GPU
2026-04-23 00:07:23.056,125.255,34.023,54.393,0.989,2.979,16.242,11.537,0.053,false,20.379,SEVERE,9,0,sequential_yolo_pose,SM-S906U1,GPU
2026-04-23 00:07:23.180,114.602,28.544,55.829,0.781,2.144,8.685,13.944,0.084,false,20.317,SEVERE,9,0,sequential_yolo_pose,SM-S906U1,GPU
2026-04-23 00:07:23.294,110.257,30.857,55.364,0.561,1.516,5.512,12.049,0.042,false,20.348,SEVERE,9,0,sequential_yolo_pose,SM-S906U1,GPU
2026-04-23 00:07:23.410,111.376,25.096,57.543,0.972,2.789,9.991,11.469,0.064,false,20.348,SEVERE,9,0,sequential_yolo_pose,SM-S906U1,GPU
2026-04-23 00:07:23.527,113.026,33.045,54.810,0.781,2.821,6.546,10.356,0.051,false,20.379,SEVERE,9,0,sequential_yolo_pose,SM-S906U1,GPU
2026-04-23 00:07:23.641,104.945,24.280,54.461,0.424,1.467,6.691,13.674,0.095,false,20.317,SEVERE,9,0,sequential_yolo_pose,SM-S906U1,GPU
2026-04-23 00:07:23.757,111.791,29.684,54.195,0.871,3.226,5.932,13.549,0.055,false,20.442,SEVERE,9,0,sequential_yolo_pose,SM-S906U1,GPU
2026-04-23 00:07:23.884,122.383,30.649,56.946,0.803,2.915,10.169,15.993,0.059,false,20.379,SEVERE,9,0,sequential_yolo_pose,SM-S906U1,GPU
2026-04-23 00:07:23.998,109.553,31.324,54.242,0.833,1.549,5.530,11.753,0.059,false,20.442,SEVERE,8,0,sequential_yolo_pose,SM-S906U1,GPU
2026-04-23 00:07:24.121,115.931,29.711,54.549,0.934,2.812,12.967,10.637,0.050,false,20.379,SEVERE,8,0,sequential_yolo_pose,SM-S906U1,GPU
2026-04-23 00:07:24.249,124.321,28.194,55.874,0.713,2.861,20.568,10.601,0.066,false,20.410,SEVERE,8,0,sequential_yolo_pose,SM-S906U1,GPU
2026-04-23 00:07:24.361,108.738,31.982,52.915,0.904,2.035,5.491,10.897,0.049,false,20.317,SEVERE,8,0,sequential_yolo_pose,SM-S906U1,GPU
2026-04-23 00:07:24.487,117.435,30.997,54.511,1.146,3.753,9.638,12.616,0.054,false,20.348,SEVERE,8,0,sequential_yolo_pose,SM-S906U1,GPU
2026-04-23 00:07:24.604,112.946,31.353,55.104,0.533,2.571,8.408,10.150,0.048,false,20.379,SEVERE,8,0,sequential_yolo_pose,SM-S906U1,GPU
2026-04-23 00:07:24.715,105.873,29.910,53.201,0.564,1.666,5.296,11.055,0.037,false,20.407,SEVERE,8,0,sequential_yolo_pose,SM-S906U1,GPU
2026-04-23 00:07:24.832,114.596,24.280,53.373,1.073,3.757,14.314,14.545,0.051,false,20.442,SEVERE,8,0,sequential_yolo_pose,SM-S906U1,GPU
2026-04-23 00:07:24.952,113.666,30.017,53.480,0.972,2.785,8.592,13.207,0.074,false,20.410,SEVERE,8,0,sequential_yolo_pose,SM-S906U1,GPU
2026-04-23 00:07:25.069,110.767,31.202,52.044,0.587,1.780,8.396,11.560,0.050,false,20.379,SEVERE,9,0,sequential_yolo_pose,SM-S906U1,GPU
2026-04-23 00:07:25.193,117.407,31.089,53.064,1.265,3.684,10.964,12.431,0.126,false,20.410,SEVERE,9,0,sequential_yolo_pose,SM-S906U1,GPU
2026-04-23 00:07:25.319,119.630,27.218,59.127,0.913,2.540,11.250,13.851,0.053,false,20.442,SEVERE,9,0,sequential_yolo_pose,SM-S906U1,GPU
2026-04-23 00:07:25.433,110.892,28.980,53.692,0.635,1.582,6.313,15.052,0.059,false,20.410,SEVERE,9,0,sequential_yolo_pose,SM-S906U1,GPU
2026-04-23 00:07:25.527,85.625,25.543,55.120,0.597,0.000,0.000,0.000,0.000,true,17.016,SEVERE,9,0,sequential_yolo_pose,SM-S906U1,GPU
2026-04-23 00:07:25.629,95.030,33.695,53.804,0.440,0.000,0.000,0.000,0.000,true,30.598,SEVERE,9,0,sequential_yolo_pose,SM-S906U1,GPU
2026-04-23 00:07:25.761,125.153,36.342,52.508,1.116,6.298,8.831,13.387,0.057,false,16.895,SEVERE,9,0,sequential_yolo_pose,SM-S906U1,GPU
2026-04-23 00:07:25.894,124.057,30.287,57.966,0.966,2.743,14.290,13.244,0.058,false,20.442,SEVERE,9,0,sequential_yolo_pose,SM-S906U1,GPU
2026-04-23 00:07:26.021,121.320,28.990,55.941,0.577,1.586,18.199,11.623,0.047,false,20.473,SEVERE,8,0,sequential_yolo_pose,SM-S906U1,GPU
2026-04-23 00:07:26.135,108.561,26.997,52.109,0.703,1.894,6.505,15.475,0.056,false,20.379,SEVERE,8,0,sequential_yolo_pose,SM-S906U1,GPU
2026-04-23 00:07:26.255,113.184,31.806,53.796,1.061,1.930,8.851,11.374,0.052,false,20.379,SEVERE,8,0,sequential_yolo_pose,SM-S906U1,GPU
2026-04-23 00:07:26.369,109.273,30.073,52.371,0.855,1.835,6.966,11.679,0.051,false,20.379,SEVERE,8,0,sequential_yolo_pose,SM-S906U1,GPU
2026-04-23 00:07:26.487,114.109,25.156,55.829,1.021,6.098,10.468,12.232,0.056,false,20.410,SEVERE,8,0,sequential_yolo_pose,SM-S906U1,GPU
2026-04-23 00:07:26.612,119.983,29.517,54.341,0.857,2.693,11.732,12.497,0.052,false,20.410,SEVERE,8,0,sequential_yolo_pose,SM-S906U1,GPU
2026-04-23 00:07:26.727,110.412,30.832,53.713,0.732,2.337,6.900,11.477,0.055,false,20.410,SEVERE,8,0,sequential_yolo_pose,SM-S906U1,GPU
2026-04-23 00:07:26.852,118.357,32.411,54.950,0.940,2.294,9.670,11.029,0.066,false,20.379,SEVERE,8,0,sequential_yolo_pose,SM-S906U1,GPU
2026-04-23 00:07:26.977,118.817,33.965,52.504,0.699,1.853,8.348,12.192,0.053,false,20.410,SEVERE,8,0,sequential_yolo_pose,SM-S906U1,GPU
2026-04-23 00:07:27.095,112.882,30.629,54.199,1.083,2.876,8.661,10.865,0.055,false,20.414,SEVERE,9,0,sequential_yolo_pose,SM-S906U1,GPU
2026-04-23 00:07:27.220,121.062,28.377,59.677,1.024,2.732,12.763,10.678,0.063,false,20.410,SEVERE,9,0,sequential_yolo_pose,SM-S906U1,GPU
2026-04-23 00:07:27.332,107.487,28.657,54.200,0.698,1.602,5.782,11.663,0.066,false,20.317,SEVERE,9,0,sequential_yolo_pose,SM-S906U1,GPU
2026-04-23 00:07:27.450,110.720,30.248,54.568,0.751,1.696,8.707,10.335,0.048,false,20.348,SEVERE,9,0,sequential_yolo_pose,SM-S906U1,GPU
2026-04-23 00:07:27.566,112.379,30.481,53.307,1.124,2.153,7.072,13.560,0.047,false,20.317,SEVERE,9,0,sequential_yolo_pose,SM-S906U1,GPU
2026-04-23 00:07:27.688,117.703,24.675,58.971,1.133,2.747,12.517,14.016,0.051,false,20.535,SEVERE,9,0,sequential_yolo_pose,SM-S906U1,GPU
2026-04-23 00:07:27.809,116.578,27.455,55.911,0.936,2.655,10.878,13.132,0.052,false,20.379,SEVERE,9,0,sequential_yolo_pose,SM-S906U1,GPU
2026-04-23 00:07:27.932,118.060,32.615,51.955,1.159,2.725,8.204,16.271,0.055,false,20.410,SEVERE,9,0,sequential_yolo_pose,SM-S906U1,GPU
2026-04-23 00:07:28.044,106.177,24.603,55.828,0.498,1.421,9.001,11.501,0.046,false,14.668,SEVERE,8,0,sequential_yolo_pose,SM-S906U1,GPU
2026-04-23 00:07:28.160,112.505,35.515,52.159,0.583,1.352,6.267,12.386,0.049,false,21.555,SEVERE,8,0,sequential_yolo_pose,SM-S906U1,GPU
2026-04-23 00:07:28.283,115.901,29.640,51.861,1.036,2.610,10.313,15.554,0.034,false,38.563,SEVERE,8,0,sequential_yolo_pose,SM-S906U1,GPU
2026-04-23 00:07:28.405,112.444,29.695,53.191,0.716,1.886,7.004,13.172,0.078,false,20.344,SEVERE,8,0,sequential_yolo_pose,SM-S906U1,GPU
2026-04-23 00:07:28.521,112.134,30.042,55.584,0.937,2.333,8.634,10.235,0.053,false,20.379,SEVERE,8,0,sequential_yolo_pose,SM-S906U1,GPU
2026-04-23 00:07:28.634,108.863,26.129,57.147,0.564,1.703,6.668,11.405,0.054,false,20.317,SEVERE,8,0,sequential_yolo_pose,SM-S906U1,GPU
2026-04-23 00:07:28.755,115.945,29.500,56.431,0.905,2.708,11.580,10.359,0.062,false,20.379,SEVERE,8,0,sequential_yolo_pose,SM-S906U1,GPU
2026-04-23 00:07:28.872,112.856,28.974,53.745,0.589,1.580,5.957,15.049,0.070,false,20.317,SEVERE,8,0,sequential_yolo_pose,SM-S906U1,GPU
2026-04-23 00:07:28.985,108.395,27.850,53.701,0.674,2.051,8.611,10.341,0.050,false,20.285,SEVERE,8,0,sequential_yolo_pose,SM-S906U1,GPU
2026-04-23 00:07:29.104,115.489,31.444,55.125,0.942,3.232,7.701,12.382,0.073,false,20.352,SEVERE,9,0,sequential_yolo_pose,SM-S906U1,GPU
2026-04-23 00:07:29.220,111.723,33.201,53.122,1.043,1.947,5.095,9.857,0.052,false,20.285,SEVERE,9,0,sequential_yolo_pose,SM-S906U1,GPU
2026-04-23 00:07:29.334,107.403,29.679,53.663,0.522,1.481,6.229,11.330,0.058,false,20.317,SEVERE,9,0,sequential_yolo_pose,SM-S906U1,GPU
2026-04-23 00:07:29.461,119.900,32.663,53.393,1.378,3.057,11.662,12.559,0.033,false,20.410,SEVERE,9,0,sequential_yolo_pose,SM-S906U1,GPU
2026-04-23 00:07:29.576,108.718,27.028,53.496,0.807,2.425,7.153,11.173,0.062,false,20.379,SEVERE,9,0,sequential_yolo_pose,SM-S906U1,GPU
2026-04-23 00:07:29.690,110.229,29.129,54.587,1.016,2.716,7.617,10.693,0.056,false,20.379,SEVERE,9,0,sequential_yolo_pose,SM-S906U1,GPU
2026-04-23 00:07:29.810,112.683,27.558,52.461,0.932,2.667,10.052,10.495,0.055,false,20.379,SEVERE,9,0,sequential_yolo_pose,SM-S906U1,GPU
2026-04-23 00:07:29.929,114.500,35.640,51.553,0.596,1.733,6.205,12.056,2.173,false,20.379,SEVERE,9,0,sequential_yolo_pose,SM-S906U1,GPU
2026-04-23 00:07:30.049,113.131,24.331,55.729,0.505,1.648,12.912,14.960,0.059,false,20.504,SEVERE,8,0,sequential_yolo_pose,SM-S906U1,GPU
2026-04-23 00:07:30.169,116.010,31.311,57.133,0.495,1.597,5.770,14.980,0.048,false,20.414,SEVERE,8,0,sequential_yolo_pose,SM-S906U1,GPU
2026-04-23 00:07:30.283,110.430,27.374,55.606,0.750,1.687,7.088,13.491,0.047,false,20.410,SEVERE,8,0,sequential_yolo_pose,SM-S906U1,GPU
2026-04-23 00:07:30.396,106.568,30.946,54.391,0.472,1.417,5.192,9.664,0.065,false,20.379,SEVERE,8,0,sequential_yolo_pose,SM-S906U1,GPU
2026-04-23 00:07:30.517,114.737,32.583,53.314,0.966,2.575,10.121,10.659,0.054,false,20.379,SEVERE,8,0,sequential_yolo_pose,SM-S906U1,GPU
2026-04-23 00:07:30.625,104.067,28.993,52.347,0.577,1.730,5.512,10.333,0.056,false,20.348,SEVERE,8,0,sequential_yolo_pose,SM-S906U1,GPU
2026-04-23 00:07:30.749,117.916,29.866,56.887,0.694,3.331,11.914,10.503,0.059,false,20.379,SEVERE,8,0,sequential_yolo_pose,SM-S906U1,GPU
2026-04-23 00:07:30.874,120.431,31.239,53.651,0.925,2.095,8.707,18.949,0.052,false,20.410,SEVERE,8,0,sequential_yolo_pose,SM-S906U1,GPU
2026-04-23 00:07:30.989,110.117,35.464,52.207,0.503,1.505,5.186,11.133,0.049,false,20.285,SEVERE,8,0,sequential_yolo_pose,SM-S906U1,GPU
2026-04-23 00:07:31.109,116.935,31.330,53.206,0.840,4.370,10.236,12.171,0.044,false,20.446,SEVERE,9,0,sequential_yolo_pose,SM-S906U1,GPU
2026-04-23 00:07:31.225,112.099,31.695,56.861,0.698,1.566,5.110,10.742,0.045,false,20.348,SEVERE,9,0,sequential_yolo_pose,SM-S906U1,GPU
2026-04-23 00:07:31.348,117.465,30.587,53.217,0.505,2.516,11.522,14.432,0.050,false,20.442,SEVERE,9,0,sequential_yolo_pose,SM-S906U1,GPU
2026-04-23 00:07:31.472,117.321,33.521,54.697,0.817,2.326,9.046,11.850,0.094,false,20.348,SEVERE,9,0,sequential_yolo_pose,SM-S906U1,GPU
2026-04-23 00:07:31.592,115.699,31.943,54.919,0.824,2.235,9.475,11.771,0.050,false,20.348,SEVERE,9,0,sequential_yolo_pose,SM-S906U1,GPU
2026-04-23 00:07:31.722,116.415,29.285,53.960,1.036,2.828,12.027,11.385,0.048,false,20.442,SEVERE,9,0,sequential_yolo_pose,SM-S906U1,GPU
2026-04-23 00:07:31.841,114.714,31.677,56.730,0.737,1.907,6.991,11.959,0.053,false,20.321,SEVERE,9,0,sequential_yolo_pose,SM-S906U1,GPU
2026-04-23 00:07:31.955,109.378,34.950,52.788,0.502,1.340,5.390,10.062,0.057,false,20.285,SEVERE,9,0,sequential_yolo_pose,SM-S906U1,GPU
2026-04-23 00:07:32.074,114.551,30.936,56.826,0.522,1.411,7.360,10.196,0.049,false,20.473,SEVERE,8,0,sequential_yolo_pose,SM-S906U1,GPU
2026-04-23 00:07:32.191,112.458,27.561,54.350,1.362,2.752,10.679,11.312,0.053,false,20.383,SEVERE,8,0,sequential_yolo_pose,SM-S906U1,GPU
2026-04-23 00:07:32.300,103.912,24.018,57.189,0.679,2.623,5.926,10.197,0.056,false,20.379,SEVERE,8,0,sequential_yolo_pose,SM-S906U1,GPU
2026-04-23 00:07:32.421,116.212,32.795,51.694,0.896,3.627,9.932,12.639,0.049,false,20.379,SEVERE,8,0,sequential_yolo_pose,SM-S906U1,GPU
2026-04-23 00:07:32.555,125.375,33.161,56.130,1.097,2.708,14.507,12.885,0.051,false,20.379,SEVERE,8,0,sequential_yolo_pose,SM-S906U1,GPU
2026-04-23 00:07:32.687,127.947,30.360,53.115,0.863,3.760,23.180,9.956,0.038,false,20.535,SEVERE,8,0,sequential_yolo_pose,SM-S906U1,GPU
2026-04-23 00:07:32.792,102.053,24.195,53.998,0.630,1.563,6.108,11.431,0.058,false,20.317,SEVERE,8,0,sequential_yolo_pose,SM-S906U1,GPU
2026-04-23 00:07:32.918,121.287,29.070,58.978,0.946,2.907,10.287,14.377,0.043,false,20.430,SEVERE,8,0,sequential_yolo_pose,SM-S906U1,GPU
2026-04-23 00:07:33.028,106.667,23.964,55.782,0.860,2.732,9.627,10.282,0.058,false,20.348,SEVERE,8,0,sequential_yolo_pose,SM-S906U1,GPU
2026-04-23 00:07:33.146,109.233,24.466,58.788,0.605,3.050,8.566,10.311,0.041,false,20.371,SEVERE,8,0,sequential_yolo_pose,SM-S906U1,GPU
2026-04-23 00:07:33.259,108.619,31.750,52.560,0.645,1.872,6.197,11.093,0.047,false,20.317,SEVERE,8,0,sequential_yolo_pose,SM-S906U1,GPU
2026-04-23 00:07:33.383,118.530,31.196,55.216,0.685,4.142,7.885,11.468,0.069,false,20.348,SEVERE,8,0,sequential_yolo_pose,SM-S906U1,GPU
2026-04-23 00:07:33.493,105.121,25.919,52.281,0.725,1.993,7.093,12.250,0.046,false,20.348,SEVERE,8,0,sequential_yolo_pose,SM-S906U1,GPU
2026-04-23 00:07:33.610,111.120,29.230,53.721,0.510,2.176,6.659,14.483,0.047,false,20.442,SEVERE,8,0,sequential_yolo_pose,SM-S906U1,GPU
2026-04-23 00:07:33.721,107.244,29.622,53.726,0.677,2.659,5.737,10.591,0.052,false,20.442,SEVERE,8,0,sequential_yolo_pose,SM-S906U1,GPU
2026-04-23 00:07:33.832,106.233,27.619,53.823,0.549,1.588,6.131,12.023,0.091,false,20.317,SEVERE,8,0,sequential_yolo_pose,SM-S906U1,GPU
2026-04-23 00:07:33.950,114.374,25.188,56.095,0.703,2.013,14.807,11.234,0.048,false,20.442,SEVERE,8,0,sequential_yolo_pose,SM-S906U1,GPU
2026-04-23 00:07:34.068,112.817,35.025,53.687,0.646,1.588,6.239,11.126,0.059,false,20.473,SEVERE,9,0,sequential_yolo_pose,SM-S906U1,GPU
2026-04-23 00:07:34.189,115.914,27.862,54.226,1.100,2.724,13.311,11.723,0.069,false,20.410,SEVERE,9,0,sequential_yolo_pose,SM-S906U1,GPU
2026-04-23 00:07:34.306,110.117,30.015,51.958,0.720,2.124,7.326,13.180,0.059,false,20.379,SEVERE,9,0,sequential_yolo_pose,SM-S906U1,GPU
2026-04-23 00:07:34.423,113.198,30.867,52.351,0.897,3.651,8.645,12.072,0.064,false,20.379,SEVERE,9,0,sequential_yolo_pose,SM-S906U1,GPU
2026-04-23 00:07:34.546,116.972,29.182,52.182,0.625,2.973,14.169,9.706,0.051,false,20.379,SEVERE,9,0,sequential_yolo_pose,SM-S906U1,GPU
2026-04-23 00:07:34.657,106.062,30.342,52.740,0.560,1.440,5.283,11.371,0.054,false,20.442,SEVERE,9,0,sequential_yolo_pose,SM-S906U1,GPU
2026-04-23 00:07:34.773,112.761,25.883,55.426,0.884,2.426,8.582,15.024,0.058,false,20.379,SEVERE,9,0,sequential_yolo_pose,SM-S906U1,GPU
2026-04-23 00:07:34.891,115.275,30.970,54.741,0.961,3.956,7.387,12.799,0.054,false,20.410,SEVERE,9,0,sequential_yolo_pose,SM-S906U1,GPU
2026-04-23 00:07:35.007,110.869,26.116,54.861,0.527,2.044,10.078,11.801,0.053,false,20.348,SEVERE,9,0,sequential_yolo_pose,SM-S906U1,GPU
2026-04-23 00:07:35.127,115.375,30.724,55.348,0.809,2.345,8.370,12.591,0.058,false,20.383,SEVERE,9,0,sequential_yolo_pose,SM-S906U1,GPU
2026-04-23 00:07:35.253,117.948,24.089,54.599,0.557,1.594,6.455,26.349,0.053,false,20.410,SEVERE,9,0,sequential_yolo_pose,SM-S906U1,GPU
2026-04-23 00:07:35.377,120.230,34.034,55.591,0.611,2.111,8.296,14.428,0.057,false,20.379,SEVERE,9,0,sequential_yolo_pose,SM-S906U1,GPU
2026-04-23 00:07:35.471,90.180,32.278,53.268,0.420,0.000,0.000,0.000,0.000,true,16.985,SEVERE,9,0,sequential_yolo_pose,SM-S906U1,GPU
2026-04-23 00:07:35.596,118.710,31.697,56.644,1.186,2.135,6.370,15.212,0.051,false,33.961,SEVERE,9,0,sequential_yolo_pose,SM-S906U1,GPU
2026-04-23 00:07:35.720,117.704,31.064,56.670,0.879,2.721,8.342,10.552,0.061,false,30.313,SEVERE,9,0,sequential_yolo_pose,SM-S906U1,GPU
2026-04-23 00:07:35.845,119.988,32.033,54.793,1.115,2.763,10.047,14.544,0.050,false,20.383,SEVERE,9,0,sequential_yolo_pose,SM-S906U1,GPU
2026-04-23 00:07:35.964,115.415,30.380,52.675,1.035,3.095,8.378,14.431,0.062,false,20.379,SEVERE,9,0,sequential_yolo_pose,SM-S906U1,GPU
2026-04-23 00:07:36.077,107.682,30.146,54.754,0.627,1.747,6.048,9.820,0.054,false,20.535,SEVERE,8,0,sequential_yolo_pose,SM-S906U1,GPU
2026-04-23 00:07:36.194,114.060,32.172,54.101,0.998,2.335,7.635,12.541,0.060,false,20.379,SEVERE,8,0,sequential_yolo_pose,SM-S906U1,GPU
2026-04-23 00:07:36.318,118.587,30.970,53.546,1.160,2.757,13.438,11.593,0.050,false,20.379,SEVERE,8,0,sequential_yolo_pose,SM-S906U1,GPU
2026-04-23 00:07:36.432,109.391,32.691,53.858,0.600,1.569,5.741,10.356,0.081,false,20.317,SEVERE,8,0,sequential_yolo_pose,SM-S906U1,GPU
2026-04-23 00:07:36.557,116.675,30.095,54.457,1.112,2.845,12.555,10.635,0.055,false,20.379,SEVERE,8,0,sequential_yolo_pose,SM-S906U1,GPU
2026-04-23 00:07:36.678,114.819,32.471,54.777,0.672,1.889,7.702,11.496,0.055,false,20.379,SEVERE,8,0,sequential_yolo_pose,SM-S906U1,GPU
2026-04-23 00:07:36.797,112.628,29.021,54.936,0.747,2.992,8.475,12.008,0.063,false,20.379,SEVERE,8,0,sequential_yolo_pose,SM-S906U1,GPU
2026-04-23 00:07:36.927,121.281,29.407,53.394,0.930,3.023,17.647,12.164,0.053,false,20.442,SEVERE,8,0,sequential_yolo_pose,SM-S906U1,GPU
2026-04-23 00:07:37.045,112.936,29.837,51.363,0.771,2.132,7.941,12.051,0.059,false,20.348,SEVERE,8,0,sequential_yolo_pose,SM-S906U1,GPU
2026-04-23 00:07:37.170,120.642,29.229,56.789,0.913,2.648,7.556,19.134,0.042,false,20.442,SEVERE,9,0,sequential_yolo_pose,SM-S906U1,GPU
2026-04-23 00:07:37.288,115.396,28.948,55.968,0.828,2.782,10.483,11.908,0.049,false,20.442,SEVERE,9,0,sequential_yolo_pose,SM-S906U1,GPU
2026-04-23 00:07:37.417,125.280,29.287,61.575,0.800,2.772,14.501,11.903,0.045,false,20.379,SEVERE,9,0,sequential_yolo_pose,SM-S906U1,GPU
2026-04-23 00:07:37.540,119.865,30.970,58.981,0.760,2.342,8.540,13.668,0.054,false,20.348,SEVERE,9,0,sequential_yolo_pose,SM-S906U1,GPU
2026-04-23 00:07:37.655,110.901,28.804,53.770,1.321,2.684,8.683,11.015,0.073,false,20.317,SEVERE,9,0,sequential_yolo_pose,SM-S906U1,GPU
2026-04-23 00:07:37.782,117.123,28.313,55.541,1.003,2.652,12.797,10.114,0.062,false,20.379,SEVERE,9,0,sequential_yolo_pose,SM-S906U1,GPU
2026-04-23 00:07:37.900,112.144,30.229,53.434,0.749,2.515,8.534,11.411,0.058,false,20.379,SEVERE,9,0,sequential_yolo_pose,SM-S906U1,GPU
2026-04-23 00:07:38.024,115.956,30.956,52.926,0.914,3.886,10.530,10.676,0.073,false,20.317,SEVERE,9,0,sequential_yolo_pose,SM-S906U1,GPU
2026-04-23 00:07:38.151,117.192,31.301,55.746,0.959,3.749,6.960,10.872,0.068,false,20.446,SEVERE,8,0,sequential_yolo_pose,SM-S906U1,GPU
2026-04-23 00:07:38.248,91.452,32.371,54.463,0.299,0.000,0.000,0.000,0.000,true,16.985,SEVERE,8,0,sequential_yolo_pose,SM-S906U1,GPU
2026-04-23 00:07:38.350,96.868,34.461,54.819,0.566,0.000,0.000,0.000,0.000,true,30.567,SEVERE,8,0,sequential_yolo_pose,SM-S906U1,GPU
2026-04-23 00:07:38.455,97.124,35.453,56.201,0.328,0.000,0.000,0.000,0.000,true,18.250,SEVERE,8,0,sequential_yolo_pose,SM-S906U1,GPU
2026-04-23 00:07:38.590,127.993,31.528,55.063,0.934,2.498,14.392,12.129,0.053,false,35.165,SEVERE,8,0,sequential_yolo_pose,SM-S906U1,GPU
2026-04-23 00:07:38.711,114.009,24.927,57.663,0.889,2.508,8.709,11.778,0.052,false,17.348,SEVERE,8,0,sequential_yolo_pose,SM-S906U1,GPU
2026-04-23 00:07:38.821,105.415,28.984,54.990,0.468,1.262,4.465,10.099,0.768,false,20.254,SEVERE,8,0,sequential_yolo_pose,SM-S906U1,GPU
2026-04-23 00:07:38.934,106.083,25.223,55.255,0.502,1.854,6.697,12.857,0.052,false,20.410,SEVERE,8,0,sequential_yolo_pose,SM-S906U1,GPU
2026-04-23 00:07:39.047,108.548,29.097,52.164,0.449,1.709,7.569,11.341,0.054,false,20.348,SEVERE,8,0,sequential_yolo_pose,SM-S906U1,GPU
2026-04-23 00:07:39.165,113.829,31.701,53.759,0.565,2.039,7.245,13.828,0.037,false,20.375,SEVERE,9,0,sequential_yolo_pose,SM-S906U1,GPU
2026-04-23 00:07:39.284,112.254,32.916,51.705,0.508,1.796,10.116,10.397,0.038,false,20.410,SEVERE,9,0,sequential_yolo_pose,SM-S906U1,GPU
2026-04-23 00:07:39.405,114.708,31.105,52.677,0.364,2.268,7.844,11.313,0.039,false,20.379,SEVERE,9,0,sequential_yolo_pose,SM-S906U1,GPU
2026-04-23 00:07:39.519,110.148,27.683,55.264,0.570,2.087,8.686,11.831,0.034,false,20.379,SEVERE,9,0,sequential_yolo_pose,SM-S906U1,GPU
2026-04-23 00:07:39.611,87.057,28.760,53.301,0.598,0.000,0.000,0.000,0.000,true,16.953,SEVERE,9,0,sequential_yolo_pose,SM-S906U1,GPU
2026-04-23 00:07:39.744,126.759,39.814,54.016,0.568,1.411,6.979,17.366,0.036,false,34.117,SEVERE,9,0,sequential_yolo_pose,SM-S906U1,GPU
2026-04-23 00:07:39.846,93.540,32.633,55.644,0.461,0.000,0.000,0.000,0.000,true,16.977,SEVERE,9,0,sequential_yolo_pose,SM-S906U1,GPU
2026-04-23 00:07:39.974,123.681,36.122,56.719,0.703,2.197,9.990,12.459,0.067,false,34.016,SEVERE,9,0,sequential_yolo_pose,SM-S906U1,GPU
2026-04-23 00:07:40.100,118.742,31.136,57.083,0.602,1.940,7.958,11.518,0.043,false,28.930,SEVERE,9,0,sequential_yolo_pose,SM-S906U1,GPU
2026-04-23 00:07:40.223,114.341,28.164,57.358,0.634,3.857,7.718,10.729,0.055,false,20.438,SEVERE,9,0,sequential_yolo_pose,SM-S906U1,GPU
2026-04-23 00:07:40.340,111.663,30.275,56.185,0.435,1.710,5.744,10.237,0.062,false,20.317,SEVERE,9,0,sequential_yolo_pose,SM-S906U1,GPU
2026-04-23 00:07:40.454,109.074,27.986,54.732,0.787,2.202,7.652,11.422,0.060,false,20.379,SEVERE,9,0,sequential_yolo_pose,SM-S906U1,GPU
2026-04-23 00:07:40.578,119.613,30.937,55.659,0.486,2.356,12.946,10.395,0.055,false,20.379,SEVERE,9,0,sequential_yolo_pose,SM-S906U1,GPU
2026-04-23 00:07:40.699,114.882,31.686,56.337,0.630,1.980,7.653,12.062,0.052,false,20.348,SEVERE,9,0,sequential_yolo_pose,SM-S906U1,GPU
2026-04-23 00:07:40.822,117.959,26.938,58.413,0.863,2.713,11.228,12.552,0.056,false,20.442,SEVERE,9,0,sequential_yolo_pose,SM-S906U1,GPU
2026-04-23 00:07:40.942,116.267,26.200,53.288,0.595,2.223,9.899,11.414,0.053,false,20.410,SEVERE,9,0,sequential_yolo_pose,SM-S906U1,GPU
2026-04-23 00:07:41.054,106.595,30.830,53.092,0.490,1.567,5.174,11.070,0.036,false,20.317,SEVERE,9,0,sequential_yolo_pose,SM-S906U1,GPU
2026-04-23 00:07:41.160,102.841,25.094,54.478,0.548,1.395,5.592,12.478,0.055,false,20.567,SEVERE,8,0,sequential_yolo_pose,SM-S906U1,GPU
2026-04-23 00:07:41.283,116.646,28.508,55.963,0.936,2.846,10.631,11.916,0.068,false,20.352,SEVERE,8,0,sequential_yolo_pose,SM-S906U1,GPU
2026-04-23 00:07:41.398,110.265,29.959,53.309,0.564,1.536,5.531,14.980,0.050,false,20.348,SEVERE,8,0,sequential_yolo_pose,SM-S906U1,GPU
2026-04-23 00:07:41.526,119.890,33.322,54.750,0.910,2.847,11.167,12.327,0.074,false,20.410,SEVERE,8,0,sequential_yolo_pose,SM-S906U1,GPU
2026-04-23 00:07:41.648,112.650,24.715,57.314,0.540,1.489,11.274,13.902,0.050,false,20.410,SEVERE,8,0,sequential_yolo_pose,SM-S906U1,GPU
2026-04-23 00:07:41.761,108.746,31.664,54.553,0.582,1.582,5.416,10.521,0.065,false,20.379,SEVERE,8,0,sequential_yolo_pose,SM-S906U1,GPU
2026-04-23 00:07:41.883,113.117,25.306,55.550,1.010,3.119,12.100,12.587,0.058,false,20.410,SEVERE,8,0,sequential_yolo_pose,SM-S906U1,GPU
2026-04-23 00:07:41.999,112.505,32.406,51.997,0.942,1.943,7.382,13.066,0.053,false,20.352,SEVERE,8,0,sequential_yolo_pose,SM-S906U1,GPU
2026-04-23 00:07:42.122,117.030,30.723,57.689,0.939,2.847,9.493,10.721,0.061,false,20.379,SEVERE,8,0,sequential_yolo_pose,SM-S906U1,GPU
2026-04-23 00:07:42.245,115.353,26.426,54.398,0.845,1.982,11.892,14.043,0.056,false,20.383,SEVERE,8,0,sequential_yolo_pose,SM-S906U1,GPU
2026-04-23 00:07:42.370,119.233,32.957,55.721,1.023,2.785,10.001,12.139,0.064,false,20.348,SEVERE,8,0,sequential_yolo_pose,SM-S906U1,GPU
2026-04-23 00:07:42.489,114.847,29.148,56.253,1.456,2.742,8.572,10.303,0.057,false,20.410,SEVERE,8,0,sequential_yolo_pose,SM-S906U1,GPU
2026-04-23 00:07:42.598,104.234,25.934,53.935,0.530,1.517,6.198,10.402,0.068,false,20.317,SEVERE,8,0,sequential_yolo_pose,SM-S906U1,GPU
2026-04-23 00:07:42.719,113.396,29.660,54.558,0.720,2.473,11.200,10.313,0.052,false,20.379,SEVERE,8,0,sequential_yolo_pose,SM-S906U1,GPU
2026-04-23 00:07:42.832,107.893,30.179,53.362,0.488,1.492,5.315,10.324,0.052,false,20.317,SEVERE,8,0,sequential_yolo_pose,SM-S906U1,GPU
2026-04-23 00:07:42.950,113.267,31.347,55.237,0.758,2.456,8.064,10.459,0.061,false,20.285,SEVERE,8,0,sequential_yolo_pose,SM-S906U1,GPU
2026-04-23 00:07:43.075,120.382,33.368,58.860,0.934,2.300,7.602,11.537,0.052,false,20.379,SEVERE,8,0,sequential_yolo_pose,SM-S906U1,GPU
2026-04-23 00:07:43.188,106.686,30.775,51.447,0.569,1.640,6.274,11.487,0.050,false,20.446,SEVERE,9,0,sequential_yolo_pose,SM-S906U1,GPU
2026-04-23 00:07:43.300,107.251,28.367,54.379,0.665,1.478,5.485,12.530,0.052,false,20.317,SEVERE,9,0,sequential_yolo_pose,SM-S906U1,GPU
2026-04-23 00:07:43.425,118.735,25.272,53.532,0.868,4.277,18.697,12.396,0.055,false,20.473,SEVERE,9,0,sequential_yolo_pose,SM-S906U1,GPU
2026-04-23 00:07:43.545,109.655,28.333,52.232,0.652,1.919,9.073,10.753,0.066,false,20.379,SEVERE,9,0,sequential_yolo_pose,SM-S906U1,GPU
2026-04-23 00:07:43.655,105.244,26.969,52.806,0.628,1.488,5.054,10.520,0.037,false,20.379,SEVERE,9,0,sequential_yolo_pose,SM-S906U1,GPU
2026-04-23 00:07:43.763,104.649,28.836,52.930,0.583,1.398,5.068,11.541,0.101,false,20.410,SEVERE,9,0,sequential_yolo_pose,SM-S906U1,GPU
2026-04-23 00:07:43.893,124.720,31.422,54.223,1.052,3.922,17.092,12.067,0.059,false,20.442,SEVERE,9,0,sequential_yolo_pose,SM-S906U1,GPU
2026-04-23 00:07:44.018,119.601,30.434,57.529,0.560,2.638,12.504,11.533,0.051,false,20.442,SEVERE,9,0,sequential_yolo_pose,SM-S906U1,GPU
2026-04-23 00:07:44.131,108.964,29.430,54.646,0.570,1.713,5.611,12.587,0.055,false,20.414,SEVERE,9,0,sequential_yolo_pose,SM-S906U1,GPU
2026-04-23 00:07:44.244,107.524,30.143,50.732,0.768,1.991,6.830,12.510,0.068,false,20.379,SEVERE,9,0,sequential_yolo_pose,SM-S906U1,GPU
2026-04-23 00:07:44.359,110.707,29.581,53.291,1.011,4.588,6.971,10.639,0.055,false,20.379,SEVERE,9,0,sequential_yolo_pose,SM-S906U1,GPU
2026-04-23 00:07:44.477,113.257,29.684,57.496,0.523,1.777,6.796,12.267,0.049,false,14.481,SEVERE,9,0,sequential_yolo_pose,SM-S906U1,GPU
2026-04-23 00:07:44.587,107.154,31.688,53.792,0.525,1.379,5.043,9.766,0.047,false,21.555,SEVERE,9,0,sequential_yolo_pose,SM-S906U1,GPU
2026-04-23 00:07:44.721,128.463,31.496,55.659,1.207,2.745,20.864,12.181,0.035,false,38.532,SEVERE,9,0,sequential_yolo_pose,SM-S906U1,GPU
2026-04-23 00:07:44.857,125.450,29.824,53.008,1.118,3.901,12.328,13.066,0.054,false,20.410,SEVERE,9,0,sequential_yolo_pose,SM-S906U1,GPU
2026-04-23 00:07:44.984,123.980,28.926,57.085,0.605,1.958,7.215,23.551,0.045,false,20.410,SEVERE,9,0,sequential_yolo_pose,SM-S906U1,GPU
2026-04-23 00:07:45.115,127.372,32.842,57.742,1.098,2.968,9.962,16.655,0.039,false,20.414,SEVERE,9,0,sequential_yolo_pose,SM-S906U1,GPU
2026-04-23 00:07:45.249,124.997,36.556,54.102,0.880,2.149,8.240,10.450,0.053,false,20.379,SEVERE,8,0,sequential_yolo_pose,SM-S906U1,GPU
2026-04-23 00:07:45.362,109.081,31.610,53.212,0.533,1.439,5.269,10.182,0.046,false,20.379,SEVERE,8,0,sequential_yolo_pose,SM-S906U1,GPU
2026-04-23 00:07:45.474,104.176,28.307,56.172,0.367,0.946,3.742,10.317,0.048,false,14.450,SEVERE,8,0,sequential_yolo_pose,SM-S906U1,GPU
2026-04-23 00:07:45.590,113.122,30.555,54.915,0.959,6.390,6.453,9.752,0.054,false,21.551,SEVERE,8,0,sequential_yolo_pose,SM-S906U1,GPU
2026-04-23 00:07:45.704,110.024,29.706,53.696,0.524,1.323,6.325,12.586,0.042,false,38.528,SEVERE,8,0,sequential_yolo_pose,SM-S906U1,GPU
2026-04-23 00:07:45.824,116.075,33.076,55.458,0.912,3.963,8.246,10.121,0.064,false,28.797,SEVERE,8,0,sequential_yolo_pose,SM-S906U1,GPU
2026-04-23 00:07:45.936,107.241,26.485,53.942,0.669,1.962,6.609,12.672,0.053,false,20.414,SEVERE,8,0,sequential_yolo_pose,SM-S906U1,GPU
2026-04-23 00:07:46.054,114.513,28.637,54.382,4.112,2.608,9.958,10.225,0.057,false,20.465,SEVERE,8,0,sequential_yolo_pose,SM-S906U1,GPU
2026-04-23 00:07:46.162,104.011,23.511,55.718,0.704,1.725,6.013,10.470,0.061,false,20.371,SEVERE,8,0,sequential_yolo_pose,SM-S906U1,GPU
2026-04-23 00:07:46.288,120.786,31.887,53.865,2.230,3.438,8.297,12.072,0.052,false,20.410,SEVERE,9,0,sequential_yolo_pose,SM-S906U1,GPU
2026-04-23 00:07:46.419,126.663,31.559,56.157,0.790,2.031,21.064,10.349,0.061,false,20.410,SEVERE,9,0,sequential_yolo_pose,SM-S906U1,GPU
2026-04-23 00:07:46.547,123.588,32.050,57.127,0.674,1.505,16.631,10.186,0.040,false,20.410,SEVERE,9,0,sequential_yolo_pose,SM-S906U1,GPU
2026-04-23 00:07:46.666,114.867,31.237,56.770,0.987,2.222,7.654,11.659,0.060,false,20.379,SEVERE,9,0,sequential_yolo_pose,SM-S906U1,GPU
2026-04-23 00:07:46.789,114.152,29.935,52.304,1.122,2.872,12.153,10.808,0.056,false,20.410,SEVERE,9,0,sequential_yolo_pose,SM-S906U1,GPU
2026-04-23 00:07:46.906,112.244,26.517,56.408,0.575,1.387,7.081,14.547,0.051,false,20.379,SEVERE,9,0,sequential_yolo_pose,SM-S906U1,GPU
2026-04-23 00:07:47.019,108.751,27.261,53.669,0.750,1.767,7.909,12.831,0.053,false,20.379,SEVERE,9,0,sequential_yolo_pose,SM-S906U1,GPU
2026-04-23 00:07:47.126,103.491,27.082,52.334,0.571,1.429,5.601,11.773,0.053,false,20.317,SEVERE,9,0,sequential_yolo_pose,SM-S906U1,GPU
2026-04-23 00:07:47.239,109.559,30.270,55.194,0.710,1.590,6.558,10.262,0.073,false,20.414,SEVERE,8,0,sequential_yolo_pose,SM-S906U1,GPU
2026-04-23 00:07:47.356,113.147,29.034,54.870,1.904,2.866,8.567,11.243,0.049,false,20.410,SEVERE,8,0,sequential_yolo_pose,SM-S906U1,GPU
2026-04-23 00:07:47.484,122.472,24.740,55.084,1.121,3.188,17.887,10.488,0.067,false,20.379,SEVERE,8,0,sequential_yolo_pose,SM-S906U1,GPU
2026-04-23 00:07:47.601,112.863,24.842,55.512,0.839,2.197,8.430,11.321,0.061,false,20.317,SEVERE,8,0,sequential_yolo_pose,SM-S906U1,GPU
2026-04-23 00:07:47.720,112.326,29.297,56.757,0.822,1.458,6.195,11.448,0.054,false,20.403,SEVERE,8,0,sequential_yolo_pose,SM-S906U1,GPU
2026-04-23 00:07:47.829,103.926,27.962,52.136,0.605,1.542,5.917,11.161,0.049,false,20.285,SEVERE,8,0,sequential_yolo_pose,SM-S906U1,GPU
2026-04-23 00:07:47.950,116.002,30.286,55.421,0.788,3.083,9.239,11.797,0.086,false,20.379,SEVERE,8,0,sequential_yolo_pose,SM-S906U1,GPU
2026-04-23 00:07:48.074,117.917,32.342,52.249,0.665,1.663,6.706,14.132,0.057,false,20.348,SEVERE,8,0,sequential_yolo_pose,SM-S906U1,GPU
2026-04-23 00:07:48.187,107.627,24.820,56.104,0.861,1.827,8.210,12.208,0.058,false,20.403,SEVERE,8,0,sequential_yolo_pose,SM-S906U1,GPU
2026-04-23 00:07:48.307,113.563,30.703,55.646,0.655,1.809,7.806,9.799,0.052,false,20.348,SEVERE,8,0,sequential_yolo_pose,SM-S906U1,GPU
2026-04-23 00:07:48.423,112.750,30.485,54.454,1.098,2.701,9.018,10.387,0.056,false,20.379,SEVERE,8,0,sequential_yolo_pose,SM-S906U1,GPU
2026-04-23 00:07:48.550,117.286,26.395,58.243,0.884,2.689,10.689,10.478,0.069,false,20.379,SEVERE,8,0,sequential_yolo_pose,SM-S906U1,GPU
2026-04-23 00:07:48.677,120.596,29.771,58.495,1.032,3.115,11.344,11.178,0.052,false,20.410,SEVERE,8,0,sequential_yolo_pose,SM-S906U1,GPU
2026-04-23 00:07:48.792,111.268,29.732,54.766,0.924,2.342,8.523,10.593,0.048,false,20.348,SEVERE,8,0,sequential_yolo_pose,SM-S906U1,GPU
2026-04-23 00:07:48.923,123.012,26.446,53.433,0.556,2.763,15.308,16.828,0.047,false,20.504,SEVERE,8,0,sequential_yolo_pose,SM-S906U1,GPU
2026-04-23 00:07:49.050,121.421,32.034,53.124,1.123,2.781,13.062,13.234,0.047,false,20.410,SEVERE,8,0,sequential_yolo_pose,SM-S906U1,GPU
2026-04-23 00:07:49.169,115.334,28.312,54.112,0.845,2.460,8.628,16.389,0.041,false,20.410,SEVERE,8,0,sequential_yolo_pose,SM-S906U1,GPU
2026-04-23 00:07:49.288,116.328,33.219,52.842,1.033,2.935,10.105,11.853,0.052,false,20.379,SEVERE,9,0,sequential_yolo_pose,SM-S906U1,GPU
2026-04-23 00:07:49.413,120.316,27.545,56.528,0.937,2.724,10.224,13.917,0.057,false,20.379,SEVERE,9,0,sequential_yolo_pose,SM-S906U1,GPU
2026-04-23 00:07:49.534,116.593,34.632,55.466,0.555,2.270,8.247,10.617,0.048,false,20.348,SEVERE,9,0,sequential_yolo_pose,SM-S906U1,GPU
2026-04-23 00:07:49.652,111.795,30.019,54.438,0.948,3.202,8.173,10.224,0.067,false,20.348,SEVERE,9,0,sequential_yolo_pose,SM-S906U1,GPU
2026-04-23 00:07:49.759,102.580,24.757,51.837,0.589,1.585,4.872,9.780,0.049,false,20.410,SEVERE,9,0,sequential_yolo_pose,SM-S906U1,GPU
2026-04-23 00:07:49.873,110.478,32.068,53.166,0.571,1.501,5.396,13.559,0.044,false,20.379,SEVERE,9,0,sequential_yolo_pose,SM-S906U1,GPU
2026-04-23 00:07:49.983,106.932,31.920,53.890,0.521,1.500,5.044,9.953,0.049,false,20.317,SEVERE,9,0,sequential_yolo_pose,SM-S906U1,GPU
2026-04-23 00:07:50.115,121.062,31.877,58.120,0.632,1.863,7.971,9.419,0.041,false,20.317,SEVERE,9,0,sequential_yolo_pose,SM-S906U1,GPU
2026-04-23 00:07:50.240,121.060,35.648,56.557,0.540,1.945,8.045,14.226,0.049,false,20.379,SEVERE,8,0,sequential_yolo_pose,SM-S906U1,GPU
2026-04-23 00:07:50.350,106.342,30.718,53.094,0.522,1.607,6.656,9.360,0.050,false,20.340,SEVERE,8,0,sequential_yolo_pose,SM-S906U1,GPU
2026-04-23 00:07:50.442,87.601,29.500,53.822,0.282,0.000,0.000,0.000,0.000,true,16.985,SEVERE,8,0,sequential_yolo_pose,SM-S906U1,GPU
2026-04-23 00:07:50.540,94.549,34.939,54.472,0.739,0.000,0.000,0.000,0.000,true,30.598,SEVERE,8,0,sequential_yolo_pose,SM-S906U1,GPU
2026-04-23 00:07:50.645,100.142,38.629,55.023,0.410,0.000,0.000,0.000,0.000,true,13.910,SEVERE,8,0,sequential_yolo_pose,SM-S906U1,GPU
2026-04-23 00:07:50.772,120.803,39.860,54.140,0.524,1.443,5.455,12.866,0.059,false,20.371,SEVERE,8,0,sequential_yolo_pose,SM-S906U1,GPU
2026-04-23 00:07:50.889,112.876,29.082,54.722,1.063,2.832,10.142,10.633,0.059,false,20.379,SEVERE,8,0,sequential_yolo_pose,SM-S906U1,GPU
2026-04-23 00:07:51.010,115.283,25.996,55.784,0.810,2.541,11.582,11.420,0.052,false,20.410,SEVERE,8,0,sequential_yolo_pose,SM-S906U1,GPU
2026-04-23 00:07:51.128,112.165,31.166,55.906,0.826,1.575,6.161,12.127,0.056,false,20.348,SEVERE,8,0,sequential_yolo_pose,SM-S906U1,GPU
2026-04-23 00:07:51.245,110.799,27.414,54.480,0.543,2.050,6.734,14.026,0.046,false,20.504,SEVERE,9,0,sequential_yolo_pose,SM-S906U1,GPU
2026-04-23 00:07:51.359,110.333,32.480,54.606,0.757,1.880,6.549,9.825,0.047,false,20.379,SEVERE,9,0,sequential_yolo_pose,SM-S906U1,GPU
2026-04-23 00:07:51.486,121.787,29.607,55.592,1.149,5.277,14.305,9.864,0.059,false,20.410,SEVERE,9,0,sequential_yolo_pose,SM-S906U1,GPU
2026-04-23 00:07:51.608,116.175,35.939,53.896,0.600,1.502,7.294,11.410,0.161,false,20.348,SEVERE,9,0,sequential_yolo_pose,SM-S906U1,GPU
2026-04-23 00:07:51.726,114.211,30.940,53.592,1.010,2.668,9.479,10.916,0.048,false,20.379,SEVERE,9,0,sequential_yolo_pose,SM-S906U1,GPU
2026-04-23 00:07:51.850,112.010,28.827,53.475,0.992,2.706,9.969,11.604,0.054,false,20.379,SEVERE,9,0,sequential_yolo_pose,SM-S906U1,GPU
2026-04-23 00:07:51.970,114.409,27.939,55.212,0.948,2.274,8.755,14.637,0.063,false,20.410,SEVERE,9,0,sequential_yolo_pose,SM-S906U1,GPU
2026-04-23 00:07:52.090,114.313,29.114,52.975,1.067,2.718,13.289,10.813,0.044,false,20.442,SEVERE,9,0,sequential_yolo_pose,SM-S906U1,GPU
2026-04-23 00:07:52.210,117.038,34.202,53.048,0.934,2.371,9.740,12.234,0.065,false,20.379,SEVERE,9,0,sequential_yolo_pose,SM-S906U1,GPU
2026-04-23 00:07:52.332,117.607,33.641,54.525,1.182,2.522,8.929,12.084,0.055,false,20.348,SEVERE,9,0,sequential_yolo_pose,SM-S906U1,GPU
2026-04-23 00:07:52.454,113.214,28.496,53.153,1.008,2.879,12.173,10.780,0.050,false,20.442,SEVERE,9,0,sequential_yolo_pose,SM-S906U1,GPU
2026-04-23 00:07:52.579,120.011,30.319,56.014,1.053,2.670,10.256,12.528,0.057,false,20.379,SEVERE,9,0,sequential_yolo_pose,SM-S906U1,GPU
2026-04-23 00:07:52.696,110.487,31.537,53.551,0.597,1.581,5.492,11.341,0.051,false,20.348,SEVERE,9,0,sequential_yolo_pose,SM-S906U1,GPU
2026-04-23 00:07:52.816,113.644,30.767,53.055,0.671,2.631,10.323,11.507,0.059,false,20.410,SEVERE,9,0,sequential_yolo_pose,SM-S906U1,GPU
2026-04-23 00:07:52.938,115.492,32.012,54.834,0.642,1.620,6.603,14.848,0.039,false,20.348,SEVERE,9,0,sequential_yolo_pose,SM-S906U1,GPU
2026-04-23 00:07:53.053,107.819,25.446,56.300,0.588,1.905,8.141,11.800,0.046,false,20.457,SEVERE,9,0,sequential_yolo_pose,SM-S906U1,GPU
2026-04-23 00:07:53.174,115.522,30.244,55.594,0.721,1.754,6.607,14.529,0.045,false,20.410,SEVERE,9,0,sequential_yolo_pose,SM-S906U1,GPU
2026-04-23 00:07:53.289,111.295,29.852,55.402,0.846,1.763,5.730,10.284,0.051,false,20.371,SEVERE,8,0,sequential_yolo_pose,SM-S906U1,GPU
2026-04-23 00:07:53.418,125.308,28.683,56.182,0.739,2.392,15.285,17.427,0.058,false,20.410,SEVERE,8,0,sequential_yolo_pose,SM-S906U1,GPU
2026-04-23 00:07:53.537,114.606,32.406,54.032,0.621,2.162,7.900,11.212,0.064,false,20.317,SEVERE,8,0,sequential_yolo_pose,SM-S906U1,GPU
2026-04-23 00:07:53.657,113.351,30.031,53.181,0.948,2.876,11.050,10.712,0.048,false,20.379,SEVERE,8,0,sequential_yolo_pose,SM-S906U1,GPU
2026-04-23 00:07:53.778,117.605,29.668,55.749,0.756,2.612,10.521,13.727,0.050,false,20.379,SEVERE,8,0,sequential_yolo_pose,SM-S906U1,GPU
2026-04-23 00:07:53.894,111.741,29.390,53.876,0.878,3.135,7.870,12.139,0.062,false,20.285,SEVERE,8,0,sequential_yolo_pose,SM-S906U1,GPU
2026-04-23 00:07:54.022,121.483,30.375,57.891,0.851,2.335,12.265,12.367,0.061,false,20.410,SEVERE,8,0,sequential_yolo_pose,SM-S906U1,GPU
2026-04-23 00:07:54.143,116.354,24.323,53.354,0.896,1.932,8.046,19.865,0.132,false,20.379,SEVERE,8,0,sequential_yolo_pose,SM-S906U1,GPU
2026-04-23 00:07:54.258,109.726,30.173,56.142,0.584,1.423,5.652,10.508,0.069,false,20.473,SEVERE,8,0,sequential_yolo_pose,SM-S906U1,GPU
2026-04-23 00:07:54.377,113.482,28.812,56.225,0.756,1.675,7.694,10.456,0.154,false,20.321,SEVERE,8,0,sequential_yolo_pose,SM-S906U1,GPU
2026-04-23 00:07:54.495,114.052,32.171,55.472,0.691,2.070,7.843,10.843,0.049,false,20.348,SEVERE,8,0,sequential_yolo_pose,SM-S906U1,GPU
2026-04-23 00:07:54.617,115.611,30.183,56.340,0.994,2.854,8.535,10.492,0.137,false,20.348,SEVERE,8,0,sequential_yolo_pose,SM-S906U1,GPU
2026-04-23 00:07:54.734,113.061,30.870,56.023,0.755,2.305,7.481,10.604,0.047,false,20.348,SEVERE,8,0,sequential_yolo_pose,SM-S906U1,GPU
2026-04-23 00:07:54.855,114.833,30.938,55.416,0.964,2.737,9.869,10.222,0.053,false,20.379,SEVERE,8,0,sequential_yolo_pose,SM-S906U1,GPU
2026-04-23 00:07:54.966,107.421,29.050,53.839,0.525,1.423,5.607,12.629,0.054,false,20.379,SEVERE,8,0,sequential_yolo_pose,SM-S906U1,GPU
2026-04-23 00:07:55.082,109.996,23.670,56.564,0.801,2.665,9.459,13.366,0.039,false,20.442,SEVERE,8,0,sequential_yolo_pose,SM-S906U1,GPU
2026-04-23 00:07:55.198,112.003,27.862,55.096,0.989,2.715,7.619,12.888,0.057,false,20.348,SEVERE,8,0,sequential_yolo_pose,SM-S906U1,GPU
2026-04-23 00:07:55.321,118.001,30.324,54.617,1.125,2.721,10.833,11.416,0.051,false,20.414,SEVERE,9,0,sequential_yolo_pose,SM-S906U1,GPU
2026-04-23 00:07:55.445,119.274,33.994,52.208,1.164,2.870,9.906,12.710,0.052,false,20.410,SEVERE,9,0,sequential_yolo_pose,SM-S906U1,GPU
2026-04-23 00:07:55.560,110.262,29.429,54.429,0.865,2.267,7.430,11.454,0.076,false,20.379,SEVERE,9,0,sequential_yolo_pose,SM-S906U1,GPU
2026-04-23 00:07:55.686,116.543,30.541,54.642,1.569,2.797,10.309,10.499,0.057,false,20.379,SEVERE,9,0,sequential_yolo_pose,SM-S906U1,GPU
2026-04-23 00:07:55.800,108.014,26.495,52.731,0.588,1.350,5.865,14.333,0.061,false,20.379,SEVERE,9,0,sequential_yolo_pose,SM-S906U1,GPU
2026-04-23 00:07:55.922,116.196,27.608,54.313,1.374,2.338,13.454,12.479,0.034,false,20.410,SEVERE,9,0,sequential_yolo_pose,SM-S906U1,GPU
2026-04-23 00:07:56.035,108.768,30.323,55.452,0.625,1.471,5.580,10.557,0.062,false,20.317,SEVERE,9,0,sequential_yolo_pose,SM-S906U1,GPU
2026-04-23 00:07:56.154,115.116,30.407,53.348,1.058,2.746,11.207,11.756,0.053,false,20.348,SEVERE,9,0,sequential_yolo_pose,SM-S906U1,GPU
2026-04-23 00:07:56.279,119.484,33.720,55.154,0.783,2.446,10.572,11.791,0.050,false,20.473,SEVERE,8,0,sequential_yolo_pose,SM-S906U1,GPU
2026-04-23 00:07:56.397,114.581,30.400,54.358,0.772,2.356,7.462,12.316,0.062,false,20.383,SEVERE,8,0,sequential_yolo_pose,SM-S906U1,GPU
2026-04-23 00:07:56.527,120.522,28.503,53.487,0.969,7.599,13.942,11.002,0.057,false,20.410,SEVERE,8,0,sequential_yolo_pose,SM-S906U1,GPU
2026-04-23 00:07:56.647,114.579,32.638,52.707,0.814,3.074,10.224,10.254,0.059,false,20.379,SEVERE,8,0,sequential_yolo_pose,SM-S906U1,GPU
2026-04-23 00:07:56.766,114.336,31.765,54.389,0.949,2.523,8.408,11.813,0.069,false,20.379,SEVERE,8,0,sequential_yolo_pose,SM-S906U1,GPU
2026-04-23 00:07:56.885,110.958,28.984,55.243,0.997,2.461,8.242,10.292,0.071,false,20.379,SEVERE,8,0,sequential_yolo_pose,SM-S906U1,GPU
2026-04-23 00:07:57.009,119.769,27.410,54.840,0.811,1.833,8.969,17.553,0.059,false,20.410,SEVERE,8,0,sequential_yolo_pose,SM-S906U1,GPU
2026-04-23 00:07:57.125,111.789,29.996,53.714,0.827,2.372,8.103,11.404,0.112,false,20.379,SEVERE,8,0,sequential_yolo_pose,SM-S906U1,GPU
2026-04-23 00:07:57.239,107.491,27.449,53.863,0.522,1.371,6.316,12.683,0.073,false,20.348,SEVERE,8,0,sequential_yolo_pose,SM-S906U1,GPU
2026-04-23 00:07:57.345,101.709,25.032,54.345,0.620,1.621,5.904,10.927,0.097,false,20.383,SEVERE,9,0,sequential_yolo_pose,SM-S906U1,GPU
2026-04-23 00:07:57.464,114.222,33.266,51.041,0.843,2.610,8.165,13.879,0.067,false,20.348,SEVERE,9,0,sequential_yolo_pose,SM-S906U1,GPU
2026-04-23 00:07:57.580,111.503,27.941,52.809,0.620,1.500,9.131,10.588,0.052,false,20.410,SEVERE,9,0,sequential_yolo_pose,SM-S906U1,GPU
2026-04-23 00:07:57.711,123.653,37.326,54.566,0.914,2.133,9.750,14.147,0.058,false,20.348,SEVERE,9,0,sequential_yolo_pose,SM-S906U1,GPU
2026-04-23 00:07:57.829,114.436,31.335,54.820,0.803,2.333,7.322,12.777,0.055,false,20.422,SEVERE,9,0,sequential_yolo_pose,SM-S906U1,GPU
2026-04-23 00:07:57.941,106.605,24.669,53.499,0.927,2.004,7.406,14.647,0.059,false,20.348,SEVERE,9,0,sequential_yolo_pose,SM-S906U1,GPU
2026-04-23 00:07:58.060,114.266,28.664,53.509,1.043,2.664,9.455,14.227,0.064,false,20.379,SEVERE,9,0,sequential_yolo_pose,SM-S906U1,GPU
2026-04-23 00:07:58.182,114.609,31.181,52.734,0.510,1.470,5.677,9.474,0.061,false,20.285,SEVERE,9,0,sequential_yolo_pose,SM-S906U1,GPU
2026-04-23 00:07:58.292,106.495,33.118,52.347,0.532,1.448,5.166,9.492,0.048,false,20.535,SEVERE,8,0,sequential_yolo_pose,SM-S906U1,GPU
2026-04-23 00:07:58.409,111.950,28.519,56.462,0.640,1.998,7.799,12.274,0.053,false,20.348,SEVERE,8,0,sequential_yolo_pose,SM-S906U1,GPU
2026-04-23 00:07:58.521,109.021,27.943,54.216,1.116,2.690,7.009,10.678,0.058,false,20.285,SEVERE,8,0,sequential_yolo_pose,SM-S906U1,GPU
2026-04-23 00:07:58.642,114.914,35.389,52.172,0.829,2.059,7.741,11.116,0.050,false,20.379,SEVERE,8,0,sequential_yolo_pose,SM-S906U1,GPU
2026-04-23 00:07:58.762,114.901,32.768,54.550,0.998,2.985,7.728,11.302,0.069,false,20.410,SEVERE,8,0,sequential_yolo_pose,SM-S906U1,GPU
2026-04-23 00:07:58.887,118.449,29.983,55.005,1.084,2.766,12.207,11.272,0.057,false,20.410,SEVERE,8,0,sequential_yolo_pose,SM-S906U1,GPU
2026-04-23 00:07:58.992,100.631,24.900,54.430,0.573,1.440,5.263,10.697,0.048,false,20.403,SEVERE,8,0,sequential_yolo_pose,SM-S906U1,GPU
2026-04-23 00:07:59.116,118.327,31.843,55.921,0.770,2.097,9.677,13.336,0.052,false,20.379,SEVERE,8,0,sequential_yolo_pose,SM-S906U1,GPU
2026-04-23 00:07:59.232,111.130,33.434,52.271,0.560,1.387,4.640,14.173,0.044,false,20.379,SEVERE,8,0,sequential_yolo_pose,SM-S906U1,GPU
2026-04-23 00:07:59.347,111.820,23.764,55.957,0.615,3.697,11.708,12.793,0.053,false,20.434,SEVERE,9,0,sequential_yolo_pose,SM-S906U1,GPU
2026-04-23 00:07:59.461,108.067,31.233,52.164,0.703,1.637,6.130,11.492,0.056,false,20.348,SEVERE,9,0,sequential_yolo_pose,SM-S906U1,GPU
2026-04-23 00:07:59.573,108.122,29.052,53.124,0.631,1.454,5.400,13.987,0.050,false,20.317,SEVERE,9,0,sequential_yolo_pose,SM-S906U1,GPU
2026-04-23 00:07:59.686,108.501,25.405,53.121,1.189,2.728,10.496,11.636,0.052,false,20.391,SEVERE,9,0,sequential_yolo_pose,SM-S906U1,GPU
