timestamp_ns,tracking_active,track_cx,track_cy,track_vx,track_vy,miss_streak,delegate_mode,model_used
676059490864,1,0.260254,0.231201,0.000000,0.000000,0,GPU,yolo11n_640_5-class_04-01-2026_saved_model/yolo11n_640_5-class_04-01-2026_float16.tflite
678326175656,1,0.272460,0.364738,0.018778,0.205433,0,GPU,yolo11n_640_5-class_04-01-2026_saved_model/yolo11n_640_5-class_04-01-2026_float16.tflite
678359509250,1,0.272470,0.366769,0.000576,0.063168,0,GPU,yolo11n_640_5-class_04-01-2026_saved_model/yolo11n_640_5-class_04-01-2026_float16.tflite
678426176437,1,0.272012,0.367237,-0.005139,0.020092,0,GPU,yolo11n_640_5-class_04-01-2026_saved_model/yolo11n_640_5-class_04-01-2026_float16.tflite
678492843625,1,0.271527,0.367509,-0.006190,0.012192,0,GPU,yolo11n_640_5-class_04-01-2026_saved_model/yolo11n_640_5-class_04-01-2026_float16.tflite
678526177270,1,0.271321,0.367915,-0.006190,0.012192,0,GPU,yolo11n_640_5-class_04-01-2026_saved_model/yolo11n_640_5-class_04-01-2026_float16.tflite
678592844458,1,0.271512,0.360942,-0.003113,-0.027465,0,GPU,yolo11n_640_5-class_04-01-2026_saved_model/yolo11n_640_5-class_04-01-2026_float16.tflite
678626178052,1,0.271408,0.360026,-0.003113,-0.027465,0,GPU,yolo11n_640_5-class_04-01-2026_saved_model/yolo11n_640_5-class_04-01-2026_float16.tflite
678692845239,1,0.271201,0.358195,-0.003113,-0.027465,0,GPU,yolo11n_640_5-class_04-01-2026_saved_model/yolo11n_640_5-class_04-01-2026_float16.tflite
678726178833,1,0.269953,0.346320,-0.007790,-0.072255,0,GPU,yolo11n_640_5-class_04-01-2026_saved_model/yolo11n_640_5-class_04-01-2026_float16.tflite
678792846020,1,0.269433,0.341503,-0.007790,-0.072255,0,GPU,yolo11n_640_5-class_04-01-2026_saved_model/yolo11n_640_5-class_04-01-2026_float16.tflite
678859513260,1,0.268315,0.335985,-0.010087,-0.074943,0,GPU,yolo11n_640_5-class_04-01-2026_saved_model/yolo11n_640_5-class_04-01-2026_float16.tflite
678892846854,1,0.267979,0.333487,-0.010087,-0.074943,0,GPU,yolo11n_640_5-class_04-01-2026_saved_model/yolo11n_640_5-class_04-01-2026_float16.tflite
678959514041,1,0.267307,0.328491,-0.010087,-0.074943,0,GPU,yolo11n_640_5-class_04-01-2026_saved_model/yolo11n_640_5-class_04-01-2026_float16.tflite
679026181229,1,0.265881,0.327863,-0.012848,-0.058935,0,GPU,yolo11n_640_5-class_04-01-2026_saved_model/yolo11n_640_5-class_04-01-2026_float16.tflite
679059514823,1,0.265453,0.325898,-0.012848,-0.058935,0,GPU,yolo11n_640_5-class_04-01-2026_saved_model/yolo11n_640_5-class_04-01-2026_float16.tflite
679092848468,1,0.265024,0.323934,-0.012848,-0.058935,0,GPU,yolo11n_640_5-class_04-01-2026_saved_model/yolo11n_640_5-class_04-01-2026_float16.tflite
679159515656,1,0.263649,0.319878,-0.014908,-0.059437,0,GPU,yolo11n_640_5-class_04-01-2026_saved_model/yolo11n_640_5-class_04-01-2026_float16.tflite
679226182843,1,0.262655,0.315916,-0.014908,-0.059437,0,GPU,yolo11n_640_5-class_04-01-2026_saved_model/yolo11n_640_5-class_04-01-2026_float16.tflite
679259516437,1,0.262159,0.313935,-0.014908,-0.059437,0,GPU,yolo11n_640_5-class_04-01-2026_saved_model/yolo11n_640_5-class_04-01-2026_float16.tflite
679326183625,1,0.245650,0.318643,-0.072889,-0.027032,0,GPU,yolo11n_640_5-class_04-01-2026_saved_model/yolo11n_640_5-class_04-01-2026_float16.tflite
679359517270,1,0.243220,0.317742,-0.072889,-0.027032,0,GPU,yolo11n_640_5-class_04-01-2026_saved_model/yolo11n_640_5-class_04-01-2026_float16.tflite
679426184458,1,0.238361,0.315940,-0.072889,-0.027032,0,GPU,yolo11n_640_5-class_04-01-2026_saved_model/yolo11n_640_5-class_04-01-2026_float16.tflite
679459518052,1,0.233636,0.321492,-0.081929,-0.001619,0,GPU,yolo11n_640_5-class_04-01-2026_saved_model/yolo11n_640_5-class_04-01-2026_float16.tflite
679526185239,1,0.228174,0.321384,-0.081929,-0.001619,0,GPU,yolo11n_640_5-class_04-01-2026_saved_model/yolo11n_640_5-class_04-01-2026_float16.tflite
679559518833,1,0.225443,0.321330,-0.081929,-0.001619,0,GPU,yolo11n_640_5-class_04-01-2026_saved_model/yolo11n_640_5-class_04-01-2026_float16.tflite
679626186020,1,0.229265,0.324216,-0.046824,0.009704,0,GPU,yolo11n_640_5-class_04-01-2026_saved_model/yolo11n_640_5-class_04-01-2026_float16.tflite
679659519666,1,0.227704,0.324540,-0.046824,0.009704,0,GPU,yolo11n_640_5-class_04-01-2026_saved_model/yolo11n_640_5-class_04-01-2026_float16.tflite
679726186854,1,0.224583,0.325187,-0.046824,0.009704,0,GPU,yolo11n_640_5-class_04-01-2026_saved_model/yolo11n_640_5-class_04-01-2026_float16.tflite
679759520448,1,0.230169,0.323566,-0.018596,0.002025,0,GPU,yolo11n_640_5-class_04-01-2026_saved_model/yolo11n_640_5-class_04-01-2026_float16.tflite
679826187635,1,0.228930,0.323701,-0.018596,0.002025,0,GPU,yolo11n_640_5-class_04-01-2026_saved_model/yolo11n_640_5-class_04-01-2026_float16.tflite
679892854823,1,0.232206,0.323249,-0.000915,-0.000275,0,GPU,yolo11n_640_5-class_04-01-2026_saved_model/yolo11n_640_5-class_04-01-2026_float16.tflite
679926188468,1,0.232175,0.323239,-0.000915,-0.000275,0,GPU,yolo11n_640_5-class_04-01-2026_saved_model/yolo11n_640_5-class_04-01-2026_float16.tflite
679992855656,1,0.232114,0.323221,-0.000915,-0.000275,0,GPU,yolo11n_640_5-class_04-01-2026_saved_model/yolo11n_640_5-class_04-01-2026_float16.tflite
680059522843,1,0.267794,0.271680,0.130968,-0.190391,0,GPU,yolo11n_640_5-class_04-01-2026_saved_model/yolo11n_640_5-class_04-01-2026_float16.tflite
680092856437,1,0.272160,0.265334,0.130968,-0.190391,0,GPU,yolo11n_640_5-class_04-01-2026_saved_model/yolo11n_640_5-class_04-01-2026_float16.tflite
680159523625,1,0.280891,0.252641,0.130968,-0.190391,0,GPU,yolo11n_640_5-class_04-01-2026_saved_model/yolo11n_640_5-class_04-01-2026_float16.tflite
680226190864,1,0.328438,0.185159,0.271328,-0.388511,0,GPU,yolo11n_640_5-class_04-01-2026_saved_model/yolo11n_640_5-class_04-01-2026_float16.tflite
680259524458,1,0.337483,0.172208,0.271328,-0.388511,0,GPU,yolo11n_640_5-class_04-01-2026_saved_model/yolo11n_640_5-class_04-01-2026_float16.tflite
680326191645,1,0.355571,0.146307,0.271328,-0.388511,0,GPU,yolo11n_640_5-class_04-01-2026_saved_model/yolo11n_640_5-class_04-01-2026_float16.tflite
680392858833,1,0.390419,0.124036,0.331981,-0.375375,0,GPU,yolo11n_640_5-class_04-01-2026_saved_model/yolo11n_640_5-class_04-01-2026_float16.tflite
680426192427,1,0.401486,0.111524,0.331981,-0.375375,0,GPU,yolo11n_640_5-class_04-01-2026_saved_model/yolo11n_640_5-class_04-01-2026_float16.tflite
680492859666,1,0.423618,0.086499,0.331981,-0.375375,0,GPU,yolo11n_640_5-class_04-01-2026_saved_model/yolo11n_640_5-class_04-01-2026_float16.tflite
680526193260,1,0.435968,0.107088,0.336981,-0.246505,0,GPU,yolo11n_640_5-class_04-01-2026_saved_model/yolo11n_640_5-class_04-01-2026_float16.tflite
680592860448,1,0.458434,0.090654,0.336981,-0.246505,0,GPU,yolo11n_640_5-class_04-01-2026_saved_model/yolo11n_640_5-class_04-01-2026_float16.tflite
680659527635,1,0.473272,0.116734,0.307119,-0.080067,0,GPU,yolo11n_640_5-class_04-01-2026_saved_model/yolo11n_640_5-class_04-01-2026_float16.tflite
680692861229,1,0.483509,0.114065,0.307119,-0.080067,0,GPU,yolo11n_640_5-class_04-01-2026_saved_model/yolo11n_640_5-class_04-01-2026_float16.tflite
680759528468,1,0.503984,0.108728,0.307119,-0.080067,0,GPU,yolo11n_640_5-class_04-01-2026_saved_model/yolo11n_640_5-class_04-01-2026_float16.tflite
680792862062,1,0.504008,0.149213,0.266346,0.092218,0,GPU,yolo11n_640_5-class_04-01-2026_saved_model/yolo11n_640_5-class_04-01-2026_float16.tflite
680859529250,1,0.521765,0.155361,0.266346,0.092218,1,GPU,yolo11n_640_5-class_04-01-2026_saved_model/yolo11n_640_5-class_04-01-2026_float16.tflite
680926196437,1,0.532380,0.202169,0.238414,0.251266,0,GPU,yolo11n_640_5-class_04-01-2026_saved_model/yolo11n_640_5-class_04-01-2026_float16.tflite
680959530031,1,0.540328,0.210544,0.238414,0.251266,0,GPU,yolo11n_640_5-class_04-01-2026_saved_model/yolo11n_640_5-class_04-01-2026_float16.tflite
681026197218,1,0.556222,0.227295,0.238414,0.251266,0,GPU,yolo11n_640_5-class_04-01-2026_saved_model/yolo11n_640_5-class_04-01-2026_float16.tflite
681092864458,1,0.559085,0.283911,0.190376,0.398219,0,GPU,yolo11n_640_5-class_04-01-2026_saved_model/yolo11n_640_5-class_04-01-2026_float16.tflite
681159531645,1,0.571777,0.310459,0.190376,0.398219,0,GPU,yolo11n_640_5-class_04-01-2026_saved_model/yolo11n_640_5-class_04-01-2026_float16.tflite
681192865239,1,0.578123,0.323733,0.190376,0.398219,0,GPU,yolo11n_640_5-class_04-01-2026_saved_model/yolo11n_640_5-class_04-01-2026_float16.tflite
681259532427,1,0.590814,0.350282,0.190376,0.398219,1,GPU,yolo11n_640_5-class_04-01-2026_saved_model/yolo11n_640_5-class_04-01-2026_float16.tflite
681292866020,1,0.597160,0.363556,0.190376,0.398219,2,GPU,yolo11n_640_5-class_04-01-2026_saved_model/yolo11n_640_5-class_04-01-2026_float16.tflite
681359533260,1,0.585284,0.431372,0.114778,0.525205,0,GPU,yolo11n_640_5-class_04-01-2026_saved_model/yolo11n_640_5-class_04-01-2026_float16.tflite
681426200448,1,0.592936,0.466386,0.114778,0.525205,0,GPU,yolo11n_640_5-class_04-01-2026_saved_model/yolo11n_640_5-class_04-01-2026_float16.tflite
681459534041,1,0.596762,0.483893,0.114778,0.525205,0,GPU,yolo11n_640_5-class_04-01-2026_saved_model/yolo11n_640_5-class_04-01-2026_float16.tflite
681526201229,1,0.591217,0.533739,0.068059,0.577710,0,GPU,yolo11n_640_5-class_04-01-2026_saved_model/yolo11n_640_5-class_04-01-2026_float16.tflite
681592868468,1,0.595754,0.572253,0.068059,0.577710,1,GPU,yolo11n_640_5-class_04-01-2026_saved_model/yolo11n_640_5-class_04-01-2026_float16.tflite
681626202062,1,0.598022,0.591510,0.068059,0.577710,0,GPU,yolo11n_640_5-class_04-01-2026_saved_model/yolo11n_640_5-class_04-01-2026_float16.tflite
681692869250,1,0.593752,0.661422,0.035730,0.692960,0,GPU,yolo11n_640_5-class_04-01-2026_saved_model/yolo11n_640_5-class_04-01-2026_float16.tflite
681726202843,1,0.594943,0.684521,0.035730,0.692960,1,GPU,yolo11n_640_5-class_04-01-2026_saved_model/yolo11n_640_5-class_04-01-2026_float16.tflite
681792870031,1,0.597326,0.730719,0.035730,0.692960,0,GPU,yolo11n_640_5-class_04-01-2026_saved_model/yolo11n_640_5-class_04-01-2026_float16.tflite
681859537270,1,0.594839,0.629714,0.017856,0.152550,0,GPU,yolo11n_640_5-class_04-01-2026_saved_model/yolo11n_640_5-class_04-01-2026_float16.tflite
681892870864,1,0.595434,0.634799,0.017856,0.152550,0,GPU,yolo11n_640_5-class_04-01-2026_saved_model/yolo11n_640_5-class_04-01-2026_float16.tflite
681959538052,1,0.596624,0.644969,0.017856,0.152550,0,GPU,yolo11n_640_5-class_04-01-2026_saved_model/yolo11n_640_5-class_04-01-2026_float16.tflite
682092872427,1,0.593827,0.594486,0.002144,-0.062345,0,GPU,yolo11n_640_5-class_04-01-2026_saved_model/yolo11n_640_5-class_04-01-2026_float16.tflite
682159539666,1,0.593970,0.590329,0.002144,-0.062345,0,GPU,yolo11n_640_5-class_04-01-2026_saved_model/yolo11n_640_5-class_04-01-2026_float16.tflite
682192873260,1,0.594041,0.588251,0.002144,-0.062345,0,GPU,yolo11n_640_5-class_04-01-2026_saved_model/yolo11n_640_5-class_04-01-2026_float16.tflite
682226206854,1,0.593531,0.582676,0.000119,-0.074522,0,GPU,yolo11n_640_5-class_04-01-2026_saved_model/yolo11n_640_5-class_04-01-2026_float16.tflite
682259540448,1,0.593535,0.580191,0.000119,-0.074522,0,GPU,yolo11n_640_5-class_04-01-2026_saved_model/yolo11n_640_5-class_04-01-2026_float16.tflite
682326207635,1,0.593543,0.575223,0.000119,-0.074522,1,GPU,yolo11n_640_5-class_04-01-2026_saved_model/yolo11n_640_5-class_04-01-2026_float16.tflite
682392874823,1,0.593551,0.570255,0.000119,-0.074522,2,GPU,yolo11n_640_5-class_04-01-2026_saved_model/yolo11n_640_5-class_04-01-2026_float16.tflite
682459542062,1,0.593559,0.565287,0.000119,-0.074522,3,GPU,yolo11n_640_5-class_04-01-2026_saved_model/yolo11n_640_5-class_04-01-2026_float16.tflite
682492875656,1,0.593563,0.562803,0.000119,-0.074522,4,GPU,yolo11n_640_5-class_04-01-2026_saved_model/yolo11n_640_5-class_04-01-2026_float16.tflite
682559542843,1,0.593571,0.557835,0.000119,-0.074522,5,GPU,yolo11n_640_5-class_04-01-2026_saved_model/yolo11n_640_5-class_04-01-2026_float16.tflite
682592876437,1,0.593575,0.555351,0.000119,-0.074522,6,GPU,yolo11n_640_5-class_04-01-2026_saved_model/yolo11n_640_5-class_04-01-2026_float16.tflite
682626210031,1,0.593738,0.569499,0.000516,-0.032853,0,GPU,yolo11n_640_5-class_04-01-2026_saved_model/yolo11n_640_5-class_04-01-2026_float16.tflite
682692877218,1,0.593772,0.567308,0.000516,-0.032853,1,GPU,yolo11n_640_5-class_04-01-2026_saved_model/yolo11n_640_5-class_04-01-2026_float16.tflite
682726210864,1,0.593789,0.566213,0.000516,-0.032853,2,GPU,yolo11n_640_5-class_04-01-2026_saved_model/yolo11n_640_5-class_04-01-2026_float16.tflite
682792878052,1,0.593824,0.564023,0.000516,-0.032853,3,GPU,yolo11n_640_5-class_04-01-2026_saved_model/yolo11n_640_5-class_04-01-2026_float16.tflite
682826211645,1,0.593841,0.562928,0.000516,-0.032853,4,GPU,yolo11n_640_5-class_04-01-2026_saved_model/yolo11n_640_5-class_04-01-2026_float16.tflite
682892878833,1,0.593875,0.560738,0.000516,-0.032853,5,GPU,yolo11n_640_5-class_04-01-2026_saved_model/yolo11n_640_5-class_04-01-2026_float16.tflite
682926212427,1,0.251064,0.517526,-1.007880,-0.156733,0,GPU,yolo11n_640_5-class_04-01-2026_saved_model/yolo11n_640_5-class_04-01-2026_float16.tflite
682992879666,1,0.183872,0.507077,-1.007880,-0.156733,1,GPU,yolo11n_640_5-class_04-01-2026_saved_model/yolo11n_640_5-class_04-01-2026_float16.tflite
683026213260,1,0.150275,0.501853,-1.007880,-0.156733,0,GPU,yolo11n_640_5-class_04-01-2026_saved_model/yolo11n_640_5-class_04-01-2026_float16.tflite
683092880448,1,0.083083,0.491404,-1.007880,-0.156733,1,GPU,yolo11n_640_5-class_04-01-2026_saved_model/yolo11n_640_5-class_04-01-2026_float16.tflite
683159547635,1,0.015890,0.480955,-1.007880,-0.156733,2,GPU,yolo11n_640_5-class_04-01-2026_saved_model/yolo11n_640_5-class_04-01-2026_float16.tflite
683226214823,1,0.000000,0.470506,-1.007880,-0.156733,3,GPU,yolo11n_640_5-class_04-01-2026_saved_model/yolo11n_640_5-class_04-01-2026_float16.tflite
683259548468,1,0.000000,0.465282,-1.007880,-0.156733,4,GPU,yolo11n_640_5-class_04-01-2026_saved_model/yolo11n_640_5-class_04-01-2026_float16.tflite
683326215656,1,0.000000,0.454833,-1.007880,-0.156733,5,GPU,yolo11n_640_5-class_04-01-2026_saved_model/yolo11n_640_5-class_04-01-2026_float16.tflite
683392882843,1,0.215550,0.483233,-0.052251,-0.071354,0,GPU,yolo11n_640_5-class_04-01-2026_saved_model/yolo11n_640_5-class_04-01-2026_float16.tflite
683426216437,1,0.213808,0.480855,-0.052251,-0.071354,1,GPU,yolo11n_640_5-class_04-01-2026_saved_model/yolo11n_640_5-class_04-01-2026_float16.tflite
683492883625,1,0.210325,0.476098,-0.052251,-0.071354,2,GPU,yolo11n_640_5-class_04-01-2026_saved_model/yolo11n_640_5-class_04-01-2026_float16.tflite
683559550864,1,0.206841,0.471341,-0.052251,-0.071354,3,GPU,yolo11n_640_5-class_04-01-2026_saved_model/yolo11n_640_5-class_04-01-2026_float16.tflite
683592884458,1,0.205099,0.468963,-0.052251,-0.071354,4,GPU,yolo11n_640_5-class_04-01-2026_saved_model/yolo11n_640_5-class_04-01-2026_float16.tflite
683659551645,1,0.201616,0.464206,-0.052251,-0.071354,5,GPU,yolo11n_640_5-class_04-01-2026_saved_model/yolo11n_640_5-class_04-01-2026_float16.tflite
683692885239,1,0.199874,0.461827,-0.052251,-0.071354,6,GPU,yolo11n_640_5-class_04-01-2026_saved_model/yolo11n_640_5-class_04-01-2026_float16.tflite
683759552427,1,0.196391,0.457070,-0.052251,-0.071354,7,GPU,yolo11n_640_5-class_04-01-2026_saved_model/yolo11n_640_5-class_04-01-2026_float16.tflite
683792886020,1,0.194649,0.454692,-0.052251,-0.071354,8,GPU,yolo11n_640_5-class_04-01-2026_saved_model/yolo11n_640_5-class_04-01-2026_float16.tflite
683859553260,1,0.191166,0.449935,-0.052251,-0.071354,9,GPU,yolo11n_640_5-class_04-01-2026_saved_model/yolo11n_640_5-class_04-01-2026_float16.tflite
683926220448,0,0.000000,0.000000,0.000000,0.000000,0,GPU,yolo11n_640_5-class_04-01-2026_saved_model/yolo11n_640_5-class_04-01-2026_float16.tflite
683992887635,0,0.000000,0.000000,0.000000,0.000000,0,GPU,yolo11n_640_5-class_04-01-2026_saved_model/yolo11n_640_5-class_04-01-2026_float16.tflite
684026221229,1,0.470947,0.199585,0.000000,0.000000,0,GPU,yolo11n_640_5-class_04-01-2026_saved_model/yolo11n_640_5-class_04-01-2026_float16.tflite
684092888468,1,0.470947,0.199585,0.000000,0.000000,1,GPU,yolo11n_640_5-class_04-01-2026_saved_model/yolo11n_640_5-class_04-01-2026_float16.tflite
684126222062,1,0.470947,0.199585,0.000000,0.000000,2,GPU,yolo11n_640_5-class_04-01-2026_saved_model/yolo11n_640_5-class_04-01-2026_float16.tflite
684192889250,1,0.470947,0.199585,0.000000,0.000000,3,GPU,yolo11n_640_5-class_04-01-2026_saved_model/yolo11n_640_5-class_04-01-2026_float16.tflite
684259556437,1,0.470947,0.199585,0.000000,0.000000,4,GPU,yolo11n_640_5-class_04-01-2026_saved_model/yolo11n_640_5-class_04-01-2026_float16.tflite
684292890031,1,0.470947,0.199585,0.000000,0.000000,5,GPU,yolo11n_640_5-class_04-01-2026_saved_model/yolo11n_640_5-class_04-01-2026_float16.tflite
684359557270,1,0.470947,0.199585,0.000000,0.000000,6,GPU,yolo11n_640_5-class_04-01-2026_saved_model/yolo11n_640_5-class_04-01-2026_float16.tflite
684426224458,1,0.470947,0.199585,0.000000,0.000000,7,GPU,yolo11n_640_5-class_04-01-2026_saved_model/yolo11n_640_5-class_04-01-2026_float16.tflite
684459558052,1,0.470947,0.199585,0.000000,0.000000,8,GPU,yolo11n_640_5-class_04-01-2026_saved_model/yolo11n_640_5-class_04-01-2026_float16.tflite
684492891645,1,0.470947,0.199585,0.000000,0.000000,9,GPU,yolo11n_640_5-class_04-01-2026_saved_model/yolo11n_640_5-class_04-01-2026_float16.tflite
684559558833,1,0.631832,0.302243,0.223242,0.142448,0,GPU,yolo11n_640_5-class_04-01-2026_saved_model/yolo11n_640_5-class_04-01-2026_float16.tflite
684592892427,1,0.640581,0.317990,0.261088,0.460694,0,GPU,yolo11n_640_5-class_04-01-2026_saved_model/yolo11n_640_5-class_04-01-2026_float16.tflite
684659559666,1,0.657987,0.348703,0.261088,0.460694,1,GPU,yolo11n_640_5-class_04-01-2026_saved_model/yolo11n_640_5-class_04-01-2026_float16.tflite
684692893260,1,0.666690,0.364060,0.261088,0.460694,2,GPU,yolo11n_640_5-class_04-01-2026_saved_model/yolo11n_640_5-class_04-01-2026_float16.tflite
684759560448,1,0.684096,0.394773,0.261088,0.460694,3,GPU,yolo11n_640_5-class_04-01-2026_saved_model/yolo11n_640_5-class_04-01-2026_float16.tflite
684792894041,1,0.692799,0.410130,0.261088,0.460694,4,GPU,yolo11n_640_5-class_04-01-2026_saved_model/yolo11n_640_5-class_04-01-2026_float16.tflite
684859561229,1,0.710205,0.440843,0.261088,0.460694,5,GPU,yolo11n_640_5-class_04-01-2026_saved_model/yolo11n_640_5-class_04-01-2026_float16.tflite
684892894823,1,0.718908,0.456200,0.261088,0.460694,6,GPU,yolo11n_640_5-class_04-01-2026_saved_model/yolo11n_640_5-class_04-01-2026_float16.tflite
684926228468,1,0.727611,0.471556,0.261088,0.460694,7,GPU,yolo11n_640_5-class_04-01-2026_saved_model/yolo11n_640_5-class_04-01-2026_float16.tflite
684992895656,1,0.664333,0.463022,0.066291,0.365939,0,GPU,yolo11n_640_5-class_04-01-2026_saved_model/yolo11n_640_5-class_04-01-2026_float16.tflite
685026229250,1,0.666543,0.475220,0.066291,0.365939,0,GPU,yolo11n_640_5-class_04-01-2026_saved_model/yolo11n_640_5-class_04-01-2026_float16.tflite
685092896437,1,0.670962,0.499616,0.066291,0.365939,0,GPU,yolo11n_640_5-class_04-01-2026_saved_model/yolo11n_640_5-class_04-01-2026_float16.tflite
685126230031,1,0.657815,0.505413,0.009993,0.342474,0,GPU,yolo11n_640_5-class_04-01-2026_saved_model/yolo11n_640_5-class_04-01-2026_float16.tflite
685192897270,1,0.658481,0.528245,0.009993,0.342474,1,GPU,yolo11n_640_5-class_04-01-2026_saved_model/yolo11n_640_5-class_04-01-2026_float16.tflite
685226230864,1,0.658814,0.539661,0.009993,0.342474,2,GPU,yolo11n_640_5-class_04-01-2026_saved_model/yolo11n_640_5-class_04-01-2026_float16.tflite
685292898052,1,0.659480,0.562493,0.009993,0.342474,3,GPU,yolo11n_640_5-class_04-01-2026_saved_model/yolo11n_640_5-class_04-01-2026_float16.tflite
685359565239,1,0.297051,0.528528,-1.207858,0.151973,0,GPU,yolo11n_640_5-class_04-01-2026_saved_model/yolo11n_640_5-class_04-01-2026_float16.tflite
685392898833,1,0.256789,0.533594,-1.207858,0.151973,0,GPU,yolo11n_640_5-class_04-01-2026_saved_model/yolo11n_640_5-class_04-01-2026_float16.tflite
685459566020,1,0.176265,0.543725,-1.207858,0.151973,1,GPU,yolo11n_640_5-class_04-01-2026_saved_model/yolo11n_640_5-class_04-01-2026_float16.tflite
685492899666,1,0.136002,0.548791,-1.207858,0.151973,2,GPU,yolo11n_640_5-class_04-01-2026_saved_model/yolo11n_640_5-class_04-01-2026_float16.tflite
685559566854,1,0.206806,0.499987,-0.689598,-0.049867,0,GPU,yolo11n_640_5-class_04-01-2026_saved_model/yolo11n_640_5-class_04-01-2026_float16.tflite
685626234041,1,0.160832,0.496662,-0.689598,-0.049867,1,GPU,yolo11n_640_5-class_04-01-2026_saved_model/yolo11n_640_5-class_04-01-2026_float16.tflite
685692901229,1,0.114859,0.493338,-0.689598,-0.049867,2,GPU,yolo11n_640_5-class_04-01-2026_saved_model/yolo11n_640_5-class_04-01-2026_float16.tflite
685726234823,1,0.091872,0.491676,-0.689598,-0.049867,3,GPU,yolo11n_640_5-class_04-01-2026_saved_model/yolo11n_640_5-class_04-01-2026_float16.tflite
685792902062,1,0.045898,0.488351,-0.689598,-0.049867,4,GPU,yolo11n_640_5-class_04-01-2026_saved_model/yolo11n_640_5-class_04-01-2026_float16.tflite
685826235656,1,0.022911,0.486689,-0.689598,-0.049867,5,GPU,yolo11n_640_5-class_04-01-2026_saved_model/yolo11n_640_5-class_04-01-2026_float16.tflite
685892902843,1,0.000000,0.483365,-0.689598,-0.049867,6,GPU,yolo11n_640_5-class_04-01-2026_saved_model/yolo11n_640_5-class_04-01-2026_float16.tflite
685959570031,1,0.000000,0.480040,-0.689598,-0.049867,7,GPU,yolo11n_640_5-class_04-01-2026_saved_model/yolo11n_640_5-class_04-01-2026_float16.tflite
686026237270,1,0.000000,0.476716,-0.689598,-0.049867,8,GPU,yolo11n_640_5-class_04-01-2026_saved_model/yolo11n_640_5-class_04-01-2026_float16.tflite
686059570864,1,0.000000,0.475053,-0.689598,-0.049867,9,GPU,yolo11n_640_5-class_04-01-2026_saved_model/yolo11n_640_5-class_04-01-2026_float16.tflite
686126238052,0,0.000000,0.000000,0.000000,0.000000,0,GPU,yolo11n_640_5-class_04-01-2026_saved_model/yolo11n_640_5-class_04-01-2026_float16.tflite
686159571645,0,0.000000,0.000000,0.000000,0.000000,0,GPU,yolo11n_640_5-class_04-01-2026_saved_model/yolo11n_640_5-class_04-01-2026_float16.tflite
686226238833,0,0.000000,0.000000,0.000000,0.000000,0,GPU,yolo11n_640_5-class_04-01-2026_saved_model/yolo11n_640_5-class_04-01-2026_float16.tflite
686292906020,0,0.000000,0.000000,0.000000,0.000000,0,GPU,yolo11n_640_5-class_04-01-2026_saved_model/yolo11n_640_5-class_04-01-2026_float16.tflite
686359573260,0,0.000000,0.000000,0.000000,0.000000,0,GPU,yolo11n_640_5-class_04-01-2026_saved_model/yolo11n_640_5-class_04-01-2026_float16.tflite
686392906854,0,0.000000,0.000000,0.000000,0.000000,0,GPU,yolo11n_640_5-class_04-01-2026_saved_model/yolo11n_640_5-class_04-01-2026_float16.tflite
686459574041,0,0.000000,0.000000,0.000000,0.000000,0,GPU,yolo11n_640_5-class_04-01-2026_saved_model/yolo11n_640_5-class_04-01-2026_float16.tflite
686526241229,0,0.000000,0.000000,0.000000,0.000000,0,GPU,yolo11n_640_5-class_04-01-2026_saved_model/yolo11n_640_5-class_04-01-2026_float16.tflite
686592908468,0,0.000000,0.000000,0.000000,0.000000,0,GPU,yolo11n_640_5-class_04-01-2026_saved_model/yolo11n_640_5-class_04-01-2026_float16.tflite
686626242062,0,0.000000,0.000000,0.000000,0.000000,0,GPU,yolo11n_640_5-class_04-01-2026_saved_model/yolo11n_640_5-class_04-01-2026_float16.tflite
686692909250,0,0.000000,0.000000,0.000000,0.000000,0,GPU,yolo11n_640_5-class_04-01-2026_saved_model/yolo11n_640_5-class_04-01-2026_float16.tflite
686759576437,1,0.623047,0.252686,0.000000,0.000000,0,GPU,yolo11n_640_5-class_04-01-2026_saved_model/yolo11n_640_5-class_04-01-2026_float16.tflite
686826243625,1,0.639647,0.280515,0.010596,0.017763,0,GPU,yolo11n_640_5-class_04-01-2026_saved_model/yolo11n_640_5-class_04-01-2026_float16.tflite
686859577270,1,0.640000,0.281107,0.010596,0.017763,1,GPU,yolo11n_640_5-class_04-01-2026_saved_model/yolo11n_640_5-class_04-01-2026_float16.tflite
686926244458,1,0.640706,0.282291,0.010596,0.017763,2,GPU,yolo11n_640_5-class_04-01-2026_saved_model/yolo11n_640_5-class_04-01-2026_float16.tflite
686959578052,1,0.641060,0.282883,0.010596,0.017763,3,GPU,yolo11n_640_5-class_04-01-2026_saved_model/yolo11n_640_5-class_04-01-2026_float16.tflite
687026245239,1,0.641766,0.284068,0.010596,0.017763,4,GPU,yolo11n_640_5-class_04-01-2026_saved_model/yolo11n_640_5-class_04-01-2026_float16.tflite
687092912427,1,0.642472,0.285252,0.010596,0.017763,5,GPU,yolo11n_640_5-class_04-01-2026_saved_model/yolo11n_640_5-class_04-01-2026_float16.tflite
687159579666,1,0.643179,0.286436,0.010596,0.017763,6,GPU,yolo11n_640_5-class_04-01-2026_saved_model/yolo11n_640_5-class_04-01-2026_float16.tflite
687192913260,1,0.643532,0.287028,0.010596,0.017763,7,GPU,yolo11n_640_5-class_04-01-2026_saved_model/yolo11n_640_5-class_04-01-2026_float16.tflite
687259580448,1,0.644238,0.288212,0.010596,0.017763,8,GPU,yolo11n_640_5-class_04-01-2026_saved_model/yolo11n_640_5-class_04-01-2026_float16.tflite
687326247635,1,0.686033,0.439935,0.092779,0.318863,0,GPU,yolo11n_640_5-class_04-01-2026_saved_model/yolo11n_640_5-class_04-01-2026_float16.tflite
687359581229,1,0.689126,0.450564,0.092779,0.318863,0,GPU,yolo11n_640_5-class_04-01-2026_saved_model/yolo11n_640_5-class_04-01-2026_float16.tflite
687426248468,1,0.695311,0.471822,0.092779,0.318863,0,GPU,yolo11n_640_5-class_04-01-2026_saved_model/yolo11n_640_5-class_04-01-2026_float16.tflite
687459582062,1,0.352455,0.467515,-1.162079,0.264686,0,GPU,yolo11n_640_5-class_04-01-2026_saved_model/yolo11n_640_5-class_04-01-2026_float16.tflite
687526249250,1,0.274983,0.485160,-1.162079,0.264686,1,GPU,yolo11n_640_5-class_04-01-2026_saved_model/yolo11n_640_5-class_04-01-2026_float16.tflite
687592916437,1,0.206293,0.480162,-1.126422,0.172746,0,GPU,yolo11n_640_5-class_04-01-2026_saved_model/yolo11n_640_5-class_04-01-2026_float16.tflite
687659583625,1,0.131197,0.491678,-1.126422,0.172746,0,GPU,yolo11n_640_5-class_04-01-2026_saved_model/yolo11n_640_5-class_04-01-2026_float16.tflite
687726250864,1,0.056102,0.503195,-1.126422,0.172746,1,GPU,yolo11n_640_5-class_04-01-2026_saved_model/yolo11n_640_5-class_04-01-2026_float16.tflite
687759584458,1,0.018554,0.508953,-1.126422,0.172746,2,GPU,yolo11n_640_5-class_04-01-2026_saved_model/yolo11n_640_5-class_04-01-2026_float16.tflite
687826251645,1,0.000000,0.520470,-1.126422,0.172746,3,GPU,yolo11n_640_5-class_04-01-2026_saved_model/yolo11n_640_5-class_04-01-2026_float16.tflite
687892918833,1,0.000000,0.531986,-1.126422,0.172746,4,GPU,yolo11n_640_5-class_04-01-2026_saved_model/yolo11n_640_5-class_04-01-2026_float16.tflite
687959586020,1,0.000000,0.543503,-1.126422,0.172746,5,GPU,yolo11n_640_5-class_04-01-2026_saved_model/yolo11n_640_5-class_04-01-2026_float16.tflite
687992919666,1,0.319967,0.220921,0.246647,-0.626252,0,GPU,yolo11n_640_5-class_04-01-2026_saved_model/yolo11n_640_5-class_04-01-2026_float16.tflite
688059586854,1,0.336410,0.179171,0.246647,-0.626252,1,GPU,yolo11n_640_5-class_04-01-2026_saved_model/yolo11n_640_5-class_04-01-2026_float16.tflite
688126254041,1,0.352854,0.137420,0.246647,-0.626252,2,GPU,yolo11n_640_5-class_04-01-2026_saved_model/yolo11n_640_5-class_04-01-2026_float16.tflite
688192921229,1,0.369297,0.095670,0.246647,-0.626252,3,GPU,yolo11n_640_5-class_04-01-2026_saved_model/yolo11n_640_5-class_04-01-2026_float16.tflite
688259588468,1,0.385740,0.053919,0.246647,-0.626252,4,GPU,yolo11n_640_5-class_04-01-2026_saved_model/yolo11n_640_5-class_04-01-2026_float16.tflite
688292922062,1,0.393962,0.033044,0.246647,-0.626252,5,GPU,yolo11n_640_5-class_04-01-2026_saved_model/yolo11n_640_5-class_04-01-2026_float16.tflite
688392922843,1,0.418627,0.000000,0.246647,-0.626252,6,GPU,yolo11n_640_5-class_04-01-2026_saved_model/yolo11n_640_5-class_04-01-2026_float16.tflite
688426256437,1,0.426848,0.000000,0.246647,-0.626252,7,GPU,yolo11n_640_5-class_04-01-2026_saved_model/yolo11n_640_5-class_04-01-2026_float16.tflite
688492923625,1,0.443292,0.000000,0.246647,-0.626252,8,GPU,yolo11n_640_5-class_04-01-2026_saved_model/yolo11n_640_5-class_04-01-2026_float16.tflite
688559590864,1,0.570284,0.110635,0.458828,-0.156792,0,GPU,yolo11n_640_5-class_04-01-2026_saved_model/yolo11n_640_5-class_04-01-2026_float16.tflite
688592924458,1,0.585578,0.105409,0.458828,-0.156792,0,GPU,yolo11n_640_5-class_04-01-2026_saved_model/yolo11n_640_5-class_04-01-2026_float16.tflite
688659591645,1,0.616167,0.094956,0.458828,-0.156792,0,GPU,yolo11n_640_5-class_04-01-2026_saved_model/yolo11n_640_5-class_04-01-2026_float16.tflite
688726258833,1,0.646756,0.084503,0.458828,-0.156792,1,GPU,yolo11n_640_5-class_04-01-2026_saved_model/yolo11n_640_5-class_04-01-2026_float16.tflite
688759592427,1,0.662050,0.079276,0.458828,-0.156792,2,GPU,yolo11n_640_5-class_04-01-2026_saved_model/yolo11n_640_5-class_04-01-2026_float16.tflite
688826259666,1,0.692639,0.068824,0.458828,-0.156792,3,GPU,yolo11n_640_5-class_04-01-2026_saved_model/yolo11n_640_5-class_04-01-2026_float16.tflite
688892926854,1,0.654148,0.223830,0.268355,0.299435,0,GPU,yolo11n_640_5-class_04-01-2026_saved_model/yolo11n_640_5-class_04-01-2026_float16.tflite
688926260448,1,0.663094,0.233812,0.268355,0.299435,0,GPU,yolo11n_640_5-class_04-01-2026_saved_model/yolo11n_640_5-class_04-01-2026_float16.tflite
688992927635,1,0.680984,0.253774,0.268355,0.299435,1,GPU,yolo11n_640_5-class_04-01-2026_saved_model/yolo11n_640_5-class_04-01-2026_float16.tflite
689026261229,1,0.689929,0.263755,0.268355,0.299435,2,GPU,yolo11n_640_5-class_04-01-2026_saved_model/yolo11n_640_5-class_04-01-2026_float16.tflite
689126262062,1,0.716765,0.293699,0.268355,0.299435,3,GPU,yolo11n_640_5-class_04-01-2026_saved_model/yolo11n_640_5-class_04-01-2026_float16.tflite
689159595656,1,0.725710,0.303680,0.268355,0.299435,4,GPU,yolo11n_640_5-class_04-01-2026_saved_model/yolo11n_640_5-class_04-01-2026_float16.tflite
689226262843,1,0.743601,0.323643,0.268355,0.299435,5,GPU,yolo11n_640_5-class_04-01-2026_saved_model/yolo11n_640_5-class_04-01-2026_float16.tflite
689292930031,1,0.761491,0.343605,0.268355,0.299435,6,GPU,yolo11n_640_5-class_04-01-2026_saved_model/yolo11n_640_5-class_04-01-2026_float16.tflite
689359597270,1,0.779382,0.363568,0.268355,0.299435,7,GPU,yolo11n_640_5-class_04-01-2026_saved_model/yolo11n_640_5-class_04-01-2026_float16.tflite
689426264458,1,0.669517,0.421944,0.014067,0.375895,0,GPU,yolo11n_640_5-class_04-01-2026_saved_model/yolo11n_640_5-class_04-01-2026_float16.tflite
689492931645,1,0.670455,0.447004,0.014067,0.375895,1,GPU,yolo11n_640_5-class_04-01-2026_saved_model/yolo11n_640_5-class_04-01-2026_float16.tflite
689526265239,1,0.670924,0.459534,0.014067,0.375895,2,GPU,yolo11n_640_5-class_04-01-2026_saved_model/yolo11n_640_5-class_04-01-2026_float16.tflite
689592932427,1,0.671861,0.484594,0.014067,0.375895,3,GPU,yolo11n_640_5-class_04-01-2026_saved_model/yolo11n_640_5-class_04-01-2026_float16.tflite
689659599666,1,0.672799,0.509653,0.014067,0.375895,4,GPU,yolo11n_640_5-class_04-01-2026_saved_model/yolo11n_640_5-class_04-01-2026_float16.tflite
689726266854,1,0.673737,0.534713,0.014067,0.375895,5,GPU,yolo11n_640_5-class_04-01-2026_saved_model/yolo11n_640_5-class_04-01-2026_float16.tflite
689792934041,1,0.510247,0.401936,-0.408401,-0.029641,0,GPU,yolo11n_640_5-class_04-01-2026_saved_model/yolo11n_640_5-class_04-01-2026_float16.tflite
689859601229,1,0.483020,0.399960,-0.408401,-0.029641,0,GPU,yolo11n_640_5-class_04-01-2026_saved_model/yolo11n_640_5-class_04-01-2026_float16.tflite
689892934823,1,0.469407,0.398972,-0.408401,-0.029641,0,GPU,yolo11n_640_5-class_04-01-2026_saved_model/yolo11n_640_5-class_04-01-2026_float16.tflite
689959602062,1,0.485897,0.353047,-0.257085,-0.181758,0,GPU,yolo11n_640_5-class_04-01-2026_saved_model/yolo11n_640_5-class_04-01-2026_float16.tflite
690026269250,1,0.468758,0.340930,-0.257085,-0.181758,0,GPU,yolo11n_640_5-class_04-01-2026_saved_model/yolo11n_640_5-class_04-01-2026_float16.tflite
690092936437,1,0.493531,0.291217,-0.098234,-0.324249,0,GPU,yolo11n_640_5-class_04-01-2026_saved_model/yolo11n_640_5-class_04-01-2026_float16.tflite
690159603625,1,0.486982,0.269601,-0.098234,-0.324249,0,GPU,yolo11n_640_5-class_04-01-2026_saved_model/yolo11n_640_5-class_04-01-2026_float16.tflite
690192937270,1,0.483707,0.258792,-0.098234,-0.324249,0,GPU,yolo11n_640_5-class_04-01-2026_saved_model/yolo11n_640_5-class_04-01-2026_float16.tflite
690259604458,1,0.502791,0.265157,-0.003623,-0.220969,0,GPU,yolo11n_640_5-class_04-01-2026_saved_model/yolo11n_640_5-class_04-01-2026_float16.tflite
690326271645,1,0.502549,0.250425,-0.003623,-0.220969,0,GPU,yolo11n_640_5-class_04-01-2026_saved_model/yolo11n_640_5-class_04-01-2026_float16.tflite
690359605239,1,0.502429,0.243059,-0.003623,-0.220969,0,GPU,yolo11n_640_5-class_04-01-2026_saved_model/yolo11n_640_5-class_04-01-2026_float16.tflite
690426272427,1,0.508585,0.260970,0.019693,-0.102023,0,GPU,yolo11n_640_5-class_04-01-2026_saved_model/yolo11n_640_5-class_04-01-2026_float16.tflite
690492939666,1,0.509898,0.254168,0.019693,-0.102023,0,GPU,yolo11n_640_5-class_04-01-2026_saved_model/yolo11n_640_5-class_04-01-2026_float16.tflite
690526273260,1,0.510555,0.250767,0.019693,-0.102023,0,GPU,yolo11n_640_5-class_04-01-2026_saved_model/yolo11n_640_5-class_04-01-2026_float16.tflite
690592940448,1,0.510660,0.259081,0.015292,-0.046958,0,GPU,yolo11n_640_5-class_04-01-2026_saved_model/yolo11n_640_5-class_04-01-2026_float16.tflite
690626274041,1,0.511169,0.257516,0.015292,-0.046958,0,GPU,yolo11n_640_5-class_04-01-2026_saved_model/yolo11n_640_5-class_04-01-2026_float16.tflite
690692941229,1,0.512189,0.254385,0.015292,-0.046958,0,GPU,yolo11n_640_5-class_04-01-2026_saved_model/yolo11n_640_5-class_04-01-2026_float16.tflite
690759608468,1,0.522021,0.246353,0.047563,-0.064906,0,GPU,yolo11n_640_5-class_04-01-2026_saved_model/yolo11n_640_5-class_04-01-2026_float16.tflite
690792942062,1,0.523607,0.244190,0.047563,-0.064906,0,GPU,yolo11n_640_5-class_04-01-2026_saved_model/yolo11n_640_5-class_04-01-2026_float16.tflite
690859609250,1,0.526777,0.239863,0.047563,-0.064906,0,GPU,yolo11n_640_5-class_04-01-2026_saved_model/yolo11n_640_5-class_04-01-2026_float16.tflite
690926276437,1,0.525048,0.231171,0.029786,-0.080740,0,GPU,yolo11n_640_5-class_04-01-2026_saved_model/yolo11n_640_5-class_04-01-2026_float16.tflite
690992943625,1,0.527034,0.225788,0.029786,-0.080740,0,GPU,yolo11n_640_5-class_04-01-2026_saved_model/yolo11n_640_5-class_04-01-2026_float16.tflite
691026277270,1,0.528027,0.223097,0.029786,-0.080740,0,GPU,yolo11n_640_5-class_04-01-2026_saved_model/yolo11n_640_5-class_04-01-2026_float16.tflite
691092944458,1,0.524376,0.228965,0.009467,-0.040183,0,GPU,yolo11n_640_5-class_04-01-2026_saved_model/yolo11n_640_5-class_04-01-2026_float16.tflite
691159611645,1,0.525007,0.226286,0.009467,-0.040183,0,GPU,yolo11n_640_5-class_04-01-2026_saved_model/yolo11n_640_5-class_04-01-2026_float16.tflite
691192945239,1,0.525323,0.224947,0.009467,-0.040183,0,GPU,yolo11n_640_5-class_04-01-2026_saved_model/yolo11n_640_5-class_04-01-2026_float16.tflite
691259612427,1,0.526992,0.230220,0.013248,-0.011222,0,GPU,yolo11n_640_5-class_04-01-2026_saved_model/yolo11n_640_5-class_04-01-2026_float16.tflite
691326279666,1,0.527876,0.229472,0.013248,-0.011222,0,GPU,yolo11n_640_5-class_04-01-2026_saved_model/yolo11n_640_5-class_04-01-2026_float16.tflite
691392946854,1,0.527092,0.231215,0.007027,-0.001920,0,GPU,yolo11n_640_5-class_04-01-2026_saved_model/yolo11n_640_5-class_04-01-2026_float16.tflite
691426280448,1,0.527327,0.231151,0.007027,-0.001920,0,GPU,yolo11n_640_5-class_04-01-2026_saved_model/yolo11n_640_5-class_04-01-2026_float16.tflite
691492947635,1,0.527795,0.231023,0.007027,-0.001920,0,GPU,yolo11n_640_5-class_04-01-2026_saved_model/yolo11n_640_5-class_04-01-2026_float16.tflite
691559614823,1,0.527217,0.232665,0.003174,0.004595,0,GPU,yolo11n_640_5-class_04-01-2026_saved_model/yolo11n_640_5-class_04-01-2026_float16.tflite
691592948468,1,0.527323,0.232818,0.003174,0.004595,0,GPU,yolo11n_640_5-class_04-01-2026_saved_model/yolo11n_640_5-class_04-01-2026_float16.tflite
691659615656,1,0.527534,0.233125,0.003174,0.004595,0,GPU,yolo11n_640_5-class_04-01-2026_saved_model/yolo11n_640_5-class_04-01-2026_float16.tflite
691726282843,1,0.528909,0.234872,0.007392,0.009819,0,GPU,yolo11n_640_5-class_04-01-2026_saved_model/yolo11n_640_5-class_04-01-2026_float16.tflite
691792950031,1,0.529402,0.235526,0.007392,0.009819,0,GPU,yolo11n_640_5-class_04-01-2026_saved_model/yolo11n_640_5-class_04-01-2026_float16.tflite
691826283625,1,0.529649,0.235854,0.007392,0.009819,0,GPU,yolo11n_640_5-class_04-01-2026_saved_model/yolo11n_640_5-class_04-01-2026_float16.tflite
691892950864,1,0.529512,0.236647,0.005123,0.010319,0,GPU,yolo11n_640_5-class_04-01-2026_saved_model/yolo11n_640_5-class_04-01-2026_float16.tflite
691959618052,1,0.529853,0.237335,0.005123,0.010319,0,GPU,yolo11n_640_5-class_04-01-2026_saved_model/yolo11n_640_5-class_04-01-2026_float16.tflite
692026285239,1,0.527535,0.234470,-0.004776,-0.002904,0,GPU,yolo11n_640_5-class_04-01-2026_saved_model/yolo11n_640_5-class_04-01-2026_float16.tflite
692092952427,1,0.527216,0.234276,-0.004776,-0.002904,0,GPU,yolo11n_640_5-class_04-01-2026_saved_model/yolo11n_640_5-class_04-01-2026_float16.tflite
692126286020,1,0.527057,0.234179,-0.004776,-0.002904,0,GPU,yolo11n_640_5-class_04-01-2026_saved_model/yolo11n_640_5-class_04-01-2026_float16.tflite
692192953260,1,0.529346,0.238414,0.004781,0.013330,0,GPU,yolo11n_640_5-class_04-01-2026_saved_model/yolo11n_640_5-class_04-01-2026_float16.tflite
692259620448,1,0.529664,0.239303,0.004781,0.013330,0,GPU,yolo11n_640_5-class_04-01-2026_saved_model/yolo11n_640_5-class_04-01-2026_float16.tflite
692326287635,1,0.531541,0.241238,0.010587,0.017232,0,GPU,yolo11n_640_5-class_04-01-2026_saved_model/yolo11n_640_5-class_04-01-2026_float16.tflite
692392954823,1,0.532246,0.242387,0.010587,0.017232,0,GPU,yolo11n_640_5-class_04-01-2026_saved_model/yolo11n_640_5-class_04-01-2026_float16.tflite
692426288468,1,0.532599,0.242961,0.010587,0.017232,0,GPU,yolo11n_640_5-class_04-01-2026_saved_model/yolo11n_640_5-class_04-01-2026_float16.tflite
692492955656,1,0.533230,0.233605,0.010312,-0.021235,0,GPU,yolo11n_640_5-class_04-01-2026_saved_model/yolo11n_640_5-class_04-01-2026_float16.tflite
692559622843,1,0.533917,0.232190,0.010312,-0.021235,0,GPU,yolo11n_640_5-class_04-01-2026_saved_model/yolo11n_640_5-class_04-01-2026_float16.tflite
692592956437,1,0.534261,0.231482,0.010312,-0.021235,0,GPU,yolo11n_640_5-class_04-01-2026_saved_model/yolo11n_640_5-class_04-01-2026_float16.tflite
692659623625,1,0.539840,0.200673,0.028138,-0.128359,0,GPU,yolo11n_640_5-class_04-01-2026_saved_model/yolo11n_640_5-class_04-01-2026_float16.tflite
692726290864,1,0.541716,0.192116,0.028138,-0.128359,0,GPU,yolo11n_640_5-class_04-01-2026_saved_model/yolo11n_640_5-class_04-01-2026_float16.tflite
692792958052,1,0.548938,0.179163,0.048073,-0.144749,0,GPU,yolo11n_640_5-class_04-01-2026_saved_model/yolo11n_640_5-class_04-01-2026_float16.tflite
692859625239,1,0.552143,0.169513,0.048073,-0.144749,0,GPU,yolo11n_640_5-class_04-01-2026_saved_model/yolo11n_640_5-class_04-01-2026_float16.tflite
692926292427,1,0.558237,0.178608,0.058882,-0.074631,0,GPU,yolo11n_640_5-class_04-01-2026_saved_model/yolo11n_640_5-class_04-01-2026_float16.tflite
692992959666,1,0.562163,0.173633,0.058882,-0.074631,0,GPU,yolo11n_640_5-class_04-01-2026_saved_model/yolo11n_640_5-class_04-01-2026_float16.tflite
693059626854,1,0.566088,0.168657,0.058882,-0.074631,0,GPU,yolo11n_640_5-class_04-01-2026_saved_model/yolo11n_640_5-class_04-01-2026_float16.tflite
693092960448,1,0.568992,0.205373,0.062253,0.065866,0,GPU,yolo11n_640_5-class_04-01-2026_saved_model/yolo11n_640_5-class_04-01-2026_float16.tflite
693159627635,1,0.573142,0.209765,0.062253,0.065866,1,GPU,yolo11n_640_5-class_04-01-2026_saved_model/yolo11n_640_5-class_04-01-2026_float16.tflite
693226294823,1,0.577292,0.214156,0.062253,0.065866,2,GPU,yolo11n_640_5-class_04-01-2026_saved_model/yolo11n_640_5-class_04-01-2026_float16.tflite
693292962062,1,0.581442,0.218547,0.062253,0.065866,3,GPU,yolo11n_640_5-class_04-01-2026_saved_model/yolo11n_640_5-class_04-01-2026_float16.tflite
693326295656,1,0.583517,0.220742,0.062253,0.065866,4,GPU,yolo11n_640_5-class_04-01-2026_saved_model/yolo11n_640_5-class_04-01-2026_float16.tflite
693392962843,1,0.587668,0.225133,0.062253,0.065866,5,GPU,yolo11n_640_5-class_04-01-2026_saved_model/yolo11n_640_5-class_04-01-2026_float16.tflite
693426296437,1,0.589743,0.227329,0.062253,0.065866,6,GPU,yolo11n_640_5-class_04-01-2026_saved_model/yolo11n_640_5-class_04-01-2026_float16.tflite
693492963625,1,0.576182,0.313278,0.018535,0.267180,0,GPU,yolo11n_640_5-class_04-01-2026_saved_model/yolo11n_640_5-class_04-01-2026_float16.tflite
693559630864,1,0.577417,0.331091,0.018535,0.267180,0,GPU,yolo11n_640_5-class_04-01-2026_saved_model/yolo11n_640_5-class_04-01-2026_float16.tflite
693626298052,1,0.578653,0.348903,0.018535,0.267180,1,GPU,yolo11n_640_5-class_04-01-2026_saved_model/yolo11n_640_5-class_04-01-2026_float16.tflite
693659631645,1,0.579271,0.357809,0.018535,0.267180,2,GPU,yolo11n_640_5-class_04-01-2026_saved_model/yolo11n_640_5-class_04-01-2026_float16.tflite
693726298833,1,0.569647,0.397531,-0.015916,0.336690,0,GPU,yolo11n_640_5-class_04-01-2026_saved_model/yolo11n_640_5-class_04-01-2026_float16.tflite
693792966020,1,0.568586,0.419977,-0.015916,0.336690,0,GPU,yolo11n_640_5-class_04-01-2026_saved_model/yolo11n_640_5-class_04-01-2026_float16.tflite
693859633260,1,0.564671,0.460463,-0.026371,0.402783,0,GPU,yolo11n_640_5-class_04-01-2026_saved_model/yolo11n_640_5-class_04-01-2026_float16.tflite
693926300448,1,0.562913,0.487316,-0.026371,0.402783,1,GPU,yolo11n_640_5-class_04-01-2026_saved_model/yolo11n_640_5-class_04-01-2026_float16.tflite
693992967635,1,0.559729,0.520209,-0.031764,0.425624,0,GPU,yolo11n_640_5-class_04-01-2026_saved_model/yolo11n_640_5-class_04-01-2026_float16.tflite
694026301229,1,0.558670,0.534397,-0.031764,0.425624,1,GPU,yolo11n_640_5-class_04-01-2026_saved_model/yolo11n_640_5-class_04-01-2026_float16.tflite
694092968468,1,0.556553,0.562772,-0.031764,0.425624,2,GPU,yolo11n_640_5-class_04-01-2026_saved_model/yolo11n_640_5-class_04-01-2026_float16.tflite
694159635656,1,0.553172,0.501355,-0.036422,0.094358,0,GPU,yolo11n_640_5-class_04-01-2026_saved_model/yolo11n_640_5-class_04-01-2026_float16.tflite
694226302843,1,0.550744,0.507646,-0.036422,0.094358,1,GPU,yolo11n_640_5-class_04-01-2026_saved_model/yolo11n_640_5-class_04-01-2026_float16.tflite
694326303625,1,0.547102,0.517081,-0.036422,0.094358,2,GPU,yolo11n_640_5-class_04-01-2026_saved_model/yolo11n_640_5-class_04-01-2026_float16.tflite
694392970864,1,0.508068,0.382192,-0.146669,-0.330842,0,GPU,yolo11n_640_5-class_04-01-2026_saved_model/yolo11n_640_5-class_04-01-2026_float16.tflite
694459638052,1,0.498290,0.360135,-0.146669,-0.330842,0,GPU,yolo11n_640_5-class_04-01-2026_saved_model/yolo11n_640_5-class_04-01-2026_float16.tflite
694492971645,1,0.493401,0.349107,-0.146669,-0.330842,0,GPU,yolo11n_640_5-class_04-01-2026_saved_model/yolo11n_640_5-class_04-01-2026_float16.tflite
694559638833,1,0.499646,0.306618,-0.091676,-0.400973,0,GPU,yolo11n_640_5-class_04-01-2026_saved_model/yolo11n_640_5-class_04-01-2026_float16.tflite
694626306020,1,0.493534,0.279886,-0.091676,-0.400973,0,GPU,yolo11n_640_5-class_04-01-2026_saved_model/yolo11n_640_5-class_04-01-2026_float16.tflite
694692973260,1,0.508227,0.239019,-0.014039,-0.453720,0,GPU,yolo11n_640_5-class_04-01-2026_saved_model/yolo11n_640_5-class_04-01-2026_float16.tflite
694726306854,1,0.507759,0.223895,-0.014039,-0.453720,0,GPU,yolo11n_640_5-class_04-01-2026_saved_model/yolo11n_640_5-class_04-01-2026_float16.tflite
694792974041,1,0.506823,0.193647,-0.014039,-0.453720,0,GPU,yolo11n_640_5-class_04-01-2026_saved_model/yolo11n_640_5-class_04-01-2026_float16.tflite
694826307635,1,0.522143,0.187388,0.048926,-0.418359,0,GPU,yolo11n_640_5-class_04-01-2026_saved_model/yolo11n_640_5-class_04-01-2026_float16.tflite
694892974823,1,0.525404,0.159498,0.048926,-0.418359,0,GPU,yolo11n_640_5-class_04-01-2026_saved_model/yolo11n_640_5-class_04-01-2026_float16.tflite
694959642062,1,0.536598,0.161395,0.080077,-0.301377,0,GPU,yolo11n_640_5-class_04-01-2026_saved_model/yolo11n_640_5-class_04-01-2026_float16.tflite
695026309250,1,0.541937,0.141303,0.080077,-0.301377,0,GPU,yolo11n_640_5-class_04-01-2026_saved_model/yolo11n_640_5-class_04-01-2026_float16.tflite
695059642843,1,0.544606,0.131257,0.080077,-0.301377,0,GPU,yolo11n_640_5-class_04-01-2026_saved_model/yolo11n_640_5-class_04-01-2026_float16.tflite
695126310031,1,0.550566,0.159719,0.082361,-0.123011,0,GPU,yolo11n_640_5-class_04-01-2026_saved_model/yolo11n_640_5-class_04-01-2026_float16.tflite
695159643625,1,0.553312,0.155618,0.082361,-0.123011,0,GPU,yolo11n_640_5-class_04-01-2026_saved_model/yolo11n_640_5-class_04-01-2026_float16.tflite
695226310864,1,0.558802,0.147417,0.082361,-0.123011,0,GPU,yolo11n_640_5-class_04-01-2026_saved_model/yolo11n_640_5-class_04-01-2026_float16.tflite
695259644458,1,0.557434,0.176088,0.066199,0.005734,0,GPU,yolo11n_640_5-class_04-01-2026_saved_model/yolo11n_640_5-class_04-01-2026_float16.tflite
695326311645,1,0.561847,0.176470,0.066199,0.005734,0,GPU,yolo11n_640_5-class_04-01-2026_saved_model/yolo11n_640_5-class_04-01-2026_float16.tflite
695392978833,1,0.564997,0.208705,0.061247,0.130572,0,GPU,yolo11n_640_5-class_04-01-2026_saved_model/yolo11n_640_5-class_04-01-2026_float16.tflite
695459646020,1,0.569080,0.217410,0.061247,0.130572,1,GPU,yolo11n_640_5-class_04-01-2026_saved_model/yolo11n_640_5-class_04-01-2026_float16.tflite
695492979666,1,0.571122,0.221763,0.061247,0.130572,2,GPU,yolo11n_640_5-class_04-01-2026_saved_model/yolo11n_640_5-class_04-01-2026_float16.tflite
695559646854,1,0.575205,0.230468,0.061247,0.130572,3,GPU,yolo11n_640_5-class_04-01-2026_saved_model/yolo11n_640_5-class_04-01-2026_float16.tflite
695626314041,1,0.579288,0.239172,0.061247,0.130572,4,GPU,yolo11n_640_5-class_04-01-2026_saved_model/yolo11n_640_5-class_04-01-2026_float16.tflite
695692981229,1,0.583371,0.247877,0.061247,0.130572,5,GPU,yolo11n_640_5-class_04-01-2026_saved_model/yolo11n_640_5-class_04-01-2026_float16.tflite
695759648468,1,0.587454,0.256582,0.061247,0.130572,6,GPU,yolo11n_640_5-class_04-01-2026_saved_model/yolo11n_640_5-class_04-01-2026_float16.tflite
695792982062,1,0.589496,0.260935,0.061247,0.130572,7,GPU,yolo11n_640_5-class_04-01-2026_saved_model/yolo11n_640_5-class_04-01-2026_float16.tflite
695859649250,1,0.574865,0.328696,0.019878,0.261118,0,GPU,yolo11n_640_5-class_04-01-2026_saved_model/yolo11n_640_5-class_04-01-2026_float16.tflite
695926316437,1,0.576190,0.346104,0.019878,0.261118,0,GPU,yolo11n_640_5-class_04-01-2026_saved_model/yolo11n_640_5-class_04-01-2026_float16.tflite
695992983625,1,0.577515,0.363512,0.019878,0.261118,1,GPU,yolo11n_640_5-class_04-01-2026_saved_model/yolo11n_640_5-class_04-01-2026_float16.tflite
696026317270,1,0.578178,0.372216,0.019878,0.261118,2,GPU,yolo11n_640_5-class_04-01-2026_saved_model/yolo11n_640_5-class_04-01-2026_float16.tflite
696092984458,1,0.579503,0.389624,0.019878,0.261118,3,GPU,yolo11n_640_5-class_04-01-2026_saved_model/yolo11n_640_5-class_04-01-2026_float16.tflite
696126318052,1,0.580166,0.398328,0.019878,0.261118,4,GPU,yolo11n_640_5-class_04-01-2026_saved_model/yolo11n_640_5-class_04-01-2026_float16.tflite
696192985239,1,0.581491,0.415736,0.019878,0.261118,5,GPU,yolo11n_640_5-class_04-01-2026_saved_model/yolo11n_640_5-class_04-01-2026_float16.tflite
696226318833,1,0.582153,0.424440,0.019878,0.261118,6,GPU,yolo11n_640_5-class_04-01-2026_saved_model/yolo11n_640_5-class_04-01-2026_float16.tflite
696292986020,1,0.583479,0.441848,0.019878,0.261118,7,GPU,yolo11n_640_5-class_04-01-2026_saved_model/yolo11n_640_5-class_04-01-2026_float16.tflite
696359653260,1,0.584804,0.459257,0.019878,0.261118,8,GPU,yolo11n_640_5-class_04-01-2026_saved_model/yolo11n_640_5-class_04-01-2026_float16.tflite
696392986854,1,0.585467,0.467961,0.019878,0.261118,9,GPU,yolo11n_640_5-class_04-01-2026_saved_model/yolo11n_640_5-class_04-01-2026_float16.tflite
696459654041,0,0.000000,0.000000,0.000000,0.000000,0,GPU,yolo11n_640_5-class_04-01-2026_saved_model/yolo11n_640_5-class_04-01-2026_float16.tflite
696526321229,0,0.000000,0.000000,0.000000,0.000000,0,GPU,yolo11n_640_5-class_04-01-2026_saved_model/yolo11n_640_5-class_04-01-2026_float16.tflite
696592988468,0,0.000000,0.000000,0.000000,0.000000,0,GPU,yolo11n_640_5-class_04-01-2026_saved_model/yolo11n_640_5-class_04-01-2026_float16.tflite
696659655656,0,0.000000,0.000000,0.000000,0.000000,0,GPU,yolo11n_640_5-class_04-01-2026_saved_model/yolo11n_640_5-class_04-01-2026_float16.tflite
696726322843,0,0.000000,0.000000,0.000000,0.000000,0,GPU,yolo11n_640_5-class_04-01-2026_saved_model/yolo11n_640_5-class_04-01-2026_float16.tflite
696792990031,0,0.000000,0.000000,0.000000,0.000000,0,GPU,yolo11n_640_5-class_04-01-2026_saved_model/yolo11n_640_5-class_04-01-2026_float16.tflite
696859657270,0,0.000000,0.000000,0.000000,0.000000,0,GPU,yolo11n_640_5-class_04-01-2026_saved_model/yolo11n_640_5-class_04-01-2026_float16.tflite
696892990864,0,0.000000,0.000000,0.000000,0.000000,0,GPU,yolo11n_640_5-class_04-01-2026_saved_model/yolo11n_640_5-class_04-01-2026_float16.tflite
696959658052,1,0.448730,0.316406,0.000000,0.000000,0,GPU,yolo11n_640_5-class_04-01-2026_saved_model/yolo11n_640_5-class_04-01-2026_float16.tflite
696992991645,1,0.449463,0.307618,0.000241,-0.002897,0,GPU,yolo11n_640_5-class_04-01-2026_saved_model/yolo11n_640_5-class_04-01-2026_float16.tflite
697059658833,1,0.457501,0.269861,0.120280,-0.564970,0,GPU,yolo11n_640_5-class_04-01-2026_saved_model/yolo11n_640_5-class_04-01-2026_float16.tflite
697126326020,1,0.468630,0.228505,0.148334,-0.598266,0,GPU,yolo11n_640_5-class_04-01-2026_saved_model/yolo11n_640_5-class_04-01-2026_float16.tflite
697192993260,1,0.480253,0.192946,0.159734,-0.569833,0,GPU,yolo11n_640_5-class_04-01-2026_saved_model/yolo11n_640_5-class_04-01-2026_float16.tflite
697259660448,1,0.490902,0.154957,0.159734,-0.569833,0,GPU,yolo11n_640_5-class_04-01-2026_saved_model/yolo11n_640_5-class_04-01-2026_float16.tflite
697326327635,1,0.501485,0.146675,0.159452,-0.442249,0,GPU,yolo11n_640_5-class_04-01-2026_saved_model/yolo11n_640_5-class_04-01-2026_float16.tflite
697359661229,1,0.506800,0.131933,0.159452,-0.442249,0,GPU,yolo11n_640_5-class_04-01-2026_saved_model/yolo11n_640_5-class_04-01-2026_float16.tflite
697426328468,1,0.517430,0.102449,0.159452,-0.442249,0,GPU,yolo11n_640_5-class_04-01-2026_saved_model/yolo11n_640_5-class_04-01-2026_float16.tflite
697492995656,1,0.524528,0.127275,0.146756,-0.247063,0,GPU,yolo11n_640_5-class_04-01-2026_saved_model/yolo11n_640_5-class_04-01-2026_float16.tflite
697559662843,1,0.534312,0.110804,0.146756,-0.247063,0,GPU,yolo11n_640_5-class_04-01-2026_saved_model/yolo11n_640_5-class_04-01-2026_float16.tflite
697592996437,1,0.539204,0.102568,0.146756,-0.247063,0,GPU,yolo11n_640_5-class_04-01-2026_saved_model/yolo11n_640_5-class_04-01-2026_float16.tflite
697659663625,1,0.542320,0.140368,0.123022,-0.053880,0,GPU,yolo11n_640_5-class_04-01-2026_saved_model/yolo11n_640_5-class_04-01-2026_float16.tflite
697726330864,1,0.550522,0.136776,0.123022,-0.053880,0,GPU,yolo11n_640_5-class_04-01-2026_saved_model/yolo11n_640_5-class_04-01-2026_float16.tflite
697759664458,1,0.554623,0.134980,0.123022,-0.053880,0,GPU,yolo11n_640_5-class_04-01-2026_saved_model/yolo11n_640_5-class_04-01-2026_float16.tflite
697826331645,1,0.556029,0.175868,0.098301,0.107936,0,GPU,yolo11n_640_5-class_04-01-2026_saved_model/yolo11n_640_5-class_04-01-2026_float16.tflite
697892998833,1,0.562582,0.183063,0.098301,0.107936,0,GPU,yolo11n_640_5-class_04-01-2026_saved_model/yolo11n_640_5-class_04-01-2026_float16.tflite
697926332427,1,0.565859,0.186661,0.098301,0.107936,0,GPU,yolo11n_640_5-class_04-01-2026_saved_model/yolo11n_640_5-class_04-01-2026_float16.tflite
697992999666,1,0.572413,0.193857,0.098301,0.107936,1,GPU,yolo11n_640_5-class_04-01-2026_saved_model/yolo11n_640_5-class_04-01-2026_float16.tflite
698059666854,1,0.578966,0.201053,0.098301,0.107936,2,GPU,yolo11n_640_5-class_04-01-2026_saved_model/yolo11n_640_5-class_04-01-2026_float16.tflite
698126334041,1,0.585519,0.208249,0.098301,0.107936,3,GPU,yolo11n_640_5-class_04-01-2026_saved_model/yolo11n_640_5-class_04-01-2026_float16.tflite
698193001229,1,0.592073,0.215445,0.098301,0.107936,4,GPU,yolo11n_640_5-class_04-01-2026_saved_model/yolo11n_640_5-class_04-01-2026_float16.tflite
698259668468,1,0.598626,0.222640,0.098301,0.107936,5,GPU,yolo11n_640_5-class_04-01-2026_saved_model/yolo11n_640_5-class_04-01-2026_float16.tflite
698326335656,1,0.605180,0.229836,0.098301,0.107936,6,GPU,yolo11n_640_5-class_04-01-2026_saved_model/yolo11n_640_5-class_04-01-2026_float16.tflite
698359669250,1,0.608457,0.233434,0.098301,0.107936,7,GPU,yolo11n_640_5-class_04-01-2026_saved_model/yolo11n_640_5-class_04-01-2026_float16.tflite
698426336437,1,0.574647,0.333205,0.024087,0.278150,0,GPU,yolo11n_640_5-class_04-01-2026_saved_model/yolo11n_640_5-class_04-01-2026_float16.tflite
698459670031,1,0.575450,0.342476,0.024087,0.278150,0,GPU,yolo11n_640_5-class_04-01-2026_saved_model/yolo11n_640_5-class_04-01-2026_float16.tflite
698526337270,1,0.577055,0.361020,0.024087,0.278150,0,GPU,yolo11n_640_5-class_04-01-2026_saved_model/yolo11n_640_5-class_04-01-2026_float16.tflite
698593004458,1,0.578661,0.379563,0.024087,0.278150,1,GPU,yolo11n_640_5-class_04-01-2026_saved_model/yolo11n_640_5-class_04-01-2026_float16.tflite
698626338052,1,0.572166,0.379359,-0.001077,0.245479,0,GPU,yolo11n_640_5-class_04-01-2026_saved_model/yolo11n_640_5-class_04-01-2026_float16.tflite
698693005239,1,0.572094,0.395724,-0.001077,0.245479,0,GPU,yolo11n_640_5-class_04-01-2026_saved_model/yolo11n_640_5-class_04-01-2026_float16.tflite
698759672427,1,0.571499,0.385806,-0.003094,0.144056,0,GPU,yolo11n_640_5-class_04-01-2026_saved_model/yolo11n_640_5-class_04-01-2026_float16.tflite
698793006020,1,0.571396,0.390608,-0.003094,0.144056,0,GPU,yolo11n_640_5-class_04-01-2026_saved_model/yolo11n_640_5-class_04-01-2026_float16.tflite
698859673260,1,0.571190,0.400212,-0.003094,0.144056,0,GPU,yolo11n_640_5-class_04-01-2026_saved_model/yolo11n_640_5-class_04-01-2026_float16.tflite
698893006854,1,0.580113,0.384351,0.033234,0.060893,0,GPU,yolo11n_640_5-class_04-01-2026_saved_model/yolo11n_640_5-class_04-01-2026_float16.tflite
698959674041,1,0.582329,0.388410,0.033234,0.060893,0,GPU,yolo11n_640_5-class_04-01-2026_saved_model/yolo11n_640_5-class_04-01-2026_float16.tflite
698993007635,1,0.583436,0.390440,0.033234,0.060893,0,GPU,yolo11n_640_5-class_04-01-2026_saved_model/yolo11n_640_5-class_04-01-2026_float16.tflite
699059674823,1,0.585130,0.374252,0.031259,-0.015753,0,GPU,yolo11n_640_5-class_04-01-2026_saved_model/yolo11n_640_5-class_04-01-2026_float16.tflite
699126342062,1,0.587214,0.373202,0.031259,-0.015753,1,GPU,yolo11n_640_5-class_04-01-2026_saved_model/yolo11n_640_5-class_04-01-2026_float16.tflite
699159675656,1,0.588256,0.372677,0.031259,-0.015753,2,GPU,yolo11n_640_5-class_04-01-2026_saved_model/yolo11n_640_5-class_04-01-2026_float16.tflite
699226342843,1,0.594746,0.362034,0.047303,-0.050685,0,GPU,yolo11n_640_5-class_04-01-2026_saved_model/yolo11n_640_5-class_04-01-2026_float16.tflite
699293010031,1,0.597899,0.358655,0.047303,-0.050685,0,GPU,yolo11n_640_5-class_04-01-2026_saved_model/yolo11n_640_5-class_04-01-2026_float16.tflite
699326343625,1,0.599476,0.356966,0.047303,-0.050685,0,GPU,yolo11n_640_5-class_04-01-2026_saved_model/yolo11n_640_5-class_04-01-2026_float16.tflite
699393010864,1,0.602630,0.353586,0.047303,-0.050685,1,GPU,yolo11n_640_5-class_04-01-2026_saved_model/yolo11n_640_5-class_04-01-2026_float16.tflite
699459678052,1,0.605783,0.350207,0.047303,-0.050685,2,GPU,yolo11n_640_5-class_04-01-2026_saved_model/yolo11n_640_5-class_04-01-2026_float16.tflite
699526345239,1,0.608937,0.346828,0.047303,-0.050685,3,GPU,yolo11n_640_5-class_04-01-2026_saved_model/yolo11n_640_5-class_04-01-2026_float16.tflite
699593012427,1,0.612090,0.343449,0.047303,-0.050685,4,GPU,yolo11n_640_5-class_04-01-2026_saved_model/yolo11n_640_5-class_04-01-2026_float16.tflite
699626346020,1,0.613667,0.341760,0.047303,-0.050685,5,GPU,yolo11n_640_5-class_04-01-2026_saved_model/yolo11n_640_5-class_04-01-2026_float16.tflite
699693013260,1,0.616821,0.338381,0.047303,-0.050685,6,GPU,yolo11n_640_5-class_04-01-2026_saved_model/yolo11n_640_5-class_04-01-2026_float16.tflite
861929671177,0,0.000000,0.000000,0.000000,0.000000,0,GPU,yolo11n_640_5-class_04-01-2026_saved_model/yolo11n_640_5-class_04-01-2026_float16.tflite
864563025552,0,0.000000,0.000000,0.000000,0.000000,0,GPU,yolo11n_640_5-class_04-01-2026_saved_model/yolo11n_640_5-class_04-01-2026_float16.tflite
864629692791,1,0.823242,0.546875,0.000000,0.000000,0,GPU,yolo11n_640_5-class_04-01-2026_saved_model/yolo11n_640_5-class_04-01-2026_float16.tflite
864696359979,1,0.826172,0.530275,0.001870,-0.010596,0,GPU,yolo11n_640_5-class_04-01-2026_saved_model/yolo11n_640_5-class_04-01-2026_float16.tflite
864796360760,1,0.831050,0.515639,0.048724,-0.146190,0,GPU,yolo11n_640_5-class_04-01-2026_saved_model/yolo11n_640_5-class_04-01-2026_float16.tflite
864863027948,1,0.836312,0.510003,0.063524,-0.115996,0,GPU,yolo11n_640_5-class_04-01-2026_saved_model/yolo11n_640_5-class_04-01-2026_float16.tflite
864929695187,1,0.840547,0.502270,0.063524,-0.115996,0,GPU,yolo11n_640_5-class_04-01-2026_saved_model/yolo11n_640_5-class_04-01-2026_float16.tflite
864996362375,1,0.844738,0.512199,0.063320,-0.035316,0,GPU,yolo11n_640_5-class_04-01-2026_saved_model/yolo11n_640_5-class_04-01-2026_float16.tflite
865096363156,1,0.851070,0.508667,0.063320,-0.035316,0,GPU,yolo11n_640_5-class_04-01-2026_saved_model/yolo11n_640_5-class_04-01-2026_float16.tflite
865163030343,1,0.855428,0.539159,0.063783,0.075501,0,GPU,yolo11n_640_5-class_04-01-2026_saved_model/yolo11n_640_5-class_04-01-2026_float16.tflite
865263031177,1,0.861807,0.546710,0.063783,0.075501,1,GPU,yolo11n_640_5-class_04-01-2026_saved_model/yolo11n_640_5-class_04-01-2026_float16.tflite
865329698364,1,0.866059,0.551743,0.063783,0.075501,2,GPU,yolo11n_640_5-class_04-01-2026_saved_model/yolo11n_640_5-class_04-01-2026_float16.tflite
865396365552,1,0.870311,0.556777,0.063783,0.075501,3,GPU,yolo11n_640_5-class_04-01-2026_saved_model/yolo11n_640_5-class_04-01-2026_float16.tflite
865463032791,1,0.874563,0.561810,0.063783,0.075501,4,GPU,yolo11n_640_5-class_04-01-2026_saved_model/yolo11n_640_5-class_04-01-2026_float16.tflite
865563033573,1,0.880942,0.569360,0.063783,0.075501,5,GPU,yolo11n_640_5-class_04-01-2026_saved_model/yolo11n_640_5-class_04-01-2026_float16.tflite
865629700760,1,0.885194,0.574394,0.063783,0.075501,6,GPU,yolo11n_640_5-class_04-01-2026_saved_model/yolo11n_640_5-class_04-01-2026_float16.tflite
865696367948,1,0.889446,0.579427,0.063783,0.075501,7,GPU,yolo11n_640_5-class_04-01-2026_saved_model/yolo11n_640_5-class_04-01-2026_float16.tflite
865796368781,1,0.895824,0.586977,0.063783,0.075501,8,GPU,yolo11n_640_5-class_04-01-2026_saved_model/yolo11n_640_5-class_04-01-2026_float16.tflite
865896369562,1,0.902203,0.594527,0.063783,0.075501,9,GPU,yolo11n_640_5-class_04-01-2026_saved_model/yolo11n_640_5-class_04-01-2026_float16.tflite
865963036750,0,0.000000,0.000000,0.000000,0.000000,0,GPU,yolo11n_640_5-class_04-01-2026_saved_model/yolo11n_640_5-class_04-01-2026_float16.tflite
866029703989,0,0.000000,0.000000,0.000000,0.000000,0,GPU,yolo11n_640_5-class_04-01-2026_saved_model/yolo11n_640_5-class_04-01-2026_float16.tflite
866129704770,0,0.000000,0.000000,0.000000,0.000000,0,GPU,yolo11n_640_5-class_04-01-2026_saved_model/yolo11n_640_5-class_04-01-2026_float16.tflite
866196371958,0,0.000000,0.000000,0.000000,0.000000,0,GPU,yolo11n_640_5-class_04-01-2026_saved_model/yolo11n_640_5-class_04-01-2026_float16.tflite
866296372791,0,0.000000,0.000000,0.000000,0.000000,0,GPU,yolo11n_640_5-class_04-01-2026_saved_model/yolo11n_640_5-class_04-01-2026_float16.tflite
866363039979,0,0.000000,0.000000,0.000000,0.000000,0,GPU,yolo11n_640_5-class_04-01-2026_saved_model/yolo11n_640_5-class_04-01-2026_float16.tflite
866463040760,0,0.000000,0.000000,0.000000,0.000000,0,GPU,yolo11n_640_5-class_04-01-2026_saved_model/yolo11n_640_5-class_04-01-2026_float16.tflite
866529707948,0,0.000000,0.000000,0.000000,0.000000,0,GPU,yolo11n_640_5-class_04-01-2026_saved_model/yolo11n_640_5-class_04-01-2026_float16.tflite
866596375187,0,0.000000,0.000000,0.000000,0.000000,0,GPU,yolo11n_640_5-class_04-01-2026_saved_model/yolo11n_640_5-class_04-01-2026_float16.tflite
866696375968,0,0.000000,0.000000,0.000000,0.000000,0,GPU,yolo11n_640_5-class_04-01-2026_saved_model/yolo11n_640_5-class_04-01-2026_float16.tflite
866763043156,0,0.000000,0.000000,0.000000,0.000000,0,GPU,yolo11n_640_5-class_04-01-2026_saved_model/yolo11n_640_5-class_04-01-2026_float16.tflite
866863043937,0,0.000000,0.000000,0.000000,0.000000,0,GPU,yolo11n_640_5-class_04-01-2026_saved_model/yolo11n_640_5-class_04-01-2026_float16.tflite
866929711177,0,0.000000,0.000000,0.000000,0.000000,0,GPU,yolo11n_640_5-class_04-01-2026_saved_model/yolo11n_640_5-class_04-01-2026_float16.tflite
866996378364,0,0.000000,0.000000,0.000000,0.000000,0,GPU,yolo11n_640_5-class_04-01-2026_saved_model/yolo11n_640_5-class_04-01-2026_float16.tflite
867096379145,0,0.000000,0.000000,0.000000,0.000000,0,GPU,yolo11n_640_5-class_04-01-2026_saved_model/yolo11n_640_5-class_04-01-2026_float16.tflite
867163046385,0,0.000000,0.000000,0.000000,0.000000,0,GPU,yolo11n_640_5-class_04-01-2026_saved_model/yolo11n_640_5-class_04-01-2026_float16.tflite
867229713573,0,0.000000,0.000000,0.000000,0.000000,0,GPU,yolo11n_640_5-class_04-01-2026_saved_model/yolo11n_640_5-class_04-01-2026_float16.tflite
867329714354,0,0.000000,0.000000,0.000000,0.000000,0,GPU,yolo11n_640_5-class_04-01-2026_saved_model/yolo11n_640_5-class_04-01-2026_float16.tflite
867429715187,0,0.000000,0.000000,0.000000,0.000000,0,GPU,yolo11n_640_5-class_04-01-2026_saved_model/yolo11n_640_5-class_04-01-2026_float16.tflite
867496382375,0,0.000000,0.000000,0.000000,0.000000,0,GPU,yolo11n_640_5-class_04-01-2026_saved_model/yolo11n_640_5-class_04-01-2026_float16.tflite
867596383156,1,0.874512,0.533691,0.000000,0.000000,0,GPU,yolo11n_640_5-class_04-01-2026_saved_model/yolo11n_640_5-class_04-01-2026_float16.tflite
867663050395,1,0.874512,0.533691,0.000000,0.000000,1,GPU,yolo11n_640_5-class_04-01-2026_saved_model/yolo11n_640_5-class_04-01-2026_float16.tflite
867729717583,1,0.874512,0.533691,0.000000,0.000000,2,GPU,yolo11n_640_5-class_04-01-2026_saved_model/yolo11n_640_5-class_04-01-2026_float16.tflite
867829718364,1,0.874512,0.533691,0.000000,0.000000,3,GPU,yolo11n_640_5-class_04-01-2026_saved_model/yolo11n_640_5-class_04-01-2026_float16.tflite
867896385552,1,0.874512,0.533691,0.000000,0.000000,4,GPU,yolo11n_640_5-class_04-01-2026_saved_model/yolo11n_640_5-class_04-01-2026_float16.tflite
867996386385,1,0.874512,0.533691,0.000000,0.000000,5,GPU,yolo11n_640_5-class_04-01-2026_saved_model/yolo11n_640_5-class_04-01-2026_float16.tflite
868096387166,1,0.837892,0.666988,-0.052321,0.190449,0,GPU,yolo11n_640_5-class_04-01-2026_saved_model/yolo11n_640_5-class_04-01-2026_float16.tflite
868163054354,1,0.834404,0.679685,-0.052321,0.190449,1,GPU,yolo11n_640_5-class_04-01-2026_saved_model/yolo11n_640_5-class_04-01-2026_float16.tflite
868229721541,1,0.830915,0.692382,-0.052321,0.190449,2,GPU,yolo11n_640_5-class_04-01-2026_saved_model/yolo11n_640_5-class_04-01-2026_float16.tflite
868329722375,1,0.825683,0.711427,-0.052321,0.190449,3,GPU,yolo11n_640_5-class_04-01-2026_saved_model/yolo11n_640_5-class_04-01-2026_float16.tflite
868429723156,1,0.776869,0.697276,-0.183020,0.090897,0,GPU,yolo11n_640_5-class_04-01-2026_saved_model/yolo11n_640_5-class_04-01-2026_float16.tflite
868496390395,1,0.764668,0.703336,-0.183020,0.090897,1,GPU,yolo11n_640_5-class_04-01-2026_saved_model/yolo11n_640_5-class_04-01-2026_float16.tflite
868563057583,1,0.761612,0.652004,-0.152592,-0.100059,0,GPU,yolo11n_640_5-class_04-01-2026_saved_model/yolo11n_640_5-class_04-01-2026_float16.tflite
868663058364,1,0.746352,0.641998,-0.152592,-0.100059,0,GPU,yolo11n_640_5-class_04-01-2026_saved_model/yolo11n_640_5-class_04-01-2026_float16.tflite
868729725552,1,0.742715,0.599213,-0.130665,-0.221225,0,GPU,yolo11n_640_5-class_04-01-2026_saved_model/yolo11n_640_5-class_04-01-2026_float16.tflite
868829726385,1,0.729648,0.577091,-0.130665,-0.221225,0,GPU,yolo11n_640_5-class_04-01-2026_saved_model/yolo11n_640_5-class_04-01-2026_float16.tflite
868896393573,1,0.720937,0.562342,-0.130665,-0.221225,1,GPU,yolo11n_640_5-class_04-01-2026_saved_model/yolo11n_640_5-class_04-01-2026_float16.tflite
868996394354,1,0.688823,0.679507,-0.183783,0.167198,0,GPU,yolo11n_640_5-class_04-01-2026_saved_model/yolo11n_640_5-class_04-01-2026_float16.tflite
869063061593,1,0.676570,0.690654,-0.183783,0.167198,0,GPU,yolo11n_640_5-class_04-01-2026_saved_model/yolo11n_640_5-class_04-01-2026_float16.tflite
869163062375,1,0.661052,0.655073,-0.174868,0.004197,0,GPU,yolo11n_640_5-class_04-01-2026_saved_model/yolo11n_640_5-class_04-01-2026_float16.tflite
869229729562,1,0.649394,0.655353,-0.174868,0.004197,0,GPU,yolo11n_640_5-class_04-01-2026_saved_model/yolo11n_640_5-class_04-01-2026_float16.tflite
869296396750,1,0.637736,0.655633,-0.174868,0.004197,0,GPU,yolo11n_640_5-class_04-01-2026_saved_model/yolo11n_640_5-class_04-01-2026_float16.tflite
869396397583,1,0.631504,0.588831,-0.140970,-0.198269,0,GPU,yolo11n_640_5-class_04-01-2026_saved_model/yolo11n_640_5-class_04-01-2026_float16.tflite
869463064770,1,0.622106,0.575613,-0.140970,-0.198269,0,GPU,yolo11n_640_5-class_04-01-2026_saved_model/yolo11n_640_5-class_04-01-2026_float16.tflite
869529731958,1,0.613099,0.587087,-0.139640,-0.114262,0,GPU,yolo11n_640_5-class_04-01-2026_saved_model/yolo11n_640_5-class_04-01-2026_float16.tflite
869629732791,1,0.599134,0.575661,-0.139640,-0.114262,1,GPU,yolo11n_640_5-class_04-01-2026_saved_model/yolo11n_640_5-class_04-01-2026_float16.tflite
869696399979,1,0.589825,0.568044,-0.139640,-0.114262,2,GPU,yolo11n_640_5-class_04-01-2026_saved_model/yolo11n_640_5-class_04-01-2026_float16.tflite
869796400760,1,0.572053,0.656679,-0.150448,0.169747,0,GPU,yolo11n_640_5-class_04-01-2026_saved_model/yolo11n_640_5-class_04-01-2026_float16.tflite
869863067948,1,0.562023,0.667996,-0.150448,0.169747,1,GPU,yolo11n_640_5-class_04-01-2026_saved_model/yolo11n_640_5-class_04-01-2026_float16.tflite
869963068781,1,0.546978,0.684971,-0.150448,0.169747,2,GPU,yolo11n_640_5-class_04-01-2026_saved_model/yolo11n_640_5-class_04-01-2026_float16.tflite
870029735968,1,0.536948,0.696287,-0.150448,0.169747,3,GPU,yolo11n_640_5-class_04-01-2026_saved_model/yolo11n_640_5-class_04-01-2026_float16.tflite
870129736750,1,0.521903,0.713262,-0.150448,0.169747,4,GPU,yolo11n_640_5-class_04-01-2026_saved_model/yolo11n_640_5-class_04-01-2026_float16.tflite
870196403989,1,0.511874,0.724579,-0.150448,0.169747,5,GPU,yolo11n_640_5-class_04-01-2026_saved_model/yolo11n_640_5-class_04-01-2026_float16.tflite
870263071177,1,0.501844,0.735895,-0.150448,0.169747,6,GPU,yolo11n_640_5-class_04-01-2026_saved_model/yolo11n_640_5-class_04-01-2026_float16.tflite
870363071958,1,0.486799,0.752870,-0.150448,0.169747,7,GPU,yolo11n_640_5-class_04-01-2026_saved_model/yolo11n_640_5-class_04-01-2026_float16.tflite
870429739145,1,0.476769,0.764186,-0.150448,0.169747,8,GPU,yolo11n_640_5-class_04-01-2026_saved_model/yolo11n_640_5-class_04-01-2026_float16.tflite
870529739979,1,0.459060,0.619809,-0.154574,-0.080143,0,GPU,yolo11n_640_5-class_04-01-2026_saved_model/yolo11n_640_5-class_04-01-2026_float16.tflite
870629740760,1,0.443602,0.611795,-0.154574,-0.080143,0,GPU,yolo11n_640_5-class_04-01-2026_saved_model/yolo11n_640_5-class_04-01-2026_float16.tflite
870729741593,1,0.428145,0.603781,-0.154574,-0.080143,1,GPU,yolo11n_640_5-class_04-01-2026_saved_model/yolo11n_640_5-class_04-01-2026_float16.tflite
870796408781,1,0.417840,0.598438,-0.154574,-0.080143,2,GPU,yolo11n_640_5-class_04-01-2026_saved_model/yolo11n_640_5-class_04-01-2026_float16.tflite
870896409562,1,0.402382,0.590423,-0.154574,-0.080143,3,GPU,yolo11n_640_5-class_04-01-2026_saved_model/yolo11n_640_5-class_04-01-2026_float16.tflite
870996410343,1,0.386925,0.582409,-0.154574,-0.080143,4,GPU,yolo11n_640_5-class_04-01-2026_saved_model/yolo11n_640_5-class_04-01-2026_float16.tflite
871096411177,1,0.371468,0.574394,-0.154574,-0.080143,5,GPU,yolo11n_640_5-class_04-01-2026_saved_model/yolo11n_640_5-class_04-01-2026_float16.tflite
871196411958,1,0.477688,0.589053,0.043890,-0.043163,0,GPU,yolo11n_640_5-class_04-01-2026_saved_model/yolo11n_640_5-class_04-01-2026_float16.tflite
871263079145,1,0.480614,0.586175,0.043890,-0.043163,0,GPU,yolo11n_640_5-class_04-01-2026_saved_model/yolo11n_640_5-class_04-01-2026_float16.tflite
871363079979,1,0.485003,0.581859,0.043890,-0.043163,1,GPU,yolo11n_640_5-class_04-01-2026_saved_model/yolo11n_640_5-class_04-01-2026_float16.tflite
871429747166,1,0.481172,0.532933,0.024298,-0.176681,0,GPU,yolo11n_640_5-class_04-01-2026_saved_model/yolo11n_640_5-class_04-01-2026_float16.tflite
871529747948,1,0.483602,0.515264,0.024298,-0.176681,0,GPU,yolo11n_640_5-class_04-01-2026_saved_model/yolo11n_640_5-class_04-01-2026_float16.tflite
871629748781,1,0.486032,0.497596,0.024298,-0.176681,1,GPU,yolo11n_640_5-class_04-01-2026_saved_model/yolo11n_640_5-class_04-01-2026_float16.tflite
871729749562,1,0.488462,0.479928,0.024298,-0.176681,2,GPU,yolo11n_640_5-class_04-01-2026_saved_model/yolo11n_640_5-class_04-01-2026_float16.tflite
871829750343,1,0.490891,0.462260,0.024298,-0.176681,3,GPU,yolo11n_640_5-class_04-01-2026_saved_model/yolo11n_640_5-class_04-01-2026_float16.tflite
871896417583,1,0.509493,0.357885,0.058885,-0.365269,0,GPU,yolo11n_640_5-class_04-01-2026_saved_model/yolo11n_640_5-class_04-01-2026_float16.tflite
871996418364,1,0.515382,0.321357,0.058885,-0.365269,0,GPU,yolo11n_640_5-class_04-01-2026_saved_model/yolo11n_640_5-class_04-01-2026_float16.tflite
872096419145,1,0.549927,0.269897,0.141062,-0.408092,0,GPU,yolo11n_640_5-class_04-01-2026_saved_model/yolo11n_640_5-class_04-01-2026_float16.tflite
872196419979,1,0.564033,0.229088,0.141062,-0.408092,0,GPU,yolo11n_640_5-class_04-01-2026_saved_model/yolo11n_640_5-class_04-01-2026_float16.tflite
872263087166,1,0.590882,0.218076,0.196476,-0.356648,0,GPU,yolo11n_640_5-class_04-01-2026_saved_model/yolo11n_640_5-class_04-01-2026_float16.tflite
872363087948,1,0.610530,0.182411,0.196476,-0.356648,0,GPU,yolo11n_640_5-class_04-01-2026_saved_model/yolo11n_640_5-class_04-01-2026_float16.tflite
872463088781,1,0.639662,0.195844,0.225284,-0.207527,0,GPU,yolo11n_640_5-class_04-01-2026_saved_model/yolo11n_640_5-class_04-01-2026_float16.tflite
872563089562,1,0.662191,0.175092,0.225284,-0.207527,0,GPU,yolo11n_640_5-class_04-01-2026_saved_model/yolo11n_640_5-class_04-01-2026_float16.tflite
872663090343,1,0.689809,0.219622,0.240120,-0.017221,0,GPU,yolo11n_640_5-class_04-01-2026_saved_model/yolo11n_640_5-class_04-01-2026_float16.tflite
872763091177,1,0.713821,0.217900,0.240120,-0.017221,0,GPU,yolo11n_640_5-class_04-01-2026_saved_model/yolo11n_640_5-class_04-01-2026_float16.tflite
872863091958,1,0.740019,0.285733,0.246466,0.184693,0,GPU,yolo11n_640_5-class_04-01-2026_saved_model/yolo11n_640_5-class_04-01-2026_float16.tflite
872929759145,1,0.756451,0.298046,0.246466,0.184693,0,GPU,yolo11n_640_5-class_04-01-2026_saved_model/yolo11n_640_5-class_04-01-2026_float16.tflite
873029759979,1,0.781097,0.316516,0.246466,0.184693,1,GPU,yolo11n_640_5-class_04-01-2026_saved_model/yolo11n_640_5-class_04-01-2026_float16.tflite
873096427166,1,0.797529,0.328829,0.246466,0.184693,2,GPU,yolo11n_640_5-class_04-01-2026_saved_model/yolo11n_640_5-class_04-01-2026_float16.tflite
873196427948,1,0.775415,0.339946,0.128669,0.166171,0,GPU,yolo11n_640_5-class_04-01-2026_saved_model/yolo11n_640_5-class_04-01-2026_float16.tflite
873296428781,1,0.788282,0.356563,0.128669,0.166171,0,GPU,yolo11n_640_5-class_04-01-2026_saved_model/yolo11n_640_5-class_04-01-2026_float16.tflite
873396429562,1,0.753694,0.352674,-0.006794,0.107634,0,GPU,yolo11n_640_5-class_04-01-2026_saved_model/yolo11n_640_5-class_04-01-2026_float16.tflite
873496430343,1,0.753014,0.363437,-0.006794,0.107634,0,GPU,yolo11n_640_5-class_04-01-2026_saved_model/yolo11n_640_5-class_04-01-2026_float16.tflite
873563097583,1,0.725897,0.380749,-0.090172,0.139330,0,GPU,yolo11n_640_5-class_04-01-2026_saved_model/yolo11n_640_5-class_04-01-2026_float16.tflite
873663098364,1,0.716879,0.394683,-0.090172,0.139330,0,GPU,yolo11n_640_5-class_04-01-2026_saved_model/yolo11n_640_5-class_04-01-2026_float16.tflite
873729765552,1,0.699694,0.435245,-0.126541,0.241125,0,GPU,yolo11n_640_5-class_04-01-2026_saved_model/yolo11n_640_5-class_04-01-2026_float16.tflite
873829766385,1,0.687040,0.459358,-0.126541,0.241125,1,GPU,yolo11n_640_5-class_04-01-2026_saved_model/yolo11n_640_5-class_04-01-2026_float16.tflite
873929767166,1,0.674386,0.483470,-0.126541,0.241125,2,GPU,yolo11n_640_5-class_04-01-2026_saved_model/yolo11n_640_5-class_04-01-2026_float16.tflite
873996434354,1,0.665950,0.499546,-0.126541,0.241125,3,GPU,yolo11n_640_5-class_04-01-2026_saved_model/yolo11n_640_5-class_04-01-2026_float16.tflite
874096435187,1,0.650704,0.659360,-0.132704,0.563830,0,GPU,yolo11n_640_5-class_04-01-2026_saved_model/yolo11n_640_5-class_04-01-2026_float16.tflite
874196435968,1,0.637434,0.715744,-0.132704,0.563830,1,GPU,yolo11n_640_5-class_04-01-2026_saved_model/yolo11n_640_5-class_04-01-2026_float16.tflite
874296436750,1,0.624163,0.772127,-0.132704,0.563830,2,GPU,yolo11n_640_5-class_04-01-2026_saved_model/yolo11n_640_5-class_04-01-2026_float16.tflite
874396437583,1,0.632047,0.588753,-0.079795,-0.035825,0,GPU,yolo11n_640_5-class_04-01-2026_saved_model/yolo11n_640_5-class_04-01-2026_float16.tflite
874496438364,1,0.624068,0.585171,-0.079795,-0.035825,0,GPU,yolo11n_640_5-class_04-01-2026_saved_model/yolo11n_640_5-class_04-01-2026_float16.tflite
874563105552,1,0.626070,0.528395,-0.057705,-0.199914,0,GPU,yolo11n_640_5-class_04-01-2026_saved_model/yolo11n_640_5-class_04-01-2026_float16.tflite
874663106385,1,0.620299,0.508403,-0.057705,-0.199914,1,GPU,yolo11n_640_5-class_04-01-2026_saved_model/yolo11n_640_5-class_04-01-2026_float16.tflite
874763107166,1,0.501950,0.558266,-0.400056,0.012512,0,GPU,yolo11n_640_5-class_04-01-2026_saved_model/yolo11n_640_5-class_04-01-2026_float16.tflite
874863107948,1,0.461944,0.559517,-0.400056,0.012512,0,GPU,yolo11n_640_5-class_04-01-2026_saved_model/yolo11n_640_5-class_04-01-2026_float16.tflite
874929775187,1,0.462852,0.554524,-0.313843,-0.005705,0,GPU,yolo11n_640_5-class_04-01-2026_saved_model/yolo11n_640_5-class_04-01-2026_float16.tflite
875029775968,1,0.431468,0.553953,-0.313843,-0.005705,0,GPU,yolo11n_640_5-class_04-01-2026_saved_model/yolo11n_640_5-class_04-01-2026_float16.tflite
875096443156,1,0.453023,0.588018,-0.176299,0.105826,0,GPU,yolo11n_640_5-class_04-01-2026_saved_model/yolo11n_640_5-class_04-01-2026_float16.tflite
875196443989,1,0.435393,0.598600,-0.176299,0.105826,1,GPU,yolo11n_640_5-class_04-01-2026_saved_model/yolo11n_640_5-class_04-01-2026_float16.tflite
875263111177,1,0.423639,0.605655,-0.176299,0.105826,2,GPU,yolo11n_640_5-class_04-01-2026_saved_model/yolo11n_640_5-class_04-01-2026_float16.tflite
875396445552,1,0.400133,0.619766,-0.176299,0.105826,3,GPU,yolo11n_640_5-class_04-01-2026_saved_model/yolo11n_640_5-class_04-01-2026_float16.tflite
875463112791,1,0.388379,0.626821,-0.176299,0.105826,4,GPU,yolo11n_640_5-class_04-01-2026_saved_model/yolo11n_640_5-class_04-01-2026_float16.tflite
875563113573,1,0.370749,0.637404,-0.176299,0.105826,5,GPU,yolo11n_640_5-class_04-01-2026_saved_model/yolo11n_640_5-class_04-01-2026_float16.tflite
875663114354,1,0.353119,0.647986,-0.176299,0.105826,6,GPU,yolo11n_640_5-class_04-01-2026_saved_model/yolo11n_640_5-class_04-01-2026_float16.tflite
875763115187,1,0.335489,0.658569,-0.176299,0.105826,7,GPU,yolo11n_640_5-class_04-01-2026_saved_model/yolo11n_640_5-class_04-01-2026_float16.tflite
875829782375,1,0.323736,0.665624,-0.176299,0.105826,8,GPU,yolo11n_640_5-class_04-01-2026_saved_model/yolo11n_640_5-class_04-01-2026_float16.tflite
875929783156,1,0.306106,0.676207,-0.176299,0.105826,9,GPU,yolo11n_640_5-class_04-01-2026_saved_model/yolo11n_640_5-class_04-01-2026_float16.tflite
875996450343,0,0.000000,0.000000,0.000000,0.000000,0,GPU,yolo11n_640_5-class_04-01-2026_saved_model/yolo11n_640_5-class_04-01-2026_float16.tflite
876096451177,1,0.474609,0.586914,0.000000,0.000000,0,GPU,yolo11n_640_5-class_04-01-2026_saved_model/yolo11n_640_5-class_04-01-2026_float16.tflite
876196451958,1,0.483398,0.564455,0.007989,-0.020417,0,GPU,yolo11n_640_5-class_04-01-2026_saved_model/yolo11n_640_5-class_04-01-2026_float16.tflite
876296452791,1,0.480473,0.519579,-0.029198,-0.448196,0,GPU,yolo11n_640_5-class_04-01-2026_saved_model/yolo11n_640_5-class_04-01-2026_float16.tflite
876396453573,1,0.473025,0.491057,-0.056529,-0.349827,0,GPU,yolo11n_640_5-class_04-01-2026_saved_model/yolo11n_640_5-class_04-01-2026_float16.tflite
876496454354,1,0.467372,0.456074,-0.056529,-0.349827,1,GPU,yolo11n_640_5-class_04-01-2026_saved_model/yolo11n_640_5-class_04-01-2026_float16.tflite
876596455187,1,0.471896,0.435525,-0.022625,-0.301742,0,GPU,yolo11n_640_5-class_04-01-2026_saved_model/yolo11n_640_5-class_04-01-2026_float16.tflite
876696455968,1,0.469633,0.405350,-0.022625,-0.301742,1,GPU,yolo11n_640_5-class_04-01-2026_saved_model/yolo11n_640_5-class_04-01-2026_float16.tflite
876763123156,1,0.468125,0.385234,-0.022625,-0.301742,2,GPU,yolo11n_640_5-class_04-01-2026_saved_model/yolo11n_640_5-class_04-01-2026_float16.tflite
876863123989,1,0.465862,0.355060,-0.022625,-0.301742,3,GPU,yolo11n_640_5-class_04-01-2026_saved_model/yolo11n_640_5-class_04-01-2026_float16.tflite
876963124770,1,0.539185,0.268435,0.150893,-0.431332,0,GPU,yolo11n_640_5-class_04-01-2026_saved_model/yolo11n_640_5-class_04-01-2026_float16.tflite
877029791958,1,0.549245,0.239680,0.150893,-0.431332,0,GPU,yolo11n_640_5-class_04-01-2026_saved_model/yolo11n_640_5-class_04-01-2026_float16.tflite
877129792791,1,0.579321,0.213388,0.196229,-0.380382,0,GPU,yolo11n_640_5-class_04-01-2026_saved_model/yolo11n_640_5-class_04-01-2026_float16.tflite
877229793573,1,0.598944,0.175350,0.196229,-0.380382,0,GPU,yolo11n_640_5-class_04-01-2026_saved_model/yolo11n_640_5-class_04-01-2026_float16.tflite
877329794354,1,0.624950,0.188611,0.215469,-0.225746,0,GPU,yolo11n_640_5-class_04-01-2026_saved_model/yolo11n_640_5-class_04-01-2026_float16.tflite
877396461593,1,0.639314,0.173561,0.215469,-0.225746,1,GPU,yolo11n_640_5-class_04-01-2026_saved_model/yolo11n_640_5-class_04-01-2026_float16.tflite
877496462375,1,0.662468,0.201059,0.220578,-0.066486,0,GPU,yolo11n_640_5-class_04-01-2026_saved_model/yolo11n_640_5-class_04-01-2026_float16.tflite
877596463156,1,0.684526,0.194410,0.220578,-0.066486,1,GPU,yolo11n_640_5-class_04-01-2026_saved_model/yolo11n_640_5-class_04-01-2026_float16.tflite
877696463937,1,0.706182,0.256026,0.219381,0.136792,0,GPU,yolo11n_640_5-class_04-01-2026_saved_model/yolo11n_640_5-class_04-01-2026_float16.tflite
877796464770,1,0.728120,0.269705,0.219381,0.136792,1,GPU,yolo11n_640_5-class_04-01-2026_saved_model/yolo11n_640_5-class_04-01-2026_float16.tflite
877896465552,1,0.750058,0.283384,0.219381,0.136792,2,GPU,yolo11n_640_5-class_04-01-2026_saved_model/yolo11n_640_5-class_04-01-2026_float16.tflite
877996466385,1,0.771996,0.297064,0.219381,0.136792,3,GPU,yolo11n_640_5-class_04-01-2026_saved_model/yolo11n_640_5-class_04-01-2026_float16.tflite
878096467166,1,0.793935,0.310743,0.219381,0.136792,4,GPU,yolo11n_640_5-class_04-01-2026_saved_model/yolo11n_640_5-class_04-01-2026_float16.tflite
878163134354,1,0.808560,0.319862,0.219381,0.136792,5,GPU,yolo11n_640_5-class_04-01-2026_saved_model/yolo11n_640_5-class_04-01-2026_float16.tflite
878263135187,1,0.830498,0.333542,0.219381,0.136792,6,GPU,yolo11n_640_5-class_04-01-2026_saved_model/yolo11n_640_5-class_04-01-2026_float16.tflite
878363135968,1,0.852437,0.347221,0.219381,0.136792,7,GPU,yolo11n_640_5-class_04-01-2026_saved_model/yolo11n_640_5-class_04-01-2026_float16.tflite
878463136750,1,0.874375,0.360900,0.219381,0.136792,8,GPU,yolo11n_640_5-class_04-01-2026_saved_model/yolo11n_640_5-class_04-01-2026_float16.tflite
878563137583,1,0.896313,0.374580,0.219381,0.136792,9,GPU,yolo11n_640_5-class_04-01-2026_saved_model/yolo11n_640_5-class_04-01-2026_float16.tflite
878629804770,1,0.858381,0.498395,0.152446,0.282863,0,GPU,yolo11n_640_5-class_04-01-2026_saved_model/yolo11n_640_5-class_04-01-2026_float16.tflite
878763139145,1,0.868072,0.484282,0.120285,0.126139,0,GPU,yolo11n_640_5-class_04-01-2026_saved_model/yolo11n_640_5-class_04-01-2026_float16.tflite
878829806385,1,0.876091,0.492692,0.120285,0.126139,0,GPU,yolo11n_640_5-class_04-01-2026_saved_model/yolo11n_640_5-class_04-01-2026_float16.tflite
878929807166,1,0.875048,0.454121,0.074812,-0.051920,0,GPU,yolo11n_640_5-class_04-01-2026_saved_model/yolo11n_640_5-class_04-01-2026_float16.tflite
879029807948,1,0.882529,0.448929,0.074812,-0.051920,0,GPU,yolo11n_640_5-class_04-01-2026_saved_model/yolo11n_640_5-class_04-01-2026_float16.tflite
879129808781,1,0.583038,0.577495,-0.854084,0.352829,0,GPU,yolo11n_640_5-class_04-01-2026_saved_model/yolo11n_640_5-class_04-01-2026_float16.tflite
879196475968,1,0.526099,0.601017,-0.854084,0.352829,0,GPU,yolo11n_640_5-class_04-01-2026_saved_model/yolo11n_640_5-class_04-01-2026_float16.tflite
879296476750,1,0.482505,0.611189,-0.722186,0.273622,0,GPU,yolo11n_640_5-class_04-01-2026_saved_model/yolo11n_640_5-class_04-01-2026_float16.tflite
879396477583,1,0.410286,0.638552,-0.722186,0.273622,0,GPU,yolo11n_640_5-class_04-01-2026_saved_model/yolo11n_640_5-class_04-01-2026_float16.tflite
879496478364,1,0.468776,0.643010,-0.333689,0.205547,0,GPU,yolo11n_640_5-class_04-01-2026_saved_model/yolo11n_640_5-class_04-01-2026_float16.tflite
879596479145,1,0.435406,0.663565,-0.333689,0.205547,0,GPU,yolo11n_640_5-class_04-01-2026_saved_model/yolo11n_640_5-class_04-01-2026_float16.tflite
879696479979,1,0.491050,0.663376,-0.075105,0.145285,0,GPU,yolo11n_640_5-class_04-01-2026_saved_model/yolo11n_640_5-class_04-01-2026_float16.tflite
879796480760,1,0.483539,0.677904,-0.075105,0.145285,0,GPU,yolo11n_640_5-class_04-01-2026_saved_model/yolo11n_640_5-class_04-01-2026_float16.tflite
879896481541,1,0.508908,0.666562,0.020405,0.070133,0,GPU,yolo11n_640_5-class_04-01-2026_saved_model/yolo11n_640_5-class_04-01-2026_float16.tflite
879996482375,1,0.510948,0.673576,0.020405,0.070133,0,GPU,yolo11n_640_5-class_04-01-2026_saved_model/yolo11n_640_5-class_04-01-2026_float16.tflite
880096483156,1,0.507232,0.637102,0.003659,-0.056368,0,GPU,yolo11n_640_5-class_04-01-2026_saved_model/yolo11n_640_5-class_04-01-2026_float16.tflite
880196483989,1,0.507598,0.631465,0.003659,-0.056368,0,GPU,yolo11n_640_5-class_04-01-2026_saved_model/yolo11n_640_5-class_04-01-2026_float16.tflite
880263151177,1,0.505036,0.610459,-0.005049,-0.109895,0,GPU,yolo11n_640_5-class_04-01-2026_saved_model/yolo11n_640_5-class_04-01-2026_float16.tflite
880363151958,1,0.504531,0.599469,-0.005049,-0.109895,0,GPU,yolo11n_640_5-class_04-01-2026_saved_model/yolo11n_640_5-class_04-01-2026_float16.tflite
880463152791,1,0.508389,0.583578,0.008132,-0.124704,0,GPU,yolo11n_640_5-class_04-01-2026_saved_model/yolo11n_640_5-class_04-01-2026_float16.tflite
880563153573,1,0.509202,0.571107,0.008132,-0.124704,0,GPU,yolo11n_640_5-class_04-01-2026_saved_model/yolo11n_640_5-class_04-01-2026_float16.tflite
880663154354,1,0.519472,0.542280,0.035706,-0.172399,0,GPU,yolo11n_640_5-class_04-01-2026_saved_model/yolo11n_640_5-class_04-01-2026_float16.tflite
880763155187,1,0.523042,0.525040,0.035706,-0.172399,0,GPU,yolo11n_640_5-class_04-01-2026_saved_model/yolo11n_640_5-class_04-01-2026_float16.tflite
880829822375,1,0.511112,0.494469,-0.008614,-0.231480,0,GPU,yolo11n_640_5-class_04-01-2026_saved_model/yolo11n_640_5-class_04-01-2026_float16.tflite
880963156750,1,0.509963,0.463605,-0.008614,-0.231480,0,GPU,yolo11n_640_5-class_04-01-2026_saved_model/yolo11n_640_5-class_04-01-2026_float16.tflite
881063157583,1,0.509241,0.438109,-0.008230,-0.237955,0,GPU,yolo11n_640_5-class_04-01-2026_saved_model/yolo11n_640_5-class_04-01-2026_float16.tflite
881163158364,1,0.508418,0.414314,-0.008230,-0.237955,0,GPU,yolo11n_640_5-class_04-01-2026_saved_model/yolo11n_640_5-class_04-01-2026_float16.tflite
881229825552,1,0.531542,0.363219,0.063557,-0.344790,0,GPU,yolo11n_640_5-class_04-01-2026_saved_model/yolo11n_640_5-class_04-01-2026_float16.tflite
881329826385,1,0.537898,0.328740,0.063557,-0.344790,0,GPU,yolo11n_640_5-class_04-01-2026_saved_model/yolo11n_640_5-class_04-01-2026_float16.tflite
881429827166,1,0.581078,0.271231,0.174785,-0.414354,0,GPU,yolo11n_640_5-class_04-01-2026_saved_model/yolo11n_640_5-class_04-01-2026_float16.tflite
881529827948,1,0.598556,0.229795,0.174785,-0.414354,0,GPU,yolo11n_640_5-class_04-01-2026_saved_model/yolo11n_640_5-class_04-01-2026_float16.tflite
881596495187,1,0.610209,0.202171,0.174785,-0.414354,1,GPU,yolo11n_640_5-class_04-01-2026_saved_model/yolo11n_640_5-class_04-01-2026_float16.tflite
881729829562,1,0.633514,0.146924,0.174785,-0.414354,2,GPU,yolo11n_640_5-class_04-01-2026_saved_model/yolo11n_640_5-class_04-01-2026_float16.tflite
881796496750,1,0.645166,0.119300,0.174785,-0.414354,3,GPU,yolo11n_640_5-class_04-01-2026_saved_model/yolo11n_640_5-class_04-01-2026_float16.tflite
881896497583,1,0.692431,0.235163,0.235669,-0.092827,0,GPU,yolo11n_640_5-class_04-01-2026_saved_model/yolo11n_640_5-class_04-01-2026_float16.tflite
881996498364,1,0.715998,0.225880,0.235669,-0.092827,0,GPU,yolo11n_640_5-class_04-01-2026_saved_model/yolo11n_640_5-class_04-01-2026_float16.tflite
882096499145,1,0.740076,0.285900,0.237114,0.103035,0,GPU,yolo11n_640_5-class_04-01-2026_saved_model/yolo11n_640_5-class_04-01-2026_float16.tflite
882196499979,1,0.763788,0.296203,0.237114,0.103035,1,GPU,yolo11n_640_5-class_04-01-2026_saved_model/yolo11n_640_5-class_04-01-2026_float16.tflite
882296500760,1,0.787499,0.306507,0.237114,0.103035,2,GPU,yolo11n_640_5-class_04-01-2026_saved_model/yolo11n_640_5-class_04-01-2026_float16.tflite
882363167948,1,0.803307,0.313376,0.237114,0.103035,3,GPU,yolo11n_640_5-class_04-01-2026_saved_model/yolo11n_640_5-class_04-01-2026_float16.tflite
882463168781,1,0.827018,0.323680,0.237114,0.103035,4,GPU,yolo11n_640_5-class_04-01-2026_saved_model/yolo11n_640_5-class_04-01-2026_float16.tflite
882563169562,1,0.850730,0.333983,0.237114,0.103035,5,GPU,yolo11n_640_5-class_04-01-2026_saved_model/yolo11n_640_5-class_04-01-2026_float16.tflite
882663170343,1,0.874442,0.344287,0.237114,0.103035,6,GPU,yolo11n_640_5-class_04-01-2026_saved_model/yolo11n_640_5-class_04-01-2026_float16.tflite
882763171177,1,0.898153,0.354590,0.237114,0.103035,7,GPU,yolo11n_640_5-class_04-01-2026_saved_model/yolo11n_640_5-class_04-01-2026_float16.tflite
882863171958,1,0.921865,0.364894,0.237114,0.103035,8,GPU,yolo11n_640_5-class_04-01-2026_saved_model/yolo11n_640_5-class_04-01-2026_float16.tflite
882929839145,1,0.937672,0.371763,0.237114,0.103035,9,GPU,yolo11n_640_5-class_04-01-2026_saved_model/yolo11n_640_5-class_04-01-2026_float16.tflite
883029839979,0,0.000000,0.000000,0.000000,0.000000,0,GPU,yolo11n_640_5-class_04-01-2026_saved_model/yolo11n_640_5-class_04-01-2026_float16.tflite
883129840760,1,0.847656,0.538086,0.000000,0.000000,0,GPU,yolo11n_640_5-class_04-01-2026_saved_model/yolo11n_640_5-class_04-01-2026_float16.tflite
883229841593,1,0.843262,0.513186,-0.003995,-0.022636,0,GPU,yolo11n_640_5-class_04-01-2026_saved_model/yolo11n_640_5-class_04-01-2026_float16.tflite
883363175968,1,0.839846,0.498786,-0.025607,-0.107926,0,GPU,yolo11n_640_5-class_04-01-2026_saved_model/yolo11n_640_5-class_04-01-2026_float16.tflite
883429843156,1,0.838313,0.496268,-0.024527,-0.078936,0,GPU,yolo11n_640_5-class_04-01-2026_saved_model/yolo11n_640_5-class_04-01-2026_float16.tflite
883529843937,1,0.604011,0.551116,-1.118787,0.217185,0,GPU,yolo11n_640_5-class_04-01-2026_saved_model/yolo11n_640_5-class_04-01-2026_float16.tflite
883629844770,1,0.492131,0.572835,-1.118787,0.217185,0,GPU,yolo11n_640_5-class_04-01-2026_saved_model/yolo11n_640_5-class_04-01-2026_float16.tflite
883696511958,1,0.479340,0.571087,-0.906250,0.161374,0,GPU,yolo11n_640_5-class_04-01-2026_saved_model/yolo11n_640_5-class_04-01-2026_float16.tflite
883796512791,1,0.388714,0.587224,-0.906250,0.161374,0,GPU,yolo11n_640_5-class_04-01-2026_saved_model/yolo11n_640_5-class_04-01-2026_float16.tflite
883896513573,1,0.448991,0.611026,-0.458039,0.184137,0,GPU,yolo11n_640_5-class_04-01-2026_saved_model/yolo11n_640_5-class_04-01-2026_float16.tflite
883996514354,1,0.403187,0.629439,-0.458039,0.184137,0,GPU,yolo11n_640_5-class_04-01-2026_saved_model/yolo11n_640_5-class_04-01-2026_float16.tflite
884096515187,1,0.357383,0.647853,-0.458039,0.184137,1,GPU,yolo11n_640_5-class_04-01-2026_saved_model/yolo11n_640_5-class_04-01-2026_float16.tflite
884196515968,1,0.311578,0.666267,-0.458039,0.184137,2,GPU,yolo11n_640_5-class_04-01-2026_saved_model/yolo11n_640_5-class_04-01-2026_float16.tflite
884263183156,1,0.281042,0.678543,-0.458039,0.184137,3,GPU,yolo11n_640_5-class_04-01-2026_saved_model/yolo11n_640_5-class_04-01-2026_float16.tflite
884363183989,1,0.235238,0.696957,-0.458039,0.184137,4,GPU,yolo11n_640_5-class_04-01-2026_saved_model/yolo11n_640_5-class_04-01-2026_float16.tflite
884463184770,1,0.189434,0.715371,-0.458039,0.184137,5,GPU,yolo11n_640_5-class_04-01-2026_saved_model/yolo11n_640_5-class_04-01-2026_float16.tflite
884563185552,1,0.143629,0.733784,-0.458039,0.184137,6,GPU,yolo11n_640_5-class_04-01-2026_saved_model/yolo11n_640_5-class_04-01-2026_float16.tflite
884663186385,1,0.458169,0.585827,0.072979,-0.061035,0,GPU,yolo11n_640_5-class_04-01-2026_saved_model/yolo11n_640_5-class_04-01-2026_float16.tflite
884763187166,1,0.465467,0.579724,0.072979,-0.061035,1,GPU,yolo11n_640_5-class_04-01-2026_saved_model/yolo11n_640_5-class_04-01-2026_float16.tflite
884863187948,1,0.472765,0.573620,0.072979,-0.061035,2,GPU,yolo11n_640_5-class_04-01-2026_saved_model/yolo11n_640_5-class_04-01-2026_float16.tflite
884963188781,1,0.475209,0.576555,0.060462,-0.037728,0,GPU,yolo11n_640_5-class_04-01-2026_saved_model/yolo11n_640_5-class_04-01-2026_float16.tflite
885029855968,1,0.479239,0.574040,0.060462,-0.037728,0,GPU,yolo11n_640_5-class_04-01-2026_saved_model/yolo11n_640_5-class_04-01-2026_float16.tflite
885129856750,1,0.483907,0.556743,0.056138,-0.080129,0,GPU,yolo11n_640_5-class_04-01-2026_saved_model/yolo11n_640_5-class_04-01-2026_float16.tflite
885229857583,1,0.489521,0.548730,0.056138,-0.080129,1,GPU,yolo11n_640_5-class_04-01-2026_saved_model/yolo11n_640_5-class_04-01-2026_float16.tflite
885329858364,1,0.473490,0.504396,-0.008980,-0.189404,0,GPU,yolo11n_640_5-class_04-01-2026_saved_model/yolo11n_640_5-class_04-01-2026_float16.tflite
885429859145,1,0.472592,0.485456,-0.008980,-0.189404,0,GPU,yolo11n_640_5-class_04-01-2026_saved_model/yolo11n_640_5-class_04-01-2026_float16.tflite
885529859979,1,0.471694,0.466515,-0.008980,-0.189404,1,GPU,yolo11n_640_5-class_04-01-2026_saved_model/yolo11n_640_5-class_04-01-2026_float16.tflite
885629860760,1,0.470796,0.447574,-0.008980,-0.189404,2,GPU,yolo11n_640_5-class_04-01-2026_saved_model/yolo11n_640_5-class_04-01-2026_float16.tflite
885729861541,1,0.469898,0.428634,-0.008980,-0.189404,3,GPU,yolo11n_640_5-class_04-01-2026_saved_model/yolo11n_640_5-class_04-01-2026_float16.tflite
885829862375,1,0.538478,0.305103,0.125726,-0.392188,0,GPU,yolo11n_640_5-class_04-01-2026_saved_model/yolo11n_640_5-class_04-01-2026_float16.tflite
885929863156,1,0.551050,0.265884,0.125726,-0.392188,0,GPU,yolo11n_640_5-class_04-01-2026_saved_model/yolo11n_640_5-class_04-01-2026_float16.tflite
885996530343,1,0.575692,0.249932,0.173387,-0.362307,0,GPU,yolo11n_640_5-class_04-01-2026_saved_model/yolo11n_640_5-class_04-01-2026_float16.tflite
886096531177,1,0.593031,0.213701,0.173387,-0.362307,1,GPU,yolo11n_640_5-class_04-01-2026_saved_model/yolo11n_640_5-class_04-01-2026_float16.tflite
886196531958,1,0.610369,0.177470,0.173387,-0.362307,2,GPU,yolo11n_640_5-class_04-01-2026_saved_model/yolo11n_640_5-class_04-01-2026_float16.tflite
886296532791,1,0.627708,0.141239,0.173387,-0.362307,3,GPU,yolo11n_640_5-class_04-01-2026_saved_model/yolo11n_640_5-class_04-01-2026_float16.tflite
886396533573,1,0.645047,0.105008,0.173387,-0.362307,4,GPU,yolo11n_640_5-class_04-01-2026_saved_model/yolo11n_640_5-class_04-01-2026_float16.tflite
886496534354,1,0.701471,0.262134,0.250043,0.016914,0,GPU,yolo11n_640_5-class_04-01-2026_saved_model/yolo11n_640_5-class_04-01-2026_float16.tflite
886596535187,1,0.726476,0.263825,0.250043,0.016914,1,GPU,yolo11n_640_5-class_04-01-2026_saved_model/yolo11n_640_5-class_04-01-2026_float16.tflite
886696535968,1,0.751480,0.265516,0.250043,0.016914,2,GPU,yolo11n_640_5-class_04-01-2026_saved_model/yolo11n_640_5-class_04-01-2026_float16.tflite
886796536750,1,0.776485,0.267208,0.250043,0.016914,3,GPU,yolo11n_640_5-class_04-01-2026_saved_model/yolo11n_640_5-class_04-01-2026_float16.tflite
886863203989,1,0.779158,0.338555,0.217607,0.179641,0,GPU,yolo11n_640_5-class_04-01-2026_saved_model/yolo11n_640_5-class_04-01-2026_float16.tflite
886963204770,1,0.800919,0.356519,0.217607,0.179641,0,GPU,yolo11n_640_5-class_04-01-2026_saved_model/yolo11n_640_5-class_04-01-2026_float16.tflite
887063205552,1,0.783306,0.333384,0.103171,0.060191,0,GPU,yolo11n_640_5-class_04-01-2026_saved_model/yolo11n_640_5-class_04-01-2026_float16.tflite
887163206385,1,0.793623,0.339403,0.103171,0.060191,0,GPU,yolo11n_640_5-class_04-01-2026_saved_model/yolo11n_640_5-class_04-01-2026_float16.tflite
887263207166,1,0.767638,0.335767,-0.004087,0.031662,0,GPU,yolo11n_640_5-class_04-01-2026_saved_model/yolo11n_640_5-class_04-01-2026_float16.tflite
887329874354,1,0.767366,0.337878,-0.004087,0.031662,0,GPU,yolo11n_640_5-class_04-01-2026_saved_model/yolo11n_640_5-class_04-01-2026_float16.tflite
887429875187,1,0.751564,0.360243,-0.052990,0.092658,0,GPU,yolo11n_640_5-class_04-01-2026_saved_model/yolo11n_640_5-class_04-01-2026_float16.tflite
887529875968,1,0.746265,0.369509,-0.052990,0.092658,1,GPU,yolo11n_640_5-class_04-01-2026_saved_model/yolo11n_640_5-class_04-01-2026_float16.tflite
887629876750,1,0.740966,0.378775,-0.052990,0.092658,2,GPU,yolo11n_640_5-class_04-01-2026_saved_model/yolo11n_640_5-class_04-01-2026_float16.tflite
887729877583,1,0.735667,0.388041,-0.052990,0.092658,3,GPU,yolo11n_640_5-class_04-01-2026_saved_model/yolo11n_640_5-class_04-01-2026_float16.tflite
887796544770,1,0.732135,0.394218,-0.052990,0.092658,4,GPU,yolo11n_640_5-class_04-01-2026_saved_model/yolo11n_640_5-class_04-01-2026_float16.tflite
887863211958,1,0.728602,0.400396,-0.052990,0.092658,5,GPU,yolo11n_640_5-class_04-01-2026_saved_model/yolo11n_640_5-class_04-01-2026_float16.tflite
887996546385,1,0.721537,0.412750,-0.052990,0.092658,6,GPU,yolo11n_640_5-class_04-01-2026_saved_model/yolo11n_640_5-class_04-01-2026_float16.tflite
888096547166,1,0.716238,0.422016,-0.052990,0.092658,7,GPU,yolo11n_640_5-class_04-01-2026_saved_model/yolo11n_640_5-class_04-01-2026_float16.tflite
888163214354,1,0.712705,0.428193,-0.052990,0.092658,8,GPU,yolo11n_640_5-class_04-01-2026_saved_model/yolo11n_640_5-class_04-01-2026_float16.tflite
888263215187,1,0.707406,0.437459,-0.052990,0.092658,9,GPU,yolo11n_640_5-class_04-01-2026_saved_model/yolo11n_640_5-class_04-01-2026_float16.tflite
888363215968,0,0.000000,0.000000,0.000000,0.000000,0,GPU,yolo11n_640_5-class_04-01-2026_saved_model/yolo11n_640_5-class_04-01-2026_float16.tflite
888463216750,1,0.708008,0.508301,0.000000,0.000000,0,GPU,yolo11n_640_5-class_04-01-2026_saved_model/yolo11n_640_5-class_04-01-2026_float16.tflite
888529883989,1,0.707520,0.501954,-0.000312,-0.004051,0,GPU,yolo11n_640_5-class_04-01-2026_saved_model/yolo11n_640_5-class_04-01-2026_float16.tflite
888629884770,1,0.708007,0.499514,0.004870,-0.024374,0,GPU,yolo11n_640_5-class_04-01-2026_saved_model/yolo11n_640_5-class_04-01-2026_float16.tflite
888729885552,1,0.707675,0.504052,-0.000077,0.017727,0,GPU,yolo11n_640_5-class_04-01-2026_saved_model/yolo11n_640_5-class_04-01-2026_float16.tflite
888829886385,1,0.707206,0.515753,-0.002145,0.062318,0,GPU,yolo11n_640_5-class_04-01-2026_saved_model/yolo11n_640_5-class_04-01-2026_float16.tflite
888929887166,1,0.706992,0.521985,-0.002145,0.062318,1,GPU,yolo11n_640_5-class_04-01-2026_saved_model/yolo11n_640_5-class_04-01-2026_float16.tflite
888996554354,1,0.706849,0.526139,-0.002145,0.062318,2,GPU,yolo11n_640_5-class_04-01-2026_saved_model/yolo11n_640_5-class_04-01-2026_float16.tflite
889096555187,1,0.706634,0.532371,-0.002145,0.062318,3,GPU,yolo11n_640_5-class_04-01-2026_saved_model/yolo11n_640_5-class_04-01-2026_float16.tflite
889229889562,1,0.706348,0.540681,-0.002145,0.062318,4,GPU,yolo11n_640_5-class_04-01-2026_saved_model/yolo11n_640_5-class_04-01-2026_float16.tflite
889296556750,1,0.706205,0.544835,-0.002145,0.062318,5,GPU,yolo11n_640_5-class_04-01-2026_saved_model/yolo11n_640_5-class_04-01-2026_float16.tflite
889396557583,1,0.705991,0.551067,-0.002145,0.062318,6,GPU,yolo11n_640_5-class_04-01-2026_saved_model/yolo11n_640_5-class_04-01-2026_float16.tflite
889496558364,1,0.705776,0.557299,-0.002145,0.062318,7,GPU,yolo11n_640_5-class_04-01-2026_saved_model/yolo11n_640_5-class_04-01-2026_float16.tflite
889563225552,1,0.705633,0.561454,-0.002145,0.062318,8,GPU,yolo11n_640_5-class_04-01-2026_saved_model/yolo11n_640_5-class_04-01-2026_float16.tflite
889696559979,1,0.705347,0.569763,-0.002145,0.062318,9,GPU,yolo11n_640_5-class_04-01-2026_saved_model/yolo11n_640_5-class_04-01-2026_float16.tflite
889763227166,0,0.000000,0.000000,0.000000,0.000000,0,GPU,yolo11n_640_5-class_04-01-2026_saved_model/yolo11n_640_5-class_04-01-2026_float16.tflite
889863227948,0,0.000000,0.000000,0.000000,0.000000,0,GPU,yolo11n_640_5-class_04-01-2026_saved_model/yolo11n_640_5-class_04-01-2026_float16.tflite
889963228781,0,0.000000,0.000000,0.000000,0.000000,0,GPU,yolo11n_640_5-class_04-01-2026_saved_model/yolo11n_640_5-class_04-01-2026_float16.tflite
890063229562,0,0.000000,0.000000,0.000000,0.000000,0,GPU,yolo11n_640_5-class_04-01-2026_saved_model/yolo11n_640_5-class_04-01-2026_float16.tflite
890163230395,0,0.000000,0.000000,0.000000,0.000000,0,GPU,yolo11n_640_5-class_04-01-2026_saved_model/yolo11n_640_5-class_04-01-2026_float16.tflite
890263231177,0,0.000000,0.000000,0.000000,0.000000,0,GPU,yolo11n_640_5-class_04-01-2026_saved_model/yolo11n_640_5-class_04-01-2026_float16.tflite
890363231958,0,0.000000,0.000000,0.000000,0.000000,0,GPU,yolo11n_640_5-class_04-01-2026_saved_model/yolo11n_640_5-class_04-01-2026_float16.tflite
890463232791,1,0.673828,0.581055,0.000000,0.000000,0,GPU,yolo11n_640_5-class_04-01-2026_saved_model/yolo11n_640_5-class_04-01-2026_float16.tflite
890529899979,1,0.665040,0.576172,-0.005610,-0.003116,0,GPU,yolo11n_640_5-class_04-01-2026_saved_model/yolo11n_640_5-class_04-01-2026_float16.tflite
890629900760,1,0.664479,0.575861,-0.005610,-0.003116,1,GPU,yolo11n_640_5-class_04-01-2026_saved_model/yolo11n_640_5-class_04-01-2026_float16.tflite
890729901593,1,0.663918,0.575549,-0.005610,-0.003116,2,GPU,yolo11n_640_5-class_04-01-2026_saved_model/yolo11n_640_5-class_04-01-2026_float16.tflite
890829902375,1,0.627934,0.560060,-0.123671,-0.053700,0,GPU,yolo11n_640_5-class_04-01-2026_saved_model/yolo11n_640_5-class_04-01-2026_float16.tflite
890929903156,1,0.617680,0.558702,-0.116453,-0.040000,0,GPU,yolo11n_640_5-class_04-01-2026_saved_model/yolo11n_640_5-class_04-01-2026_float16.tflite
890996570395,1,0.609917,0.556036,-0.116453,-0.040000,0,GPU,yolo11n_640_5-class_04-01-2026_saved_model/yolo11n_640_5-class_04-01-2026_float16.tflite
891096571177,1,0.604198,0.558207,-0.096429,-0.019149,0,GPU,yolo11n_640_5-class_04-01-2026_saved_model/yolo11n_640_5-class_04-01-2026_float16.tflite
891196571958,1,0.594555,0.556292,-0.096429,-0.019149,0,GPU,yolo11n_640_5-class_04-01-2026_saved_model/yolo11n_640_5-class_04-01-2026_float16.tflite
891296572791,1,0.584912,0.554377,-0.096429,-0.019149,1,GPU,yolo11n_640_5-class_04-01-2026_saved_model/yolo11n_640_5-class_04-01-2026_float16.tflite
891396573573,1,0.575269,0.552462,-0.096429,-0.019149,2,GPU,yolo11n_640_5-class_04-01-2026_saved_model/yolo11n_640_5-class_04-01-2026_float16.tflite
891496574354,1,0.565626,0.550547,-0.096429,-0.019149,3,GPU,yolo11n_640_5-class_04-01-2026_saved_model/yolo11n_640_5-class_04-01-2026_float16.tflite
891596575187,1,0.568475,0.642916,-0.072244,0.163390,0,GPU,yolo11n_640_5-class_04-01-2026_saved_model/yolo11n_640_5-class_04-01-2026_float16.tflite
891696575968,1,0.561251,0.659255,-0.072244,0.163390,0,GPU,yolo11n_640_5-class_04-01-2026_saved_model/yolo11n_640_5-class_04-01-2026_float16.tflite
891796576750,1,0.554026,0.675594,-0.072244,0.163390,1,GPU,yolo11n_640_5-class_04-01-2026_saved_model/yolo11n_640_5-class_04-01-2026_float16.tflite
891863243989,1,0.556920,0.587027,-0.051892,-0.099159,0,GPU,yolo11n_640_5-class_04-01-2026_saved_model/yolo11n_640_5-class_04-01-2026_float16.tflite
891963244770,1,0.551730,0.577111,-0.051892,-0.099159,0,GPU,yolo11n_640_5-class_04-01-2026_saved_model/yolo11n_640_5-class_04-01-2026_float16.tflite
892063245552,1,0.551303,0.558330,-0.037780,-0.125432,0,GPU,yolo11n_640_5-class_04-01-2026_saved_model/yolo11n_640_5-class_04-01-2026_float16.tflite
892163246385,1,0.547525,0.545786,-0.037780,-0.125432,1,GPU,yolo11n_640_5-class_04-01-2026_saved_model/yolo11n_640_5-class_04-01-2026_float16.tflite
892263247166,1,0.538686,0.603583,-0.052655,0.081299,0,GPU,yolo11n_640_5-class_04-01-2026_saved_model/yolo11n_640_5-class_04-01-2026_float16.tflite
892363247948,1,0.533420,0.611713,-0.052655,0.081299,1,GPU,yolo11n_640_5-class_04-01-2026_saved_model/yolo11n_640_5-class_04-01-2026_float16.tflite
892463248781,1,0.521616,0.620791,-0.071694,0.084060,0,GPU,yolo11n_640_5-class_04-01-2026_saved_model/yolo11n_640_5-class_04-01-2026_float16.tflite
892563249562,1,0.514446,0.629197,-0.071694,0.084060,0,GPU,yolo11n_640_5-class_04-01-2026_saved_model/yolo11n_640_5-class_04-01-2026_float16.tflite
892663250343,1,0.509159,0.588183,-0.066220,-0.059670,0,GPU,yolo11n_640_5-class_04-01-2026_saved_model/yolo11n_640_5-class_04-01-2026_float16.tflite
892763251177,1,0.502537,0.582215,-0.066220,-0.059670,0,GPU,yolo11n_640_5-class_04-01-2026_saved_model/yolo11n_640_5-class_04-01-2026_float16.tflite
892863251958,1,0.495915,0.576248,-0.066220,-0.059670,1,GPU,yolo11n_640_5-class_04-01-2026_saved_model/yolo11n_640_5-class_04-01-2026_float16.tflite
892929919145,1,0.491501,0.572270,-0.066220,-0.059670,2,GPU,yolo11n_640_5-class_04-01-2026_saved_model/yolo11n_640_5-class_04-01-2026_float16.tflite
893029919979,1,0.484879,0.566303,-0.066220,-0.059670,3,GPU,yolo11n_640_5-class_04-01-2026_saved_model/yolo11n_640_5-class_04-01-2026_float16.tflite
893129920760,1,0.478257,0.560336,-0.066220,-0.059670,4,GPU,yolo11n_640_5-class_04-01-2026_saved_model/yolo11n_640_5-class_04-01-2026_float16.tflite
893229921541,1,0.471634,0.554369,-0.066220,-0.059670,5,GPU,yolo11n_640_5-class_04-01-2026_saved_model/yolo11n_640_5-class_04-01-2026_float16.tflite
893296588781,1,0.467220,0.550391,-0.066220,-0.059670,6,GPU,yolo11n_640_5-class_04-01-2026_saved_model/yolo11n_640_5-class_04-01-2026_float16.tflite
893396589562,1,0.460598,0.544424,-0.066220,-0.059670,7,GPU,yolo11n_640_5-class_04-01-2026_saved_model/yolo11n_640_5-class_04-01-2026_float16.tflite
893496590343,1,0.453976,0.538457,-0.066220,-0.059670,8,GPU,yolo11n_640_5-class_04-01-2026_saved_model/yolo11n_640_5-class_04-01-2026_float16.tflite
893596591177,1,0.447354,0.532490,-0.066220,-0.059670,9,GPU,yolo11n_640_5-class_04-01-2026_saved_model/yolo11n_640_5-class_04-01-2026_float16.tflite
893696591958,1,0.484254,0.632308,-0.014948,0.064950,0,GPU,yolo11n_640_5-class_04-01-2026_saved_model/yolo11n_640_5-class_04-01-2026_float16.tflite
893796592791,1,0.482759,0.638803,-0.014948,0.064950,0,GPU,yolo11n_640_5-class_04-01-2026_saved_model/yolo11n_640_5-class_04-01-2026_float16.tflite
893896593573,1,0.485167,0.599921,-0.003081,-0.073020,0,GPU,yolo11n_640_5-class_04-01-2026_saved_model/yolo11n_640_5-class_04-01-2026_float16.tflite
893996594354,1,0.484859,0.592619,-0.003081,-0.073020,0,GPU,yolo11n_640_5-class_04-01-2026_saved_model/yolo11n_640_5-class_04-01-2026_float16.tflite
894063261541,1,0.485881,0.592864,0.000961,-0.056184,0,GPU,yolo11n_640_5-class_04-01-2026_saved_model/yolo11n_640_5-class_04-01-2026_float16.tflite
894163262375,1,0.485977,0.587246,0.000961,-0.056184,0,GPU,yolo11n_640_5-class_04-01-2026_saved_model/yolo11n_640_5-class_04-01-2026_float16.tflite
894263263156,1,0.482318,0.628612,-0.010478,0.086920,0,GPU,yolo11n_640_5-class_04-01-2026_saved_model/yolo11n_640_5-class_04-01-2026_float16.tflite
894363263989,1,0.481270,0.637304,-0.010478,0.086920,0,GPU,yolo11n_640_5-class_04-01-2026_saved_model/yolo11n_640_5-class_04-01-2026_float16.tflite
894463264770,1,0.478177,0.598356,-0.016431,-0.051753,0,GPU,yolo11n_640_5-class_04-01-2026_saved_model/yolo11n_640_5-class_04-01-2026_float16.tflite
894563265552,1,0.476534,0.593181,-0.016431,-0.051753,0,GPU,yolo11n_640_5-class_04-01-2026_saved_model/yolo11n_640_5-class_04-01-2026_float16.tflite
894663266385,1,0.483730,0.579051,0.009220,-0.077737,0,GPU,yolo11n_640_5-class_04-01-2026_saved_model/yolo11n_640_5-class_04-01-2026_float16.tflite
894763267166,1,0.484652,0.571277,0.009220,-0.077737,0,GPU,yolo11n_640_5-class_04-01-2026_saved_model/yolo11n_640_5-class_04-01-2026_float16.tflite
894863267948,1,0.500168,0.553888,0.051661,-0.105701,0,GPU,yolo11n_640_5-class_04-01-2026_saved_model/yolo11n_640_5-class_04-01-2026_float16.tflite
894963268781,1,0.505334,0.543318,0.051661,-0.105701,1,GPU,yolo11n_640_5-class_04-01-2026_saved_model/yolo11n_640_5-class_04-01-2026_float16.tflite
895063269562,1,0.496289,0.500612,0.010310,-0.199204,0,GPU,yolo11n_640_5-class_04-01-2026_saved_model/yolo11n_640_5-class_04-01-2026_float16.tflite
895163270343,1,0.497320,0.480692,0.010310,-0.199204,1,GPU,yolo11n_640_5-class_04-01-2026_saved_model/yolo11n_640_5-class_04-01-2026_float16.tflite
895263271177,1,0.498351,0.460771,0.010310,-0.199204,2,GPU,yolo11n_640_5-class_04-01-2026_saved_model/yolo11n_640_5-class_04-01-2026_float16.tflite
895363271958,1,0.499382,0.440850,0.010310,-0.199204,3,GPU,yolo11n_640_5-class_04-01-2026_saved_model/yolo11n_640_5-class_04-01-2026_float16.tflite
895463272791,1,0.527274,0.350404,0.069655,-0.355019,0,GPU,yolo11n_640_5-class_04-01-2026_saved_model/yolo11n_640_5-class_04-01-2026_float16.tflite
895563273573,1,0.534240,0.314902,0.069655,-0.355019,1,GPU,yolo11n_640_5-class_04-01-2026_saved_model/yolo11n_640_5-class_04-01-2026_float16.tflite
895629940760,1,0.562554,0.277022,0.139296,-0.396831,0,GPU,yolo11n_640_5-class_04-01-2026_saved_model/yolo11n_640_5-class_04-01-2026_float16.tflite
895729941593,1,0.576483,0.237339,0.139296,-0.396831,0,GPU,yolo11n_640_5-class_04-01-2026_saved_model/yolo11n_640_5-class_04-01-2026_float16.tflite
895829942375,1,0.610803,0.218554,0.201591,-0.332983,0,GPU,yolo11n_640_5-class_04-01-2026_saved_model/yolo11n_640_5-class_04-01-2026_float16.tflite
895929943156,1,0.630962,0.185255,0.201591,-0.332983,0,GPU,yolo11n_640_5-class_04-01-2026_saved_model/yolo11n_640_5-class_04-01-2026_float16.tflite
896029943989,1,0.661356,0.199512,0.231586,-0.193614,0,GPU,yolo11n_640_5-class_04-01-2026_saved_model/yolo11n_640_5-class_04-01-2026_float16.tflite
896096611177,1,0.676795,0.186604,0.231586,-0.193614,1,GPU,yolo11n_640_5-class_04-01-2026_saved_model/yolo11n_640_5-class_04-01-2026_float16.tflite
896196611958,1,0.702234,0.217625,0.238793,-0.034371,0,GPU,yolo11n_640_5-class_04-01-2026_saved_model/yolo11n_640_5-class_04-01-2026_float16.tflite
896329946385,1,0.734074,0.213042,0.238793,-0.034371,0,GPU,yolo11n_640_5-class_04-01-2026_saved_model/yolo11n_640_5-class_04-01-2026_float16.tflite
896429947166,1,0.757068,0.291160,0.236381,0.187787,0,GPU,yolo11n_640_5-class_04-01-2026_saved_model/yolo11n_640_5-class_04-01-2026_float16.tflite
896529947948,1,0.780706,0.309939,0.236381,0.187787,1,GPU,yolo11n_640_5-class_04-01-2026_saved_model/yolo11n_640_5-class_04-01-2026_float16.tflite
896596615187,1,0.773105,0.336582,0.165813,0.230454,0,GPU,yolo11n_640_5-class_04-01-2026_saved_model/yolo11n_640_5-class_04-01-2026_float16.tflite
896696615968,1,0.789687,0.359627,0.165813,0.230454,0,GPU,yolo11n_640_5-class_04-01-2026_saved_model/yolo11n_640_5-class_04-01-2026_float16.tflite
896796616750,1,0.759896,0.326682,0.025715,0.061297,0,GPU,yolo11n_640_5-class_04-01-2026_saved_model/yolo11n_640_5-class_04-01-2026_float16.tflite
896896617583,1,0.762467,0.332812,0.025715,0.061297,0,GPU,yolo11n_640_5-class_04-01-2026_saved_model/yolo11n_640_5-class_04-01-2026_float16.tflite
896996618364,1,0.735062,0.323303,-0.061831,0.015625,0,GPU,yolo11n_640_5-class_04-01-2026_saved_model/yolo11n_640_5-class_04-01-2026_float16.tflite
897096619145,1,0.728879,0.324866,-0.061831,0.015625,0,GPU,yolo11n_640_5-class_04-01-2026_saved_model/yolo11n_640_5-class_04-01-2026_float16.tflite
897196619979,1,0.710105,0.360592,-0.098404,0.114860,0,GPU,yolo11n_640_5-class_04-01-2026_saved_model/yolo11n_640_5-class_04-01-2026_float16.tflite
897296620760,1,0.700265,0.372078,-0.098404,0.114860,0,GPU,yolo11n_640_5-class_04-01-2026_saved_model/yolo11n_640_5-class_04-01-2026_float16.tflite
897396621593,1,0.690424,0.383564,-0.098404,0.114860,1,GPU,yolo11n_640_5-class_04-01-2026_saved_model/yolo11n_640_5-class_04-01-2026_float16.tflite
897496622375,1,0.680584,0.395050,-0.098404,0.114860,2,GPU,yolo11n_640_5-class_04-01-2026_saved_model/yolo11n_640_5-class_04-01-2026_float16.tflite
897596623156,1,0.670883,0.612266,-0.098096,0.569342,0,GPU,yolo11n_640_5-class_04-01-2026_saved_model/yolo11n_640_5-class_04-01-2026_float16.tflite
897696623989,1,0.661073,0.669201,-0.098096,0.569342,0,GPU,yolo11n_640_5-class_04-01-2026_saved_model/yolo11n_640_5-class_04-01-2026_float16.tflite
