timestamp,analysis_fps,avg_analyze_ms,p95_analyze_ms,last_inference_ms,dropped_frames,queue_depth,delegate_mode,ram_mb,thermal_status,model_used,gpu_status,tracking_active,track_cx,track_cy,track_vx,track_vy,miss_streak
2026-04-06 21:52:39,0,0.000,0.000,0.000,0,0,CPU,0.000,UNKNOWN,yolov8n_saved_model/yolov8n_float16.tflite,GPU_SUPPORTED,0,,,,,0
2026-04-06 21:52:40,0,0.000,0.000,0.000,0,0,CPU,11.136,NONE,yolov8n_saved_model/yolov8n_float16.tflite,GPU_SUPPORTED,0,,,,,0
2026-04-06 21:52:41,0,0.000,0.000,0.000,0,0,CPU,11.386,NONE,yolov8n_saved_model/yolov8n_float16.tflite,GPU_SUPPORTED,0,,,,,0
2026-04-06 21:52:42,0,0.000,0.000,0.000,0,0,CPU,11.605,NONE,yolov8n_saved_model/yolov8n_float16.tflite,GPU_SUPPORTED,0,,,,,0
2026-04-06 21:52:43,0,0.000,0.000,0.000,0,0,CPU,11.793,NONE,yolov8n_saved_model/yolov8n_float16.tflite,GPU_SUPPORTED,0,,,,,0
2026-04-06 21:52:44,0,0.000,0.000,0.000,0,0,CPU,12.044,NONE,yolov8n_saved_model/yolov8n_float16.tflite,GPU_SUPPORTED,0,,,,,0
2026-04-06 21:52:45,0,0.000,0.000,0.000,0,0,CPU,12.264,NONE,yolov8n_saved_model/yolov8n_float16.tflite,GPU_SUPPORTED,0,,,,,0
2026-04-06 21:52:46,0,0.000,0.000,0.000,0,0,CPU,12.484,NONE,yolov8n_saved_model/yolov8n_float16.tflite,GPU_SUPPORTED,0,,,,,0
2026-04-06 21:52:47,0,0.000,0.000,0.000,0,0,CPU,12.703,NONE,yolov8n_saved_model/yolov8n_float16.tflite,GPU_SUPPORTED,0,,,,,0
2026-04-06 21:52:48,0,0.000,0.000,0.000,0,0,CPU,6.012,NONE,yolov8n_saved_model/yolov8n_float16.tflite,GPU_SUPPORTED,0,,,,,0
2026-04-06 21:52:49,0,0.000,0.000,0.000,0,0,CPU,6.263,NONE,yolov8n_saved_model/yolov8n_float16.tflite,GPU_SUPPORTED,0,,,,,0
2026-04-06 21:52:50,0,0.000,0.000,0.000,0,0,CPU,6.483,NONE,yolov8n_saved_model/yolov8n_float16.tflite,GPU_SUPPORTED,0,,,,,0
2026-04-06 21:52:51,0,0.000,0.000,0.000,0,0,CPU,6.671,NONE,yolov8n_saved_model/yolov8n_float16.tflite,GPU_SUPPORTED,0,,,,,0
2026-04-06 21:52:52,0,0.000,0.000,0.000,0,0,CPU,6.891,NONE,yolov8n_saved_model/yolov8n_float16.tflite,GPU_SUPPORTED,0,,,,,0
2026-04-06 21:52:53,0,0.000,0.000,0.000,0,0,CPU,7.111,NONE,yolov8n_saved_model/yolov8n_float16.tflite,GPU_SUPPORTED,0,,,,,0
2026-04-06 21:52:54,0,0.000,0.000,0.000,0,0,CPU,7.330,NONE,yolov8n_saved_model/yolov8n_float16.tflite,GPU_SUPPORTED,0,,,,,0
2026-04-06 21:52:55,0,0.000,0.000,0.000,0,0,CPU,7.519,NONE,yolov8n_saved_model/yolov8n_float16.tflite,GPU_SUPPORTED,0,,,,,0
2026-04-06 21:52:56,0,0.000,0.000,0.000,0,0,CPU,7.738,NONE,yolov8n_saved_model/yolov8n_float16.tflite,GPU_SUPPORTED,0,,,,,0
2026-04-06 21:52:57,0,0.000,0.000,0.000,0,0,CPU,7.927,NONE,yolov8n_saved_model/yolov8n_float16.tflite,GPU_SUPPORTED,0,,,,,0
2026-04-06 21:52:58,0,0.000,0.000,0.000,0,0,CPU,8.303,NONE,yolov8n_saved_model/yolov8n_float16.tflite,GPU_SUPPORTED,0,,,,,0
2026-04-06 21:52:59,0,0.000,0.000,0.000,0,0,CPU,8.460,NONE,yolov8n_saved_model/yolov8n_float16.tflite,GPU_SUPPORTED,0,,,,,0
2026-04-06 21:53:00,0,0.000,0.000,0.000,0,0,CPU,6.263,NONE,yolov8n_saved_model/yolov8n_float16.tflite,GPU_SUPPORTED,0,,,,,0
2026-04-06 21:53:01,0,0.000,0.000,0.000,0,0,CPU,6.639,NONE,yolov8n_saved_model/yolov8n_float16.tflite,GPU_SUPPORTED,0,,,,,0
2026-04-06 21:53:02,0,0.000,0.000,0.000,0,0,CPU,7.108,NONE,yolov8n_saved_model/yolov8n_float16.tflite,GPU_SUPPORTED,0,,,,,0
2026-04-06 21:53:03,0,0.000,0.000,0.000,0,0,CPU,7.422,NONE,yolov8n_saved_model/yolov8n_float16.tflite,GPU_SUPPORTED,0,,,,,0
2026-04-06 21:53:04,0,0.000,0.000,0.000,0,0,CPU,7.735,NONE,yolo11n_640_5-class_04-01-2026_saved_model/yolo11n_640_5-class_04-01-2026_float16.tflite,GPU_SUPPORTED,0,,,,,0
2026-04-06 21:53:05,0,0.000,0.000,0.000,0,0,CPU,5.981,NONE,yolo11n_640_5-class_04-01-2026_saved_model/yolo11n_640_5-class_04-01-2026_float16.tflite,GPU_SUPPORTED,0,,,,,0
2026-04-06 21:53:06,0,0.000,0.000,0.000,0,1,CPU,6.544,NONE,yolo11n_640_5-class_04-01-2026_saved_model/yolo11n_640_5-class_04-01-2026_float16.tflite,GPU_SUPPORTED,0,,,,,0
2026-04-06 21:53:07,10,61.814,63.540,21.718,0,0,GPU,17.738,NONE,yolo11n_640_5-class_04-01-2026_saved_model/yolo11n_640_5-class_04-01-2026_float16.tflite,GPU_SUPPORTED,0,,,,,0
2026-04-06 21:53:08,19,51.747,57.823,21.585,0,0,GPU,30.180,NONE,yolo11n_640_5-class_04-01-2026_saved_model/yolo11n_640_5-class_04-01-2026_float16.tflite,GPU_SUPPORTED,1,0.340,0.412,0.000,0.011,1
2026-04-06 21:53:09,18,52.787,62.417,25.683,0,0,GPU,17.871,NONE,yolo11n_640_5-class_04-01-2026_saved_model/yolo11n_640_5-class_04-01-2026_float16.tflite,GPU_SUPPORTED,0,,,,,0
2026-04-06 21:53:10,20,50.133,56.028,22.016,0,0,GPU,18.324,NONE,yolo11n_640_5-class_04-01-2026_saved_model/yolo11n_640_5-class_04-01-2026_float16.tflite,GPU_SUPPORTED,0,,,,,0
2026-04-06 21:53:11,18,52.092,56.806,23.223,0,1,GPU,30.113,NONE,yolo11n_640_5-class_04-01-2026_saved_model/yolo11n_640_5-class_04-01-2026_float16.tflite,GPU_SUPPORTED,0,,,,,0
2026-04-06 21:53:12,18,53.931,67.215,22.123,0,0,GPU,30.145,NONE,yolo11n_640_5-class_04-01-2026_saved_model/yolo11n_640_5-class_04-01-2026_float16.tflite,GPU_SUPPORTED,0,,,,,0
2026-04-06 21:53:13,19,52.640,60.255,20.231,0,0,GPU,31.328,NONE,yolo11n_640_5-class_04-01-2026_saved_model/yolo11n_640_5-class_04-01-2026_float16.tflite,GPU_SUPPORTED,1,0.501,0.500,0.000,-0.003,0
2026-04-06 21:53:14,18,53.169,65.040,22.964,0,0,GPU,25.270,NONE,yolo11n_640_5-class_04-01-2026_saved_model/yolo11n_640_5-class_04-01-2026_float16.tflite,GPU_SUPPORTED,1,0.500,0.500,-0.000,-0.000,0
2026-04-06 21:53:15,18,52.597,63.884,21.978,0,0,GPU,31.324,NONE,yolo11n_640_5-class_04-01-2026_saved_model/yolo11n_640_5-class_04-01-2026_float16.tflite,GPU_SUPPORTED,0,,,,,0
2026-04-06 21:53:16,19,52.617,63.573,23.753,0,0,GPU,13.242,NONE,yolo11n_640_5-class_04-01-2026_saved_model/yolo11n_640_5-class_04-01-2026_float16.tflite,GPU_SUPPORTED,0,,,,,0
2026-04-06 21:53:17,19,50.824,57.843,21.460,0,0,GPU,31.293,NONE,yolo11n_640_5-class_04-01-2026_saved_model/yolo11n_640_5-class_04-01-2026_float16.tflite,GPU_SUPPORTED,0,,,,,0
2026-04-06 21:53:18,19,51.912,62.259,24.528,0,0,GPU,26.641,NONE,yolo11n_640_5-class_04-01-2026_saved_model/yolo11n_640_5-class_04-01-2026_float16.tflite,GPU_SUPPORTED,0,,,,,0
2026-04-06 21:53:19,20,49.779,58.725,22.966,0,0,GPU,43.543,NONE,yolo11n_640_5-class_04-01-2026_saved_model/yolo11n_640_5-class_04-01-2026_float16.tflite,GPU_SUPPORTED,0,,,,,0
2026-04-06 21:53:20,19,51.438,58.058,21.887,0,1,GPU,44.692,NONE,yolo11n_640_5-class_04-01-2026_saved_model/yolo11n_640_5-class_04-01-2026_float16.tflite,GPU_SUPPORTED,0,,,,,0
2026-04-06 21:53:21,18,53.031,59.389,21.549,0,0,GPU,18.102,NONE,yolo11n_640_5-class_04-01-2026_saved_model/yolo11n_640_5-class_04-01-2026_float16.tflite,GPU_SUPPORTED,0,,,,,0
2026-04-06 21:53:22,19,52.660,61.481,21.432,0,0,GPU,18.074,NONE,yolo11n_640_5-class_04-01-2026_saved_model/yolo11n_640_5-class_04-01-2026_float16.tflite,GPU_SUPPORTED,0,,,,,0
2026-04-06 21:53:23,19,53.004,61.615,21.921,0,0,GPU,26.605,NONE,yolo11n_640_5-class_04-01-2026_saved_model/yolo11n_640_5-class_04-01-2026_float16.tflite,GPU_SUPPORTED,0,,,,,0
2026-04-06 21:53:24,19,51.831,57.982,21.006,0,0,GPU,25.270,NONE,yolo11n_640_5-class_04-01-2026_saved_model/yolo11n_640_5-class_04-01-2026_float16.tflite,GPU_SUPPORTED,0,,,,,0
2026-04-06 21:53:25,19,50.560,58.938,21.112,0,0,GPU,31.293,NONE,yolo11n_640_5-class_04-01-2026_saved_model/yolo11n_640_5-class_04-01-2026_float16.tflite,GPU_SUPPORTED,0,,,,,0
2026-04-06 21:53:26,19,50.783,58.593,21.699,0,1,GPU,44.687,NONE,yolo11n_640_5-class_04-01-2026_saved_model/yolo11n_640_5-class_04-01-2026_float16.tflite,GPU_SUPPORTED,0,,,,,0
2026-04-06 21:53:27,19,52.040,63.058,22.048,0,0,GPU,20.707,NONE,yolo11n_640_5-class_04-01-2026_saved_model/yolo11n_640_5-class_04-01-2026_float16.tflite,GPU_SUPPORTED,0,,,,,0
2026-04-06 21:53:28,18,51.409,60.884,21.761,0,0,GPU,13.473,NONE,yolo11n_640_5-class_04-01-2026_saved_model/yolo11n_640_5-class_04-01-2026_float16.tflite,GPU_SUPPORTED,0,,,,,0
2026-04-06 21:53:29,20,49.112,58.396,21.706,0,0,GPU,13.055,NONE,yolo11n_640_5-class_04-01-2026_saved_model/yolo11n_640_5-class_04-01-2026_float16.tflite,GPU_SUPPORTED,0,,,,,0
2026-04-06 21:53:30,19,51.524,59.268,24.475,0,0,GPU,17.781,NONE,yolo11n_640_5-class_04-01-2026_saved_model/yolo11n_640_5-class_04-01-2026_float16.tflite,GPU_SUPPORTED,0,,,,,0
2026-04-06 21:53:31,19,51.791,60.380,21.372,0,0,GPU,39.996,NONE,yolo11n_640_5-class_04-01-2026_saved_model/yolo11n_640_5-class_04-01-2026_float16.tflite,GPU_SUPPORTED,0,,,,,0
2026-04-06 21:53:32,18,53.849,61.830,21.276,0,0,GPU,31.262,NONE,yolo11n_640_5-class_04-01-2026_saved_model/yolo11n_640_5-class_04-01-2026_float16.tflite,GPU_SUPPORTED,0,,,,,0
2026-04-06 21:53:33,20,48.281,58.930,22.164,0,0,GPU,34.098,NONE,yolo11n_640_5-class_04-01-2026_saved_model/yolo11n_640_5-class_04-01-2026_float16.tflite,GPU_SUPPORTED,0,,,,,0
2026-04-06 21:53:34,18,54.414,64.405,21.644,0,0,GPU,26.961,NONE,yolo11n_640_5-class_04-01-2026_saved_model/yolo11n_640_5-class_04-01-2026_float16.tflite,GPU_SUPPORTED,0,,,,,0
2026-04-06 21:53:35,19,51.125,62.466,21.423,0,0,GPU,39.965,NONE,yolo11n_640_5-class_04-01-2026_saved_model/yolo11n_640_5-class_04-01-2026_float16.tflite,GPU_SUPPORTED,0,,,,,0
2026-04-06 21:53:36,18,52.610,63.279,22.472,0,0,GPU,31.684,NONE,yolo11n_640_5-class_04-01-2026_saved_model/yolo11n_640_5-class_04-01-2026_float16.tflite,GPU_SUPPORTED,0,,,,,0
2026-04-06 21:53:37,20,50.500,57.435,21.177,0,0,GPU,17.867,NONE,yolo11n_640_5-class_04-01-2026_saved_model/yolo11n_640_5-class_04-01-2026_float16.tflite,GPU_SUPPORTED,0,,,,,0
2026-04-06 21:53:38,19,50.245,57.083,24.967,0,0,GPU,30.086,NONE,yolo11n_640_5-class_04-01-2026_saved_model/yolo11n_640_5-class_04-01-2026_float16.tflite,GPU_SUPPORTED,0,,,,,0
2026-04-06 21:53:39,18,52.652,67.017,21.310,0,0,GPU,31.715,NONE,yolo11n_640_5-class_04-01-2026_saved_model/yolo11n_640_5-class_04-01-2026_float16.tflite,GPU_SUPPORTED,0,,,,,0
2026-04-06 21:53:40,19,51.079,63.839,20.725,0,0,GPU,31.324,NONE,yolo11n_640_5-class_04-01-2026_saved_model/yolo11n_640_5-class_04-01-2026_float16.tflite,GPU_SUPPORTED,0,,,,,0
2026-04-06 21:53:41,19,51.993,61.922,20.877,0,0,GPU,40.356,NONE,yolo11n_640_5-class_04-01-2026_saved_model/yolo11n_640_5-class_04-01-2026_float16.tflite,GPU_SUPPORTED,0,,,,,0
2026-04-06 21:53:42,19,49.582,61.713,20.672,0,0,GPU,12.992,NONE,yolo11n_640_5-class_04-01-2026_saved_model/yolo11n_640_5-class_04-01-2026_float16.tflite,GPU_SUPPORTED,0,,,,,0
2026-04-06 21:53:43,19,52.842,62.627,20.639,0,0,GPU,30.086,NONE,yolo11n_640_5-class_04-01-2026_saved_model/yolo11n_640_5-class_04-01-2026_float16.tflite,GPU_SUPPORTED,0,,,,,0
2026-04-06 21:53:44,19,50.619,64.565,20.936,0,0,GPU,12.992,NONE,yolo11n_640_5-class_04-01-2026_saved_model/yolo11n_640_5-class_04-01-2026_float16.tflite,GPU_SUPPORTED,0,,,,,0
2026-04-06 21:53:45,19,52.846,61.972,21.839,0,1,GPU,14.746,NONE,yolo11n_640_5-class_04-01-2026_saved_model/yolo11n_640_5-class_04-01-2026_float16.tflite,GPU_SUPPORTED,0,,,,,0
2026-04-06 21:53:46,18,50.980,59.479,22.099,0,0,GPU,18.102,NONE,yolo11n_640_5-class_04-01-2026_saved_model/yolo11n_640_5-class_04-01-2026_float16.tflite,GPU_SUPPORTED,0,,,,,0
2026-04-06 21:53:47,19,53.224,65.450,21.275,0,0,GPU,21.852,NONE,yolo11n_640_5-class_04-01-2026_saved_model/yolo11n_640_5-class_04-01-2026_float16.tflite,GPU_SUPPORTED,0,,,,,0
2026-04-06 21:53:48,18,53.753,62.675,21.088,0,0,GPU,19.469,NONE,yolo11n_640_5-class_04-01-2026_saved_model/yolo11n_640_5-class_04-01-2026_float16.tflite,GPU_SUPPORTED,0,,,,,0
2026-04-06 21:53:49,19,51.253,62.974,21.796,0,0,GPU,31.324,NONE,yolo11n_640_5-class_04-01-2026_saved_model/yolo11n_640_5-class_04-01-2026_float16.tflite,GPU_SUPPORTED,0,,,,,0
2026-04-06 21:53:50,18,51.723,60.992,20.466,0,0,GPU,17.648,NONE,yolo11n_640_5-class_04-01-2026_saved_model/yolo11n_640_5-class_04-01-2026_float16.tflite,GPU_SUPPORTED,0,,,,,0
2026-04-06 21:53:51,19,50.447,58.525,20.330,0,0,GPU,17.711,NONE,yolo11n_640_5-class_04-01-2026_saved_model/yolo11n_640_5-class_04-01-2026_float16.tflite,GPU_SUPPORTED,0,,,,,0
2026-04-06 21:53:52,20,48.395,52.488,20.321,0,0,GPU,31.297,NONE,yolo11n_640_5-class_04-01-2026_saved_model/yolo11n_640_5-class_04-01-2026_float16.tflite,GPU_SUPPORTED,0,,,,,0
2026-04-06 21:53:53,19,50.143,54.085,22.135,0,0,GPU,17.648,NONE,yolo11n_640_5-class_04-01-2026_saved_model/yolo11n_640_5-class_04-01-2026_float16.tflite,GPU_SUPPORTED,0,,,,,0
2026-04-06 21:53:54,19,51.442,62.705,21.693,0,0,GPU,17.711,NONE,yolo11n_640_5-class_04-01-2026_saved_model/yolo11n_640_5-class_04-01-2026_float16.tflite,GPU_SUPPORTED,0,,,,,0
2026-04-06 21:53:55,18,53.483,60.508,21.522,0,0,GPU,30.117,NONE,yolo11n_640_5-class_04-01-2026_saved_model/yolo11n_640_5-class_04-01-2026_float16.tflite,GPU_SUPPORTED,0,,,,,0
2026-04-06 21:53:56,20,48.943,63.993,21.327,0,0,GPU,30.148,NONE,yolo11n_640_5-class_04-01-2026_saved_model/yolo11n_640_5-class_04-01-2026_float16.tflite,GPU_SUPPORTED,0,,,,,0
2026-04-06 21:53:57,19,51.324,60.123,21.543,0,0,GPU,31.293,NONE,yolo11n_640_5-class_04-01-2026_saved_model/yolo11n_640_5-class_04-01-2026_float16.tflite,GPU_SUPPORTED,0,,,,,0
2026-04-06 21:53:58,19,52.174,57.918,20.854,0,0,GPU,31.715,NONE,yolo11n_640_5-class_04-01-2026_saved_model/yolo11n_640_5-class_04-01-2026_float16.tflite,GPU_SUPPORTED,0,,,,,0
2026-04-06 21:53:59,18,53.271,62.582,21.267,0,0,GPU,26.633,NONE,yolo11n_640_5-class_04-01-2026_saved_model/yolo11n_640_5-class_04-01-2026_float16.tflite,GPU_SUPPORTED,0,,,,,0
2026-04-06 21:54:00,19,52.346,59.321,21.400,0,0,GPU,33.324,NONE,yolo11n_640_5-class_04-01-2026_saved_model/yolo11n_640_5-class_04-01-2026_float16.tflite,GPU_SUPPORTED,0,,,,,0
2026-04-06 21:54:01,19,51.846,60.707,20.961,0,0,GPU,32.891,NONE,yolo11n_640_5-class_04-01-2026_saved_model/yolo11n_640_5-class_04-01-2026_float16.tflite,GPU_SUPPORTED,0,,,,,0
2026-04-06 21:54:02,19,51.048,63.765,21.766,0,0,GPU,31.234,NONE,yolo11n_640_5-class_04-01-2026_saved_model/yolo11n_640_5-class_04-01-2026_float16.tflite,GPU_SUPPORTED,0,,,,,0
2026-04-06 21:54:03,19,51.362,62.631,21.072,0,0,GPU,20.703,NONE,yolo11n_640_5-class_04-01-2026_saved_model/yolo11n_640_5-class_04-01-2026_float16.tflite,GPU_SUPPORTED,0,,,,,0
2026-04-06 21:54:04,19,50.719,59.214,21.367,0,0,GPU,26.605,NONE,yolo11n_640_5-class_04-01-2026_saved_model/yolo11n_640_5-class_04-01-2026_float16.tflite,GPU_SUPPORTED,0,,,,,0
2026-04-06 21:54:05,19,50.613,58.588,21.344,0,0,GPU,40.356,NONE,yolo11n_640_5-class_04-01-2026_saved_model/yolo11n_640_5-class_04-01-2026_float16.tflite,GPU_SUPPORTED,0,,,,,0
2026-04-06 21:54:06,19,51.577,61.397,20.809,0,0,GPU,20.703,NONE,yolo11n_640_5-class_04-01-2026_saved_model/yolo11n_640_5-class_04-01-2026_float16.tflite,GPU_SUPPORTED,0,,,,,0
2026-04-06 21:54:07,19,51.551,61.129,21.864,0,0,GPU,16.629,NONE,yolo11n_640_5-class_04-01-2026_saved_model/yolo11n_640_5-class_04-01-2026_float16.tflite,GPU_SUPPORTED,0,,,,,0
2026-04-06 21:54:08,19,50.267,59.061,20.566,0,0,GPU,38.789,NONE,yolo11n_640_5-class_04-01-2026_saved_model/yolo11n_640_5-class_04-01-2026_float16.tflite,GPU_SUPPORTED,0,,,,,0
2026-04-06 21:54:09,18,51.958,60.880,20.812,0,0,GPU,17.742,NONE,yolo11n_640_5-class_04-01-2026_saved_model/yolo11n_640_5-class_04-01-2026_float16.tflite,GPU_SUPPORTED,0,,,,,0
2026-04-06 21:54:10,20,49.680,57.725,20.527,0,0,GPU,43.605,NONE,yolo11n_640_5-class_04-01-2026_saved_model/yolo11n_640_5-class_04-01-2026_float16.tflite,GPU_SUPPORTED,0,,,,,0
2026-04-06 21:54:11,19,50.747,61.966,21.091,0,0,GPU,18.109,NONE,yolo11n_640_5-class_04-01-2026_saved_model/yolo11n_640_5-class_04-01-2026_float16.tflite,GPU_SUPPORTED,0,,,,,0
2026-04-06 21:54:12,19,50.959,61.935,22.223,0,0,GPU,31.723,NONE,yolo11n_640_5-class_04-01-2026_saved_model/yolo11n_640_5-class_04-01-2026_float16.tflite,GPU_SUPPORTED,0,,,,,0
2026-04-06 21:54:13,19,50.840,59.781,21.938,0,0,GPU,17.719,NONE,yolo11n_640_5-class_04-01-2026_saved_model/yolo11n_640_5-class_04-01-2026_float16.tflite,GPU_SUPPORTED,0,,,,,0
2026-04-06 21:54:14,19,52.182,62.682,20.387,0,0,GPU,26.969,NONE,yolo11n_640_5-class_04-01-2026_saved_model/yolo11n_640_5-class_04-01-2026_float16.tflite,GPU_SUPPORTED,0,,,,,0
2026-04-06 21:54:15,19,52.340,64.292,21.049,0,0,GPU,31.332,NONE,yolo11n_640_5-class_04-01-2026_saved_model/yolo11n_640_5-class_04-01-2026_float16.tflite,GPU_SUPPORTED,0,,,,,0
2026-04-06 21:54:16,18,52.169,63.198,20.194,0,0,GPU,39.973,NONE,yolo11n_640_5-class_04-01-2026_saved_model/yolo11n_640_5-class_04-01-2026_float16.tflite,GPU_SUPPORTED,0,,,,,0
2026-04-06 21:54:17,19,50.557,61.420,22.157,0,0,GPU,39.969,NONE,yolo11n_640_5-class_04-01-2026_saved_model/yolo11n_640_5-class_04-01-2026_float16.tflite,GPU_SUPPORTED,0,,,,,0
2026-04-06 21:54:18,19,50.868,63.487,21.028,0,0,GPU,44.758,NONE,yolo11n_640_5-class_04-01-2026_saved_model/yolo11n_640_5-class_04-01-2026_float16.tflite,GPU_SUPPORTED,0,,,,,0
2026-04-06 21:54:19,18,54.250,65.038,21.266,0,0,GPU,31.363,NONE,yolo11n_640_5-class_04-01-2026_saved_model/yolo11n_640_5-class_04-01-2026_float16.tflite,GPU_SUPPORTED,0,,,,,0
2026-04-06 21:54:20,19,50.740,60.241,21.917,0,1,GPU,17.625,NONE,yolo11n_640_5-class_04-01-2026_saved_model/yolo11n_640_5-class_04-01-2026_float16.tflite,GPU_SUPPORTED,0,,,,,0
2026-04-06 21:54:21,19,51.783,61.031,20.758,0,0,GPU,30.121,NONE,yolo11n_640_5-class_04-01-2026_saved_model/yolo11n_640_5-class_04-01-2026_float16.tflite,GPU_SUPPORTED,0,,,,,0
2026-04-06 21:54:22,19,50.786,59.092,21.026,0,0,GPU,31.270,NONE,yolo11n_640_5-class_04-01-2026_saved_model/yolo11n_640_5-class_04-01-2026_float16.tflite,GPU_SUPPORTED,0,,,,,0
2026-04-06 21:54:24,19,52.062,58.682,21.602,0,0,GPU,26.547,NONE,yolo11n_640_5-class_04-01-2026_saved_model/yolo11n_640_5-class_04-01-2026_float16.tflite,GPU_SUPPORTED,0,,,,,0
2026-04-06 21:54:25,19,52.067,60.767,20.414,0,0,GPU,16.633,NONE,yolo11n_640_5-class_04-01-2026_saved_model/yolo11n_640_5-class_04-01-2026_float16.tflite,GPU_SUPPORTED,0,,,,,0
2026-04-06 21:54:26,18,52.446,63.987,21.718,0,0,GPU,30.121,NONE,yolo11n_640_5-class_04-01-2026_saved_model/yolo11n_640_5-class_04-01-2026_float16.tflite,GPU_SUPPORTED,0,,,,,0
2026-04-06 21:54:27,19,49.867,59.260,21.085,0,0,GPU,13.027,NONE,yolo11n_640_5-class_04-01-2026_saved_model/yolo11n_640_5-class_04-01-2026_float16.tflite,GPU_SUPPORTED,0,,,,,0
2026-04-06 21:54:28,20,50.544,58.327,21.278,0,0,GPU,31.332,NONE,yolo11n_640_5-class_04-01-2026_saved_model/yolo11n_640_5-class_04-01-2026_float16.tflite,GPU_SUPPORTED,0,,,,,0
2026-04-06 21:54:29,19,50.692,60.997,21.429,0,0,GPU,31.750,NONE,yolo11n_640_5-class_04-01-2026_saved_model/yolo11n_640_5-class_04-01-2026_float16.tflite,GPU_SUPPORTED,0,,,,,0
2026-04-06 21:54:30,18,53.064,63.430,22.638,0,0,GPU,30.152,NONE,yolo11n_640_5-class_04-01-2026_saved_model/yolo11n_640_5-class_04-01-2026_float16.tflite,GPU_SUPPORTED,0,,,,,0
2026-04-06 21:54:31,19,51.336,62.232,21.079,0,0,GPU,30.152,NONE,yolo11n_640_5-class_04-01-2026_saved_model/yolo11n_640_5-class_04-01-2026_float16.tflite,GPU_SUPPORTED,0,,,,,0
2026-04-06 21:54:32,20,50.447,60.452,20.690,0,1,GPU,31.332,NONE,yolo11n_640_5-class_04-01-2026_saved_model/yolo11n_640_5-class_04-01-2026_float16.tflite,GPU_SUPPORTED,0,,,,,0
2026-04-06 21:54:33,18,51.683,62.224,20.759,0,0,GPU,13.059,NONE,yolo11n_640_5-class_04-01-2026_saved_model/yolo11n_640_5-class_04-01-2026_float16.tflite,GPU_SUPPORTED,0,,,,,0
2026-04-06 21:54:34,20,49.642,57.820,21.404,0,0,GPU,33.320,NONE,yolo11n_640_5-class_04-01-2026_saved_model/yolo11n_640_5-class_04-01-2026_float16.tflite,GPU_SUPPORTED,0,,,,,0
2026-04-06 21:54:35,18,52.934,61.481,22.603,0,0,GPU,43.516,NONE,yolo11n_640_5-class_04-01-2026_saved_model/yolo11n_640_5-class_04-01-2026_float16.tflite,GPU_SUPPORTED,0,,,,,0
2026-04-06 21:54:36,19,51.557,57.436,20.928,0,0,GPU,39.973,NONE,yolo11n_640_5-class_04-01-2026_saved_model/yolo11n_640_5-class_04-01-2026_float16.tflite,GPU_SUPPORTED,0,,,,,0
2026-04-06 21:54:37,20,49.115,57.971,21.321,0,0,GPU,21.949,NONE,yolo11n_640_5-class_04-01-2026_saved_model/yolo11n_640_5-class_04-01-2026_float16.tflite,GPU_SUPPORTED,0,,,,,0
2026-04-06 21:54:38,18,52.578,61.139,22.231,0,0,GPU,16.477,NONE,yolo11n_640_5-class_04-01-2026_saved_model/yolo11n_640_5-class_04-01-2026_float16.tflite,GPU_SUPPORTED,0,,,,,0
2026-04-06 21:54:39,19,51.817,64.609,21.544,0,0,GPU,31.332,NONE,yolo11n_640_5-class_04-01-2026_saved_model/yolo11n_640_5-class_04-01-2026_float16.tflite,GPU_SUPPORTED,0,,,,,0
2026-04-06 21:54:40,19,52.537,61.720,22.845,0,0,GPU,16.570,NONE,yolo11n_640_5-class_04-01-2026_saved_model/yolo11n_640_5-class_04-01-2026_float16.tflite,GPU_SUPPORTED,0,,,,,0
2026-04-06 21:54:41,19,51.051,61.234,20.782,0,0,GPU,13.090,NONE,yolo11n_640_5-class_04-01-2026_saved_model/yolo11n_640_5-class_04-01-2026_float16.tflite,GPU_SUPPORTED,0,,,,,0
2026-04-06 21:54:42,18,53.219,62.261,22.017,0,0,GPU,25.305,NONE,yolo11n_640_5-class_04-01-2026_saved_model/yolo11n_640_5-class_04-01-2026_float16.tflite,GPU_SUPPORTED,0,,,,,0
2026-04-06 21:54:43,19,50.362,65.747,22.234,0,0,GPU,26.609,NONE,yolo11n_640_5-class_04-01-2026_saved_model/yolo11n_640_5-class_04-01-2026_float16.tflite,GPU_SUPPORTED,0,,,,,0
2026-04-06 21:54:44,21,46.268,52.339,21.417,0,0,GPU,31.301,NONE,yolo11n_640_5-class_04-01-2026_saved_model/yolo11n_640_5-class_04-01-2026_float16.tflite,GPU_SUPPORTED,0,,,,,0
2026-04-06 21:54:45,22,45.368,48.671,27.020,0,0,GPU,13.582,NONE,yolo11n_640_5-class_04-01-2026_saved_model/yolo11n_640_5-class_04-01-2026_float16.tflite,GPU_SUPPORTED,0,,,,,0
2026-04-06 21:54:46,19,49.695,67.265,20.689,0,0,GPU,16.477,NONE,yolo11n_640_5-class_04-01-2026_saved_model/yolo11n_640_5-class_04-01-2026_float16.tflite,GPU_SUPPORTED,0,,,,,0
2026-04-06 21:54:47,21,46.912,51.613,21.641,0,0,GPU,43.453,NONE,yolo11n_640_5-class_04-01-2026_saved_model/yolo11n_640_5-class_04-01-2026_float16.tflite,GPU_SUPPORTED,0,,,,,0
2026-04-06 21:54:48,19,50.239,54.583,21.789,0,0,GPU,40.399,NONE,yolo11n_640_5-class_04-01-2026_saved_model/yolo11n_640_5-class_04-01-2026_float16.tflite,GPU_SUPPORTED,0,,,,,0
2026-04-06 21:54:49,20,48.636,53.155,21.913,0,0,GPU,21.914,NONE,yolo11n_640_5-class_04-01-2026_saved_model/yolo11n_640_5-class_04-01-2026_float16.tflite,GPU_SUPPORTED,0,,,,,0
2026-04-06 21:54:50,19,50.613,54.741,21.867,0,0,GPU,26.613,NONE,yolo11n_640_5-class_04-01-2026_saved_model/yolo11n_640_5-class_04-01-2026_float16.tflite,GPU_SUPPORTED,0,,,,,0
2026-04-06 21:54:51,19,50.626,58.236,21.876,0,0,GPU,31.727,NONE,yolo11n_640_5-class_04-01-2026_saved_model/yolo11n_640_5-class_04-01-2026_float16.tflite,GPU_SUPPORTED,1,0.500,0.769,0.000,-0.022,6
2026-04-06 21:54:52,20,47.195,53.147,22.701,0,0,GPU,43.488,NONE,yolo11n_640_5-class_04-01-2026_saved_model/yolo11n_640_5-class_04-01-2026_float16.tflite,GPU_SUPPORTED,1,0.502,0.756,0.003,-0.027,0
2026-04-06 21:54:53,18,55.507,62.435,21.882,0,0,GPU,14.816,NONE,yolo11n_640_5-class_04-01-2026_saved_model/yolo11n_640_5-class_04-01-2026_float16.tflite,GPU_SUPPORTED,1,0.462,0.759,-0.036,-0.005,0
2026-04-06 21:54:54,18,51.245,57.556,21.153,0,0,GPU,17.691,NONE,yolo11n_640_5-class_04-01-2026_saved_model/yolo11n_640_5-class_04-01-2026_float16.tflite,GPU_SUPPORTED,1,0.337,0.776,-0.082,0.007,0
2026-04-06 21:54:55,20,47.756,52.977,21.265,0,0,GPU,17.812,NONE,yolo11n_640_5-class_04-01-2026_saved_model/yolo11n_640_5-class_04-01-2026_float16.tflite,GPU_SUPPORTED,1,0.391,0.788,0.011,0.012,0
2026-04-06 21:54:56,20,50.070,54.035,21.740,0,0,GPU,19.410,NONE,yolo11n_640_5-class_04-01-2026_saved_model/yolo11n_640_5-class_04-01-2026_float16.tflite,GPU_SUPPORTED,0,,,,,0
2026-04-06 21:54:57,19,51.302,58.152,22.520,0,0,GPU,13.215,NONE,yolo11n_640_5-class_04-01-2026_saved_model/yolo11n_640_5-class_04-01-2026_float16.tflite,GPU_SUPPORTED,1,0.950,0.565,-0.095,0.422,0
2026-04-06 21:54:58,17,55.114,62.367,21.479,0,0,GPU,31.367,NONE,yolo11n_640_5-class_04-01-2026_saved_model/yolo11n_640_5-class_04-01-2026_float16.tflite,GPU_SUPPORTED,1,0.855,0.442,-0.101,-0.088,0
2026-04-06 21:54:59,19,52.808,59.042,22.034,0,1,GPU,39.973,NONE,yolo11n_640_5-class_04-01-2026_saved_model/yolo11n_640_5-class_04-01-2026_float16.tflite,GPU_SUPPORTED,0,,,,,0
2026-04-06 21:55:00,19,50.671,59.046,20.693,0,0,GPU,31.332,NONE,yolo11n_640_5-class_04-01-2026_saved_model/yolo11n_640_5-class_04-01-2026_float16.tflite,GPU_SUPPORTED,0,,,,,0
2026-04-06 21:55:01,18,54.541,60.628,22.762,0,0,GPU,34.527,NONE,yolo11n_640_5-class_04-01-2026_saved_model/yolo11n_640_5-class_04-01-2026_float16.tflite,GPU_SUPPORTED,1,0.852,0.463,0.126,0.128,0
2026-04-06 21:55:02,18,53.322,64.600,21.955,0,0,GPU,43.516,NONE,yolo11n_640_5-class_04-01-2026_saved_model/yolo11n_640_5-class_04-01-2026_float16.tflite,GPU_SUPPORTED,0,,,,,0
2026-04-06 21:55:03,18,55.688,62.689,21.845,0,0,GPU,19.504,NONE,yolo11n_640_5-class_04-01-2026_saved_model/yolo11n_640_5-class_04-01-2026_float16.tflite,GPU_SUPPORTED,0,,,,,0
2026-04-06 21:55:04,18,54.561,60.810,22.166,0,0,GPU,31.723,NONE,yolo11n_640_5-class_04-01-2026_saved_model/yolo11n_640_5-class_04-01-2026_float16.tflite,GPU_SUPPORTED,1,0.822,0.909,0.011,-0.002,8
2026-04-06 21:55:05,17,55.555,61.927,25.095,0,0,GPU,26.672,NONE,yolo11n_640_5-class_04-01-2026_saved_model/yolo11n_640_5-class_04-01-2026_float16.tflite,GPU_SUPPORTED,1,0.580,0.606,0.000,0.000,0
2026-04-06 21:55:06,18,53.394,61.906,21.150,0,0,GPU,31.332,NONE,yolo11n_640_5-class_04-01-2026_saved_model/yolo11n_640_5-class_04-01-2026_float16.tflite,GPU_SUPPORTED,1,0.622,0.385,0.017,-0.035,0
2026-04-06 21:55:07,18,55.945,62.103,21.589,0,0,GPU,31.363,NONE,yolo11n_640_5-class_04-01-2026_saved_model/yolo11n_640_5-class_04-01-2026_float16.tflite,GPU_SUPPORTED,1,0.763,0.385,0.129,0.022,0
2026-04-06 21:55:08,18,54.483,64.913,21.382,0,0,GPU,31.309,NONE,yolo11n_640_5-class_04-01-2026_saved_model/yolo11n_640_5-class_04-01-2026_float16.tflite,GPU_SUPPORTED,1,0.605,0.519,0.000,0.000,0
2026-04-06 21:55:09,18,53.475,61.891,21.659,0,0,GPU,31.363,NONE,yolo11n_640_5-class_04-01-2026_saved_model/yolo11n_640_5-class_04-01-2026_float16.tflite,GPU_SUPPORTED,1,0.912,0.403,0.387,-0.165,1
2026-04-06 21:55:10,18,53.080,61.054,22.135,0,0,GPU,17.937,NONE,yolo11n_640_5-class_04-01-2026_saved_model/yolo11n_640_5-class_04-01-2026_float16.tflite,GPU_SUPPORTED,1,0.648,0.380,-0.001,-0.079,2
2026-04-06 21:55:11,18,56.701,64.979,23.348,0,0,GPU,17.938,NONE,yolo11n_640_5-class_04-01-2026_saved_model/yolo11n_640_5-class_04-01-2026_float16.tflite,GPU_SUPPORTED,1,0.591,0.199,-0.031,-0.139,0
2026-04-06 21:55:12,18,53.964,62.176,24.963,0,0,GPU,15.992,NONE,yolo11n_640_5-class_04-01-2026_saved_model/yolo11n_640_5-class_04-01-2026_float16.tflite,GPU_SUPPORTED,1,0.671,0.000,0.043,-0.167,0
2026-04-06 21:55:13,18,53.791,61.605,21.965,0,0,GPU,25.402,NONE,yolo11n_640_5-class_04-01-2026_saved_model/yolo11n_640_5-class_04-01-2026_float16.tflite,GPU_SUPPORTED,0,,,,,0
2026-04-06 21:55:14,18,54.965,64.142,22.942,0,0,GPU,17.938,NONE,yolo11n_640_5-class_04-01-2026_saved_model/yolo11n_640_5-class_04-01-2026_float16.tflite,GPU_SUPPORTED,1,0.574,0.451,-0.042,0.306,6
2026-04-06 21:55:15,17,56.297,63.164,21.216,0,0,GPU,40.004,LIGHT,yolo11n_640_5-class_04-01-2026_saved_model/yolo11n_640_5-class_04-01-2026_float16.tflite,GPU_SUPPORTED,1,0.612,0.191,0.002,-0.044,0
2026-04-06 21:55:16,18,55.106,62.897,21.492,0,0,GPU,14.844,LIGHT,yolo11n_640_5-class_04-01-2026_saved_model/yolo11n_640_5-class_04-01-2026_float16.tflite,GPU_SUPPORTED,0,,,,,0
2026-04-06 21:55:17,18,53.742,58.754,22.126,0,0,GPU,43.488,LIGHT,yolo11n_640_5-class_04-01-2026_saved_model/yolo11n_640_5-class_04-01-2026_float16.tflite,GPU_SUPPORTED,0,,,,,0
2026-04-06 21:55:18,18,53.275,60.479,21.498,0,0,GPU,17.703,LIGHT,yolo11n_640_5-class_04-01-2026_saved_model/yolo11n_640_5-class_04-01-2026_float16.tflite,GPU_SUPPORTED,1,0.529,0.077,-0.274,0.038,0
2026-04-06 21:55:19,16,60.329,67.834,26.126,0,0,GPU,31.410,LIGHT,yolo11n_640_5-class_04-01-2026_saved_model/yolo11n_640_5-class_04-01-2026_float16.tflite,GPU_SUPPORTED,1,0.645,0.588,0.000,0.000,3
2026-04-06 21:55:20,15,64.995,70.190,29.501,0,1,GPU,44.777,LIGHT,yolo11n_640_5-class_04-01-2026_saved_model/yolo11n_640_5-class_04-01-2026_float16.tflite,GPU_SUPPORTED,1,0.629,0.537,0.006,-0.024,3
2026-04-06 21:55:21,15,64.792,72.119,30.482,0,0,GPU,16.523,LIGHT,yolo11n_640_5-class_04-01-2026_saved_model/yolo11n_640_5-class_04-01-2026_float16.tflite,GPU_SUPPORTED,1,0.697,0.204,0.057,-0.268,6
2026-04-06 21:55:22,15,66.542,72.435,29.691,0,0,GPU,31.348,LIGHT,yolo11n_640_5-class_04-01-2026_saved_model/yolo11n_640_5-class_04-01-2026_float16.tflite,GPU_SUPPORTED,0,,,,,0
2026-04-06 21:55:23,15,66.006,71.875,28.540,0,0,GPU,19.582,LIGHT,yolo11n_640_5-class_04-01-2026_saved_model/yolo11n_640_5-class_04-01-2026_float16.tflite,GPU_SUPPORTED,1,0.610,0.687,-0.028,0.360,2
2026-04-06 21:55:24,17,56.954,61.370,26.592,0,0,GPU,43.562,LIGHT,yolo11n_640_5-class_04-01-2026_saved_model/yolo11n_640_5-class_04-01-2026_float16.tflite,GPU_SUPPORTED,0,,,,,0
2026-04-06 21:55:25,17,56.189,66.639,27.322,0,0,GPU,13.012,LIGHT,yolo11n_640_5-class_04-01-2026_saved_model/yolo11n_640_5-class_04-01-2026_float16.tflite,GPU_SUPPORTED,1,0.614,0.642,-0.027,0.192,5
2026-04-06 21:55:26,16,62.347,68.683,29.167,0,0,GPU,17.672,LIGHT,yolo11n_640_5-class_04-01-2026_saved_model/yolo11n_640_5-class_04-01-2026_float16.tflite,GPU_SUPPORTED,1,0.610,0.498,-0.011,-0.034,3
2026-04-06 21:55:27,15,64.764,70.701,31.688,0,0,GPU,31.316,LIGHT,yolo11n_640_5-class_04-01-2026_saved_model/yolo11n_640_5-class_04-01-2026_float16.tflite,GPU_SUPPORTED,1,0.726,0.278,0.058,-0.120,1
2026-04-06 21:55:28,15,64.642,70.648,29.442,0,0,GPU,17.703,LIGHT,yolo11n_640_5-class_04-01-2026_saved_model/yolo11n_640_5-class_04-01-2026_float16.tflite,GPU_SUPPORTED,0,,,,,0
2026-04-06 21:55:29,15,66.463,71.960,29.896,0,0,GPU,40.051,LIGHT,yolo11n_640_5-class_04-01-2026_saved_model/yolo11n_640_5-class_04-01-2026_float16.tflite,GPU_SUPPORTED,1,0.633,0.510,0.013,0.019,0
2026-04-06 21:55:30,15,64.942,69.959,28.819,0,0,GPU,25.445,LIGHT,yolo11n_640_5-class_04-01-2026_saved_model/yolo11n_640_5-class_04-01-2026_float16.tflite,GPU_SUPPORTED,1,0.623,0.518,0.000,0.000,1
2026-04-06 21:55:31,15,66.514,71.299,28.219,0,0,GPU,13.684,LIGHT,yolo11n_640_5-class_04-01-2026_saved_model/yolo11n_640_5-class_04-01-2026_float16.tflite,GPU_SUPPORTED,1,0.692,0.252,0.127,-0.263,0
2026-04-06 21:55:32,15,62.968,71.010,28.219,0,0,GPU,31.410,LIGHT,yolo11n_640_5-class_04-01-2026_saved_model/yolo11n_640_5-class_04-01-2026_float16.tflite,GPU_SUPPORTED,1,0.840,0.235,0.147,-0.075,7
2026-04-06 21:55:33,15,64.932,67.492,28.444,0,0,GPU,31.344,LIGHT,yolo11n_640_5-class_04-01-2026_saved_model/yolo11n_640_5-class_04-01-2026_float16.tflite,GPU_SUPPORTED,1,0.630,0.508,-0.010,0.161,0
2026-04-06 21:55:34,15,67.120,72.120,28.517,0,0,GPU,26.660,LIGHT,yolo11n_640_5-class_04-01-2026_saved_model/yolo11n_640_5-class_04-01-2026_float16.tflite,GPU_SUPPORTED,0,,,,,0
2026-04-06 21:55:35,15,65.698,68.498,27.420,0,0,GPU,25.414,LIGHT,yolo11n_640_5-class_04-01-2026_saved_model/yolo11n_640_5-class_04-01-2026_float16.tflite,GPU_SUPPORTED,1,0.663,0.304,0.074,-0.281,0
2026-04-06 21:55:36,15,63.615,67.864,29.055,0,0,GPU,17.734,LIGHT,yolo11n_640_5-class_04-01-2026_saved_model/yolo11n_640_5-class_04-01-2026_float16.tflite,GPU_SUPPORTED,1,0.836,0.206,0.154,-0.109,1
2026-04-06 21:55:37,16,62.242,69.481,30.326,0,0,GPU,32.977,LIGHT,yolo11n_640_5-class_04-01-2026_saved_model/yolo11n_640_5-class_04-01-2026_float16.tflite,GPU_SUPPORTED,1,0.743,0.406,0.004,0.077,0
2026-04-06 21:55:38,15,65.571,68.256,31.815,0,0,GPU,19.453,LIGHT,yolo11n_640_5-class_04-01-2026_saved_model/yolo11n_640_5-class_04-01-2026_float16.tflite,GPU_SUPPORTED,0,,,,,0
2026-04-06 21:55:39,14,66.717,72.389,30.435,0,0,GPU,13.074,LIGHT,yolo11n_640_5-class_04-01-2026_saved_model/yolo11n_640_5-class_04-01-2026_float16.tflite,GPU_SUPPORTED,1,0.593,0.610,0.027,-0.029,0
2026-04-06 21:55:40,15,67.222,71.810,27.347,0,1,GPU,26.625,LIGHT,yolo11n_640_5-class_04-01-2026_saved_model/yolo11n_640_5-class_04-01-2026_float16.tflite,GPU_SUPPORTED,1,0.646,0.417,0.051,-0.185,0
2026-04-06 21:55:41,14,67.468,76.049,30.603,0,0,GPU,26.688,LIGHT,yolo11n_640_5-class_04-01-2026_saved_model/yolo11n_640_5-class_04-01-2026_float16.tflite,GPU_SUPPORTED,1,0.815,0.314,0.120,-0.125,0
2026-04-06 21:55:42,14,69.384,73.399,31.473,0,0,GPU,31.379,LIGHT,yolo11n_640_5-class_04-01-2026_saved_model/yolo11n_640_5-class_04-01-2026_float16.tflite,GPU_SUPPORTED,1,0.860,0.341,0.077,-0.041,4
2026-04-06 21:55:43,15,68.096,76.407,29.166,0,0,GPU,34.121,LIGHT,yolo11n_640_5-class_04-01-2026_saved_model/yolo11n_640_5-class_04-01-2026_float16.tflite,GPU_SUPPORTED,1,0.496,0.189,-0.164,-0.085,1
2026-04-06 21:55:44,15,65.312,70.154,29.482,0,0,GPU,35.328,LIGHT,yolo11n_640_5-class_04-01-2026_saved_model/yolo11n_640_5-class_04-01-2026_float16.tflite,GPU_SUPPORTED,1,0.552,0.515,-0.035,0.156,0
2026-04-06 21:55:45,14,66.927,72.026,30.541,0,0,GPU,26.688,LIGHT,yolo11n_640_5-class_04-01-2026_saved_model/yolo11n_640_5-class_04-01-2026_float16.tflite,GPU_SUPPORTED,1,0.588,0.645,0.002,0.146,4
2026-04-06 21:55:46,16,63.517,70.640,28.365,0,0,GPU,26.660,LIGHT,yolo11n_640_5-class_04-01-2026_saved_model/yolo11n_640_5-class_04-01-2026_float16.tflite,GPU_SUPPORTED,1,0.718,0.345,0.076,-0.088,0
2026-04-06 21:55:47,14,70.503,78.254,30.596,0,0,GPU,19.551,LIGHT,yolo11n_640_5-class_04-01-2026_saved_model/yolo11n_640_5-class_04-01-2026_float16.tflite,GPU_SUPPORTED,1,0.798,0.405,0.071,0.004,2
2026-04-06 21:55:48,14,68.940,76.312,29.923,0,0,GPU,38.840,LIGHT,yolo11n_640_5-class_04-01-2026_saved_model/yolo11n_640_5-class_04-01-2026_float16.tflite,GPU_SUPPORTED,1,0.647,0.614,-0.041,0.109,3
2026-04-06 21:55:49,14,70.729,75.399,28.912,0,0,GPU,26.656,LIGHT,yolo11n_640_5-class_04-01-2026_saved_model/yolo11n_640_5-class_04-01-2026_float16.tflite,GPU_SUPPORTED,1,0.634,0.580,0.000,0.000,1
2026-04-06 21:55:50,14,69.608,77.773,29.620,0,0,GPU,31.348,LIGHT,yolo11n_640_5-class_04-01-2026_saved_model/yolo11n_640_5-class_04-01-2026_float16.tflite,GPU_SUPPORTED,1,0.729,0.230,0.127,-0.339,0
2026-04-06 21:55:51,14,68.221,72.834,29.591,0,0,GPU,31.379,LIGHT,yolo11n_640_5-class_04-01-2026_saved_model/yolo11n_640_5-class_04-01-2026_float16.tflite,GPU_SUPPORTED,1,0.830,0.277,0.102,-0.069,0
2026-04-06 21:55:52,14,69.241,73.546,31.077,0,0,GPU,17.891,LIGHT,yolo11n_640_5-class_04-01-2026_saved_model/yolo11n_640_5-class_04-01-2026_float16.tflite,GPU_SUPPORTED,1,0.724,0.428,-0.011,0.052,5
2026-04-06 21:55:53,14,69.794,77.940,31.860,0,0,GPU,31.379,LIGHT,yolo11n_640_5-class_04-01-2026_saved_model/yolo11n_640_5-class_04-01-2026_float16.tflite,GPU_SUPPORTED,1,0.523,0.520,0.000,0.000,6
2026-04-06 21:55:54,14,70.739,74.747,29.921,0,0,GPU,31.348,LIGHT,yolo11n_640_5-class_04-01-2026_saved_model/yolo11n_640_5-class_04-01-2026_float16.tflite,GPU_SUPPORTED,1,0.597,0.572,0.049,-0.015,1
2026-04-06 21:55:55,14,70.541,77.856,31.254,0,0,GPU,26.656,LIGHT,yolo11n_640_5-class_04-01-2026_saved_model/yolo11n_640_5-class_04-01-2026_float16.tflite,GPU_SUPPORTED,1,0.699,0.267,0.084,-0.209,1
2026-04-06 21:55:56,15,67.052,72.669,28.851,0,0,GPU,26.656,LIGHT,yolo11n_640_5-class_04-01-2026_saved_model/yolo11n_640_5-class_04-01-2026_float16.tflite,GPU_SUPPORTED,1,0.852,0.267,0.111,-0.085,0
2026-04-06 21:55:57,14,67.920,75.702,31.299,0,0,GPU,31.379,LIGHT,yolo11n_640_5-class_04-01-2026_saved_model/yolo11n_640_5-class_04-01-2026_float16.tflite,GPU_SUPPORTED,1,0.809,0.456,0.019,0.080,0
2026-04-06 21:55:58,15,68.811,75.648,31.348,0,0,GPU,31.348,LIGHT,yolo11n_640_5-class_04-01-2026_saved_model/yolo11n_640_5-class_04-01-2026_float16.tflite,GPU_SUPPORTED,1,0.750,0.590,-0.019,0.113,1
2026-04-06 21:55:59,13,69.997,76.111,30.749,0,1,GPU,31.348,LIGHT,yolo11n_640_5-class_04-01-2026_saved_model/yolo11n_640_5-class_04-01-2026_float16.tflite,GPU_SUPPORTED,1,0.713,0.651,-0.033,0.086,0
2026-04-06 21:56:00,14,74.558,78.135,31.276,0,0,GPU,17.922,LIGHT,yolo11n_640_5-class_04-01-2026_saved_model/yolo11n_640_5-class_04-01-2026_float16.tflite,GPU_SUPPORTED,1,0.652,0.692,-0.046,0.064,8
2026-04-06 21:56:01,13,74.032,81.634,31.252,0,0,GPU,20.723,LIGHT,yolo11n_640_5-class_04-01-2026_saved_model/yolo11n_640_5-class_04-01-2026_float16.tflite,GPU_SUPPORTED,1,0.641,0.374,-0.020,-0.127,0
2026-04-06 21:56:02,13,73.927,81.580,33.961,0,0,GPU,40.020,LIGHT,yolo11n_640_5-class_04-01-2026_saved_model/yolo11n_640_5-class_04-01-2026_float16.tflite,GPU_SUPPORTED,1,0.793,0.259,0.077,-0.107,0
2026-04-06 21:56:03,13,74.408,80.445,31.033,0,0,GPU,31.348,LIGHT,yolo11n_640_5-class_04-01-2026_saved_model/yolo11n_640_5-class_04-01-2026_float16.tflite,GPU_SUPPORTED,1,0.927,0.451,0.108,0.072,0
2026-04-06 21:56:04,13,75.024,80.213,32.867,0,0,GPU,31.348,LIGHT,yolo11n_640_5-class_04-01-2026_saved_model/yolo11n_640_5-class_04-01-2026_float16.tflite,GPU_SUPPORTED,0,,,,,0
2026-04-06 21:56:05,14,72.456,77.083,29.967,0,0,GPU,26.656,LIGHT,yolo11n_640_5-class_04-01-2026_saved_model/yolo11n_640_5-class_04-01-2026_float16.tflite,GPU_SUPPORTED,0,,,,,0
2026-04-06 21:56:06,13,73.060,82.168,31.468,0,0,GPU,17.734,LIGHT,yolo11n_640_5-class_04-01-2026_saved_model/yolo11n_640_5-class_04-01-2026_float16.tflite,GPU_SUPPORTED,0,,,,,0
2026-04-06 21:56:07,13,74.210,81.447,33.453,0,0,GPU,31.379,LIGHT,yolo11n_640_5-class_04-01-2026_saved_model/yolo11n_640_5-class_04-01-2026_float16.tflite,GPU_SUPPORTED,1,0.918,0.527,-0.022,-0.051,0
2026-04-06 21:56:08,14,71.255,78.153,31.981,0,1,GPU,44.773,LIGHT,yolo11n_640_5-class_04-01-2026_saved_model/yolo11n_640_5-class_04-01-2026_float16.tflite,GPU_SUPPORTED,1,0.887,0.270,-0.029,-0.258,0
2026-04-06 21:56:09,14,72.337,78.023,34.453,0,0,GPU,34.184,LIGHT,yolo11n_640_5-class_04-01-2026_saved_model/yolo11n_640_5-class_04-01-2026_float16.tflite,GPU_SUPPORTED,1,0.828,0.330,0.000,0.000,0
2026-04-06 21:56:10,14,70.372,79.762,33.567,0,0,GPU,44.711,LIGHT,yolo11n_640_5-class_04-01-2026_saved_model/yolo11n_640_5-class_04-01-2026_float16.tflite,GPU_SUPPORTED,1,0.849,0.358,0.006,0.087,1
2026-04-06 21:56:11,12,83.916,101.348,31.617,0,0,GPU,31.316,LIGHT,yolo11n_640_5-class_04-01-2026_saved_model/yolo11n_640_5-class_04-01-2026_float16.tflite,GPU_SUPPORTED,1,0.867,0.477,0.014,0.091,0
2026-04-06 21:56:12,14,70.030,81.625,36.345,0,0,GPU,33.008,LIGHT,yolo11n_640_5-class_04-01-2026_saved_model/yolo11n_640_5-class_04-01-2026_float16.tflite,GPU_SUPPORTED,0,,,,,0
2026-04-06 21:56:13,13,72.822,89.862,30.589,0,0,GPU,30.231,LIGHT,yolo11n_640_5-class_04-01-2026_saved_model/yolo11n_640_5-class_04-01-2026_float16.tflite,GPU_SUPPORTED,1,0.858,0.034,-0.020,-0.380,4
2026-04-06 21:56:14,16,64.968,72.092,31.406,0,0,GPU,13.199,LIGHT,yolo11n_640_5-class_04-01-2026_saved_model/yolo11n_640_5-class_04-01-2026_float16.tflite,GPU_SUPPORTED,1,0.507,0.184,-0.146,-0.029,0
2026-04-06 21:56:15,15,64.982,74.715,32.335,0,0,GPU,16.711,LIGHT,yolo11n_640_5-class_04-01-2026_saved_model/yolo11n_640_5-class_04-01-2026_float16.tflite,GPU_SUPPORTED,1,0.438,0.241,-0.075,0.027,0
2026-04-06 21:56:16,11,82.934,108.630,34.380,0,0,GPU,31.348,LIGHT,yolo11n_640_5-class_04-01-2026_saved_model/yolo11n_640_5-class_04-01-2026_float16.tflite,GPU_SUPPORTED,1,0.772,0.303,0.154,0.044,0
2026-04-06 21:56:17,13,78.183,97.354,31.589,0,0,GPU,31.348,LIGHT,yolo11n_640_5-class_04-01-2026_saved_model/yolo11n_640_5-class_04-01-2026_float16.tflite,GPU_SUPPORTED,1,0.861,0.473,0.103,0.100,0
2026-04-06 21:56:18,15,63.671,68.579,30.702,0,1,GPU,13.074,LIGHT,yolo11n_640_5-class_04-01-2026_saved_model/yolo11n_640_5-class_04-01-2026_float16.tflite,GPU_SUPPORTED,1,1.000,0.586,0.115,0.112,0
2026-04-06 21:56:19,15,64.958,73.985,33.054,0,0,GPU,17.734,LIGHT,yolo11n_640_5-class_04-01-2026_saved_model/yolo11n_640_5-class_04-01-2026_float16.tflite,GPU_SUPPORTED,1,1.000,0.639,0.071,0.083,5
2026-04-06 21:56:20,16,64.625,72.981,33.434,0,0,GPU,31.375,LIGHT,yolo11n_640_5-class_04-01-2026_saved_model/yolo11n_640_5-class_04-01-2026_float16.tflite,GPU_SUPPORTED,1,0.866,0.198,-0.004,0.042,0
2026-04-06 21:56:21,13,74.262,77.731,34.095,0,1,GPU,21.965,LIGHT,yolo11n_640_5-class_04-01-2026_saved_model/yolo11n_640_5-class_04-01-2026_float16.tflite,GPU_SUPPORTED,1,0.856,0.409,0.000,0.000,2
2026-04-06 21:56:22,13,73.253,78.306,32.793,0,0,GPU,17.859,LIGHT,yolo11n_640_5-class_04-01-2026_saved_model/yolo11n_640_5-class_04-01-2026_float16.tflite,GPU_SUPPORTED,1,0.884,0.331,0.025,0.014,7
2026-04-06 21:56:23,14,72.852,77.411,33.386,0,0,GPU,19.520,LIGHT,yolo11n_640_5-class_04-01-2026_saved_model/yolo11n_640_5-class_04-01-2026_float16.tflite,GPU_SUPPORTED,1,0.856,0.245,-0.047,-0.404,0
2026-04-06 21:56:24,12,77.783,82.613,34.864,0,0,GPU,31.410,LIGHT,yolo11n_640_5-class_04-01-2026_saved_model/yolo11n_640_5-class_04-01-2026_float16.tflite,GPU_SUPPORTED,1,0.829,0.244,-0.030,-0.067,1
2026-04-06 21:56:25,13,76.808,81.466,33.737,0,0,GPU,12.949,LIGHT,yolo11n_640_5-class_04-01-2026_saved_model/yolo11n_640_5-class_04-01-2026_float16.tflite,GPU_SUPPORTED,1,0.796,0.326,-0.031,0.007,7
2026-04-06 21:56:26,13,78.124,83.548,33.775,0,0,GPU,26.625,LIGHT,yolo11n_640_5-class_04-01-2026_saved_model/yolo11n_640_5-class_04-01-2026_float16.tflite,GPU_SUPPORTED,1,0.796,0.474,0.010,-0.002,3
2026-04-06 21:56:27,13,76.419,82.082,36.320,0,0,GPU,17.984,LIGHT,yolo11n_640_5-class_04-01-2026_saved_model/yolo11n_640_5-class_04-01-2026_float16.tflite,GPU_SUPPORTED,1,0.793,0.582,-0.001,0.067,1
2026-04-06 21:56:28,13,76.305,80.910,35.151,0,0,GPU,13.230,LIGHT,yolo11n_640_5-class_04-01-2026_saved_model/yolo11n_640_5-class_04-01-2026_float16.tflite,GPU_SUPPORTED,1,0.673,0.622,-0.067,0.048,1
2026-04-06 21:56:29,12,77.543,83.222,37.102,0,0,GPU,44.836,LIGHT,yolo11n_640_5-class_04-01-2026_saved_model/yolo11n_640_5-class_04-01-2026_float16.tflite,GPU_SUPPORTED,1,0.577,0.591,-0.083,0.011,3
2026-04-06 21:56:30,14,70.588,78.231,32.963,0,0,GPU,44.836,LIGHT,yolo11n_640_5-class_04-01-2026_saved_model/yolo11n_640_5-class_04-01-2026_float16.tflite,GPU_SUPPORTED,1,0.574,0.539,-0.041,-0.021,2
2026-04-06 21:56:31,13,75.849,79.325,34.868,0,0,GPU,26.656,LIGHT,yolo11n_640_5-class_04-01-2026_saved_model/yolo11n_640_5-class_04-01-2026_float16.tflite,GPU_SUPPORTED,1,0.648,0.328,0.020,-0.118,0
2026-04-06 21:56:32,13,75.939,80.038,36.711,0,0,GPU,38.809,LIGHT,yolo11n_640_5-class_04-01-2026_saved_model/yolo11n_640_5-class_04-01-2026_float16.tflite,GPU_SUPPORTED,1,0.770,0.274,0.069,-0.080,0
2026-04-06 21:56:33,12,77.736,81.165,36.457,0,0,GPU,31.348,LIGHT,yolo11n_640_5-class_04-01-2026_saved_model/yolo11n_640_5-class_04-01-2026_float16.tflite,GPU_SUPPORTED,1,0.898,0.515,0.099,0.072,1
2026-04-06 21:56:34,13,76.164,83.670,34.639,0,1,GPU,31.348,LIGHT,yolo11n_640_5-class_04-01-2026_saved_model/yolo11n_640_5-class_04-01-2026_float16.tflite,GPU_SUPPORTED,1,0.752,0.560,0.017,0.063,0
2026-04-06 21:56:35,13,76.770,83.612,36.361,0,0,GPU,17.703,LIGHT,yolo11n_640_5-class_04-01-2026_saved_model/yolo11n_640_5-class_04-01-2026_float16.tflite,GPU_SUPPORTED,1,0.666,0.514,-0.050,0.001,0
2026-04-06 21:56:36,13,76.468,83.112,34.706,0,0,GPU,20.789,LIGHT,yolo11n_640_5-class_04-01-2026_saved_model/yolo11n_640_5-class_04-01-2026_float16.tflite,GPU_SUPPORTED,1,0.676,0.284,-0.015,-0.119,0
2026-04-06 21:56:37,13,74.443,81.856,32.619,0,0,GPU,26.656,LIGHT,yolo11n_640_5-class_04-01-2026_saved_model/yolo11n_640_5-class_04-01-2026_float16.tflite,GPU_SUPPORTED,1,0.759,0.244,0.035,-0.072,0
2026-04-06 21:56:38,13,74.788,81.756,34.557,0,0,GPU,30.168,LIGHT,yolo11n_640_5-class_04-01-2026_saved_model/yolo11n_640_5-class_04-01-2026_float16.tflite,GPU_SUPPORTED,1,0.859,0.458,0.066,0.066,0
2026-04-06 21:56:39,12,82.913,92.988,46.169,0,1,GPU,40.051,LIGHT,yolo11n_640_5-class_04-01-2026_saved_model/yolo11n_640_5-class_04-01-2026_float16.tflite,GPU_SUPPORTED,1,0.718,0.596,-0.038,0.100,3
2026-04-06 21:56:40,11,90.076,94.938,51.046,0,0,GPU,19.613,LIGHT,yolo11n_640_5-class_04-01-2026_saved_model/yolo11n_640_5-class_04-01-2026_float16.tflite,GPU_SUPPORTED,1,0.599,0.700,-0.078,0.101,4
2026-04-06 21:56:41,11,90.242,94.507,46.716,0,0,GPU,32.977,LIGHT,yolo11n_640_5-class_04-01-2026_saved_model/yolo11n_640_5-class_04-01-2026_float16.tflite,GPU_SUPPORTED,1,0.547,0.581,-0.065,-0.002,0
2026-04-06 21:56:42,11,90.606,94.903,47.203,0,0,GPU,19.582,LIGHT,yolo11n_640_5-class_04-01-2026_saved_model/yolo11n_640_5-class_04-01-2026_float16.tflite,GPU_SUPPORTED,1,0.643,0.296,0.019,-0.140,1
2026-04-06 21:56:43,11,88.944,96.350,47.134,0,1,GPU,35.391,LIGHT,yolo11n_640_5-class_04-01-2026_saved_model/yolo11n_640_5-class_04-01-2026_float16.tflite,GPU_SUPPORTED,1,0.814,0.330,0.098,-0.043,0
2026-04-06 21:56:44,11,88.268,93.454,48.177,0,0,GPU,30.168,LIGHT,yolo11n_640_5-class_04-01-2026_saved_model/yolo11n_640_5-class_04-01-2026_float16.tflite,GPU_SUPPORTED,1,0.817,0.433,0.048,0.031,0
2026-04-06 21:56:45,11,86.444,92.489,43.768,0,0,GPU,16.586,LIGHT,yolo11n_640_5-class_04-01-2026_saved_model/yolo11n_640_5-class_04-01-2026_float16.tflite,GPU_SUPPORTED,1,0.630,0.618,-0.052,0.111,0
2026-04-06 21:56:46,11,88.381,94.022,46.825,0,0,GPU,31.379,LIGHT,yolo11n_640_5-class_04-01-2026_saved_model/yolo11n_640_5-class_04-01-2026_float16.tflite,GPU_SUPPORTED,0,,,,,0
2026-04-06 21:56:47,11,89.236,96.011,43.732,0,0,GPU,31.379,LIGHT,yolo11n_640_5-class_04-01-2026_saved_model/yolo11n_640_5-class_04-01-2026_float16.tflite,GPU_SUPPORTED,1,0.239,0.061,0.519,0.130,0
2026-04-06 21:56:48,12,87.637,93.021,45.956,0,0,GPU,31.379,LIGHT,yolo11n_640_5-class_04-01-2026_saved_model/yolo11n_640_5-class_04-01-2026_float16.tflite,GPU_SUPPORTED,1,0.727,0.956,0.421,0.729,0
2026-04-06 21:56:49,10,92.278,93.764,44.947,0,0,GPU,31.348,LIGHT,yolo11n_640_5-class_04-01-2026_saved_model/yolo11n_640_5-class_04-01-2026_float16.tflite,GPU_SUPPORTED,1,0.702,1.000,0.187,0.384,1
2026-04-06 21:56:50,11,89.277,94.128,47.046,0,0,GPU,17.828,LIGHT,yolo11n_640_5-class_04-01-2026_saved_model/yolo11n_640_5-class_04-01-2026_float16.tflite,GPU_SUPPORTED,0,,,,,0
2026-04-06 21:56:51,11,90.212,94.854,45.607,0,0,GPU,31.348,LIGHT,yolo11n_640_5-class_04-01-2026_saved_model/yolo11n_640_5-class_04-01-2026_float16.tflite,GPU_SUPPORTED,0,,,,,0
2026-04-06 21:56:52,11,89.557,92.335,45.867,0,0,GPU,44.711,LIGHT,yolo11n_640_5-class_04-01-2026_saved_model/yolo11n_640_5-class_04-01-2026_float16.tflite,GPU_SUPPORTED,0,,,,,0
2026-04-06 21:56:53,11,86.827,91.065,45.593,0,0,GPU,17.828,LIGHT,yolo11n_640_5-class_04-01-2026_saved_model/yolo11n_640_5-class_04-01-2026_float16.tflite,GPU_SUPPORTED,0,,,,,0
2026-04-06 21:56:54,11,88.971,92.507,45.325,0,0,GPU,17.859,LIGHT,yolo11n_640_5-class_04-01-2026_saved_model/yolo11n_640_5-class_04-01-2026_float16.tflite,GPU_SUPPORTED,0,,,,,0
2026-04-06 21:56:55,11,89.951,93.514,44.711,0,0,GPU,31.379,LIGHT,yolo11n_640_5-class_04-01-2026_saved_model/yolo11n_640_5-class_04-01-2026_float16.tflite,GPU_SUPPORTED,1,0.189,0.099,0.475,0.152,0
2026-04-06 21:56:56,11,87.405,94.266,44.931,0,0,GPU,31.379,LIGHT,yolo11n_640_5-class_04-01-2026_saved_model/yolo11n_640_5-class_04-01-2026_float16.tflite,GPU_SUPPORTED,1,0.871,1.000,0.655,0.934,5
2026-04-06 21:56:57,12,87.283,91.051,42.902,0,0,GPU,19.582,LIGHT,yolo11n_640_5-class_04-01-2026_saved_model/yolo11n_640_5-class_04-01-2026_float16.tflite,GPU_SUPPORTED,1,0.813,1.000,0.264,0.510,6
2026-04-06 21:56:58,12,80.189,89.932,43.480,0,0,GPU,27.016,LIGHT,yolo11n_640_5-class_04-01-2026_saved_model/yolo11n_640_5-class_04-01-2026_float16.tflite,GPU_SUPPORTED,0,,,,,0
2026-04-06 21:56:59,11,87.341,90.615,53.418,0,0,GPU,16.586,LIGHT,yolo11n_640_5-class_04-01-2026_saved_model/yolo11n_640_5-class_04-01-2026_float16.tflite,GPU_SUPPORTED,0,,,,,0
2026-04-06 21:57:00,11,88.266,91.052,52.791,0,1,GPU,13.105,LIGHT,yolo11n_640_5-class_04-01-2026_saved_model/yolo11n_640_5-class_04-01-2026_float16.tflite,GPU_SUPPORTED,1,0.016,0.167,0.000,0.000,0
2026-04-06 21:57:01,12,85.732,89.682,58.470,0,0,GPU,31.383,LIGHT,yolo11n_640_5-class_04-01-2026_saved_model/yolo11n_640_5-class_04-01-2026_float16.tflite,GPU_SUPPORTED,1,0.652,0.654,0.589,0.648,2
2026-04-06 21:57:02,11,89.482,95.036,52.672,0,0,GPU,17.922,LIGHT,yolo11n_640_5-class_04-01-2026_saved_model/yolo11n_640_5-class_04-01-2026_float16.tflite,GPU_SUPPORTED,1,0.716,0.996,0.270,0.456,1
2026-04-06 21:57:03,11,86.891,89.649,54.002,0,0,GPU,25.508,LIGHT,yolo11n_640_5-class_04-01-2026_saved_model/yolo11n_640_5-class_04-01-2026_float16.tflite,GPU_SUPPORTED,0,,,,,0
2026-04-06 21:57:04,11,88.025,93.928,50.339,0,0,GPU,38.840,LIGHT,yolo11n_640_5-class_04-01-2026_saved_model/yolo11n_640_5-class_04-01-2026_float16.tflite,GPU_SUPPORTED,0,,,,,0
2026-04-06 21:57:05,11,93.672,105.918,52.671,0,0,GPU,13.293,LIGHT,yolo11n_640_5-class_04-01-2026_saved_model/yolo11n_640_5-class_04-01-2026_float16.tflite,GPU_SUPPORTED,1,0.079,0.158,0.239,-0.226,0
2026-04-06 21:57:06,9,100.531,102.679,56.626,0,0,GPU,31.348,LIGHT,yolo11n_640_5-class_04-01-2026_saved_model/yolo11n_640_5-class_04-01-2026_float16.tflite,GPU_SUPPORTED,1,0.620,0.540,0.588,0.514,0
2026-04-06 21:57:07,11,96.764,101.650,55.382,0,0,GPU,31.379,LIGHT,yolo11n_640_5-class_04-01-2026_saved_model/yolo11n_640_5-class_04-01-2026_float16.tflite,GPU_SUPPORTED,1,1.000,1.000,0.483,0.653,6
2026-04-06 21:57:08,10,97.272,105.564,56.288,0,0,GPU,19.582,LIGHT,yolo11n_640_5-class_04-01-2026_saved_model/yolo11n_640_5-class_04-01-2026_float16.tflite,GPU_SUPPORTED,0,,,,,0
2026-04-06 21:57:09,10,98.246,102.561,53.050,0,0,GPU,18.402,LIGHT,yolo11n_640_5-class_04-01-2026_saved_model/yolo11n_640_5-class_04-01-2026_float16.tflite,GPU_SUPPORTED,0,,,,,0
2026-04-06 21:57:10,10,96.232,99.214,53.291,0,0,GPU,26.656,LIGHT,yolo11n_640_5-class_04-01-2026_saved_model/yolo11n_640_5-class_04-01-2026_float16.tflite,GPU_SUPPORTED,0,,,,,0
2026-04-06 21:57:11,10,95.483,101.532,52.462,0,0,GPU,31.379,LIGHT,yolo11n_640_5-class_04-01-2026_saved_model/yolo11n_640_5-class_04-01-2026_float16.tflite,GPU_SUPPORTED,0,,,,,0
2026-04-06 21:57:12,10,97.472,100.536,53.610,0,0,GPU,31.348,LIGHT,yolo11n_640_5-class_04-01-2026_saved_model/yolo11n_640_5-class_04-01-2026_float16.tflite,GPU_SUPPORTED,0,,,,,0
2026-04-06 21:57:13,10,96.847,98.130,54.647,0,0,GPU,17.828,LIGHT,yolo11n_640_5-class_04-01-2026_saved_model/yolo11n_640_5-class_04-01-2026_float16.tflite,GPU_SUPPORTED,1,0.500,0.500,0.000,0.000,3
2026-04-06 21:57:14,11,95.413,99.508,54.234,0,0,GPU,33.367,LIGHT,yolo11n_640_5-class_04-01-2026_saved_model/yolo11n_640_5-class_04-01-2026_float16.tflite,GPU_SUPPORTED,0,,,,,0
2026-04-06 21:57:15,10,96.972,102.716,55.409,0,0,GPU,20.758,MODERATE,yolo11n_640_5-class_04-01-2026_saved_model/yolo11n_640_5-class_04-01-2026_float16.tflite,GPU_SUPPORTED,1,0.562,0.581,-0.051,0.052,5
2026-04-06 21:57:16,10,97.768,103.098,56.923,0,0,GPU,21.965,MODERATE,yolo11n_640_5-class_04-01-2026_saved_model/yolo11n_640_5-class_04-01-2026_float16.tflite,GPU_SUPPORTED,1,0.589,0.417,0.003,-0.104,0
2026-04-06 21:57:17,10,96.303,99.687,52.728,0,0,GPU,17.797,MODERATE,yolo11n_640_5-class_04-01-2026_saved_model/yolo11n_640_5-class_04-01-2026_float16.tflite,GPU_SUPPORTED,1,0.701,0.249,0.062,-0.132,1
2026-04-06 21:57:18,10,95.012,98.622,54.461,0,0,GPU,17.859,MODERATE,yolo11n_640_5-class_04-01-2026_saved_model/yolo11n_640_5-class_04-01-2026_float16.tflite,GPU_SUPPORTED,0,,,,,0
2026-04-06 21:57:19,10,97.655,104.973,56.564,0,0,GPU,30.168,MODERATE,yolo11n_640_5-class_04-01-2026_saved_model/yolo11n_640_5-class_04-01-2026_float16.tflite,GPU_SUPPORTED,1,0.587,0.757,-0.017,0.381,4
2026-04-06 21:57:20,10,98.460,104.791,60.849,0,0,GPU,17.922,MODERATE,yolo11n_640_5-class_04-01-2026_saved_model/yolo11n_640_5-class_04-01-2026_float16.tflite,GPU_SUPPORTED,1,0.618,0.476,0.000,0.000,0
2026-04-06 21:57:21,10,97.531,100.516,54.483,0,0,GPU,17.922,MODERATE,yolo11n_640_5-class_04-01-2026_saved_model/yolo11n_640_5-class_04-01-2026_float16.tflite,GPU_SUPPORTED,1,0.725,0.257,0.145,-0.228,0
2026-04-06 21:57:22,11,97.000,99.536,52.923,0,1,GPU,17.984,MODERATE,yolo11n_640_5-class_04-01-2026_saved_model/yolo11n_640_5-class_04-01-2026_float16.tflite,GPU_SUPPORTED,1,0.765,0.293,0.063,-0.047,0
2026-04-06 21:57:23,10,94.637,98.387,54.311,0,0,GPU,17.766,MODERATE,yolo11n_640_5-class_04-01-2026_saved_model/yolo11n_640_5-class_04-01-2026_float16.tflite,GPU_SUPPORTED,1,0.730,0.353,0.022,-0.001,8
2026-04-06 21:57:24,11,88.980,93.517,52.487,0,0,GPU,43.687,MODERATE,yolo11n_640_5-class_04-01-2026_saved_model/yolo11n_640_5-class_04-01-2026_float16.tflite,GPU_SUPPORTED,1,0.518,0.485,0.000,0.000,6
2026-04-06 21:57:25,10,97.241,101.393,54.912,0,0,GPU,31.774,MODERATE,yolo11n_640_5-class_04-01-2026_saved_model/yolo11n_640_5-class_04-01-2026_float16.tflite,GPU_SUPPORTED,1,0.598,0.518,0.046,-0.006,3
2026-04-06 21:57:26,11,93.672,99.082,54.522,0,0,GPU,31.410,MODERATE,yolo11n_640_5-class_04-01-2026_saved_model/yolo11n_640_5-class_04-01-2026_float16.tflite,GPU_SUPPORTED,1,0.667,0.249,0.057,-0.159,7
2026-04-06 21:57:27,10,96.785,101.344,57.140,0,0,GPU,18.402,MODERATE,yolo11n_640_5-class_04-01-2026_saved_model/yolo11n_640_5-class_04-01-2026_float16.tflite,GPU_SUPPORTED,1,0.788,0.279,0.079,-0.079,0
2026-04-06 21:57:29,10,100.449,106.220,55.374,0,0,GPU,17.984,MODERATE,yolo11n_640_5-class_04-01-2026_saved_model/yolo11n_640_5-class_04-01-2026_float16.tflite,GPU_SUPPORTED,1,0.786,0.327,0.038,-0.018,0
2026-04-06 21:57:30,10,95.355,102.691,55.401,0,0,GPU,25.481,MODERATE,yolo11n_640_5-class_04-01-2026_saved_model/yolo11n_640_5-class_04-01-2026_float16.tflite,GPU_SUPPORTED,1,0.745,0.467,0.006,0.055,0
2026-04-06 21:57:31,10,97.650,102.658,55.228,0,0,GPU,40.020,MODERATE,yolo11n_640_5-class_04-01-2026_saved_model/yolo11n_640_5-class_04-01-2026_float16.tflite,GPU_SUPPORTED,1,0.691,0.563,-0.026,0.074,0
2026-04-06 21:57:32,10,98.216,103.470,55.603,0,0,GPU,44.805,MODERATE,yolo11n_640_5-class_04-01-2026_saved_model/yolo11n_640_5-class_04-01-2026_float16.tflite,GPU_SUPPORTED,0,,,,,0
2026-04-06 21:57:33,10,96.165,98.475,54.582,0,0,GPU,26.688,MODERATE,yolo11n_640_5-class_04-01-2026_saved_model/yolo11n_640_5-class_04-01-2026_float16.tflite,GPU_SUPPORTED,1,0.720,0.207,0.147,-0.322,2
2026-04-06 21:57:34,10,96.403,101.432,52.971,0,0,GPU,17.734,MODERATE,yolo11n_640_5-class_04-01-2026_saved_model/yolo11n_640_5-class_04-01-2026_float16.tflite,GPU_SUPPORTED,1,0.853,0.276,0.135,-0.058,1
2026-04-06 21:57:35,10,98.199,101.444,52.883,0,0,GPU,31.348,MODERATE,yolo11n_640_5-class_04-01-2026_saved_model/yolo11n_640_5-class_04-01-2026_float16.tflite,GPU_SUPPORTED,1,0.929,0.486,0.106,0.076,1
2026-04-06 21:57:36,10,95.051,100.858,53.692,0,0,GPU,17.891,MODERATE,yolo11n_640_5-class_04-01-2026_saved_model/yolo11n_640_5-class_04-01-2026_float16.tflite,GPU_SUPPORTED,1,0.961,0.550,0.071,0.071,2
2026-04-06 21:57:37,10,97.309,99.451,54.174,0,0,GPU,31.348,MODERATE,yolo11n_640_5-class_04-01-2026_saved_model/yolo11n_640_5-class_04-01-2026_float16.tflite,GPU_SUPPORTED,0,,,,,0
2026-04-06 21:57:38,10,96.795,99.182,54.874,0,0,GPU,31.348,MODERATE,yolo11n_640_5-class_04-01-2026_saved_model/yolo11n_640_5-class_04-01-2026_float16.tflite,GPU_SUPPORTED,0,,,,,0
2026-04-06 21:57:39,10,100.779,105.184,57.179,0,0,GPU,17.922,MODERATE,yolo11n_640_5-class_04-01-2026_saved_model/yolo11n_640_5-class_04-01-2026_float16.tflite,GPU_SUPPORTED,1,0.928,0.421,0.010,-0.103,4
2026-04-06 21:57:40,11,95.996,101.011,54.633,0,0,GPU,31.348,MODERATE,yolo11n_640_5-class_04-01-2026_saved_model/yolo11n_640_5-class_04-01-2026_float16.tflite,GPU_SUPPORTED,0,,,,,0
2026-04-06 21:57:41,10,95.727,102.016,53.774,0,0,GPU,31.348,MODERATE,yolo11n_640_5-class_04-01-2026_saved_model/yolo11n_640_5-class_04-01-2026_float16.tflite,GPU_SUPPORTED,0,,,,,0
2026-04-06 21:57:42,10,94.286,95.630,57.857,0,0,GPU,26.719,MODERATE,yolo11n_640_5-class_04-01-2026_saved_model/yolo11n_640_5-class_04-01-2026_float16.tflite,GPU_SUPPORTED,0,,,,,0
2026-04-06 21:57:43,10,97.567,103.140,55.305,0,0,GPU,17.891,MODERATE,yolo11n_640_5-class_04-01-2026_saved_model/yolo11n_640_5-class_04-01-2026_float16.tflite,GPU_SUPPORTED,0,,,,,0
2026-04-06 21:57:44,11,95.793,107.059,54.712,0,1,GPU,13.328,MODERATE,yolo11n_640_5-class_04-01-2026_saved_model/yolo11n_640_5-class_04-01-2026_float16.tflite,GPU_SUPPORTED,1,0.974,0.039,0.000,0.000,7
2026-04-06 21:57:45,11,88.740,93.174,57.251,0,0,GPU,38.809,MODERATE,yolo11n_640_5-class_04-01-2026_saved_model/yolo11n_640_5-class_04-01-2026_float16.tflite,GPU_SUPPORTED,1,0.944,0.089,0.000,0.000,5
2026-04-06 21:57:46,10,98.893,106.163,54.527,0,0,GPU,32.946,MODERATE,yolo11n_640_5-class_04-01-2026_saved_model/yolo11n_640_5-class_04-01-2026_float16.tflite,GPU_SUPPORTED,1,0.848,0.377,0.014,-0.041,0
2026-04-06 21:57:47,10,97.720,101.852,54.144,0,0,GPU,34.121,MODERATE,yolo11n_640_5-class_04-01-2026_saved_model/yolo11n_640_5-class_04-01-2026_float16.tflite,GPU_SUPPORTED,1,0.893,0.396,0.045,0.043,2
2026-04-06 21:57:48,10,97.173,100.054,54.240,0,0,GPU,26.656,MODERATE,yolo11n_640_5-class_04-01-2026_saved_model/yolo11n_640_5-class_04-01-2026_float16.tflite,GPU_SUPPORTED,1,0.867,0.529,0.004,0.086,1
2026-04-06 21:57:49,10,98.019,107.816,57.803,0,0,GPU,26.656,MODERATE,yolo11n_640_5-class_04-01-2026_saved_model/yolo11n_640_5-class_04-01-2026_float16.tflite,GPU_SUPPORTED,1,0.870,0.435,0.000,0.000,0
2026-04-06 21:57:50,10,97.331,100.393,54.491,0,0,GPU,31.379,MODERATE,yolo11n_640_5-class_04-01-2026_saved_model/yolo11n_640_5-class_04-01-2026_float16.tflite,GPU_SUPPORTED,1,0.832,0.182,-0.038,-0.182,2
2026-04-06 21:57:51,10,97.291,103.415,53.895,0,0,GPU,26.688,MODERATE,yolo11n_640_5-class_04-01-2026_saved_model/yolo11n_640_5-class_04-01-2026_float16.tflite,GPU_SUPPORTED,1,0.821,0.324,-0.020,0.027,1
2026-04-06 21:57:52,10,97.780,103.226,52.792,0,0,GPU,31.348,MODERATE,yolo11n_640_5-class_04-01-2026_saved_model/yolo11n_640_5-class_04-01-2026_float16.tflite,GPU_SUPPORTED,1,0.796,0.442,-0.023,0.077,0
2026-04-06 21:57:53,10,95.926,102.533,53.965,0,0,GPU,17.891,MODERATE,yolo11n_640_5-class_04-01-2026_saved_model/yolo11n_640_5-class_04-01-2026_float16.tflite,GPU_SUPPORTED,1,0.773,0.507,-0.023,0.072,7
2026-04-06 21:57:54,10,95.798,100.762,54.779,0,0,GPU,17.859,MODERATE,yolo11n_640_5-class_04-01-2026_saved_model/yolo11n_640_5-class_04-01-2026_float16.tflite,GPU_SUPPORTED,1,0.754,0.576,-0.023,0.073,2
2026-04-06 21:57:55,11,94.322,101.511,55.198,0,0,GPU,25.512,MODERATE,yolo11n_640_5-class_04-01-2026_saved_model/yolo11n_640_5-class_04-01-2026_float16.tflite,GPU_SUPPORTED,1,0.622,0.574,-0.070,0.036,0
2026-04-06 21:57:56,10,98.228,102.278,55.887,0,0,GPU,26.625,MODERATE,yolo11n_640_5-class_04-01-2026_saved_model/yolo11n_640_5-class_04-01-2026_float16.tflite,GPU_SUPPORTED,1,0.542,0.588,-0.074,0.027,8
2026-04-06 21:57:57,10,97.518,103.823,54.243,0,0,GPU,25.480,MODERATE,yolo11n_640_5-class_04-01-2026_saved_model/yolo11n_640_5-class_04-01-2026_float16.tflite,GPU_SUPPORTED,1,0.573,0.430,-0.027,-0.057,0
2026-04-06 21:57:58,10,98.024,104.577,53.094,0,0,GPU,21.965,MODERATE,yolo11n_640_5-class_04-01-2026_saved_model/yolo11n_640_5-class_04-01-2026_float16.tflite,GPU_SUPPORTED,1,0.568,0.329,-0.019,-0.073,9
2026-04-06 21:57:59,10,99.874,104.517,53.142,0,0,GPU,34.121,MODERATE,yolo11n_640_5-class_04-01-2026_saved_model/yolo11n_640_5-class_04-01-2026_float16.tflite,GPU_SUPPORTED,1,0.804,0.519,0.000,0.000,2
2026-04-06 21:58:00,10,99.031,102.807,53.320,0,0,GPU,19.582,MODERATE,yolo11n_640_5-class_04-01-2026_saved_model/yolo11n_640_5-class_04-01-2026_float16.tflite,GPU_SUPPORTED,1,0.540,0.534,-0.332,0.047,0
2026-04-06 21:58:01,10,97.435,100.546,53.374,0,0,GPU,20.758,MODERATE,yolo11n_640_5-class_04-01-2026_saved_model/yolo11n_640_5-class_04-01-2026_float16.tflite,GPU_SUPPORTED,1,0.261,0.578,-0.300,0.045,9
2026-04-06 21:58:02,10,96.994,103.316,54.544,0,0,GPU,26.688,MODERATE,yolo11n_640_5-class_04-01-2026_saved_model/yolo11n_640_5-class_04-01-2026_float16.tflite,GPU_SUPPORTED,1,0.471,0.463,-0.089,-0.024,2
2026-04-06 21:58:03,10,98.640,104.826,53.233,0,0,GPU,20.789,MODERATE,yolo11n_640_5-class_04-01-2026_saved_model/yolo11n_640_5-class_04-01-2026_float16.tflite,GPU_SUPPORTED,1,0.481,0.334,-0.055,-0.060,8
2026-04-06 21:58:04,10,96.043,101.518,55.519,0,0,GPU,43.531,MODERATE,yolo11n_640_5-class_04-01-2026_saved_model/yolo11n_640_5-class_04-01-2026_float16.tflite,GPU_SUPPORTED,1,0.740,0.431,0.047,-0.007,3
2026-04-06 21:58:05,10,97.757,103.472,56.106,0,0,GPU,31.348,MODERATE,yolo11n_640_5-class_04-01-2026_saved_model/yolo11n_640_5-class_04-01-2026_float16.tflite,GPU_SUPPORTED,1,0.767,0.486,0.037,0.019,0
2026-04-06 21:58:06,10,98.421,103.040,55.170,0,0,GPU,44.742,MODERATE,yolo11n_640_5-class_04-01-2026_saved_model/yolo11n_640_5-class_04-01-2026_float16.tflite,GPU_SUPPORTED,1,0.756,0.527,0.016,0.027,0
2026-04-06 21:58:07,10,98.410,104.092,56.497,0,0,GPU,40.020,MODERATE,yolo11n_640_5-class_04-01-2026_saved_model/yolo11n_640_5-class_04-01-2026_float16.tflite,GPU_SUPPORTED,1,0.711,0.527,-0.016,0.015,0
2026-04-06 21:58:08,10,101.150,107.689,54.883,0,0,GPU,31.348,MODERATE,yolo11n_640_5-class_04-01-2026_saved_model/yolo11n_640_5-class_04-01-2026_float16.tflite,GPU_SUPPORTED,1,0.613,0.541,-0.056,0.013,0
2026-04-06 21:58:09,10,96.449,101.332,57.769,0,0,GPU,26.656,MODERATE,yolo11n_640_5-class_04-01-2026_saved_model/yolo11n_640_5-class_04-01-2026_float16.tflite,GPU_SUPPORTED,1,0.552,0.543,-0.059,0.009,0
2026-04-06 21:58:10,10,98.992,103.217,54.871,0,0,GPU,19.582,MODERATE,yolo11n_640_5-class_04-01-2026_saved_model/yolo11n_640_5-class_04-01-2026_float16.tflite,GPU_SUPPORTED,1,0.541,0.443,-0.036,-0.046,0
2026-04-06 21:58:11,10,97.499,100.657,54.833,0,1,GPU,18.438,MODERATE,yolo11n_640_5-class_04-01-2026_saved_model/yolo11n_640_5-class_04-01-2026_float16.tflite,GPU_SUPPORTED,0,,,,,0
2026-04-06 21:58:12,10,97.710,101.145,54.964,0,0,GPU,20.789,MODERATE,yolo11n_640_5-class_04-01-2026_saved_model/yolo11n_640_5-class_04-01-2026_float16.tflite,GPU_SUPPORTED,1,0.763,0.463,-0.031,-0.147,2
2026-04-06 21:58:13,10,97.700,105.220,52.579,0,0,GPU,20.789,MODERATE,yolo11n_640_5-class_04-01-2026_saved_model/yolo11n_640_5-class_04-01-2026_float16.tflite,GPU_SUPPORTED,1,0.587,0.567,-0.132,0.026,3
2026-04-06 21:58:14,10,97.664,99.984,53.864,0,0,GPU,26.688,MODERATE,yolo11n_640_5-class_04-01-2026_saved_model/yolo11n_640_5-class_04-01-2026_float16.tflite,GPU_SUPPORTED,1,0.496,0.525,-0.111,-0.008,4
2026-04-06 21:58:15,10,97.800,101.524,54.578,0,0,GPU,21.965,MODERATE,yolo11n_640_5-class_04-01-2026_saved_model/yolo11n_640_5-class_04-01-2026_float16.tflite,GPU_SUPPORTED,1,0.533,0.563,-0.055,0.010,1
2026-04-06 21:58:16,10,96.944,100.915,51.937,0,0,GPU,21.996,MODERATE,yolo11n_640_5-class_04-01-2026_saved_model/yolo11n_640_5-class_04-01-2026_float16.tflite,GPU_SUPPORTED,0,,,,,0
2026-04-06 21:58:17,10,100.511,103.500,54.438,0,0,GPU,32.946,MODERATE,yolo11n_640_5-class_04-01-2026_saved_model/yolo11n_640_5-class_04-01-2026_float16.tflite,GPU_SUPPORTED,0,,,,,0
2026-04-06 21:58:18,10,98.811,104.326,53.817,0,0,GPU,38.813,MODERATE,yolo11n_640_5-class_04-01-2026_saved_model/yolo11n_640_5-class_04-01-2026_float16.tflite,GPU_SUPPORTED,1,0.488,0.526,-0.569,-0.600,0
2026-04-06 21:58:19,10,100.099,103.047,53.914,0,0,GPU,34.153,MODERATE,yolo11n_640_5-class_04-01-2026_saved_model/yolo11n_640_5-class_04-01-2026_float16.tflite,GPU_SUPPORTED,1,0.794,0.884,0.061,0.091,0
2026-04-06 21:58:20,10,97.916,100.882,55.152,0,0,GPU,20.820,MODERATE,yolo11n_640_5-class_04-01-2026_saved_model/yolo11n_640_5-class_04-01-2026_float16.tflite,GPU_SUPPORTED,1,0.802,0.848,0.037,0.021,0
2026-04-06 21:58:21,9,101.231,105.584,55.368,0,0,GPU,17.922,MODERATE,yolo11n_640_5-class_04-01-2026_saved_model/yolo11n_640_5-class_04-01-2026_float16.tflite,GPU_SUPPORTED,1,0.856,0.921,0.045,0.047,0
2026-04-06 21:58:22,11,97.491,99.828,55.263,0,0,GPU,31.379,MODERATE,yolo11n_640_5-class_04-01-2026_saved_model/yolo11n_640_5-class_04-01-2026_float16.tflite,GPU_SUPPORTED,1,0.862,0.713,0.029,-0.061,0
2026-04-06 21:58:23,10,97.787,102.328,54.502,0,0,GPU,31.379,MODERATE,yolo11n_640_5-class_04-01-2026_saved_model/yolo11n_640_5-class_04-01-2026_float16.tflite,GPU_SUPPORTED,1,0.705,0.604,-0.064,-0.081,1
2026-04-06 21:58:24,10,93.971,98.893,52.412,0,0,GPU,26.656,MODERATE,yolo11n_640_5-class_04-01-2026_saved_model/yolo11n_640_5-class_04-01-2026_float16.tflite,GPU_SUPPORTED,1,0.589,0.553,-0.091,-0.068,0
2026-04-06 21:58:25,10,97.582,101.051,55.819,0,0,GPU,13.168,MODERATE,yolo11n_640_5-class_04-01-2026_saved_model/yolo11n_640_5-class_04-01-2026_float16.tflite,GPU_SUPPORTED,1,0.630,0.322,-0.015,-0.162,0
2026-04-06 21:58:26,11,92.571,102.322,53.515,0,0,GPU,26.625,MODERATE,yolo11n_640_5-class_04-01-2026_saved_model/yolo11n_640_5-class_04-01-2026_float16.tflite,GPU_SUPPORTED,1,0.881,0.251,0.122,-0.090,0
2026-04-06 21:58:27,10,98.662,102.908,54.382,0,0,GPU,34.153,MODERATE,yolo11n_640_5-class_04-01-2026_saved_model/yolo11n_640_5-class_04-01-2026_float16.tflite,GPU_SUPPORTED,1,1.000,0.435,0.124,0.044,0
2026-04-06 21:58:28,10,97.345,100.873,53.540,0,0,GPU,27.047,MODERATE,yolo11n_640_5-class_04-01-2026_saved_model/yolo11n_640_5-class_04-01-2026_float16.tflite,GPU_SUPPORTED,1,1.000,0.570,0.058,0.083,0
2026-04-06 21:58:29,10,98.598,105.998,57.417,0,0,GPU,26.656,MODERATE,yolo11n_640_5-class_04-01-2026_saved_model/yolo11n_640_5-class_04-01-2026_float16.tflite,GPU_SUPPORTED,1,0.834,0.638,-0.067,0.072,0
2026-04-06 21:58:30,10,98.630,101.212,56.012,0,0,GPU,26.656,MODERATE,yolo11n_640_5-class_04-01-2026_saved_model/yolo11n_640_5-class_04-01-2026_float16.tflite,GPU_SUPPORTED,1,0.625,0.582,-0.130,0.012,0
2026-04-06 21:58:31,10,98.486,101.734,54.209,0,0,GPU,26.656,MODERATE,yolo11n_640_5-class_04-01-2026_saved_model/yolo11n_640_5-class_04-01-2026_float16.tflite,GPU_SUPPORTED,1,0.571,0.478,-0.088,-0.052,1
2026-04-06 21:58:32,10,97.145,100.776,55.223,0,0,GPU,39.989,MODERATE,yolo11n_640_5-class_04-01-2026_saved_model/yolo11n_640_5-class_04-01-2026_float16.tflite,GPU_SUPPORTED,1,0.671,0.330,-0.001,-0.098,3
2026-04-06 21:58:33,10,95.353,99.332,56.127,0,0,GPU,13.043,MODERATE,yolo11n_640_5-class_04-01-2026_saved_model/yolo11n_640_5-class_04-01-2026_float16.tflite,GPU_SUPPORTED,1,0.889,0.383,0.094,-0.033,1
2026-04-06 21:58:34,10,94.861,101.378,53.797,0,0,GPU,16.648,MODERATE,yolo11n_640_5-class_04-01-2026_saved_model/yolo11n_640_5-class_04-01-2026_float16.tflite,GPU_SUPPORTED,1,0.991,0.713,0.095,0.103,0
2026-04-06 21:58:35,10,98.245,104.607,55.758,0,0,GPU,30.172,MODERATE,yolo11n_640_5-class_04-01-2026_saved_model/yolo11n_640_5-class_04-01-2026_float16.tflite,GPU_SUPPORTED,1,0.974,0.822,0.042,0.105,0
2026-04-06 21:58:36,10,97.730,103.174,55.113,0,0,GPU,31.348,MODERATE,yolo11n_640_5-class_04-01-2026_saved_model/yolo11n_640_5-class_04-01-2026_float16.tflite,GPU_SUPPORTED,1,0.735,0.649,-0.109,-0.040,3
2026-04-06 21:58:37,10,97.082,102.948,56.241,0,0,GPU,16.621,MODERATE,yolo11n_640_5-class_04-01-2026_saved_model/yolo11n_640_5-class_04-01-2026_float16.tflite,GPU_SUPPORTED,1,0.680,0.593,-0.085,-0.047,5
2026-04-06 21:58:38,10,99.256,102.920,55.629,0,0,GPU,17.891,MODERATE,yolo11n_640_5-class_04-01-2026_saved_model/yolo11n_640_5-class_04-01-2026_float16.tflite,GPU_SUPPORTED,1,0.670,0.574,-0.055,-0.036,1
2026-04-06 21:58:39,10,97.410,103.950,54.329,0,0,GPU,30.199,MODERATE,yolo11n_640_5-class_04-01-2026_saved_model/yolo11n_640_5-class_04-01-2026_float16.tflite,GPU_SUPPORTED,1,0.700,0.461,-0.016,-0.074,0
2026-04-06 21:58:40,11,91.232,97.381,54.417,0,0,GPU,17.922,MODERATE,yolo11n_640_5-class_04-01-2026_saved_model/yolo11n_640_5-class_04-01-2026_float16.tflite,GPU_SUPPORTED,1,0.762,0.353,0.020,-0.088,2
2026-04-06 21:58:41,10,97.660,103.012,55.380,0,0,GPU,31.738,MODERATE,yolo11n_640_5-class_04-01-2026_saved_model/yolo11n_640_5-class_04-01-2026_float16.tflite,GPU_SUPPORTED,1,0.912,0.473,0.077,0.000,2
2026-04-06 21:58:42,10,98.364,104.595,54.313,0,0,GPU,16.605,MODERATE,yolo11n_640_5-class_04-01-2026_saved_model/yolo11n_640_5-class_04-01-2026_float16.tflite,GPU_SUPPORTED,1,0.772,0.565,-0.015,0.038,2
2026-04-06 21:58:43,10,98.563,105.170,54.546,0,0,GPU,16.605,MODERATE,yolo11n_640_5-class_04-01-2026_saved_model/yolo11n_640_5-class_04-01-2026_float16.tflite,GPU_SUPPORTED,1,0.725,0.609,-0.028,0.041,7
2026-04-06 21:58:44,10,97.612,106.687,54.949,0,0,GPU,31.367,MODERATE,yolo11n_640_5-class_04-01-2026_saved_model/yolo11n_640_5-class_04-01-2026_float16.tflite,GPU_SUPPORTED,1,0.763,0.337,0.036,-0.074,4
2026-04-06 21:58:45,10,95.988,98.661,54.254,0,0,GPU,17.941,MODERATE,yolo11n_640_5-class_04-01-2026_saved_model/yolo11n_640_5-class_04-01-2026_float16.tflite,GPU_SUPPORTED,1,0.821,0.411,0.032,0.041,0
2026-04-06 21:58:46,10,97.343,102.178,55.055,0,0,GPU,17.879,MODERATE,yolo11n_640_5-class_04-01-2026_saved_model/yolo11n_640_5-class_04-01-2026_float16.tflite,GPU_SUPPORTED,1,0.772,0.515,-0.015,0.074,2
2026-04-06 21:58:47,11,92.111,100.740,56.203,0,0,GPU,31.399,MODERATE,yolo11n_640_5-class_04-01-2026_saved_model/yolo11n_640_5-class_04-01-2026_float16.tflite,GPU_SUPPORTED,1,0.717,0.595,-0.032,0.077,2
2026-04-06 21:58:48,10,97.134,104.207,55.614,0,0,GPU,17.879,MODERATE,yolo11n_640_5-class_04-01-2026_saved_model/yolo11n_640_5-class_04-01-2026_float16.tflite,GPU_SUPPORTED,1,0.670,0.565,-0.040,0.025,1
2026-04-06 21:58:49,10,98.170,105.581,59.088,0,0,GPU,31.399,MODERATE,yolo11n_640_5-class_04-01-2026_saved_model/yolo11n_640_5-class_04-01-2026_float16.tflite,GPU_SUPPORTED,1,0.710,0.408,-0.000,-0.056,0
2026-04-06 21:58:50,10,97.692,103.324,55.176,0,0,GPU,17.879,MODERATE,yolo11n_640_5-class_04-01-2026_saved_model/yolo11n_640_5-class_04-01-2026_float16.tflite,GPU_SUPPORTED,0,,,,,0
2026-04-06 21:58:51,10,97.445,103.148,54.088,0,0,GPU,17.910,MODERATE,yolo11n_640_5-class_04-01-2026_saved_model/yolo11n_640_5-class_04-01-2026_float16.tflite,GPU_SUPPORTED,1,0.746,0.484,0.000,0.000,1
2026-04-06 21:58:52,10,96.574,99.888,55.916,0,0,GPU,17.941,MODERATE,yolo11n_640_5-class_04-01-2026_saved_model/yolo11n_640_5-class_04-01-2026_float16.tflite,GPU_SUPPORTED,1,0.732,0.588,-0.010,0.073,8
2026-04-06 21:58:53,10,99.789,105.143,53.454,0,0,GPU,17.879,MODERATE,yolo11n_640_5-class_04-01-2026_saved_model/yolo11n_640_5-class_04-01-2026_float16.tflite,GPU_SUPPORTED,1,0.730,0.408,0.008,-0.026,1
2026-04-06 21:58:54,10,98.087,101.104,54.434,0,0,GPU,17.879,MODERATE,yolo11n_640_5-class_04-01-2026_saved_model/yolo11n_640_5-class_04-01-2026_float16.tflite,GPU_SUPPORTED,1,0.804,0.367,0.057,-0.023,0
2026-04-06 21:58:55,10,97.204,102.397,55.307,0,0,GPU,30.223,MODERATE,yolo11n_640_5-class_04-01-2026_saved_model/yolo11n_640_5-class_04-01-2026_float16.tflite,GPU_SUPPORTED,1,0.725,0.464,-0.033,0.054,0
2026-04-06 21:58:56,11,96.589,100.320,55.615,0,0,GPU,32.965,MODERATE,yolo11n_640_5-class_04-01-2026_saved_model/yolo11n_640_5-class_04-01-2026_float16.tflite,GPU_SUPPORTED,1,0.656,0.541,-0.046,0.060,0
2026-04-06 21:58:57,10,99.300,102.808,54.628,0,0,GPU,18.395,MODERATE,yolo11n_640_5-class_04-01-2026_saved_model/yolo11n_640_5-class_04-01-2026_float16.tflite,GPU_SUPPORTED,1,0.624,0.566,-0.038,0.042,2
2026-04-06 21:58:58,11,89.866,93.041,54.055,0,0,GPU,30.188,MODERATE,yolo11n_640_5-class_04-01-2026_saved_model/yolo11n_640_5-class_04-01-2026_float16.tflite,GPU_SUPPORTED,1,0.643,0.565,-0.014,0.023,4
2026-04-06 21:58:59,11,90.053,96.598,53.015,0,0,GPU,18.004,MODERATE,yolo11n_640_5-class_04-01-2026_saved_model/yolo11n_640_5-class_04-01-2026_float16.tflite,GPU_SUPPORTED,1,0.659,0.476,-0.002,-0.021,9
2026-04-06 21:59:00,11,86.633,89.400,53.116,0,0,GPU,31.367,MODERATE,yolo11n_640_5-class_04-01-2026_saved_model/yolo11n_640_5-class_04-01-2026_float16.tflite,GPU_SUPPORTED,1,0.840,0.349,-0.008,0.023,0
2026-04-06 21:59:01,11,90.273,99.797,52.929,0,0,GPU,38.922,MODERATE,yolo11n_640_5-class_04-01-2026_saved_model/yolo11n_640_5-class_04-01-2026_float16.tflite,GPU_SUPPORTED,1,0.844,0.362,0.001,0.015,8
2026-04-06 21:59:02,11,90.528,95.966,54.798,0,0,GPU,19.602,MODERATE,yolo11n_640_5-class_04-01-2026_saved_model/yolo11n_640_5-class_04-01-2026_float16.tflite,GPU_SUPPORTED,1,0.874,0.494,0.017,0.081,1
2026-04-06 21:59:03,11,89.115,94.129,53.413,0,0,GPU,40.039,MODERATE,yolo11n_640_5-class_04-01-2026_saved_model/yolo11n_640_5-class_04-01-2026_float16.tflite,GPU_SUPPORTED,1,0.888,0.533,0.013,0.045,1
2026-04-06 21:59:04,11,89.334,89.886,56.067,0,0,GPU,25.465,MODERATE,yolo11n_640_5-class_04-01-2026_saved_model/yolo11n_640_5-class_04-01-2026_float16.tflite,GPU_SUPPORTED,1,0.826,0.594,-0.031,0.056,1
2026-04-06 21:59:05,11,91.424,100.670,55.195,0,1,GPU,31.399,MODERATE,yolo11n_640_5-class_04-01-2026_saved_model/yolo11n_640_5-class_04-01-2026_float16.tflite,GPU_SUPPORTED,1,0.705,0.525,-0.069,0.007,0
2026-04-06 21:59:06,9,99.819,106.299,53.989,0,0,GPU,31.367,MODERATE,yolo11n_640_5-class_04-01-2026_saved_model/yolo11n_640_5-class_04-01-2026_float16.tflite,GPU_SUPPORTED,1,0.628,0.538,-0.073,0.010,0
2026-04-06 21:59:07,11,91.547,97.490,56.068,0,0,GPU,17.754,MODERATE,yolo11n_640_5-class_04-01-2026_saved_model/yolo11n_640_5-class_04-01-2026_float16.tflite,GPU_SUPPORTED,1,0.602,0.541,-0.050,0.007,0
2026-04-06 21:59:08,10,97.772,105.876,53.937,0,0,GPU,30.223,MODERATE,yolo11n_640_5-class_04-01-2026_saved_model/yolo11n_640_5-class_04-01-2026_float16.tflite,GPU_SUPPORTED,1,0.575,0.534,-0.040,0.001,7
2026-04-06 21:59:09,10,97.800,104.878,55.060,0,0,GPU,17.848,MODERATE,yolo11n_640_5-class_04-01-2026_saved_model/yolo11n_640_5-class_04-01-2026_float16.tflite,GPU_SUPPORTED,0,,,,,0
2026-04-06 21:59:10,10,96.968,103.557,54.219,0,0,GPU,30.191,MODERATE,yolo11n_640_5-class_04-01-2026_saved_model/yolo11n_640_5-class_04-01-2026_float16.tflite,GPU_SUPPORTED,1,0.894,0.377,0.025,-0.192,2
2026-04-06 21:59:11,10,97.217,103.581,53.597,0,0,GPU,31.367,MODERATE,yolo11n_640_5-class_04-01-2026_saved_model/yolo11n_640_5-class_04-01-2026_float16.tflite,GPU_SUPPORTED,1,0.781,0.507,-0.073,0.041,9
2026-04-06 21:59:12,10,96.880,103.070,55.431,0,0,GPU,17.910,MODERATE,yolo11n_640_5-class_04-01-2026_saved_model/yolo11n_640_5-class_04-01-2026_float16.tflite,GPU_SUPPORTED,1,0.801,0.477,0.000,-0.034,3
2026-04-06 21:59:13,10,97.309,102.935,55.027,0,0,GPU,30.219,MODERATE,yolo11n_640_5-class_04-01-2026_saved_model/yolo11n_640_5-class_04-01-2026_float16.tflite,GPU_SUPPORTED,1,0.821,0.280,0.016,-0.143,0
2026-04-06 21:59:14,10,97.465,103.133,56.947,0,0,GPU,31.367,MODERATE,yolo11n_640_5-class_04-01-2026_saved_model/yolo11n_640_5-class_04-01-2026_float16.tflite,GPU_SUPPORTED,1,0.839,0.338,0.017,-0.031,0
2026-04-06 21:59:15,10,98.764,102.731,61.135,0,0,GPU,31.399,MODERATE,yolo11n_640_5-class_04-01-2026_saved_model/yolo11n_640_5-class_04-01-2026_float16.tflite,GPU_SUPPORTED,1,0.848,0.414,0.014,0.010,1
2026-04-06 21:59:16,11,97.610,103.533,55.304,0,1,GPU,31.399,MODERATE,yolo11n_640_5-class_04-01-2026_saved_model/yolo11n_640_5-class_04-01-2026_float16.tflite,GPU_SUPPORTED,1,0.858,0.491,0.011,0.037,2
2026-04-06 21:59:17,10,96.885,102.916,54.518,0,0,GPU,32.965,MODERATE,yolo11n_640_5-class_04-01-2026_saved_model/yolo11n_640_5-class_04-01-2026_float16.tflite,GPU_SUPPORTED,1,0.843,0.534,-0.000,0.039,7
2026-04-06 21:59:18,10,99.320,104.721,54.928,0,0,GPU,21.199,MODERATE,yolo11n_640_5-class_04-01-2026_saved_model/yolo11n_640_5-class_04-01-2026_float16.tflite,GPU_SUPPORTED,1,0.811,0.309,-0.013,-0.070,2
2026-04-06 21:59:19,10,99.711,104.397,55.546,0,0,GPU,18.004,MODERATE,yolo11n_640_5-class_04-01-2026_saved_model/yolo11n_640_5-class_04-01-2026_float16.tflite,GPU_SUPPORTED,1,0.815,0.334,-0.006,-0.028,3
2026-04-06 21:59:20,10,97.240,100.024,55.282,0,0,GPU,19.570,MODERATE,yolo11n_640_5-class_04-01-2026_saved_model/yolo11n_640_5-class_04-01-2026_float16.tflite,GPU_SUPPORTED,1,0.863,0.443,0.016,0.027,1
2026-04-06 21:59:21,10,94.527,100.201,52.648,0,0,GPU,26.676,MODERATE,yolo11n_640_5-class_04-01-2026_saved_model/yolo11n_640_5-class_04-01-2026_float16.tflite,GPU_SUPPORTED,1,0.903,0.501,0.025,0.038,5
2026-04-06 21:59:22,10,96.532,100.668,54.592,0,0,GPU,31.789,MODERATE,yolo11n_640_5-class_04-01-2026_saved_model/yolo11n_640_5-class_04-01-2026_float16.tflite,GPU_SUPPORTED,0,,,,,0
2026-04-06 21:59:23,10,98.400,101.522,54.859,0,0,GPU,13.062,MODERATE,yolo11n_640_5-class_04-01-2026_saved_model/yolo11n_640_5-class_04-01-2026_float16.tflite,GPU_SUPPORTED,0,,,,,0
2026-04-06 21:59:24,10,95.462,96.656,57.700,0,0,GPU,31.399,MODERATE,yolo11n_640_5-class_04-01-2026_saved_model/yolo11n_640_5-class_04-01-2026_float16.tflite,GPU_SUPPORTED,1,0.870,0.298,0.000,0.000,0
2026-04-06 21:59:25,10,96.572,100.493,55.415,0,0,GPU,17.941,MODERATE,yolo11n_640_5-class_04-01-2026_saved_model/yolo11n_640_5-class_04-01-2026_float16.tflite,GPU_SUPPORTED,1,0.810,0.281,-0.054,0.047,2
2026-04-06 21:59:26,10,97.859,104.808,54.845,0,0,GPU,31.758,MODERATE,yolo11n_640_5-class_04-01-2026_saved_model/yolo11n_640_5-class_04-01-2026_float16.tflite,GPU_SUPPORTED,0,,,,,0
2026-04-06 21:59:27,10,103.000,106.389,55.918,0,0,GPU,17.754,MODERATE,yolo11n_640_5-class_04-01-2026_saved_model/yolo11n_640_5-class_04-01-2026_float16.tflite,GPU_SUPPORTED,0,,,,,0
2026-04-06 21:59:28,10,98.402,102.535,55.368,0,0,GPU,17.785,MODERATE,yolo11n_640_5-class_04-01-2026_saved_model/yolo11n_640_5-class_04-01-2026_float16.tflite,GPU_SUPPORTED,0,,,,,0
2026-04-06 21:59:29,10,97.415,98.891,55.947,0,0,GPU,12.969,MODERATE,yolo11n_640_5-class_04-01-2026_saved_model/yolo11n_640_5-class_04-01-2026_float16.tflite,GPU_SUPPORTED,0,,,,,0
2026-04-06 21:59:30,10,98.666,106.287,56.362,0,0,GPU,31.367,MODERATE,yolo11n_640_5-class_04-01-2026_saved_model/yolo11n_640_5-class_04-01-2026_float16.tflite,GPU_SUPPORTED,0,,,,,0
2026-04-06 21:59:31,10,96.976,102.490,54.668,0,0,GPU,31.367,MODERATE,yolo11n_640_5-class_04-01-2026_saved_model/yolo11n_640_5-class_04-01-2026_float16.tflite,GPU_SUPPORTED,1,0.000,0.030,-0.823,-0.451,2
2026-04-06 21:59:32,10,99.065,100.833,54.681,0,0,GPU,31.367,MODERATE,yolo11n_640_5-class_04-01-2026_saved_model/yolo11n_640_5-class_04-01-2026_float16.tflite,GPU_SUPPORTED,1,0.785,0.421,0.659,0.281,0
2026-04-06 21:59:33,10,97.740,102.516,55.898,0,0,GPU,17.879,MODERATE,yolo11n_640_5-class_04-01-2026_saved_model/yolo11n_640_5-class_04-01-2026_float16.tflite,GPU_SUPPORTED,0,,,,,0
2026-04-06 21:59:34,10,97.707,101.516,54.498,0,0,GPU,17.941,MODERATE,yolo11n_640_5-class_04-01-2026_saved_model/yolo11n_640_5-class_04-01-2026_float16.tflite,GPU_SUPPORTED,1,0.845,0.485,0.011,-0.016,2
2026-04-06 21:59:35,10,96.719,101.108,53.196,0,0,GPU,17.941,MODERATE,yolo11n_640_5-class_04-01-2026_saved_model/yolo11n_640_5-class_04-01-2026_float16.tflite,GPU_SUPPORTED,1,1.000,0.000,0.159,-0.467,4
2026-04-06 21:59:36,11,97.325,101.403,56.027,0,0,GPU,18.004,MODERATE,yolo11n_640_5-class_04-01-2026_saved_model/yolo11n_640_5-class_04-01-2026_float16.tflite,GPU_SUPPORTED,1,0.874,0.478,-0.009,0.070,2
2026-04-06 21:59:37,10,96.787,103.763,52.623,0,0,GPU,32.965,MODERATE,yolo11n_640_5-class_04-01-2026_saved_model/yolo11n_640_5-class_04-01-2026_float16.tflite,GPU_SUPPORTED,1,0.904,0.607,0.010,0.095,0
2026-04-06 21:59:38,10,96.832,101.796,54.506,0,0,GPU,25.496,MODERATE,yolo11n_640_5-class_04-01-2026_saved_model/yolo11n_640_5-class_04-01-2026_float16.tflite,GPU_SUPPORTED,1,0.961,0.704,0.037,0.102,0
2026-04-06 21:59:39,10,97.878,101.474,55.467,0,0,GPU,21.984,MODERATE,yolo11n_640_5-class_04-01-2026_saved_model/yolo11n_640_5-class_04-01-2026_float16.tflite,GPU_SUPPORTED,1,0.967,0.696,0.016,0.032,0
2026-04-06 21:59:40,10,96.963,100.011,54.453,0,0,GPU,26.676,MODERATE,yolo11n_640_5-class_04-01-2026_saved_model/yolo11n_640_5-class_04-01-2026_float16.tflite,GPU_SUPPORTED,1,0.992,0.757,0.020,0.045,0
2026-04-06 21:59:41,10,98.439,102.164,53.667,0,0,GPU,26.676,MODERATE,yolo11n_640_5-class_04-01-2026_saved_model/yolo11n_640_5-class_04-01-2026_float16.tflite,GPU_SUPPORTED,1,0.996,0.770,0.011,0.028,0
2026-04-06 21:59:42,10,99.048,105.258,57.195,0,0,GPU,26.676,MODERATE,yolo11n_640_5-class_04-01-2026_saved_model/yolo11n_640_5-class_04-01-2026_float16.tflite,GPU_SUPPORTED,1,0.975,0.739,-0.002,0.004,1
2026-04-06 21:59:43,10,98.829,104.198,54.847,0,0,GPU,31.785,MODERATE,yolo11n_640_5-class_04-01-2026_saved_model/yolo11n_640_5-class_04-01-2026_float16.tflite,GPU_SUPPORTED,1,0.975,0.651,-0.001,-0.043,1
2026-04-06 21:59:44,10,97.915,102.118,56.474,0,0,GPU,40.039,MODERATE,yolo11n_640_5-class_04-01-2026_saved_model/yolo11n_640_5-class_04-01-2026_float16.tflite,GPU_SUPPORTED,1,0.843,0.570,-0.051,-0.047,0
2026-04-06 21:59:45,10,94.857,97.918,51.787,0,0,GPU,17.910,MODERATE,yolo11n_640_5-class_04-01-2026_saved_model/yolo11n_640_5-class_04-01-2026_float16.tflite,GPU_SUPPORTED,1,0.895,0.643,-0.003,0.022,0
2026-04-06 21:59:46,11,94.485,102.631,56.372,0,0,GPU,31.430,MODERATE,yolo11n_640_5-class_04-01-2026_saved_model/yolo11n_640_5-class_04-01-2026_float16.tflite,GPU_SUPPORTED,1,0.928,0.670,0.011,0.014,2
2026-04-06 21:59:47,10,90.789,96.929,51.936,0,0,GPU,13.219,MODERATE,yolo11n_640_5-class_04-01-2026_saved_model/yolo11n_640_5-class_04-01-2026_float16.tflite,GPU_SUPPORTED,1,0.926,0.506,0.005,-0.066,6
2026-04-06 21:59:48,11,97.180,104.945,54.254,0,0,GPU,16.828,MODERATE,yolo11n_640_5-class_04-01-2026_saved_model/yolo11n_640_5-class_04-01-2026_float16.tflite,GPU_SUPPORTED,0,,,,,0
2026-04-06 21:59:49,10,98.533,104.417,55.438,0,1,GPU,30.223,MODERATE,yolo11n_640_5-class_04-01-2026_saved_model/yolo11n_640_5-class_04-01-2026_float16.tflite,GPU_SUPPORTED,1,0.806,0.009,-0.070,-0.746,0
2026-04-06 21:59:50,10,97.277,105.302,54.222,0,0,GPU,32.965,MODERATE,yolo11n_640_5-class_04-01-2026_saved_model/yolo11n_640_5-class_04-01-2026_float16.tflite,GPU_SUPPORTED,1,0.799,0.000,-0.016,-0.564,9
2026-04-06 21:59:51,10,97.196,102.419,54.414,0,0,GPU,34.172,MODERATE,yolo11n_640_5-class_04-01-2026_saved_model/yolo11n_640_5-class_04-01-2026_float16.tflite,GPU_SUPPORTED,0,,,,,0
2026-04-06 21:59:52,10,97.076,101.327,54.310,0,0,GPU,22.016,MODERATE,yolo11n_640_5-class_04-01-2026_saved_model/yolo11n_640_5-class_04-01-2026_float16.tflite,GPU_SUPPORTED,0,,,,,0
2026-04-06 21:59:53,10,98.423,101.396,54.772,0,0,GPU,22.016,MODERATE,yolo11n_640_5-class_04-01-2026_saved_model/yolo11n_640_5-class_04-01-2026_float16.tflite,GPU_SUPPORTED,0,,,,,0
2026-04-06 21:59:54,10,98.059,103.090,55.411,0,0,GPU,40.039,MODERATE,yolo11n_640_5-class_04-01-2026_saved_model/yolo11n_640_5-class_04-01-2026_float16.tflite,GPU_SUPPORTED,1,0.984,0.549,0.443,0.825,0
2026-04-06 21:59:55,10,98.203,104.795,52.881,0,0,GPU,26.676,MODERATE,yolo11n_640_5-class_04-01-2026_saved_model/yolo11n_640_5-class_04-01-2026_float16.tflite,GPU_SUPPORTED,1,0.951,0.619,0.023,-0.014,0
2026-04-06 21:59:56,10,97.616,103.389,53.262,0,0,GPU,26.707,MODERATE,yolo11n_640_5-class_04-01-2026_saved_model/yolo11n_640_5-class_04-01-2026_float16.tflite,GPU_SUPPORTED,1,0.987,0.236,0.033,-0.226,0
2026-04-06 21:59:57,10,97.390,100.437,54.325,0,0,GPU,26.707,MODERATE,yolo11n_640_5-class_04-01-2026_saved_model/yolo11n_640_5-class_04-01-2026_float16.tflite,GPU_SUPPORTED,0,,,,,0
2026-04-06 21:59:58,10,96.945,99.044,56.572,0,0,GPU,31.367,MODERATE,yolo11n_640_5-class_04-01-2026_saved_model/yolo11n_640_5-class_04-01-2026_float16.tflite,GPU_SUPPORTED,1,0.923,0.013,0.000,0.000,2
2026-04-06 21:59:59,10,98.499,103.806,54.139,0,0,GPU,44.793,MODERATE,yolo11n_640_5-class_04-01-2026_saved_model/yolo11n_640_5-class_04-01-2026_float16.tflite,GPU_SUPPORTED,0,,,,,0
2026-04-06 22:00:00,10,97.575,102.303,55.991,0,0,GPU,27.098,MODERATE,yolo11n_640_5-class_04-01-2026_saved_model/yolo11n_640_5-class_04-01-2026_float16.tflite,GPU_SUPPORTED,0,,,,,0
2026-04-06 22:00:01,10,98.723,108.334,54.784,0,0,GPU,27.066,MODERATE,yolo11n_640_5-class_04-01-2026_saved_model/yolo11n_640_5-class_04-01-2026_float16.tflite,GPU_SUPPORTED,1,1.000,1.000,0.214,1.728,1
2026-04-06 22:00:02,10,98.832,101.254,53.283,0,0,GPU,18.035,MODERATE,yolo11n_640_5-class_04-01-2026_saved_model/yolo11n_640_5-class_04-01-2026_float16.tflite,GPU_SUPPORTED,1,0.911,0.750,0.006,0.275,0
2026-04-06 22:00:03,10,92.695,99.671,53.265,0,0,GPU,17.910,MODERATE,yolo11n_640_5-class_04-01-2026_saved_model/yolo11n_640_5-class_04-01-2026_float16.tflite,GPU_SUPPORTED,1,0.865,0.703,-0.025,0.100,2
2026-04-06 22:00:04,11,92.522,99.632,54.505,0,0,GPU,40.039,MODERATE,yolo11n_640_5-class_04-01-2026_saved_model/yolo11n_640_5-class_04-01-2026_float16.tflite,GPU_SUPPORTED,1,0.878,0.648,0.003,0.055,0
2026-04-06 22:00:05,10,98.998,102.654,58.697,0,0,GPU,34.172,MODERATE,yolo11n_640_5-class_04-01-2026_saved_model/yolo11n_640_5-class_04-01-2026_float16.tflite,GPU_SUPPORTED,1,0.873,0.669,-0.004,0.032,0
2026-04-06 22:00:06,10,95.726,99.403,56.014,0,0,GPU,17.848,MODERATE,yolo11n_640_5-class_04-01-2026_saved_model/yolo11n_640_5-class_04-01-2026_float16.tflite,GPU_SUPPORTED,1,0.841,0.392,-0.018,-0.132,1
2026-04-06 22:00:07,10,98.422,102.766,52.156,0,0,GPU,17.754,MODERATE,yolo11n_640_5-class_04-01-2026_saved_model/yolo11n_640_5-class_04-01-2026_float16.tflite,GPU_SUPPORTED,1,0.862,0.163,0.001,-0.176,0
2026-04-06 22:00:08,10,98.042,103.313,53.182,0,0,GPU,17.816,MODERATE,yolo11n_640_5-class_04-01-2026_saved_model/yolo11n_640_5-class_04-01-2026_float16.tflite,GPU_SUPPORTED,1,0.877,0.222,0.008,-0.054,0
2026-04-06 22:00:09,10,98.843,100.794,53.871,0,0,GPU,17.879,MODERATE,yolo11n_640_5-class_04-01-2026_saved_model/yolo11n_640_5-class_04-01-2026_float16.tflite,GPU_SUPPORTED,1,0.861,0.231,-0.005,-0.025,1
2026-04-06 22:00:10,10,94.129,100.980,54.801,0,0,GPU,17.941,MODERATE,yolo11n_640_5-class_04-01-2026_saved_model/yolo11n_640_5-class_04-01-2026_float16.tflite,GPU_SUPPORTED,0,,,,,0
2026-04-06 22:00:11,10,98.371,102.966,55.323,0,0,GPU,31.367,MODERATE,yolo11n_640_5-class_04-01-2026_saved_model/yolo11n_640_5-class_04-01-2026_float16.tflite,GPU_SUPPORTED,1,0.994,0.807,0.030,0.347,2
2026-04-06 22:00:12,10,96.936,108.632,54.219,0,0,GPU,17.910,MODERATE,yolo11n_640_5-class_04-01-2026_saved_model/yolo11n_640_5-class_04-01-2026_float16.tflite,GPU_SUPPORTED,1,0.963,0.637,-0.003,0.029,0
2026-04-06 22:00:13,11,96.829,102.613,57.189,0,0,GPU,30.192,MODERATE,yolo11n_640_5-class_04-01-2026_saved_model/yolo11n_640_5-class_04-01-2026_float16.tflite,GPU_SUPPORTED,1,0.974,0.681,0.003,0.033,0
2026-04-06 22:00:14,9,99.028,107.828,53.322,0,0,GPU,17.973,MODERATE,yolo11n_640_5-class_04-01-2026_saved_model/yolo11n_640_5-class_04-01-2026_float16.tflite,GPU_SUPPORTED,1,0.959,0.731,-0.005,0.041,8
2026-04-06 22:00:15,11,93.767,99.526,53.448,0,0,GPU,44.918,MODERATE,yolo11n_640_5-class_04-01-2026_saved_model/yolo11n_640_5-class_04-01-2026_float16.tflite,GPU_SUPPORTED,0,,,,,0
2026-04-06 22:00:16,10,98.335,101.201,51.399,0,0,GPU,31.758,MODERATE,yolo11n_640_5-class_04-01-2026_saved_model/yolo11n_640_5-class_04-01-2026_float16.tflite,GPU_SUPPORTED,0,,,,,0
2026-04-06 22:00:17,10,97.646,102.465,53.018,0,0,GPU,31.399,MODERATE,yolo11n_640_5-class_04-01-2026_saved_model/yolo11n_640_5-class_04-01-2026_float16.tflite,GPU_SUPPORTED,0,,,,,0
2026-04-06 22:00:18,10,94.921,100.461,52.286,0,0,GPU,31.367,MODERATE,yolo11n_640_5-class_04-01-2026_saved_model/yolo11n_640_5-class_04-01-2026_float16.tflite,GPU_SUPPORTED,0,,,,,0
2026-04-06 22:00:19,10,97.811,103.415,55.295,0,0,GPU,17.941,MODERATE,yolo11n_640_5-class_04-01-2026_saved_model/yolo11n_640_5-class_04-01-2026_float16.tflite,GPU_SUPPORTED,1,0.902,0.765,-0.114,-0.333,0
2026-04-06 22:00:20,10,96.977,107.439,54.807,0,0,GPU,31.399,MODERATE,yolo11n_640_5-class_04-01-2026_saved_model/yolo11n_640_5-class_04-01-2026_float16.tflite,GPU_SUPPORTED,1,0.926,0.889,-0.008,0.025,0
2026-04-06 22:00:21,10,99.512,104.111,56.894,0,0,GPU,31.399,MODERATE,yolo11n_640_5-class_04-01-2026_saved_model/yolo11n_640_5-class_04-01-2026_float16.tflite,GPU_SUPPORTED,1,0.878,0.701,-0.023,-0.057,0
2026-04-06 22:00:22,11,96.630,103.088,53.865,0,1,GPU,31.399,MODERATE,yolo11n_640_5-class_04-01-2026_saved_model/yolo11n_640_5-class_04-01-2026_float16.tflite,GPU_SUPPORTED,1,0.925,0.918,0.012,0.075,0
2026-04-06 22:00:23,10,97.073,101.689,53.166,0,0,GPU,18.426,MODERATE,yolo11n_640_5-class_04-01-2026_saved_model/yolo11n_640_5-class_04-01-2026_float16.tflite,GPU_SUPPORTED,1,0.937,0.973,0.012,0.062,0
2026-04-06 22:00:24,10,97.684,101.408,56.557,0,0,GPU,34.141,MODERATE,yolo11n_640_5-class_04-01-2026_saved_model/yolo11n_640_5-class_04-01-2026_float16.tflite,GPU_SUPPORTED,1,0.929,0.967,0.000,0.026,0
2026-04-06 22:00:25,10,98.021,101.705,53.524,0,0,GPU,34.141,MODERATE,yolo11n_640_5-class_04-01-2026_saved_model/yolo11n_640_5-class_04-01-2026_float16.tflite,GPU_SUPPORTED,1,0.931,0.950,0.001,0.004,0
2026-04-06 22:00:26,10,97.160,99.998,54.977,0,0,GPU,40.071,MODERATE,yolo11n_640_5-class_04-01-2026_saved_model/yolo11n_640_5-class_04-01-2026_float16.tflite,GPU_SUPPORTED,1,0.907,0.867,-0.015,-0.051,0
2026-04-06 22:00:27,10,96.985,102.292,55.004,0,0,GPU,44.918,MODERATE,yolo11n_640_5-class_04-01-2026_saved_model/yolo11n_640_5-class_04-01-2026_float16.tflite,GPU_SUPPORTED,1,0.843,0.718,-0.046,-0.116,1
2026-04-06 22:00:28,10,98.392,107.533,55.080,0,0,GPU,17.816,MODERATE,yolo11n_640_5-class_04-01-2026_saved_model/yolo11n_640_5-class_04-01-2026_float16.tflite,GPU_SUPPORTED,1,0.808,0.638,-0.042,-0.102,3
2026-04-06 22:00:29,10,98.917,102.800,57.463,0,0,GPU,40.399,MODERATE,yolo11n_640_5-class_04-01-2026_saved_model/yolo11n_640_5-class_04-01-2026_float16.tflite,GPU_SUPPORTED,1,0.704,0.300,-0.068,-0.200,5
2026-04-06 22:00:30,10,101.250,105.561,53.863,0,0,GPU,40.039,MODERATE,yolo11n_640_5-class_04-01-2026_saved_model/yolo11n_640_5-class_04-01-2026_float16.tflite,GPU_SUPPORTED,1,0.967,0.851,0.000,-0.085,0
2026-04-06 22:00:31,10,97.590,104.758,53.307,0,0,GPU,40.008,MODERATE,yolo11n_640_5-class_04-01-2026_saved_model/yolo11n_640_5-class_04-01-2026_float16.tflite,GPU_SUPPORTED,0,,,,,0
2026-04-06 22:00:32,10,97.651,99.602,55.590,0,0,GPU,40.008,MODERATE,yolo11n_640_5-class_04-01-2026_saved_model/yolo11n_640_5-class_04-01-2026_float16.tflite,GPU_SUPPORTED,0,,,,,0
2026-04-06 22:00:33,10,97.931,101.311,55.272,0,0,GPU,25.500,MODERATE,yolo11n_640_5-class_04-01-2026_saved_model/yolo11n_640_5-class_04-01-2026_float16.tflite,GPU_SUPPORTED,0,,,,,0
2026-04-06 22:00:34,10,93.525,98.871,52.682,0,0,GPU,16.699,MODERATE,yolo11n_640_5-class_04-01-2026_saved_model/yolo11n_640_5-class_04-01-2026_float16.tflite,GPU_SUPPORTED,0,,,,,0
2026-04-06 22:00:35,11,95.878,98.433,52.468,0,0,GPU,18.035,MODERATE,yolo11n_640_5-class_04-01-2026_saved_model/yolo11n_640_5-class_04-01-2026_float16.tflite,GPU_SUPPORTED,0,,,,,0
2026-04-06 22:00:36,10,96.534,102.360,54.738,0,0,GPU,40.039,MODERATE,yolo11n_640_5-class_04-01-2026_saved_model/yolo11n_640_5-class_04-01-2026_float16.tflite,GPU_SUPPORTED,1,0.716,0.301,0.000,0.000,0
2026-04-06 22:00:37,10,97.212,99.371,54.759,0,0,GPU,26.676,MODERATE,yolo11n_640_5-class_04-01-2026_saved_model/yolo11n_640_5-class_04-01-2026_float16.tflite,GPU_SUPPORTED,0,,,,,0
2026-04-06 22:00:38,10,97.719,102.759,54.252,0,0,GPU,40.102,MODERATE,yolo11n_640_5-class_04-01-2026_saved_model/yolo11n_640_5-class_04-01-2026_float16.tflite,GPU_SUPPORTED,1,0.810,0.392,0.001,0.009,7
2026-04-06 22:00:39,10,97.405,101.512,55.537,0,0,GPU,21.984,MODERATE,yolo11n_640_5-class_04-01-2026_saved_model/yolo11n_640_5-class_04-01-2026_float16.tflite,GPU_SUPPORTED,1,0.766,0.305,-0.027,-0.043,3
2026-04-06 22:00:40,10,97.501,101.583,54.502,0,0,GPU,44.824,MODERATE,yolo11n_640_5-class_04-01-2026_saved_model/yolo11n_640_5-class_04-01-2026_float16.tflite,GPU_SUPPORTED,1,0.565,0.309,-0.115,-0.013,0
2026-04-06 22:00:41,11,92.990,99.855,54.598,0,0,GPU,13.344,MODERATE,yolo11n_640_5-class_04-01-2026_saved_model/yolo11n_640_5-class_04-01-2026_float16.tflite,GPU_SUPPORTED,1,0.530,0.325,-0.070,0.001,0
2026-04-06 22:00:42,10,96.521,99.637,54.728,0,0,GPU,40.008,MODERATE,yolo11n_640_5-class_04-01-2026_saved_model/yolo11n_640_5-class_04-01-2026_float16.tflite,GPU_SUPPORTED,1,0.572,0.306,-0.010,-0.011,0
2026-04-06 22:00:43,10,98.593,101.559,54.554,0,0,GPU,19.633,MODERATE,yolo11n_640_5-class_04-01-2026_saved_model/yolo11n_640_5-class_04-01-2026_float16.tflite,GPU_SUPPORTED,1,0.627,0.342,0.020,0.012,2
2026-04-06 22:00:44,10,96.910,100.310,54.065,0,0,GPU,40.008,MODERATE,yolo11n_640_5-class_04-01-2026_saved_model/yolo11n_640_5-class_04-01-2026_float16.tflite,GPU_SUPPORTED,1,0.626,0.446,0.011,0.052,5
2026-04-06 22:00:45,11,92.169,102.685,56.915,0,0,GPU,17.973,MODERATE,yolo11n_640_5-class_04-01-2026_saved_model/yolo11n_640_5-class_04-01-2026_float16.tflite,GPU_SUPPORTED,1,0.644,0.539,0.014,0.065,0
2026-04-06 22:00:46,10,91.754,95.587,54.433,0,0,GPU,17.848,MODERATE,yolo11n_640_5-class_04-01-2026_saved_model/yolo11n_640_5-class_04-01-2026_float16.tflite,GPU_SUPPORTED,1,0.780,0.385,0.070,-0.028,0
2026-04-06 22:00:47,10,97.253,100.441,54.433,0,0,GPU,17.879,MODERATE,yolo11n_640_5-class_04-01-2026_saved_model/yolo11n_640_5-class_04-01-2026_float16.tflite,GPU_SUPPORTED,1,0.845,0.390,0.068,-0.014,7
2026-04-06 22:00:48,10,97.748,106.145,54.923,0,0,GPU,17.879,MODERATE,yolo11n_640_5-class_04-01-2026_saved_model/yolo11n_640_5-class_04-01-2026_float16.tflite,GPU_SUPPORTED,1,0.916,0.764,0.081,0.158,0
2026-04-06 22:00:49,10,99.215,108.109,56.859,0,0,GPU,17.816,MODERATE,yolo11n_640_5-class_04-01-2026_saved_model/yolo11n_640_5-class_04-01-2026_float16.tflite,GPU_SUPPORTED,1,0.944,0.856,0.039,0.101,0
2026-04-06 22:00:50,10,96.224,100.788,54.246,0,1,GPU,31.367,MODERATE,yolo11n_640_5-class_04-01-2026_saved_model/yolo11n_640_5-class_04-01-2026_float16.tflite,GPU_SUPPORTED,1,0.719,0.440,-0.080,-0.134,4
2026-04-06 22:00:51,10,98.580,105.145,52.133,0,0,GPU,31.367,MODERATE,yolo11n_640_5-class_04-01-2026_saved_model/yolo11n_640_5-class_04-01-2026_float16.tflite,GPU_SUPPORTED,1,0.636,0.348,-0.080,-0.114,4
2026-04-06 22:00:52,10,96.105,98.646,54.240,0,0,GPU,31.367,MODERATE,yolo11n_640_5-class_04-01-2026_saved_model/yolo11n_640_5-class_04-01-2026_float16.tflite,GPU_SUPPORTED,1,0.648,0.584,-0.033,0.058,0
2026-04-06 22:00:54,10,99.141,105.693,53.959,0,0,GPU,31.399,MODERATE,yolo11n_640_5-class_04-01-2026_saved_model/yolo11n_640_5-class_04-01-2026_float16.tflite,GPU_SUPPORTED,1,0.730,0.782,0.019,0.119,0
2026-04-06 22:00:55,10,95.960,101.603,54.006,0,0,GPU,31.399,MODERATE,yolo11n_640_5-class_04-01-2026_saved_model/yolo11n_640_5-class_04-01-2026_float16.tflite,GPU_SUPPORTED,1,0.631,0.640,-0.038,-0.010,0
2026-04-06 22:00:56,10,97.273,102.737,55.334,0,0,GPU,31.367,MODERATE,yolo11n_640_5-class_04-01-2026_saved_model/yolo11n_640_5-class_04-01-2026_float16.tflite,GPU_SUPPORTED,1,0.581,0.480,-0.041,-0.076,3
2026-04-06 22:00:57,10,100.294,106.221,52.181,0,0,GPU,31.367,MODERATE,yolo11n_640_5-class_04-01-2026_saved_model/yolo11n_640_5-class_04-01-2026_float16.tflite,GPU_SUPPORTED,1,0.651,0.322,0.005,-0.112,2
2026-04-06 22:00:58,10,97.272,105.351,54.072,0,0,GPU,31.399,MODERATE,yolo11n_640_5-class_04-01-2026_saved_model/yolo11n_640_5-class_04-01-2026_float16.tflite,GPU_SUPPORTED,1,0.666,0.503,0.008,0.008,2
2026-04-06 22:00:59,10,96.247,101.804,55.088,0,0,GPU,17.879,MODERATE,yolo11n_640_5-class_04-01-2026_saved_model/yolo11n_640_5-class_04-01-2026_float16.tflite,GPU_SUPPORTED,1,0.621,0.596,-0.021,0.030,1
2026-04-06 22:01:00,10,97.530,106.266,53.882,0,0,GPU,17.879,MODERATE,yolo11n_640_5-class_04-01-2026_saved_model/yolo11n_640_5-class_04-01-2026_float16.tflite,GPU_SUPPORTED,1,0.649,0.597,0.009,0.028,0
2026-04-06 22:01:01,10,96.696,103.246,54.681,0,0,GPU,17.910,MODERATE,yolo11n_640_5-class_04-01-2026_saved_model/yolo11n_640_5-class_04-01-2026_float16.tflite,GPU_SUPPORTED,1,0.623,0.534,-0.010,-0.022,0
2026-04-06 22:01:02,10,98.524,102.423,53.961,0,0,GPU,17.941,MODERATE,yolo11n_640_5-class_04-01-2026_saved_model/yolo11n_640_5-class_04-01-2026_float16.tflite,GPU_SUPPORTED,1,0.673,0.430,0.021,-0.069,0
2026-04-06 22:01:03,10,97.418,102.473,55.414,0,0,GPU,17.941,MODERATE,yolo11n_640_5-class_04-01-2026_saved_model/yolo11n_640_5-class_04-01-2026_float16.tflite,GPU_SUPPORTED,1,0.764,0.664,0.055,0.075,0
2026-04-06 22:01:04,11,97.625,102.500,55.302,0,0,GPU,18.035,MODERATE,yolo11n_640_5-class_04-01-2026_saved_model/yolo11n_640_5-class_04-01-2026_float16.tflite,GPU_SUPPORTED,1,0.759,0.740,0.028,0.066,6
2026-04-06 22:01:05,10,97.336,101.403,56.337,0,0,GPU,18.035,MODERATE,yolo11n_640_5-class_04-01-2026_saved_model/yolo11n_640_5-class_04-01-2026_float16.tflite,GPU_SUPPORTED,1,0.644,0.455,-0.031,-0.083,1
2026-04-06 22:01:06,10,95.595,99.809,53.470,0,0,GPU,19.992,MODERATE,yolo11n_640_5-class_04-01-2026_saved_model/yolo11n_640_5-class_04-01-2026_float16.tflite,GPU_SUPPORTED,0,,,,,0
2026-04-06 22:01:07,10,96.466,98.437,54.974,0,0,GPU,22.016,MODERATE,yolo11n_640_5-class_04-01-2026_saved_model/yolo11n_640_5-class_04-01-2026_float16.tflite,GPU_SUPPORTED,1,0.552,0.452,-0.082,0.054,0
2026-04-06 22:01:08,10,97.947,102.534,55.048,0,0,GPU,40.039,MODERATE,yolo11n_640_5-class_04-01-2026_saved_model/yolo11n_640_5-class_04-01-2026_float16.tflite,GPU_SUPPORTED,1,0.536,0.490,-0.025,0.040,2
2026-04-06 22:01:09,10,98.188,105.389,53.728,0,0,GPU,40.008,MODERATE,yolo11n_640_5-class_04-01-2026_saved_model/yolo11n_640_5-class_04-01-2026_float16.tflite,GPU_SUPPORTED,1,0.524,0.478,-0.018,0.013,1
2026-04-06 22:01:10,10,97.683,101.210,54.092,0,0,GPU,40.039,MODERATE,yolo11n_640_5-class_04-01-2026_saved_model/yolo11n_640_5-class_04-01-2026_float16.tflite,GPU_SUPPORTED,1,0.534,0.476,-0.005,0.006,3
2026-04-06 22:01:11,10,96.876,104.917,52.492,0,0,GPU,26.707,MODERATE,yolo11n_640_5-class_04-01-2026_saved_model/yolo11n_640_5-class_04-01-2026_float16.tflite,GPU_SUPPORTED,1,0.563,0.352,0.008,-0.044,7
2026-04-06 22:01:12,10,95.937,100.311,52.331,0,0,GPU,17.910,MODERATE,yolo11n_640_5-class_04-01-2026_saved_model/yolo11n_640_5-class_04-01-2026_float16.tflite,GPU_SUPPORTED,1,0.715,0.279,0.001,0.008,1
2026-04-06 22:01:13,10,96.615,103.029,54.162,0,0,GPU,30.188,MODERATE,yolo11n_640_5-class_04-01-2026_saved_model/yolo11n_640_5-class_04-01-2026_float16.tflite,GPU_SUPPORTED,1,0.757,0.590,0.018,0.128,1
2026-04-06 22:01:14,10,98.463,102.591,55.807,0,1,GPU,17.973,MODERATE,yolo11n_640_5-class_04-01-2026_saved_model/yolo11n_640_5-class_04-01-2026_float16.tflite,GPU_SUPPORTED,1,0.748,0.497,-0.004,-0.059,0
2026-04-06 22:01:15,10,98.222,102.277,54.811,0,0,GPU,17.941,MODERATE,yolo11n_640_5-class_04-01-2026_saved_model/yolo11n_640_5-class_04-01-2026_float16.tflite,GPU_SUPPORTED,1,0.753,0.438,-0.000,-0.058,0
2026-04-06 22:01:16,10,98.703,104.121,55.455,0,0,GPU,30.192,MODERATE,yolo11n_640_5-class_04-01-2026_saved_model/yolo11n_640_5-class_04-01-2026_float16.tflite,GPU_SUPPORTED,1,0.709,0.444,-0.023,-0.025,0
2026-04-06 22:01:17,10,97.245,101.520,56.796,0,0,GPU,31.399,MODERATE,yolo11n_640_5-class_04-01-2026_saved_model/yolo11n_640_5-class_04-01-2026_float16.tflite,GPU_SUPPORTED,1,0.610,0.417,-0.057,-0.026,2
2026-04-06 22:01:18,11,97.749,103.007,54.000,0,1,GPU,18.395,MODERATE,yolo11n_640_5-class_04-01-2026_saved_model/yolo11n_640_5-class_04-01-2026_float16.tflite,GPU_SUPPORTED,1,0.511,0.468,-0.071,0.008,0
2026-04-06 22:01:19,9,97.837,103.295,55.328,0,0,GPU,17.941,MODERATE,yolo11n_640_5-class_04-01-2026_saved_model/yolo11n_640_5-class_04-01-2026_float16.tflite,GPU_SUPPORTED,1,0.488,0.483,-0.050,0.011,0
2026-04-06 22:01:20,11,96.072,102.533,53.667,0,0,GPU,33.059,MODERATE,yolo11n_640_5-class_04-01-2026_saved_model/yolo11n_640_5-class_04-01-2026_float16.tflite,GPU_SUPPORTED,1,0.519,0.382,-0.007,-0.051,0
2026-04-06 22:01:21,10,98.641,107.048,53.501,0,0,GPU,27.098,MODERATE,yolo11n_640_5-class_04-01-2026_saved_model/yolo11n_640_5-class_04-01-2026_float16.tflite,GPU_SUPPORTED,0,,,,,0
2026-04-06 22:01:22,10,98.624,103.698,51.982,0,0,GPU,26.676,MODERATE,yolo11n_640_5-class_04-01-2026_saved_model/yolo11n_640_5-class_04-01-2026_float16.tflite,GPU_SUPPORTED,1,0.787,0.371,0.000,0.000,3
2026-04-06 22:01:23,10,98.067,101.720,53.953,0,0,GPU,26.676,MODERATE,yolo11n_640_5-class_04-01-2026_saved_model/yolo11n_640_5-class_04-01-2026_float16.tflite,GPU_SUPPORTED,1,0.662,0.565,-0.082,0.126,9
2026-04-06 22:01:24,11,91.972,98.755,53.037,0,0,GPU,13.313,MODERATE,yolo11n_640_5-class_04-01-2026_saved_model/yolo11n_640_5-class_04-01-2026_float16.tflite,GPU_SUPPORTED,1,0.688,0.423,0.000,0.000,3
2026-04-06 22:01:25,10,94.619,101.870,54.256,0,0,GPU,45.184,MODERATE,yolo11n_640_5-class_04-01-2026_saved_model/yolo11n_640_5-class_04-01-2026_float16.tflite,GPU_SUPPORTED,1,0.718,0.254,0.038,-0.104,0
2026-04-06 22:01:26,10,97.265,100.965,54.661,0,0,GPU,30.223,MODERATE,yolo11n_640_5-class_04-01-2026_saved_model/yolo11n_640_5-class_04-01-2026_float16.tflite,GPU_SUPPORTED,1,0.737,0.319,0.024,0.018,1
2026-04-06 22:01:27,10,98.216,101.211,54.375,0,0,GPU,31.399,MODERATE,yolo11n_640_5-class_04-01-2026_saved_model/yolo11n_640_5-class_04-01-2026_float16.tflite,GPU_SUPPORTED,1,0.738,0.396,0.012,0.043,1
2026-04-06 22:01:28,10,96.728,102.275,60.692,0,0,GPU,31.399,MODERATE,yolo11n_640_5-class_04-01-2026_saved_model/yolo11n_640_5-class_04-01-2026_float16.tflite,GPU_SUPPORTED,1,0.753,0.460,0.014,0.052,1
2026-04-06 22:01:29,12,85.794,93.334,52.243,0,0,GPU,19.547,MODERATE,yolo11n_640_5-class_04-01-2026_saved_model/yolo11n_640_5-class_04-01-2026_float16.tflite,GPU_SUPPORTED,1,0.742,0.519,0.003,0.053,9
2026-04-06 22:01:30,10,94.737,103.991,54.826,0,0,GPU,31.367,MODERATE,yolo11n_640_5-class_04-01-2026_saved_model/yolo11n_640_5-class_04-01-2026_float16.tflite,GPU_SUPPORTED,1,0.685,0.188,-0.006,-0.095,0
2026-04-06 22:01:31,10,95.676,98.626,53.054,0,0,GPU,16.547,MODERATE,yolo11n_640_5-class_04-01-2026_saved_model/yolo11n_640_5-class_04-01-2026_float16.tflite,GPU_SUPPORTED,1,0.776,0.667,0.067,0.330,1
2026-04-06 22:01:32,11,95.606,99.387,54.397,0,0,GPU,31.367,MODERATE,yolo11n_640_5-class_04-01-2026_saved_model/yolo11n_640_5-class_04-01-2026_float16.tflite,GPU_SUPPORTED,1,0.765,0.444,0.028,0.056,0
2026-04-06 22:01:33,10,99.000,102.426,56.559,0,0,GPU,18.004,MODERATE,yolo11n_640_5-class_04-01-2026_saved_model/yolo11n_640_5-class_04-01-2026_float16.tflite,GPU_SUPPORTED,1,0.792,0.466,0.028,0.039,5
2026-04-06 22:01:34,10,97.246,101.492,54.621,0,0,GPU,17.973,MODERATE,yolo11n_640_5-class_04-01-2026_saved_model/yolo11n_640_5-class_04-01-2026_float16.tflite,GPU_SUPPORTED,1,0.935,0.543,0.201,-0.562,0
2026-04-06 22:01:35,10,99.330,104.682,53.110,0,0,GPU,17.941,MODERATE,yolo11n_640_5-class_04-01-2026_saved_model/yolo11n_640_5-class_04-01-2026_float16.tflite,GPU_SUPPORTED,0,,,,,0
2026-04-06 22:01:36,9,98.455,104.161,54.187,0,0,GPU,13.187,MODERATE,yolo11n_640_5-class_04-01-2026_saved_model/yolo11n_640_5-class_04-01-2026_float16.tflite,GPU_SUPPORTED,1,0.724,0.520,-0.017,-0.645,0
2026-04-06 22:01:37,11,97.522,103.432,56.028,0,0,GPU,31.430,MODERATE,yolo11n_640_5-class_04-01-2026_saved_model/yolo11n_640_5-class_04-01-2026_float16.tflite,GPU_SUPPORTED,1,0.787,0.000,0.044,-0.458,0
2026-04-06 22:01:38,9,98.795,101.334,54.902,0,0,GPU,31.430,MODERATE,yolo11n_640_5-class_04-01-2026_saved_model/yolo11n_640_5-class_04-01-2026_float16.tflite,GPU_SUPPORTED,1,0.861,0.526,0.060,0.091,0
2026-04-06 22:01:39,10,97.410,102.077,54.554,0,0,GPU,17.973,MODERATE,yolo11n_640_5-class_04-01-2026_saved_model/yolo11n_640_5-class_04-01-2026_float16.tflite,GPU_SUPPORTED,1,0.915,0.676,0.061,0.138,1
2026-04-06 22:01:40,10,98.478,104.406,58.604,0,0,GPU,17.941,MODERATE,yolo11n_640_5-class_04-01-2026_saved_model/yolo11n_640_5-class_04-01-2026_float16.tflite,GPU_SUPPORTED,1,0.838,0.850,0.001,0.157,0
2026-04-06 22:01:41,11,97.931,105.783,55.103,0,0,GPU,18.004,MODERATE,yolo11n_640_5-class_04-01-2026_saved_model/yolo11n_640_5-class_04-01-2026_float16.tflite,GPU_SUPPORTED,1,0.680,0.812,-0.080,0.047,1
2026-04-06 22:01:42,9,98.302,104.792,54.444,0,0,GPU,17.941,MODERATE,yolo11n_640_5-class_04-01-2026_saved_model/yolo11n_640_5-class_04-01-2026_float16.tflite,GPU_SUPPORTED,1,0.631,0.776,-0.067,0.006,0
2026-04-06 22:01:43,11,98.059,102.292,53.353,0,0,GPU,17.973,MODERATE,yolo11n_640_5-class_04-01-2026_saved_model/yolo11n_640_5-class_04-01-2026_float16.tflite,GPU_SUPPORTED,1,0.640,0.290,-0.024,-0.244,0
2026-04-06 22:01:44,10,96.584,100.240,54.060,0,0,GPU,26.676,MODERATE,yolo11n_640_5-class_04-01-2026_saved_model/yolo11n_640_5-class_04-01-2026_float16.tflite,GPU_SUPPORTED,1,0.704,0.434,0.023,-0.013,0
2026-04-06 22:01:45,10,97.678,102.411,54.171,0,0,GPU,32.996,MODERATE,yolo11n_640_5-class_04-01-2026_saved_model/yolo11n_640_5-class_04-01-2026_float16.tflite,GPU_SUPPORTED,1,0.833,0.606,0.076,0.081,1
2026-04-06 22:01:46,10,93.284,103.836,55.221,0,0,GPU,31.367,MODERATE,yolo11n_640_5-class_04-01-2026_saved_model/yolo11n_640_5-class_04-01-2026_float16.tflite,GPU_SUPPORTED,1,0.752,0.949,0.000,0.206,1
2026-04-06 22:01:47,10,99.782,104.435,55.100,0,0,GPU,17.879,MODERATE,yolo11n_640_5-class_04-01-2026_saved_model/yolo11n_640_5-class_04-01-2026_float16.tflite,GPU_SUPPORTED,1,0.718,0.982,-0.017,0.110,0
2026-04-06 22:01:48,10,96.213,101.378,53.623,0,0,GPU,13.156,MODERATE,yolo11n_640_5-class_04-01-2026_saved_model/yolo11n_640_5-class_04-01-2026_float16.tflite,GPU_SUPPORTED,1,0.732,0.310,0.001,-0.271,0
2026-04-06 22:01:49,10,98.464,105.643,53.732,0,0,GPU,31.367,MODERATE,yolo11n_640_5-class_04-01-2026_saved_model/yolo11n_640_5-class_04-01-2026_float16.tflite,GPU_SUPPORTED,1,0.794,0.412,0.032,-0.060,1
2026-04-06 22:01:50,10,96.882,98.837,54.831,0,0,GPU,31.367,MODERATE,yolo11n_640_5-class_04-01-2026_saved_model/yolo11n_640_5-class_04-01-2026_float16.tflite,GPU_SUPPORTED,1,0.864,0.616,0.049,0.073,0
2026-04-06 22:01:51,10,97.160,102.830,53.239,0,0,GPU,31.399,MODERATE,yolo11n_640_5-class_04-01-2026_saved_model/yolo11n_640_5-class_04-01-2026_float16.tflite,GPU_SUPPORTED,1,0.773,0.897,-0.029,0.175,0
2026-04-06 22:01:52,10,97.905,102.066,55.198,0,0,GPU,17.941,MODERATE,yolo11n_640_5-class_04-01-2026_saved_model/yolo11n_640_5-class_04-01-2026_float16.tflite,GPU_SUPPORTED,1,0.685,1.000,-0.054,0.166,6
2026-04-06 22:01:53,10,98.489,106.859,53.962,0,0,GPU,17.941,MODERATE,yolo11n_640_5-class_04-01-2026_saved_model/yolo11n_640_5-class_04-01-2026_float16.tflite,GPU_SUPPORTED,1,0.658,0.717,-0.040,-0.085,0
2026-04-06 22:01:54,10,97.687,104.631,55.191,0,0,GPU,17.910,MODERATE,yolo11n_640_5-class_04-01-2026_saved_model/yolo11n_640_5-class_04-01-2026_float16.tflite,GPU_SUPPORTED,1,0.712,0.330,0.009,-0.191,0
2026-04-06 22:01:55,10,98.065,110.885,53.781,0,0,GPU,17.941,MODERATE,yolo11n_640_5-class_04-01-2026_saved_model/yolo11n_640_5-class_04-01-2026_float16.tflite,GPU_SUPPORTED,1,0.810,0.520,0.056,0.007,0
2026-04-06 22:01:56,10,97.141,104.203,53.527,0,0,GPU,17.973,MODERATE,yolo11n_640_5-class_04-01-2026_saved_model/yolo11n_640_5-class_04-01-2026_float16.tflite,GPU_SUPPORTED,1,0.898,0.688,0.070,0.078,6
2026-04-06 22:01:57,11,97.285,104.026,51.262,0,0,GPU,31.399,MODERATE,yolo11n_640_5-class_04-01-2026_saved_model/yolo11n_640_5-class_04-01-2026_float16.tflite,GPU_SUPPORTED,0,,,,,0
2026-04-06 22:01:58,10,98.578,102.409,53.832,0,0,GPU,32.996,MODERATE,yolo11n_640_5-class_04-01-2026_saved_model/yolo11n_640_5-class_04-01-2026_float16.tflite,GPU_SUPPORTED,1,0.528,0.244,0.027,-1.166,0
2026-04-06 22:01:59,10,97.441,101.959,54.744,0,0,GPU,32.965,MODERATE,yolo11n_640_5-class_04-01-2026_saved_model/yolo11n_640_5-class_04-01-2026_float16.tflite,GPU_SUPPORTED,1,0.597,0.033,0.061,-0.358,2
2026-04-06 22:02:00,10,98.548,106.041,52.994,0,0,GPU,26.707,MODERATE,yolo11n_640_5-class_04-01-2026_saved_model/yolo11n_640_5-class_04-01-2026_float16.tflite,GPU_SUPPORTED,1,0.685,0.639,0.076,0.157,0
2026-04-06 22:02:01,10,98.037,102.778,55.143,0,0,GPU,26.707,MODERATE,yolo11n_640_5-class_04-01-2026_saved_model/yolo11n_640_5-class_04-01-2026_float16.tflite,GPU_SUPPORTED,1,0.742,0.903,0.066,0.209,0
2026-04-06 22:02:02,10,96.761,103.114,56.584,0,0,GPU,40.430,MODERATE,yolo11n_640_5-class_04-01-2026_saved_model/yolo11n_640_5-class_04-01-2026_float16.tflite,GPU_SUPPORTED,1,0.784,1.000,0.056,0.203,7
2026-04-06 22:02:03,10,97.908,100.978,55.317,0,0,GPU,44.793,MODERATE,yolo11n_640_5-class_04-01-2026_saved_model/yolo11n_640_5-class_04-01-2026_float16.tflite,GPU_SUPPORTED,0,,,,,0
2026-04-06 22:02:04,10,96.365,105.232,53.801,0,0,GPU,30.160,MODERATE,yolo11n_640_5-class_04-01-2026_saved_model/yolo11n_640_5-class_04-01-2026_float16.tflite,GPU_SUPPORTED,0,,,,,0
2026-04-06 22:02:05,11,93.274,96.953,55.233,0,0,GPU,32.996,MODERATE,yolo11n_640_5-class_04-01-2026_saved_model/yolo11n_640_5-class_04-01-2026_float16.tflite,GPU_SUPPORTED,1,0.607,0.004,-0.047,-0.657,0
2026-04-06 22:02:06,10,101.371,105.542,56.716,0,0,GPU,31.367,MODERATE,yolo11n_640_5-class_04-01-2026_saved_model/yolo11n_640_5-class_04-01-2026_float16.tflite,GPU_SUPPORTED,1,0.574,0.119,-0.033,0.031,6
2026-04-06 22:02:07,10,98.375,105.049,53.112,0,0,GPU,18.004,MODERATE,yolo11n_640_5-class_04-01-2026_saved_model/yolo11n_640_5-class_04-01-2026_float16.tflite,GPU_SUPPORTED,1,0.520,0.743,-0.046,0.109,0
2026-04-06 22:02:08,9,97.391,101.150,55.577,0,0,GPU,17.941,MODERATE,yolo11n_640_5-class_04-01-2026_saved_model/yolo11n_640_5-class_04-01-2026_float16.tflite,GPU_SUPPORTED,1,0.415,0.903,-0.099,0.155,0
2026-04-06 22:02:09,11,92.130,94.311,53.754,0,0,GPU,13.156,MODERATE,yolo11n_640_5-class_04-01-2026_saved_model/yolo11n_640_5-class_04-01-2026_float16.tflite,GPU_SUPPORTED,1,0.351,1.000,-0.083,0.147,8
2026-04-06 22:02:10,11,94.796,103.016,55.702,0,0,GPU,35.348,MODERATE,yolo11n_640_5-class_04-01-2026_saved_model/yolo11n_640_5-class_04-01-2026_float16.tflite,GPU_SUPPORTED,1,0.559,0.036,0.076,-0.236,0
2026-04-06 22:02:11,10,99.103,104.746,54.954,0,0,GPU,20.777,MODERATE,yolo11n_640_5-class_04-01-2026_saved_model/yolo11n_640_5-class_04-01-2026_float16.tflite,GPU_SUPPORTED,1,0.623,0.429,0.062,0.216,0
2026-04-06 22:02:12,10,96.368,99.524,55.256,0,0,GPU,38.832,MODERATE,yolo11n_640_5-class_04-01-2026_saved_model/yolo11n_640_5-class_04-01-2026_float16.tflite,GPU_SUPPORTED,1,0.688,0.798,0.065,0.305,0
2026-04-06 22:02:13,10,97.351,101.810,53.847,0,0,GPU,31.367,MODERATE,yolo11n_640_5-class_04-01-2026_saved_model/yolo11n_640_5-class_04-01-2026_float16.tflite,GPU_SUPPORTED,1,0.752,1.000,0.065,0.300,9
2026-04-06 22:02:14,10,94.293,98.133,52.816,0,0,GPU,31.367,MODERATE,yolo11n_640_5-class_04-01-2026_saved_model/yolo11n_640_5-class_04-01-2026_float16.tflite,GPU_SUPPORTED,1,0.571,0.001,0.035,-0.749,0
2026-04-06 22:02:15,10,99.121,104.569,54.134,0,0,GPU,31.367,MODERATE,yolo11n_640_5-class_04-01-2026_saved_model/yolo11n_640_5-class_04-01-2026_float16.tflite,GPU_SUPPORTED,1,0.601,0.450,0.025,0.277,0
2026-04-06 22:02:16,10,98.440,102.616,54.307,0,0,GPU,31.399,MODERATE,yolo11n_640_5-class_04-01-2026_saved_model/yolo11n_640_5-class_04-01-2026_float16.tflite,GPU_SUPPORTED,1,0.529,0.928,-0.028,0.383,5
2026-04-06 22:02:17,10,96.959,101.077,53.809,0,0,GPU,16.672,MODERATE,yolo11n_640_5-class_04-01-2026_saved_model/yolo11n_640_5-class_04-01-2026_float16.tflite,GPU_SUPPORTED,1,0.427,1.000,-0.060,0.352,7
2026-04-06 22:02:18,10,99.258,102.424,55.083,0,0,GPU,17.941,MODERATE,yolo11n_640_5-class_04-01-2026_saved_model/yolo11n_640_5-class_04-01-2026_float16.tflite,GPU_SUPPORTED,1,0.470,0.974,0.000,0.000,0
2026-04-06 22:02:19,11,95.613,103.041,53.479,0,0,GPU,31.789,MODERATE,yolo11n_640_5-class_04-01-2026_saved_model/yolo11n_640_5-class_04-01-2026_float16.tflite,GPU_SUPPORTED,1,0.506,0.270,0.067,-0.686,0
2026-04-06 22:02:20,10,98.779,102.961,55.036,0,1,GPU,31.399,MODERATE,yolo11n_640_5-class_04-01-2026_saved_model/yolo11n_640_5-class_04-01-2026_float16.tflite,GPU_SUPPORTED,1,0.613,0.397,0.089,-0.139,0
2026-04-06 22:02:21,10,93.383,98.734,53.780,0,0,GPU,17.879,MODERATE,yolo11n_640_5-class_04-01-2026_saved_model/yolo11n_640_5-class_04-01-2026_float16.tflite,GPU_SUPPORTED,1,0.523,0.698,-0.010,0.096,0
2026-04-06 22:02:22,10,95.123,100.765,56.295,0,0,GPU,16.672,MODERATE,yolo11n_640_5-class_04-01-2026_saved_model/yolo11n_640_5-class_04-01-2026_float16.tflite,GPU_SUPPORTED,1,0.386,0.986,-0.062,0.177,4
2026-04-06 22:02:23,10,98.572,101.127,54.065,0,0,GPU,17.941,MODERATE,yolo11n_640_5-class_04-01-2026_saved_model/yolo11n_640_5-class_04-01-2026_float16.tflite,GPU_SUPPORTED,1,0.437,0.772,-0.009,-0.020,0
2026-04-06 22:02:24,10,98.543,101.217,54.170,0,0,GPU,17.910,MODERATE,yolo11n_640_5-class_04-01-2026_saved_model/yolo11n_640_5-class_04-01-2026_float16.tflite,GPU_SUPPORTED,1,0.535,0.481,0.040,-0.137,0
2026-04-06 22:02:25,10,97.441,101.087,52.726,0,0,GPU,17.941,MODERATE,yolo11n_640_5-class_04-01-2026_saved_model/yolo11n_640_5-class_04-01-2026_float16.tflite,GPU_SUPPORTED,1,0.561,0.554,0.034,-0.040,6
2026-04-06 22:02:26,11,98.019,102.138,55.808,0,0,GPU,17.973,MODERATE,yolo11n_640_5-class_04-01-2026_saved_model/yolo11n_640_5-class_04-01-2026_float16.tflite,GPU_SUPPORTED,1,0.520,0.505,0.075,-0.752,0
2026-04-06 22:02:27,10,97.021,103.497,53.132,0,0,GPU,21.953,MODERATE,yolo11n_640_5-class_04-01-2026_saved_model/yolo11n_640_5-class_04-01-2026_float16.tflite,GPU_SUPPORTED,1,0.733,0.628,0.189,0.001,1
2026-04-06 22:02:28,10,96.396,103.577,55.461,0,0,GPU,44.824,MODERATE,yolo11n_640_5-class_04-01-2026_saved_model/yolo11n_640_5-class_04-01-2026_float16.tflite,GPU_SUPPORTED,1,0.900,0.810,0.178,0.091,0
2026-04-06 22:02:29,10,97.351,100.466,55.406,0,0,GPU,40.039,MODERATE,yolo11n_640_5-class_04-01-2026_saved_model/yolo11n_640_5-class_04-01-2026_float16.tflite,GPU_SUPPORTED,1,1.000,0.956,0.165,0.116,3
2026-04-06 22:02:30,10,97.378,102.896,53.429,0,0,GPU,31.367,MODERATE,yolo11n_640_5-class_04-01-2026_saved_model/yolo11n_640_5-class_04-01-2026_float16.tflite,GPU_SUPPORTED,0,,,,,0
2026-04-06 22:02:31,10,97.881,100.598,57.381,0,0,GPU,31.399,MODERATE,yolo11n_640_5-class_04-01-2026_saved_model/yolo11n_640_5-class_04-01-2026_float16.tflite,GPU_SUPPORTED,0,,,,,0
2026-04-06 22:02:32,10,99.548,106.546,53.616,0,0,GPU,26.645,MODERATE,yolo11n_640_5-class_04-01-2026_saved_model/yolo11n_640_5-class_04-01-2026_float16.tflite,GPU_SUPPORTED,1,0.865,0.354,0.000,0.000,0
2026-04-06 22:02:33,10,98.767,107.067,55.046,0,0,GPU,26.676,MODERATE,yolo11n_640_5-class_04-01-2026_saved_model/yolo11n_640_5-class_04-01-2026_float16.tflite,GPU_SUPPORTED,1,0.790,0.000,-0.038,-0.179,9
2026-04-06 22:02:34,10,98.328,102.765,54.215,0,0,GPU,20.809,MODERATE,yolo11n_640_5-class_04-01-2026_saved_model/yolo11n_640_5-class_04-01-2026_float16.tflite,GPU_SUPPORTED,1,0.550,0.261,-0.051,0.224,0
2026-04-06 22:02:35,10,97.951,102.667,54.654,0,0,GPU,19.602,MODERATE,yolo11n_640_5-class_04-01-2026_saved_model/yolo11n_640_5-class_04-01-2026_float16.tflite,GPU_SUPPORTED,1,0.516,1.000,-0.039,0.704,8
2026-04-06 22:02:36,10,90.803,96.393,53.110,0,0,GPU,30.188,MODERATE,yolo11n_640_5-class_04-01-2026_saved_model/yolo11n_640_5-class_04-01-2026_float16.tflite,GPU_SUPPORTED,1,0.478,0.323,0.069,-1.171,0
2026-04-06 22:02:37,10,98.456,106.170,56.971,0,0,GPU,31.399,MODERATE,yolo11n_640_5-class_04-01-2026_saved_model/yolo11n_640_5-class_04-01-2026_float16.tflite,GPU_SUPPORTED,1,0.668,0.146,0.176,-0.253,0
2026-04-06 22:02:38,11,96.443,100.265,54.601,0,0,GPU,18.035,MODERATE,yolo11n_640_5-class_04-01-2026_saved_model/yolo11n_640_5-class_04-01-2026_float16.tflite,GPU_SUPPORTED,1,0.553,0.550,-0.004,0.144,0
2026-04-06 22:02:39,10,97.567,104.132,52.906,0,0,GPU,18.035,MODERATE,yolo11n_640_5-class_04-01-2026_saved_model/yolo11n_640_5-class_04-01-2026_float16.tflite,GPU_SUPPORTED,1,0.352,0.900,-0.110,0.254,0
2026-04-06 22:02:40,10,97.243,99.891,51.973,0,0,GPU,19.602,MODERATE,yolo11n_640_5-class_04-01-2026_saved_model/yolo11n_640_5-class_04-01-2026_float16.tflite,GPU_SUPPORTED,0,,,,,0
2026-04-06 22:02:41,10,96.815,102.470,54.926,0,0,GPU,26.707,MODERATE,yolo11n_640_5-class_04-01-2026_saved_model/yolo11n_640_5-class_04-01-2026_float16.tflite,GPU_SUPPORTED,1,0.238,0.483,0.278,-0.891,0
2026-04-06 22:02:42,10,98.405,104.067,54.376,0,0,GPU,40.071,MODERATE,yolo11n_640_5-class_04-01-2026_saved_model/yolo11n_640_5-class_04-01-2026_float16.tflite,GPU_SUPPORTED,1,0.491,0.610,0.223,-0.008,0
2026-04-06 22:02:43,10,98.305,102.981,53.244,0,0,GPU,21.984,MODERATE,yolo11n_640_5-class_04-01-2026_saved_model/yolo11n_640_5-class_04-01-2026_float16.tflite,GPU_SUPPORTED,0,,,,,0
2026-04-06 22:02:44,10,98.294,102.290,54.068,0,0,GPU,26.707,MODERATE,yolo11n_640_5-class_04-01-2026_saved_model/yolo11n_640_5-class_04-01-2026_float16.tflite,GPU_SUPPORTED,0,,,,,0
2026-04-06 22:02:45,10,94.345,101.494,52.966,0,0,GPU,31.367,MODERATE,yolo11n_640_5-class_04-01-2026_saved_model/yolo11n_640_5-class_04-01-2026_float16.tflite,GPU_SUPPORTED,0,,,,,0
2026-04-06 22:02:46,10,97.164,102.598,55.890,0,0,GPU,31.367,MODERATE,yolo11n_640_5-class_04-01-2026_saved_model/yolo11n_640_5-class_04-01-2026_float16.tflite,GPU_SUPPORTED,1,0.234,0.273,0.555,-0.423,0
2026-04-06 22:02:47,10,94.884,99.247,54.320,0,0,GPU,31.367,MODERATE,yolo11n_640_5-class_04-01-2026_saved_model/yolo11n_640_5-class_04-01-2026_float16.tflite,GPU_SUPPORTED,1,0.527,0.728,0.280,0.365,0
2026-04-06 22:02:48,10,98.590,102.773,53.910,0,0,GPU,31.367,MODERATE,yolo11n_640_5-class_04-01-2026_saved_model/yolo11n_640_5-class_04-01-2026_float16.tflite,GPU_SUPPORTED,1,0.716,1.000,0.231,0.417,9
2026-04-06 22:02:49,10,97.711,103.979,54.116,0,0,GPU,31.399,MODERATE,yolo11n_640_5-class_04-01-2026_saved_model/yolo11n_640_5-class_04-01-2026_float16.tflite,GPU_SUPPORTED,0,,,,,0
2026-04-06 22:02:50,11,94.492,103.381,54.982,0,0,GPU,35.348,MODERATE,yolo11n_640_5-class_04-01-2026_saved_model/yolo11n_640_5-class_04-01-2026_float16.tflite,GPU_SUPPORTED,1,0.241,0.639,0.117,-0.632,0
2026-04-06 22:02:51,10,97.790,101.545,53.507,0,0,GPU,20.777,MODERATE,yolo11n_640_5-class_04-01-2026_saved_model/yolo11n_640_5-class_04-01-2026_float16.tflite,GPU_SUPPORTED,1,0.519,0.409,0.261,-0.127,0
2026-04-06 22:02:52,10,100.557,105.693,53.240,0,1,GPU,31.367,MODERATE,yolo11n_640_5-class_04-01-2026_saved_model/yolo11n_640_5-class_04-01-2026_float16.tflite,GPU_SUPPORTED,1,0.415,0.691,0.049,0.107,6
2026-04-06 22:02:53,10,97.032,100.646,54.306,0,0,GPU,30.219,MODERATE,yolo11n_640_5-class_04-01-2026_saved_model/yolo11n_640_5-class_04-01-2026_float16.tflite,GPU_SUPPORTED,0,,,,,0
2026-04-06 22:02:54,10,98.020,104.258,54.262,0,0,GPU,31.367,MODERATE,yolo11n_640_5-class_04-01-2026_saved_model/yolo11n_640_5-class_04-01-2026_float16.tflite,GPU_SUPPORTED,0,,,,,0
2026-04-06 22:02:55,10,95.608,104.327,52.469,0,0,GPU,26.676,MODERATE,yolo11n_640_5-class_04-01-2026_saved_model/yolo11n_640_5-class_04-01-2026_float16.tflite,GPU_SUPPORTED,1,0.076,0.391,0.049,-0.078,1
2026-04-06 22:02:56,10,96.935,99.037,55.566,0,0,GPU,43.582,MODERATE,yolo11n_640_5-class_04-01-2026_saved_model/yolo11n_640_5-class_04-01-2026_float16.tflite,GPU_SUPPORTED,1,0.459,0.694,0.292,0.314,0
2026-04-06 22:02:57,10,99.379,103.622,53.756,0,0,GPU,25.500,MODERATE,yolo11n_640_5-class_04-01-2026_saved_model/yolo11n_640_5-class_04-01-2026_float16.tflite,GPU_SUPPORTED,1,0.546,1.000,0.171,0.412,9
2026-04-06 22:02:58,10,100.273,101.008,59.192,0,0,GPU,35.317,MODERATE,yolo11n_640_5-class_04-01-2026_saved_model/yolo11n_640_5-class_04-01-2026_float16.tflite,GPU_SUPPORTED,1,0.172,0.662,0.000,0.000,4
2026-04-06 22:02:59,10,100.938,108.420,54.466,0,0,GPU,31.399,MODERATE,yolo11n_640_5-class_04-01-2026_saved_model/yolo11n_640_5-class_04-01-2026_float16.tflite,GPU_SUPPORTED,1,0.721,0.812,0.000,0.000,0
2026-04-06 22:03:00,9,99.474,102.215,53.308,0,1,GPU,17.941,MODERATE,yolo11n_640_5-class_04-01-2026_saved_model/yolo11n_640_5-class_04-01-2026_float16.tflite,GPU_SUPPORTED,1,0.850,0.573,0.110,-0.378,1
2026-04-06 22:03:01,10,99.936,105.172,53.854,0,1,GPU,30.188,MODERATE,yolo11n_640_5-class_04-01-2026_saved_model/yolo11n_640_5-class_04-01-2026_float16.tflite,GPU_SUPPORTED,1,0.816,0.751,0.005,0.023,0
2026-04-06 22:03:02,11,95.040,103.122,54.896,0,0,GPU,32.996,MODERATE,yolo11n_640_5-class_04-01-2026_saved_model/yolo11n_640_5-class_04-01-2026_float16.tflite,GPU_SUPPORTED,1,0.747,0.735,-0.031,-0.002,3
2026-04-06 22:03:03,10,98.164,102.352,54.216,0,0,GPU,26.676,MODERATE,yolo11n_640_5-class_04-01-2026_saved_model/yolo11n_640_5-class_04-01-2026_float16.tflite,GPU_SUPPORTED,1,0.656,0.415,-0.055,-0.120,0
2026-04-06 22:03:04,9,101.867,108.963,54.675,0,0,GPU,31.367,MODERATE,yolo11n_640_5-class_04-01-2026_saved_model/yolo11n_640_5-class_04-01-2026_float16.tflite,GPU_SUPPORTED,1,0.662,0.413,-0.025,-0.059,1
2026-04-06 22:03:05,11,98.036,101.563,56.144,0,0,GPU,31.399,SEVERE,yolo11n_640_5-class_04-01-2026_saved_model/yolo11n_640_5-class_04-01-2026_float16.tflite,GPU_SUPPORTED,1,0.628,0.655,0.000,0.000,0
2026-04-06 22:03:06,9,97.643,101.639,52.341,0,0,GPU,31.789,SEVERE,yolo11n_640_5-class_04-01-2026_saved_model/yolo11n_640_5-class_04-01-2026_float16.tflite,GPU_SUPPORTED,1,0.592,0.000,-0.039,-0.527,1
2026-04-06 22:03:07,10,100.767,105.063,53.606,0,0,GPU,31.399,SEVERE,yolo11n_640_5-class_04-01-2026_saved_model/yolo11n_640_5-class_04-01-2026_float16.tflite,GPU_SUPPORTED,1,0.598,0.406,-0.004,0.237,5
2026-04-06 22:03:08,10,97.301,99.010,54.024,0,0,GPU,13.156,SEVERE,yolo11n_640_5-class_04-01-2026_saved_model/yolo11n_640_5-class_04-01-2026_float16.tflite,GPU_SUPPORTED,1,0.776,1.000,0.082,0.531,6
2026-04-06 22:03:09,10,98.140,101.925,55.864,0,0,GPU,13.219,SEVERE,yolo11n_640_5-class_04-01-2026_saved_model/yolo11n_640_5-class_04-01-2026_float16.tflite,GPU_SUPPORTED,0,,,,,0
2026-04-06 22:03:10,10,96.213,101.389,53.969,0,0,GPU,16.641,SEVERE,yolo11n_640_5-class_04-01-2026_saved_model/yolo11n_640_5-class_04-01-2026_float16.tflite,GPU_SUPPORTED,1,0.564,0.000,-0.029,-0.739,0
2026-04-06 22:03:11,10,101.453,106.713,52.436,0,0,GPU,31.789,SEVERE,yolo11n_640_5-class_04-01-2026_saved_model/yolo11n_640_5-class_04-01-2026_float16.tflite,GPU_SUPPORTED,1,0.576,0.597,0.006,0.411,1
2026-04-06 22:03:12,10,98.405,107.760,52.909,0,0,GPU,17.754,SEVERE,yolo11n_640_5-class_04-01-2026_saved_model/yolo11n_640_5-class_04-01-2026_float16.tflite,GPU_SUPPORTED,0,,,,,0
2026-04-06 22:03:13,10,96.247,101.515,53.013,0,0,GPU,18.207,SEVERE,yolo11n_640_5-class_04-01-2026_saved_model/yolo11n_640_5-class_04-01-2026_float16.tflite,GPU_SUPPORTED,0,,,,,0
2026-04-06 22:03:14,10,101.183,105.980,54.532,0,0,GPU,25.527,SEVERE,yolo11n_640_5-class_04-01-2026_saved_model/yolo11n_640_5-class_04-01-2026_float16.tflite,GPU_SUPPORTED,1,0.596,0.000,-0.044,-1.065,0
2026-04-06 22:03:15,10,97.484,103.270,55.037,0,0,GPU,44.762,SEVERE,yolo11n_640_5-class_04-01-2026_saved_model/yolo11n_640_5-class_04-01-2026_float16.tflite,GPU_SUPPORTED,1,0.633,0.568,0.024,0.253,0
2026-04-06 22:03:16,10,98.132,103.223,54.161,0,0,GPU,21.984,SEVERE,yolo11n_640_5-class_04-01-2026_saved_model/yolo11n_640_5-class_04-01-2026_float16.tflite,GPU_SUPPORTED,0,,,,,0
2026-04-06 22:03:17,10,101.638,105.103,55.233,0,0,GPU,31.367,SEVERE,yolo11n_640_5-class_04-01-2026_saved_model/yolo11n_640_5-class_04-01-2026_float16.tflite,GPU_SUPPORTED,0,,,,,0
2026-04-06 22:03:18,9,99.940,103.034,53.860,0,0,GPU,30.188,SEVERE,yolo11n_640_5-class_04-01-2026_saved_model/yolo11n_640_5-class_04-01-2026_float16.tflite,GPU_SUPPORTED,1,0.567,0.000,-0.048,-1.310,3
2026-04-06 22:03:19,10,102.233,107.741,58.082,0,0,GPU,17.723,SEVERE,yolo11n_640_5-class_04-01-2026_saved_model/yolo11n_640_5-class_04-01-2026_float16.tflite,GPU_SUPPORTED,1,0.564,0.528,-0.014,0.096,2
2026-04-06 22:03:20,10,100.621,106.593,52.728,0,0,GPU,25.500,SEVERE,yolo11n_640_5-class_04-01-2026_saved_model/yolo11n_640_5-class_04-01-2026_float16.tflite,GPU_SUPPORTED,0,,,,,0
2026-04-06 22:03:21,10,98.033,100.112,54.479,0,0,GPU,40.071,SEVERE,yolo11n_640_5-class_04-01-2026_saved_model/yolo11n_640_5-class_04-01-2026_float16.tflite,GPU_SUPPORTED,0,,,,,0
2026-04-06 22:03:22,10,97.817,102.431,54.868,0,0,GPU,31.367,SEVERE,yolo11n_640_5-class_04-01-2026_saved_model/yolo11n_640_5-class_04-01-2026_float16.tflite,GPU_SUPPORTED,1,0.417,0.957,-0.160,0.117,0
2026-04-06 22:03:23,10,97.943,100.945,55.357,0,0,GPU,26.676,SEVERE,yolo11n_640_5-class_04-01-2026_saved_model/yolo11n_640_5-class_04-01-2026_float16.tflite,GPU_SUPPORTED,1,0.261,0.834,-0.163,-0.065,0
2026-04-06 22:03:24,10,95.742,99.364,59.631,0,1,GPU,16.551,SEVERE,yolo11n_640_5-class_04-01-2026_saved_model/yolo11n_640_5-class_04-01-2026_float16.tflite,GPU_SUPPORTED,1,0.108,0.710,-0.157,-0.096,2
2026-04-06 22:03:25,10,96.531,104.749,56.228,0,0,GPU,27.113,SEVERE,yolo11n_640_5-class_04-01-2026_saved_model/yolo11n_640_5-class_04-01-2026_float16.tflite,GPU_SUPPORTED,1,0.095,0.747,-0.088,-0.031,0
2026-04-06 22:03:26,10,96.062,100.276,53.561,0,0,GPU,13.262,SEVERE,yolo11n_640_5-class_04-01-2026_saved_model/yolo11n_640_5-class_04-01-2026_float16.tflite,GPU_SUPPORTED,1,0.120,0.694,-0.033,-0.046,1
2026-04-06 22:03:27,11,96.356,101.114,54.577,0,0,GPU,34.211,SEVERE,yolo11n_640_5-class_04-01-2026_saved_model/yolo11n_640_5-class_04-01-2026_float16.tflite,GPU_SUPPORTED,1,0.332,0.197,0.097,-0.268,1
2026-04-06 22:03:28,10,98.927,104.524,54.694,0,0,GPU,33.426,SEVERE,yolo11n_640_5-class_04-01-2026_saved_model/yolo11n_640_5-class_04-01-2026_float16.tflite,GPU_SUPPORTED,1,0.565,0.194,0.159,-0.132,3
2026-04-06 22:03:29,9,99.862,105.020,58.473,0,0,GPU,31.406,SEVERE,yolo11n_640_5-class_04-01-2026_saved_model/yolo11n_640_5-class_04-01-2026_float16.tflite,GPU_SUPPORTED,1,0.426,0.554,0.042,0.087,0
2026-04-06 22:03:30,10,102.487,105.508,55.896,0,0,GPU,17.855,SEVERE,yolo11n_640_5-class_04-01-2026_saved_model/yolo11n_640_5-class_04-01-2026_float16.tflite,GPU_SUPPORTED,1,0.358,0.781,-0.017,0.147,0
2026-04-06 22:03:31,10,100.546,106.449,54.899,0,0,GPU,40.047,SEVERE,yolo11n_640_5-class_04-01-2026_saved_model/yolo11n_640_5-class_04-01-2026_float16.tflite,GPU_SUPPORTED,1,0.243,0.730,-0.066,0.038,0
2026-04-06 22:03:32,9,103.428,106.229,54.113,0,0,GPU,16.680,SEVERE,yolo11n_640_5-class_04-01-2026_saved_model/yolo11n_640_5-class_04-01-2026_float16.tflite,GPU_SUPPORTED,1,0.178,0.669,-0.066,-0.015,1
2026-04-06 22:03:33,10,99.852,102.970,55.210,0,0,GPU,30.227,SEVERE,yolo11n_640_5-class_04-01-2026_saved_model/yolo11n_640_5-class_04-01-2026_float16.tflite,GPU_SUPPORTED,1,0.343,0.258,0.054,-0.209,1
2026-04-06 22:03:34,10,100.694,107.901,56.007,0,0,GPU,31.438,SEVERE,yolo11n_640_5-class_04-01-2026_saved_model/yolo11n_640_5-class_04-01-2026_float16.tflite,GPU_SUPPORTED,1,0.611,0.235,0.153,-0.112,1
2026-04-06 22:03:35,10,97.720,99.781,58.407,0,0,GPU,30.227,SEVERE,yolo11n_640_5-class_04-01-2026_saved_model/yolo11n_640_5-class_04-01-2026_float16.tflite,GPU_SUPPORTED,1,0.705,0.556,0.121,0.111,0
2026-04-06 22:03:36,10,98.199,102.109,56.017,0,0,GPU,17.762,SEVERE,yolo11n_640_5-class_04-01-2026_saved_model/yolo11n_640_5-class_04-01-2026_float16.tflite,GPU_SUPPORTED,1,0.459,0.835,-0.069,0.197,1
2026-04-06 22:03:37,10,100.922,106.692,53.829,0,0,GPU,20.816,SEVERE,yolo11n_640_5-class_04-01-2026_saved_model/yolo11n_640_5-class_04-01-2026_float16.tflite,GPU_SUPPORTED,0,,,,,0
2026-04-06 22:03:38,9,103.363,109.054,53.914,0,0,GPU,16.644,SEVERE,yolo11n_640_5-class_04-01-2026_saved_model/yolo11n_640_5-class_04-01-2026_float16.tflite,GPU_SUPPORTED,0,,,,,0
2026-04-06 22:03:39,10,99.108,101.022,52.790,0,0,GPU,17.855,SEVERE,yolo11n_640_5-class_04-01-2026_saved_model/yolo11n_640_5-class_04-01-2026_float16.tflite,GPU_SUPPORTED,1,0.090,0.063,0.059,-0.021,0
2026-04-06 22:03:40,10,97.432,104.142,54.745,0,0,GPU,17.887,SEVERE,yolo11n_640_5-class_04-01-2026_saved_model/yolo11n_640_5-class_04-01-2026_float16.tflite,GPU_SUPPORTED,1,0.605,0.473,0.411,0.370,0
2026-04-06 22:03:41,10,97.382,104.232,55.128,0,0,GPU,31.406,SEVERE,yolo11n_640_5-class_04-01-2026_saved_model/yolo11n_640_5-class_04-01-2026_float16.tflite,GPU_SUPPORTED,1,0.671,0.828,0.196,0.372,2
2026-04-06 22:03:42,10,98.529,104.304,54.532,0,0,GPU,16.488,SEVERE,yolo11n_640_5-class_04-01-2026_saved_model/yolo11n_640_5-class_04-01-2026_float16.tflite,GPU_SUPPORTED,1,0.722,1.000,0.130,0.327,4
2026-04-06 22:03:43,10,100.072,105.158,54.025,0,0,GPU,31.375,SEVERE,yolo11n_640_5-class_04-01-2026_saved_model/yolo11n_640_5-class_04-01-2026_float16.tflite,GPU_SUPPORTED,1,0.351,1.000,-0.076,0.177,2
2026-04-06 22:03:44,10,98.737,106.480,54.399,0,0,GPU,31.406,SEVERE,yolo11n_640_5-class_04-01-2026_saved_model/yolo11n_640_5-class_04-01-2026_float16.tflite,GPU_SUPPORTED,0,,,,,0
2026-04-06 22:03:45,10,101.467,108.586,54.115,0,0,GPU,26.652,SEVERE,yolo11n_640_5-class_04-01-2026_saved_model/yolo11n_640_5-class_04-01-2026_float16.tflite,GPU_SUPPORTED,1,0.010,0.133,0.000,0.000,0
2026-04-06 22:03:46,10,100.633,105.928,55.325,0,0,GPU,31.375,SEVERE,yolo11n_640_5-class_04-01-2026_saved_model/yolo11n_640_5-class_04-01-2026_float16.tflite,GPU_SUPPORTED,1,0.678,0.481,0.581,0.466,0
2026-04-06 22:03:47,10,98.656,102.242,54.401,0,0,GPU,31.406,SEVERE,yolo11n_640_5-class_04-01-2026_saved_model/yolo11n_640_5-class_04-01-2026_float16.tflite,GPU_SUPPORTED,1,0.805,0.665,0.293,0.287,5
2026-04-06 22:03:48,9,102.809,107.507,53.682,0,0,GPU,31.406,SEVERE,yolo11n_640_5-class_04-01-2026_saved_model/yolo11n_640_5-class_04-01-2026_float16.tflite,GPU_SUPPORTED,1,0.650,0.922,0.000,0.000,3
2026-04-06 22:03:49,10,103.016,108.946,53.314,0,0,GPU,19.641,SEVERE,yolo11n_640_5-class_04-01-2026_saved_model/yolo11n_640_5-class_04-01-2026_float16.tflite,GPU_SUPPORTED,0,,,,,0
2026-04-06 22:03:50,10,98.372,103.807,55.760,0,0,GPU,19.578,SEVERE,yolo11n_640_5-class_04-01-2026_saved_model/yolo11n_640_5-class_04-01-2026_float16.tflite,GPU_SUPPORTED,0,,,,,0
2026-04-06 22:03:51,10,98.884,104.701,53.904,0,0,GPU,18.402,SEVERE,yolo11n_640_5-class_04-01-2026_saved_model/yolo11n_640_5-class_04-01-2026_float16.tflite,GPU_SUPPORTED,1,0.272,0.052,0.584,-0.536,0
2026-04-06 22:03:52,9,99.528,106.089,53.651,0,0,GPU,30.195,SEVERE,yolo11n_640_5-class_04-01-2026_saved_model/yolo11n_640_5-class_04-01-2026_float16.tflite,GPU_SUPPORTED,1,0.818,0.434,0.578,0.287,0
2026-04-06 22:03:53,10,97.481,101.235,53.457,0,0,GPU,16.645,SEVERE,yolo11n_640_5-class_04-01-2026_saved_model/yolo11n_640_5-class_04-01-2026_float16.tflite,GPU_SUPPORTED,1,1.000,0.625,0.378,0.231,6
2026-04-06 22:03:54,10,97.956,99.997,54.455,0,0,GPU,17.949,SEVERE,yolo11n_640_5-class_04-01-2026_saved_model/yolo11n_640_5-class_04-01-2026_float16.tflite,GPU_SUPPORTED,1,0.764,0.931,0.000,0.000,5
2026-04-06 22:03:55,10,98.095,101.055,56.255,0,0,GPU,31.406,SEVERE,yolo11n_640_5-class_04-01-2026_saved_model/yolo11n_640_5-class_04-01-2026_float16.tflite,GPU_SUPPORTED,0,,,,,0
2026-04-06 22:03:56,11,98.239,102.743,56.691,0,0,GPU,13.320,SEVERE,yolo11n_640_5-class_04-01-2026_saved_model/yolo11n_640_5-class_04-01-2026_float16.tflite,GPU_SUPPORTED,0,,,,,0
2026-04-06 22:03:57,9,101.300,106.152,54.225,0,1,GPU,31.406,SEVERE,yolo11n_640_5-class_04-01-2026_saved_model/yolo11n_640_5-class_04-01-2026_float16.tflite,GPU_SUPPORTED,1,0.320,0.088,0.580,-0.680,0
2026-04-06 22:03:58,10,96.540,104.297,53.031,0,0,GPU,16.613,SEVERE,yolo11n_640_5-class_04-01-2026_saved_model/yolo11n_640_5-class_04-01-2026_float16.tflite,GPU_SUPPORTED,1,0.885,0.446,0.538,0.242,0
2026-04-06 22:03:59,10,97.775,104.328,53.390,0,0,GPU,30.195,SEVERE,yolo11n_640_5-class_04-01-2026_saved_model/yolo11n_640_5-class_04-01-2026_float16.tflite,GPU_SUPPORTED,1,0.981,0.690,0.291,0.252,3
2026-04-06 22:04:00,10,96.968,100.386,54.379,0,0,GPU,17.887,SEVERE,yolo11n_640_5-class_04-01-2026_saved_model/yolo11n_640_5-class_04-01-2026_float16.tflite,GPU_SUPPORTED,1,1.000,0.987,0.173,0.268,3
2026-04-06 22:04:01,10,101.032,103.521,54.121,0,0,GPU,17.762,SEVERE,yolo11n_640_5-class_04-01-2026_saved_model/yolo11n_640_5-class_04-01-2026_float16.tflite,GPU_SUPPORTED,1,0.222,0.877,-0.194,0.107,0
2026-04-06 22:04:02,10,101.581,104.862,55.723,0,0,GPU,40.078,SEVERE,yolo11n_640_5-class_04-01-2026_saved_model/yolo11n_640_5-class_04-01-2026_float16.tflite,GPU_SUPPORTED,1,0.077,0.651,-0.153,-0.081,0
2026-04-06 22:04:03,9,104.571,107.544,54.710,0,0,GPU,31.375,SEVERE,yolo11n_640_5-class_04-01-2026_saved_model/yolo11n_640_5-class_04-01-2026_float16.tflite,GPU_SUPPORTED,1,0.206,0.429,-0.008,-0.148,0
2026-04-06 22:04:04,10,99.200,103.879,54.051,0,0,GPU,31.438,SEVERE,yolo11n_640_5-class_04-01-2026_saved_model/yolo11n_640_5-class_04-01-2026_float16.tflite,GPU_SUPPORTED,1,0.671,0.655,0.199,0.034,0
2026-04-06 22:04:05,10,99.647,104.287,54.382,0,0,GPU,43.590,SEVERE,yolo11n_640_5-class_04-01-2026_saved_model/yolo11n_640_5-class_04-01-2026_float16.tflite,GPU_SUPPORTED,1,0.455,0.816,-0.036,0.107,0
2026-04-06 22:04:06,10,99.852,106.623,53.730,0,0,GPU,26.684,SEVERE,yolo11n_640_5-class_04-01-2026_saved_model/yolo11n_640_5-class_04-01-2026_float16.tflite,GPU_SUPPORTED,1,0.175,0.855,-0.150,0.066,0
2026-04-06 22:04:07,10,98.210,104.440,57.603,0,0,GPU,21.961,SEVERE,yolo11n_640_5-class_04-01-2026_saved_model/yolo11n_640_5-class_04-01-2026_float16.tflite,GPU_SUPPORTED,1,0.188,0.494,-0.053,-0.177,0
2026-04-06 22:04:08,10,98.769,102.923,54.521,0,0,GPU,18.434,SEVERE,yolo11n_640_5-class_04-01-2026_saved_model/yolo11n_640_5-class_04-01-2026_float16.tflite,GPU_SUPPORTED,1,0.501,0.228,0.122,-0.181,0
2026-04-06 22:04:09,9,100.733,106.374,55.188,0,0,GPU,13.258,SEVERE,yolo11n_640_5-class_04-01-2026_saved_model/yolo11n_640_5-class_04-01-2026_float16.tflite,GPU_SUPPORTED,1,0.695,0.583,0.156,0.077,0
2026-04-06 22:04:10,11,96.850,101.861,52.955,0,0,GPU,31.406,SEVERE,yolo11n_640_5-class_04-01-2026_saved_model/yolo11n_640_5-class_04-01-2026_float16.tflite,GPU_SUPPORTED,0,,,,,0
2026-04-06 22:04:11,10,95.956,105.665,55.242,0,0,GPU,31.406,SEVERE,yolo11n_640_5-class_04-01-2026_saved_model/yolo11n_640_5-class_04-01-2026_float16.tflite,GPU_SUPPORTED,0,,,,,0
2026-04-06 22:04:12,10,96.712,102.576,54.349,0,0,GPU,44.801,SEVERE,yolo11n_640_5-class_04-01-2026_saved_model/yolo11n_640_5-class_04-01-2026_float16.tflite,GPU_SUPPORTED,1,0.406,0.135,0.679,-0.067,0
2026-04-06 22:04:13,10,99.979,103.997,58.872,0,0,GPU,26.715,SEVERE,yolo11n_640_5-class_04-01-2026_saved_model/yolo11n_640_5-class_04-01-2026_float16.tflite,GPU_SUPPORTED,1,0.944,1.000,0.534,0.715,4
2026-04-06 22:04:14,10,99.907,105.051,56.046,0,0,GPU,19.641,SEVERE,yolo11n_640_5-class_04-01-2026_saved_model/yolo11n_640_5-class_04-01-2026_float16.tflite,GPU_SUPPORTED,1,0.699,1.000,0.137,0.464,4
2026-04-06 22:04:15,10,100.091,104.065,54.612,0,0,GPU,13.320,SEVERE,yolo11n_640_5-class_04-01-2026_saved_model/yolo11n_640_5-class_04-01-2026_float16.tflite,GPU_SUPPORTED,0,,,,,0
2026-04-06 22:04:16,10,96.957,105.719,53.487,0,0,GPU,15.309,SEVERE,yolo11n_640_5-class_04-01-2026_saved_model/yolo11n_640_5-class_04-01-2026_float16.tflite,GPU_SUPPORTED,0,,,,,0
2026-04-06 22:04:17,9,101.640,106.188,52.904,0,0,GPU,31.375,SEVERE,yolo11n_640_5-class_04-01-2026_saved_model/yolo11n_640_5-class_04-01-2026_float16.tflite,GPU_SUPPORTED,1,0.396,0.404,0.746,0.819,0
2026-04-06 22:04:18,10,98.027,103.192,53.844,0,0,GPU,13.227,SEVERE,yolo11n_640_5-class_04-01-2026_saved_model/yolo11n_640_5-class_04-01-2026_float16.tflite,GPU_SUPPORTED,1,0.783,1.000,0.442,1.087,7
2026-04-06 22:04:19,11,98.187,101.873,52.699,0,0,GPU,17.949,SEVERE,yolo11n_640_5-class_04-01-2026_saved_model/yolo11n_640_5-class_04-01-2026_float16.tflite,GPU_SUPPORTED,1,0.490,1.000,0.093,0.447,7
2026-04-06 22:04:20,10,97.838,100.340,53.853,0,0,GPU,31.375,SEVERE,yolo11n_640_5-class_04-01-2026_saved_model/yolo11n_640_5-class_04-01-2026_float16.tflite,GPU_SUPPORTED,0,,,,,0
2026-04-06 22:04:21,10,97.935,102.011,53.104,0,1,GPU,13.711,SEVERE,yolo11n_640_5-class_04-01-2026_saved_model/yolo11n_640_5-class_04-01-2026_float16.tflite,GPU_SUPPORTED,0,,,,,0
2026-04-06 22:04:22,9,101.318,106.758,53.783,0,0,GPU,31.375,SEVERE,yolo11n_640_5-class_04-01-2026_saved_model/yolo11n_640_5-class_04-01-2026_float16.tflite,GPU_SUPPORTED,1,0.436,0.400,0.379,0.535,3
2026-04-06 22:04:23,10,97.423,104.498,55.242,0,0,GPU,16.613,SEVERE,yolo11n_640_5-class_04-01-2026_saved_model/yolo11n_640_5-class_04-01-2026_float16.tflite,GPU_SUPPORTED,1,0.561,0.840,0.188,0.734,0
2026-04-06 22:04:24,10,98.848,104.999,55.931,0,0,GPU,13.105,SEVERE,yolo11n_640_5-class_04-01-2026_saved_model/yolo11n_640_5-class_04-01-2026_float16.tflite,GPU_SUPPORTED,1,0.259,1.000,-0.062,0.566,4
2026-04-06 22:04:26,10,95.976,100.418,55.144,0,0,GPU,17.887,SEVERE,yolo11n_640_5-class_04-01-2026_saved_model/yolo11n_640_5-class_04-01-2026_float16.tflite,GPU_SUPPORTED,1,0.113,1.000,-0.104,0.172,0
2026-04-06 22:04:27,10,97.055,100.958,55.657,0,0,GPU,16.676,SEVERE,yolo11n_640_5-class_04-01-2026_saved_model/yolo11n_640_5-class_04-01-2026_float16.tflite,GPU_SUPPORTED,1,0.099,0.462,-0.040,-0.198,0
2026-04-06 22:04:28,10,98.838,100.873,54.881,0,0,GPU,13.227,SEVERE,yolo11n_640_5-class_04-01-2026_saved_model/yolo11n_640_5-class_04-01-2026_float16.tflite,GPU_SUPPORTED,1,0.368,0.529,0.111,-0.040,1
2026-04-06 22:04:29,10,96.980,103.913,56.832,0,0,GPU,16.770,SEVERE,yolo11n_640_5-class_04-01-2026_saved_model/yolo11n_640_5-class_04-01-2026_float16.tflite,GPU_SUPPORTED,1,0.379,0.810,0.053,0.112,1
2026-04-06 22:04:30,11,95.044,101.562,53.777,0,0,GPU,26.715,SEVERE,yolo11n_640_5-class_04-01-2026_saved_model/yolo11n_640_5-class_04-01-2026_float16.tflite,GPU_SUPPORTED,0,,,,,0
2026-04-06 22:04:31,10,97.542,102.136,51.851,0,0,GPU,26.715,SEVERE,yolo11n_640_5-class_04-01-2026_saved_model/yolo11n_640_5-class_04-01-2026_float16.tflite,GPU_SUPPORTED,0,,,,,0
2026-04-06 22:04:32,10,100.562,105.388,55.155,0,0,GPU,34.180,SEVERE,yolo11n_640_5-class_04-01-2026_saved_model/yolo11n_640_5-class_04-01-2026_float16.tflite,GPU_SUPPORTED,1,0.420,0.282,0.496,-0.085,0
2026-04-06 22:04:33,10,98.529,102.130,54.597,0,0,GPU,14.918,SEVERE,yolo11n_640_5-class_04-01-2026_saved_model/yolo11n_640_5-class_04-01-2026_float16.tflite,GPU_SUPPORTED,1,0.583,0.889,0.243,0.410,0
2026-04-06 22:04:34,10,97.727,103.033,53.291,0,0,GPU,21.992,SEVERE,yolo11n_640_5-class_04-01-2026_saved_model/yolo11n_640_5-class_04-01-2026_float16.tflite,GPU_SUPPORTED,1,0.422,0.994,0.043,0.262,2
2026-04-06 22:04:35,10,99.760,102.333,55.717,0,0,GPU,30.195,SEVERE,yolo11n_640_5-class_04-01-2026_saved_model/yolo11n_640_5-class_04-01-2026_float16.tflite,GPU_SUPPORTED,0,,,,,0
2026-04-06 22:04:36,9,102.809,105.114,54.756,0,0,GPU,17.887,SEVERE,yolo11n_640_5-class_04-01-2026_saved_model/yolo11n_640_5-class_04-01-2026_float16.tflite,GPU_SUPPORTED,0,,,,,0
2026-04-06 22:04:37,10,100.420,106.103,53.788,0,0,GPU,44.770,SEVERE,yolo11n_640_5-class_04-01-2026_saved_model/yolo11n_640_5-class_04-01-2026_float16.tflite,GPU_SUPPORTED,1,0.364,0.296,0.596,0.260,0
2026-04-06 22:04:38,10,99.072,104.187,55.141,0,0,GPU,31.766,SEVERE,yolo11n_640_5-class_04-01-2026_saved_model/yolo11n_640_5-class_04-01-2026_float16.tflite,GPU_SUPPORTED,1,0.742,1.000,0.412,0.760,5
2026-04-06 22:04:39,10,97.916,99.468,54.455,0,0,GPU,31.375,SEVERE,yolo11n_640_5-class_04-01-2026_saved_model/yolo11n_640_5-class_04-01-2026_float16.tflite,GPU_SUPPORTED,1,0.610,1.000,0.143,0.505,7
2026-04-06 22:04:40,10,98.169,102.507,54.486,0,0,GPU,31.406,SEVERE,yolo11n_640_5-class_04-01-2026_saved_model/yolo11n_640_5-class_04-01-2026_float16.tflite,GPU_SUPPORTED,0,,,,,0
2026-04-06 22:04:41,10,99.733,103.169,54.736,0,0,GPU,40.016,SEVERE,yolo11n_640_5-class_04-01-2026_saved_model/yolo11n_640_5-class_04-01-2026_float16.tflite,GPU_SUPPORTED,1,0.121,0.139,0.084,-0.051,0
2026-04-06 22:04:42,10,100.910,108.671,53.458,0,0,GPU,31.406,SEVERE,yolo11n_640_5-class_04-01-2026_saved_model/yolo11n_640_5-class_04-01-2026_float16.tflite,GPU_SUPPORTED,1,0.603,0.556,0.404,0.408,0
2026-04-06 22:04:43,9,99.870,102.894,52.454,0,0,GPU,31.406,SEVERE,yolo11n_640_5-class_04-01-2026_saved_model/yolo11n_640_5-class_04-01-2026_float16.tflite,GPU_SUPPORTED,1,0.627,0.818,0.174,0.348,1
2026-04-06 22:04:44,10,99.909,103.196,54.926,0,0,GPU,13.164,SEVERE,yolo11n_640_5-class_04-01-2026_saved_model/yolo11n_640_5-class_04-01-2026_float16.tflite,GPU_SUPPORTED,1,0.712,1.000,0.127,0.305,3
2026-04-06 22:04:45,11,96.921,100.234,52.910,0,1,GPU,30.199,SEVERE,yolo11n_640_5-class_04-01-2026_saved_model/yolo11n_640_5-class_04-01-2026_float16.tflite,GPU_SUPPORTED,0,,,,,0
2026-04-06 22:04:46,9,100.614,103.183,54.857,0,0,GPU,18.309,SEVERE,yolo11n_640_5-class_04-01-2026_saved_model/yolo11n_640_5-class_04-01-2026_float16.tflite,GPU_SUPPORTED,0,,,,,0
2026-04-06 22:04:47,10,97.827,102.378,55.087,0,0,GPU,16.644,SEVERE,yolo11n_640_5-class_04-01-2026_saved_model/yolo11n_640_5-class_04-01-2026_float16.tflite,GPU_SUPPORTED,1,0.489,0.238,0.501,0.028,3
2026-04-06 22:04:48,10,97.978,101.204,54.658,0,0,GPU,30.195,SEVERE,yolo11n_640_5-class_04-01-2026_saved_model/yolo11n_640_5-class_04-01-2026_float16.tflite,GPU_SUPPORTED,1,0.453,1.000,0.096,0.562,0
2026-04-06 22:04:49,10,97.063,102.519,55.430,0,0,GPU,17.855,SEVERE,yolo11n_640_5-class_04-01-2026_saved_model/yolo11n_640_5-class_04-01-2026_float16.tflite,GPU_SUPPORTED,1,0.347,0.937,0.006,0.184,0
2026-04-06 22:04:50,10,97.162,102.904,55.077,0,1,GPU,31.375,SEVERE,yolo11n_640_5-class_04-01-2026_saved_model/yolo11n_640_5-class_04-01-2026_float16.tflite,GPU_SUPPORTED,1,0.276,0.718,-0.048,-0.039,0
2026-04-06 22:04:51,10,97.001,104.179,53.914,0,0,GPU,30.195,SEVERE,yolo11n_640_5-class_04-01-2026_saved_model/yolo11n_640_5-class_04-01-2026_float16.tflite,GPU_SUPPORTED,1,0.334,0.236,0.013,-0.249,0
2026-04-06 22:04:52,10,98.660,105.617,53.340,0,0,GPU,31.375,SEVERE,yolo11n_640_5-class_04-01-2026_saved_model/yolo11n_640_5-class_04-01-2026_float16.tflite,GPU_SUPPORTED,1,0.267,0.136,-0.040,-0.176,0
2026-04-06 22:04:53,10,100.676,106.250,53.459,0,0,GPU,31.375,SEVERE,yolo11n_640_5-class_04-01-2026_saved_model/yolo11n_640_5-class_04-01-2026_float16.tflite,GPU_SUPPORTED,1,0.382,0.096,0.043,-0.107,1
2026-04-06 22:04:54,10,97.070,100.112,54.683,0,0,GPU,17.887,SEVERE,yolo11n_640_5-class_04-01-2026_saved_model/yolo11n_640_5-class_04-01-2026_float16.tflite,GPU_SUPPORTED,1,0.356,0.239,0.033,0.027,0
2026-04-06 22:04:55,10,101.202,108.085,54.207,0,0,GPU,40.047,SEVERE,yolo11n_640_5-class_04-01-2026_saved_model/yolo11n_640_5-class_04-01-2026_float16.tflite,GPU_SUPPORTED,1,0.563,0.538,0.156,0.166,0
2026-04-06 22:04:56,10,101.023,105.864,56.901,0,0,GPU,16.773,SEVERE,yolo11n_640_5-class_04-01-2026_saved_model/yolo11n_640_5-class_04-01-2026_float16.tflite,GPU_SUPPORTED,1,0.840,0.619,0.179,0.090,0
2026-04-06 22:04:57,9,102.607,104.285,55.071,0,0,GPU,17.949,SEVERE,yolo11n_640_5-class_04-01-2026_saved_model/yolo11n_640_5-class_04-01-2026_float16.tflite,GPU_SUPPORTED,1,0.803,0.446,0.084,-0.031,1
2026-04-06 22:04:58,10,97.012,100.912,54.387,0,0,GPU,17.918,SEVERE,yolo11n_640_5-class_04-01-2026_saved_model/yolo11n_640_5-class_04-01-2026_float16.tflite,GPU_SUPPORTED,1,0.714,0.498,-0.008,0.025,0
2026-04-06 22:04:59,10,100.196,106.262,55.007,0,0,GPU,17.793,SEVERE,yolo11n_640_5-class_04-01-2026_saved_model/yolo11n_640_5-class_04-01-2026_float16.tflite,GPU_SUPPORTED,1,0.527,0.576,-0.092,0.044,0
2026-04-06 22:05:00,10,97.806,101.956,54.644,0,0,GPU,31.406,SEVERE,yolo11n_640_5-class_04-01-2026_saved_model/yolo11n_640_5-class_04-01-2026_float16.tflite,GPU_SUPPORTED,1,0.487,0.496,-0.054,-0.016,0
2026-04-06 22:05:01,10,98.339,101.988,56.258,0,0,GPU,31.406,SEVERE,yolo11n_640_5-class_04-01-2026_saved_model/yolo11n_640_5-class_04-01-2026_float16.tflite,GPU_SUPPORTED,1,0.569,0.561,0.009,0.023,0
2026-04-06 22:05:02,10,98.830,102.987,54.596,0,0,GPU,43.652,SEVERE,yolo11n_640_5-class_04-01-2026_saved_model/yolo11n_640_5-class_04-01-2026_float16.tflite,GPU_SUPPORTED,1,0.615,0.573,0.024,0.018,7
2026-04-06 22:05:03,10,100.725,104.098,55.489,0,0,GPU,40.078,SEVERE,yolo11n_640_5-class_04-01-2026_saved_model/yolo11n_640_5-class_04-01-2026_float16.tflite,GPU_SUPPORTED,1,0.741,0.461,0.063,-0.046,0
2026-04-06 22:05:04,10,100.830,104.358,53.310,0,0,GPU,31.469,SEVERE,yolo11n_640_5-class_04-01-2026_saved_model/yolo11n_640_5-class_04-01-2026_float16.tflite,GPU_SUPPORTED,1,0.759,0.371,0.042,-0.057,1
2026-04-06 22:05:05,10,98.241,102.933,51.875,0,0,GPU,26.715,SEVERE,yolo11n_640_5-class_04-01-2026_saved_model/yolo11n_640_5-class_04-01-2026_float16.tflite,GPU_SUPPORTED,1,0.786,0.471,0.035,0.015,4
2026-04-06 22:05:06,10,97.019,101.049,53.986,0,0,GPU,17.270,SEVERE,yolo11n_640_5-class_04-01-2026_saved_model/yolo11n_640_5-class_04-01-2026_float16.tflite,GPU_SUPPORTED,1,0.778,0.344,0.016,-0.049,1
2026-04-06 22:05:07,9,101.428,106.518,54.630,0,1,GPU,17.918,SEVERE,yolo11n_640_5-class_04-01-2026_saved_model/yolo11n_640_5-class_04-01-2026_float16.tflite,GPU_SUPPORTED,1,0.769,0.356,0.006,-0.025,5
2026-04-06 22:05:08,11,92.158,94.729,54.815,0,0,GPU,13.070,SEVERE,yolo11n_640_5-class_04-01-2026_saved_model/yolo11n_640_5-class_04-01-2026_float16.tflite,GPU_SUPPORTED,1,0.825,0.328,0.026,-0.028,0
2026-04-06 22:05:09,10,97.718,101.805,55.238,0,0,GPU,17.887,SEVERE,yolo11n_640_5-class_04-01-2026_saved_model/yolo11n_640_5-class_04-01-2026_float16.tflite,GPU_SUPPORTED,1,0.839,0.301,0.021,-0.028,8
2026-04-06 22:05:10,10,96.518,99.867,53.871,0,0,GPU,26.809,SEVERE,yolo11n_640_5-class_04-01-2026_saved_model/yolo11n_640_5-class_04-01-2026_float16.tflite,GPU_SUPPORTED,0,,,,,0
2026-04-06 22:05:11,10,96.342,103.143,53.557,0,0,GPU,13.227,SEVERE,yolo11n_640_5-class_04-01-2026_saved_model/yolo11n_640_5-class_04-01-2026_float16.tflite,GPU_SUPPORTED,1,0.694,0.750,0.000,0.000,1
2026-04-06 22:05:12,10,99.205,103.140,53.409,0,0,GPU,16.644,SEVERE,yolo11n_640_5-class_04-01-2026_saved_model/yolo11n_640_5-class_04-01-2026_float16.tflite,GPU_SUPPORTED,1,0.651,0.369,-0.006,-0.096,1
2026-04-06 22:05:13,10,98.903,101.299,53.998,0,0,GPU,31.793,SEVERE,yolo11n_640_5-class_04-01-2026_saved_model/yolo11n_640_5-class_04-01-2026_float16.tflite,GPU_SUPPORTED,1,0.653,0.479,-0.001,0.049,8
2026-04-06 22:05:14,11,93.789,97.162,55.145,0,0,GPU,22.023,SEVERE,yolo11n_640_5-class_04-01-2026_saved_model/yolo11n_640_5-class_04-01-2026_float16.tflite,GPU_SUPPORTED,1,0.625,0.468,-0.015,0.012,0
2026-04-06 22:05:15,9,101.999,105.974,55.753,0,0,GPU,17.918,SEVERE,yolo11n_640_5-class_04-01-2026_saved_model/yolo11n_640_5-class_04-01-2026_float16.tflite,GPU_SUPPORTED,1,0.579,0.784,-0.027,0.145,1
2026-04-06 22:05:16,11,93.272,98.878,55.212,0,0,GPU,30.195,SEVERE,yolo11n_640_5-class_04-01-2026_saved_model/yolo11n_640_5-class_04-01-2026_float16.tflite,GPU_SUPPORTED,1,0.613,0.571,0.001,-0.027,1
2026-04-06 22:05:17,10,96.331,103.111,55.319,0,0,GPU,17.918,SEVERE,yolo11n_640_5-class_04-01-2026_saved_model/yolo11n_640_5-class_04-01-2026_float16.tflite,GPU_SUPPORTED,1,0.611,0.406,-0.005,-0.094,0
2026-04-06 22:05:18,10,97.358,105.084,53.634,0,0,GPU,17.887,SEVERE,yolo11n_640_5-class_04-01-2026_saved_model/yolo11n_640_5-class_04-01-2026_float16.tflite,GPU_SUPPORTED,1,0.617,0.448,0.001,-0.021,1
2026-04-06 22:05:19,10,98.926,103.473,54.139,0,0,GPU,13.195,SEVERE,yolo11n_640_5-class_04-01-2026_saved_model/yolo11n_640_5-class_04-01-2026_float16.tflite,GPU_SUPPORTED,1,0.612,0.380,-0.003,-0.039,1
2026-04-06 22:05:20,10,101.209,106.913,54.848,0,0,GPU,31.406,SEVERE,yolo11n_640_5-class_04-01-2026_saved_model/yolo11n_640_5-class_04-01-2026_float16.tflite,GPU_SUPPORTED,0,,,,,0
2026-04-06 22:05:21,10,96.292,101.715,50.216,0,0,GPU,17.730,SEVERE,yolo11n_640_5-class_04-01-2026_saved_model/yolo11n_640_5-class_04-01-2026_float16.tflite,GPU_SUPPORTED,1,0.292,0.983,-0.207,0.146,2
2026-04-06 22:05:22,10,98.706,105.126,53.946,0,0,GPU,31.375,SEVERE,yolo11n_640_5-class_04-01-2026_saved_model/yolo11n_640_5-class_04-01-2026_float16.tflite,GPU_SUPPORTED,1,0.369,0.541,0.002,-0.265,0
2026-04-06 22:05:23,10,98.200,103.808,54.788,0,0,GPU,26.684,SEVERE,yolo11n_640_5-class_04-01-2026_saved_model/yolo11n_640_5-class_04-01-2026_float16.tflite,GPU_SUPPORTED,1,0.179,0.586,-0.103,-0.098,1
2026-04-06 22:05:24,10,96.172,101.539,55.389,0,0,GPU,13.039,SEVERE,yolo11n_640_5-class_04-01-2026_saved_model/yolo11n_640_5-class_04-01-2026_float16.tflite,GPU_SUPPORTED,1,0.134,0.573,-0.073,-0.054,0
2026-04-06 22:05:25,10,99.304,103.810,53.411,0,0,GPU,31.375,SEVERE,yolo11n_640_5-class_04-01-2026_saved_model/yolo11n_640_5-class_04-01-2026_float16.tflite,GPU_SUPPORTED,1,0.119,0.485,-0.047,-0.066,1
2026-04-06 22:05:26,10,98.901,106.734,54.789,0,0,GPU,31.828,SEVERE,yolo11n_640_5-class_04-01-2026_saved_model/yolo11n_640_5-class_04-01-2026_float16.tflite,GPU_SUPPORTED,1,0.391,0.349,0.094,-0.097,0
2026-04-06 22:05:27,10,99.159,106.223,54.801,0,0,GPU,21.992,SEVERE,yolo11n_640_5-class_04-01-2026_saved_model/yolo11n_640_5-class_04-01-2026_float16.tflite,GPU_SUPPORTED,1,0.538,0.272,0.111,-0.089,8
2026-04-06 22:05:28,10,100.287,106.654,52.972,0,0,GPU,19.637,SEVERE,yolo11n_640_5-class_04-01-2026_saved_model/yolo11n_640_5-class_04-01-2026_float16.tflite,GPU_SUPPORTED,1,0.478,0.570,0.045,0.059,0
2026-04-06 22:05:29,10,98.062,102.625,52.581,0,0,GPU,26.684,SEVERE,yolo11n_640_5-class_04-01-2026_saved_model/yolo11n_640_5-class_04-01-2026_float16.tflite,GPU_SUPPORTED,1,0.446,0.636,0.016,0.059,1
2026-04-06 22:05:30,10,97.066,100.506,53.636,0,0,GPU,38.867,SEVERE,yolo11n_640_5-class_04-01-2026_saved_model/yolo11n_640_5-class_04-01-2026_float16.tflite,GPU_SUPPORTED,1,0.481,0.418,0.027,-0.079,2
2026-04-06 22:05:31,10,99.064,103.845,54.005,0,0,GPU,26.715,SEVERE,yolo11n_640_5-class_04-01-2026_saved_model/yolo11n_640_5-class_04-01-2026_float16.tflite,GPU_SUPPORTED,1,0.553,0.348,0.041,-0.065,0
2026-04-06 22:05:32,9,101.940,105.661,55.600,0,0,GPU,18.309,SEVERE,yolo11n_640_5-class_04-01-2026_saved_model/yolo11n_640_5-class_04-01-2026_float16.tflite,GPU_SUPPORTED,1,0.468,0.493,-0.021,0.034,0
2026-04-06 22:05:33,10,100.872,106.303,52.234,0,0,GPU,31.375,SEVERE,yolo11n_640_5-class_04-01-2026_saved_model/yolo11n_640_5-class_04-01-2026_float16.tflite,GPU_SUPPORTED,1,0.439,0.598,-0.023,0.065,4
2026-04-06 22:05:34,10,97.232,106.726,54.041,0,0,GPU,31.375,SEVERE,yolo11n_640_5-class_04-01-2026_saved_model/yolo11n_640_5-class_04-01-2026_float16.tflite,GPU_SUPPORTED,1,0.450,0.452,-0.008,-0.026,5
2026-04-06 22:05:35,11,95.560,105.028,54.476,0,1,GPU,16.832,SEVERE,yolo11n_640_5-class_04-01-2026_saved_model/yolo11n_640_5-class_04-01-2026_float16.tflite,GPU_SUPPORTED,1,0.657,0.354,0.083,-0.044,0
2026-04-06 22:05:36,10,98.017,101.385,54.337,0,0,GPU,19.605,SEVERE,yolo11n_640_5-class_04-01-2026_saved_model/yolo11n_640_5-class_04-01-2026_float16.tflite,GPU_SUPPORTED,1,0.733,0.494,0.075,0.030,0
2026-04-06 22:05:37,10,98.403,103.869,53.820,0,0,GPU,34.211,SEVERE,yolo11n_640_5-class_04-01-2026_saved_model/yolo11n_640_5-class_04-01-2026_float16.tflite,GPU_SUPPORTED,1,0.711,0.629,0.024,0.078,0
2026-04-06 22:05:38,10,99.643,108.555,54.303,0,0,GPU,40.047,SEVERE,yolo11n_640_5-class_04-01-2026_saved_model/yolo11n_640_5-class_04-01-2026_float16.tflite,GPU_SUPPORTED,1,0.644,0.762,-0.024,0.101,0
2026-04-06 22:05:39,10,99.781,107.343,54.387,0,0,GPU,18.402,SEVERE,yolo11n_640_5-class_04-01-2026_saved_model/yolo11n_640_5-class_04-01-2026_float16.tflite,GPU_SUPPORTED,1,0.549,0.800,-0.063,0.055,0
2026-04-06 22:05:40,10,98.845,102.097,54.672,0,0,GPU,13.383,SEVERE,yolo11n_640_5-class_04-01-2026_saved_model/yolo11n_640_5-class_04-01-2026_float16.tflite,GPU_SUPPORTED,1,0.461,0.725,-0.071,-0.009,1
2026-04-06 22:05:41,9,99.699,101.623,55.272,0,0,GPU,13.195,SEVERE,yolo11n_640_5-class_04-01-2026_saved_model/yolo11n_640_5-class_04-01-2026_float16.tflite,GPU_SUPPORTED,1,0.408,0.551,-0.062,-0.089,0
2026-04-06 22:05:42,11,97.093,103.683,52.877,0,0,GPU,18.012,SEVERE,yolo11n_640_5-class_04-01-2026_saved_model/yolo11n_640_5-class_04-01-2026_float16.tflite,GPU_SUPPORTED,1,0.426,0.222,-0.028,-0.179,6
2026-04-06 22:05:43,9,100.956,105.026,53.765,0,0,GPU,31.375,SEVERE,yolo11n_640_5-class_04-01-2026_saved_model/yolo11n_640_5-class_04-01-2026_float16.tflite,GPU_SUPPORTED,1,0.611,0.185,0.055,-0.119,1
2026-04-06 22:05:44,10,99.844,106.760,56.871,0,0,GPU,17.918,SEVERE,yolo11n_640_5-class_04-01-2026_saved_model/yolo11n_640_5-class_04-01-2026_float16.tflite,GPU_SUPPORTED,0,,,,,0
2026-04-06 22:05:45,10,97.544,100.902,55.108,0,0,GPU,16.488,SEVERE,yolo11n_640_5-class_04-01-2026_saved_model/yolo11n_640_5-class_04-01-2026_float16.tflite,GPU_SUPPORTED,1,0.474,0.125,0.183,-0.563,0
2026-04-06 22:05:46,10,100.176,104.628,56.446,0,0,GPU,30.227,SEVERE,yolo11n_640_5-class_04-01-2026_saved_model/yolo11n_640_5-class_04-01-2026_float16.tflite,GPU_SUPPORTED,1,0.695,0.075,0.213,-0.132,2
2026-04-06 22:05:47,10,98.438,102.213,55.647,0,0,GPU,44.863,SEVERE,yolo11n_640_5-class_04-01-2026_saved_model/yolo11n_640_5-class_04-01-2026_float16.tflite,GPU_SUPPORTED,1,0.722,0.536,0.112,0.179,0
2026-04-06 22:05:48,10,97.007,101.338,53.084,0,0,GPU,17.855,SEVERE,yolo11n_640_5-class_04-01-2026_saved_model/yolo11n_640_5-class_04-01-2026_float16.tflite,GPU_SUPPORTED,1,0.724,0.616,0.064,0.137,4
2026-04-06 22:05:49,10,96.611,99.523,55.475,0,0,GPU,18.340,SEVERE,yolo11n_640_5-class_04-01-2026_saved_model/yolo11n_640_5-class_04-01-2026_float16.tflite,GPU_SUPPORTED,1,0.633,0.650,-0.009,0.089,0
2026-04-06 22:05:50,10,99.004,106.752,52.786,0,0,GPU,13.164,SEVERE,yolo11n_640_5-class_04-01-2026_saved_model/yolo11n_640_5-class_04-01-2026_float16.tflite,GPU_SUPPORTED,1,0.543,0.628,-0.046,0.037,2
2026-04-06 22:05:51,10,99.008,106.524,52.724,0,0,GPU,17.887,SEVERE,yolo11n_640_5-class_04-01-2026_saved_model/yolo11n_640_5-class_04-01-2026_float16.tflite,GPU_SUPPORTED,1,0.419,0.559,-0.084,-0.016,1
2026-04-06 22:05:52,10,97.587,103.193,55.530,0,0,GPU,13.164,SEVERE,yolo11n_640_5-class_04-01-2026_saved_model/yolo11n_640_5-class_04-01-2026_float16.tflite,GPU_SUPPORTED,1,0.327,0.463,-0.086,-0.056,0
2026-04-06 22:05:53,11,95.007,101.142,54.527,0,0,GPU,16.832,SEVERE,yolo11n_640_5-class_04-01-2026_saved_model/yolo11n_640_5-class_04-01-2026_float16.tflite,GPU_SUPPORTED,1,0.319,0.224,-0.049,-0.138,5
2026-04-06 22:05:54,9,101.286,105.441,56.314,0,0,GPU,17.918,SEVERE,yolo11n_640_5-class_04-01-2026_saved_model/yolo11n_640_5-class_04-01-2026_float16.tflite,GPU_SUPPORTED,1,0.795,0.463,0.125,0.514,0
2026-04-06 22:05:55,11,94.297,102.288,54.020,0,0,GPU,20.785,SEVERE,yolo11n_640_5-class_04-01-2026_saved_model/yolo11n_640_5-class_04-01-2026_float16.tflite,GPU_SUPPORTED,1,0.768,0.455,-0.021,0.019,0
2026-04-06 22:05:56,10,98.488,103.653,53.879,0,0,GPU,26.715,SEVERE,yolo11n_640_5-class_04-01-2026_saved_model/yolo11n_640_5-class_04-01-2026_float16.tflite,GPU_SUPPORTED,1,0.719,0.575,-0.038,0.069,0
2026-04-06 22:05:57,10,98.307,104.266,54.098,0,0,GPU,33.035,SEVERE,yolo11n_640_5-class_04-01-2026_saved_model/yolo11n_640_5-class_04-01-2026_float16.tflite,GPU_SUPPORTED,1,0.669,0.639,-0.045,0.064,0
2026-04-06 22:05:58,10,96.077,103.248,57.565,0,0,GPU,30.195,SEVERE,yolo11n_640_5-class_04-01-2026_saved_model/yolo11n_640_5-class_04-01-2026_float16.tflite,GPU_SUPPORTED,1,0.548,0.530,-0.088,-0.029,0
2026-04-06 22:05:59,10,97.302,102.557,54.926,0,0,GPU,26.746,SEVERE,yolo11n_640_5-class_04-01-2026_saved_model/yolo11n_640_5-class_04-01-2026_float16.tflite,GPU_SUPPORTED,1,0.383,0.506,-0.130,-0.021,0
2026-04-06 22:06:00,10,98.151,102.219,53.377,0,0,GPU,44.801,SEVERE,yolo11n_640_5-class_04-01-2026_saved_model/yolo11n_640_5-class_04-01-2026_float16.tflite,GPU_SUPPORTED,1,0.279,0.483,-0.115,-0.022,2
2026-04-06 22:06:01,10,99.128,102.640,53.575,0,0,GPU,26.684,SEVERE,yolo11n_640_5-class_04-01-2026_saved_model/yolo11n_640_5-class_04-01-2026_float16.tflite,GPU_SUPPORTED,1,0.337,0.281,-0.027,-0.118,0
2026-04-06 22:06:02,10,99.512,107.633,53.206,0,0,GPU,16.094,SEVERE,yolo11n_640_5-class_04-01-2026_saved_model/yolo11n_640_5-class_04-01-2026_float16.tflite,GPU_SUPPORTED,1,0.444,0.175,0.041,-0.113,3
2026-04-06 22:06:03,10,97.995,102.380,54.342,0,0,GPU,33.000,SEVERE,yolo11n_640_5-class_04-01-2026_saved_model/yolo11n_640_5-class_04-01-2026_float16.tflite,GPU_SUPPORTED,1,0.638,0.350,0.103,0.011,0
2026-04-06 22:06:04,9,102.149,109.213,53.988,0,0,GPU,31.375,SEVERE,yolo11n_640_5-class_04-01-2026_saved_model/yolo11n_640_5-class_04-01-2026_float16.tflite,GPU_SUPPORTED,1,0.510,0.440,-0.013,0.054,0
2026-04-06 22:06:05,10,100.218,104.600,54.683,0,0,GPU,16.644,SEVERE,yolo11n_640_5-class_04-01-2026_saved_model/yolo11n_640_5-class_04-01-2026_float16.tflite,GPU_SUPPORTED,1,0.347,0.538,-0.087,0.076,0
2026-04-06 22:06:06,10,101.400,103.617,53.325,0,0,GPU,26.715,SEVERE,yolo11n_640_5-class_04-01-2026_saved_model/yolo11n_640_5-class_04-01-2026_float16.tflite,GPU_SUPPORTED,1,0.315,0.370,-0.053,-0.062,0
2026-04-06 22:06:07,10,98.320,102.783,54.251,0,0,GPU,31.406,SEVERE,yolo11n_640_5-class_04-01-2026_saved_model/yolo11n_640_5-class_04-01-2026_float16.tflite,GPU_SUPPORTED,1,0.424,0.195,0.021,-0.096,1
2026-04-06 22:06:08,10,98.405,100.510,53.892,0,0,GPU,40.141,SEVERE,yolo11n_640_5-class_04-01-2026_saved_model/yolo11n_640_5-class_04-01-2026_float16.tflite,GPU_SUPPORTED,1,0.426,0.350,0.021,0.028,0
2026-04-06 22:06:09,10,101.108,105.595,52.084,0,0,GPU,20.816,SEVERE,yolo11n_640_5-class_04-01-2026_saved_model/yolo11n_640_5-class_04-01-2026_float16.tflite,GPU_SUPPORTED,1,0.687,0.529,0.120,0.097,0
2026-04-06 22:06:10,10,100.185,107.640,53.576,0,0,GPU,18.430,SEVERE,yolo11n_640_5-class_04-01-2026_saved_model/yolo11n_640_5-class_04-01-2026_float16.tflite,GPU_SUPPORTED,1,0.756,0.636,0.088,0.097,0
2026-04-06 22:06:11,9,101.720,105.196,53.309,0,0,GPU,16.676,SEVERE,yolo11n_640_5-class_04-01-2026_saved_model/yolo11n_640_5-class_04-01-2026_float16.tflite,GPU_SUPPORTED,1,0.732,0.683,0.033,0.076,0
2026-04-06 22:06:12,10,104.124,108.093,54.750,0,0,GPU,40.078,SEVERE,yolo11n_640_5-class_04-01-2026_saved_model/yolo11n_640_5-class_04-01-2026_float16.tflite,GPU_SUPPORTED,1,0.700,0.718,0.003,0.056,6
2026-04-06 22:06:13,10,99.307,103.054,53.293,0,1,GPU,25.535,SEVERE,yolo11n_640_5-class_04-01-2026_saved_model/yolo11n_640_5-class_04-01-2026_float16.tflite,GPU_SUPPORTED,1,0.479,0.614,-0.087,-0.008,7
2026-04-06 22:06:14,10,97.260,101.366,53.804,0,0,GPU,38.836,SEVERE,yolo11n_640_5-class_04-01-2026_saved_model/yolo11n_640_5-class_04-01-2026_float16.tflite,GPU_SUPPORTED,1,0.327,0.272,-0.110,-0.135,5
2026-04-06 22:06:15,10,96.636,105.124,54.054,0,0,GPU,17.730,SEVERE,yolo11n_640_5-class_04-01-2026_saved_model/yolo11n_640_5-class_04-01-2026_float16.tflite,GPU_SUPPORTED,1,0.475,0.216,0.002,-0.100,0
2026-04-06 22:06:16,10,96.957,102.765,57.688,0,0,GPU,17.762,SEVERE,yolo11n_640_5-class_04-01-2026_saved_model/yolo11n_640_5-class_04-01-2026_float16.tflite,GPU_SUPPORTED,1,0.398,0.354,-0.036,0.001,3
2026-04-06 22:06:17,10,97.637,100.262,51.943,0,0,GPU,31.375,SEVERE,yolo11n_640_5-class_04-01-2026_saved_model/yolo11n_640_5-class_04-01-2026_float16.tflite,GPU_SUPPORTED,1,0.474,0.479,0.015,0.057,0
2026-04-06 22:06:18,10,98.377,101.950,53.150,0,0,GPU,31.406,SEVERE,yolo11n_640_5-class_04-01-2026_saved_model/yolo11n_640_5-class_04-01-2026_float16.tflite,GPU_SUPPORTED,1,0.489,0.542,0.015,0.060,8
2026-04-06 22:06:19,10,97.187,102.228,52.821,0,0,GPU,13.164,SEVERE,yolo11n_640_5-class_04-01-2026_saved_model/yolo11n_640_5-class_04-01-2026_float16.tflite,GPU_SUPPORTED,0,,,,,0
2026-04-06 22:06:20,10,99.589,104.365,53.876,0,0,GPU,17.758,SEVERE,yolo11n_640_5-class_04-01-2026_saved_model/yolo11n_640_5-class_04-01-2026_float16.tflite,GPU_SUPPORTED,0,,,,,0
2026-04-06 22:06:21,10,100.244,105.293,56.573,0,0,GPU,27.070,SEVERE,yolo11n_640_5-class_04-01-2026_saved_model/yolo11n_640_5-class_04-01-2026_float16.tflite,GPU_SUPPORTED,0,,,,,0
2026-04-06 22:06:22,10,100.504,105.383,54.580,0,0,GPU,16.801,SEVERE,yolo11n_640_5-class_04-01-2026_saved_model/yolo11n_640_5-class_04-01-2026_float16.tflite,GPU_SUPPORTED,0,,,,,0
2026-04-06 22:06:23,9,101.546,106.067,53.238,0,0,GPU,31.371,SEVERE,yolo11n_640_5-class_04-01-2026_saved_model/yolo11n_640_5-class_04-01-2026_float16.tflite,GPU_SUPPORTED,0,,,,,0
2026-04-06 22:06:24,10,99.260,105.215,52.982,0,0,GPU,31.375,SEVERE,yolo11n_640_5-class_04-01-2026_saved_model/yolo11n_640_5-class_04-01-2026_float16.tflite,GPU_SUPPORTED,0,,,,,0
2026-04-06 22:06:25,10,99.669,102.739,53.570,0,0,GPU,16.582,SEVERE,yolo11n_640_5-class_04-01-2026_saved_model/yolo11n_640_5-class_04-01-2026_float16.tflite,GPU_SUPPORTED,0,,,,,0
2026-04-06 22:06:26,10,101.041,107.424,52.184,0,0,GPU,44.895,SEVERE,yolo11n_640_5-class_04-01-2026_saved_model/yolo11n_640_5-class_04-01-2026_float16.tflite,GPU_SUPPORTED,0,,,,,0
2026-04-06 22:06:27,10,100.847,108.479,54.080,0,0,GPU,34.145,SEVERE,yolo11n_640_5-class_04-01-2026_saved_model/yolo11n_640_5-class_04-01-2026_float16.tflite,GPU_SUPPORTED,0,,,,,0
2026-04-06 22:06:28,10,100.190,105.452,52.339,0,0,GPU,20.027,SEVERE,yolo11n_640_5-class_04-01-2026_saved_model/yolo11n_640_5-class_04-01-2026_float16.tflite,GPU_SUPPORTED,0,,,,,0
2026-04-06 22:06:29,10,100.440,104.982,52.664,0,0,GPU,31.793,SEVERE,yolo11n_640_5-class_04-01-2026_saved_model/yolo11n_640_5-class_04-01-2026_float16.tflite,GPU_SUPPORTED,0,,,,,0
2026-04-06 22:06:30,9,102.146,108.915,52.502,0,0,GPU,31.371,SEVERE,yolo11n_640_5-class_04-01-2026_saved_model/yolo11n_640_5-class_04-01-2026_float16.tflite,GPU_SUPPORTED,0,,,,,0
2026-04-06 22:06:31,10,97.274,104.744,53.381,0,1,GPU,17.945,SEVERE,yolo11n_640_5-class_04-01-2026_saved_model/yolo11n_640_5-class_04-01-2026_float16.tflite,GPU_SUPPORTED,0,,,,,0
2026-04-06 22:06:32,11,88.529,94.838,52.282,0,0,GPU,17.945,SEVERE,yolo11n_640_5-class_04-01-2026_saved_model/yolo11n_640_5-class_04-01-2026_float16.tflite,GPU_SUPPORTED,0,,,,,0
2026-04-06 22:06:33,11,93.570,95.981,52.053,0,0,GPU,44.801,SEVERE,yolo11n_640_5-class_04-01-2026_saved_model/yolo11n_640_5-class_04-01-2026_float16.tflite,GPU_SUPPORTED,0,,,,,0
2026-04-06 22:06:34,11,91.398,95.786,53.347,0,0,GPU,40.012,SEVERE,yolo11n_640_5-class_04-01-2026_saved_model/yolo11n_640_5-class_04-01-2026_float16.tflite,GPU_SUPPORTED,0,,,,,0
2026-04-06 22:06:35,10,94.627,99.171,53.360,0,0,GPU,16.551,SEVERE,yolo11n_640_5-class_04-01-2026_saved_model/yolo11n_640_5-class_04-01-2026_float16.tflite,GPU_SUPPORTED,0,,,,,0
2026-04-06 22:06:36,11,90.007,93.488,51.912,0,0,GPU,31.762,SEVERE,yolo11n_640_5-class_04-01-2026_saved_model/yolo11n_640_5-class_04-01-2026_float16.tflite,GPU_SUPPORTED,0,,,,,0
2026-04-06 22:06:37,11,88.182,90.960,53.208,0,0,GPU,30.195,SEVERE,yolo11n_640_5-class_04-01-2026_saved_model/yolo11n_640_5-class_04-01-2026_float16.tflite,GPU_SUPPORTED,0,,,,,0
2026-04-06 22:06:38,12,87.866,93.707,50.928,0,0,GPU,16.809,SEVERE,yolo11n_640_5-class_04-01-2026_saved_model/yolo11n_640_5-class_04-01-2026_float16.tflite,GPU_SUPPORTED,0,,,,,0
2026-04-06 22:06:39,11,89.332,94.650,52.473,0,0,GPU,30.266,SEVERE,yolo11n_640_5-class_04-01-2026_saved_model/yolo11n_640_5-class_04-01-2026_float16.tflite,GPU_SUPPORTED,0,,,,,0
2026-04-06 22:06:40,10,93.608,93.831,50.853,0,0,GPU,30.234,SEVERE,yolo11n_640_5-class_04-01-2026_saved_model/yolo11n_640_5-class_04-01-2026_float16.tflite,GPU_SUPPORTED,0,,,,,0
2026-04-06 22:06:41,10,101.562,107.660,53.321,0,0,GPU,22.031,SEVERE,yolo11n_640_5-class_04-01-2026_saved_model/yolo11n_640_5-class_04-01-2026_float16.tflite,GPU_SUPPORTED,0,,,,,0
2026-04-06 22:06:42,10,92.551,102.386,51.950,0,0,GPU,31.410,SEVERE,yolo11n_640_5-class_04-01-2026_saved_model/yolo11n_640_5-class_04-01-2026_float16.tflite,GPU_SUPPORTED,0,,,,,0
2026-04-06 22:06:43,11,95.143,99.703,53.042,0,0,GPU,26.691,SEVERE,yolo11n_640_5-class_04-01-2026_saved_model/yolo11n_640_5-class_04-01-2026_float16.tflite,GPU_SUPPORTED,0,,,,,0
2026-04-06 22:06:44,10,92.440,101.704,53.384,0,0,GPU,18.379,SEVERE,yolo11n_640_5-class_04-01-2026_saved_model/yolo11n_640_5-class_04-01-2026_float16.tflite,GPU_SUPPORTED,0,,,,,0
2026-04-06 22:06:45,10,100.265,106.672,51.878,0,0,GPU,17.926,SEVERE,yolo11n_640_5-class_04-01-2026_saved_model/yolo11n_640_5-class_04-01-2026_float16.tflite,GPU_SUPPORTED,0,,,,,0
2026-04-06 22:06:46,10,96.293,103.715,54.985,0,0,GPU,31.414,SEVERE,yolo11n_640_5-class_04-01-2026_saved_model/yolo11n_640_5-class_04-01-2026_float16.tflite,GPU_SUPPORTED,0,,,,,0
2026-04-06 22:06:47,10,101.564,107.094,52.677,0,0,GPU,13.172,SEVERE,yolo11n_640_5-class_04-01-2026_saved_model/yolo11n_640_5-class_04-01-2026_float16.tflite,GPU_SUPPORTED,0,,,,,0
2026-04-06 22:06:48,10,99.271,104.748,52.316,0,0,GPU,31.832,SEVERE,yolo11n_640_5-class_04-01-2026_saved_model/yolo11n_640_5-class_04-01-2026_float16.tflite,GPU_SUPPORTED,0,,,,,0
2026-04-06 22:06:49,10,100.638,105.106,53.666,0,0,GPU,26.754,SEVERE,yolo11n_640_5-class_04-01-2026_saved_model/yolo11n_640_5-class_04-01-2026_float16.tflite,GPU_SUPPORTED,0,,,,,0
2026-04-06 22:06:50,10,99.650,106.434,51.781,0,0,GPU,20.856,SEVERE,yolo11n_640_5-class_04-01-2026_saved_model/yolo11n_640_5-class_04-01-2026_float16.tflite,GPU_SUPPORTED,0,,,,,0
2026-04-06 22:06:51,9,101.288,106.926,54.332,0,0,GPU,31.445,SEVERE,yolo11n_640_5-class_04-01-2026_saved_model/yolo11n_640_5-class_04-01-2026_float16.tflite,GPU_SUPPORTED,0,,,,,0
2026-04-06 22:06:52,10,100.888,103.672,53.560,0,0,GPU,31.414,SEVERE,yolo11n_640_5-class_04-01-2026_saved_model/yolo11n_640_5-class_04-01-2026_float16.tflite,GPU_SUPPORTED,0,,,,,0
2026-04-06 22:06:53,10,102.335,105.484,53.247,0,0,GPU,26.723,SEVERE,yolo11n_640_5-class_04-01-2026_saved_model/yolo11n_640_5-class_04-01-2026_float16.tflite,GPU_SUPPORTED,0,,,,,0
2026-04-06 22:06:54,10,99.158,105.449,52.172,0,0,GPU,26.723,SEVERE,yolo11n_640_5-class_04-01-2026_saved_model/yolo11n_640_5-class_04-01-2026_float16.tflite,GPU_SUPPORTED,0,,,,,0
2026-04-06 22:06:55,9,101.700,106.092,52.895,0,0,GPU,31.445,SEVERE,yolo11n_640_5-class_04-01-2026_saved_model/yolo11n_640_5-class_04-01-2026_float16.tflite,GPU_SUPPORTED,0,,,,,0
2026-04-06 22:06:56,10,102.599,109.186,54.915,0,0,GPU,31.410,SEVERE,yolo11n_640_5-class_04-01-2026_saved_model/yolo11n_640_5-class_04-01-2026_float16.tflite,GPU_SUPPORTED,0,,,,,0
2026-04-06 22:06:57,10,100.783,106.728,54.294,0,0,GPU,40.086,SEVERE,yolo11n_640_5-class_04-01-2026_saved_model/yolo11n_640_5-class_04-01-2026_float16.tflite,GPU_SUPPORTED,0,,,,,0
2026-04-06 22:06:58,10,99.722,106.457,52.875,0,0,GPU,20.070,SEVERE,yolo11n_640_5-class_04-01-2026_saved_model/yolo11n_640_5-class_04-01-2026_float16.tflite,GPU_SUPPORTED,0,,,,,0
2026-04-06 22:06:59,3,193.277,198.838,60.080,0,0,GPU,31.516,SEVERE,yolo11n_640_5-class_04-01-2026_saved_model/yolo11n_640_5-class_04-01-2026_float16.tflite,GPU_SUPPORTED,0,,,,,0
2026-04-06 22:07:00,0,0.000,0.000,60.080,0,0,GPU,31.610,SEVERE,yolo11n_640_5-class_04-01-2026_saved_model/yolo11n_640_5-class_04-01-2026_float16.tflite,GPU_SUPPORTED,0,,,,,0
2026-04-06 22:08:12,0,0.000,0.000,60.080,0,0,GPU,31.610,MODERATE,yolo11n_640_5-class_04-01-2026_saved_model/yolo11n_640_5-class_04-01-2026_float16.tflite,GPU_SUPPORTED,0,,,,,0
2026-04-06 22:09:37,0,0.000,0.000,60.080,0,0,GPU,31.610,LIGHT,yolo11n_640_5-class_04-01-2026_saved_model/yolo11n_640_5-class_04-01-2026_float16.tflite,GPU_SUPPORTED,0,,,,,0
2026-04-06 22:09:38,0,0.000,0.000,60.080,0,0,GPU,31.641,LIGHT,yolo11n_640_5-class_04-01-2026_saved_model/yolo11n_640_5-class_04-01-2026_float16.tflite,GPU_SUPPORTED,0,,,,,0
2026-04-06 22:09:44,0,0.000,0.000,60.080,0,0,GPU,31.672,LIGHT,yolo11n_640_5-class_04-01-2026_saved_model/yolo11n_640_5-class_04-01-2026_float16.tflite,GPU_SUPPORTED,0,,,,,0
2026-04-06 22:09:45,0,0.000,0.000,60.080,0,0,GPU,31.703,LIGHT,yolo11n_640_5-class_04-01-2026_saved_model/yolo11n_640_5-class_04-01-2026_float16.tflite,GPU_SUPPORTED,0,,,,,0
2026-04-06 22:09:56,0,0.000,0.000,60.080,0,0,GPU,31.766,LIGHT,yolo11n_640_5-class_04-01-2026_saved_model/yolo11n_640_5-class_04-01-2026_float16.tflite,GPU_SUPPORTED,0,,,,,0
2026-04-06 22:10:07,0,0.000,0.000,60.080,0,0,GPU,31.797,LIGHT,yolo11n_640_5-class_04-01-2026_saved_model/yolo11n_640_5-class_04-01-2026_float16.tflite,GPU_SUPPORTED,0,,,,,0
2026-04-06 22:58:23,0,0.000,0.000,60.080,0,0,GPU,31.797,NONE,yolo11n_640_5-class_04-01-2026_saved_model/yolo11n_640_5-class_04-01-2026_float16.tflite,GPU_SUPPORTED,0,,,,,0
2026-04-06 22:58:24,0,0.000,0.000,60.080,0,0,GPU,32.016,NONE,yolo11n_640_5-class_04-01-2026_saved_model/yolo11n_640_5-class_04-01-2026_float16.tflite,GPU_SUPPORTED,0,,,,,0
2026-04-06 22:58:31,0,0.000,0.000,60.080,0,0,GPU,32.078,NONE,yolo11n_640_5-class_04-01-2026_saved_model/yolo11n_640_5-class_04-01-2026_float16.tflite,GPU_SUPPORTED,0,,,,,0
2026-04-06 22:58:33,0,0.000,0.000,60.080,0,0,GPU,32.141,NONE,yolo11n_640_5-class_04-01-2026_saved_model/yolo11n_640_5-class_04-01-2026_float16.tflite,GPU_SUPPORTED,0,,,,,0
2026-04-06 23:10:05,0,0.000,0.000,60.080,0,0,GPU,32.235,NONE,yolo11n_640_5-class_04-01-2026_saved_model/yolo11n_640_5-class_04-01-2026_float16.tflite,GPU_SUPPORTED,0,,,,,0
2026-04-06 23:10:06,0,0.000,0.000,60.080,0,0,GPU,32.266,NONE,yolo11n_640_5-class_04-01-2026_saved_model/yolo11n_640_5-class_04-01-2026_float16.tflite,GPU_SUPPORTED,0,,,,,0
2026-04-06 23:19:00,0,0.000,0.000,60.080,0,0,GPU,32.328,NONE,yolo11n_640_5-class_04-01-2026_saved_model/yolo11n_640_5-class_04-01-2026_float16.tflite,GPU_SUPPORTED,0,,,,,0
2026-04-06 23:19:05,0,0.000,0.000,60.080,0,0,GPU,32.360,NONE,yolo11n_640_5-class_04-01-2026_saved_model/yolo11n_640_5-class_04-01-2026_float16.tflite,GPU_SUPPORTED,0,,,,,0
2026-04-06 23:19:06,0,0.000,0.000,60.080,0,0,GPU,32.391,NONE,yolo11n_640_5-class_04-01-2026_saved_model/yolo11n_640_5-class_04-01-2026_float16.tflite,GPU_SUPPORTED,0,,,,,0
2026-04-06 23:19:07,0,0.000,0.000,60.080,0,0,GPU,32.422,NONE,yolo11n_640_5-class_04-01-2026_saved_model/yolo11n_640_5-class_04-01-2026_float16.tflite,GPU_SUPPORTED,0,,,,,0
2026-04-06 23:19:11,0,0.000,0.000,60.080,0,0,GPU,32.923,NONE,yolo11n_640_5-class_04-01-2026_saved_model/yolo11n_640_5-class_04-01-2026_float16.tflite,GPU_SUPPORTED,0,,,,,0
2026-04-06 23:19:12,0,0.000,0.000,60.080,0,0,GPU,33.485,NONE,yolo11n_640_5-class_04-01-2026_saved_model/yolo11n_640_5-class_04-01-2026_float16.tflite,GPU_SUPPORTED,0,,,,,0
2026-04-06 23:19:13,5,110.363,148.302,30.344,0,0,GPU,44.919,NONE,yolo11n_640_5-class_04-01-2026_saved_model/yolo11n_640_5-class_04-01-2026_float16.tflite,GPU_SUPPORTED,0,,,,,0
2026-04-06 23:19:14,4,230.594,271.829,54.280,0,0,GPU,26.883,NONE,yolo11n_640_5-class_04-01-2026_saved_model/yolo11n_640_5-class_04-01-2026_float16.tflite,GPU_SUPPORTED,0,,,,,0
2026-04-06 23:19:15,2,228.605,193.954,30.896,0,0,GPU,18.094,NONE,yolo11n_640_5-class_04-01-2026_saved_model/yolo11n_640_5-class_04-01-2026_float16.tflite,GPU_SUPPORTED,0,,,,,0
2026-04-06 23:19:16,0,0.000,0.000,30.896,0,0,GPU,18.125,NONE,yolo11n_640_5-class_04-01-2026_saved_model/yolo11n_640_5-class_04-01-2026_float16.tflite,GPU_SUPPORTED,0,,,,,0
2026-04-06 23:19:23,0,0.000,0.000,30.896,0,0,GPU,18.156,NONE,yolo11n_640_5-class_04-01-2026_saved_model/yolo11n_640_5-class_04-01-2026_float16.tflite,GPU_SUPPORTED,0,,,,,0
2026-04-06 23:19:24,0,0.000,0.000,30.896,0,0,GPU,18.188,NONE,yolo11n_640_5-class_04-01-2026_saved_model/yolo11n_640_5-class_04-01-2026_float16.tflite,GPU_SUPPORTED,0,,,,,0
2026-04-06 23:20:22,0,0.000,0.000,30.896,0,0,GPU,18.219,NONE,yolo11n_640_5-class_04-01-2026_saved_model/yolo11n_640_5-class_04-01-2026_float16.tflite,GPU_SUPPORTED,0,,,,,0
2026-04-07 00:03:48,0,0.000,0.000,30.896,0,0,GPU,18.219,LIGHT,yolo11n_640_5-class_04-01-2026_saved_model/yolo11n_640_5-class_04-01-2026_float16.tflite,GPU_SUPPORTED,0,,,,,0
2026-04-07 00:03:49,0,0.000,0.000,30.896,0,0,GPU,18.531,LIGHT,yolo11n_640_5-class_04-01-2026_saved_model/yolo11n_640_5-class_04-01-2026_float16.tflite,GPU_SUPPORTED,0,,,,,0
2026-04-07 00:04:19,0,0.000,0.000,30.896,0,0,GPU,18.563,LIGHT,yolo11n_640_5-class_04-01-2026_saved_model/yolo11n_640_5-class_04-01-2026_float16.tflite,GPU_SUPPORTED,0,,,,,0
2026-04-07 00:04:48,0,0.000,0.000,30.896,0,0,GPU,18.563,MODERATE,yolo11n_640_5-class_04-01-2026_saved_model/yolo11n_640_5-class_04-01-2026_float16.tflite,GPU_SUPPORTED,0,,,,,0
2026-04-07 00:10:48,0,0.000,0.000,30.896,0,0,GPU,18.563,NONE,yolo11n_640_5-class_04-01-2026_saved_model/yolo11n_640_5-class_04-01-2026_float16.tflite,GPU_SUPPORTED,0,,,,,0
2026-04-07 00:10:49,0,0.000,0.000,30.896,0,0,GPU,18.594,NONE,yolo11n_640_5-class_04-01-2026_saved_model/yolo11n_640_5-class_04-01-2026_float16.tflite,GPU_SUPPORTED,0,,,,,0
2026-04-07 00:22:51,0,0.000,0.000,30.896,0,0,GPU,33.146,NONE,yolo11n_640_5-class_04-01-2026_saved_model/yolo11n_640_5-class_04-01-2026_float16.tflite,GPU_SUPPORTED,0,,,,,0
2026-04-07 00:22:52,22,47.028,57.299,21.747,0,0,GPU,30.289,NONE,yolo11n_640_5-class_04-01-2026_saved_model/yolo11n_640_5-class_04-01-2026_float16.tflite,GPU_SUPPORTED,1,0.797,0.516,0.533,-1.193,0
2026-04-07 00:22:53,23,43.248,49.705,21.956,0,0,GPU,27.145,NONE,yolo11n_640_5-class_04-01-2026_saved_model/yolo11n_640_5-class_04-01-2026_float16.tflite,GPU_SUPPORTED,1,0.336,0.418,-0.280,-0.197,9
2026-04-07 00:22:54,19,42.878,47.050,23.447,0,0,GPU,18.254,NONE,yolo11n_640_5-class_04-01-2026_saved_model/yolo11n_640_5-class_04-01-2026_float16.tflite,GPU_SUPPORTED,0,,,,,0
2026-04-07 00:22:55,0,0.000,0.000,23.447,0,0,GPU,18.474,NONE,yolo11n_640_5-class_04-01-2026_saved_model/yolo11n_640_5-class_04-01-2026_float16.tflite,GPU_SUPPORTED,0,,,,,0
2026-04-07 00:22:56,0,0.000,0.000,23.447,0,0,GPU,18.881,NONE,yolo11n_640_5-class_04-01-2026_saved_model/yolo11n_640_5-class_04-01-2026_float16.tflite,GPU_SUPPORTED,0,,,,,0
2026-04-07 00:22:57,0,0.000,0.000,23.447,0,0,GPU,19.007,NONE,yolo11n_640_5-class_04-01-2026_saved_model/yolo11n_640_5-class_04-01-2026_float16.tflite,GPU_SUPPORTED,0,,,,,0
2026-04-07 00:22:58,17,165.087,55.503,22.075,0,1,GPU,31.438,NONE,yolo11n_640_5-class_04-01-2026_saved_model/yolo11n_640_5-class_04-01-2026_float16.tflite,GPU_SUPPORTED,0,,,,,0
2026-04-07 00:22:59,19,50.334,58.538,22.054,0,0,GPU,30.168,NONE,yolo11n_640_5-class_04-01-2026_saved_model/yolo11n_640_5-class_04-01-2026_float16.tflite,GPU_SUPPORTED,0,,,,,0
2026-04-07 00:23:00,19,51.733,56.674,22.232,0,0,GPU,20.887,NONE,yolo11n_640_5-class_04-01-2026_saved_model/yolo11n_640_5-class_04-01-2026_float16.tflite,GPU_SUPPORTED,0,,,,,0
2026-04-07 00:23:01,19,52.698,57.844,21.640,0,0,GPU,31.500,NONE,yolo11n_640_5-class_04-01-2026_saved_model/yolo11n_640_5-class_04-01-2026_float16.tflite,GPU_SUPPORTED,0,,,,,0
2026-04-07 00:23:02,20,48.748,55.839,24.442,0,0,GPU,16.742,NONE,yolo11n_640_5-class_04-01-2026_saved_model/yolo11n_640_5-class_04-01-2026_float16.tflite,GPU_SUPPORTED,0,,,,,0
2026-04-07 00:23:03,19,51.062,61.572,21.288,0,0,GPU,21.992,NONE,yolo11n_640_5-class_04-01-2026_saved_model/yolo11n_640_5-class_04-01-2026_float16.tflite,GPU_SUPPORTED,0,,,,,0
2026-04-07 00:23:04,20,48.427,57.682,21.309,0,0,GPU,26.715,NONE,yolo11n_640_5-class_04-01-2026_saved_model/yolo11n_640_5-class_04-01-2026_float16.tflite,GPU_SUPPORTED,0,,,,,0
2026-04-07 00:23:05,20,49.285,57.848,21.632,0,0,GPU,31.438,NONE,yolo11n_640_5-class_04-01-2026_saved_model/yolo11n_640_5-class_04-01-2026_float16.tflite,GPU_SUPPORTED,0,,,,,0
2026-04-07 00:23:06,19,50.573,63.401,22.998,0,0,GPU,26.715,NONE,yolo11n_640_5-class_04-01-2026_saved_model/yolo11n_640_5-class_04-01-2026_float16.tflite,GPU_SUPPORTED,0,,,,,0
2026-04-07 00:23:07,20,49.091,60.393,21.929,0,0,GPU,25.508,NONE,yolo11n_640_5-class_04-01-2026_saved_model/yolo11n_640_5-class_04-01-2026_float16.tflite,GPU_SUPPORTED,0,,,,,0
2026-04-07 00:23:08,19,52.460,61.068,20.560,0,0,GPU,31.469,NONE,yolo11n_640_5-class_04-01-2026_saved_model/yolo11n_640_5-class_04-01-2026_float16.tflite,GPU_SUPPORTED,0,,,,,0
2026-04-07 00:23:09,20,48.052,57.115,21.585,0,1,GPU,25.602,NONE,yolo11n_640_5-class_04-01-2026_saved_model/yolo11n_640_5-class_04-01-2026_float16.tflite,GPU_SUPPORTED,0,,,,,0
2026-04-07 00:23:10,19,51.012,65.551,21.745,0,0,GPU,34.242,NONE,yolo11n_640_5-class_04-01-2026_saved_model/yolo11n_640_5-class_04-01-2026_float16.tflite,GPU_SUPPORTED,0,,,,,0
2026-04-07 00:23:11,18,53.063,60.619,23.640,0,1,GPU,30.262,NONE,yolo11n_640_5-class_04-01-2026_saved_model/yolo11n_640_5-class_04-01-2026_float16.tflite,GPU_SUPPORTED,0,,,,,0
2026-04-07 00:23:12,20,49.082,61.452,20.690,0,0,GPU,43.656,NONE,yolo11n_640_5-class_04-01-2026_saved_model/yolo11n_640_5-class_04-01-2026_float16.tflite,GPU_SUPPORTED,0,,,,,0
2026-04-07 00:23:13,19,49.762,60.752,21.802,0,0,GPU,18.309,NONE,yolo11n_640_5-class_04-01-2026_saved_model/yolo11n_640_5-class_04-01-2026_float16.tflite,GPU_SUPPORTED,0,,,,,0
2026-04-07 00:23:14,19,52.728,64.580,23.297,0,0,GPU,31.469,NONE,yolo11n_640_5-class_04-01-2026_saved_model/yolo11n_640_5-class_04-01-2026_float16.tflite,GPU_SUPPORTED,0,,,,,0
2026-04-07 00:23:15,20,49.998,59.138,21.650,0,0,GPU,16.774,NONE,yolo11n_640_5-class_04-01-2026_saved_model/yolo11n_640_5-class_04-01-2026_float16.tflite,GPU_SUPPORTED,0,,,,,0
2026-04-07 00:23:16,19,51.091,61.751,21.416,0,0,GPU,31.469,NONE,yolo11n_640_5-class_04-01-2026_saved_model/yolo11n_640_5-class_04-01-2026_float16.tflite,GPU_SUPPORTED,0,,,,,0
2026-04-07 00:23:17,20,48.905,65.245,22.251,0,1,GPU,31.469,NONE,yolo11n_640_5-class_04-01-2026_saved_model/yolo11n_640_5-class_04-01-2026_float16.tflite,GPU_SUPPORTED,0,,,,,0
2026-04-07 00:23:18,19,49.333,61.370,22.150,0,0,GPU,31.469,NONE,yolo11n_640_5-class_04-01-2026_saved_model/yolo11n_640_5-class_04-01-2026_float16.tflite,GPU_SUPPORTED,0,,,,,0
2026-04-07 00:23:19,20,48.919,58.885,20.587,0,0,GPU,31.438,NONE,yolo11n_640_5-class_04-01-2026_saved_model/yolo11n_640_5-class_04-01-2026_float16.tflite,GPU_SUPPORTED,0,,,,,0
2026-04-07 00:23:20,20,49.797,62.663,22.308,0,0,GPU,22.024,NONE,yolo11n_640_5-class_04-01-2026_saved_model/yolo11n_640_5-class_04-01-2026_float16.tflite,GPU_SUPPORTED,0,,,,,0
2026-04-07 00:23:21,19,49.600,58.331,21.494,0,0,GPU,44.895,NONE,yolo11n_640_5-class_04-01-2026_saved_model/yolo11n_640_5-class_04-01-2026_float16.tflite,GPU_SUPPORTED,0,,,,,0
2026-04-07 00:23:22,19,50.749,58.607,21.215,0,0,GPU,17.918,NONE,yolo11n_640_5-class_04-01-2026_saved_model/yolo11n_640_5-class_04-01-2026_float16.tflite,GPU_SUPPORTED,0,,,,,0
2026-04-07 00:23:23,20,50.476,58.728,22.310,0,1,GPU,22.117,NONE,yolo11n_640_5-class_04-01-2026_saved_model/yolo11n_640_5-class_04-01-2026_float16.tflite,GPU_SUPPORTED,0,,,,,0
2026-04-07 00:23:24,20,48.346,59.608,24.319,0,0,GPU,31.469,NONE,yolo11n_640_5-class_04-01-2026_saved_model/yolo11n_640_5-class_04-01-2026_float16.tflite,GPU_SUPPORTED,0,,,,,0
2026-04-07 00:23:25,19,50.457,62.038,21.874,0,0,GPU,30.293,NONE,yolo11n_640_5-class_04-01-2026_saved_model/yolo11n_640_5-class_04-01-2026_float16.tflite,GPU_SUPPORTED,0,,,,,0
2026-04-07 00:23:26,20,49.985,59.173,20.611,0,0,GPU,40.149,NONE,yolo11n_640_5-class_04-01-2026_saved_model/yolo11n_640_5-class_04-01-2026_float16.tflite,GPU_SUPPORTED,0,,,,,0
2026-04-07 00:23:27,19,52.032,63.042,22.031,0,0,GPU,31.891,NONE,yolo11n_640_5-class_04-01-2026_saved_model/yolo11n_640_5-class_04-01-2026_float16.tflite,GPU_SUPPORTED,0,,,,,0
2026-04-07 00:23:28,19,51.737,59.047,22.158,0,0,GPU,18.371,NONE,yolo11n_640_5-class_04-01-2026_saved_model/yolo11n_640_5-class_04-01-2026_float16.tflite,GPU_SUPPORTED,0,,,,,0
2026-04-07 00:23:29,19,51.417,66.893,22.269,0,0,GPU,13.383,NONE,yolo11n_640_5-class_04-01-2026_saved_model/yolo11n_640_5-class_04-01-2026_float16.tflite,GPU_SUPPORTED,0,,,,,0
2026-04-07 00:23:30,19,50.006,58.883,21.242,0,0,GPU,30.293,NONE,yolo11n_640_5-class_04-01-2026_saved_model/yolo11n_640_5-class_04-01-2026_float16.tflite,GPU_SUPPORTED,0,,,,,0
2026-04-07 00:23:31,19,50.502,58.723,21.522,0,0,GPU,17.856,NONE,yolo11n_640_5-class_04-01-2026_saved_model/yolo11n_640_5-class_04-01-2026_float16.tflite,GPU_SUPPORTED,0,,,,,0
2026-04-07 00:23:32,20,50.266,60.796,22.085,0,0,GPU,21.992,NONE,yolo11n_640_5-class_04-01-2026_saved_model/yolo11n_640_5-class_04-01-2026_float16.tflite,GPU_SUPPORTED,1,0.548,0.456,-0.042,-0.081,0
2026-04-07 00:23:33,18,52.698,60.391,22.364,0,0,GPU,30.293,NONE,yolo11n_640_5-class_04-01-2026_saved_model/yolo11n_640_5-class_04-01-2026_float16.tflite,GPU_SUPPORTED,1,0.505,0.376,-0.040,-0.073,0
2026-04-07 00:23:34,20,49.930,60.163,21.850,0,0,GPU,31.469,NONE,yolo11n_640_5-class_04-01-2026_saved_model/yolo11n_640_5-class_04-01-2026_float16.tflite,GPU_SUPPORTED,1,0.392,0.388,-0.097,-0.010,0
2026-04-07 00:23:35,20,49.443,56.611,20.579,0,0,GPU,22.024,NONE,yolo11n_640_5-class_04-01-2026_saved_model/yolo11n_640_5-class_04-01-2026_float16.tflite,GPU_SUPPORTED,1,0.302,0.493,-0.081,0.051,0
2026-04-07 00:23:36,19,50.120,57.602,21.336,0,0,GPU,31.469,NONE,yolo11n_640_5-class_04-01-2026_saved_model/yolo11n_640_5-class_04-01-2026_float16.tflite,GPU_SUPPORTED,0,,,,,0
2026-04-07 00:23:37,20,50.360,61.235,21.737,0,0,GPU,16.711,NONE,yolo11n_640_5-class_04-01-2026_saved_model/yolo11n_640_5-class_04-01-2026_float16.tflite,GPU_SUPPORTED,0,,,,,0
2026-04-07 00:23:38,19,48.860,59.294,22.428,0,0,GPU,17.793,NONE,yolo11n_640_5-class_04-01-2026_saved_model/yolo11n_640_5-class_04-01-2026_float16.tflite,GPU_SUPPORTED,1,0.846,0.504,0.033,0.138,0
2026-04-07 00:23:39,20,50.052,58.295,21.426,0,0,GPU,21.992,NONE,yolo11n_640_5-class_04-01-2026_saved_model/yolo11n_640_5-class_04-01-2026_float16.tflite,GPU_SUPPORTED,1,0.561,0.353,-0.237,-0.090,0
2026-04-07 00:23:40,19,51.589,60.301,23.964,0,1,GPU,16.711,NONE,yolo11n_640_5-class_04-01-2026_saved_model/yolo11n_640_5-class_04-01-2026_float16.tflite,GPU_SUPPORTED,1,0.318,0.467,-0.227,0.046,0
2026-04-07 00:23:41,20,48.988,59.879,20.460,0,0,GPU,30.324,NONE,yolo11n_640_5-class_04-01-2026_saved_model/yolo11n_640_5-class_04-01-2026_float16.tflite,GPU_SUPPORTED,1,0.375,0.358,-0.055,-0.045,0
2026-04-07 00:23:42,19,49.783,60.298,20.795,0,0,GPU,43.719,NONE,yolo11n_640_5-class_04-01-2026_saved_model/yolo11n_640_5-class_04-01-2026_float16.tflite,GPU_SUPPORTED,0,,,,,0
2026-04-07 00:23:43,20,50.832,59.470,23.851,0,0,GPU,31.469,NONE,yolo11n_640_5-class_04-01-2026_saved_model/yolo11n_640_5-class_04-01-2026_float16.tflite,GPU_SUPPORTED,0,,,,,0
2026-04-07 00:23:44,19,50.799,62.539,20.868,0,0,GPU,33.067,NONE,yolo11n_640_5-class_04-01-2026_saved_model/yolo11n_640_5-class_04-01-2026_float16.tflite,GPU_SUPPORTED,1,0.867,0.465,-0.003,-0.202,0
2026-04-07 00:23:45,19,51.233,61.850,26.195,0,0,GPU,26.684,NONE,yolo11n_640_5-class_04-01-2026_saved_model/yolo11n_640_5-class_04-01-2026_float16.tflite,GPU_SUPPORTED,1,0.425,0.287,-0.358,-0.171,0
2026-04-07 00:23:46,18,53.091,62.734,20.926,0,0,GPU,18.313,NONE,yolo11n_640_5-class_04-01-2026_saved_model/yolo11n_640_5-class_04-01-2026_float16.tflite,GPU_SUPPORTED,1,0.247,0.417,-0.232,0.017,0
2026-04-07 00:23:47,19,51.061,61.446,20.981,0,0,GPU,13.102,NONE,yolo11n_640_5-class_04-01-2026_saved_model/yolo11n_640_5-class_04-01-2026_float16.tflite,GPU_SUPPORTED,1,0.504,0.319,0.052,-0.044,0
2026-04-07 00:23:48,20,50.991,64.764,21.991,0,0,GPU,13.227,NONE,yolo11n_640_5-class_04-01-2026_saved_model/yolo11n_640_5-class_04-01-2026_float16.tflite,GPU_SUPPORTED,0,,,,,0
2026-04-07 00:23:49,18,52.729,63.678,20.928,0,0,GPU,43.625,NONE,yolo11n_640_5-class_04-01-2026_saved_model/yolo11n_640_5-class_04-01-2026_float16.tflite,GPU_SUPPORTED,1,0.872,0.525,-0.017,0.092,5
2026-04-07 00:23:50,19,51.012,60.892,20.674,0,0,GPU,31.469,NONE,yolo11n_640_5-class_04-01-2026_saved_model/yolo11n_640_5-class_04-01-2026_float16.tflite,GPU_SUPPORTED,1,0.828,0.496,0.000,0.000,0
2026-04-07 00:23:51,19,49.868,57.554,22.719,0,0,GPU,17.824,NONE,yolo11n_640_5-class_04-01-2026_saved_model/yolo11n_640_5-class_04-01-2026_float16.tflite,GPU_SUPPORTED,1,0.325,0.369,-0.540,-0.035,1
2026-04-07 00:23:52,19,53.824,65.352,22.394,0,0,GPU,31.860,NONE,yolo11n_640_5-class_04-01-2026_saved_model/yolo11n_640_5-class_04-01-2026_float16.tflite,GPU_SUPPORTED,1,0.279,0.482,-0.188,0.053,0
2026-04-07 00:23:53,18,52.923,60.216,23.100,0,0,GPU,16.680,NONE,yolo11n_640_5-class_04-01-2026_saved_model/yolo11n_640_5-class_04-01-2026_float16.tflite,GPU_SUPPORTED,1,0.482,0.303,0.030,-0.063,0
2026-04-07 00:23:54,20,50.684,61.840,22.900,0,0,GPU,16.094,NONE,yolo11n_640_5-class_04-01-2026_saved_model/yolo11n_640_5-class_04-01-2026_float16.tflite,GPU_SUPPORTED,0,,,,,0
2026-04-07 00:23:55,19,51.190,59.847,21.006,0,0,GPU,33.035,NONE,yolo11n_640_5-class_04-01-2026_saved_model/yolo11n_640_5-class_04-01-2026_float16.tflite,GPU_SUPPORTED,1,0.832,0.563,-0.053,0.212,0
2026-04-07 00:23:56,19,49.698,57.260,21.339,0,0,GPU,30.262,NONE,yolo11n_640_5-class_04-01-2026_saved_model/yolo11n_640_5-class_04-01-2026_float16.tflite,GPU_SUPPORTED,1,0.601,0.382,-0.219,-0.114,0
2026-04-07 00:23:57,20,49.885,63.098,21.638,0,0,GPU,31.922,NONE,yolo11n_640_5-class_04-01-2026_saved_model/yolo11n_640_5-class_04-01-2026_float16.tflite,GPU_SUPPORTED,1,0.323,0.451,-0.233,0.013,0
2026-04-07 00:23:58,19,50.386,61.417,21.295,0,0,GPU,43.657,NONE,yolo11n_640_5-class_04-01-2026_saved_model/yolo11n_640_5-class_04-01-2026_float16.tflite,GPU_SUPPORTED,1,0.331,0.343,-0.095,-0.062,6
2026-04-07 00:23:59,20,50.025,59.231,23.381,0,1,GPU,18.434,NONE,yolo11n_640_5-class_04-01-2026_saved_model/yolo11n_640_5-class_04-01-2026_float16.tflite,GPU_SUPPORTED,0,,,,,0
2026-04-07 00:24:00,19,50.169,56.856,22.776,0,1,GPU,26.746,NONE,yolo11n_640_5-class_04-01-2026_saved_model/yolo11n_640_5-class_04-01-2026_float16.tflite,GPU_SUPPORTED,1,0.795,0.514,0.076,-0.464,0
2026-04-07 00:24:01,19,50.291,59.574,22.050,0,0,GPU,17.918,NONE,yolo11n_640_5-class_04-01-2026_saved_model/yolo11n_640_5-class_04-01-2026_float16.tflite,GPU_SUPPORTED,1,0.713,0.379,0.000,0.000,0
2026-04-07 00:24:02,20,51.025,62.599,22.392,0,0,GPU,16.836,NONE,yolo11n_640_5-class_04-01-2026_saved_model/yolo11n_640_5-class_04-01-2026_float16.tflite,GPU_SUPPORTED,1,0.320,0.483,-0.266,0.175,0
2026-04-07 00:24:03,18,53.222,60.473,22.239,0,1,GPU,26.715,NONE,yolo11n_640_5-class_04-01-2026_saved_model/yolo11n_640_5-class_04-01-2026_float16.tflite,GPU_SUPPORTED,1,0.427,0.362,-0.013,-0.039,1
2026-04-07 00:24:04,18,52.677,58.005,21.739,0,0,GPU,17.918,NONE,yolo11n_640_5-class_04-01-2026_saved_model/yolo11n_640_5-class_04-01-2026_float16.tflite,GPU_SUPPORTED,1,0.591,0.283,0.086,-0.058,7
2026-04-07 00:24:05,20,51.071,59.734,22.233,0,0,GPU,18.012,NONE,yolo11n_640_5-class_04-01-2026_saved_model/yolo11n_640_5-class_04-01-2026_float16.tflite,GPU_SUPPORTED,1,0.880,0.465,-0.003,0.003,0
2026-04-07 00:24:06,19,50.771,59.512,22.757,0,0,GPU,16.125,NONE,yolo11n_640_5-class_04-01-2026_saved_model/yolo11n_640_5-class_04-01-2026_float16.tflite,GPU_SUPPORTED,1,0.568,0.311,-0.391,-0.163,0
2026-04-07 00:24:07,20,49.674,57.544,20.897,0,0,GPU,30.262,NONE,yolo11n_640_5-class_04-01-2026_saved_model/yolo11n_640_5-class_04-01-2026_float16.tflite,GPU_SUPPORTED,1,0.149,0.570,-0.373,0.123,1
2026-04-07 00:24:08,19,51.022,58.428,23.966,0,0,GPU,16.805,NONE,yolo11n_640_5-class_04-01-2026_saved_model/yolo11n_640_5-class_04-01-2026_float16.tflite,GPU_SUPPORTED,1,0.466,0.247,0.048,-0.141,0
2026-04-07 00:24:09,18,51.808,62.334,22.060,0,0,GPU,30.262,NONE,yolo11n_640_5-class_04-01-2026_saved_model/yolo11n_640_5-class_04-01-2026_float16.tflite,GPU_SUPPORTED,0,,,,,0
2026-04-07 00:24:10,19,53.262,63.144,23.189,0,0,GPU,31.438,NONE,yolo11n_640_5-class_04-01-2026_saved_model/yolo11n_640_5-class_04-01-2026_float16.tflite,GPU_SUPPORTED,1,0.725,0.533,-0.033,-0.087,4
2026-04-07 00:24:11,18,54.073,61.586,22.029,0,0,GPU,20.754,NONE,yolo11n_640_5-class_04-01-2026_saved_model/yolo11n_640_5-class_04-01-2026_float16.tflite,GPU_SUPPORTED,1,0.666,0.564,-0.044,-0.134,4
2026-04-07 00:24:12,18,51.596,59.064,21.036,0,1,GPU,31.438,NONE,yolo11n_640_5-class_04-01-2026_saved_model/yolo11n_640_5-class_04-01-2026_float16.tflite,GPU_SUPPORTED,1,0.608,0.172,0.073,0.161,0
2026-04-07 00:24:13,19,54.153,66.858,21.620,0,0,GPU,31.469,NONE,yolo11n_640_5-class_04-01-2026_saved_model/yolo11n_640_5-class_04-01-2026_float16.tflite,GPU_SUPPORTED,0,,,,,0
2026-04-07 00:24:14,17,55.280,64.329,21.052,0,1,GPU,17.824,NONE,yolo11n_640_5-class_04-01-2026_saved_model/yolo11n_640_5-class_04-01-2026_float16.tflite,GPU_SUPPORTED,0,,,,,0
2026-04-07 00:24:15,19,51.979,62.492,21.735,0,0,GPU,30.262,NONE,yolo11n_640_5-class_04-01-2026_saved_model/yolo11n_640_5-class_04-01-2026_float16.tflite,GPU_SUPPORTED,0,,,,,0
2026-04-07 00:24:16,18,53.448,61.271,24.760,0,0,GPU,30.262,NONE,yolo11n_640_5-class_04-01-2026_saved_model/yolo11n_640_5-class_04-01-2026_float16.tflite,GPU_SUPPORTED,1,0.585,0.223,0.100,0.136,0
2026-04-07 00:24:17,19,52.122,58.831,21.329,0,0,GPU,30.262,NONE,yolo11n_640_5-class_04-01-2026_saved_model/yolo11n_640_5-class_04-01-2026_float16.tflite,GPU_SUPPORTED,1,0.705,0.435,0.114,0.203,7
2026-04-07 00:24:18,19,51.957,59.067,23.154,0,0,GPU,26.715,NONE,yolo11n_640_5-class_04-01-2026_saved_model/yolo11n_640_5-class_04-01-2026_float16.tflite,GPU_SUPPORTED,0,,,,,0
2026-04-07 00:24:19,19,51.735,63.652,22.986,0,1,GPU,18.434,NONE,yolo11n_640_5-class_04-01-2026_saved_model/yolo11n_640_5-class_04-01-2026_float16.tflite,GPU_SUPPORTED,0,,,,,0
2026-04-07 00:24:20,19,49.256,54.683,21.827,0,0,GPU,44.864,NONE,yolo11n_640_5-class_04-01-2026_saved_model/yolo11n_640_5-class_04-01-2026_float16.tflite,GPU_SUPPORTED,0,,,,,0
2026-04-07 00:24:21,19,52.501,61.941,21.964,0,0,GPU,25.477,NONE,yolo11n_640_5-class_04-01-2026_saved_model/yolo11n_640_5-class_04-01-2026_float16.tflite,GPU_SUPPORTED,1,0.564,0.391,-0.024,0.251,0
2026-04-07 00:24:22,19,52.824,60.135,22.943,0,0,GPU,16.649,NONE,yolo11n_640_5-class_04-01-2026_saved_model/yolo11n_640_5-class_04-01-2026_float16.tflite,GPU_SUPPORTED,1,0.641,0.421,0.000,0.000,7
2026-04-07 00:24:23,16,59.674,68.627,28.143,0,0,GPU,40.110,NONE,yolo11n_640_5-class_04-01-2026_saved_model/yolo11n_640_5-class_04-01-2026_float16.tflite,GPU_SUPPORTED,0,,,,,0
2026-04-07 00:24:24,15,64.692,72.971,27.456,0,0,GPU,31.438,NONE,yolo11n_640_5-class_04-01-2026_saved_model/yolo11n_640_5-class_04-01-2026_float16.tflite,GPU_SUPPORTED,0,,,,,0
2026-04-07 00:24:25,15,63.773,71.572,28.737,0,1,GPU,43.750,NONE,yolo11n_640_5-class_04-01-2026_saved_model/yolo11n_640_5-class_04-01-2026_float16.tflite,GPU_SUPPORTED,1,0.526,0.301,0.153,0.093,0
2026-04-07 00:24:26,15,64.990,69.322,27.016,0,0,GPU,31.438,NONE,yolo11n_640_5-class_04-01-2026_saved_model/yolo11n_640_5-class_04-01-2026_float16.tflite,GPU_SUPPORTED,1,0.661,0.471,0.135,0.163,8
2026-04-07 00:24:27,15,64.682,71.701,27.630,0,0,GPU,17.856,NONE,yolo11n_640_5-class_04-01-2026_saved_model/yolo11n_640_5-class_04-01-2026_float16.tflite,GPU_SUPPORTED,0,,,,,0
2026-04-07 00:24:28,15,65.015,70.754,29.900,0,0,GPU,31.438,NONE,yolo11n_640_5-class_04-01-2026_saved_model/yolo11n_640_5-class_04-01-2026_float16.tflite,GPU_SUPPORTED,1,0.721,0.127,0.268,-0.264,0
2026-04-07 00:24:29,15,65.040,71.048,27.199,0,0,GPU,31.469,LIGHT,yolo11n_640_5-class_04-01-2026_saved_model/yolo11n_640_5-class_04-01-2026_float16.tflite,GPU_SUPPORTED,1,0.880,0.258,0.190,0.019,7
2026-04-07 00:24:30,15,64.629,71.745,28.231,0,0,GPU,31.438,LIGHT,yolo11n_640_5-class_04-01-2026_saved_model/yolo11n_640_5-class_04-01-2026_float16.tflite,GPU_SUPPORTED,1,0.640,0.367,0.006,-0.024,0
2026-04-07 00:24:31,16,62.865,69.141,28.319,0,0,GPU,30.262,LIGHT,yolo11n_640_5-class_04-01-2026_saved_model/yolo11n_640_5-class_04-01-2026_float16.tflite,GPU_SUPPORTED,1,0.784,0.235,0.113,0.007,0
2026-04-07 00:24:32,15,65.726,71.977,30.340,0,0,GPU,26.715,LIGHT,yolo11n_640_5-class_04-01-2026_saved_model/yolo11n_640_5-class_04-01-2026_float16.tflite,GPU_SUPPORTED,1,0.419,0.328,0.000,0.000,1
2026-04-07 00:24:33,15,64.174,68.719,29.143,0,0,GPU,31.406,LIGHT,yolo11n_640_5-class_04-01-2026_saved_model/yolo11n_640_5-class_04-01-2026_float16.tflite,GPU_SUPPORTED,1,0.662,0.151,0.243,-0.160,0
2026-04-07 00:24:34,15,64.902,69.580,27.249,0,0,GPU,31.438,LIGHT,yolo11n_640_5-class_04-01-2026_saved_model/yolo11n_640_5-class_04-01-2026_float16.tflite,GPU_SUPPORTED,1,0.821,0.232,0.190,0.008,8
2026-04-07 00:24:35,15,64.989,73.230,29.054,0,0,GPU,17.031,LIGHT,yolo11n_640_5-class_04-01-2026_saved_model/yolo11n_640_5-class_04-01-2026_float16.tflite,GPU_SUPPORTED,1,0.420,0.328,-0.000,0.000,5
2026-04-07 00:24:36,16,62.854,69.647,27.403,0,0,GPU,19.641,LIGHT,yolo11n_640_5-class_04-01-2026_saved_model/yolo11n_640_5-class_04-01-2026_float16.tflite,GPU_SUPPORTED,1,0.629,0.180,0.185,-0.135,0
2026-04-07 00:24:37,15,64.965,70.842,29.871,0,0,GPU,22.024,LIGHT,yolo11n_640_5-class_04-01-2026_saved_model/yolo11n_640_5-class_04-01-2026_float16.tflite,GPU_SUPPORTED,1,0.779,0.232,0.160,-0.007,4
2026-04-07 00:24:38,15,63.981,68.836,30.896,0,0,GPU,25.539,LIGHT,yolo11n_640_5-class_04-01-2026_saved_model/yolo11n_640_5-class_04-01-2026_float16.tflite,GPU_SUPPORTED,1,0.605,0.443,-0.022,0.118,0
2026-04-07 00:24:39,15,65.348,69.359,26.658,0,0,GPU,26.746,LIGHT,yolo11n_640_5-class_04-01-2026_saved_model/yolo11n_640_5-class_04-01-2026_float16.tflite,GPU_SUPPORTED,0,,,,,0
2026-04-07 00:24:40,15,65.034,68.549,29.106,0,0,GPU,40.141,LIGHT,yolo11n_640_5-class_04-01-2026_saved_model/yolo11n_640_5-class_04-01-2026_float16.tflite,GPU_SUPPORTED,1,0.514,0.207,0.356,-0.505,0
2026-04-07 00:24:41,15,64.959,72.818,30.024,0,0,GPU,40.110,LIGHT,yolo11n_640_5-class_04-01-2026_saved_model/yolo11n_640_5-class_04-01-2026_float16.tflite,GPU_SUPPORTED,1,0.716,0.260,0.203,0.017,3
2026-04-07 00:24:42,16,63.403,69.655,29.424,0,0,GPU,31.438,LIGHT,yolo11n_640_5-class_04-01-2026_saved_model/yolo11n_640_5-class_04-01-2026_float16.tflite,GPU_SUPPORTED,0,,,,,0
2026-04-07 00:24:43,13,70.219,77.307,35.771,0,0,GPU,31.438,LIGHT,yolo11n_640_5-class_04-01-2026_saved_model/yolo11n_640_5-class_04-01-2026_float16.tflite,GPU_SUPPORTED,0,,,,,0
2026-04-07 00:24:44,16,62.427,65.251,30.877,0,0,GPU,31.442,LIGHT,yolo11n_640_5-class_04-01-2026_saved_model/yolo11n_640_5-class_04-01-2026_float16.tflite,GPU_SUPPORTED,1,0.573,0.515,0.220,0.184,0
2026-04-07 00:24:45,16,63.778,70.341,31.883,0,0,GPU,18.012,LIGHT,yolo11n_640_5-class_04-01-2026_saved_model/yolo11n_640_5-class_04-01-2026_float16.tflite,GPU_SUPPORTED,1,0.497,0.432,0.009,-0.007,5
2026-04-07 00:24:46,14,66.019,74.289,32.172,0,0,GPU,31.438,LIGHT,yolo11n_640_5-class_04-01-2026_saved_model/yolo11n_640_5-class_04-01-2026_float16.tflite,GPU_SUPPORTED,0,,,,,0
2026-04-07 00:24:47,15,65.568,72.533,32.181,0,0,GPU,18.098,LIGHT,yolo11n_640_5-class_04-01-2026_saved_model/yolo11n_640_5-class_04-01-2026_float16.tflite,GPU_SUPPORTED,1,0.565,0.490,-0.011,-0.001,0
2026-04-07 00:24:48,16,63.127,66.268,32.422,0,0,GPU,22.063,LIGHT,yolo11n_640_5-class_04-01-2026_saved_model/yolo11n_640_5-class_04-01-2026_float16.tflite,GPU_SUPPORTED,1,0.570,0.497,0.001,0.004,1
2026-04-07 00:24:49,16,60.263,65.250,32.031,0,0,GPU,40.286,LIGHT,yolo11n_640_5-class_04-01-2026_saved_model/yolo11n_640_5-class_04-01-2026_float16.tflite,GPU_SUPPORTED,1,0.277,0.222,-0.148,-0.135,1
2026-04-07 00:24:50,16,60.403,64.499,33.239,0,0,GPU,43.703,LIGHT,yolo11n_640_5-class_04-01-2026_saved_model/yolo11n_640_5-class_04-01-2026_float16.tflite,GPU_SUPPORTED,1,0.265,0.212,-0.352,-0.347,0
2026-04-07 00:24:51,16,62.160,64.165,30.962,0,0,GPU,33.078,LIGHT,yolo11n_640_5-class_04-01-2026_saved_model/yolo11n_640_5-class_04-01-2026_float16.tflite,GPU_SUPPORTED,1,0.593,0.525,0.199,0.217,0
2026-04-07 00:24:52,16,60.679,66.491,30.686,0,0,GPU,25.485,LIGHT,yolo11n_640_5-class_04-01-2026_saved_model/yolo11n_640_5-class_04-01-2026_float16.tflite,GPU_SUPPORTED,1,0.536,0.486,0.610,0.588,2
2026-04-07 00:24:53,15,66.072,73.475,30.343,0,0,GPU,18.055,LIGHT,yolo11n_640_5-class_04-01-2026_saved_model/yolo11n_640_5-class_04-01-2026_float16.tflite,GPU_SUPPORTED,1,0.321,0.284,0.000,0.000,4
2026-04-07 00:24:54,14,67.790,75.318,32.818,0,0,GPU,17.836,LIGHT,yolo11n_640_5-class_04-01-2026_saved_model/yolo11n_640_5-class_04-01-2026_float16.tflite,GPU_SUPPORTED,1,0.292,0.280,-0.015,-0.028,0
2026-04-07 00:24:55,14,69.106,77.001,31.373,0,0,GPU,17.930,LIGHT,yolo11n_640_5-class_04-01-2026_saved_model/yolo11n_640_5-class_04-01-2026_float16.tflite,GPU_SUPPORTED,1,0.430,0.171,0.197,-0.725,0
2026-04-07 00:24:56,15,67.363,74.570,33.104,0,0,GPU,19.684,LIGHT,yolo11n_640_5-class_04-01-2026_saved_model/yolo11n_640_5-class_04-01-2026_float16.tflite,GPU_SUPPORTED,1,0.563,0.285,0.118,0.444,1
2026-04-07 00:24:57,13,71.527,77.543,32.267,0,0,GPU,13.332,LIGHT,yolo11n_640_5-class_04-01-2026_saved_model/yolo11n_640_5-class_04-01-2026_float16.tflite,GPU_SUPPORTED,1,0.435,0.503,0.753,0.701,0
2026-04-07 00:24:58,15,66.064,75.551,30.034,0,0,GPU,13.145,LIGHT,yolo11n_640_5-class_04-01-2026_saved_model/yolo11n_640_5-class_04-01-2026_float16.tflite,GPU_SUPPORTED,1,0.379,0.495,0.500,0.585,0
2026-04-07 00:24:59,15,67.899,71.248,32.553,0,0,GPU,26.758,LIGHT,yolo11n_640_5-class_04-01-2026_saved_model/yolo11n_640_5-class_04-01-2026_float16.tflite,GPU_SUPPORTED,1,0.059,0.112,-0.092,-0.270,0
2026-04-07 00:25:00,14,69.700,74.167,31.872,0,0,GPU,40.090,LIGHT,yolo11n_640_5-class_04-01-2026_saved_model/yolo11n_640_5-class_04-01-2026_float16.tflite,GPU_SUPPORTED,1,0.218,0.196,0.429,-0.383,0
2026-04-07 00:25:01,14,68.944,78.006,33.590,0,0,GPU,31.450,LIGHT,yolo11n_640_5-class_04-01-2026_saved_model/yolo11n_640_5-class_04-01-2026_float16.tflite,GPU_SUPPORTED,1,0.563,0.293,0.155,0.455,0
2026-04-07 00:25:02,14,69.718,76.853,33.426,0,0,GPU,31.481,LIGHT,yolo11n_640_5-class_04-01-2026_saved_model/yolo11n_640_5-class_04-01-2026_float16.tflite,GPU_SUPPORTED,1,0.580,0.650,0.775,0.774,0
2026-04-07 00:25:03,12,79.115,85.897,37.503,0,0,GPU,31.481,LIGHT,yolo11n_640_5-class_04-01-2026_saved_model/yolo11n_640_5-class_04-01-2026_float16.tflite,GPU_SUPPORTED,1,0.034,0.125,-0.854,-0.792,3
2026-04-07 00:25:04,13,80.902,84.691,38.680,0,0,GPU,31.481,LIGHT,yolo11n_640_5-class_04-01-2026_saved_model/yolo11n_640_5-class_04-01-2026_float16.tflite,GPU_SUPPORTED,0,,,,,0
2026-04-07 00:25:05,12,79.817,87.488,38.974,0,0,GPU,40.121,LIGHT,yolo11n_640_5-class_04-01-2026_saved_model/yolo11n_640_5-class_04-01-2026_float16.tflite,GPU_SUPPORTED,1,0.455,0.706,0.003,0.115,1
2026-04-07 00:25:06,12,78.852,85.373,38.539,0,0,GPU,13.270,LIGHT,yolo11n_640_5-class_04-01-2026_saved_model/yolo11n_640_5-class_04-01-2026_float16.tflite,GPU_SUPPORTED,1,0.489,0.613,0.020,0.012,0
2026-04-07 00:25:07,13,79.225,82.416,39.912,0,0,GPU,25.582,LIGHT,yolo11n_640_5-class_04-01-2026_saved_model/yolo11n_640_5-class_04-01-2026_float16.tflite,GPU_SUPPORTED,1,0.330,0.409,0.016,0.026,0
2026-04-07 00:25:08,12,81.948,87.821,40.749,0,0,GPU,40.153,LIGHT,yolo11n_640_5-class_04-01-2026_saved_model/yolo11n_640_5-class_04-01-2026_float16.tflite,GPU_SUPPORTED,1,0.199,0.256,-0.024,-0.029,0
2026-04-07 00:25:09,12,80.455,86.069,40.283,0,0,GPU,44.875,LIGHT,yolo11n_640_5-class_04-01-2026_saved_model/yolo11n_640_5-class_04-01-2026_float16.tflite,GPU_SUPPORTED,1,0.194,0.250,-0.008,-0.010,0
2026-04-07 00:25:10,12,80.044,85.732,37.918,0,1,GPU,17.899,LIGHT,yolo11n_640_5-class_04-01-2026_saved_model/yolo11n_640_5-class_04-01-2026_float16.tflite,GPU_SUPPORTED,1,0.206,0.254,-0.339,-0.030,0
2026-04-07 00:25:11,12,82.498,87.855,39.356,0,0,GPU,17.867,LIGHT,yolo11n_640_5-class_04-01-2026_saved_model/yolo11n_640_5-class_04-01-2026_float16.tflite,GPU_SUPPORTED,1,0.186,0.245,-0.007,0.006,3
2026-04-07 00:25:12,12,82.030,86.977,37.440,0,0,GPU,31.481,LIGHT,yolo11n_640_5-class_04-01-2026_saved_model/yolo11n_640_5-class_04-01-2026_float16.tflite,GPU_SUPPORTED,1,0.312,0.116,0.021,0.083,0
2026-04-07 00:25:13,12,79.850,85.464,37.831,0,0,GPU,17.930,LIGHT,yolo11n_640_5-class_04-01-2026_saved_model/yolo11n_640_5-class_04-01-2026_float16.tflite,GPU_SUPPORTED,1,0.407,0.457,0.100,0.355,5
2026-04-07 00:25:14,12,84.414,90.967,39.067,0,0,GPU,40.153,LIGHT,yolo11n_640_5-class_04-01-2026_saved_model/yolo11n_640_5-class_04-01-2026_float16.tflite,GPU_SUPPORTED,1,0.410,0.536,0.000,0.000,3
2026-04-07 00:25:15,12,79.495,85.107,37.559,0,0,GPU,31.450,LIGHT,yolo11n_640_5-class_04-01-2026_saved_model/yolo11n_640_5-class_04-01-2026_float16.tflite,GPU_SUPPORTED,0,,,,,0
2026-04-07 00:25:16,12,80.964,84.817,39.707,0,0,GPU,31.481,LIGHT,yolo11n_640_5-class_04-01-2026_saved_model/yolo11n_640_5-class_04-01-2026_float16.tflite,GPU_SUPPORTED,1,0.380,0.581,-0.101,0.087,1
2026-04-07 00:25:17,13,78.781,87.381,43.779,0,0,GPU,19.715,LIGHT,yolo11n_640_5-class_04-01-2026_saved_model/yolo11n_640_5-class_04-01-2026_float16.tflite,GPU_SUPPORTED,1,0.360,0.636,-0.057,0.201,0
2026-04-07 00:25:18,12,79.744,85.023,38.935,0,0,GPU,18.258,LIGHT,yolo11n_640_5-class_04-01-2026_saved_model/yolo11n_640_5-class_04-01-2026_float16.tflite,GPU_SUPPORTED,1,0.352,0.635,0.008,0.269,0
2026-04-07 00:25:19,12,80.588,84.913,38.659,0,0,GPU,31.481,LIGHT,yolo11n_640_5-class_04-01-2026_saved_model/yolo11n_640_5-class_04-01-2026_float16.tflite,GPU_SUPPORTED,1,0.284,0.447,-0.182,-0.260,0
2026-04-07 00:25:20,13,79.197,83.034,37.890,0,0,GPU,19.684,LIGHT,yolo11n_640_5-class_04-01-2026_saved_model/yolo11n_640_5-class_04-01-2026_float16.tflite,GPU_SUPPORTED,0,,,,,0
2026-04-07 00:25:21,12,82.931,87.820,43.137,0,0,GPU,18.086,LIGHT,yolo11n_640_5-class_04-01-2026_saved_model/yolo11n_640_5-class_04-01-2026_float16.tflite,GPU_SUPPORTED,1,0.412,0.130,0.167,0.054,0
2026-04-07 00:25:22,12,81.046,87.464,39.882,0,0,GPU,40.184,LIGHT,yolo11n_640_5-class_04-01-2026_saved_model/yolo11n_640_5-class_04-01-2026_float16.tflite,GPU_SUPPORTED,1,0.519,0.575,0.101,0.438,6
2026-04-07 00:25:23,11,89.343,93.367,44.778,0,0,GPU,40.090,LIGHT,yolo11n_640_5-class_04-01-2026_saved_model/yolo11n_640_5-class_04-01-2026_float16.tflite,GPU_SUPPORTED,1,0.427,0.685,-0.042,0.356,2
2026-04-07 00:25:24,11,87.828,91.891,46.679,0,0,GPU,31.450,LIGHT,yolo11n_640_5-class_04-01-2026_saved_model/yolo11n_640_5-class_04-01-2026_float16.tflite,GPU_SUPPORTED,1,0.397,0.474,-0.032,-0.139,5
2026-04-07 00:25:25,11,87.396,94.738,44.541,0,0,GPU,17.992,LIGHT,yolo11n_640_5-class_04-01-2026_saved_model/yolo11n_640_5-class_04-01-2026_float16.tflite,GPU_SUPPORTED,1,0.346,0.698,-0.059,0.342,1
2026-04-07 00:25:26,11,89.408,92.975,43.917,0,0,GPU,31.450,LIGHT,yolo11n_640_5-class_04-01-2026_saved_model/yolo11n_640_5-class_04-01-2026_float16.tflite,GPU_SUPPORTED,1,0.336,0.559,0.003,-0.077,1
2026-04-07 00:25:27,12,87.074,93.466,46.530,0,0,GPU,18.055,LIGHT,yolo11n_640_5-class_04-01-2026_saved_model/yolo11n_640_5-class_04-01-2026_float16.tflite,GPU_SUPPORTED,1,0.568,0.209,-2.145,-2.841,0
2026-04-07 00:25:28,11,84.061,90.576,42.303,0,0,GPU,31.453,LIGHT,yolo11n_640_5-class_04-01-2026_saved_model/yolo11n_640_5-class_04-01-2026_float16.tflite,GPU_SUPPORTED,1,0.361,0.270,-0.577,-0.137,2
2026-04-07 00:25:29,12,85.316,96.238,43.423,0,0,GPU,30.274,LIGHT,yolo11n_640_5-class_04-01-2026_saved_model/yolo11n_640_5-class_04-01-2026_float16.tflite,GPU_SUPPORTED,1,0.207,0.237,0.000,-0.013,0
2026-04-07 00:25:30,10,94.690,99.144,49.978,0,0,GPU,31.516,LIGHT,yolo11n_640_5-class_04-01-2026_saved_model/yolo11n_640_5-class_04-01-2026_float16.tflite,GPU_SUPPORTED,1,0.387,0.233,0.353,-0.310,0
2026-04-07 00:25:31,13,76.660,81.728,45.885,0,0,GPU,28.524,LIGHT,yolo11n_640_5-class_04-01-2026_saved_model/yolo11n_640_5-class_04-01-2026_float16.tflite,GPU_SUPPORTED,1,0.189,0.211,-0.005,-0.069,0
2026-04-07 00:25:32,13,73.838,80.849,41.682,0,0,GPU,13.637,LIGHT,yolo11n_640_5-class_04-01-2026_saved_model/yolo11n_640_5-class_04-01-2026_float16.tflite,GPU_SUPPORTED,1,0.191,0.188,-0.006,-0.014,0
2026-04-07 00:25:33,13,74.251,81.220,43.752,0,0,GPU,31.840,LIGHT,yolo11n_640_5-class_04-01-2026_saved_model/yolo11n_640_5-class_04-01-2026_float16.tflite,GPU_SUPPORTED,0,,,,,0
2026-04-07 00:25:34,13,78.346,82.261,44.478,0,0,GPU,30.332,LIGHT,yolo11n_640_5-class_04-01-2026_saved_model/yolo11n_640_5-class_04-01-2026_float16.tflite,GPU_SUPPORTED,1,0.299,0.554,0.021,0.137,0
2026-04-07 00:25:35,13,76.384,82.484,44.005,0,0,GPU,26.758,LIGHT,yolo11n_640_5-class_04-01-2026_saved_model/yolo11n_640_5-class_04-01-2026_float16.tflite,GPU_SUPPORTED,1,0.507,0.225,0.267,-0.224,0
2026-04-07 00:25:36,13,77.157,81.093,44.370,0,0,GPU,19.711,LIGHT,yolo11n_640_5-class_04-01-2026_saved_model/yolo11n_640_5-class_04-01-2026_float16.tflite,GPU_SUPPORTED,1,0.691,0.430,0.176,0.206,7
2026-04-07 00:25:37,12,78.090,83.779,46.561,0,0,GPU,17.992,LIGHT,yolo11n_640_5-class_04-01-2026_saved_model/yolo11n_640_5-class_04-01-2026_float16.tflite,GPU_SUPPORTED,0,,,,,0
2026-04-07 00:25:38,13,78.419,86.547,44.083,0,0,GPU,31.449,LIGHT,yolo11n_640_5-class_04-01-2026_saved_model/yolo11n_640_5-class_04-01-2026_float16.tflite,GPU_SUPPORTED,0,,,,,0
2026-04-07 00:25:39,13,76.937,81.838,44.917,0,0,GPU,33.043,MODERATE,yolo11n_640_5-class_04-01-2026_saved_model/yolo11n_640_5-class_04-01-2026_float16.tflite,GPU_SUPPORTED,1,0.248,0.555,-0.032,0.174,0
2026-04-07 00:25:40,13,75.621,78.336,42.647,0,0,GPU,14.961,MODERATE,yolo11n_640_5-class_04-01-2026_saved_model/yolo11n_640_5-class_04-01-2026_float16.tflite,GPU_SUPPORTED,1,0.437,0.286,0.288,-0.678,0
2026-04-07 00:25:41,12,76.698,81.174,43.453,0,0,GPU,16.692,MODERATE,yolo11n_640_5-class_04-01-2026_saved_model/yolo11n_640_5-class_04-01-2026_float16.tflite,GPU_SUPPORTED,1,0.629,0.354,0.147,0.232,1
2026-04-07 00:25:42,12,87.634,97.008,42.876,0,1,GPU,33.079,MODERATE,yolo11n_640_5-class_04-01-2026_saved_model/yolo11n_640_5-class_04-01-2026_float16.tflite,GPU_SUPPORTED,0,,,,,0
2026-04-07 00:25:43,10,98.937,105.788,54.221,0,0,GPU,33.047,MODERATE,yolo11n_640_5-class_04-01-2026_saved_model/yolo11n_640_5-class_04-01-2026_float16.tflite,GPU_SUPPORTED,1,0.716,0.565,-0.066,0.001,1
2026-04-07 00:25:44,10,98.377,103.060,55.156,0,0,GPU,33.079,MODERATE,yolo11n_640_5-class_04-01-2026_saved_model/yolo11n_640_5-class_04-01-2026_float16.tflite,GPU_SUPPORTED,1,0.467,0.288,-0.556,-0.505,0
2026-04-07 00:25:45,10,97.342,102.023,52.258,0,0,GPU,20.106,MODERATE,yolo11n_640_5-class_04-01-2026_saved_model/yolo11n_640_5-class_04-01-2026_float16.tflite,GPU_SUPPORTED,1,0.382,0.644,0.107,0.116,0
2026-04-07 00:25:46,10,95.454,102.451,53.679,0,0,GPU,31.450,MODERATE,yolo11n_640_5-class_04-01-2026_saved_model/yolo11n_640_5-class_04-01-2026_float16.tflite,GPU_SUPPORTED,1,0.631,0.175,0.256,-0.059,0
2026-04-07 00:25:47,10,98.484,102.420,52.949,0,0,GPU,31.450,MODERATE,yolo11n_640_5-class_04-01-2026_saved_model/yolo11n_640_5-class_04-01-2026_float16.tflite,GPU_SUPPORTED,1,0.693,0.364,-0.003,0.062,0
2026-04-07 00:25:48,10,96.995,102.543,54.173,0,0,GPU,17.961,MODERATE,yolo11n_640_5-class_04-01-2026_saved_model/yolo11n_640_5-class_04-01-2026_float16.tflite,GPU_SUPPORTED,1,0.876,0.681,0.059,0.164,0
2026-04-07 00:25:49,10,97.906,103.481,54.247,0,0,GPU,17.992,MODERATE,yolo11n_640_5-class_04-01-2026_saved_model/yolo11n_640_5-class_04-01-2026_float16.tflite,GPU_SUPPORTED,1,0.622,0.350,-0.499,-0.332,0
2026-04-07 00:25:50,10,97.258,103.271,51.120,0,0,GPU,30.305,MODERATE,yolo11n_640_5-class_04-01-2026_saved_model/yolo11n_640_5-class_04-01-2026_float16.tflite,GPU_SUPPORTED,1,0.306,0.627,-0.169,0.258,4
2026-04-07 00:25:52,11,93.331,96.372,54.126,0,0,GPU,26.758,MODERATE,yolo11n_640_5-class_04-01-2026_saved_model/yolo11n_640_5-class_04-01-2026_float16.tflite,GPU_SUPPORTED,1,0.680,0.206,0.175,0.133,1
2026-04-07 00:25:53,11,91.614,99.178,60.045,0,0,GPU,31.481,MODERATE,yolo11n_640_5-class_04-01-2026_saved_model/yolo11n_640_5-class_04-01-2026_float16.tflite,GPU_SUPPORTED,1,0.811,0.295,0.173,-0.009,0
2026-04-07 00:25:54,10,94.931,101.912,55.972,0,0,GPU,31.450,MODERATE,yolo11n_640_5-class_04-01-2026_saved_model/yolo11n_640_5-class_04-01-2026_float16.tflite,GPU_SUPPORTED,1,0.954,0.549,0.026,-0.199,0
2026-04-07 00:25:55,10,95.800,101.420,55.136,0,0,GPU,31.481,MODERATE,yolo11n_640_5-class_04-01-2026_saved_model/yolo11n_640_5-class_04-01-2026_float16.tflite,GPU_SUPPORTED,1,0.686,0.350,-0.472,-0.521,0
2026-04-07 00:25:56,10,98.248,100.555,56.885,0,0,GPU,17.992,MODERATE,yolo11n_640_5-class_04-01-2026_saved_model/yolo11n_640_5-class_04-01-2026_float16.tflite,GPU_SUPPORTED,1,0.366,0.555,0.053,0.287,0
2026-04-07 00:25:57,10,99.386,101.857,53.152,0,0,GPU,17.961,MODERATE,yolo11n_640_5-class_04-01-2026_saved_model/yolo11n_640_5-class_04-01-2026_float16.tflite,GPU_SUPPORTED,1,0.618,0.089,0.271,-0.209,0
2026-04-07 00:25:58,10,96.729,102.365,52.611,0,0,GPU,31.871,MODERATE,yolo11n_640_5-class_04-01-2026_saved_model/yolo11n_640_5-class_04-01-2026_float16.tflite,GPU_SUPPORTED,1,0.757,0.447,0.141,0.383,4
2026-04-07 00:25:59,11,96.673,100.877,59.374,0,0,GPU,31.481,MODERATE,yolo11n_640_5-class_04-01-2026_saved_model/yolo11n_640_5-class_04-01-2026_float16.tflite,GPU_SUPPORTED,1,0.663,0.645,-0.031,0.164,0
2026-04-07 00:26:00,10,97.240,103.895,52.941,0,0,GPU,33.079,MODERATE,yolo11n_640_5-class_04-01-2026_saved_model/yolo11n_640_5-class_04-01-2026_float16.tflite,GPU_SUPPORTED,1,0.774,0.619,0.068,0.022,2
2026-04-07 00:26:01,10,98.098,102.887,53.484,0,0,GPU,33.079,MODERATE,yolo11n_640_5-class_04-01-2026_saved_model/yolo11n_640_5-class_04-01-2026_float16.tflite,GPU_SUPPORTED,1,0.351,0.601,-0.034,0.182,0
2026-04-07 00:26:02,10,98.027,100.851,53.624,0,0,GPU,34.223,MODERATE,yolo11n_640_5-class_04-01-2026_saved_model/yolo11n_640_5-class_04-01-2026_float16.tflite,GPU_SUPPORTED,1,0.553,0.256,0.295,-0.308,0
2026-04-07 00:26:03,10,97.808,101.940,55.016,0,0,GPU,40.122,MODERATE,yolo11n_640_5-class_04-01-2026_saved_model/yolo11n_640_5-class_04-01-2026_float16.tflite,GPU_SUPPORTED,1,0.689,0.449,0.054,0.124,0
2026-04-07 00:26:04,10,98.082,102.154,54.926,0,0,GPU,26.758,MODERATE,yolo11n_640_5-class_04-01-2026_saved_model/yolo11n_640_5-class_04-01-2026_float16.tflite,GPU_SUPPORTED,1,0.690,0.438,0.008,0.007,8
2026-04-07 00:26:05,10,98.431,104.178,56.643,0,0,GPU,26.789,MODERATE,yolo11n_640_5-class_04-01-2026_saved_model/yolo11n_640_5-class_04-01-2026_float16.tflite,GPU_SUPPORTED,1,0.612,0.493,-0.086,-0.201,0
2026-04-07 00:26:06,10,99.895,106.338,58.242,0,0,GPU,22.035,MODERATE,yolo11n_640_5-class_04-01-2026_saved_model/yolo11n_640_5-class_04-01-2026_float16.tflite,GPU_SUPPORTED,1,0.353,0.596,0.024,0.263,0
2026-04-07 00:26:07,10,98.928,101.989,53.968,0,0,GPU,18.086,MODERATE,yolo11n_640_5-class_04-01-2026_saved_model/yolo11n_640_5-class_04-01-2026_float16.tflite,GPU_SUPPORTED,1,0.588,0.196,0.259,-0.205,0
2026-04-07 00:26:08,10,96.043,104.744,54.466,0,0,GPU,33.078,MODERATE,yolo11n_640_5-class_04-01-2026_saved_model/yolo11n_640_5-class_04-01-2026_float16.tflite,GPU_SUPPORTED,1,0.726,0.533,0.132,0.364,4
2026-04-07 00:26:09,10,97.500,103.848,55.231,0,0,GPU,33.079,MODERATE,yolo11n_640_5-class_04-01-2026_saved_model/yolo11n_640_5-class_04-01-2026_float16.tflite,GPU_SUPPORTED,1,0.650,0.621,-0.035,-0.046,0
2026-04-07 00:26:10,10,97.132,100.828,53.796,0,0,GPU,34.286,MODERATE,yolo11n_640_5-class_04-01-2026_saved_model/yolo11n_640_5-class_04-01-2026_float16.tflite,GPU_SUPPORTED,1,0.464,0.384,-0.699,-0.103,0
2026-04-07 00:26:11,10,98.300,100.751,54.118,0,0,GPU,34.223,MODERATE,yolo11n_640_5-class_04-01-2026_saved_model/yolo11n_640_5-class_04-01-2026_float16.tflite,GPU_SUPPORTED,1,0.364,0.643,0.009,0.183,3
2026-04-07 00:26:12,10,97.576,101.759,56.137,0,0,GPU,26.789,MODERATE,yolo11n_640_5-class_04-01-2026_saved_model/yolo11n_640_5-class_04-01-2026_float16.tflite,GPU_SUPPORTED,1,0.637,0.222,0.199,0.053,0
2026-04-07 00:26:13,10,97.523,102.981,55.482,0,0,GPU,18.367,MODERATE,yolo11n_640_5-class_04-01-2026_saved_model/yolo11n_640_5-class_04-01-2026_float16.tflite,GPU_SUPPORTED,1,0.765,0.627,0.131,0.393,6
2026-04-07 00:26:14,11,92.839,103.260,54.182,0,0,GPU,31.512,MODERATE,yolo11n_640_5-class_04-01-2026_saved_model/yolo11n_640_5-class_04-01-2026_float16.tflite,GPU_SUPPORTED,1,0.916,0.658,-0.028,-0.101,0
2026-04-07 00:26:15,9,99.575,107.211,60.824,0,0,GPU,31.481,MODERATE,yolo11n_640_5-class_04-01-2026_saved_model/yolo11n_640_5-class_04-01-2026_float16.tflite,GPU_SUPPORTED,1,0.385,0.467,-0.758,0.240,0
2026-04-07 00:26:16,11,96.514,102.857,53.184,0,1,GPU,33.079,MODERATE,yolo11n_640_5-class_04-01-2026_saved_model/yolo11n_640_5-class_04-01-2026_float16.tflite,GPU_SUPPORTED,1,0.420,0.409,0.141,-0.558,0
2026-04-07 00:26:17,10,97.910,103.895,54.367,0,0,GPU,33.047,MODERATE,yolo11n_640_5-class_04-01-2026_saved_model/yolo11n_640_5-class_04-01-2026_float16.tflite,GPU_SUPPORTED,1,0.664,0.349,0.149,0.190,1
2026-04-07 00:26:18,10,97.527,102.306,53.631,0,0,GPU,19.715,MODERATE,yolo11n_640_5-class_04-01-2026_saved_model/yolo11n_640_5-class_04-01-2026_float16.tflite,GPU_SUPPORTED,0,,,,,0
2026-04-07 00:26:19,10,97.736,99.815,52.917,0,0,GPU,26.789,MODERATE,yolo11n_640_5-class_04-01-2026_saved_model/yolo11n_640_5-class_04-01-2026_float16.tflite,GPU_SUPPORTED,1,0.857,0.622,-0.024,0.029,0
2026-04-07 00:26:20,10,97.868,101.061,53.081,0,0,GPU,26.789,MODERATE,yolo11n_640_5-class_04-01-2026_saved_model/yolo11n_640_5-class_04-01-2026_float16.tflite,GPU_SUPPORTED,1,0.319,0.535,-0.543,0.314,0
2026-04-07 00:26:21,10,98.310,100.254,54.400,0,0,GPU,44.907,MODERATE,yolo11n_640_5-class_04-01-2026_saved_model/yolo11n_640_5-class_04-01-2026_float16.tflite,GPU_SUPPORTED,1,0.405,0.481,0.108,-0.417,0
2026-04-07 00:26:22,10,98.819,105.552,53.428,0,0,GPU,25.582,MODERATE,yolo11n_640_5-class_04-01-2026_saved_model/yolo11n_640_5-class_04-01-2026_float16.tflite,GPU_SUPPORTED,1,0.654,0.377,0.137,0.228,0
2026-04-07 00:26:23,10,100.620,103.908,55.090,0,0,GPU,18.117,MODERATE,yolo11n_640_5-class_04-01-2026_saved_model/yolo11n_640_5-class_04-01-2026_float16.tflite,GPU_SUPPORTED,1,0.659,0.381,-0.033,-0.089,1
2026-04-07 00:26:24,10,96.491,100.527,52.930,0,0,GPU,20.860,MODERATE,yolo11n_640_5-class_04-01-2026_saved_model/yolo11n_640_5-class_04-01-2026_float16.tflite,GPU_SUPPORTED,1,1.000,0.633,0.103,-0.521,0
2026-04-07 00:26:25,10,98.583,104.893,52.207,0,0,GPU,17.375,MODERATE,yolo11n_640_5-class_04-01-2026_saved_model/yolo11n_640_5-class_04-01-2026_float16.tflite,GPU_SUPPORTED,1,0.906,0.578,-0.079,-0.102,8
2026-04-07 00:26:26,10,98.459,103.150,55.593,0,0,GPU,40.090,MODERATE,yolo11n_640_5-class_04-01-2026_saved_model/yolo11n_640_5-class_04-01-2026_float16.tflite,GPU_SUPPORTED,1,0.000,0.000,-0.853,-0.467,8
2026-04-07 00:26:27,10,97.685,100.483,55.067,0,0,GPU,40.090,MODERATE,yolo11n_640_5-class_04-01-2026_saved_model/yolo11n_640_5-class_04-01-2026_float16.tflite,GPU_SUPPORTED,1,1.000,0.000,1.311,-0.904,5
2026-04-07 00:26:28,10,97.564,100.936,54.068,0,0,GPU,40.122,MODERATE,yolo11n_640_5-class_04-01-2026_saved_model/yolo11n_640_5-class_04-01-2026_float16.tflite,GPU_SUPPORTED,0,,,,,0
2026-04-07 00:26:29,10,98.993,101.653,54.817,0,0,GPU,40.122,MODERATE,yolo11n_640_5-class_04-01-2026_saved_model/yolo11n_640_5-class_04-01-2026_float16.tflite,GPU_SUPPORTED,1,0.796,0.499,0.000,0.000,7
2026-04-07 00:26:30,10,97.555,99.677,53.953,0,0,GPU,40.090,MODERATE,yolo11n_640_5-class_04-01-2026_saved_model/yolo11n_640_5-class_04-01-2026_float16.tflite,GPU_SUPPORTED,1,0.402,0.499,-0.022,-0.002,6
2026-04-07 00:26:31,10,99.251,105.026,53.562,0,0,GPU,35.430,MODERATE,yolo11n_640_5-class_04-01-2026_saved_model/yolo11n_640_5-class_04-01-2026_float16.tflite,GPU_SUPPORTED,1,0.836,0.641,0.399,0.291,0
2026-04-07 00:26:32,10,97.005,102.854,53.772,0,0,GPU,40.122,MODERATE,yolo11n_640_5-class_04-01-2026_saved_model/yolo11n_640_5-class_04-01-2026_float16.tflite,GPU_SUPPORTED,1,0.581,0.399,0.048,-0.016,0
2026-04-07 00:26:33,10,94.667,98.007,54.015,0,0,GPU,17.961,MODERATE,yolo11n_640_5-class_04-01-2026_saved_model/yolo11n_640_5-class_04-01-2026_float16.tflite,GPU_SUPPORTED,1,0.584,0.378,-0.085,-0.035,0
2026-04-07 00:26:34,10,98.830,104.565,52.969,0,0,GPU,31.450,MODERATE,yolo11n_640_5-class_04-01-2026_saved_model/yolo11n_640_5-class_04-01-2026_float16.tflite,GPU_SUPPORTED,1,0.000,0.416,-1.171,0.054,6
2026-04-07 00:26:35,10,97.237,101.236,54.527,0,0,GPU,31.450,MODERATE,yolo11n_640_5-class_04-01-2026_saved_model/yolo11n_640_5-class_04-01-2026_float16.tflite,GPU_SUPPORTED,1,0.182,0.078,0.622,-0.286,0
2026-04-07 00:26:36,10,98.148,102.559,53.804,0,0,GPU,31.481,MODERATE,yolo11n_640_5-class_04-01-2026_saved_model/yolo11n_640_5-class_04-01-2026_float16.tflite,GPU_SUPPORTED,1,0.489,0.670,0.258,0.785,2
2026-04-07 00:26:37,10,96.344,101.138,54.869,0,0,GPU,18.024,MODERATE,yolo11n_640_5-class_04-01-2026_saved_model/yolo11n_640_5-class_04-01-2026_float16.tflite,GPU_SUPPORTED,1,0.923,0.010,0.887,-1.267,0
2026-04-07 00:26:38,10,98.571,107.726,52.739,0,0,GPU,31.481,MODERATE,yolo11n_640_5-class_04-01-2026_saved_model/yolo11n_640_5-class_04-01-2026_float16.tflite,GPU_SUPPORTED,1,0.456,0.668,-0.156,0.665,1
2026-04-07 00:26:39,10,97.724,103.873,53.459,0,0,GPU,31.512,MODERATE,yolo11n_640_5-class_04-01-2026_saved_model/yolo11n_640_5-class_04-01-2026_float16.tflite,GPU_SUPPORTED,1,0.925,0.021,0.081,-0.171,0
2026-04-07 00:26:40,11,94.765,102.554,54.390,0,0,GPU,40.122,MODERATE,yolo11n_640_5-class_04-01-2026_saved_model/yolo11n_640_5-class_04-01-2026_float16.tflite,GPU_SUPPORTED,1,0.224,0.216,-2.108,0.518,0
2026-04-07 00:26:41,10,97.154,103.109,53.073,0,0,GPU,40.153,MODERATE,yolo11n_640_5-class_04-01-2026_saved_model/yolo11n_640_5-class_04-01-2026_float16.tflite,GPU_SUPPORTED,1,0.436,0.415,0.271,0.674,0
2026-04-07 00:26:42,10,98.733,102.101,54.571,0,0,GPU,38.946,MODERATE,yolo11n_640_5-class_04-01-2026_saved_model/yolo11n_640_5-class_04-01-2026_float16.tflite,GPU_SUPPORTED,1,0.418,0.730,-0.075,0.542,0
2026-04-07 00:26:43,10,99.572,103.418,56.144,0,0,GPU,34.254,MODERATE,yolo11n_640_5-class_04-01-2026_saved_model/yolo11n_640_5-class_04-01-2026_float16.tflite,GPU_SUPPORTED,1,0.653,0.826,0.577,0.119,0
2026-04-07 00:26:44,10,96.269,101.910,54.926,0,0,GPU,40.122,MODERATE,yolo11n_640_5-class_04-01-2026_saved_model/yolo11n_640_5-class_04-01-2026_float16.tflite,GPU_SUPPORTED,1,0.000,0.355,-1.016,-0.452,2
2026-04-07 00:26:45,10,99.187,104.730,56.756,0,0,GPU,33.079,MODERATE,yolo11n_640_5-class_04-01-2026_saved_model/yolo11n_640_5-class_04-01-2026_float16.tflite,GPU_SUPPORTED,0,,,,,0
2026-04-07 00:26:46,10,98.450,101.196,55.399,0,1,GPU,21.250,MODERATE,yolo11n_640_5-class_04-01-2026_saved_model/yolo11n_640_5-class_04-01-2026_float16.tflite,GPU_SUPPORTED,1,0.393,0.327,0.379,0.529,0
2026-04-07 00:26:47,10,96.899,101.289,54.859,0,0,GPU,44.844,MODERATE,yolo11n_640_5-class_04-01-2026_saved_model/yolo11n_640_5-class_04-01-2026_float16.tflite,GPU_SUPPORTED,1,0.436,0.518,-0.025,0.157,0
2026-04-07 00:26:48,10,97.396,100.744,52.906,0,0,GPU,31.481,MODERATE,yolo11n_640_5-class_04-01-2026_saved_model/yolo11n_640_5-class_04-01-2026_float16.tflite,GPU_SUPPORTED,1,0.399,0.941,-0.033,0.608,0
2026-04-07 00:26:49,10,97.902,100.139,51.502,0,0,GPU,31.481,MODERATE,yolo11n_640_5-class_04-01-2026_saved_model/yolo11n_640_5-class_04-01-2026_float16.tflite,GPU_SUPPORTED,1,0.000,0.248,-0.802,-0.653,4
2026-04-07 00:26:50,10,96.465,101.956,53.469,0,0,GPU,17.930,MODERATE,yolo11n_640_5-class_04-01-2026_saved_model/yolo11n_640_5-class_04-01-2026_float16.tflite,GPU_SUPPORTED,0,,,,,0
2026-04-07 00:26:51,10,96.106,99.858,55.717,0,0,GPU,17.992,MODERATE,yolo11n_640_5-class_04-01-2026_saved_model/yolo11n_640_5-class_04-01-2026_float16.tflite,GPU_SUPPORTED,1,0.382,0.343,0.282,0.621,0
2026-04-07 00:26:52,10,97.683,102.350,54.487,0,0,GPU,18.024,MODERATE,yolo11n_640_5-class_04-01-2026_saved_model/yolo11n_640_5-class_04-01-2026_float16.tflite,GPU_SUPPORTED,1,0.418,0.765,-0.046,0.379,0
2026-04-07 00:26:53,10,97.876,100.925,55.268,0,0,GPU,31.450,MODERATE,yolo11n_640_5-class_04-01-2026_saved_model/yolo11n_640_5-class_04-01-2026_float16.tflite,GPU_SUPPORTED,1,0.778,0.695,0.486,-0.451,0
2026-04-07 00:26:54,11,93.715,100.806,52.949,0,0,GPU,26.758,MODERATE,yolo11n_640_5-class_04-01-2026_saved_model/yolo11n_640_5-class_04-01-2026_float16.tflite,GPU_SUPPORTED,1,0.000,0.403,-0.920,-0.371,4
2026-04-07 00:26:55,11,90.103,94.120,53.393,0,0,GPU,44.813,MODERATE,yolo11n_640_5-class_04-01-2026_saved_model/yolo11n_640_5-class_04-01-2026_float16.tflite,GPU_SUPPORTED,0,,,,,0
2026-04-07 00:26:56,10,96.456,99.703,53.731,0,0,GPU,17.867,MODERATE,yolo11n_640_5-class_04-01-2026_saved_model/yolo11n_640_5-class_04-01-2026_float16.tflite,GPU_SUPPORTED,1,0.440,0.365,0.346,0.536,0
2026-04-07 00:26:57,10,98.359,101.225,54.850,0,0,GPU,17.805,MODERATE,yolo11n_640_5-class_04-01-2026_saved_model/yolo11n_640_5-class_04-01-2026_float16.tflite,GPU_SUPPORTED,1,0.461,0.792,-0.059,0.397,0
2026-04-07 00:26:58,10,97.048,104.600,52.344,0,0,GPU,31.450,MODERATE,yolo11n_640_5-class_04-01-2026_saved_model/yolo11n_640_5-class_04-01-2026_float16.tflite,GPU_SUPPORTED,1,0.786,0.725,0.714,-0.389,0
2026-04-07 00:26:59,10,95.353,103.118,56.173,0,0,GPU,31.481,MODERATE,yolo11n_640_5-class_04-01-2026_saved_model/yolo11n_640_5-class_04-01-2026_float16.tflite,GPU_SUPPORTED,1,0.000,0.308,-1.566,-0.319,5
2026-04-07 00:27:00,11,95.793,101.717,53.969,0,0,GPU,35.430,MODERATE,yolo11n_640_5-class_04-01-2026_saved_model/yolo11n_640_5-class_04-01-2026_float16.tflite,GPU_SUPPORTED,1,0.110,0.145,0.046,-0.047,1
2026-04-07 00:27:01,10,99.048,102.999,55.198,0,0,GPU,40.153,MODERATE,yolo11n_640_5-class_04-01-2026_saved_model/yolo11n_640_5-class_04-01-2026_float16.tflite,GPU_SUPPORTED,1,0.502,0.583,0.203,0.740,0
2026-04-07 00:27:02,10,96.430,101.552,53.775,0,0,GPU,40.122,MODERATE,yolo11n_640_5-class_04-01-2026_saved_model/yolo11n_640_5-class_04-01-2026_float16.tflite,GPU_SUPPORTED,1,0.977,0.890,1.385,0.675,0
2026-04-07 00:27:03,10,97.304,101.886,54.308,0,0,GPU,43.824,MODERATE,yolo11n_640_5-class_04-01-2026_saved_model/yolo11n_640_5-class_04-01-2026_float16.tflite,GPU_SUPPORTED,1,0.657,0.478,-0.767,-0.848,0
2026-04-07 00:27:04,10,96.898,99.593,55.402,0,0,GPU,17.867,MODERATE,yolo11n_640_5-class_04-01-2026_saved_model/yolo11n_640_5-class_04-01-2026_float16.tflite,GPU_SUPPORTED,1,0.000,0.304,-1.659,-0.192,7
2026-04-07 00:27:05,10,97.623,106.012,55.474,0,0,GPU,31.481,MODERATE,yolo11n_640_5-class_04-01-2026_saved_model/yolo11n_640_5-class_04-01-2026_float16.tflite,GPU_SUPPORTED,1,1.000,0.000,5.016,-0.646,1
2026-04-07 00:27:06,10,95.256,101.969,52.422,0,0,GPU,18.024,MODERATE,yolo11n_640_5-class_04-01-2026_saved_model/yolo11n_640_5-class_04-01-2026_float16.tflite,GPU_SUPPORTED,1,1.000,0.034,1.268,-0.825,1
2026-04-07 00:27:07,11,97.452,102.859,54.856,0,0,GPU,18.055,MODERATE,yolo11n_640_5-class_04-01-2026_saved_model/yolo11n_640_5-class_04-01-2026_float16.tflite,GPU_SUPPORTED,1,0.851,0.865,-0.006,-0.113,0
2026-04-07 00:27:08,10,98.239,103.901,55.800,0,0,GPU,30.274,MODERATE,yolo11n_640_5-class_04-01-2026_saved_model/yolo11n_640_5-class_04-01-2026_float16.tflite,GPU_SUPPORTED,1,0.280,0.401,-1.252,-0.685,0
2026-04-07 00:27:09,10,98.532,102.206,54.360,0,0,GPU,31.481,MODERATE,yolo11n_640_5-class_04-01-2026_saved_model/yolo11n_640_5-class_04-01-2026_float16.tflite,GPU_SUPPORTED,1,1.000,0.000,1.275,-0.722,5
2026-04-07 00:27:10,10,98.183,101.701,54.314,0,0,GPU,31.450,MODERATE,yolo11n_640_5-class_04-01-2026_saved_model/yolo11n_640_5-class_04-01-2026_float16.tflite,GPU_SUPPORTED,1,0.065,0.183,0.000,0.000,1
2026-04-07 00:27:11,10,98.169,101.483,54.150,0,0,GPU,31.450,MODERATE,yolo11n_640_5-class_04-01-2026_saved_model/yolo11n_640_5-class_04-01-2026_float16.tflite,GPU_SUPPORTED,1,0.472,0.576,0.212,0.584,0
2026-04-07 00:27:12,10,97.971,101.923,54.382,0,0,GPU,33.047,MODERATE,yolo11n_640_5-class_04-01-2026_saved_model/yolo11n_640_5-class_04-01-2026_float16.tflite,GPU_SUPPORTED,1,0.481,0.642,0.015,0.253,2
2026-04-07 00:27:13,10,98.365,103.031,54.147,0,0,GPU,26.758,MODERATE,yolo11n_640_5-class_04-01-2026_saved_model/yolo11n_640_5-class_04-01-2026_float16.tflite,GPU_SUPPORTED,1,1.000,0.841,0.159,0.011,1
2026-04-07 00:27:14,10,96.599,101.742,53.463,0,0,GPU,22.067,MODERATE,yolo11n_640_5-class_04-01-2026_saved_model/yolo11n_640_5-class_04-01-2026_float16.tflite,GPU_SUPPORTED,1,0.924,0.636,0.000,0.000,0
2026-04-07 00:27:15,10,98.149,100.464,52.015,0,0,GPU,40.153,MODERATE,yolo11n_640_5-class_04-01-2026_saved_model/yolo11n_640_5-class_04-01-2026_float16.tflite,GPU_SUPPORTED,1,0.000,0.481,-1.813,0.026,5
2026-04-07 00:27:16,10,99.126,101.299,53.803,0,0,GPU,40.090,MODERATE,yolo11n_640_5-class_04-01-2026_saved_model/yolo11n_640_5-class_04-01-2026_float16.tflite,GPU_SUPPORTED,1,0.287,0.048,0.887,-0.782,1
2026-04-07 00:27:17,10,97.392,102.037,53.454,0,0,GPU,17.867,MODERATE,yolo11n_640_5-class_04-01-2026_saved_model/yolo11n_640_5-class_04-01-2026_float16.tflite,GPU_SUPPORTED,1,0.526,0.599,0.240,0.554,3
2026-04-07 00:27:18,10,98.081,100.431,55.718,0,0,GPU,31.512,MODERATE,yolo11n_640_5-class_04-01-2026_saved_model/yolo11n_640_5-class_04-01-2026_float16.tflite,GPU_SUPPORTED,0,,,,,0
2026-04-07 00:27:19,10,98.974,102.855,54.725,0,0,GPU,31.418,MODERATE,yolo11n_640_5-class_04-01-2026_saved_model/yolo11n_640_5-class_04-01-2026_float16.tflite,GPU_SUPPORTED,1,0.542,0.519,0.146,0.188,1
2026-04-07 00:27:20,10,97.886,103.589,54.449,0,0,GPU,31.481,MODERATE,yolo11n_640_5-class_04-01-2026_saved_model/yolo11n_640_5-class_04-01-2026_float16.tflite,GPU_SUPPORTED,1,0.000,0.085,-1.334,-0.379,4
2026-04-07 00:27:21,10,97.712,100.800,53.627,0,0,GPU,31.481,MODERATE,yolo11n_640_5-class_04-01-2026_saved_model/yolo11n_640_5-class_04-01-2026_float16.tflite,GPU_SUPPORTED,1,0.000,1.000,-0.416,1.367,9
2026-04-07 00:27:22,10,98.175,100.365,54.021,0,0,GPU,31.449,MODERATE,yolo11n_640_5-class_04-01-2026_saved_model/yolo11n_640_5-class_04-01-2026_float16.tflite,GPU_SUPPORTED,1,0.595,0.646,0.281,1.137,2
2026-04-07 00:27:23,10,97.320,100.601,53.073,0,0,GPU,13.504,MODERATE,yolo11n_640_5-class_04-01-2026_saved_model/yolo11n_640_5-class_04-01-2026_float16.tflite,GPU_SUPPORTED,1,0.558,1.000,0.005,0.475,4
2026-04-07 00:27:24,10,94.290,100.027,53.371,0,0,GPU,18.024,MODERATE,yolo11n_640_5-class_04-01-2026_saved_model/yolo11n_640_5-class_04-01-2026_float16.tflite,GPU_SUPPORTED,0,,,,,0
2026-04-07 00:27:25,10,98.633,101.532,53.825,0,0,GPU,18.024,MODERATE,yolo11n_640_5-class_04-01-2026_saved_model/yolo11n_640_5-class_04-01-2026_float16.tflite,GPU_SUPPORTED,1,1.000,0.818,1.746,0.978,4
2026-04-07 00:27:26,11,92.643,101.550,54.421,0,0,GPU,31.481,MODERATE,yolo11n_640_5-class_04-01-2026_saved_model/yolo11n_640_5-class_04-01-2026_float16.tflite,GPU_SUPPORTED,0,,,,,0
2026-04-07 00:27:27,10,98.618,102.523,55.618,0,0,GPU,31.481,MODERATE,yolo11n_640_5-class_04-01-2026_saved_model/yolo11n_640_5-class_04-01-2026_float16.tflite,GPU_SUPPORTED,0,,,,,0
2026-04-07 00:27:28,10,96.201,100.784,53.853,0,0,GPU,31.481,MODERATE,yolo11n_640_5-class_04-01-2026_saved_model/yolo11n_640_5-class_04-01-2026_float16.tflite,GPU_SUPPORTED,0,,,,,0
2026-04-07 00:27:29,11,96.187,98.443,54.577,0,0,GPU,38.914,MODERATE,yolo11n_640_5-class_04-01-2026_saved_model/yolo11n_640_5-class_04-01-2026_float16.tflite,GPU_SUPPORTED,1,0.790,0.267,2.226,-1.722,0
2026-04-07 00:27:30,10,95.969,103.065,54.845,0,0,GPU,17.867,MODERATE,yolo11n_640_5-class_04-01-2026_saved_model/yolo11n_640_5-class_04-01-2026_float16.tflite,GPU_SUPPORTED,1,0.555,0.627,-0.226,0.043,0
2026-04-07 00:27:31,10,97.695,102.188,56.314,0,0,GPU,17.992,MODERATE,yolo11n_640_5-class_04-01-2026_saved_model/yolo11n_640_5-class_04-01-2026_float16.tflite,GPU_SUPPORTED,0,,,,,0
2026-04-07 00:27:32,10,95.305,101.527,55.398,0,0,GPU,18.024,MODERATE,yolo11n_640_5-class_04-01-2026_saved_model/yolo11n_640_5-class_04-01-2026_float16.tflite,GPU_SUPPORTED,1,0.541,0.488,0.047,0.142,0
2026-04-07 00:27:33,10,97.813,104.513,55.407,0,0,GPU,18.024,MODERATE,yolo11n_640_5-class_04-01-2026_saved_model/yolo11n_640_5-class_04-01-2026_float16.tflite,GPU_SUPPORTED,1,0.345,0.373,-0.215,-0.136,1
2026-04-07 00:27:34,10,96.357,100.558,53.698,0,0,GPU,31.450,MODERATE,yolo11n_640_5-class_04-01-2026_saved_model/yolo11n_640_5-class_04-01-2026_float16.tflite,GPU_SUPPORTED,1,0.425,0.397,0.076,-0.001,0
2026-04-07 00:27:35,10,98.199,102.179,55.832,0,0,GPU,31.512,MODERATE,yolo11n_640_5-class_04-01-2026_saved_model/yolo11n_640_5-class_04-01-2026_float16.tflite,GPU_SUPPORTED,0,,,,,0
2026-04-07 00:27:36,11,95.644,99.965,54.715,0,0,GPU,19.715,MODERATE,yolo11n_640_5-class_04-01-2026_saved_model/yolo11n_640_5-class_04-01-2026_float16.tflite,GPU_SUPPORTED,1,0.680,0.339,0.000,0.000,8
2026-04-07 00:27:37,11,88.975,92.200,53.619,0,0,GPU,34.223,MODERATE,yolo11n_640_5-class_04-01-2026_saved_model/yolo11n_640_5-class_04-01-2026_float16.tflite,GPU_SUPPORTED,1,0.629,0.530,-0.017,-0.023,0
2026-04-07 00:27:38,10,95.245,99.806,54.322,0,0,GPU,44.906,MODERATE,yolo11n_640_5-class_04-01-2026_saved_model/yolo11n_640_5-class_04-01-2026_float16.tflite,GPU_SUPPORTED,1,0.260,0.379,-0.549,0.085,0
2026-04-07 00:27:39,10,95.094,102.199,52.684,0,0,GPU,17.992,MODERATE,yolo11n_640_5-class_04-01-2026_saved_model/yolo11n_640_5-class_04-01-2026_float16.tflite,GPU_SUPPORTED,1,0.163,0.569,0.010,0.115,0
2026-04-07 00:27:40,10,97.862,101.130,55.640,0,0,GPU,17.992,MODERATE,yolo11n_640_5-class_04-01-2026_saved_model/yolo11n_640_5-class_04-01-2026_float16.tflite,GPU_SUPPORTED,1,0.462,0.130,0.307,-0.054,0
2026-04-07 00:27:41,10,101.130,107.351,54.252,0,0,GPU,17.805,MODERATE,yolo11n_640_5-class_04-01-2026_saved_model/yolo11n_640_5-class_04-01-2026_float16.tflite,GPU_SUPPORTED,1,0.632,0.512,0.159,0.361,5
2026-04-07 00:27:42,10,98.398,103.197,55.268,0,0,GPU,17.774,MODERATE,yolo11n_640_5-class_04-01-2026_saved_model/yolo11n_640_5-class_04-01-2026_float16.tflite,GPU_SUPPORTED,0,,,,,0
2026-04-07 00:27:43,10,98.051,103.513,56.866,0,0,GPU,17.899,MODERATE,yolo11n_640_5-class_04-01-2026_saved_model/yolo11n_640_5-class_04-01-2026_float16.tflite,GPU_SUPPORTED,1,0.614,0.379,0.197,0.096,1
2026-04-07 00:27:44,10,97.038,101.322,54.867,0,0,GPU,30.274,MODERATE,yolo11n_640_5-class_04-01-2026_saved_model/yolo11n_640_5-class_04-01-2026_float16.tflite,GPU_SUPPORTED,1,0.401,0.344,-0.420,-0.038,0
2026-04-07 00:27:45,10,100.982,106.400,58.082,0,0,GPU,26.758,MODERATE,yolo11n_640_5-class_04-01-2026_saved_model/yolo11n_640_5-class_04-01-2026_float16.tflite,GPU_SUPPORTED,1,0.165,0.572,-0.054,0.122,0
2026-04-07 00:27:46,10,98.655,105.493,54.677,0,0,GPU,40.122,MODERATE,yolo11n_640_5-class_04-01-2026_saved_model/yolo11n_640_5-class_04-01-2026_float16.tflite,GPU_SUPPORTED,1,0.463,0.147,0.337,-0.106,0
2026-04-07 00:27:47,10,97.605,99.507,54.900,0,0,GPU,43.793,MODERATE,yolo11n_640_5-class_04-01-2026_saved_model/yolo11n_640_5-class_04-01-2026_float16.tflite,GPU_SUPPORTED,1,0.569,0.290,0.032,-0.120,0
2026-04-07 00:27:48,11,90.567,97.007,51.895,0,0,GPU,31.450,MODERATE,yolo11n_640_5-class_04-01-2026_saved_model/yolo11n_640_5-class_04-01-2026_float16.tflite,GPU_SUPPORTED,1,0.598,0.595,0.144,-0.023,0
2026-04-07 00:27:49,11,90.211,94.495,57.244,0,0,GPU,33.047,MODERATE,yolo11n_640_5-class_04-01-2026_saved_model/yolo11n_640_5-class_04-01-2026_float16.tflite,GPU_SUPPORTED,1,0.791,0.294,0.185,-0.253,8
2026-04-07 00:27:50,10,93.683,98.952,54.933,0,0,GPU,16.805,MODERATE,yolo11n_640_5-class_04-01-2026_saved_model/yolo11n_640_5-class_04-01-2026_float16.tflite,GPU_SUPPORTED,1,0.180,0.519,-0.180,0.207,0
2026-04-07 00:27:51,11,88.862,94.691,56.613,0,1,GPU,16.692,MODERATE,yolo11n_640_5-class_04-01-2026_saved_model/yolo11n_640_5-class_04-01-2026_float16.tflite,GPU_SUPPORTED,1,0.355,0.146,0.456,-0.541,0
2026-04-07 00:27:52,11,87.030,89.758,55.489,0,0,GPU,18.024,MODERATE,yolo11n_640_5-class_04-01-2026_saved_model/yolo11n_640_5-class_04-01-2026_float16.tflite,GPU_SUPPORTED,1,0.589,0.398,0.156,0.403,2
2026-04-07 00:27:53,11,88.661,93.463,52.220,0,0,GPU,31.450,MODERATE,yolo11n_640_5-class_04-01-2026_saved_model/yolo11n_640_5-class_04-01-2026_float16.tflite,GPU_SUPPORTED,1,0.595,0.699,0.012,0.296,6
2026-04-07 00:27:54,11,94.635,103.043,53.904,0,0,GPU,26.793,MODERATE,yolo11n_640_5-class_04-01-2026_saved_model/yolo11n_640_5-class_04-01-2026_float16.tflite,GPU_SUPPORTED,1,0.577,0.334,-0.476,-0.521,0
2026-04-07 00:27:55,10,98.623,103.048,59.957,0,0,GPU,26.758,MODERATE,yolo11n_640_5-class_04-01-2026_saved_model/yolo11n_640_5-class_04-01-2026_float16.tflite,GPU_SUPPORTED,1,0.129,0.498,-0.130,0.205,0
2026-04-07 00:27:56,10,98.965,104.331,52.295,0,0,GPU,26.758,MODERATE,yolo11n_640_5-class_04-01-2026_saved_model/yolo11n_640_5-class_04-01-2026_float16.tflite,GPU_SUPPORTED,1,0.182,0.286,0.253,-0.720,0
2026-04-07 00:27:57,10,95.504,100.243,53.598,0,0,GPU,31.450,MODERATE,yolo11n_640_5-class_04-01-2026_saved_model/yolo11n_640_5-class_04-01-2026_float16.tflite,GPU_SUPPORTED,1,0.515,0.240,0.182,0.299,0
2026-04-07 00:27:58,10,99.173,101.598,52.988,0,0,GPU,31.449,MODERATE,yolo11n_640_5-class_04-01-2026_saved_model/yolo11n_640_5-class_04-01-2026_float16.tflite,GPU_SUPPORTED,1,0.638,0.384,0.130,0.205,1
2026-04-07 00:27:59,10,95.097,102.122,54.856,0,0,GPU,13.242,MODERATE,yolo11n_640_5-class_04-01-2026_saved_model/yolo11n_640_5-class_04-01-2026_float16.tflite,GPU_SUPPORTED,1,0.836,0.551,0.046,0.123,0
2026-04-07 00:28:00,10,96.905,98.250,54.427,0,0,GPU,31.453,MODERATE,yolo11n_640_5-class_04-01-2026_saved_model/yolo11n_640_5-class_04-01-2026_float16.tflite,GPU_SUPPORTED,1,0.274,0.494,-0.748,0.649,0
2026-04-07 00:28:01,10,97.154,100.313,60.195,0,0,GPU,31.481,MODERATE,yolo11n_640_5-class_04-01-2026_saved_model/yolo11n_640_5-class_04-01-2026_float16.tflite,GPU_SUPPORTED,1,0.135,0.622,-0.028,0.083,1
2026-04-07 00:28:02,11,95.299,102.539,51.773,0,0,GPU,14.992,MODERATE,yolo11n_640_5-class_04-01-2026_saved_model/yolo11n_640_5-class_04-01-2026_float16.tflite,GPU_SUPPORTED,1,0.518,0.252,0.270,0.411,0
2026-04-07 00:28:03,10,97.424,105.369,54.635,0,0,GPU,25.582,MODERATE,yolo11n_640_5-class_04-01-2026_saved_model/yolo11n_640_5-class_04-01-2026_float16.tflite,GPU_SUPPORTED,1,0.623,0.322,0.108,-0.009,0
2026-04-07 00:28:04,10,98.583,103.154,54.574,0,0,GPU,22.071,MODERATE,yolo11n_640_5-class_04-01-2026_saved_model/yolo11n_640_5-class_04-01-2026_float16.tflite,GPU_SUPPORTED,1,0.915,0.613,0.239,-0.083,1
2026-04-07 00:28:05,10,97.666,100.964,55.438,0,0,GPU,40.153,MODERATE,yolo11n_640_5-class_04-01-2026_saved_model/yolo11n_640_5-class_04-01-2026_float16.tflite,GPU_SUPPORTED,1,0.264,0.487,-0.693,0.495,0
2026-04-07 00:28:06,10,98.101,101.398,54.155,0,0,GPU,44.875,MODERATE,yolo11n_640_5-class_04-01-2026_saved_model/yolo11n_640_5-class_04-01-2026_float16.tflite,GPU_SUPPORTED,1,0.148,0.605,0.011,0.011,0
2026-04-07 00:28:07,10,100.330,102.578,54.601,0,0,GPU,33.110,MODERATE,yolo11n_640_5-class_04-01-2026_saved_model/yolo11n_640_5-class_04-01-2026_float16.tflite,GPU_SUPPORTED,1,0.472,0.174,0.220,0.137,0
2026-04-07 00:28:08,10,98.728,103.045,55.230,0,0,GPU,33.047,MODERATE,yolo11n_640_5-class_04-01-2026_saved_model/yolo11n_640_5-class_04-01-2026_float16.tflite,GPU_SUPPORTED,1,0.578,0.255,0.051,-0.215,0
2026-04-07 00:28:09,10,97.302,103.014,54.795,0,0,GPU,33.082,MODERATE,yolo11n_640_5-class_04-01-2026_saved_model/yolo11n_640_5-class_04-01-2026_float16.tflite,GPU_SUPPORTED,1,0.895,0.608,0.208,0.269,0
2026-04-07 00:28:10,10,98.347,101.396,55.287,0,0,GPU,40.153,MODERATE,yolo11n_640_5-class_04-01-2026_saved_model/yolo11n_640_5-class_04-01-2026_float16.tflite,GPU_SUPPORTED,1,0.324,0.377,-0.842,0.244,0
2026-04-07 00:28:11,11,89.557,93.209,59.410,0,0,GPU,20.891,MODERATE,yolo11n_640_5-class_04-01-2026_saved_model/yolo11n_640_5-class_04-01-2026_float16.tflite,GPU_SUPPORTED,1,0.150,0.570,-0.020,0.025,0
2026-04-07 00:28:12,11,90.481,91.754,59.534,0,0,GPU,31.450,MODERATE,yolo11n_640_5-class_04-01-2026_saved_model/yolo11n_640_5-class_04-01-2026_float16.tflite,GPU_SUPPORTED,1,0.432,0.139,0.322,0.074,0
2026-04-07 00:28:13,10,95.221,101.922,54.630,0,0,GPU,40.090,MODERATE,yolo11n_640_5-class_04-01-2026_saved_model/yolo11n_640_5-class_04-01-2026_float16.tflite,GPU_SUPPORTED,1,0.568,0.461,0.109,0.363,3
2026-04-07 00:28:14,10,97.462,101.963,53.460,0,0,GPU,30.305,MODERATE,yolo11n_640_5-class_04-01-2026_saved_model/yolo11n_640_5-class_04-01-2026_float16.tflite,GPU_SUPPORTED,0,,,,,0
2026-04-07 00:28:15,10,94.209,99.122,55.461,0,0,GPU,18.055,MODERATE,yolo11n_640_5-class_04-01-2026_saved_model/yolo11n_640_5-class_04-01-2026_float16.tflite,GPU_SUPPORTED,1,0.796,0.601,-0.122,0.015,0
2026-04-07 00:28:16,12,87.526,92.735,54.395,0,0,GPU,31.481,MODERATE,yolo11n_640_5-class_04-01-2026_saved_model/yolo11n_640_5-class_04-01-2026_float16.tflite,GPU_SUPPORTED,1,0.158,0.518,-0.179,0.223,0
2026-04-07 00:28:17,11,89.585,93.172,53.413,0,0,GPU,16.879,MODERATE,yolo11n_640_5-class_04-01-2026_saved_model/yolo11n_640_5-class_04-01-2026_float16.tflite,GPU_SUPPORTED,1,0.148,0.436,0.049,-0.707,0
2026-04-07 00:28:18,10,96.808,104.247,53.782,0,0,GPU,18.055,MODERATE,yolo11n_640_5-class_04-01-2026_saved_model/yolo11n_640_5-class_04-01-2026_float16.tflite,GPU_SUPPORTED,1,0.483,0.237,0.188,0.223,0
2026-04-07 00:28:19,10,97.725,104.301,58.626,0,0,GPU,18.086,MODERATE,yolo11n_640_5-class_04-01-2026_saved_model/yolo11n_640_5-class_04-01-2026_float16.tflite,GPU_SUPPORTED,1,0.670,0.697,0.188,0.454,8
2026-04-07 00:28:20,10,97.816,105.106,54.127,0,0,GPU,19.684,MODERATE,yolo11n_640_5-class_04-01-2026_saved_model/yolo11n_640_5-class_04-01-2026_float16.tflite,GPU_SUPPORTED,1,0.615,0.551,0.010,0.124,1
2026-04-07 00:28:21,10,95.132,102.566,54.032,0,0,GPU,43.699,MODERATE,yolo11n_640_5-class_04-01-2026_saved_model/yolo11n_640_5-class_04-01-2026_float16.tflite,GPU_SUPPORTED,1,0.773,0.459,-0.323,-0.559,0
2026-04-07 00:28:22,11,94.022,102.728,53.380,0,0,GPU,31.450,MODERATE,yolo11n_640_5-class_04-01-2026_saved_model/yolo11n_640_5-class_04-01-2026_float16.tflite,GPU_SUPPORTED,1,0.107,0.571,-0.129,0.066,0
2026-04-07 00:28:23,10,91.990,97.859,54.677,0,0,GPU,31.481,MODERATE,yolo11n_640_5-class_04-01-2026_saved_model/yolo11n_640_5-class_04-01-2026_float16.tflite,GPU_SUPPORTED,1,0.219,0.256,0.434,-0.860,0
2026-04-07 00:28:24,11,93.561,99.123,54.730,0,0,GPU,26.758,MODERATE,yolo11n_640_5-class_04-01-2026_saved_model/yolo11n_640_5-class_04-01-2026_float16.tflite,GPU_SUPPORTED,1,0.531,0.325,0.162,0.410,0
2026-04-07 00:28:25,10,96.187,99.130,54.888,0,0,GPU,17.867,MODERATE,yolo11n_640_5-class_04-01-2026_saved_model/yolo11n_640_5-class_04-01-2026_float16.tflite,GPU_SUPPORTED,1,0.564,0.571,0.008,0.222,2
2026-04-07 00:28:26,10,99.052,102.621,54.782,0,0,GPU,17.836,MODERATE,yolo11n_640_5-class_04-01-2026_saved_model/yolo11n_640_5-class_04-01-2026_float16.tflite,GPU_SUPPORTED,1,0.602,0.544,0.030,0.024,2
2026-04-07 00:28:27,10,98.256,105.908,54.092,0,0,GPU,17.836,MODERATE,yolo11n_640_5-class_04-01-2026_saved_model/yolo11n_640_5-class_04-01-2026_float16.tflite,GPU_SUPPORTED,1,0.443,0.347,-1.175,0.104,0
2026-04-07 00:28:28,10,97.028,100.937,54.154,0,0,GPU,17.899,MODERATE,yolo11n_640_5-class_04-01-2026_saved_model/yolo11n_640_5-class_04-01-2026_float16.tflite,GPU_SUPPORTED,1,0.130,0.583,-0.019,0.059,0
2026-04-07 00:28:29,10,96.856,102.554,54.648,0,0,GPU,17.961,MODERATE,yolo11n_640_5-class_04-01-2026_saved_model/yolo11n_640_5-class_04-01-2026_float16.tflite,GPU_SUPPORTED,1,0.400,0.106,0.320,-0.168,0
2026-04-07 00:28:30,11,92.651,99.593,55.013,0,0,GPU,22.488,MODERATE,yolo11n_640_5-class_04-01-2026_saved_model/yolo11n_640_5-class_04-01-2026_float16.tflite,GPU_SUPPORTED,1,0.611,0.386,0.193,0.105,0
2026-04-07 00:28:31,12,84.626,93.190,50.860,0,0,GPU,30.274,MODERATE,yolo11n_640_5-class_04-01-2026_saved_model/yolo11n_640_5-class_04-01-2026_float16.tflite,GPU_SUPPORTED,1,0.833,0.516,0.191,-0.371,0
2026-04-07 00:28:32,11,85.611,89.043,51.595,0,0,GPU,17.836,MODERATE,yolo11n_640_5-class_04-01-2026_saved_model/yolo11n_640_5-class_04-01-2026_float16.tflite,GPU_SUPPORTED,1,0.977,0.435,0.149,-0.069,7
2026-04-07 00:28:33,12,85.354,90.156,53.064,0,0,GPU,25.582,MODERATE,yolo11n_640_5-class_04-01-2026_saved_model/yolo11n_640_5-class_04-01-2026_float16.tflite,GPU_SUPPORTED,0,,,,,0
2026-04-07 00:28:34,11,87.263,92.001,54.306,0,0,GPU,27.180,MODERATE,yolo11n_640_5-class_04-01-2026_saved_model/yolo11n_640_5-class_04-01-2026_float16.tflite,GPU_SUPPORTED,1,0.816,0.393,-0.000,-0.008,0
2026-04-07 00:28:35,11,90.038,98.510,50.603,0,0,GPU,30.270,MODERATE,yolo11n_640_5-class_04-01-2026_saved_model/yolo11n_640_5-class_04-01-2026_float16.tflite,GPU_SUPPORTED,1,0.152,0.545,-0.153,0.113,0
2026-04-07 00:28:36,11,91.230,95.643,56.945,0,0,GPU,26.789,MODERATE,yolo11n_640_5-class_04-01-2026_saved_model/yolo11n_640_5-class_04-01-2026_float16.tflite,GPU_SUPPORTED,1,0.333,0.128,0.515,-0.718,0
2026-04-07 00:28:37,11,91.880,96.923,52.292,0,0,GPU,19.684,MODERATE,yolo11n_640_5-class_04-01-2026_saved_model/yolo11n_640_5-class_04-01-2026_float16.tflite,GPU_SUPPORTED,1,0.550,0.362,0.121,0.469,0
2026-04-07 00:28:38,10,94.195,102.078,52.676,0,0,GPU,30.274,MODERATE,yolo11n_640_5-class_04-01-2026_saved_model/yolo11n_640_5-class_04-01-2026_float16.tflite,GPU_SUPPORTED,1,0.363,0.602,-0.031,-0.002,0
2026-04-07 00:28:39,11,92.270,97.222,52.526,0,0,GPU,38.946,SEVERE,yolo11n_640_5-class_04-01-2026_saved_model/yolo11n_640_5-class_04-01-2026_float16.tflite,GPU_SUPPORTED,1,0.057,0.585,-0.095,0.311,0
2026-04-07 00:28:40,11,91.494,100.724,52.121,0,0,GPU,33.079,SEVERE,yolo11n_640_5-class_04-01-2026_saved_model/yolo11n_640_5-class_04-01-2026_float16.tflite,GPU_SUPPORTED,1,0.286,0.203,0.351,-0.109,0
2026-04-07 00:28:41,10,97.781,101.211,54.017,0,0,GPU,31.481,SEVERE,yolo11n_640_5-class_04-01-2026_saved_model/yolo11n_640_5-class_04-01-2026_float16.tflite,GPU_SUPPORTED,1,0.466,0.547,0.160,0.421,4
2026-04-07 00:28:42,12,83.485,89.716,51.723,0,0,GPU,33.047,SEVERE,yolo11n_640_5-class_04-01-2026_saved_model/yolo11n_640_5-class_04-01-2026_float16.tflite,GPU_SUPPORTED,1,0.342,0.553,-0.153,-0.361,0
2026-04-07 00:28:43,10,96.826,104.756,54.416,0,0,GPU,40.094,SEVERE,yolo11n_640_5-class_04-01-2026_saved_model/yolo11n_640_5-class_04-01-2026_float16.tflite,GPU_SUPPORTED,1,0.055,0.618,-0.068,0.276,0
2026-04-07 00:28:44,10,99.109,100.987,55.074,0,0,GPU,38.946,SEVERE,yolo11n_640_5-class_04-01-2026_saved_model/yolo11n_640_5-class_04-01-2026_float16.tflite,GPU_SUPPORTED,1,0.301,0.212,0.224,-0.016,0
2026-04-07 00:28:45,10,99.151,103.235,53.829,0,0,GPU,22.067,SEVERE,yolo11n_640_5-class_04-01-2026_saved_model/yolo11n_640_5-class_04-01-2026_float16.tflite,GPU_SUPPORTED,1,0.383,0.401,-0.045,-0.025,0
2026-04-07 00:28:46,10,97.625,102.744,53.808,0,0,GPU,40.153,SEVERE,yolo11n_640_5-class_04-01-2026_saved_model/yolo11n_640_5-class_04-01-2026_float16.tflite,GPU_SUPPORTED,1,0.330,0.622,-0.028,0.047,0
2026-04-07 00:28:47,10,96.633,102.260,50.925,0,0,GPU,17.930,SEVERE,yolo11n_640_5-class_04-01-2026_saved_model/yolo11n_640_5-class_04-01-2026_float16.tflite,GPU_SUPPORTED,1,0.000,0.416,-0.420,-0.162,5
2026-04-07 00:28:48,10,93.881,98.944,55.679,0,0,GPU,18.414,SEVERE,yolo11n_640_5-class_04-01-2026_saved_model/yolo11n_640_5-class_04-01-2026_float16.tflite,GPU_SUPPORTED,1,0.224,0.252,0.438,-0.585,0
2026-04-07 00:28:49,11,96.523,100.571,53.434,0,0,GPU,16.199,SEVERE,yolo11n_640_5-class_04-01-2026_saved_model/yolo11n_640_5-class_04-01-2026_float16.tflite,GPU_SUPPORTED,1,0.454,0.452,0.187,0.321,4
2026-04-07 00:28:50,10,98.854,106.388,52.022,0,0,GPU,16.203,SEVERE,yolo11n_640_5-class_04-01-2026_saved_model/yolo11n_640_5-class_04-01-2026_float16.tflite,GPU_SUPPORTED,1,0.400,0.551,-0.040,0.359,0
2026-04-07 00:28:51,10,98.569,100.685,53.825,0,0,GPU,20.891,SEVERE,yolo11n_640_5-class_04-01-2026_saved_model/yolo11n_640_5-class_04-01-2026_float16.tflite,GPU_SUPPORTED,1,0.391,0.575,-0.063,-0.222,0
2026-04-07 00:28:52,10,98.180,101.713,54.670,0,0,GPU,33.078,SEVERE,yolo11n_640_5-class_04-01-2026_saved_model/yolo11n_640_5-class_04-01-2026_float16.tflite,GPU_SUPPORTED,1,0.051,0.619,-0.128,0.329,0
2026-04-07 00:28:53,10,97.183,104.132,55.560,0,0,GPU,38.914,SEVERE,yolo11n_640_5-class_04-01-2026_saved_model/yolo11n_640_5-class_04-01-2026_float16.tflite,GPU_SUPPORTED,1,0.307,0.184,0.282,-0.079,0
2026-04-07 00:28:54,10,98.993,106.688,53.928,0,1,GPU,43.727,SEVERE,yolo11n_640_5-class_04-01-2026_saved_model/yolo11n_640_5-class_04-01-2026_float16.tflite,GPU_SUPPORTED,1,0.480,0.573,0.149,0.446,4
2026-04-07 00:28:55,10,95.464,107.211,54.322,0,0,GPU,31.453,SEVERE,yolo11n_640_5-class_04-01-2026_saved_model/yolo11n_640_5-class_04-01-2026_float16.tflite,GPU_SUPPORTED,0,,,,,0
2026-04-07 00:28:56,10,95.937,101.340,51.210,0,0,GPU,13.270,SEVERE,yolo11n_640_5-class_04-01-2026_saved_model/yolo11n_640_5-class_04-01-2026_float16.tflite,GPU_SUPPORTED,1,0.246,0.831,-0.052,-0.013,4
2026-04-07 00:28:57,11,90.555,94.886,54.855,0,1,GPU,18.063,SEVERE,yolo11n_640_5-class_04-01-2026_saved_model/yolo11n_640_5-class_04-01-2026_float16.tflite,GPU_SUPPORTED,1,0.416,0.413,0.071,0.099,0
2026-04-07 00:28:58,11,90.354,98.027,56.114,0,0,GPU,31.481,SEVERE,yolo11n_640_5-class_04-01-2026_saved_model/yolo11n_640_5-class_04-01-2026_float16.tflite,GPU_SUPPORTED,1,0.478,0.203,0.061,-0.202,9
2026-04-07 00:28:59,8,94.402,103.435,35.600,0,0,GPU,17.985,SEVERE,yolo11n_640_5-class_04-01-2026_saved_model/yolo11n_640_5-class_04-01-2026_float16.tflite,GPU_SUPPORTED,1,0.596,0.663,0.000,0.000,0
2026-04-07 00:29:00,3,187.240,161.912,28.798,0,0,GPU,18.102,SEVERE,yolo11n_640_5-class_04-01-2026_saved_model/yolo11n_640_5-class_04-01-2026_float16.tflite,GPU_SUPPORTED,1,0.596,0.663,0.000,0.000,3
2026-04-07 00:29:01,0,0.000,0.000,28.798,0,0,GPU,18.133,SEVERE,yolo11n_640_5-class_04-01-2026_saved_model/yolo11n_640_5-class_04-01-2026_float16.tflite,GPU_SUPPORTED,1,0.596,0.663,0.000,0.000,3
2026-04-07 00:29:31,0,0.000,0.000,28.798,0,0,GPU,18.164,SEVERE,yolo11n_640_5-class_04-01-2026_saved_model/yolo11n_640_5-class_04-01-2026_float16.tflite,GPU_SUPPORTED,1,0.596,0.663,0.000,0.000,3
2026-04-07 00:29:59,0,0.000,0.000,28.798,0,0,GPU,18.164,MODERATE,yolo11n_640_5-class_04-01-2026_saved_model/yolo11n_640_5-class_04-01-2026_float16.tflite,GPU_SUPPORTED,1,0.596,0.663,0.000,0.000,3
2026-04-07 00:30:11,0,0.000,0.000,28.798,0,0,GPU,18.196,MODERATE,yolo11n_640_5-class_04-01-2026_saved_model/yolo11n_640_5-class_04-01-2026_float16.tflite,GPU_SUPPORTED,1,0.596,0.663,0.000,0.000,3
2026-04-07 00:31:43,0,0.000,0.000,28.798,0,0,GPU,18.196,LIGHT,yolo11n_640_5-class_04-01-2026_saved_model/yolo11n_640_5-class_04-01-2026_float16.tflite,GPU_SUPPORTED,1,0.596,0.663,0.000,0.000,3
2026-04-07 00:31:44,0,0.000,0.000,28.798,0,0,GPU,18.227,LIGHT,yolo11n_640_5-class_04-01-2026_saved_model/yolo11n_640_5-class_04-01-2026_float16.tflite,GPU_SUPPORTED,1,0.596,0.663,0.000,0.000,3
